tc_true,t1,t2,dt,observations,tc_predicted,tc_days_after_t2,global_tc_upper_date,check_pass,RMSE,A,B,C1,C2,C,m,omega,phi,optimizer_success
2007-06-01,2006-03-15,2006-09-11,125,126,2007-03-26,196,2008-10-05,True,0.015132350508963272,5.782495294285282,-2.2223771293568134e-05,-8.324336794488016e-05,-0.00022560694790527215,0.00024047443367214503,0.9,12.552468463475742,-1.9242745438478792,True
2007-06-01,2006-03-01,2006-09-11,135,136,2007-04-06,207,2008-10-05,True,0.014677412909231208,5.780727099130924,-9.667500171398637e-06,0.0001017923309505281,0.00020734160867441184,0.0002309809977639606,0.9,13.0,1.1144227901539705,True
2007-06-01,2006-02-15,2006-09-11,145,146,2007-04-12,213,2008-10-05,False,0.014725975636823601,5.745214995786455,0.0030851713453448103,0.00044822610191288,0.003213201469552474,0.0032443135363848844,0.42658924858795305,13.0,1.432195540045078,True
2007-06-01,2006-02-01,2006-09-11,155,156,2007-04-10,211,2008-10-05,False,0.014348516132146166,5.592149818636576,0.09238526865737055,0.005232841266940083,0.017161408830601892,0.017941476549494236,0.12517737146457886,12.986651111697238,1.274832732413908,True
2007-06-01,2006-01-18,2006-09-11,165,166,2007-04-11,212,2008-10-05,False,0.014156668640092645,5.736970457126536,0.0051009903468769305,0.0023557147976573916,0.0036114692742167396,0.004311856041951492,0.3760833563248759,12.92501558654136,0.9928149872031083,True
2007-06-01,2006-01-04,2006-09-11,175,176,2007-04-10,211,2008-10-05,False,0.013869735807819479,5.6441818492499305,0.05308818449132298,0.0030583899379643086,0.013952880156566878,0.014284138534618008,0.1656377005235579,13.0,1.355014783267593,True
2007-06-01,2005-12-20,2006-09-11,185,186,2007-04-08,209,2008-10-05,False,0.01371259343201716,5.743202895234437,0.0044588048412882155,0.0029842991179710883,-0.0031828447236364483,0.00436308855746745,0.373762232751058,12.634254082557597,-0.817581141215372,True
2007-06-01,2005-12-06,2006-09-11,195,196,2007-01-24,135,2008-10-05,False,0.013624679901087108,5.778293718829914,0.00014898317265523431,-0.002914094625513553,0.001084782288467709,0.0031094533442102353,0.45634412725635853,9.338309319960835,2.785231935309574,True
2007-06-01,2005-11-22,2006-09-11,205,206,2006-12-24,104,2008-10-05,True,0.013720252583528873,5.793051718280614,-0.0008268143578723273,0.002130645639730291,-0.0007266836949481364,0.002251159708817919,0.5307887929855926,7.832220251084147,-0.32869075455091445,True
2007-06-01,2005-11-08,2006-09-11,215,216,2006-11-24,74,2008-10-05,True,0.013738194881322814,5.801519926411215,-0.0013131233680673457,-0.0014316739920760156,-0.0015821497249493537,0.0021337497912698646,0.5597521706819287,6.484374440001986,-2.3063074046978103,True
2007-06-01,2005-10-25,2006-09-11,225,226,2006-11-19,69,2008-10-05,True,0.014778502756126646,5.807316230700074,-0.0008943871892166337,0.0003196457188781011,0.0010920565345364196,0.001137875590836183,0.6854859659876176,6.0,1.2860495118378024,True
2007-06-01,2005-10-11,2006-09-11,235,236,2006-11-25,75,2008-10-05,True,0.0150766890976829,5.810930636865471,-0.0006272218342031976,4.7175431611862375e-05,0.0007076524968630813,0.0007092232213233847,0.7708440853232742,6.0,1.504230134765305,True
2007-06-01,2005-09-27,2006-09-11,245,246,2006-11-20,70,2008-10-05,True,0.015160541087878758,5.807096701753011,-0.0007353115860828405,0.00023405333643851674,0.0009129086607072512,0.0009424347123765702,0.7216701163081151,6.0,1.3198201657352444,True
2007-06-01,2005-09-13,2006-09-11,255,256,2006-11-21,71,2008-10-05,True,0.014913991657673055,5.807656624766427,-0.0007351030503245948,0.00021057303969731434,0.000899569104370312,0.000923886128581316,0.724804127612555,6.0,1.34085439046105,True
2007-06-01,2005-08-30,2006-09-11,265,266,2006-11-25,75,2008-10-05,True,0.015171630513595212,5.812495455336291,-0.0007910724857667777,6.332475724244225e-05,0.0008515346854018098,0.0008538860259555566,0.7348040200070132,6.0,1.4965675127883036,True
2007-06-01,2005-08-16,2006-09-11,275,276,2006-12-02,82,2008-10-05,True,0.015572821659800383,5.820492087305423,-0.0009417849567911433,-0.00011805112395151698,0.0008213121686322595,0.0008297528223571412,0.7338042083847768,6.0,1.7135533600197825,True
2007-06-01,2005-08-02,2006-09-11,285,286,2006-12-08,88,2008-10-05,True,0.015608339888677525,5.828081123898119,-0.0011882901176051043,-0.00026225942918899005,0.0008577120839633796,0.0008969113820079097,0.7153620163160436,6.0,1.8675348505419807,True
2007-06-01,2005-07-19,2006-09-11,295,296,2006-12-17,97,2008-10-05,True,0.01608265000833953,5.846947800074859,-0.002161743016333972,-0.0006532372016578746,0.0010282264068976054,0.0012181824105902083,0.6538055531258589,6.0,2.1367715611911184,True
2007-06-01,2005-07-05,2006-09-11,305,306,2006-12-31,111,2008-10-05,True,0.01681002377038531,5.890626479517605,-0.006502019339694459,-0.0018857201681053023,0.0014251170853806935,0.002363662255789319,0.5302925495900825,6.0,2.4944270674350135,True
2007-06-01,2005-06-21,2006-09-11,315,316,2007-01-16,127,2008-10-05,True,0.01738657015646171,6.007594749074607,-0.03450564743523346,-0.006433823265584858,0.0016217940812063092,0.00663508084763229,0.3469385540352312,6.0,2.894663746589431,True
2007-06-01,2005-06-07,2006-09-11,325,326,2007-02-03,145,2008-10-05,True,0.017887178140964778,6.715922232208383,-0.5011265207247013,-0.02544638017692112,-0.004872491085713679,0.025908674869409346,0.11299652448098652,6.0,-2.9524019717821743,True
2007-06-01,2005-05-24,2006-09-11,335,336,2007-02-17,159,2008-10-05,True,0.01901665821653848,6.987101591636602,-0.6904068590568597,-0.02409646733885787,-0.013792087655743586,0.027764391225387215,0.1,6.0,-2.621737364756358,True
2007-06-01,2005-05-10,2006-09-11,345,346,2007-03-09,179,2008-10-05,True,0.020750821679906974,7.195493865253266,-0.803198466186881,-0.015289573299122922,-0.022969366345501514,0.027592804170346843,0.1,6.0,-2.158095194083311,True
2007-06-01,2005-04-26,2006-09-11,355,356,2007-03-31,201,2008-10-05,True,0.021725917658120906,7.41047617071853,-0.918182694760481,-0.0037194745423455022,-0.027399431794521673,0.027650738752044247,0.1,6.0,-1.70572161735302,True
2007-06-01,2005-04-12,2006-09-11,365,366,2007-04-12,213,2008-10-05,True,0.021794318964202728,7.523790706366639,-0.9781789822926702,0.002680262373970149,-0.027593143486066285,0.027723011629979206,0.1,6.0,-1.4739650197305152,True
2007-06-01,2005-03-29,2006-09-11,375,376,2007-04-12,213,2008-10-05,True,0.021528522691637447,7.525346208783441,-0.9790958477895522,0.0026572464997637324,-0.02762709045291112,0.027754586753433015,0.1,6.0,-1.4749086495327195,True
2007-06-01,2005-03-11,2006-09-11,385,386,2007-04-15,216,2008-10-05,True,0.021288302191731126,7.557018160867531,-0.9957415296645539,0.004490618059758367,-0.027367204933763156,0.027733185111797353,0.1,6.0,-1.4081580888030039,True
2007-06-01,2005-02-25,2006-09-11,395,396,2007-04-12,213,2008-10-05,True,0.02107952775661319,7.5262440597651095,-0.9795594875419452,0.0027113207950973245,-0.02764312090704449,0.02777576990715842,0.1,6.0,-1.4730260318193966,True
2007-06-01,2005-02-11,2006-09-11,405,406,2007-04-10,211,2008-10-05,True,0.02084848942226704,7.5122760759834355,-0.972248785404485,0.0018400130231100292,-0.02776387830431651,0.027824783672512378,0.1,6.0,-1.5046194698766413,True
2007-06-01,2005-01-28,2006-09-11,415,416,2007-04-14,215,2008-10-05,True,0.02074848828338718,7.5451438516246006,-0.9894583377799957,0.0038618531219558605,-0.02741564745826791,0.027686307718646632,0.1,6.0,-1.430853976227524,True
2007-06-01,2005-01-14,2006-09-11,425,426,2007-04-25,226,2008-10-05,True,0.021059184325268387,7.627409425121245,-1.032315892279664,0.008748169480346395,-0.025900344960227834,0.02733785540812709,0.1,6.0,-1.2450646870298825,True
2007-06-01,2004-12-30,2006-09-11,435,436,2007-05-06,237,2008-10-05,True,0.021325543349697343,7.708619810898796,-1.0743139288803116,0.013201567152448027,-0.023559091426783696,0.027005780198619475,0.1,6.0,-1.0600341627445724,True
2007-06-01,2004-12-15,2006-09-11,445,446,2007-05-19,250,2008-10-05,True,0.021598742073124195,7.797681118017312,-1.1199527384343066,0.01752791368611406,-0.020070570206479676,0.026646867481959192,0.1,6.0,-0.8529219224380791,True
2007-06-01,2004-12-01,2006-09-11,455,456,2007-06-01,263,2008-10-05,True,0.02179407340472519,7.880860384700913,-1.1622930704384646,0.020812022880225545,-0.016157917595433252,0.02634802833966601,0.1,6.0,-0.6601680363330285,True
2007-06-01,2004-11-17,2006-09-11,465,466,2007-06-15,277,2008-10-05,True,0.02195968174206579,7.965725501466262,-1.2050604416765387,0.023381578234854178,-0.01154753003758241,0.026077646571757096,0.1,6.0,-0.45873400103298884,True
2007-06-01,2004-11-03,2006-09-11,475,476,2007-06-28,290,2008-10-05,True,0.022046565017044415,8.039441653703506,-1.2420491598875292,0.024811033824622408,-0.007327972759034074,0.025870573712302995,0.1,6.0,-0.28718655605148297,True
2007-06-01,2004-10-20,2006-09-11,485,486,2007-07-25,317,2008-10-05,True,0.02275273775816504,8.18414606786938,-1.3136688137124641,0.02555233900715212,0.0015501693088723068,0.025599317444467095,0.1,6.0,0.060592172827902406,True
2007-06-01,2004-10-06,2006-09-11,495,496,2007-08-15,338,2008-10-05,True,0.022870976647870477,8.281682071955599,-1.3613214890861784,0.024410595984112854,0.007516623591431085,0.02554166843639712,0.1,6.0,0.29871114186486736,True
2007-06-01,2004-09-22,2006-09-11,505,506,2007-09-08,362,2008-10-05,True,0.022968069747698362,8.384304563330398,-1.4106733082343037,0.021670693841350175,0.01362209430063338,0.025596492429645137,0.1,6.0,0.5611804569756799,True
2007-06-01,2004-09-08,2006-09-11,515,516,2007-09-28,382,2008-10-05,True,0.022939626525090212,8.466030260672913,-1.4497564466756039,0.01851842945929752,0.017823382578649804,0.025702241073180674,0.1,6.0,0.7662752271298484,True
2007-06-01,2004-08-25,2006-09-11,525,526,2007-10-28,412,2008-10-05,True,0.023064707116700396,8.578421647104687,-1.5028708556321668,0.012832761018682637,0.022584262608319597,0.025975539896682866,0.1,6.0,1.0540746236294625,True
2007-06-01,2004-08-11,2006-09-11,535,536,2008-02-25,532,2008-10-05,True,0.023698609022829255,8.820844738678478,-1.6070879427606568,-0.011881407624671436,0.02650285850837869,0.02904426546254426,0.1,6.0,1.9922411668902429,True
2007-06-01,2004-07-28,2006-09-11,545,546,2008-06-16,644,2008-10-05,True,0.02366983159804212,8.818850530734627,-1.5894954664821552,-0.030810798446180565,0.01467092409372639,0.034125376403126226,0.1,6.0,2.69719685007741,True
2007-06-01,2004-07-14,2006-09-11,555,556,2008-05-06,603,2008-10-05,True,0.023493712475944957,8.908809428013864,-1.6408640713491962,-0.02489144280214578,0.019474187643614693,0.03160423878455563,0.1,6.0,2.477697789571376,True
2007-06-01,2004-06-30,2006-09-11,565,566,2008-04-16,583,2008-10-05,True,0.02335593333264931,8.865355400702912,-1.6216876658139407,-0.02162104363498002,0.02230491329495593,0.031064106054435426,0.1,6.0,2.3406270566576324,True
2007-06-01,2004-06-16,2006-09-11,575,576,2008-02-18,525,2008-10-05,True,0.023440323745465175,8.791384836934993,-1.5931705486090662,-0.010373551233889167,0.027228495838625577,0.029137631180934626,0.1,6.0,1.9348006491214662,True
2007-06-01,2004-06-02,2006-09-11,585,586,2008-01-06,482,2008-10-05,True,0.023341933999473558,8.751141788061181,-1.5797380959168212,-0.0017885252297384358,0.027687716696893544,0.02774542265644639,0.1,6.0,1.6353030467472711,True
2007-06-01,2004-05-18,2006-09-11,595,596,2007-12-23,468,2008-10-05,True,0.02316268386546076,8.754669798289797,-1.5840736310329413,0.0007066155391228512,0.02714263473918882,0.02715183098991944,0.1,6.0,1.5447687883042687,True
2007-06-01,2004-05-04,2006-09-11,605,606,2007-12-21,466,2008-10-05,True,0.023065639975213173,8.749064150301308,-1.5815614798481652,0.001165323316536515,0.027107942614663455,0.027132978664937447,0.1,6.0,1.5278345169495853,True
2007-06-01,2006-03-22,2006-09-18,125,126,2007-04-16,210,2008-10-05,True,0.015448969323743499,5.794554362331221,-8.560811313896709e-05,1.1219432086769544e-05,0.00022750731506616836,0.0002277837879765951,0.9,13.0,1.521521645781901,True
2007-06-01,2006-03-08,2006-09-18,135,136,2007-04-16,210,2008-10-05,True,0.014946149778686442,5.794931549460136,-8.796617945053576e-05,1.1288735783518009e-05,0.00022808739737552636,0.00022836658336352838,0.9,13.0,1.52134365225303,True
2007-06-01,2006-02-22,2006-09-18,145,146,2007-04-22,216,2008-10-05,True,0.014859836695821686,5.79094640734722,-5.88617452361318e-05,-6.6200000661682124e-06,0.00021827841111832783,0.0002183787745208261,0.9,12.964510242357104,1.6011152733866165,True
2007-06-01,2006-02-08,2006-09-18,155,156,2007-04-25,219,2008-10-05,False,0.014571290787313578,5.77826986142475,0.00012226282647871098,-0.00027913693446666706,0.001462992664389148,0.0014893840888904066,0.5605701767347022,12.969596550623763,1.7593289236367837,True
2007-06-01,2006-01-25,2006-09-18,165,166,2007-04-26,220,2008-10-05,False,0.014281237184249491,5.754269417017566,0.004688450966572918,-0.0025662407541429655,0.0057707940608510665,0.006315667478657992,0.3067602104847929,13.0,1.9892295004757898,True
2007-06-01,2006-01-11,2006-09-18,175,176,2007-04-25,219,2008-10-05,False,0.014137360743526312,5.753700033712629,0.0048175817769942645,-0.002346470131475482,0.005930699756863344,0.006378018633083906,0.305508356649535,13.0,1.947545451258378,True
2007-06-01,2005-12-28,2006-09-18,185,186,2007-04-25,219,2008-10-05,False,0.013874773831180104,5.74487139764958,0.00817232545461093,-0.0029321160737635172,0.007651195792047391,0.008193784334376033,0.26159952544496884,13.0,1.9367568544349199,True
2007-06-01,2005-12-13,2006-09-18,195,196,2007-04-23,217,2008-10-05,False,0.013753697846570784,5.777463000327246,0.00030345923479336233,0.0026895378970019346,4.548488052597214e-05,0.0026899224847132773,0.4552812746126691,12.675900472589193,0.016910170690698858,True
2007-06-01,2005-11-29,2006-09-18,205,206,2007-02-16,151,2008-10-05,True,0.013758978545990033,5.795772490921996,-0.0008433864666057395,0.002110012319372459,5.778000830285182e-05,0.00211080328720206,0.5188259919738238,9.816563634093457,0.027376888653222416,True
2007-06-01,2005-11-15,2006-09-18,215,216,2007-01-04,108,2008-10-05,True,0.013838226687210027,5.805922248633986,-0.0012130549791033334,0.0015819273456249444,0.0007504970429575691,0.001750925451960773,0.5729811177590267,7.902707502271491,0.4429745230803809,True
2007-06-01,2005-11-01,2006-09-18,225,226,2006-11-28,71,2008-10-05,True,0.013973673819514846,5.812306573567443,-0.0015885165750323725,-0.00174844407727948,-0.00039362371018211164,0.0017922043177582244,0.5916397898082353,6.341378728133201,-2.920156386720227,True
2007-06-01,2005-10-18,2006-09-18,235,236,2006-11-27,70,2008-10-05,True,0.015084631642211507,5.814679237073142,-0.0007634831597483719,8.021071847351104e-06,0.0007888727766857146,0.0007889135538127164,0.7501972103331483,6.0,1.560628913637446,True
2007-06-01,2005-10-04,2006-09-18,245,246,2006-11-26,69,2008-10-05,True,0.015049484756370668,5.813940582968328,-0.0008735903965408111,7.301324471013928e-05,0.0009224890444793731,0.0009253739628320917,0.7217494257851294,6.0,1.4918128919561513,True
2007-06-01,2005-09-20,2006-09-18,255,256,2006-11-23,66,2008-10-05,True,0.014998680619289809,5.812975938541633,-0.0010011922561957009,0.0001718185774748047,0.00108281394205973,0.001096361097761316,0.6915646869770241,6.0,1.4134304873991943,True
2007-06-01,2005-09-06,2006-09-18,265,266,2006-11-24,67,2008-10-05,True,0.014758110323279915,5.813607156930183,-0.0009874193771947997,0.0001360825921682969,0.0010505326714182407,0.0010593098534462844,0.6971840027737402,6.0,1.4419768970007714,True
2007-06-01,2005-08-23,2006-09-18,275,276,2006-12-01,74,2008-10-05,True,0.015439089851626826,5.818868885548462,-0.0009398691440440483,-7.463197811154691e-05,0.0008606364892069596,0.0008638663662345719,0.7282128636151812,6.0,1.6572971251203379,True
2007-06-01,2005-08-09,2006-09-18,285,286,2006-12-04,77,2008-10-05,True,0.015385001479257237,5.821888603496766,-0.0009478316159074959,-0.00015320486625151,0.000791479550413357,0.0008061709556698709,0.737327835819716,6.0,1.7619993897918107,True
2007-06-01,2005-07-26,2006-09-18,295,296,2006-12-10,83,2008-10-05,True,0.015665124186145126,5.828464044879833,-0.0010640752321609435,-0.00028437918225207223,0.0007296219414935328,0.0007830834545609743,0.7363109451369787,6.0,1.942446132021841,True
2007-06-01,2005-07-12,2006-09-18,305,306,2006-12-20,93,2008-10-05,True,0.01637196995935835,5.84197696276852,-0.0014878198319225426,-0.0005215643716945282,0.0006938967502419134,0.0008680565038160801,0.7091551990013987,6.0,2.215349725819333,True
2007-06-01,2005-06-28,2006-09-18,315,316,2007-01-04,108,2008-10-05,True,0.017234093332053963,5.871243771312695,-0.00320254571830192,-0.0011186516697652105,0.0007073281800485276,0.0013235160416705406,0.6259487912360114,6.0,2.577758094183669,True
2007-06-01,2005-06-14,2006-09-18,325,326,2007-01-19,123,2008-10-05,True,0.017769868970070372,5.931866770028876,-0.010698889074724998,-0.0027902271005949613,0.0005220722544527631,0.0028386487475142034,0.48769106955886876,6.0,2.95662395670916,True
2007-06-01,2005-05-31,2006-09-18,335,336,2007-02-09,144,2008-10-05,True,0.018547545745973004,6.165543250661048,-0.09004854984242164,-0.009949405471203165,-0.003141241191385513,0.010433506862645202,0.2623976981894739,6.0,-2.835775595782479,True
2007-06-01,2005-05-17,2006-09-18,345,346,2007-03-06,169,2008-10-05,True,0.0199835176773757,7.108574058515585,-0.7554389138492575,-0.01781777298398285,-0.020817495460990237,0.027401480824530238,0.1,6.0,-2.2787078679476576,True
2007-06-01,2005-05-03,2006-09-18,355,356,2007-03-26,189,2008-10-05,True,0.021150197352556764,7.3163447865270514,-0.8671659917606652,-0.007425911513893352,-0.026446110169802896,0.027468907967473442,0.1,6.0,-1.8445412399972199,True
2007-06-01,2005-04-19,2006-09-18,365,366,2007-04-15,209,2008-10-05,True,0.02177208089868738,7.518433711607112,-0.974714355489863,0.003438181971634785,-0.027478833823252696,0.027693093065889386,0.1,6.0,-1.4463220950621396,True
2007-06-01,2005-04-05,2006-09-18,375,376,2007-04-15,209,2008-10-05,True,0.021560542773352526,7.523763444142618,-0.9775613349057594,0.003689299870568069,-0.0274691885897832,0.027715830410003035,0.1,6.0,-1.4372884162323334,True
2007-06-01,2005-03-18,2006-09-18,385,386,2007-04-20,214,2008-10-05,True,0.021319121694182524,7.562986865735835,-0.9982320247520762,0.005830989820331978,-0.027093647400155824,0.027714006778681164,0.1,6.0,-1.3588135994084838,True
2007-06-01,2005-03-04,2006-09-18,395,396,2007-04-18,212,2008-10-05,True,0.021105170473278596,7.549689424009637,-0.9912332865135092,0.005101128481451667,-0.027256029824324013,0.02772927466719455,0.1,6.0,-1.3857807512118683,True
2007-06-01,2005-02-18,2006-09-18,405,406,2007-04-16,210,2008-10-05,True,0.020878015713937298,7.530925327690175,-0.9813914033331202,0.0040154988879661235,-0.027478855858121154,0.027770699497683824,0.1,6.0,-1.425692864652482,True
2007-06-01,2005-02-04,2006-09-18,415,416,2007-04-15,209,2008-10-05,True,0.020650543706345555,7.523338672691025,-0.977379577692548,0.0036019500237960134,-0.027549362649370496,0.027783833903197275,0.1,6.0,-1.440788466832453,True
2007-06-01,2005-01-21,2006-09-18,425,426,2007-04-23,217,2008-10-05,True,0.020827578793314233,7.590826388032372,-1.0127417515081794,0.00746393887844294,-0.026486025801412072,0.02751762973684685,0.1,6.0,-1.2961130811292125,True
2007-06-01,2005-01-07,2006-09-18,435,436,2007-05-04,228,2008-10-05,True,0.02110533380632545,7.673541770970768,-1.055723099969994,0.01197835652205807,-0.024391205446397196,0.027173735998163508,0.1,6.0,-1.1142994667901553,True
2007-06-01,2004-12-22,2006-09-18,445,446,2007-05-14,238,2008-10-05,True,0.021352076321301174,7.755094050546666,-1.097867601068486,0.015916678467064203,-0.021616881982476993,0.026844556991469308,0.1,6.0,-0.9361159814249025,True
2007-06-01,2004-12-08,2006-09-18,455,456,2007-05-27,251,2008-10-05,True,0.021624170242057678,7.8460042540527235,-1.1444132558026847,0.01967585247811343,-0.01771790196347922,0.026477598469799773,0.1,6.0,-0.7330855734785182,True
2007-06-01,2004-11-24,2006-09-18,465,466,2007-06-08,263,2008-10-05,True,0.021800846198593144,7.925726984288269,-1.1850675020682164,0.022205749210054415,-0.013891454128989733,0.02619289590323411,0.1,6.0,-0.559015687729338,True
2007-06-01,2004-11-10,2006-09-18,475,476,2007-06-19,274,2008-10-05,True,0.021849480639110547,7.994966744901556,-1.2200596876361627,0.023862910791205116,-0.010206756597106681,0.02595412089941777,0.1,6.0,-0.4041762358046446,True
2007-06-01,2004-10-27,2006-09-18,485,486,2007-07-06,291,2008-10-05,True,0.022219132200616495,8.099671704510767,-1.272581654342016,0.025262294320395118,-0.004323768024609792,0.0256296407360873,0.1,6.0,-0.16951250211176302,True
2007-06-01,2004-10-13,2006-09-18,495,496,2007-07-31,316,2008-10-05,True,0.022812800047700164,8.24152844013262,-1.3429319828659128,0.025043473328968835,0.0038012209964554955,0.02533031459423012,0.1,6.0,0.15063510850710493,True
2007-06-01,2004-09-29,2006-09-18,505,506,2007-08-14,330,2008-10-05,True,0.02280366903821143,8.31497515923496,-1.379066435097332,0.023986050570132034,0.00781375640550025,0.025226680540995233,0.1,6.0,0.3149214224694434,True
2007-06-01,2004-09-15,2006-09-18,515,516,2007-09-02,349,2008-10-05,True,0.022870162321702518,8.41025471126065,-1.4254603068597478,0.021665687204782236,0.012771865774934783,0.02515000114171797,0.1,6.0,0.5326611899843295,True
2007-06-01,2004-09-01,2006-09-18,525,526,2007-09-28,375,2008-10-05,True,0.022905587753835922,8.517935888446074,-1.476791373356701,0.017568236725630848,0.018060603069625154,0.025195799746909366,0.1,6.0,0.7992166039479072,True
2007-06-01,2004-08-18,2006-09-18,535,536,2007-11-08,416,2008-10-05,True,0.023321359333349757,8.685010424072127,-1.5560284709639907,0.009341821796081617,0.02368087637903813,0.025456895736696405,0.1,6.0,1.1950506780154269,True
2007-06-01,2004-08-04,2006-09-18,545,546,2008-01-21,490,2008-10-05,True,0.023746748871979053,8.906564157959165,-1.656840785025058,-0.006128064496974284,0.026014589213749356,0.026726616442026497,0.1,6.0,1.8021413849436232,True
2007-06-01,2004-07-21,2006-09-18,555,556,2008-02-27,527,2008-10-05,True,0.023596390172266647,8.975209933134428,-1.6854819504509075,-0.013152789317451952,0.024405652050405263,0.027724208173268518,0.1,6.0,2.0650960669754634,True
2007-06-01,2004-07-07,2006-09-18,565,566,2008-02-12,512,2008-10-05,True,0.023405507862958096,8.961179525421748,-1.6808328250391043,-0.010621737302872858,0.025109414282456194,0.027263601906924475,0.1,6.0,1.9709871098049943,True
2007-06-01,2004-06-23,2006-09-18,575,576,2007-12-24,462,2008-10-05,True,0.02339757552074879,8.851931450554478,-1.633800557538058,-0.0007570293781091475,0.026139323422521205,0.02615028341082532,0.1,6.0,1.5997495562821538,True
2007-06-01,2004-06-09,2006-09-18,585,586,2007-12-10,448,2008-10-05,True,0.023392149647613287,8.786564468346793,-1.6027764568675273,0.002753347357053404,0.02596800198832455,0.02611356063301634,0.1,6.0,1.4651625295868325,True
2007-06-01,2004-05-25,2006-09-18,595,596,2007-11-24,432,2008-10-05,True,0.0232322456522322,8.758343330392512,-1.5912271869623145,0.0057559542406127595,0.02514026348375198,0.025790770776626688,0.1,6.0,1.345721976732515,True
2007-06-01,2004-05-11,2006-09-18,605,606,2007-12-02,440,2008-10-05,True,0.023077273556056092,8.78106129054108,-1.6014031899549186,0.004060450006434485,0.025554098682531584,0.02587468287209171,0.1,6.0,1.4132174658721812,True
2007-06-01,2004-04-27,2006-09-18,615,616,2007-11-24,432,2008-10-05,True,0.023098405497785576,8.73963829349969,-1.5815037658863922,0.0061115154049316,0.025271272395126637,0.02599976594151197,0.1,6.0,1.333515617117216,True
2007-06-01,2006-03-29,2006-09-25,125,126,2007-05-06,223,2008-10-05,True,0.015852211736678508,5.803093725249292,-0.00011848988922599024,-0.00014509689133418172,0.00016187868421466722,0.00021738862959666332,0.9,13.0,2.3015806835606267,True
2007-06-01,2006-03-15,2006-09-25,135,136,2007-05-03,220,2008-10-05,True,0.01530986987292892,5.805390872046748,-0.00013466312802574277,-0.0001234016006494176,0.0001804531656642803,0.0002186122138424533,0.9,13.0,2.170596036795812,True
2007-06-01,2006-03-01,2006-09-25,145,146,2007-05-02,219,2008-10-05,True,0.0149136214044071,5.807481045889805,-0.00014839650410429283,-0.00011299344099399231,0.00018820479085042036,0.0002195189308618127,0.9,13.0,2.111491476464502,True
2007-06-01,2006-02-15,2006-09-25,155,156,2007-05-10,227,2008-10-05,True,0.014844171314600257,5.802990053011995,-0.00011493463197290731,-0.0001664080030854361,0.00012418576444067078,0.0002076384540026155,0.9,13.0,2.5004812311066207,True
2007-06-01,2006-02-01,2006-09-25,165,166,2007-05-11,228,2008-10-05,True,0.0145837549761648,5.797771473966068,-0.00045963777175645273,-0.0009108891294419843,0.0006390956506910589,0.0011127273955771036,0.6063312608873973,13.0,2.5297820192916824,True
2007-06-01,2006-01-18,2006-09-25,175,176,2007-05-12,229,2008-10-05,True,0.014320404470205453,5.798650268932067,-0.00037603413660724686,-0.0007248097572042859,0.0004664282305357114,0.0008619190671862473,0.65018724948365,13.0,2.569787601569485,True
2007-06-01,2006-01-04,2006-09-25,185,186,2007-05-07,224,2008-10-05,False,0.014254658759739412,5.782485323506403,2.1542836648775804e-05,-0.006397870389218789,0.005792358124925309,0.008630420509142693,0.2506183885145835,13.0,2.405825635808295,True
2007-06-01,2005-12-20,2006-09-25,195,196,2007-05-09,226,2008-10-05,True,0.013923485828090252,5.789890132960622,-0.0010427150219756605,-0.004117854035774937,0.003223378950734923,0.005229425754324169,0.3372355136907074,13.0,2.4774394845021144,True
2007-06-01,2005-12-06,2006-09-25,205,206,2007-05-13,230,2008-10-05,True,0.013733861471502571,5.798548001763215,-0.000923997560211084,-0.0013538013980020176,0.0016352813495155525,0.002122951557927223,0.49179987629552924,12.939146605606666,2.2623020380965593,True
2007-06-01,2005-11-22,2006-09-25,215,216,2007-03-04,160,2008-10-05,True,0.013874472905876557,5.810842283112154,-0.001194327526434208,-4.450249902244487e-06,0.0015197937649186186,0.0015198002805005997,0.5720842083815624,9.99116968662822,1.5737245117142928,True
2007-06-01,2005-11-08,2006-09-25,225,226,2007-01-17,114,2008-10-05,True,0.013934442510312561,5.816736245910979,-0.0013433536937055184,-0.00023844545643157081,0.001372867155344749,0.001393420418221738,0.6088511262917684,8.059206638462587,1.742765094466115,True
2007-06-01,2005-10-25,2006-09-25,235,236,2006-12-01,67,2008-10-05,True,0.014823872606552893,5.821349569251922,-0.0012746260145276344,-0.00033969650418919827,0.0010868640947458816,0.0011387129907953744,0.6781507265088064,6.043854822530385,1.8737243416496745,True
2007-06-01,2005-10-11,2006-09-25,245,246,2006-12-02,68,2008-10-05,True,0.014957291400768576,5.820829644986537,-0.0008975318938916499,-0.00010246320320856549,0.0008014293768428063,0.000807952816740191,0.7430133970422219,6.0,1.6979570453884227,True
2007-06-01,2005-09-27,2006-09-25,255,256,2006-12-11,77,2008-10-05,True,0.015193971678079036,5.81953477688763,-0.0009802695405876462,-0.0005017128354261171,-0.0007739797634312717,0.0009223667618862041,0.7114511177001879,6.410705644722978,-2.145922553022182,True
2007-06-01,2005-09-13,2006-09-25,265,266,2006-12-09,75,2008-10-05,True,0.014948556637549548,5.819660263125159,-0.0010295773561083941,-0.0007922035635213231,-0.000551972329684302,0.0009655360888092162,0.7042967172983324,6.349899575942752,-2.533047407997666,True
2007-06-01,2005-08-30,2006-09-25,275,276,2006-12-01,67,2008-10-05,True,0.015083006290355534,5.822032183402612,-0.001263597238235048,-6.27921366606978e-05,0.0011067579393164563,0.0011085377705186345,0.6836945815908806,6.0,1.6274707727010065,True
2007-06-01,2005-08-16,2006-09-25,285,286,2006-12-05,71,2008-10-05,True,0.01537026203279621,5.824693149432626,-0.0011445252375434157,-0.00018277699150144038,0.0009135576888181791,0.0009316625351601998,0.7113978260666963,6.0,1.768260777115384,True
2007-06-01,2005-08-02,2006-09-25,295,296,2006-12-08,74,2008-10-05,True,0.015389132060269466,5.827148675818843,-0.0011133052630753998,-0.0002514371047526571,0.0008132096164700929,0.0008511935725590474,0.7241868113654578,6.0,1.8706637681949636,True
2007-06-01,2005-07-19,2006-09-25,305,306,2006-12-14,80,2008-10-05,True,0.01590754448487939,5.83268298060479,-0.0011256895735515505,-0.00035870501042409167,0.0006696969583190719,0.0007597126433627154,0.7373276957765063,6.0,2.0625344735892988,True
2007-06-01,2005-07-05,2006-09-25,315,316,2006-12-24,90,2008-10-05,True,0.01678280655940001,5.842780297494922,-0.0012848439283553784,-0.0004986050898507602,0.0005226155639467462,0.0007223116109439611,0.7363608956685725,6.0,2.332687277326998,True
2007-06-01,2005-06-21,2006-09-25,325,326,2007-01-07,104,2008-10-05,True,0.017541777493149308,5.861860462914954,-0.001973112010877448,-0.0007675718598517265,0.0003984570395196517,0.0008648321064686508,0.6947675168180537,6.0,2.6627712983694707,True
2007-06-01,2005-06-07,2006-09-25,335,336,2007-01-23,120,2008-10-05,True,0.018207901275389626,5.901963427912139,-0.0048359472700199545,-0.0014861270703596977,0.00013949994799119115,0.001492660009762921,0.5921364864663431,6.0,3.0479987869613283,True
2007-06-01,2005-05-24,2006-09-25,345,346,2007-02-20,148,2008-10-05,True,0.019373907312616276,6.079111485796336,-0.04319637831342753,-0.005309110350137344,-0.00303782817738655,0.006116784510284727,0.346900837795225,6.0,-2.6218715461552993,True
2007-06-01,2005-05-10,2006-09-25,355,356,2007-03-26,182,2008-10-05,True,0.020846602421642015,7.256189265941246,-0.8339320277143822,-0.008790478881916142,-0.025706355273013806,0.027167797488862038,0.1,6.0,-1.9002883735802079,True
2007-06-01,2005-04-26,2006-09-25,365,366,2007-04-14,201,2008-10-05,True,0.021638956537181356,7.464279506698739,-0.9450886505454487,0.0020190496472203556,-0.0274088590023836,0.0274831241544786,0.1,6.0,-1.49726501225406,True
2007-06-01,2005-04-12,2006-09-25,375,376,2007-04-25,212,2008-10-05,True,0.021657489131034192,7.574147273990882,-1.0031861526798163,0.007711143133815296,-0.02651691707360071,0.02761536926275663,0.1,6.0,-1.2878003012288852,True
2007-06-01,2005-03-29,2006-09-25,385,386,2007-04-24,211,2008-10-05,True,0.02139807084720817,7.566359783731929,-0.9991411602560333,0.007261480681126337,-0.026662236824333607,0.027633385137532863,0.1,6.0,-1.3048947499518748,True
2007-06-01,2005-03-11,2006-09-25,395,396,2007-04-26,213,2008-10-05,True,0.02115370924318522,7.5870778071816884,-1.0100734335540003,0.008304148732102098,-0.026370109685815213,0.027646728034376837,0.1,6.0,-1.2657195367453025,True
2007-06-01,2005-02-25,2006-09-25,405,406,2007-04-23,210,2008-10-05,True,0.020970153231548633,7.549920932686375,-0.9905080103632977,0.006367971452984594,-0.026930376771756775,0.027673023931164508,0.1,6.0,-1.33860071373872,True
2007-06-01,2005-02-11,2006-09-25,415,416,2007-04-21,208,2008-10-05,True,0.020755490800607398,7.531710329375859,-0.9809328862153157,0.005368931898021553,-0.02719245937985218,0.027717418293385553,0.1,6.0,-1.375861646897875,True
2007-06-01,2005-01-28,2006-09-25,425,426,2007-04-24,211,2008-10-05,True,0.020640724233409943,7.561144419312499,-0.9963753783811885,0.007004298479172444,-0.026706924903177304,0.027610143697005443,0.1,6.0,-1.314307621034924,True
2007-06-01,2005-01-14,2006-09-25,435,436,2007-05-03,220,2008-10-05,True,0.020907341853796422,7.640833410535321,-1.0380151934319088,0.01122291382526843,-0.02489848620076221,0.02731095768769282,0.1,6.0,-1.1473215065314233,True
2007-06-01,2004-12-30,2006-09-25,445,446,2007-05-13,230,2008-10-05,True,0.02114286881804138,7.719710922177109,-1.0789692343203803,0.01502057052146586,-0.022447337557913172,0.027009266969490832,0.1,6.0,-0.9810784749894441,True
2007-06-01,2004-12-15,2006-09-25,455,456,2007-05-24,241,2008-10-05,True,0.021394021825481457,7.803852269950831,-1.122386735964005,0.018524648833475155,-0.01920164547345138,0.026680813392617703,0.1,6.0,-0.8033411921871788,True
2007-06-01,2004-12-01,2006-09-25,465,466,2007-06-04,252,2008-10-05,True,0.02157881313607346,7.885444424136289,-1.1641790905380662,0.021314893898269238,-0.015521316163343735,0.026367327459129238,0.1,6.0,-0.6293966934245087,True
2007-06-01,2004-11-17,2006-09-25,475,476,2007-06-15,263,2008-10-05,True,0.021741992411084366,7.965757794330604,-1.2050643166640658,0.023384856888491706,-0.011536644976735483,0.026075768617904133,0.1,6.0,-0.4583040414001151,True
2007-06-01,2004-11-03,2006-09-25,485,486,2007-06-27,275,2008-10-05,True,0.021833444258052975,8.042484928819869,-1.2437731130164726,0.024710042627366507,-0.007408660588099331,0.025796791629114,0.1,6.0,-0.29129519873594023,True
2007-06-01,2004-10-20,2006-09-25,495,496,2007-07-17,295,2008-10-05,True,0.022549746754475068,8.174640934854054,-1.3102200593481053,0.025410490073236536,-0.000358754544137474,0.025413022460639974,0.1,6.0,-0.01411742588677913,True
2007-06-01,2004-10-06,2006-09-25,505,506,2007-08-03,312,2008-10-05,True,0.02268591900442736,8.27269891549809,-1.358816400007711,0.024690262920929795,0.004978242810594322,0.02518713926959302,0.1,6.0,0.19896023835610097,True
2007-06-01,2004-09-22,2006-09-25,515,516,2007-08-22,331,2008-10-05,True,0.022805487230584152,8.372630010464746,-1.4079047098144797,0.022863297914233804,0.010126412700277532,0.025005491910605356,0.1,6.0,0.41694333574489884,True
2007-06-01,2004-09-08,2006-09-25,525,526,2007-09-07,347,2008-10-05,True,0.022799556818956946,8.456040324672042,-1.4486057941363033,0.020583597654948715,0.014008916553026078,0.02489847857621944,0.1,6.0,0.5975775309902526,True
2007-06-01,2004-08-25,2006-09-25,535,536,2007-09-29,369,2008-10-05,True,0.02295390622916707,8.568315388770092,-1.5030270668391748,0.016598566606253085,0.018451359488859176,0.024818643806004664,0.1,6.0,0.8382105426982194,True
2007-06-01,2004-08-11,2006-09-25,545,546,2007-12-02,433,2008-10-05,True,0.023640866177786605,8.823016153532237,-1.622978772580394,0.0035109836866613064,0.024947729432307483,0.025193574781591097,0.1,6.0,1.430980963527833,True
2007-06-01,2004-07-28,2006-09-25,555,556,2007-12-06,437,2008-10-05,True,0.023618626842579742,8.871670156444145,-1.647521815490625,0.0020621996815646804,0.02503960795863973,0.025124383261067713,0.1,6.0,1.4886242696128151,True
2007-06-01,2004-07-14,2006-09-25,565,566,2008-01-10,472,2008-10-05,True,0.023478516928101885,8.972514775576204,-1.6925937146750047,-0.005019328313070781,0.02518572892275811,0.02568101629774508,0.1,6.0,1.7675115603925378,True
2007-06-01,2004-06-30,2006-09-25,575,576,2007-12-15,446,2008-10-05,True,0.023327314615387146,8.899826756428585,-1.660236054621208,0.00017731080145133582,0.02526972685172507,0.02527034891490631,0.1,6.0,1.563779713887164,True
2007-06-01,2004-06-16,2006-09-25,585,586,2007-11-22,423,2008-10-05,True,0.023385612305346564,8.80542503643907,-1.615907228475935,0.0053235757406244755,0.024590176974467748,0.02515983430592915,0.1,6.0,1.3575945585095652,True
2007-06-01,2004-06-02,2006-09-25,595,596,2007-11-08,409,2008-10-05,True,0.023284070365282798,8.755411236185791,-1.5928107592620955,0.008314213630203376,0.023681519129932382,0.025098615431732745,0.1,6.0,1.2331557126003219,True
2007-06-01,2004-05-18,2006-09-25,605,606,2007-11-07,408,2008-10-05,True,0.02310940615120662,8.76106805761858,-1.5957958861070676,0.008215712607882175,0.023661778703129882,0.025047508959000393,0.1,6.0,1.2366051759442256,True
2007-06-01,2004-05-04,2006-09-25,615,616,2007-11-07,408,2008-10-05,True,0.023013489355853872,8.757736329232538,-1.5941649172469585,0.008355361146508505,0.023633891074282293,0.025067366578873502,0.1,6.0,1.2309775148467226,True
2007-06-01,2006-04-05,2006-10-02,125,126,2007-06-16,257,2008-10-05,True,0.016544358222220477,5.797759597055889,-5.314424324953268e-05,-0.00014473584942194595,-0.00014752341398494264,0.00020666790699492988,0.9,13.0,-2.346656794093589,True
2007-06-01,2006-03-22,2006-10-02,135,136,2007-05-30,240,2008-10-05,True,0.01623609355989274,5.820405237339013,-0.00019169468448923527,-0.00020471610309286397,-1.0394422494701766e-05,0.00020497982067639359,0.9,13.0,-3.0908614039614606,True
2007-06-01,2006-03-08,2006-10-02,145,146,2007-05-22,232,2008-10-05,True,0.015828429585817833,5.826024099206036,-0.00023098402825895043,-0.00020170118716422223,5.594681661289953e-05,0.00020931654304563222,0.9,13.0,2.871019998574171,True
2007-06-01,2006-02-22,2006-10-02,155,156,2007-05-26,236,2008-10-05,True,0.015550315870410192,5.823774255883606,-0.00021455665035160663,-0.00020363015140054027,2.345664881889387e-05,0.00020497671314864005,0.9,13.0,3.026905727871235,True
2007-06-01,2006-02-08,2006-10-02,165,166,2007-05-31,241,2008-10-05,True,0.015174448366277033,5.822149157862695,-0.00020106509966098799,-0.00019891638492633445,-1.578647116382869e-05,0.00019954182735448738,0.9,13.0,-3.0623962978864703,True
2007-06-01,2006-01-25,2006-10-02,175,176,2007-06-02,243,2008-10-05,True,0.01495455862682663,5.820859635686505,-0.0002975038311476526,-0.0003017353655850114,-6.4914980795391635e-06,0.0003018051861582851,0.8245312723966907,12.97547126395863,-3.1200820930972677,True
2007-06-01,2006-01-11,2006-10-02,185,186,2007-06-01,242,2008-10-05,True,0.014887264676439834,5.8245642411151906,-0.0011406504730707792,-0.0010326513345523289,-0.00014313079952337494,0.0010425234791240465,0.6110719717695012,13.0,-3.0038650037213532,True
2007-06-01,2005-12-28,2006-10-02,195,196,2007-05-29,239,2008-10-05,True,0.014712839426054565,5.832976128606708,-0.005546467878144042,-0.004153319034533503,-0.0001935830256359751,0.004157827965468592,0.3730128439860397,13.0,-3.0950171256331886,True
2007-06-01,2005-12-13,2006-10-02,205,206,2007-05-30,240,2008-10-05,True,0.014384148022322582,5.830441128261301,-0.0039670729530002224,-0.003132423171222965,-0.00023048590192859908,0.0031408913821720065,0.42116000406812976,13.0,-3.0681443115432305,True
2007-06-01,2005-11-29,2006-10-02,215,216,2007-06-03,244,2008-10-05,True,0.014235953805504957,5.829154297208078,-0.001988807440060318,-0.0016183384228225588,4.0917658064938656e-05,0.0016188556160218015,0.5333614634429195,12.959701530420178,3.1163142929473553,True
2007-06-01,2005-11-15,2006-10-02,225,226,2007-04-19,199,2008-10-05,True,0.014324127146339908,5.831217434775463,-0.0011727765649189664,-0.0008343373717735384,0.0003453027974637332,0.0009029689207687359,0.6469980495551519,11.016212355943244,2.7491913696146915,True
2007-06-01,2005-11-01,2006-10-02,235,236,2007-02-10,131,2008-10-05,True,0.014486130278028975,5.832471630900007,-0.0013074848169000505,-0.00023487616264928295,-0.0009344577815227566,0.0009635238228654673,0.6645065729905772,8.407649213398669,-1.817045374571964,True
2007-06-01,2005-10-18,2006-10-02,245,246,2006-12-15,74,2008-10-05,True,0.015391381162302027,5.831599467674898,-0.0010102504947273935,-0.0005831649597862661,0.00045619204369637433,0.0007404002640831459,0.7516812166725884,6.081392738297779,2.4777570077006925,True
2007-06-01,2005-10-04,2006-10-02,255,256,2007-01-08,98,2008-10-05,True,0.015425667834229304,5.8315825426871095,-0.0008691591690972885,-0.00017530611416640164,0.0006192369158494007,0.0006435732993333403,0.7591106467727646,6.986154070902344,1.8466775533730848,True
2007-06-01,2005-09-20,2006-10-02,265,266,2007-01-12,102,2008-10-05,True,0.015379506100988411,5.830648428055666,-0.0009004043103970382,-0.00067173256866671,-0.0001249541238978253,0.0006832555721592393,0.745356138727901,7.230885941955507,-2.9576770787955686,True
2007-06-01,2005-09-06,2006-10-02,275,276,2007-01-09,99,2008-10-05,True,0.015144306835701336,5.831357726629364,-0.0009577118434761554,-0.0005818809555204866,0.00041461086634353466,0.0007144841613972775,0.7388870541287154,7.101952487207561,2.5225030201370746,True
2007-06-01,2005-08-23,2006-10-02,285,286,2006-12-18,77,2008-10-05,True,0.015664214755041872,5.834675337378189,-0.0014920499558213635,-0.0009858343395276552,-0.0002908267550535831,0.0010278373151656468,0.6854122301810699,6.242191017416264,-2.854724055145189,True
2007-06-01,2005-08-09,2006-10-02,295,296,2006-12-13,72,2008-10-05,True,0.015506607609860263,5.8358187793748195,-0.0016586930271231275,-0.00056607696545436,0.0009578828890483053,0.0011126467363676328,0.6736746397863773,6.025898237634574,2.1045472753360146,True
2007-06-01,2005-07-26,2006-10-02,305,306,2006-12-15,74,2008-10-05,True,0.0156257622003129,5.838519061743169,-0.0016169542256763733,-0.00047429216247074375,0.0009052354101388132,0.0010219609596997137,0.6858390684256347,6.0,2.05341470638455,True
2007-06-01,2005-07-12,2006-10-02,315,316,2006-12-22,81,2008-10-05,True,0.0162150191010598,5.843960688075322,-0.0015765510204890992,-0.0005616034217473547,0.0006964643114105997,0.0008946848274040295,0.7026055087130081,6.0,2.2494054443880334,True
2007-06-01,2005-06-28,2006-10-02,325,326,2007-01-01,91,2008-10-05,True,0.017089747580663485,5.853479568867423,-0.0016749203828420665,-0.0006601563028652635,0.0004771026349054556,0.000814514130292693,0.7096918856229866,6.0,2.515786051650097,True
2007-06-01,2005-06-14,2006-10-02,335,336,2007-01-13,103,2008-10-05,True,0.01772273097311749,5.869132771650856,-0.002179688935606108,-0.0008272116332629759,0.00028678947970253607,0.0008755154435380633,0.6879876211305569,6.0,2.8078658932134535,True
2007-06-01,2005-05-31,2006-10-02,345,346,2007-02-01,122,2008-10-05,True,0.018635065875972082,5.910049404918173,-0.004893341699364129,-0.001393448406883774,-0.00012852309742350542,0.0013993629440635692,0.5977450793153182,6.0,-3.049619033560918,True
2007-06-01,2005-05-17,2006-10-02,355,356,2007-03-06,155,2008-10-05,True,0.020136036752836532,6.113102769041644,-0.048157662541262455,-0.004218017369097896,-0.004406939825492841,0.006100228614693584,0.3435147092973157,6.0,-2.334293830709029,True
2007-06-01,2005-05-03,2006-10-02,365,366,2007-04-10,190,2008-10-05,True,0.021132950403212086,7.37793235489348,-0.898396358042922,-0.0013472181272706218,-0.027107594804295143,0.027141051799005424,0.1,6.0,-1.620454386693457,True
2007-06-01,2005-04-19,2006-10-02,375,376,2007-04-28,208,2008-10-05,True,0.021635749086046055,7.575574590957826,-1.0034445761315058,0.008467278517328758,-0.026210274592529753,0.02754402475503222,0.1,6.0,-1.2583274421889652,True
2007-06-01,2005-04-05,2006-10-02,385,386,2007-04-28,208,2008-10-05,True,0.0214319893512904,7.570022153601241,-1.0005277785264595,0.008181566484758707,-0.026306169029272602,0.027549093617416674,0.1,6.0,-1.2692665302026052,True
2007-06-01,2005-03-18,2006-10-02,395,396,2007-05-01,211,2008-10-05,True,0.021183723263467423,7.600111140422743,-1.016395335951351,0.009647267341925267,-0.025828379798009532,0.02757127073888334,0.1,6.0,-1.2133288869697774,True
2007-06-01,2005-03-04,2006-10-02,405,406,2007-04-28,208,2008-10-05,True,0.02098577758725144,7.575598946833918,-1.0035371263594952,0.008396673643181696,-0.026292750603036374,0.027600957638161252,0.1,6.0,-1.2616802260070132,True
2007-06-01,2005-02-18,2006-10-02,415,416,2007-04-26,206,2008-10-05,True,0.020776129843675092,7.5557601882631245,-0.9930469033476078,0.007418460866218418,-0.026590654028129462,0.027606094313888226,0.1,6.0,-1.298726734211169,True
2007-06-01,2005-02-04,2006-10-02,425,426,2007-04-25,205,2008-10-05,True,0.020561621161038723,7.5437446820799,-0.9866993305342481,0.0068080515859502005,-0.02677111651181102,0.027623219321540344,0.1,6.0,-1.3217692211320449,True
2007-06-01,2005-01-21,2006-10-02,435,436,2007-05-02,212,2008-10-05,True,0.02070005473765997,7.609642452252115,-1.0212618742919122,0.010224656584757422,-0.0254178701263591,0.027397294100634857,0.1,6.0,-1.1883410211806704,True
2007-06-01,2005-01-07,2006-10-02,445,446,2007-05-11,221,2008-10-05,True,0.020941789834039215,7.686477284526516,-1.0613723630608545,0.013895859607855296,-0.02329883373867825,0.027128040250335005,0.1,6.0,-1.0330143129341238,True
2007-06-01,2004-12-22,2006-10-02,455,456,2007-05-20,230,2008-10-05,True,0.021162892184693187,7.7650902358088985,-1.1021629441967218,0.017237426777711784,-0.020564520681845,0.026833344793204705,0.1,6.0,-0.8731857722589125,True
2007-06-01,2004-12-08,2006-10-02,465,466,2007-05-31,241,2008-10-05,True,0.02141750710937739,7.849929398050664,-1.1459092183741402,0.020271996413868912,-0.017076791086623522,0.02650604897792386,0.1,6.0,-0.7000555194424478,True
2007-06-01,2004-11-24,2006-10-02,475,476,2007-06-10,251,2008-10-05,True,0.021587783819346954,7.929505247108777,-1.1866762320299478,0.022512618470508283,-0.013406183891723294,0.026201980019406393,0.1,6.0,-0.5371014701774246,True
2007-06-01,2004-11-10,2006-10-02,485,486,2007-06-19,260,2008-10-05,True,0.0216382315240526,7.995397405301959,-1.220253533405839,0.0238828280759405,-0.010160837908640502,0.025954423590413205,0.1,6.0,-0.4022477938677461,True
2007-06-01,2004-10-27,2006-10-02,495,496,2007-07-03,274,2008-10-05,True,0.022012915260459235,8.097415683647853,-1.271864106954237,0.02510510793694229,-0.004883704293936336,0.025575711371458174,0.1,6.0,-0.19213074807239325,True
2007-06-01,2004-10-13,2006-10-02,505,506,2007-07-23,294,2008-10-05,True,0.02262207121562742,8.229866422990165,-1.3383874749253468,0.02510316702102572,0.0019297830301468477,0.02517723291048792,0.1,6.0,0.07672318873032255,True
2007-06-01,2004-09-29,2006-10-02,515,516,2007-08-03,305,2008-10-05,True,0.02263040662719714,8.302127362614742,-1.3743786493633932,0.02436173310766987,0.005539672566340359,0.024983634886693373,0.1,6.0,0.22359037774369359,True
2007-06-01,2004-09-15,2006-10-02,525,526,2007-08-18,320,2008-10-05,True,0.0227199713175053,8.39151335802615,-1.418656203942903,0.02277635837914127,0.00973821010341442,0.02477085458827211,0.1,6.0,0.40403514641447497,True
2007-06-01,2004-09-01,2006-10-02,535,536,2007-09-02,335,2008-10-05,True,0.02278156598441136,8.48049884979324,-1.4624447725292236,0.020524192576427347,0.013534629845690071,0.02458513140038344,0.1,6.0,0.5829881329193557,True
2007-06-01,2004-08-18,2006-10-02,545,546,2007-10-03,366,2008-10-05,True,0.023239099402600463,8.644039841296141,-1.541895404733354,0.014816392312963444,0.019330925533925757,0.024355906125000257,0.1,6.0,0.9168434136860901,True
2007-06-01,2004-08-04,2006-10-02,555,556,2007-11-07,401,2008-10-05,True,0.02371614514334298,8.827483391017063,-1.6302144933453766,0.006993964876598591,0.023287135349992424,0.024314732519687764,0.1,6.0,1.2790313120594303,True
2007-06-01,2004-07-21,2006-10-02,565,566,2007-11-27,421,2008-10-05,True,0.023582886991704,8.90983308752935,-1.6687857225683032,0.0027457234085830895,0.02424162590969972,0.024396627303425896,0.1,6.0,1.4580121669077803,True
2007-06-01,2004-07-07,2006-10-02,575,576,2007-11-25,419,2008-10-05,True,0.023399391413602966,8.906717656495047,-1.6677047120224218,0.0031346984737157246,0.02416703264216638,0.024369485042746615,0.1,6.0,1.4418068120617986,True
2007-06-01,2004-06-23,2006-10-02,585,586,2007-11-11,405,2008-10-05,True,0.023367244619125174,8.834972135770395,-1.6333822611581204,0.006430049460617121,0.02353197300191981,0.024394656985271698,0.1,6.0,1.304060261844706,True
2007-06-01,2004-06-09,2006-10-02,595,596,2007-10-28,391,2008-10-05,True,0.023342930389368313,8.768130510899626,-1.601465643627125,0.009555404926039401,0.022529820993443972,0.024472404812302506,0.1,6.0,1.1696691297926645,True
2007-06-01,2004-05-25,2006-10-02,605,606,2007-10-22,385,2008-10-05,True,0.023181584781339148,8.74655896084593,-1.591567749163493,0.010771794632678688,0.02197826886544274,0.024476026269194418,0.1,6.0,1.1150910475038505,True
2007-06-01,2004-05-11,2006-10-02,615,616,2007-10-26,389,2008-10-05,True,0.023035281350763465,8.767976104448062,-1.6017736812644947,0.00976197520651989,0.02238584145883299,0.024421753781264665,0.1,6.0,1.159579971858285,True
2007-06-01,2004-04-27,2006-10-02,625,626,2007-10-15,378,2008-10-05,True,0.023046238169738283,8.719263583341881,-1.5788392365848098,0.012198487395734037,0.021306132786314408,0.02455105678075679,0.1,6.0,1.0508172167594882,True
2007-06-01,2006-04-12,2006-10-09,125,126,2007-10-07,363,2008-10-05,False,0.016665413634584538,5.673183127516178,0.0005268424683057464,2.3038044584730122e-05,0.00022545337854627448,0.0002266273977175261,0.9,13.0,1.468964379363899,True
2007-06-01,2006-03-29,2006-10-09,135,136,2007-07-06,270,2008-10-05,True,0.01699172813593529,5.828520309147438,-0.0001953853367126107,-3.7077523864466466e-05,-0.00019078840124457972,0.00019435780618586645,0.9,13.0,-1.7627422175994885,True
2007-06-01,2006-03-15,2006-10-09,145,146,2007-06-22,256,2008-10-05,True,0.016565477554467783,5.840559561288441,-0.0002720730867110664,-0.00013058373573905286,-0.00014582796313614146,0.0001957496024823617,0.9,13.0,-2.30109986093002,True
2007-06-01,2006-03-01,2006-10-09,155,156,2007-06-12,246,2008-10-05,True,0.01628553967701964,5.846438419377401,-0.00031539247805404167,-0.00018246388856801892,-8.40337728104581e-05,0.00020088490636213093,0.9,13.0,-2.7099999316674177,True
2007-06-01,2006-02-15,2006-10-09,165,166,2007-06-20,254,2008-10-05,True,0.01593715629526043,5.844431127905572,-0.00029546151400481236,-0.00014337740088790618,-0.00013128711877531584,0.00019440521248591884,0.9,13.0,-2.4001844544506414,True
2007-06-01,2006-02-01,2006-10-09,175,176,2007-06-24,258,2008-10-05,True,0.01558356076093718,5.844155072337346,-0.0002892841661099601,-0.000117663989607553,-0.00014921710399916263,0.000190027783695604,0.9,13.0,-2.2385116785686505,True
2007-06-01,2006-01-18,2006-10-09,185,186,2007-06-25,259,2008-10-05,True,0.015284566774638209,5.844351504929756,-0.0002894544761427109,-0.00011295957720453833,-0.00015218904346375002,0.00018952934082257355,0.9,13.0,-2.2093073467945232,True
2007-06-01,2006-01-04,2006-10-09,195,196,2007-06-22,256,2008-10-05,True,0.015480648482506614,5.859913523366107,-0.0032255408821154903,-0.0010708452028504447,-0.0012017153375336374,0.001609605293521177,0.5317200952004132,13.0,-2.298670937998743,True
2007-06-01,2005-12-20,2006-10-09,205,206,2007-06-21,255,2008-10-05,True,0.015141626412562958,5.871054888760276,-0.006597604292972026,-0.0024664923356791596,-0.0014179907273014364,0.002845045192027166,0.4344189177370087,12.9551776660925,-2.6198322244003083,True
2007-06-01,2005-12-06,2006-10-09,215,216,2007-06-21,255,2008-10-05,True,0.014791398855133272,5.871631897976346,-0.007135325956296686,-0.002153428642651416,-0.0021709003273129024,0.003057787296415299,0.4223002591284093,13.0,-2.3521541894397195,True
2007-06-01,2005-11-22,2006-10-09,225,226,2007-06-26,260,2008-10-05,True,0.014638597074204653,5.861325823016208,-0.002920147928479807,-0.0007883959265450553,-0.0011861357652866243,0.001424249342876774,0.5505121018877535,13.0,-2.157419481125513,True
2007-06-01,2005-11-08,2006-10-09,235,236,2007-06-17,251,2008-10-05,True,0.014642972811412355,5.856857581832763,-0.001255956516516553,0.000633296716885905,-0.00014084483765972814,0.0006487696046470282,0.6855984457660936,12.323758096875647,-0.21883782136958915,True
2007-06-01,2005-10-25,2006-10-09,245,246,2007-02-25,139,2008-10-05,True,0.015505515463710927,5.8488253968208115,-0.0010071660800267778,-0.0003767418304674913,-0.00043282124339051934,0.0005738193405193931,0.7524808033772247,8.2420601108255,-2.28703376254411,True
2007-06-01,2005-10-11,2006-10-09,255,256,2007-01-27,110,2008-10-05,True,0.015577555415359512,5.845840671923341,-0.0009212266143848149,-0.0005380886617778062,-9.728971201073623e-05,0.0005468132185645866,0.7796202265212807,7.156851459673847,-2.9627190239073773,True
2007-06-01,2005-09-27,2006-10-09,265,266,2007-03-07,149,2008-10-05,True,0.015753054330006015,5.847087219203166,-0.0007631831817952867,0.0004484554844208004,-3.213842862263692e-05,0.00044960560506006493,0.7916319570133902,8.57965390587147,-0.07154239271421324,True
2007-06-01,2005-09-13,2006-10-09,275,276,2007-03-05,147,2008-10-05,True,0.015511005622416568,5.8474315823005325,-0.0007947629605593544,0.0003582334606706878,-0.0002967003815737881,0.0004651476419053725,0.7868292893117333,8.48396194100752,-0.6917200338696485,True
2007-06-01,2005-08-30,2006-10-09,285,286,2007-02-11,125,2008-10-05,True,0.015679101685064877,5.849390221100158,-0.0011251168569294035,0.0005303003546645905,0.0003444917177651124,0.0006323709431703423,0.7427809198730834,7.71126388397992,0.5761053884868903,True
2007-06-01,2005-08-16,2006-10-09,295,296,2007-01-20,103,2008-10-05,True,0.015895770475120308,5.850803251936068,-0.001561024964208982,-0.00022855970798462704,0.0008174032896810389,0.0008487565481899991,0.7010623656253077,6.929013301747022,1.843449671236195,True
2007-06-01,2005-08-02,2006-10-09,305,306,2007-01-09,92,2008-10-05,True,0.01581806097062898,5.851803069681645,-0.0018601387369621292,0.0008564467030400325,-0.0004959231757877302,0.0009896669901696882,0.6784411229409197,6.55525752965932,-0.5248706351121277,True
2007-06-01,2005-07-19,2006-10-09,315,316,2006-12-24,76,2008-10-05,True,0.016078370583502075,5.853446746165117,-0.002423791788391381,-0.0008054943193041861,0.0009474697603240216,0.0012435915909814496,0.644303751058692,6.0,2.2753792455682524,True
2007-06-01,2005-07-05,2006-10-09,325,326,2006-12-31,83,2008-10-05,True,0.016680662020820473,5.858996732697718,-0.0023161934103491776,-0.0008512112912642568,0.0006706252744362602,0.0010836507375942088,0.6622891002019216,6.0,2.474305398199728,True
2007-06-01,2005-06-21,2006-10-09,335,336,2007-01-09,92,2008-10-05,True,0.017321012745363355,5.866917322364924,-0.0023213806634786033,-0.0008774025249308578,0.00041328562813151566,0.0009698660738344785,0.6741676084089943,6.0,2.70138592677758,True
2007-06-01,2005-06-07,2006-10-09,345,346,2007-01-21,104,2008-10-05,True,0.017990129212899542,5.881992915332308,-0.0027805340468726398,-0.0009722892472035586,0.0001497259938582898,0.0009837500970594692,0.6629155791243168,6.0,2.9887996204844645,True
2007-06-01,2005-05-24,2006-10-09,355,356,2007-02-12,126,2008-10-05,True,0.019244952061762143,5.930434897264209,-0.0061812274950298635,-0.0014449386796769274,-0.0005124254366547193,0.0015331104383433315,0.576515613683285,6.0,-2.8007948815353236,True
2007-06-01,2005-05-10,2006-10-09,365,366,2007-03-28,170,2008-10-05,True,0.020792739112030487,6.314135111522158,-0.12452327347179958,-0.0033350175083524565,-0.00971722323596712,0.010273595728791197,0.2550715800183183,6.0,-1.9014065644266664,True
2007-06-01,2005-04-26,2006-10-09,375,376,2007-04-27,200,2008-10-05,True,0.021484805614807582,7.525961615480842,-0.9765030884526464,0.006940772222012781,-0.026351754220770768,0.027250491179972778,0.1,6.0,-1.313256130902223,True
2007-06-01,2005-04-12,2006-10-09,385,386,2007-05-04,207,2008-10-05,True,0.021474104062790437,7.611849546946751,-1.0220335325736825,0.010858965022264522,-0.025248721781469058,0.02748481531596664,0.1,6.0,-1.1646309293816828,True
2007-06-01,2005-03-29,2006-10-09,395,396,2007-05-04,207,2008-10-05,True,0.021225409357149276,7.60317152775197,-1.0174450202397525,0.010470236707856184,-0.025389341014193628,0.02746351204514007,0.1,6.0,-1.1796572344802345,True
2007-06-01,2005-03-11,2006-10-09,405,406,2007-05-05,208,2008-10-05,True,0.020982859256879326,7.617356434794039,-1.0249383123419114,0.011114198714417448,-0.02513705356789314,0.027484484261828306,0.1,6.0,-1.1544945827123487,True
2007-06-01,2005-02-25,2006-10-09,415,416,2007-05-01,204,2008-10-05,True,0.02082306218189491,7.574369139154599,-1.0022869157621561,0.009076870052173808,-0.025949217337669833,0.027490933967067657,0.1,6.0,-1.2343053978683123,True
2007-06-01,2005-02-11,2006-10-09,425,426,2007-04-29,202,2008-10-05,True,0.020625227958321522,7.552109957141517,-0.9905633710843496,0.007968665822313648,-0.026350237540220284,0.027528796802870698,0.1,6.0,-1.2771268460328142,True
2007-06-01,2005-01-28,2006-10-09,435,436,2007-05-01,204,2008-10-05,True,0.020501496943915058,7.579068989624378,-1.0047192897704247,0.009336868778996608,-0.02580514163883138,0.0274423478149438,0.1,6.0,-1.2236286951860973,True
2007-06-01,2005-01-14,2006-10-09,445,446,2007-05-09,212,2008-10-05,True,0.020734056990012448,7.6550928042946635,-1.04455631862225,0.012958147314293835,-0.023917164844780986,0.027201918241759496,0.1,6.0,-1.0742760707727808,True
2007-06-01,2004-12-30,2006-10-09,455,456,2007-05-18,221,2008-10-05,True,0.020946101263116183,7.7293079491601615,-1.0832566618534079,0.01614459487836188,-0.021585854208512,0.026955464115788544,0.1,6.0,-0.9286246936441263,True
2007-06-01,2004-12-15,2006-10-09,465,466,2007-05-27,230,2008-10-05,True,0.021180899430809134,7.811735660735819,-1.1259500155976856,0.01922115552077798,-0.018452898862686917,0.026645117676424062,0.1,6.0,-0.7650087944751183,True
2007-06-01,2004-12-01,2006-10-09,475,476,2007-06-05,239,2008-10-05,True,0.02135918758398979,7.8884273320867155,-1.1654857430433676,0.02155019210052106,-0.015181005006966841,0.026360456987520393,0.1,6.0,-0.6137054392921971,True
2007-06-01,2004-11-17,2006-10-09,485,486,2007-06-15,249,2008-10-05,True,0.02152294761070631,7.965306274597075,-1.2048887190687445,0.02334159465430327,-0.01161335678066755,0.0260710586037636,0.1,6.0,-0.46167697862961615,True
2007-06-01,2004-11-03,2006-10-09,495,496,2007-06-24,258,2008-10-05,True,0.021620945045434294,8.034854369729455,-1.2403583369888154,0.0244588878573912,-0.008225150807721487,0.02580485033923274,0.1,6.0,-0.3244044666776281,True
2007-06-01,2004-10-20,2006-10-09,505,506,2007-07-12,276,2008-10-05,True,0.022350742147300727,8.166368037384824,-1.306936094043252,0.025280573349154734,-0.001649362058848608,0.02533432028026728,0.1,6.0,-0.065149939246583,True
2007-06-01,2004-10-06,2006-10-09,515,516,2007-07-24,288,2008-10-05,True,0.022507192451725798,8.253551409608262,-1.350785805953194,0.024931432654263785,0.002613404487146767,0.025068031777695062,0.1,6.0,0.10444225592702253,True
2007-06-01,2004-09-22,2006-10-09,525,526,2007-08-07,302,2008-10-05,True,0.022650974319662003,8.344957891494474,-1.3964074611812103,0.02380474158685808,0.006926882188452402,0.02479208379442498,0.1,6.0,0.28316807290785095,True
2007-06-01,2004-09-08,2006-10-09,535,536,2007-08-18,313,2008-10-05,True,0.022669909951589396,8.422262424609643,-1.4347955275499031,0.022311714146232675,0.010309526196274149,0.02457842384154977,0.1,6.0,0.432844125513158,True
2007-06-01,2004-08-25,2006-10-09,545,546,2007-09-05,331,2008-10-05,True,0.022857816948911588,8.530991273063025,-1.4883672865106499,0.019437609512806264,0.014589471087718561,0.024303771933420384,0.1,6.0,0.6438718809813316,True
2007-06-01,2004-08-11,2006-10-09,555,556,2007-10-09,365,2008-10-05,True,0.023601670083247168,8.729116649210992,-1.5851113095443348,0.0125404013277709,0.020427568427949863,0.023969714586121633,0.1,6.0,1.0202218304360122,True
2007-06-01,2004-07-28,2006-10-09,565,566,2007-10-26,382,2008-10-05,True,0.023610085718022162,8.822958522026083,-1.6303933383601168,0.008692916154998342,0.022245482059512572,0.023883640077214503,0.1,6.0,1.1982701664558157,True
2007-06-01,2004-07-14,2006-10-09,575,576,2007-11-07,394,2008-10-05,True,0.023494609995557542,8.888722200171957,-1.6619556467563847,0.005862769654371824,0.023108086931363958,0.023840212869177507,0.1,6.0,1.3223282706728186,True
2007-06-01,2004-06-30,2006-10-09,585,586,2007-10-30,386,2008-10-05,True,0.023332237977862987,8.84902820922789,-1.6430543430240934,0.0076544652170760785,0.022617632285236416,0.02387777476963874,0.1,6.0,1.2444666036953518,True
2007-06-01,2004-06-16,2006-10-09,595,596,2007-10-15,371,2008-10-05,True,0.02335993358125632,8.765681864734091,-1.602936219442498,0.0112021540106238,0.021259885100129022,0.024030625646212854,0.1,6.0,1.0858492228519212,True
2007-06-01,2004-06-02,2006-10-09,605,606,2007-10-06,362,2008-10-05,True,0.02324746071410506,8.72373029777393,-1.5828775633946817,0.013031919963362337,0.02032327715137236,0.024142628939346593,0.1,6.0,1.000610164830294,True
2007-06-01,2004-05-18,2006-10-09,615,616,2007-10-12,368,2008-10-05,True,0.023078958957456996,8.744704347897233,-1.5926648957135165,0.01200880984493169,0.020878141138673978,0.024085437328355053,0.1,6.0,1.0488224414195824,True
2007-06-01,2004-05-04,2006-10-09,625,626,2007-10-11,367,2008-10-05,True,0.02298412284906995,8.742023014384435,-1.591379614335378,0.012128447182528757,0.020827017864522873,0.02410111831821388,0.1,6.0,1.0434618471313248,True
2007-06-01,2006-04-21,2006-10-16,125,126,2008-09-22,707,2008-10-05,False,0.015669173891991656,-3.6992170441197647,0.02477466903894713,0.0037445075634266346,0.001606152258704932,0.004074440080637121,0.9,6.0,0.4051993311566393,True
2007-06-01,2006-04-05,2006-10-16,135,136,2007-11-11,391,2008-10-05,False,0.017588535396167594,5.769321881370618,0.00013595179461703275,-0.00012240243998865144,0.00015625667675507403,0.00019849056991634416,0.9,13.0,2.2352971853098897,True
2007-06-01,2006-03-22,2006-10-16,145,146,2007-08-18,306,2008-10-05,True,0.01762595490845693,5.8618490627342625,-0.00030887436546666057,0.00016461686414229797,-7.822358513815784e-05,0.0001822570745730064,0.9,13.0,-0.44359986640723514,True
2007-06-01,2006-03-08,2006-10-16,155,156,2007-07-22,279,2008-10-05,True,0.017478796251838142,5.875613590579466,-0.0004077977203445612,3.3476140851581744e-05,-0.00018394023729143154,0.00018696166158103933,0.9,13.0,-1.3907720019277148,True
2007-06-01,2006-02-22,2006-10-16,165,166,2007-07-21,278,2008-10-05,True,0.017093189618333195,5.876803335471012,-0.0004160524443968744,2.190541990521163e-05,-0.00018576906064151564,0.00018705611808453302,0.9,13.0,-1.4534208589947502,True
2007-06-01,2006-02-08,2006-10-16,175,176,2007-07-22,279,2008-10-05,True,0.016617375096016275,5.877507297207332,-0.00041706516131229495,3.289634338397325e-05,-0.00018326278156367368,0.00018619188090378982,0.9,13.0,-1.393184175687153,True
2007-06-01,2006-01-25,2006-10-16,185,186,2007-07-24,281,2008-10-05,True,0.01626082806236133,5.875978647237146,-0.0004072852946295126,4.437746505128178e-05,-0.00017845008413714726,0.00018388526839562943,0.9,13.0,-1.3270577731094524,True
2007-06-01,2006-01-11,2006-10-16,195,196,2007-07-28,285,2008-10-05,True,0.016185649811855746,5.876231722828893,-0.0004040299677471586,6.300807894096675e-05,-0.00016844630288111198,0.00017984486360790626,0.9,13.0,-1.2128549427744764,True
2007-06-01,2005-12-28,2006-10-16,205,206,2007-07-28,285,2008-10-05,True,0.016156678841111785,5.898626950511948,-0.0024669230111444753,0.0003032647215896702,-0.000793186177685214,0.0008491841990002758,0.6353238919166015,13.0,-1.2056084572520445,True
2007-06-01,2005-12-13,2006-10-16,215,216,2007-07-23,280,2008-10-05,True,0.015842660101795226,5.924098640440837,-0.008255720319524242,0.000529703409465199,-0.0022204273853596566,0.0022827359627548205,0.4691674465752346,13.0,-1.3366141083524226,True
2007-06-01,2005-11-29,2006-10-16,225,226,2007-07-21,278,2008-10-05,True,0.015573319248470467,5.9351516846201475,-0.012229428106214133,0.0004988174072460346,-0.0030773331087337237,0.0031174986556340998,0.41696254363786545,13.0,-1.4100999473467708,True
2007-06-01,2005-11-15,2006-10-16,235,236,2007-07-28,285,2008-10-05,True,0.015328344649668639,5.917912649897682,-0.005830017163151071,0.0006141644873788497,-0.0015743391441121733,0.001689894007990198,0.518474057665282,13.0,-1.198845305782912,True
2007-06-01,2005-11-01,2006-10-16,245,246,2007-08-07,295,2008-10-05,True,0.015309541015252252,5.906608667129049,-0.002382565432117952,0.0004972853525116411,-0.0005736721451888645,0.000759205144864167,0.6491949679763105,13.0,-0.8566032777164213,True
2007-06-01,2005-10-18,2006-10-16,255,256,2007-04-08,174,2008-10-05,True,0.01612942125805504,5.87813558917057,-0.0010216351617691106,-0.00012106492911251695,0.00040722799351235124,0.000424842742389598,0.7916532774676135,8.760724092270346,1.8597653003884507,True
2007-06-01,2005-10-04,2006-10-16,265,266,2007-06-06,233,2008-10-05,True,0.016114439519893525,5.887522860418368,-0.0009018436359507073,1.754991119662315e-05,0.0003426676961605007,0.0003431168159314763,0.8035674765915554,10.565261668182835,1.5196254961603457,True
2007-06-01,2005-09-20,2006-10-16,275,276,2007-06-19,246,2008-10-05,True,0.016024737570515247,5.887645501271169,-0.0009055953418815432,5.7890535561119e-05,-0.00033976920354622547,0.0003446656724798534,0.7980990940267245,11.067862852211606,-1.4020349825200078,True
2007-06-01,2005-09-06,2006-10-16,285,286,2007-05-24,220,2008-10-05,True,0.015804082993830192,5.885878634835741,-0.0011365306652433912,0.0004149830270006493,-0.0001398926006172747,0.00043792790777259896,0.7665616111298834,10.31485018537039,-0.3251406580656029,True
2007-06-01,2005-08-23,2006-10-16,295,296,2007-03-30,165,2008-10-05,True,0.01634707219788892,5.8852969576828285,-0.001969179377707,0.0006996938655518402,0.00027034176071211885,0.0007501041081581977,0.6939624232990396,8.550343579784023,0.36870273535910436,True
2007-06-01,2005-08-09,2006-10-16,305,306,2007-03-07,142,2008-10-05,True,0.016208934351562936,5.883129234011939,-0.002422928032472405,-0.00040278081068117507,0.0008445808702814047,0.0009357078752999141,0.6643942869353138,7.85457686815868,2.01579393755958,True
2007-06-01,2005-07-26,2006-10-16,315,316,2007-02-15,122,2008-10-05,True,0.016294439015357792,5.88347408263033,-0.0030468323807213028,-0.0007275156605252665,-0.0009031658645498326,0.0011597360109945544,0.6339297169937607,7.199097571357455,-2.248892387980256,True
2007-06-01,2005-07-12,2006-10-16,325,326,2007-01-28,104,2008-10-05,True,0.01668433361336763,5.885330160508959,-0.003800103621621599,0.0013993023465153176,7.900108449083077e-06,0.0013993246473484205,0.6064946565295531,6.565262035823816,0.005645688033828691,True
2007-06-01,2005-06-28,2006-10-16,335,336,2007-01-13,89,2008-10-05,True,0.017230290098999887,5.8863495081865365,-0.00443279655908643,-0.0014707351293667481,0.0006022947315122134,0.001589283097613762,0.5886664201940819,6.0,2.7529068339420903,True
2007-06-01,2005-06-14,2006-10-16,345,346,2007-01-21,97,2008-10-05,True,0.017643709530336317,5.8955786588015044,-0.004542614566931242,-0.0014561193431572267,0.0002678695160291789,0.0014805531463390092,0.5953862304728692,6.0,2.9596654612115443,True
2007-06-01,2005-05-31,2006-10-16,355,356,2007-02-03,110,2008-10-05,True,0.018438073534668666,5.9168520299742635,-0.00563289712572871,-0.0015307746540255622,-0.00020006925723230532,0.0015437936225728378,0.5804254367057399,6.0,-3.011631265125902,True
2007-06-01,2005-05-17,2006-10-16,365,366,2007-03-02,137,2008-10-05,True,0.0199436498920004,6.000035919257082,-0.015429127257516505,-0.002084400636649744,-0.001797722710578215,0.002752550264426527,0.4737383601398096,6.0,-2.429906347527528,True
2007-06-01,2005-05-03,2006-10-16,375,376,2007-04-14,180,2008-10-05,True,0.020981579027044873,6.7132075428952245,-0.35496820537839524,6.88274049684412e-05,-0.017625153243857952,0.01762528763116084,0.16758342991957,6.0,-1.566891279607103,True
2007-06-01,2005-04-19,2006-10-16,385,386,2007-05-06,202,2008-10-05,True,0.021425988850429067,7.6180357607952995,-1.0250252175770034,0.011419443955434538,-0.02490951703119637,0.027402330904117856,0.1,6.0,-1.140948391125762,True
2007-06-01,2005-04-05,2006-10-16,395,396,2007-05-05,201,2008-10-05,True,0.021233031985260355,7.602293165065987,-1.0167385990765272,0.010701174520685086,-0.0252175639643136,0.02739417216154574,0.1,6.0,-1.1694729615425037,True
2007-06-01,2005-03-18,2006-10-16,405,406,2007-05-07,203,2008-10-05,True,0.02098659238748495,7.626088927341774,-1.0293044602738304,0.01175952909980392,-0.024780102006054655,0.027428816600057852,0.1,6.0,-1.1277108763904795,True
2007-06-01,2005-03-04,2006-10-16,415,416,2007-05-05,201,2008-10-05,True,0.02080316117862354,7.60100842287414,-1.0160796692284197,0.010624581721096565,-0.02527869048925624,0.027420684338649776,0.1,6.0,-1.1729150918815947,True
2007-06-01,2005-02-18,2006-10-16,425,426,2007-05-02,198,2008-10-05,True,0.020609367570461064,7.5746481234362895,-1.0021783432858693,0.009390327562099607,-0.025775893670817868,0.027433099464931703,0.1,6.0,-1.2214335114337829,True
2007-06-01,2005-02-04,2006-10-16,435,436,2007-04-30,196,2008-10-05,True,0.02040740400442098,7.558468410432686,-0.9936507734081542,0.008607302058422514,-0.0260750526849364,0.02745895156860752,0.1,6.0,-1.251961108347032,True
2007-06-01,2005-01-21,2006-10-16,445,446,2007-05-07,203,2008-10-05,True,0.020523715626882422,7.6213150762640876,-1.0266915649989432,0.011603194489802682,-0.024690653586022293,0.027281174770767164,0.1,6.0,-1.131482304172026,True
2007-06-01,2005-01-07,2006-10-16,455,456,2007-05-14,210,2008-10-05,True,0.020745177756483563,7.695451429948737,-1.0655021138544933,0.014856066740675737,-0.02261140569819381,0.027055099087819348,0.1,6.0,-0.989504393037416,True
2007-06-01,2004-12-22,2006-10-16,465,466,2007-05-23,219,2008-10-05,True,0.02095375498800334,7.770700349575341,-1.104699168289051,0.017784170043074782,-0.020049113959994147,0.026800068557782285,0.1,6.0,-0.8451932336548267,True
2007-06-01,2004-12-08,2006-10-16,475,476,2007-06-01,228,2008-10-05,True,0.02120249081626142,7.852024606468647,-1.1468315213438671,0.020457795136291063,-0.01684799503092177,0.02650238325887728,0.1,6.0,-0.6889360108755317,True
2007-06-01,2004-11-24,2006-10-16,485,486,2007-06-09,236,2008-10-05,True,0.02137514235819258,7.92754272512641,-1.1857535906584875,0.02243429133979971,-0.01357045934461329,0.026219359159651755,0.1,6.0,-0.5440132349064818,True
2007-06-01,2004-11-10,2006-10-16,495,496,2007-06-17,244,2008-10-05,True,0.02143360562138442,7.9899369990552,-1.217772197122144,0.023674203077319017,-0.010703009510096423,0.025981191349115532,0.1,6.0,-0.424595488241284,True
2007-06-01,2004-10-27,2006-10-16,505,506,2007-06-29,256,2008-10-05,True,0.021821653091943744,8.086052552669463,-1.2667992885265567,0.024864619604271887,-0.006087526224452855,0.025598970362077905,0.1,6.0,-0.24010391080730098,True
2007-06-01,2004-10-13,2006-10-16,515,516,2007-07-14,271,2008-10-05,True,0.022454997547122938,8.208433680442132,-1.328876684773325,0.02517509672158863,-0.00022791412603695438,0.025176128371737178,0.1,6.0,-0.009052910591560165,True
2007-06-01,2004-09-29,2006-10-16,525,526,2007-07-23,280,2008-10-05,True,0.022485095050378406,8.276375889287081,-1.3631062509232912,0.02476971421423646,0.0029602896544599494,0.024945982784673977,0.1,6.0,0.11894828622354332,True
2007-06-01,2004-09-15,2006-10-16,535,536,2007-08-03,291,2008-10-05,True,0.022602626278286898,8.359737687194384,-1.4049161849667104,0.02374799743018502,0.00669644434568642,0.02467407037395634,0.1,6.0,0.27484318808523084,True
2007-06-01,2004-09-01,2006-10-16,545,546,2007-08-15,303,2008-10-05,True,0.02269486020924687,8.440976498352576,-1.4454808606015164,0.022246194217041715,0.01007293834070554,0.024420426776737458,0.1,6.0,0.42517480417990045,True
2007-06-01,2004-08-18,2006-10-16,555,556,2007-09-06,325,2008-10-05,True,0.02320095260375208,8.586282940664718,-1.5173452593720582,0.018433231415750706,0.015364914169475337,0.02399717916468439,0.1,6.0,0.694862742343187,True
2007-06-01,2004-08-04,2006-10-16,565,566,2007-10-02,351,2008-10-05,True,0.023736037077005608,8.754008060110609,-1.5996141187287305,0.012809566867454492,0.019871571911173183,0.023642427403985297,0.1,6.0,0.9982141112750048,True
2007-06-01,2004-07-21,2006-10-16,575,576,2007-10-11,360,2008-10-05,True,0.02362828473417396,8.811820937568354,-1.6278327813899978,0.010670283082649501,0.020985740184264037,0.023542647092995098,0.1,6.0,1.1004084305329025,True
2007-06-01,2004-07-07,2006-10-16,585,586,2007-10-14,363,2008-10-05,True,0.02345258152152571,8.830928731851213,-1.6370844423955637,0.009921539437481752,0.021311360406857688,0.023507680174795795,0.1,6.0,1.135085157172657,True
2007-06-01,2004-06-23,2006-10-16,595,596,2007-10-04,353,2008-10-05,True,0.023393016405024704,8.768117677296436,-1.606604015053003,0.012366043277461325,0.020176897866656468,0.023664873417399316,0.1,6.0,1.0209590869924174,True
2007-06-01,2004-06-09,2006-10-16,605,606,2007-09-24,343,2008-10-05,True,0.023344788240162125,8.71170186572905,-1.5791758216099432,0.014516949940481527,0.018931174250014393,0.023856470695785132,0.1,6.0,0.9166121520369804,True
2007-06-01,2004-05-25,2006-10-16,615,616,2007-09-23,342,2008-10-05,True,0.023183048782478025,8.703462805019017,-1.5751847330957753,0.014832865856136246,0.018725387610007665,0.023888366429104378,0.1,6.0,0.9008750966223114,True
2007-06-01,2004-05-11,2006-10-16,625,626,2007-09-27,346,2008-10-05,True,0.02304742010811393,8.728459732542326,-1.5872630339023224,0.013845266918549592,0.019323829554291905,0.0237718700292848,0.1,6.0,0.9490909462725765,True
2007-06-01,2004-04-27,2006-10-16,635,636,2007-09-20,339,2008-10-05,True,0.023042766173944396,8.68895606702917,-1.5681447098016177,0.01540517960140092,0.018382968742346656,0.02398443450101572,0.1,6.0,0.8733022190564398,True
2007-06-01,2006-04-28,2006-10-23,125,126,2008-10-02,710,2008-10-05,False,0.01573674451746557,-3.8408224558953967,0.02499525419110016,0.0037243776742110213,0.0017920379614787072,0.004133084697358893,0.9,6.0,0.4484659068161115,True
2007-06-01,2006-04-12,2006-10-23,135,136,2008-08-31,678,2008-10-05,False,0.017065695419450425,5.016390449575766,0.002113903974007002,-0.0002485429563140112,0.00022464801475477556,0.00033502288230294113,0.9,13.0,2.406649091802181,True
2007-06-01,2006-03-29,2006-10-23,145,146,2007-11-14,387,2008-10-05,True,0.017854774984411383,5.85643537422909,-0.00019967702679145728,-9.712545490136494e-05,0.00015377082244980185,0.00018187583629137091,0.9,13.0,2.1341453185983874,True
2007-06-01,2006-03-15,2006-10-23,155,156,2007-09-23,335,2008-10-05,True,0.017698580195548815,5.8986257084155715,-0.00042684830699721694,0.00015029108171055186,8.996764086799332e-05,0.00017516159865986608,0.9,13.0,0.5394061042803663,True
2007-06-01,2006-03-01,2006-10-23,165,166,2007-08-20,301,2008-10-05,True,0.01768049127514976,5.908698286225534,-0.0005195284255010005,0.00015313237609290774,-9.638510359572765e-05,0.00018094090969987658,0.9,13.0,-0.561773878447478,True
2007-06-01,2006-02-15,2006-10-23,175,176,2007-08-20,301,2008-10-05,True,0.01721106933769813,5.907933469374683,-0.0005157434467178194,0.0001539137186142058,-9.511432479137209e-05,0.00018093138909037188,0.9,13.0,-0.5535292965789896,True
2007-06-01,2006-02-01,2006-10-23,185,186,2007-08-19,300,2008-10-05,True,0.0167965489665544,5.907453371348419,-0.000515139696279294,0.0001508930193558633,-0.00010029869915747231,0.00018118645739406152,0.9,13.0,-0.5866403308372914,True
2007-06-01,2006-01-18,2006-10-23,195,196,2007-08-18,299,2008-10-05,True,0.016477962229622688,5.90820296057641,-0.0005199033680707049,0.00014873355655979506,-0.00010574912955612994,0.00018249534034819878,0.9,13.0,-0.6180685108181336,True
2007-06-01,2006-01-04,2006-10-23,205,206,2007-08-29,310,2008-10-05,True,0.01661877464212858,5.908685963403422,-0.0005064465187909148,0.00016539676537937907,-4.710322930369178e-05,0.00017197326597118964,0.9,13.0,-0.2774442762455157,True
2007-06-01,2005-12-20,2006-10-23,215,216,2007-08-23,304,2008-10-05,True,0.016385406192690292,5.949886748730473,-0.004649745214644735,0.0010249723263899778,-0.0004938626248993994,0.001137747143322192,0.5851112207162195,13.0,-0.4490063995861137,True
2007-06-01,2005-12-06,2006-10-23,225,226,2007-08-18,299,2008-10-05,True,0.016114810029586125,6.00675077861112,-0.01999735209710048,0.0029299812371269785,-0.002008311999183104,0.0035521975080193635,0.39514151780228424,13.0,-0.6008838378061798,True
2007-06-01,2005-11-22,2006-10-23,235,236,2007-08-18,299,2008-10-05,True,0.015822503333840946,6.008634902942286,-0.020370033841739382,0.0029950822594884165,-0.0019721096686264807,0.003586047167312818,0.3933989501373887,13.0,-0.5822920266508994,True
2007-06-01,2005-11-08,2006-10-23,245,246,2007-08-22,303,2008-10-05,True,0.015550951814831954,5.985904313177384,-0.012399184180378116,0.0021680021975126304,-0.0011307563639817164,0.002445167373229233,0.45675965280893116,13.0,-0.48075123143124115,True
2007-06-01,2005-10-25,2006-10-23,255,256,2007-09-07,319,2008-10-05,True,0.016073007816661256,5.9477861359789514,-0.002352693093662177,0.0003073677874292068,-0.0004966147011457992,0.0005840386272698558,0.6905748306586905,12.833830052649757,-1.0165767062345026,True
2007-06-01,2005-10-11,2006-10-23,265,266,2007-06-29,249,2008-10-05,True,0.01611498887448928,5.923013550319023,-0.001585506102947492,-0.0004136515257423091,0.00021544969564514234,0.00046639699409679376,0.749113004525182,10.652204406229407,2.6614058478546947,True
2007-06-01,2005-09-27,2006-10-23,275,276,2007-09-04,316,2008-10-05,True,0.016245308116330983,5.937552529548138,-0.0018077839566258153,0.00025279824803462814,-0.000409935397955338,0.00048161601375595756,0.7237061086045984,12.846099492164782,-1.0182035770757902,True
2007-06-01,2005-09-13,2006-10-23,285,286,2007-09-09,321,2008-10-05,True,0.01600243906473177,5.940293293753117,-0.001795441886778568,0.0004377024718471684,-0.00017076865859629026,0.00046983549101775786,0.726391611083711,12.928614889520055,-0.37198435916895506,True
2007-06-01,2005-08-30,2006-10-23,295,296,2007-07-23,273,2008-10-05,True,0.016180467315782262,5.940277890121499,-0.0025878433441203228,-1.2007809187645243e-05,0.0006709278023008861,0.0006710352474958255,0.6796739350508664,11.411340476473871,1.5886917356642993,True
2007-06-01,2005-08-16,2006-10-23,305,306,2007-05-21,210,2008-10-05,True,0.016406848609395827,5.9319873407521415,-0.003663130361295751,3.9214515820109154e-05,0.0009896710496939485,0.0009904476588156123,0.6312405658861163,9.585243996205795,1.5311932563628154,True
2007-06-01,2005-08-02,2006-10-23,315,316,2007-04-19,178,2008-10-05,True,0.01634157954924357,5.926835739186534,-0.004444494448774223,2.6384733849746985e-05,0.0012339994339637204,0.0012342814740581277,0.6029842879958869,8.664812098493629,1.549418104506409,True
2007-06-01,2005-07-19,2006-10-23,325,326,2007-03-25,153,2008-10-05,True,0.016602487499913998,5.92737268278304,-0.005521793496638002,-0.0011770119819377097,0.0009433628848433809,0.0015084066885707452,0.5749623858993476,7.8516248878548875,2.465944066942463,True
2007-06-01,2005-07-05,2006-10-23,335,336,2007-02-20,120,2008-10-05,True,0.01709222711240045,5.92243686882407,-0.006756154539299749,-0.001010817786751198,0.0015841504189488965,0.0018791713992790957,0.54636129060866,6.843497011800745,2.138747626821317,True
2007-06-01,2005-06-21,2006-10-23,345,346,2007-01-31,100,2008-10-05,True,0.017500085264710488,5.9200640908524305,-0.0075241070180273656,-0.0009677461501581596,-0.0018610365869215233,0.002097615262388804,0.532692236815995,6.186752432700721,-2.0503186323922358,True
2007-06-01,2005-06-07,2006-10-23,355,356,2007-01-31,100,2008-10-05,True,0.017918139129120093,5.925925879541662,-0.007708874403637754,-0.0020339319376433008,-0.00010729195055536557,0.002036759850748096,0.5360060329209808,6.0,-3.0888904981763687,True
2007-06-01,2005-05-24,2006-10-23,365,366,2007-02-15,115,2008-10-05,True,0.01900391165997437,5.9528835318005795,-0.009315660579297726,-0.001895790405386999,-0.0008209905354180638,0.0020659251487901106,0.5260847539707926,6.0,-2.7329151724242426,True
2007-06-01,2005-05-10,2006-10-23,375,376,2007-03-20,148,2008-10-05,True,0.02055477930403342,6.082446562057726,-0.0305866739055752,-0.0019267810947690978,-0.0036356975617771623,0.004114703166435217,0.4035067813127038,6.0,-2.0581251411721024,True
2007-06-01,2005-04-26,2006-10-23,385,386,2007-04-27,186,2008-10-05,True,0.021292061102378985,6.720536489231275,-0.33383234730395706,0.003934969047711581,-0.016048526649281997,0.0165238975129708,0.17835107292537777,6.0,-1.3303480105709713,True
2007-06-01,2005-04-12,2006-10-23,395,396,2007-05-12,201,2008-10-05,True,0.021271228823143976,7.651140324911284,-1.0420396488778003,0.01328618883699706,-0.023860533378509297,0.02731021543157984,0.1,6.0,-1.0627267836132501,True
2007-06-01,2005-03-29,2006-10-23,405,406,2007-05-10,199,2008-10-05,True,0.021033652039111887,7.632254651588783,-1.0320912751790916,0.012487841524035537,-0.02425531209687523,0.02728124540497094,0.1,6.0,-1.0953396098770751,True
2007-06-01,2005-03-11,2006-10-23,415,416,2007-05-11,200,2008-10-05,True,0.02079643591936136,7.641602176290653,-1.037037370034544,0.012878250287132367,-0.024076515699230194,0.027304357503396832,0.1,6.0,-1.079629047471115,True
2007-06-01,2005-02-25,2006-10-23,425,426,2007-05-04,193,2008-10-05,True,0.02065462121895915,7.07033256008419,-0.5795208992735844,0.007731893702213846,-0.02012005585271727,0.02155455468662706,0.13731045532946506,6.0,-1.20390782065957,True
2007-06-01,2005-02-11,2006-10-23,435,436,2007-04-25,184,2008-10-05,True,0.02046696871795829,6.509578044185873,-0.19717485110773444,0.0026248500767748553,-0.012138490173412328,0.012419049142972767,0.22552067884828175,6.0,-1.3578334486242303,True
2007-06-01,2005-01-28,2006-10-23,445,446,2007-05-05,194,2008-10-05,True,0.020344988954642387,7.271218982481425,-0.7397087840334584,0.009086157979206005,-0.022191205715376056,0.023979321882097247,0.1201820663105954,6.0,-1.1821712408516014,True
2007-06-01,2005-01-14,2006-10-23,455,456,2007-05-14,203,2008-10-05,True,0.020555020289172124,7.667540710446199,-1.050509535035723,0.014042454548910295,-0.02312741664831619,0.02705675388111117,0.1,6.0,-1.0251157226581786,True
2007-06-01,2004-12-30,2006-10-23,465,466,2007-05-21,210,2008-10-05,True,0.02075113801904241,7.739484645218474,-1.0881130773284968,0.01689203784140807,-0.02086927550823997,0.026848977683971265,0.1,6.0,-0.890336982149997,True
2007-06-01,2004-12-15,2006-10-23,475,476,2007-05-29,218,2008-10-05,True,0.020975478528953394,7.816504054054537,-1.1281819704402982,0.0195331516819693,-0.01805177315860973,0.026597190242593723,0.1,6.0,-0.7460043865514818,True
2007-06-01,2004-12-01,2006-10-23,485,486,2007-06-06,226,2008-10-05,True,0.021150901208981197,7.89024913023236,-1.1663574924213962,0.021622924176530806,-0.015041652566361197,0.026340124560660694,0.1,6.0,-0.6077901019768978,True
2007-06-01,2004-11-17,2006-10-23,495,496,2007-06-14,234,2008-10-05,True,0.02131757334238403,7.963447307021331,-1.204072774525172,0.023237881859173692,-0.011827510114268636,0.026074684059524875,0.1,6.0,-0.47080211722249915,True
2007-06-01,2004-11-03,2006-10-23,505,506,2007-06-22,242,2008-10-05,True,0.021423540249309196,8.031198043784627,-1.238804513751311,0.024299728717380675,-0.008697422332873045,0.025809338832574805,0.1,6.0,-0.3437153153686773,True
2007-06-01,2004-10-20,2006-10-23,515,516,2007-07-06,256,2008-10-05,True,0.022168070519736603,8.150560707596297,-1.299745915798333,0.0251878994741212,-0.00311902651785953,0.02538027987114299,0.1,6.0,-0.12320317816848149,True
2007-06-01,2004-10-06,2006-10-23,525,526,2007-07-16,266,2008-10-05,True,0.02234453451978742,8.233548995676667,-1.3418236333163138,0.0250844254848,0.0007409880528095325,0.025095367405098698,0.1,6.0,0.029531178135131057,True
2007-06-01,2004-09-22,2006-10-23,535,536,2007-07-27,277,2008-10-05,True,0.022512409937535196,8.318168427696536,-1.3844916468499893,0.024376216235026116,0.004556003094546887,0.024798328212487866,0.1,6.0,0.18477176375157203,True
2007-06-01,2004-09-08,2006-10-23,545,546,2007-08-05,286,2008-10-05,True,0.022556178680753634,8.388782285082645,-1.4199738581915946,0.023371127194465158,0.007555986781613996,0.024562217379214654,0.1,6.0,0.31269746623363315,True
2007-06-01,2004-08-25,2006-10-23,555,556,2007-08-18,299,2008-10-05,True,0.022777423262704155,8.485334448065265,-1.4682117770739431,0.021422956625896716,0.011345646361166322,0.02424183907932108,0.1,6.0,0.487048016596973,True
2007-06-01,2004-08-11,2006-10-23,565,566,2007-09-12,324,2008-10-05,True,0.023578081108709265,8.660423031029213,-1.5549940422390636,0.016572733938967465,0.01700392501949454,0.02374424090764741,0.1,6.0,0.7982394463813249,True
2007-06-01,2004-07-28,2006-10-23,575,576,2007-09-23,335,2008-10-05,True,0.02361813193420364,8.740910922138822,-1.5946379369464778,0.013929890389811794,0.01900004119413777,0.023559359321745216,0.1,6.0,0.9381663731061142,True
2007-06-01,2004-07-14,2006-10-23,585,586,2007-10-02,344,2008-10-05,True,0.023527951521432677,8.802487862795251,-1.6248061050379174,0.011750120262270236,0.020253378460352828,0.023415052108336155,0.1,6.0,1.0450957642572545,True
2007-06-01,2004-06-30,2006-10-23,595,596,2007-09-30,342,2008-10-05,True,0.023357514554021363,8.785647919552446,-1.616492636942215,0.012332978894517177,0.01994924451300889,0.023453671888478814,0.1,6.0,1.0170889412965995,True
2007-06-01,2004-06-16,2006-10-23,605,606,2007-09-19,331,2008-10-05,True,0.02335513200462503,8.71591633544319,-1.58239281186883,0.014855102233484296,0.018460162492785703,0.02369497123077642,0.1,6.0,0.8931892067125045,True
2007-06-01,2004-06-02,2006-10-23,615,616,2007-09-14,326,2008-10-05,True,0.02323198395355891,8.683801787776735,-1.566724421388578,0.016013194039389833,0.017659343393371246,0.023838514895608634,0.1,6.0,0.8342462739924047,True
2007-06-01,2004-05-18,2006-10-23,625,626,2007-09-17,329,2008-10-05,True,0.02307115803670384,8.69884007921486,-1.5740609202178455,0.015466034793130912,0.018037046378610117,0.02375990897050046,0.1,6.0,0.8619876110686087,True
2007-06-01,2004-05-04,2006-10-23,635,636,2007-09-16,328,2008-10-05,True,0.02297767211082737,8.69716347072816,-1.57331105864702,0.015552105623557355,0.01798295336686956,0.023775083619648734,0.1,6.0,0.8577583648129804,True
2007-06-01,2006-05-08,2006-10-30,125,126,2008-10-04,705,2008-10-05,False,0.015799310949270045,-2.2670370219373788,0.02101997814280094,0.0032322239447981627,0.001456321729382001,0.0035451579102766043,0.9,6.0,0.423322330480077,True
2007-06-01,2006-04-21,2006-10-30,135,136,2008-10-02,703,2008-10-05,False,0.015619481022988426,-1.6819203328053152,0.01958461594713121,0.003069039628984683,0.0012818811468396198,0.00332599211046889,0.9,6.0,0.39565553781495527,True
2007-06-01,2006-04-05,2006-10-30,145,146,2008-05-13,561,2008-10-05,False,0.01746845840518332,5.644306776211172,0.0005391523190571511,0.00022616743858832244,3.6990765428831364e-05,0.00022917248308776825,0.9,13.0,0.16211937537581342,True
2007-06-01,2006-03-22,2006-10-30,155,156,2007-11-02,368,2008-10-05,True,0.017773925407629614,5.907253745612613,-0.00040895830445759326,4.729235296748174e-05,0.00017073047233118145,0.00017715942207974488,0.9,12.940462811309997,1.3005716182294087,True
2007-06-01,2006-03-08,2006-10-30,165,166,2007-09-24,329,2008-10-05,True,0.01788693692229578,5.931350902990136,-0.0005630064709006713,0.00015707927875856952,7.87522699056475e-05,0.00017571516676315776,0.9,13.0,0.46472994335503565,True
2007-06-01,2006-02-22,2006-10-30,175,176,2007-09-16,321,2008-10-05,True,0.0175669851189982,5.935507084373726,-0.0005936790804920212,0.00017294499783143775,3.617460490694484e-05,0.00017668778767953818,0.9,13.0,0.20619545509963005,True
2007-06-01,2006-02-08,2006-10-30,185,186,2007-09-11,316,2008-10-05,True,0.017131224143861697,5.935376504611625,-0.0006018075235638879,0.000178825099803534,6.566400584082683e-06,0.00017894561725947505,0.9,13.0,0.03670319066356059,True
2007-06-01,2006-01-25,2006-10-30,195,196,2007-09-13,318,2008-10-05,True,0.016747137939904472,5.936400412603561,-0.0006033099469077254,0.0001773980580279756,1.623875926232163e-05,0.00017813974372519076,0.9,13.0,0.09128414153978813,True
2007-06-01,2006-01-11,2006-10-30,205,206,2007-09-13,318,2008-10-05,True,0.016642264222456536,5.935268601754426,-0.0005977363788713429,0.00017559942311876151,1.8885845038257718e-05,0.00017661209625178826,0.9,13.0,0.10713889276415076,True
2007-06-01,2005-12-28,2006-10-30,215,216,2007-09-19,324,2008-10-05,True,0.01661064317501237,5.9420837138947435,-0.0008737507175316279,0.00022959711503937514,7.077012156945351e-05,0.00024025662392816412,0.8427840465547841,13.0,0.2989956262318408,True
2007-06-01,2005-12-13,2006-10-30,225,226,2007-09-15,320,2008-10-05,True,0.016394106096732374,6.000059869948349,-0.007139225046272021,0.001353122963712568,0.00025413447653503587,0.0013767810599692387,0.5533333800720143,13.0,0.18565058345029425,True
2007-06-01,2005-11-29,2006-10-30,235,236,2007-09-11,316,2008-10-05,True,0.016186257158805912,6.078490353567717,-0.02925946892165799,0.004024383409887608,0.00022478855195041426,0.004030656487827581,0.3751600132084097,13.0,0.05579866237489484,True
2007-06-01,2005-11-15,2006-10-30,245,246,2007-09-10,315,2008-10-05,True,0.015876060190203656,6.0799328315568255,-0.030284202062120978,0.004147753962739998,0.00011809951191735831,0.0041494349531159625,0.3704860708049582,13.0,0.028465432937821892,True
2007-06-01,2005-11-01,2006-10-30,255,256,2007-09-14,319,2008-10-05,True,0.015677001807319808,6.044299344382441,-0.017082710269586136,0.002643830259179241,0.00045510296721280137,0.002682714511482291,0.4419701631617708,13.0,0.1704671157210869,True
2007-06-01,2005-10-18,2006-10-30,265,266,2007-09-09,314,2008-10-05,True,0.01621865676191548,5.9729451530790465,-0.002400081678111372,0.00022606844402232797,0.0004851992315168117,0.0005352805205190836,0.7101250467384277,12.159135858121491,1.1347749995265348,True
2007-06-01,2005-10-04,2006-10-30,275,276,2007-09-30,335,2008-10-05,True,0.01621279309153887,5.9879961403130215,-0.003710727078646816,0.0006284236828380894,0.0004307160826276592,0.000761861318735834,0.6468573058877969,13.0,0.6008539879271373,True
2007-06-01,2005-09-20,2006-10-30,285,286,2007-09-21,326,2008-10-05,True,0.016171363692689976,5.990681972493944,-0.00510843245184545,0.0009662499527905068,0.00036513960910354126,0.0010329404171606142,0.599114361377268,13.0,0.3613050505604173,True
2007-06-01,2005-09-06,2006-10-30,295,296,2007-09-23,328,2008-10-05,True,0.01593267531839508,5.992846374233824,-0.005026323196058744,0.0009145296758468195,0.00041577998451234276,0.0010046081442659982,0.6029460085603044,13.0,0.426704226910344,True
2007-06-01,2005-08-23,2006-10-30,305,306,2007-08-16,290,2008-10-05,True,0.016447163954290543,5.996337434664674,-0.0060449419690832736,-0.0011138285788476056,-0.00037336946514812187,0.0011747420400082186,0.584053957371319,11.61775079714256,-2.818151640137827,True
2007-06-01,2005-08-09,2006-10-30,315,316,2007-06-22,235,2008-10-05,True,0.0163234513680581,5.980565735650732,-0.007142203416047707,0.0012223284058604914,-0.0008488780726207707,0.0014881803365015293,0.5568728959357379,10.14551983265152,-0.6070091351266298,True
2007-06-01,2005-07-26,2006-10-30,325,326,2007-06-02,215,2008-10-05,True,0.01641303481469924,5.983091291432489,-0.008301862064026557,0.0008651345364741401,0.001454060366857672,0.0016919661097866566,0.5389698892774637,9.454876758649565,1.0340773476642802,True
2007-06-01,2005-07-12,2006-10-30,335,336,2007-04-19,171,2008-10-05,True,0.016804021810137387,5.974028300821557,-0.010004275748993445,0.0004335682954370113,-0.002058988351039067,0.0021041422234541877,0.5116647871363825,8.17138505563339,-1.3632549600633996,True
2007-06-01,2005-06-28,2006-10-30,345,346,2007-03-15,136,2008-10-05,True,0.017337499674909485,5.965017110407782,-0.011200478502448855,-0.0010546882477364223,-0.002192431456729522,0.0024329247814863612,0.49478281835037713,7.121311527753665,-2.0191764062890867,True
2007-06-01,2005-06-14,2006-10-30,355,356,2007-02-19,112,2008-10-05,True,0.017661681944112752,5.956918236458241,-0.011700782221481217,0.0023122384690003562,-0.0012408114400508806,0.0026241302877879845,0.4877018843304758,6.3878422359093925,-0.4925187121151914,True
2007-06-01,2005-05-31,2006-10-30,365,366,2007-02-11,104,2008-10-05,True,0.01827215317552568,5.956477464410412,-0.011440123975190649,-0.002436444863831757,-0.0006981182013977992,0.0025344886264520986,0.49464950738542185,6.0,-2.8625376200928128,True
2007-06-01,2005-05-17,2006-10-30,375,376,2007-02-28,121,2008-10-05,True,0.019687819532326793,5.985945042732289,-0.01276732040235237,-0.0018669004278819958,-0.0015152168016676329,0.0024044124362683434,0.4962555660307982,6.0,-2.459805404196367,True
2007-06-01,2005-05-03,2006-10-30,385,386,2007-03-29,150,2008-10-05,True,0.020798047188482615,6.095567361916894,-0.02992689133579345,-0.0011107594796387005,-0.0036874558876801903,0.0038511189990955274,0.4123712784012969,6.0,-1.8633779825473724,True
2007-06-01,2005-04-19,2006-10-30,395,396,2007-05-01,183,2008-10-05,True,0.02130942898969131,6.433110400148656,-0.14713996283546105,0.003147045939270586,-0.009616455729735886,0.010118306130269514,0.25609318451666524,6.0,-1.254525016485556,True
2007-06-01,2005-04-05,2006-10-30,405,406,2007-04-28,180,2008-10-05,True,0.0211220627188778,6.381037623339554,-0.12297473285132209,0.0024410713476543736,-0.008768382717060097,0.00910183304599559,0.2730142947958721,6.0,-1.299276829951225,True
2007-06-01,2005-03-18,2006-10-30,415,416,2007-05-03,185,2008-10-05,True,0.020884871275687063,6.486224541469363,-0.17307338724666996,0.003927892364768083,-0.0103874480991515,0.011105287769426306,0.24130932038246794,6.0,-1.2092770793910956,True
2007-06-01,2005-03-04,2006-10-30,425,426,2007-04-27,179,2008-10-05,True,0.020705035746948354,6.334082050752765,-0.10160830150610425,0.0019538229667741946,-0.007850947575801289,0.008090414205927559,0.29212372020294425,6.0,-1.326886555942689,True
2007-06-01,2005-02-18,2006-10-30,435,436,2007-04-24,176,2008-10-05,True,0.020509928026155744,6.295130505904278,-0.08674720735383376,0.0013803116502967838,-0.007239340676628993,0.0073697566909797065,0.30730728667515506,6.0,-1.3823895950171237,True
2007-06-01,2005-02-04,2006-10-30,445,446,2007-04-21,173,2008-10-05,True,0.0203076408402013,6.2598061664289855,-0.07358176282119741,0.0009641248450007571,-0.006587682072563071,0.006657859401182682,0.3238774538746833,6.0,-1.4254753468508385,True
2007-06-01,2005-01-21,2006-10-30,455,456,2007-05-05,187,2008-10-05,True,0.020441735113401197,6.582452198375861,-0.22796315036949807,0.004959235688920335,-0.011986170745775945,0.012971596191878477,0.2157417006874083,6.0,-1.178496009602493,True
2007-06-01,2005-01-07,2006-10-30,465,466,2007-05-21,203,2008-10-05,True,0.02064098304855098,7.717227018938984,-1.0759966715142564,0.01642101467954301,-0.021164091249253225,0.026787468740298775,0.1,6.0,-0.9109302316264042,True
2007-06-01,2004-12-22,2006-10-30,475,476,2007-05-28,210,2008-10-05,True,0.02081914444736774,7.789801592103555,-1.1138457703707316,0.018947168629979784,-0.018649490708132155,0.026585686050309056,0.1,6.0,-0.7774806593719203,True
2007-06-01,2004-12-08,2006-10-30,485,486,2007-06-05,218,2008-10-05,True,0.021041777765775725,7.867570150166313,-1.1542211513437939,0.021215413026495406,-0.015618864640663033,0.026344689835869104,0.1,6.0,-0.6346128209457427,True
2007-06-01,2004-11-24,2006-10-30,495,496,2007-06-13,226,2008-10-05,True,0.021197715001546737,7.93915625032777,-1.1912262289416577,0.02287087105682256,-0.01259845251771502,0.026111257126743705,0.1,6.0,-0.5034966814197908,True
2007-06-01,2004-11-10,2006-10-30,505,506,2007-06-19,232,2008-10-05,True,0.021248230365927188,7.997720944466674,-1.2213934904693746,0.023900652874616263,-0.010010676375513783,0.025912445838403065,0.1,6.0,-0.3966460421012215,True
2007-06-01,2004-10-27,2006-10-30,515,516,2007-06-30,243,2008-10-05,True,0.02162593515601603,8.088952311828159,-1.2681337145316607,0.024901878648571657,-0.0058241177779078945,0.025573891141535965,0.1,6.0,-0.2297528391435535,True
2007-06-01,2004-10-13,2006-10-30,525,526,2007-07-13,256,2008-10-05,True,0.022254955495833742,8.208147686509284,-1.328843491951062,0.025160816808637132,-0.00034942501353707467,0.025163243040551873,0.1,6.0,-0.01388677301610507,True
2007-06-01,2004-09-29,2006-10-30,535,536,2007-07-21,264,2008-10-05,True,0.022292015954005696,8.26889442326341,-1.3596836929468366,0.024858923192640214,0.002350134068188542,0.0249697655663013,0.1,6.0,0.09425870311563893,True
2007-06-01,2004-09-15,2006-10-30,545,546,2007-07-30,273,2008-10-05,True,0.022420119964680147,8.348282158188125,-1.3997514356623846,0.024011866132313375,0.005779217562105102,0.024697551918890302,0.1,6.0,0.23618948509068347,True
2007-06-01,2004-09-01,2006-10-30,555,556,2007-08-09,283,2008-10-05,True,0.022526575461872925,8.426795648892647,-1.4392001861926806,0.022723576880172125,0.008961891036153483,0.024426961275872634,0.1,6.0,0.3756585323113899,True
2007-06-01,2004-08-18,2006-10-30,565,566,2007-08-25,299,2008-10-05,True,0.023056790996727656,8.551899870434541,-1.50176679303423,0.01991195404347812,0.013459132482303293,0.024034020907991577,0.1,6.0,0.5943898565450405,True
2007-06-01,2004-08-04,2006-10-30,575,576,2007-09-15,320,2008-10-05,True,0.023625088995237235,8.705452105758624,-1.5778681784744466,0.01540578298311851,0.01788362527387176,0.023604283557422553,0.1,6.0,0.8596945103565607,True
2007-06-01,2004-07-21,2006-10-30,585,586,2007-09-23,328,2008-10-05,True,0.023535940855598812,8.760016921583617,-1.6048182346907587,0.013618040327789793,0.019116172570244103,0.02347081328170505,0.1,6.0,0.9518077428554862,True
2007-06-01,2004-07-07,2006-10-30,595,596,2007-09-25,330,2008-10-05,True,0.023369219854016923,8.776319000266609,-1.6129022091120078,0.013085322243041153,0.01944582625317895,0.02343855406958909,0.1,6.0,0.9784827534622965,True
2007-06-01,2004-06-23,2006-10-30,605,606,2007-09-19,324,2008-10-05,True,0.023296447690786874,8.734070944439717,-1.591994354399807,0.01450097937024375,0.01857346315536415,0.023563784421860263,0.1,6.0,0.9079123297032607,True
2007-06-01,2004-06-09,2006-10-30,615,616,2007-09-12,317,2008-10-05,True,0.02323676176294169,8.684685790313722,-1.5677276237560096,0.016201357845305797,0.017402010582008243,0.02377633210417407,0.1,6.0,0.8211131005964316,True
2007-06-01,2004-05-25,2006-10-30,625,626,2007-09-11,316,2008-10-05,True,0.023077023545593076,8.678822703983663,-1.5648612298230353,0.01640495746336601,0.01724928029808831,0.023804627705067468,0.1,6.0,0.8104810597694341,True
2007-06-01,2004-05-11,2006-10-30,635,636,2007-09-14,319,2008-10-05,True,0.02295067431096091,8.69984472739286,-1.575227441970897,0.01568154779632852,0.01775365491973871,0.023687617108896757,0.1,6.0,0.8472928203457123,True
2007-06-01,2004-04-27,2006-10-30,645,646,2007-09-09,314,2008-10-05,True,0.022938212869249453,8.6675018212111,-1.5593351517760259,0.016823790704007524,0.016969488954377804,0.023895679296161477,0.1,6.0,0.7897095930389327,True
2007-06-01,2006-05-15,2006-11-06,125,126,2008-09-20,684,2008-10-05,False,0.01320075067988177,2.0431626880220866,0.010136667824608868,0.001835630203062811,0.00043573273129888894,0.0018866375527699024,0.9,6.0,0.23306147774015834,True
2007-06-01,2006-04-28,2006-11-06,135,136,2008-10-02,696,2008-10-05,False,0.015527580273243684,-1.9592453920203663,0.020330325354552578,0.003191361282217626,0.0013101824057003865,0.0034498354699673116,0.9,6.0,0.38955968598035773,True
2007-06-01,2006-04-12,2006-11-06,145,146,2008-09-23,687,2008-10-05,False,0.0166074820216134,3.9881191098608295,0.004812062462334208,-0.0006856748286189936,-0.00024033453664335197,0.000726574607390914,0.9,9.325765063184686,-2.8044653137290454,True
2007-06-01,2006-03-29,2006-11-06,155,156,2008-01-19,439,2008-10-05,True,0.01753337708001666,5.870298717486476,-0.00019729944797840338,-0.0001517232000752525,-0.00010565925904924074,0.0001848886380065299,0.9,13.0,-2.533290335896579,True
2007-06-01,2006-03-15,2006-11-06,165,166,2007-11-10,369,2008-10-05,True,0.017539854121326085,5.9353223075955075,-0.0005098824640081638,-4.2678151610584195e-05,0.0001667500740681778,0.00017212498896627065,0.9,13.0,1.8213584921514252,True
2007-06-01,2006-03-01,2006-11-06,175,176,2007-10-07,335,2008-10-05,True,0.017712417114371565,5.953704115535176,-0.0006373416330212741,0.00012630269257986483,0.00011846996716899727,0.0001731690020585299,0.9,13.0,0.753409078138233,True
2007-06-01,2006-02-15,2006-11-06,185,186,2007-09-30,328,2008-10-05,True,0.017272411085316675,5.9527359281825465,-0.000644150810266303,0.00014894442124811037,9.24353832360111e-05,0.00017529615139792086,0.9,13.0,0.5554313159826257,True
2007-06-01,2006-02-01,2006-11-06,195,196,2007-09-26,324,2008-10-05,True,0.016892783131546702,5.952403552163868,-0.0006498027650700597,0.0001611696606156918,7.309727499683793e-05,0.00017697138501729772,0.9,13.0,0.42579588206863545,True
2007-06-01,2006-01-18,2006-11-06,205,206,2007-09-22,320,2008-10-05,True,0.01661103591589164,5.952258993843399,-0.0006552848071016049,0.00017074423934329368,5.532392791665383e-05,0.00017948351531281938,0.9,13.0,0.31334197853127815,True
2007-06-01,2006-01-04,2006-11-06,215,216,2007-10-02,330,2008-10-05,True,0.01667529668436325,5.952177434382274,-0.0006391734277377902,0.00014065418004457635,9.758926195725537e-05,0.0001711936401078437,0.9,13.0,0.6065690378429754,True
2007-06-01,2005-12-20,2006-11-06,225,226,2007-10-03,331,2008-10-05,True,0.016497387970368965,5.98134763431926,-0.0021882426054650383,0.00038142014572880385,0.00029543494015497407,0.0004824553154771487,0.7262107807792781,13.0,0.6590386436842172,True
2007-06-01,2005-12-06,2006-11-06,235,236,2007-09-25,323,2008-10-05,True,0.01631713382206977,6.086450383890946,-0.02301854422978972,0.002876994070903048,0.001308656971890281,0.003160645180036559,0.4164492141368212,13.0,0.4268960523582217,True
2007-06-01,2005-11-22,2006-11-06,245,246,2007-09-25,323,2008-10-05,True,0.016051898726821973,6.136272529862204,-0.03998597788975053,0.0042355789098148236,0.0019481388986749143,0.004662121177082213,0.3517496642873225,13.0,0.4310944281460895,True
2007-06-01,2005-11-08,2006-11-06,255,256,2007-09-25,323,2008-10-05,True,0.015756489010964225,6.135802319077731,-0.03963405415613029,0.004186030918249573,0.0019714671837909106,0.004627044165048117,0.3529233132970137,13.0,0.4401496513599893,True
2007-06-01,2005-10-25,2006-11-06,265,266,2007-10-11,339,2008-10-05,True,0.01602670816581023,6.030513656676374,-0.00690079896317373,0.0007579379629725149,0.0009038218981986929,0.0011795609265224131,0.5751047525023066,13.0,0.872962493414414,True
2007-06-01,2005-10-11,2006-11-06,275,276,2007-10-12,340,2008-10-05,True,0.016017287460351182,6.006411070727554,-0.0036025277677046753,0.0006696950535277834,0.0001635586589766822,0.0006893786330064425,0.6628253417273776,12.890970751977836,0.23953938729035756,True
2007-06-01,2005-09-27,2006-11-06,285,286,2007-09-30,328,2008-10-05,True,0.01626534837191072,6.034514801079777,-0.009425259391646582,0.0013231404909510767,0.0008784757148128102,0.0015882129392213544,0.5293801797554203,13.0,0.5861071935470653,True
2007-06-01,2005-09-13,2006-11-06,295,296,2007-09-29,327,2008-10-05,True,0.016030758902949426,6.03646605580664,-0.010053700818636916,0.0014334615248992766,0.0008777820368145442,0.0016808668143314773,0.5204382073208577,13.0,0.549451877531962,True
2007-06-01,2005-08-30,2006-11-06,305,306,2007-10-04,332,2008-10-05,True,0.016115851106085006,6.037790473531663,-0.008712787406557187,0.0013595531413081656,0.0004762756214593514,0.001440563504895703,0.5434133009576309,12.940125085576126,0.33695788055015596,True
2007-06-01,2005-08-16,2006-11-06,315,316,2007-09-05,303,2008-10-05,True,0.01633353995867928,6.035639913243206,-0.009154747719039484,0.0013339317457104361,-0.0007125766950010708,0.0015123291468700656,0.5396095428038273,11.912525646774458,-0.49062619950056635,True
2007-06-01,2005-08-02,2006-11-06,325,326,2007-07-31,267,2008-10-05,True,0.01627865449834152,6.028176890523633,-0.010325849834636837,0.00019279832368400266,-0.001734580067054868,0.0017452619295221655,0.5223766030764043,10.879093301730183,-1.4601008339570876,True
2007-06-01,2005-07-19,2006-11-06,335,336,2007-06-12,218,2008-10-05,True,0.01654963518825288,6.017422325806253,-0.012288974252154361,0.00044691514222654173,0.0020974413365471792,0.002144526359037862,0.49696836248432474,9.46929183893961,1.360859550822578,True
2007-06-01,2005-07-05,2006-11-06,345,346,2007-04-22,167,2008-10-05,True,0.017038622376593312,6.000903713793145,-0.013994542164278603,-0.0013436928148243149,-0.0022111759643949785,0.0025874329993506215,0.47544812453409374,8.031428739061147,-2.116845542619859,True
2007-06-01,2005-06-21,2006-11-06,355,356,2007-03-28,142,2008-10-05,True,0.017452206497071063,5.993116709174142,-0.014449590008667447,0.0015014888137007535,-0.002281309824443932,0.0027310882762688025,0.47081146129204643,7.245984226521801,-0.9886993879521685,True
2007-06-01,2005-06-07,2006-11-06,365,366,2007-02-19,105,2008-10-05,True,0.017830449910392458,5.974578174079811,-0.01477851993015824,0.0004419741305894051,-0.0029893717958734867,0.0030218677777285583,0.4628852130976638,6.223800918755785,-1.4240111986460207,True
2007-06-01,2005-05-24,2006-11-06,375,376,2007-02-19,105,2008-10-05,True,0.018780365579597023,5.974290793188602,-0.012838507631843334,-0.0022879783273593163,-0.0011909800836012877,0.0025793949651034187,0.48794531062268875,6.0,-2.6616498214067628,True
2007-06-01,2005-05-10,2006-11-06,385,386,2007-03-10,124,2008-10-05,True,0.02033022228449508,5.996382721151785,-0.01216076189744558,-0.0013415193373272835,-0.0016961835261879703,0.00216257085130973,0.5102437754208393,6.0,-2.2399666293010454,True
2007-06-01,2005-04-26,2006-11-06,395,396,2007-04-04,149,2008-10-05,True,0.0211867110760699,6.061790822017778,-0.018629653334788235,-0.00041836834343313405,-0.002576461092968924,0.0026102076228471955,0.47378923191831096,6.0,-1.7317722962069797,True
2007-06-01,2005-04-12,2006-11-06,405,406,2007-04-18,163,2008-10-05,True,0.021225299682980515,6.122869003846611,-0.02850479267762948,0.00033535690112570984,-0.0033677552581078884,0.003384411282578695,0.4303547598112252,6.0,-1.4715447584710153,True
2007-06-01,2005-03-29,2006-11-06,415,416,2007-04-17,162,2008-10-05,True,0.020991069077977882,6.114207927613388,-0.02661855378249651,0.0002617305132723794,-0.0032184328837988386,0.0032290576162551715,0.4380374774646445,6.0,-1.4896525429122656,True
2007-06-01,2005-03-11,2006-11-06,425,426,2007-04-25,170,2008-10-05,True,0.02077123844082685,6.176183856290897,-0.04109920847426652,0.0009172820080399543,-0.004213728492756594,0.00431241395194647,0.3906212502585176,6.0,-1.3564514747086263,True
2007-06-01,2005-02-25,2006-11-06,435,436,2007-04-16,161,2008-10-05,True,0.020600652012759634,6.107884680876514,-0.02551377487931016,0.0001776271977892395,-0.003145912410582976,0.0031509230895809637,0.44239527497309344,6.0,-1.5143933590138232,True
2007-06-01,2005-02-11,2006-11-06,445,446,2007-04-14,159,2008-10-05,True,0.02040076364130615,6.103132920945835,-0.024870765791097312,9.195925071245423e-05,-0.00311474744771889,0.003116104646327356,0.44463236973650944,6.0,-1.541281078039226,True
2007-06-01,2005-01-28,2006-11-06,455,456,2007-04-20,165,2008-10-05,True,0.02030940297579545,6.137316032889072,-0.03197418925971202,0.0004441878041175464,-0.0036349625850320266,0.003662001611128739,0.41730106877183637,6.0,-1.4492004520511705,True
2007-06-01,2005-01-14,2006-11-06,465,466,2007-05-05,180,2008-10-05,True,0.02057224992442451,6.303259846663084,-0.08158179442468108,0.0025542649910150856,-0.0061564374783721065,0.006665282594866477,0.31861283409604735,6.0,-1.1775171465622736,True
2007-06-01,2004-12-30,2006-11-06,475,476,2007-05-20,195,2008-10-05,True,0.020774207310049357,6.623724954739691,-0.2329600314086396,0.007445384932478635,-0.009879155669437978,0.012370589053629113,0.21897004152936728,6.0,-0.9249659376212683,True
2007-06-01,2004-12-15,2006-11-06,485,486,2007-06-07,213,2008-10-05,True,0.020963022907757388,7.848207118987434,-1.1434503931466256,0.020998660489920593,-0.015722974935035883,0.026232721612114873,0.1,6.0,-0.6427075827376938,True
2007-06-01,2004-12-01,2006-11-06,495,496,2007-06-14,220,2008-10-05,True,0.021098543763953596,7.918384090102563,-1.1798028209771916,0.02264298862477926,-0.012857771426752318,0.02603895581478818,0.1,6.0,-0.5164426049546252,True
2007-06-01,2004-11-17,2006-11-06,505,506,2007-06-21,227,2008-10-05,True,0.021231935401283774,7.987990401879104,-1.2157120973899633,0.023877680111666022,-0.009855548307190376,0.02583167512861708,0.1,6.0,-0.3914504895118712,True
2007-06-01,2004-11-03,2006-11-06,515,516,2007-06-28,234,2008-10-05,True,0.021313234203418845,8.050534863424778,-1.2478613436167185,0.024635246639804376,-0.007068142239689379,0.025629163305197343,0.1,6.0,-0.27940641740096267,True
2007-06-01,2004-10-20,2006-11-06,525,526,2007-07-11,247,2008-10-05,True,0.022015488081277387,8.168403015504696,-1.3081317281458225,0.025185632910411815,-0.0017493923566881675,0.02524631614148206,0.1,6.0,-0.06934854718710276,True
2007-06-01,2004-10-06,2006-11-06,535,536,2007-07-20,256,2008-10-05,True,0.022177088386943503,8.247523882527785,-1.3483665970467482,0.024938790539607403,0.0017593149683182152,0.02500076924288851,0.1,6.0,0.07042864230040222,True
2007-06-01,2004-09-22,2006-11-06,545,546,2007-07-30,266,2008-10-05,True,0.022335395554464985,8.326750278403102,-1.3884795127749645,0.024203441765585976,0.005149340242971687,0.024745146963354236,0.1,6.0,0.20962687234982244,True
2007-06-01,2004-09-08,2006-11-06,555,556,2007-08-07,274,2008-10-05,True,0.022376373406714098,8.393775621132908,-1.422295191020218,0.02323487855775125,0.007866051125542173,0.024530273987525945,0.1,6.0,0.3264336657385493,True
2007-06-01,2004-08-25,2006-11-06,565,566,2007-08-18,285,2008-10-05,True,0.022596185712783788,8.486361821815288,-1.4687556465394485,0.021401601665663572,0.011344482732263936,0.024222424369133005,0.1,6.0,0.48741817820952815,True
2007-06-01,2004-08-11,2006-11-06,575,576,2007-09-07,305,2008-10-05,True,0.023399757700056995,8.647517681940691,-1.5491465605292596,0.017182245070367752,0.016403750220627865,0.023755263984197812,0.1,6.0,0.762223162433689,True
2007-06-01,2004-07-28,2006-11-06,585,586,2007-09-18,316,2008-10-05,True,0.023449940553680004,8.727907462997784,-1.5889387981436387,0.014669991337435406,0.018405550315178848,0.02353662950052556,0.1,6.0,0.8978618234383144,True
2007-06-01,2004-07-14,2006-11-06,595,596,2007-09-26,324,2008-10-05,True,0.023370489506376553,8.78535613232715,-1.6172987874407374,0.012758565248530807,0.019597307942263442,0.02338451337498644,0.1,6.0,0.9936927157747883,True
2007-06-01,2004-06-30,2006-11-06,605,606,2007-09-22,320,2008-10-05,True,0.023201801110598504,8.75907017088872,-1.6044803592566823,0.013708743198914852,0.019075812846862772,0.023490770014248766,0.1,6.0,0.9476660378472556,True
2007-06-01,2004-06-16,2006-11-06,615,616,2007-09-14,312,2008-10-05,True,0.023194515608133383,8.701775249785188,-1.57615459633509,0.015624821546701195,0.0178223177228565,0.023701688914098566,0.1,6.0,0.8510044457140392,True
2007-06-01,2004-06-02,2006-11-06,625,626,2007-09-11,309,2008-10-05,True,0.02307239903624748,8.675105967916906,-1.5629967431134246,0.016518374618356646,0.017174180956611745,0.02382874716729385,0.1,6.0,0.8048601343112304,True
2007-06-01,2004-05-18,2006-11-06,635,636,2007-09-12,310,2008-10-05,True,0.02291692166551587,8.688235145542816,-1.569486413923975,0.016075870835814854,0.01749072233102822,0.023756241091362325,0.1,6.0,0.8275238111029681,True
2007-06-01,2004-05-04,2006-11-06,645,646,2007-09-13,311,2008-10-05,True,0.02282665802548596,8.690422478811863,-1.5705484028042762,0.015999538070671226,0.017548577293341083,0.023747374244223806,0.1,6.0,0.8315390496418315,True
2007-06-01,2006-05-22,2006-11-13,125,126,2008-09-28,685,2008-10-05,False,0.012416107170081379,3.8600384036339457,0.00533997054656482,0.0011376721868012595,0.00023301760758531525,0.0011612903211798262,0.9,6.0,0.2020255045550756,True
2007-06-01,2006-05-08,2006-11-13,135,136,2008-09-27,684,2008-10-05,False,0.01551540956068959,-0.4599528843070926,0.01662822781964083,0.0027577930013800087,0.0008840382875005956,0.0028960224329634505,0.9,6.0,0.31021089811129,True
2007-06-01,2006-04-21,2006-11-13,145,146,2008-09-28,685,2008-10-05,False,0.015329449229522379,-0.49040154456006,0.016688632715332892,0.0027587894282662534,0.0009095642822085845,0.0029048625256599078,0.9,6.0,0.3184741887440995,True
2007-06-01,2006-04-05,2006-11-13,155,156,2008-07-03,598,2008-10-05,False,0.01703236165540148,5.618087655958039,0.0005982343634204244,0.00010787594976219679,0.00021130080339492986,0.0002372451265093528,0.9,13.0,1.0987581805885946,True
2007-06-01,2006-03-22,2006-11-13,165,166,2007-12-31,413,2008-10-05,True,0.017481655039073483,5.932307117441634,-0.00043444929584481447,-0.00017506899858672585,-5.35704148857028e-07,0.00017506981820146532,0.9,13.0,-3.138532703049179,True
2007-06-01,2006-03-08,2006-11-13,175,176,2007-11-12,364,2008-10-05,True,0.017770062954774016,5.969932466285784,-0.0006419442321464344,-3.3223072602168e-05,0.00016587172054374137,0.00016916619115316735,0.9,13.0,1.7684743439095094,True
2007-06-01,2006-02-22,2006-11-13,185,186,2007-10-24,345,2008-10-05,True,0.017536229702383915,5.974363477559312,-0.0006919249665170695,6.372317393972069e-05,0.00015936764300416483,0.00017163533591208665,0.9,13.0,1.1904191483231399,True
2007-06-01,2006-02-08,2006-11-13,195,196,2007-10-15,336,2008-10-05,True,0.017171625908906106,5.975146506345951,-0.0007096483295106272,0.00010341705530608273,0.00014039799705341463,0.0001743751269670993,0.9,13.0,0.9359270263595798,True
2007-06-01,2006-01-25,2006-11-13,205,206,2007-10-14,335,2008-10-05,True,0.01680738259320074,5.974961341649152,-0.000711837495685222,0.00011087342767643007,0.00013559991438370393,0.00017515779670225474,0.9,13.0,0.8853847663740182,True
2007-06-01,2006-01-11,2006-11-13,215,216,2007-10-16,337,2008-10-05,True,0.016699320530930584,5.9767618358825825,-0.0007151744514966729,0.00010109436436827269,0.00014127570352430682,0.00017372073829371358,0.9,13.0,0.9496889505928938,True
2007-06-01,2005-12-28,2006-11-13,225,226,2007-10-25,346,2008-10-05,True,0.01661989315427154,5.978043367471774,-0.0007059217534879712,6.115363738314704e-05,0.00015594906209658106,0.00016751082751270956,0.9,13.0,1.1970853882426817,True
2007-06-01,2005-12-13,2006-11-13,235,236,2007-10-22,343,2008-10-05,True,0.016468000361859064,6.020153250927404,-0.003293675884071601,0.0002524843759087905,0.0005617812154524627,0.0006159111089380495,0.6847358163728245,13.0,1.148412005939441,True
2007-06-01,2005-11-29,2006-11-13,245,246,2007-10-15,336,2008-10-05,True,0.016331032031886784,6.138291882239101,-0.027347440799173325,0.0018784925302906266,0.0026665496050169418,0.003261781872286019,0.4113115432339253,13.0,0.9570795830275473,True
2007-06-01,2005-11-15,2006-11-13,255,256,2007-10-13,334,2008-10-05,True,0.01604328443341503,6.193417368195798,-0.0472632535192266,0.002995991050110526,0.0037854120892476875,0.004827557048628728,0.3468801054111114,13.0,0.9012862571656095,True
2007-06-01,2005-11-01,2006-11-13,265,266,2007-10-13,334,2008-10-05,True,0.015808473586285388,6.17874890683677,-0.04193124688922891,0.0027817051095106477,0.0034756831234521723,0.004451770040211859,0.36028542518670237,13.0,0.8958521568677194,True
2007-06-01,2005-10-18,2006-11-13,275,276,2007-11-02,354,2008-10-05,True,0.016122022383202077,6.043722951084156,-0.004800674799816983,0.00011141984996545411,0.0007938186066038728,0.0008015998772185774,0.6373037198264108,13.0,1.4313479774770428,True
2007-06-01,2005-10-04,2006-11-13,285,286,2007-10-21,342,2008-10-05,True,0.01621318750419247,6.081663272742269,-0.012144245177571705,0.000777537990939181,0.001566341670987565,0.0017487113991810812,0.5128007493283139,13.0,1.1100297971446706,True
2007-06-01,2005-09-20,2006-11-13,295,296,2007-10-11,332,2008-10-05,True,0.01627776156908976,6.121324655372255,-0.02425791122689662,0.0020475615560062123,0.0022823949001112933,0.003066241152565894,0.4232579679026862,13.0,0.839579656114244,True
2007-06-01,2005-09-06,2006-11-13,305,306,2007-10-10,331,2008-10-05,True,0.016032363872987423,6.123878512687552,-0.025121535052524503,0.002129851337702757,0.002321790429312121,0.0031507106370404097,0.41889829187967353,13.0,0.8284879477846985,True
2007-06-01,2005-08-23,2006-11-13,315,316,2007-10-24,345,2008-10-05,True,0.0163746873386423,6.113729820106379,-0.01778004405639379,0.0008553723031574142,0.0021121447402124255,0.0022787753686170633,0.46767719277345665,13.0,1.1860058890938763,True
2007-06-01,2005-08-09,2006-11-13,325,326,2007-10-17,338,2008-10-05,True,0.016244850743982076,6.113016255879094,-0.01735206296228747,0.001092131777225605,-0.0019295046640527612,0.0022171468303717095,0.4723470200277976,12.669361717982175,-1.0557394748604452,True
2007-06-01,2005-07-26,2006-11-13,335,336,2007-08-16,276,2008-10-05,True,0.016351213121242825,6.091332935353042,-0.01934218220462663,0.0024213293220891993,-0.0009973749447764369,0.002618700530124959,0.45384783892869046,10.992677827432132,-0.3907330984173086,True
2007-06-01,2005-07-12,2006-11-13,345,346,2007-07-01,230,2008-10-05,True,0.016751470893865857,6.076389843567603,-0.020819442814159494,-0.002863521530543433,0.000568188908366176,0.002919348247721767,0.4419768583765707,9.656527786807873,2.945713772495296,True
2007-06-01,2005-06-28,2006-11-13,355,356,2007-05-05,173,2008-10-05,True,0.01728713749187838,6.047234948136391,-0.021392057733071596,0.0005068409361277618,-0.003240441021943573,0.0032798392874086946,0.432030641671048,8.097885145464927,-1.4156423306976393,True
2007-06-01,2005-06-14,2006-11-13,365,366,2007-04-04,142,2008-10-05,True,0.01761619958112761,6.028564820242059,-0.020783741277229487,0.0012674839620166688,-0.0031381767824647396,0.0033844747172892603,0.432459386040963,7.1873233146335656,-1.1869394332187255,True
2007-06-01,2005-05-31,2006-11-13,375,376,2007-02-25,104,2008-10-05,True,0.018197220256505508,6.003329373479246,-0.01953600651994578,-0.0006289631054560594,-0.003436056366351618,0.0034931472830057445,0.4355846411721409,6.142414081754767,-1.7518399929019426,True
2007-06-01,2005-05-17,2006-11-13,385,386,2007-03-03,110,2008-10-05,True,0.019471692260567757,6.000516091072503,-0.015245487393021607,-0.0020037618597019604,-0.0018152767967150505,0.002703755062702299,0.4758091566668925,6.0,-2.4055085360666313,True
2007-06-01,2005-05-03,2006-11-13,395,396,2007-03-19,126,2008-10-05,True,0.02058606244359816,6.011960505595156,-0.012845207944135387,-0.0009894623515162202,-0.0018931879262437234,0.0021361639143902367,0.5098642989156364,6.0,-2.0523942022105963,True
2007-06-01,2005-04-19,2006-11-13,405,406,2007-04-11,149,2008-10-05,True,0.02118522385395026,6.064748049696116,-0.017018296153279145,-4.390758486880718e-05,-0.002347757839936208,0.0023481683821632003,0.4893028350017548,6.0,-1.589496069216896,True
2007-06-01,2005-04-05,2006-11-13,415,416,2007-04-11,149,2008-10-05,True,0.021002539573435553,6.061488455748,-0.016426872117244445,-5.7322310174808856e-05,-0.002288953936032199,0.0022896715852980037,0.4935667471424599,6.0,-1.5958341095567914,True
2007-06-01,2005-03-18,2006-11-13,425,426,2007-04-15,153,2008-10-05,True,0.020791061388835505,6.072349691504323,-0.017539522737091622,0.00011368569105089238,-0.00236056706022295,0.0023633030449266,0.48767863402197387,6.0,-1.5226731786658552,True
2007-06-01,2005-03-04,2006-11-13,435,436,2007-04-14,152,2008-10-05,True,0.02060354995483825,6.069710891415248,-0.01732553365967886,6.297461354531474e-05,-0.002354595058420404,0.0023554370488486774,0.4885396756629141,6.0,-1.5440572897970575,True
2007-06-01,2005-02-18,2006-11-13,445,446,2007-04-11,149,2008-10-05,True,0.02040167696664397,6.06216571824485,-0.016363226915319107,-2.8537003815638264e-05,-0.002278948944640777,0.0022791276078504433,0.4944767371045557,6.0,-1.5833176746222999,True
2007-06-01,2005-02-04,2006-11-13,455,456,2007-04-10,148,2008-10-05,True,0.02019876681515252,6.058437890090096,-0.01587680140551552,-6.92879153999953e-05,-0.0022375417318233485,0.002238614262634701,0.49769733884013867,6.0,-1.6017525232546352,True
2007-06-01,2005-01-21,2006-11-13,465,466,2007-04-21,159,2008-10-05,True,0.020385268259580227,6.106107207341658,-0.02323344517105236,0.0004463413853604834,-0.002795105262361103,0.002830518337683797,0.4562729683484984,6.0,-1.4124464720800969,True
2007-06-01,2005-01-07,2006-11-13,475,476,2007-05-05,173,2008-10-05,True,0.020645837671966535,6.197761601238096,-0.04302414280146498,0.0016135903305644606,-0.0038760645645546394,0.004198517626911583,0.3897625752348763,6.0,-1.176321048538714,True
2007-06-01,2004-12-22,2006-11-13,485,486,2007-05-21,189,2008-10-05,True,0.020856024418921745,6.38277613161416,-0.10405879128984123,0.004462704098031866,-0.005817149739119853,0.007331777339358621,0.2988232683536789,6.0,-0.9164008589302866,True
2007-06-01,2004-12-08,2006-11-13,495,496,2007-06-10,209,2008-10-05,True,0.021067881920994225,7.040385876052607,-0.48131926167070527,0.014341276321340829,-0.00975528498318573,0.01734467617536344,0.1622164761601056,6.0,-0.5973300361413559,True
2007-06-01,2004-11-24,2006-11-13,505,506,2007-06-23,222,2008-10-05,True,0.0211843587247079,7.974531157644969,-1.2081982795728041,0.02374090394748085,-0.009934328695965666,0.02573560581923415,0.1,6.0,-0.3963077996593582,True
2007-06-01,2004-11-10,2006-11-13,515,516,2007-06-28,227,2008-10-05,True,0.021204115291874062,8.02944656894285,-1.2364972627479844,0.024447963902648084,-0.007556727258523188,0.025589198225909524,0.1,6.0,-0.29977920150063897,True
2007-06-01,2004-10-27,2006-11-13,525,526,2007-07-08,237,2008-10-05,True,0.02153625945934315,8.117797932223736,-1.2817938497076389,0.02505291795242584,-0.003633054750076803,0.02531497155337206,0.1,6.0,-0.14401134161852866,True
2007-06-01,2004-10-13,2006-11-13,535,536,2007-07-20,249,2008-10-05,True,0.022117788324432678,8.23114685017274,-1.3396392476192542,0.0249567230478574,0.0013313316148478027,0.024992208168870354,0.1,6.0,0.0532950934074567,True
2007-06-01,2004-09-29,2006-11-13,545,546,2007-07-27,256,2008-10-05,True,0.022139916647234158,8.290548620994716,-1.3698230000298315,0.024520120844280513,0.003853241543567504,0.02482103536541524,0.1,6.0,0.15587137332310244,True
2007-06-01,2004-09-15,2006-11-13,555,556,2007-08-04,264,2008-10-05,True,0.02225232006881265,8.365998388991466,-1.4079982620418956,0.023592127951617525,0.006934658627202606,0.024590201128931996,0.1,6.0,0.28588748343444875,True
2007-06-01,2004-09-01,2006-11-13,565,566,2007-08-13,273,2008-10-05,True,0.022347962370636507,8.440204232084277,-1.4453989832340646,0.022308894873805718,0.009775401340989864,0.02435662665206209,0.1,6.0,0.4129844295120891,True
2007-06-01,2004-08-18,2006-11-13,575,576,2007-08-29,289,2008-10-05,True,0.02286398699791464,8.566579511014192,-1.508707399173223,0.019388351887574984,0.014074860508479368,0.02395850344344539,0.1,6.0,0.6279267716408891,True
2007-06-01,2004-08-04,2006-11-13,585,586,2007-09-14,305,2008-10-05,True,0.023427603391300365,8.7019317268799,-1.5762138004794084,0.015553511155965372,0.017774187532729552,0.023618498083649984,0.1,6.0,0.8519313704449214,True
2007-06-01,2004-07-21,2006-11-13,595,596,2007-09-21,312,2008-10-05,True,0.02334383750296569,8.754328132933908,-1.6022101604900734,0.013891946224875162,0.018936255762488266,0.02348548386167918,0.1,6.0,0.9378634949521449,True
2007-06-01,2004-07-07,2006-11-13,605,606,2007-09-23,314,2008-10-05,True,0.023182381412334172,8.771520629579777,-1.610746778644452,0.013337471722132288,0.019282865883563566,0.023446045905912965,0.1,6.0,0.9656796490221915,True
2007-06-01,2004-06-23,2006-11-13,615,616,2007-09-17,308,2008-10-05,True,0.023111700020116838,8.726244250395423,-1.588346227972959,0.014845610274265342,0.018348595917654864,0.023602184571872863,0.1,6.0,0.8905390442975675,True
2007-06-01,2004-06-09,2006-11-13,625,626,2007-09-12,303,2008-10-05,True,0.023054967184896465,8.684186103634277,-1.567493192030536,0.016221967924398784,0.017386955181357522,0.023779370341090997,0.1,6.0,0.8200473249282043,True
2007-06-01,2004-05-25,2006-11-13,635,636,2007-09-12,303,2008-10-05,True,0.022899506074159005,8.682314817125365,-1.5665096371184555,0.016265228218853678,0.01734691857632234,0.02377968109762936,0.1,6.0,0.8175685920831829,True
2007-06-01,2004-05-11,2006-11-13,645,646,2007-09-14,305,2008-10-05,True,0.022776875152441246,8.699771232387535,-1.5752132693938103,0.015693087080276946,0.01773995749327409,0.023684996811744068,0.1,6.0,0.8465448157423744,True
2007-06-01,2004-04-27,2006-11-13,655,656,2007-09-10,301,2008-10-05,True,0.022767170710288297,8.668951782931819,-1.5599845510403167,0.016752590383053767,0.017030708473081385,0.023889209188197747,0.1,6.0,0.7936303910592749,True
2007-06-01,2006-05-29,2006-11-20,125,126,2007-01-30,71,2008-10-05,True,0.011463130609885928,6.877091775478472,-0.5716330897790647,-0.004212611438454493,-0.0014494504162922556,0.0044549973783030924,0.12502754804576333,13.0,-2.810206771143232,True
2007-06-01,2006-05-15,2006-11-20,135,136,2008-09-20,670,2008-10-05,False,0.012788447617154048,2.608707883384124,0.008695591585126932,0.0016459043597135954,0.00031808907017825613,0.0016763596922770149,0.9,6.0,0.19090740409877524,True
2007-06-01,2006-04-28,2006-11-20,145,146,2008-10-02,682,2008-10-05,False,0.015322252056094268,-0.5906758340217713,0.01690467444644667,0.002777577769557173,0.0009818810648344915,0.00294601912611217,0.9,6.0,0.3397917940528871,True
2007-06-01,2006-04-12,2006-11-20,155,156,2008-09-14,664,2008-10-05,False,0.016157495420186317,1.4307398813995864,0.011931513712581955,0.002153630012751961,0.00032795300306415285,0.002178457115493626,0.9,6.0,0.15111822156043483,True
2007-06-01,2006-03-29,2006-11-20,165,166,2008-03-09,475,2008-10-05,True,0.01719020062687174,5.880953556275186,-0.00019620244032541093,2.4379259196260495e-05,-0.0001861655592976708,0.00018775506317426712,0.9,13.0,-1.4405825815527429,True
2007-06-01,2006-03-15,2006-11-20,175,176,2007-12-22,397,2008-10-05,True,0.01733081130886955,5.964968723058849,-0.0005642099657008551,-0.00016235302102814747,5.10935183752972e-05,0.00017020297017658923,0.9,13.0,2.836699040635409,True
2007-06-01,2006-03-01,2006-11-20,185,186,2007-11-09,354,2008-10-05,True,0.017657325334396984,5.988438376995023,-0.0007191357731053628,-7.778221940379099e-06,0.00016929654632123788,0.00016947513485126022,0.9,13.0,1.6167084027029335,True
2007-06-01,2006-02-15,2006-11-20,195,196,2007-11-07,352,2008-10-05,True,0.017277640467747588,5.992106618612541,-0.0007384306660661736,7.367501685174495e-06,0.00016932197445969024,0.00016948218524673631,0.9,13.0,1.5273119685898848,True
2007-06-01,2006-02-01,2006-11-20,205,206,2007-10-26,340,2008-10-05,True,0.016950003303207065,5.989757838851993,-0.0007487097544671446,6.194315391831456e-05,0.00016198728619188426,0.00017342674305065935,0.9,13.0,1.2055580452252852,True
2007-06-01,2006-01-18,2006-11-20,215,216,2007-10-24,338,2008-10-05,True,0.016718190758472192,5.992140275344151,-0.0007626209248132525,7.529050191818222e-05,0.0001584080372260457,0.00017539032452475845,0.9,13.0,1.127107561944821,True
2007-06-01,2006-01-04,2006-11-20,225,226,2007-11-02,347,2008-10-05,True,0.016700534816776795,5.991844510572983,-0.0007464090886389572,3.235414001354604e-05,0.0001659147046075737,0.00016903987571290562,0.9,13.0,1.37820856322307,True
2007-06-01,2005-12-20,2006-11-20,235,236,2007-11-08,353,2008-10-05,True,0.01652036951797244,5.992559490214447,-0.0007386815763863398,2.7755323326426336e-06,0.0001641654532125397,0.00016418891438890783,0.9,13.0,1.553891016528439,True
2007-06-01,2005-12-06,2006-11-20,245,246,2007-11-02,347,2008-10-05,True,0.016422693639805343,6.088319768622673,-0.009609953999562328,0.00021883779830889722,0.0013638246013071029,0.001381270257805895,0.5517437581570419,13.0,1.41169364913393,True
2007-06-01,2005-11-22,2006-11-20,255,256,2007-10-30,344,2008-10-05,True,0.01620678669771495,6.183854306640954,-0.03299053995972242,0.0008578211112827538,0.00340942901304742,0.003515688162219722,0.3987173022734808,13.0,1.324309929578838,True
2007-06-01,2005-11-08,2006-11-20,265,266,2007-10-25,339,2008-10-05,True,0.015932289196156215,6.266502003783137,-0.06644397172494107,0.0021510118879177094,0.005386874597212547,0.005800454298419836,0.31732786130978646,13.0,1.190888282222251,True
2007-06-01,2005-10-25,2006-11-20,275,276,2007-11-04,349,2008-10-05,True,0.01603892628976182,6.11035254187207,-0.0132679229733666,0.0001758581858741044,0.0017497909165568898,0.0017586057981264396,0.5110047112740507,13.0,1.4706302737617696,True
2007-06-01,2005-10-11,2006-11-20,285,286,2007-11-09,354,2008-10-05,True,0.015980707444327485,6.083173610783473,-0.008011159813187075,-3.248870359184603e-05,0.0011674930319007335,0.0011679449881727504,0.5767725298732684,13.0,1.5986168964758383,True
2007-06-01,2005-09-27,2006-11-20,295,296,2007-10-22,336,2008-10-05,True,0.01640804311212728,6.188032493697948,-0.03772755979304001,0.0017681657990931401,0.0035942518573434034,0.004005628128908023,0.37986785436062753,13.0,1.1136153460100646,True
2007-06-01,2005-09-13,2006-11-20,305,306,2007-10-19,333,2008-10-05,True,0.01621605954303205,6.218791220271051,-0.05015195928580597,0.0025074442033658304,0.0042553787627106435,0.0049391826092099154,0.3462946638089447,13.0,1.0383253195522422,True
2007-06-01,2005-08-30,2006-11-20,315,316,2007-10-24,338,2008-10-05,True,0.01618830448140844,6.198901491166815,-0.040106748716606876,0.0015794151616049697,0.003813162233488184,0.004127318557078948,0.37404469715084016,13.0,1.178108068232486,True
2007-06-01,2005-08-16,2006-11-20,325,326,2007-11-03,348,2008-10-05,True,0.01628519659689345,6.178824145516617,-0.02952373032018913,0.00045549704866248465,0.0031391925268342714,0.0031720667209049007,0.4139739397860968,13.0,1.426701899223785,True
2007-06-01,2005-08-02,2006-11-20,335,336,2007-10-27,341,2008-10-05,True,0.01621879869814047,6.17197597935782,-0.027422015547903744,0.002217910346933605,-0.001987767944907595,0.002978312896563642,0.4239405707173271,12.682629636199854,-0.7307308590754741,True
2007-06-01,2005-07-19,2006-11-20,345,346,2007-09-03,287,2008-10-05,True,0.016498876747275525,6.147938157029939,-0.028346776970655567,0.0017860245122443717,0.0027016849003841056,0.0032386702300946325,0.4161096546034297,11.148638494158329,0.9866727704758239,True
2007-06-01,2005-07-05,2006-11-20,355,356,2007-07-04,226,2008-10-05,True,0.016999166797197433,6.114339011817729,-0.028426651286428146,-0.0012215634970917037,0.0033043151586413496,0.0035228846198894904,0.4098525910363512,9.478775353461778,1.924901211090096,True
2007-06-01,2005-06-21,2006-11-20,365,366,2007-05-06,167,2008-10-05,True,0.017411073858763285,6.075509089206048,-0.027598108194744807,-0.0028350874195797377,-0.0025661275366502707,0.0038239679929379746,0.40556485276826837,7.927940712649386,-2.4059495741150205,True
2007-06-01,2005-06-07,2006-11-20,375,376,2007-04-04,135,2008-10-05,True,0.01779993379752141,6.050621563792502,-0.025471182365410187,-0.002375777282764029,-0.0029725714387271902,0.0038053250394196646,0.41189723779850096,7.005605127328399,-2.2450694303903793,True
2007-06-01,2005-05-24,2006-11-20,385,386,2007-02-28,100,2008-10-05,True,0.018676385608120755,6.019325962161005,-0.021575587389492445,-0.0028670837709991043,-0.0021588202245045453,0.003588965604691176,0.42938577778423004,6.0,-2.4961951986530857,True
2007-06-01,2005-05-10,2006-11-20,395,396,2007-03-13,113,2008-10-05,True,0.020083937795616246,6.013033200667948,-0.014854428815533496,-0.001426045676444005,-0.002028743311604571,0.002479799527317666,0.4869098730377505,6.0,-2.1834798065895153,True
2007-06-01,2005-04-26,2006-11-20,405,406,2007-03-29,129,2008-10-05,True,0.020946014161630003,6.021349257317811,-0.011974820442865543,-0.0004981983728482423,-0.0018372653321780757,0.0019036138052483365,0.5257162512995373,6.0,-1.835591818421521,True
2007-06-01,2005-04-12,2006-11-20,415,416,2007-04-07,138,2008-10-05,True,0.02102151077608634,6.032201920300225,-0.011731358282790809,-0.00014735578200342995,-0.0017783492501754555,0.001784443829905959,0.5340461596312531,6.0,-1.6534684560214012,True
2007-06-01,2005-03-29,2006-11-20,425,426,2007-04-07,138,2008-10-05,True,0.020797796188611797,6.030205802073047,-0.011383691204237274,-0.00014450117263953071,-0.0017365345907126661,0.0017425363622133704,0.5379443100687417,6.0,-1.6538174362468376,True
2007-06-01,2005-03-11,2006-11-20,435,436,2007-04-13,144,2008-10-05,True,0.020595815288739123,6.045782345187531,-0.012895525221638119,3.8151392377592814e-05,-0.0018673038626341627,0.0018676935626994096,0.5249847673365273,6.0,-1.5503678974048072,True
2007-06-01,2005-02-25,2006-11-20,445,446,2007-04-06,137,2008-10-05,True,0.02041796333864237,6.027436187294525,-0.011004167569549068,-0.00015617793622985923,-0.001695139590924739,0.0017023189420568372,0.5420924914024187,6.0,-1.6626697460999298,True
2007-06-01,2005-02-11,2006-11-20,455,456,2007-04-07,138,2008-10-05,True,0.020216949387543034,6.030002323011665,-0.011458536916903043,-0.000162936815189908,-0.0017530723570500992,0.0017606280398759474,0.5367958998985993,6.0,-1.6634736509261343,True
2007-06-01,2005-01-28,2006-11-20,465,466,2007-04-11,142,2008-10-05,True,0.020147966571503074,6.040067294103729,-0.012316080515812707,-2.8499405355780815e-05,-0.0018149325433156603,0.001815156288833522,0.529817754150467,6.0,-1.5864977716695734,True
2007-06-01,2005-01-14,2006-11-20,475,476,2007-04-22,153,2008-10-05,True,0.020461433108609473,6.073419257810328,-0.015934812903508823,0.0003760367780891512,-0.002048575380089121,0.0020828021380781604,0.5029044664152466,6.0,-1.38925713247653,True
2007-06-01,2004-12-30,2006-11-20,485,486,2007-05-04,165,2008-10-05,True,0.02072048008442435,6.124340760950609,-0.023383086586791293,0.0010004240783213093,-0.002434695969080661,0.002632222026794598,0.4613237656889123,6.0,-1.1809262201132513,True
2007-06-01,2004-12-15,2006-11-20,495,496,2007-05-19,180,2008-10-05,True,0.020971924953153923,6.217967416327917,-0.04276416935494191,0.002296026638365271,-0.003127421183980352,0.003879755351319461,0.3960677818489231,6.0,-0.9375103180170196,True
2007-06-01,2004-12-01,2006-11-20,505,506,2007-06-03,195,2008-10-05,True,0.021139671266563506,6.38134370185062,-0.09289174999949688,0.004900424319429903,-0.0040639461132618675,0.006366303206882018,0.3156484686896226,6.0,-0.6923561508815118,True
2007-06-01,2004-11-17,2006-11-20,515,516,2007-06-19,211,2008-10-05,True,0.021271154188192525,6.713855006563087,-0.24747229453463362,0.01032458103121097,-0.004916963705754243,0.011435624405940668,0.22281746440694805,6.0,-0.44445841314881507,True
2007-06-01,2004-11-03,2006-11-20,525,526,2007-07-07,229,2008-10-05,True,0.021325862578032293,7.976925161251904,-1.1713394591609312,0.0240738857112556,-0.004407096471308741,0.02447395498373768,0.10472245555268002,6.0,-0.18106057979191045,True
2007-06-01,2004-10-20,2006-11-20,535,536,2007-07-20,242,2008-10-05,True,0.021959952478675805,8.205040834091228,-1.325620977241455,0.024914672901327317,0.0007058381849513184,0.024924669171795824,0.1,6.0,0.028322645176003303,True
2007-06-01,2004-10-06,2006-11-20,545,546,2007-07-29,251,2008-10-05,True,0.022090713437320823,8.280231904200447,-1.3638910616176887,0.02443349005566331,0.0038553556763384067,0.02473578791329018,0.1,6.0,0.15649949767784732,True
2007-06-01,2004-09-22,2006-11-20,555,556,2007-08-06,259,2008-10-05,True,0.022223183390514833,8.35260369231389,-1.4006244843968698,0.023603581954287245,0.006755947289908401,0.02455141350017907,0.1,6.0,0.2787722367561982,True
2007-06-01,2004-09-08,2006-11-20,565,566,2007-08-13,266,2008-10-05,True,0.02224729289876096,8.418593311029356,-1.4339404345329811,0.02252471217851809,0.009272068964572763,0.024358446617320954,0.1,6.0,0.3905002767786778,True
2007-06-01,2004-08-25,2006-11-20,575,576,2007-08-24,277,2008-10-05,True,0.022447199154285606,8.507253128749745,-1.4785257888664587,0.020670303960522662,0.012379727406537498,0.024093964316412825,0.1,6.0,0.5396203383092402,True
2007-06-01,2004-08-11,2006-11-20,585,586,2007-09-11,295,2008-10-05,True,0.02322364925406915,8.66056738837087,-1.5552352543700536,0.016629648099611427,0.016873743974924853,0.023691104483502298,0.1,6.0,0.7926837408074865,True
2007-06-01,2004-07-28,2006-11-20,595,596,2007-09-19,303,2008-10-05,True,0.023271111352299884,8.728552658666475,-1.5891122461328782,0.014584888933836304,0.01847773857612235,0.023540301784383752,0.1,6.0,0.9026002463244779,True
2007-06-01,2004-07-14,2006-11-20,605,606,2007-09-26,310,2008-10-05,True,0.023192861261599466,8.786402771163585,-1.6177471481711294,0.012693173523125656,0.01963271592205687,0.023378626746760885,0.1,6.0,0.9968631321777509,True
2007-06-01,2004-06-30,2006-11-20,615,616,2007-09-24,308,2008-10-05,True,0.023029194801045365,8.768593325842962,-1.608944974474291,0.013293028888679226,0.019302442925627827,0.02343691361788877,0.1,6.0,0.9677143864301793,True
2007-06-01,2004-06-16,2006-11-20,625,626,2007-09-17,301,2008-10-05,True,0.023028228336771876,8.70986057854264,-1.579850251547555,0.015239478179359167,0.018095955462019836,0.023658091623429175,0.1,6.0,0.8708782755994077,True
2007-06-01,2004-06-02,2006-11-20,635,636,2007-09-13,297,2008-10-05,True,0.022911944266986204,8.68387859333034,-1.5669736432142778,0.016093913871069787,0.017506428331869606,0.023780014647352497,0.1,6.0,0.8274121180157701,True
2007-06-01,2004-05-18,2006-11-20,645,646,2007-09-15,299,2008-10-05,True,0.022759122679693763,8.696093162141057,-1.573031829160068,0.015687267817143857,0.017782115213965582,0.02371273904570165,0.1,6.0,0.8479065843904562,True
2007-06-01,2004-05-04,2006-11-20,655,656,2007-09-15,299,2008-10-05,True,0.02267199522311266,8.697004017391484,-1.5734835624362455,0.015660159271373653,0.017805570746847382,0.023712421597672756,0.1,6.0,0.8494182708460055,True
2007-06-01,2006-06-05,2006-11-27,125,126,2007-02-21,86,2008-10-05,True,0.01097779882026619,6.0995263157223025,-0.017838864920010796,0.00021010109722955695,-0.00024146112757819985,0.0003200717844303047,0.5416625563371392,13.0,-0.8547346966421319,True
2007-06-01,2006-05-22,2006-11-27,135,136,2008-08-19,631,2008-10-05,False,0.012275402272977892,3.4807923508476684,0.006573412434810749,0.0013417731430347178,-6.534530777781156e-05,0.0013433633821933074,0.9,6.0,-0.04866226484977231,True
2007-06-01,2006-05-08,2006-11-27,145,146,2008-10-01,674,2008-10-05,False,0.015147036769497333,-0.14179236484550234,0.015757116993660614,0.002621986252635964,0.0008871315910578279,0.00276799826027127,0.9,6.0,0.3262527647814481,True
2007-06-01,2006-04-21,2006-11-27,155,156,2008-10-02,675,2008-10-05,False,0.014992052233160916,-0.2607882937011728,0.016050192930963138,0.0026567637765431366,0.0009245197654751194,0.002813028716722586,0.9,6.0,0.3348805474718092,True
2007-06-01,2006-04-05,2006-11-27,165,166,2008-07-29,610,2008-10-05,False,0.01663145536340042,5.572714101299396,0.000709973303158058,-2.1498318458067103e-06,0.0002451113983650097,0.00024512082609483786,0.9,13.0,1.5795669377725314,True
2007-06-01,2006-03-22,2006-11-27,175,176,2008-01-25,424,2008-10-05,True,0.017113407829586764,5.939066572607814,-0.0004306618398017496,-0.00014600068137068982,-9.664638940320992e-05,0.00017509061524074494,0.9,13.0,-2.556856649294872,True
2007-06-01,2006-03-08,2006-11-27,185,186,2007-11-30,368,2008-10-05,True,0.01747798336827168,5.985781536820286,-0.0006745242307511293,-9.857907275253496e-05,0.00013576271244367013,0.00016777767335021738,0.9,13.0,2.1988336816044782,True
2007-06-01,2006-02-22,2006-11-27,195,196,2007-11-12,350,2008-10-05,True,0.017307248944936193,5.993891582512775,-0.0007355629107415668,-1.793559479141772e-05,0.00016809922437371796,0.0001690533489628866,0.9,13.0,1.6770906631806215,True
2007-06-01,2006-02-08,2006-11-27,205,206,2007-11-04,342,2008-10-05,True,0.017001218752482238,5.9964622971359285,-0.0007610276058263334,2.6543942001273e-05,0.00016943208664189948,0.0001714987254786317,0.9,13.0,1.4153952835088313,True
2007-06-01,2006-01-25,2006-11-27,215,216,2007-11-02,340,2008-10-05,True,0.01666885111885708,5.997579992673883,-0.0007681567271728292,3.464112550369967e-05,0.00016868658700960662,0.00017220677168193084,0.9,13.0,1.368254275533669,True
2007-06-01,2006-01-11,2006-11-27,225,226,2007-10-30,337,2008-10-05,True,0.01656953263147081,5.995994265025569,-0.0007664006556239303,4.6915319275332484e-05,0.00016638020550064473,0.00017286821560120056,0.9,13.0,1.2959556952970572,True
2007-06-01,2005-12-28,2006-11-27,235,236,2007-11-10,348,2008-10-05,True,0.01646755917554993,5.9982676064726235,-0.0007582506733321466,-9.663589932019093e-07,0.0001664878580376044,0.00016649066257196904,0.9,13.0,1.5766006428112669,True
2007-06-01,2005-12-13,2006-11-27,245,246,2007-11-11,349,2008-10-05,True,0.016335844733543048,6.02075084934339,-0.0017155312060371448,-2.146155262666412e-05,0.00032987052103840856,0.0003305679338521784,0.7848528682408901,13.0,1.635765296710145,True
2007-06-01,2005-11-29,2006-11-27,255,256,2007-11-04,342,2008-10-05,True,0.01624730162950091,6.145246392207443,-0.01994304036602098,0.00029319342435624087,0.0023725701836801584,0.0023906174224609506,0.4622433866712223,13.0,1.4478433824076653,True
2007-06-01,2005-11-15,2006-11-27,265,266,2007-11-02,340,2008-10-05,True,0.015990573085554512,6.224930179397322,-0.044121711963838565,0.0007350081250817146,0.004198947892423787,0.004262792552684954,0.36750596514313405,13.0,1.3975062373255105,True
2007-06-01,2005-11-01,2006-11-27,275,276,2007-11-02,340,2008-10-05,True,0.015760333394526534,6.235275271693331,-0.047679569804373545,0.0007274256150756331,0.004431557314818291,0.004490862752299125,0.3587770132888689,13.0,1.4081004829769106,True
2007-06-01,2005-10-18,2006-11-27,285,286,2007-11-10,348,2008-10-05,True,0.015976049213887573,6.075316792976085,-0.0064812272186011355,0.0005322606655099675,0.0008200518943003944,0.0009776433528617574,0.6062222468755417,12.901980337773505,0.9950841006568986,True
2007-06-01,2005-10-04,2006-11-27,295,296,2007-11-04,342,2008-10-05,True,0.01613358990671547,6.15114561892384,-0.021523475990896605,0.0003198961932447124,0.002516852720971752,0.002537100942713035,0.4526580582320456,13.0,1.4443725300923007,True
2007-06-01,2005-09-20,2006-11-27,305,306,2007-10-26,333,2008-10-05,True,0.016284483371351875,6.258481272571225,-0.06048585523185962,0.0020128021749032023,0.0050819893741469654,0.005466076160669345,0.32959539845619773,13.0,1.1936860977176553,True
2007-06-01,2005-09-06,2006-11-27,315,316,2007-10-23,330,2008-10-05,True,0.016060013666962313,6.280149277510765,-0.07106144570691854,0.0026069077385729965,0.005559584117894609,0.0061404351247593,0.31116559815453587,13.0,1.1323340315926451,True
2007-06-01,2005-08-23,2006-11-27,325,326,2007-11-03,341,2008-10-05,True,0.016279088919443654,6.215723620902522,-0.04026229294891998,0.0006243915282852664,0.003923895081131458,0.00397326281390019,0.3787053761139765,13.0,1.4129939116196348,True
2007-06-01,2005-08-09,2006-11-27,335,336,2007-11-07,345,2008-10-05,True,0.01611918259586509,6.203081939216799,-0.03427970259480188,0.0001397921579405475,0.0034667382459569874,0.0034695555786588292,0.39911371397855966,13.0,1.5304943328185572,True
2007-06-01,2005-07-26,2006-11-27,345,346,2007-10-18,325,2008-10-05,True,0.016214707365646192,6.182920791157161,-0.030451120623363602,-0.0031839496637648536,0.00034771161754025256,0.0032028797714495597,0.4128695158007874,12.315859655250048,3.0328160845993284,True
2007-06-01,2005-07-12,2006-11-27,355,356,2007-07-25,240,2008-10-05,True,0.01662095650486813,6.140916081388782,-0.032754115601848696,0.0037493244425341465,-0.0006074669790227154,0.003798216674439068,0.39537838034734735,10.088521055614248,-0.16062459032727328,True
2007-06-01,2005-06-28,2006-11-27,365,366,2007-05-27,181,2008-10-05,True,0.01716317738630838,6.103183586382795,-0.03199094822693031,0.0011783050650994113,0.003911717189209833,0.0040853315893325725,0.39133756904061123,8.469796111994254,1.278216514277369,True
2007-06-01,2005-06-14,2006-11-27,375,376,2007-05-02,156,2008-10-05,True,0.017495740714995378,6.080071379074263,-0.028606668642898625,-0.003116423478093695,0.0023166052259038982,0.0038831372712664763,0.40298169890676316,7.709652949129329,2.5023587018042446,True
2007-06-01,2005-05-31,2006-11-27,385,386,2007-03-26,119,2008-10-05,True,0.018077792436818518,6.04918150164733,-0.025576305874122192,-0.0012171739427747482,0.0036185914697876823,0.00381781568860913,0.41255859852249005,6.6681847252767446,1.8952744897185037,True
2007-06-01,2005-05-17,2006-11-27,395,396,2007-03-07,100,2008-10-05,True,0.019277657103832842,6.019044054271427,-0.018678819001113504,-0.0021402791774247903,-0.002216926726548579,0.0030814865030052516,0.4528606589407094,6.0,-2.338605318078448,True
2007-06-01,2005-05-03,2006-11-27,405,406,2007-03-18,111,2008-10-05,True,0.020364760697936735,6.006922226145457,-0.012082967836315937,-0.000974130450993376,-0.001801001030366526,0.0020475680323090236,0.5170660295367548,6.0,-2.066612818816887,True
2007-06-01,2005-04-19,2006-11-27,415,416,2007-03-30,123,2008-10-05,True,0.02102375961949609,6.0033771064122625,-0.008634150250448999,-0.0003273100224643118,-0.0014181578357398226,0.001455439280037421,0.5690514731679274,6.0,-1.7976238485193206,True
2007-06-01,2005-04-05,2006-11-27,425,426,2007-04-01,125,2008-10-05,True,0.020852570783541538,6.004684038844586,-0.00850997017261561,-0.0002702389641938633,-0.0013982989531949408,0.0014241731145737302,0.5719609317791194,6.0,-1.7617053541806353,True
2007-06-01,2005-03-18,2006-11-27,435,436,2007-04-04,128,2008-10-05,True,0.020669240848686567,6.006548473862862,-0.00815142459862805,-0.0001599550307104726,-0.0013364153874973865,0.001345953825281305,0.5796651205813417,6.0,-1.689919253463153,True
2007-06-01,2005-03-04,2006-11-27,445,446,2007-04-03,127,2008-10-05,True,0.020482203574674788,6.005149834443658,-0.008079488666029021,-0.00018026718660220722,-0.0013309658449935096,0.0013431181404123622,0.5804305342363496,6.0,-1.7054180191553523,True
2007-06-01,2005-02-18,2006-11-27,455,456,2007-04-02,126,2008-10-05,True,0.020278998669670693,6.003563167982046,-0.008036169358194957,-0.00021027543565170742,-0.0013303783439670498,0.0013468935729800723,0.5805523517643492,6.0,-1.7275563882411424,True
2007-06-01,2005-02-04,2006-11-27,465,466,2007-04-03,127,2008-10-05,True,0.020078827056064303,6.005284621242342,-0.008216364083624115,-0.00020169693059529604,-0.0013530705927377227,0.0013680210819805283,0.5778176587000292,6.0,-1.718772781304083,True
2007-06-01,2005-01-21,2006-11-27,475,476,2007-04-09,133,2008-10-05,True,0.020317070004227746,6.013138397251882,-0.008199092156297248,-2.054178788817181e-05,-0.0012972574662378374,0.0012974200934005363,0.5817840100134984,6.0,-1.5866297845289072,True
2007-06-01,2005-01-07,2006-11-27,485,486,2007-04-19,143,2008-10-05,True,0.02064382421210497,6.030393326384595,-0.009064510759366493,0.00021453065345472273,-0.0013016789278801353,0.001319238959612279,0.5734806497853369,6.0,-1.4074539679211437,True
2007-06-01,2004-12-22,2006-11-27,495,496,2007-04-30,154,2008-10-05,True,0.020926778196855792,6.054936751742036,-0.01086063781925782,0.0004928230012076608,-0.001343507525233205,0.001431044017798746,0.5550958915012234,6.0,-1.2192179715483902,True
2007-06-01,2004-12-08,2006-11-27,505,506,2007-05-13,167,2008-10-05,True,0.021217242424885305,6.093458471677165,-0.014703337501804034,0.0009109721630968738,-0.0014408359522421043,0.0017046637566425847,0.5221236414079742,6.0,-1.0069987066420754,True
2007-06-01,2004-11-24,2006-11-27,515,516,2007-05-27,181,2008-10-05,True,0.02140127629349972,6.1504059444018475,-0.022502361709071248,0.0015729736915107476,-0.0015970299134596194,0.002241595587671824,0.4748674257759875,6.0,-0.7929867226471368,True
2007-06-01,2004-11-10,2006-11-27,525,526,2007-06-08,193,2008-10-05,True,0.021454812285201973,6.225426795141045,-0.03650540495040907,0.0025496424570128524,-0.001752147734489163,0.0030936545285597163,0.4216772333539918,6.0,-0.6020925120503524,True
2007-06-01,2004-10-27,2006-11-27,535,536,2007-06-25,210,2008-10-05,True,0.021792247105996015,6.368429236968576,-0.07340772028357999,0.004581636919668189,-0.0016442170582725568,0.004867735263793736,0.34823988209443557,6.0,-0.3445558364939108,True
2007-06-01,2004-10-13,2006-11-27,545,546,2007-08-04,250,2008-10-05,True,0.022311662359169492,8.19421281201251,-1.2850860951148768,0.023357596495531652,0.004801031802063094,0.02384590573688686,0.103853551646096,6.0,0.20272134027613167,True
2007-06-01,2004-09-29,2006-11-27,555,556,2007-08-10,256,2008-10-05,True,0.022294139545197586,8.349492507889751,-1.397868861270732,0.02323656624016429,0.007244649198295927,0.024339740192531076,0.1,6.0,0.30222693081459995,True
2007-06-01,2004-09-15,2006-11-27,565,566,2007-08-18,264,2008-10-05,True,0.0223600843007244,8.421942618262056,-1.4344865752648526,0.022038010431133848,0.009916619319097028,0.02416636593455153,0.1,6.0,0.4228356104365449,True
2007-06-01,2004-09-01,2006-11-27,575,576,2007-08-26,272,2008-10-05,True,0.022414860680624153,8.4928444076179,-1.4701996200966039,0.020571818688901955,0.012337024956851753,0.023987536533688465,0.1,6.0,0.540202647153604,True
2007-06-01,2004-08-18,2006-11-27,585,586,2007-09-10,287,2008-10-05,True,0.022868094209096447,8.613116848176931,-1.530491774829361,0.017532856520350082,0.015925498737022904,0.023685914966200913,0.1,6.0,0.7373945199704037,True
2007-06-01,2004-08-04,2006-11-27,595,596,2007-09-26,303,2008-10-05,True,0.02337777494905205,8.74837268559739,-1.5979328367119725,0.013520518332790166,0.019093457398012978,0.023395822947634294,0.1,6.0,0.954639393654272,True
2007-06-01,2004-07-21,2006-11-27,605,606,2007-10-02,309,2008-10-05,True,0.023282238538447103,8.798476181315875,-1.6227865464197673,0.01189625541468825,0.020012928771973304,0.02328171408903512,0.1,6.0,1.0344835823533909,True
2007-06-01,2004-07-07,2006-11-27,615,616,2007-10-03,310,2008-10-05,True,0.02311970234448361,8.811958361726326,-1.6294890572053669,0.01145879413973866,0.02023865064007388,0.023257406193895998,0.1,6.0,1.0556129697854655,True
2007-06-01,2004-06-23,2006-11-27,625,626,2007-09-27,304,2008-10-05,True,0.023064196921391073,8.763542880513382,-1.6055087149748921,0.01308314436975938,0.019409490765003423,0.02340719971198434,0.1,6.0,0.9776933136795589,True
2007-06-01,2004-06-09,2006-11-27,635,636,2007-09-22,299,2008-10-05,True,0.02302339442652843,8.717143743034445,-1.5825094419994128,0.014630742762298588,0.018506789195595202,0.02359152136058105,0.1,6.0,0.9018375311559036,True
2007-06-01,2004-05-25,2006-11-27,645,646,2007-09-21,298,2008-10-05,True,0.02287244977453271,8.710573540700905,-1.5792454397385067,0.014846743287272646,0.018370071876617877,0.023619596249518798,0.1,6.0,0.8910736602542948,True
2007-06-01,2004-05-11,2006-11-27,655,656,2007-09-23,300,2008-10-05,True,0.022745059594429743,8.72768269044634,-1.5877532867042432,0.01427115369208698,0.018708367891170613,0.023530169078324774,0.1,6.0,0.9191395457775576,True
2007-06-01,2004-04-27,2006-11-27,665,666,2007-09-19,296,2008-10-05,True,0.02274756112387035,8.696624401602877,-1.5723539519629552,0.015341251926453414,0.01809637312676493,0.023724095999932443,0.1,6.0,0.8676082953473261,True
2007-06-01,2006-06-12,2006-12-04,125,126,2007-10-02,302,2008-10-05,True,0.01146124534789981,5.977174097576843,-0.09563404898545451,-0.03889933030184167,0.005704146288189035,0.039315330124632536,0.1,6.0,2.9959916744794786,True
2007-06-01,2006-05-29,2006-12-04,135,136,2008-08-10,615,2008-10-05,False,0.012411140206900114,-22.479099270615368,14.687377027337881,0.3166373704463552,0.0221205151162831,0.3174091075444939,0.1,6.0,0.0697474008115453,True
2007-06-01,2006-05-15,2006-12-04,145,146,2008-09-25,661,2008-10-05,False,0.01289864473454132,1.3154448512641856,0.011966072546825985,0.0020765055888601943,0.0006298399453204453,0.0021699248413917208,0.9,6.0,0.2944973490743591,True
2007-06-01,2006-04-28,2006-12-04,155,156,2008-09-05,641,2008-10-05,False,0.015035213657475635,-0.16331152458895193,0.01627507557413819,0.002828832005703519,0.0003770653737617778,0.0028538515750793176,0.9,6.0,0.13251255250763652,True
2007-06-01,2006-04-12,2006-12-04,165,166,2008-09-12,648,2008-10-05,False,0.015965430034803694,3.5684089655503897,0.00776650660281434,-0.00027342999561773013,-0.0011232900077636455,0.0011560901366438356,0.8612365239060809,8.548517575278645,-1.8095714679479575,True
2007-06-01,2006-03-29,2006-12-04,175,176,2008-02-21,444,2008-10-05,True,0.0168905018676888,5.879681851706521,-0.00020356712640765058,-4.372922657464515e-05,-0.0001827052727906651,0.0001878655422431905,0.9,13.0,-1.805719989186335,True
2007-06-01,2006-03-15,2006-12-04,185,186,2007-11-30,361,2008-10-05,True,0.017024475097015452,5.959685466365088,-0.0005684864175392339,0.000174879303542015,-1.879069824669083e-05,0.00017588593220589988,0.9,12.615209503715969,-0.10703885102197104,True
2007-06-01,2006-03-01,2006-12-04,195,196,2007-11-11,342,2008-10-05,True,0.01732421514657586,5.98937956931968,-0.0007195087939148738,-1.6750055613031826e-05,0.00016838641307723564,0.00016921745912303816,0.9,13.0,1.6699440752068817,True
2007-06-01,2006-02-15,2006-12-04,205,206,2007-11-04,335,2008-10-05,True,0.016970460750572333,5.991859238152537,-0.0007414573932602984,1.944175867520055e-05,0.0001698224584357093,0.00017093170966655936,0.9,13.0,1.456809731999326,True
2007-06-01,2006-02-01,2006-12-04,215,216,2007-10-29,329,2008-10-05,True,0.016669698316341963,5.993214764856042,-0.0007574083020807275,5.0568791968968346e-05,0.0001656698448413728,0.00017321576201652472,0.9,13.0,1.2745406518728721,True
2007-06-01,2006-01-18,2006-12-04,225,226,2007-10-26,326,2008-10-05,True,0.016459613902083857,5.994753378133863,-0.000770034917190045,6.959962307681812e-05,0.00016125374095862777,0.00017563278881116526,0.9,13.0,1.1633356146855884,True
2007-06-01,2006-01-04,2006-12-04,235,236,2007-11-03,334,2008-10-05,True,0.01645148356544184,5.993663819474559,-0.0007512058433842697,2.7005243471144694e-05,0.00016696373584216745,0.00016913359294152321,0.9,13.0,1.4104418721585381,True
2007-06-01,2005-12-20,2006-12-04,245,246,2007-11-08,339,2008-10-05,True,0.016288157628888862,5.993097139929702,-0.0007402761287706322,1.7336284403691527e-06,0.00016443571790117223,0.00016444485637818882,0.9,13.0,1.5602538228041087,True
2007-06-01,2005-12-06,2006-12-04,255,256,2007-11-03,334,2008-10-05,True,0.01620036791612063,6.096578619744308,-0.01052786308057504,0.0001981198071322127,0.0014635879161418353,0.0014769363717691108,0.5412695136573434,13.0,1.436248324748444,True
2007-06-01,2005-11-22,2006-12-04,265,266,2007-11-01,332,2008-10-05,True,0.016000567917339347,6.200205974215833,-0.03672308762964217,0.0007729987299908512,0.003690741459852884,0.0037708221331752665,0.38778007384986907,13.0,1.3643379862932468,True
2007-06-01,2005-11-08,2006-12-04,275,276,2007-10-30,330,2008-10-05,True,0.01574365475095234,6.272634971211383,-0.06449099001277422,0.0013820975854695102,0.005408610074789582,0.005582405993554753,0.3235965163676278,13.0,1.3206136148929484,True
2007-06-01,2005-10-25,2006-12-04,285,286,2007-11-06,337,2008-10-05,True,0.015846744056864873,6.116510150182294,-0.01394687647321076,0.00012146683801157613,0.0018144758990577743,0.0018185370441643604,0.5058101894096216,13.0,1.503952850111317,True
2007-06-01,2005-10-11,2006-12-04,295,296,2007-11-07,338,2008-10-05,True,0.015797504828206053,6.087874454978292,-0.008844289173582568,1.8435622544079678e-05,0.0012716470053105754,0.0012717806329292573,0.5637858990840336,13.0,1.5562999051804454,True
2007-06-01,2005-09-27,2006-12-04,305,306,2007-10-27,327,2008-10-05,True,0.016237886173764607,6.224233194681794,-0.0465856431540956,0.0014702081844302373,0.004300317948736108,0.00454469433139211,0.3592201513906274,13.0,1.2413703709108057,True
2007-06-01,2005-09-13,2006-12-04,315,316,2007-10-24,324,2008-10-05,True,0.016068349640633414,6.275757469947227,-0.06868160516831685,0.0024229205322836515,0.005472571605701605,0.005984946439634454,0.31511874927753664,13.0,1.1539970853915273,True
2007-06-01,2005-08-30,2006-12-04,325,326,2007-10-27,327,2008-10-05,True,0.016029581177828968,6.238443484869158,-0.05165938930470507,0.0015482869020509039,0.004609134355456218,0.004862233215067866,0.347753621977975,13.0,1.2467222157659774,True
2007-06-01,2005-08-16,2006-12-04,335,336,2007-10-31,331,2008-10-05,True,0.01611895393488236,6.189574009865819,-0.03280715856905151,0.0022247691289209266,0.00262355437195294,0.003439859767431365,0.40180443505958924,12.923064136214222,0.8674656159859501,True
2007-06-01,2005-08-02,2006-12-04,345,346,2007-10-22,322,2008-10-05,True,0.016056740329387975,6.171563903415465,-0.02814754396505783,0.00029254425543977095,-0.0030514256423770595,0.0030654168708916345,0.4202184237365236,12.581734021632753,-1.475217108549077,True
2007-06-01,2005-07-19,2006-12-04,355,356,2007-08-10,249,2008-10-05,True,0.016335635354068467,6.142403028666686,-0.03144694994247794,-0.003579678677884872,-0.0007565528135211972,0.0036587527378261608,0.40025622307852404,10.602961816308538,-2.933311113943072,True
2007-06-01,2005-07-05,2006-12-04,365,366,2007-07-04,212,2008-10-05,True,0.016828173742170303,6.114181858142154,-0.02851842939690982,-0.0012533272783299362,0.0033124140351551757,0.0035415979454052828,0.40930008407417523,9.48097069868335,1.9325206634966952,True
2007-06-01,2005-06-21,2006-12-04,375,376,2007-05-11,158,2008-10-05,True,0.01723615459994844,6.084319878527639,-0.02908183460103053,-0.0007268528154132578,-0.0038518754909141893,0.003919854565258717,0.40065486293435987,8.019869630751957,-1.7573042498947682,True
2007-06-01,2005-06-07,2006-12-04,385,386,2007-04-08,125,2008-10-05,True,0.017623914184604576,6.0590152300587805,-0.02699837742397436,-0.0008140828860106197,-0.0038343501001284874,0.003919817806435744,0.40615583995637916,7.071485528003985,-1.78000292040172,True
2007-06-01,2005-05-24,2006-12-04,395,396,2007-03-03,89,2008-10-05,True,0.018492853665456,6.026409423320026,-0.02288898369281241,-0.002354419041547944,-0.002861799789459142,0.003705831493491296,0.4232682708404336,6.032222940534547,-2.2592296951162503,True
2007-06-01,2005-05-10,2006-12-04,405,406,2007-03-11,97,2008-10-05,True,0.019901252350116878,6.003119488020857,-0.01340698185380908,-0.00142399545250194,-0.0018481477075767841,0.002333112298576202,0.4982206846998746,6.0,-2.2272880618551025,True
2007-06-01,2005-04-26,2006-12-04,415,416,2007-03-20,106,2008-10-05,True,0.020839671767705587,5.987836135163413,-0.008141069384292229,-0.0006071825233624297,-0.0013443934391893328,0.0014751489199440475,0.5704048114873611,6.0,-1.995013655185541,True
2007-06-01,2005-04-12,2006-12-04,425,426,2007-03-25,111,2008-10-05,True,0.02097870632140683,5.982546892719186,-0.006398935973331284,-0.0003428284038692632,-0.001118664005926234,0.0011700172958783455,0.6060518712740451,6.0,-1.8681712903710066,True
2007-06-01,2005-03-29,2006-12-04,435,436,2007-03-27,113,2008-10-05,True,0.020771789640699253,5.9827394161949785,-0.006131130150078422,-0.0002787312670920212,-0.0010788605872500787,0.001114285100850006,0.6128554908136703,6.0,-1.8236248761810896,True
2007-06-01,2005-03-11,2006-12-04,445,446,2007-03-29,115,2008-10-05,True,0.02060051722470344,5.981345041367886,-0.005667010885734018,-0.00021303655280211463,-0.0010064647850173713,0.0010287642763577435,0.624650716170941,6.0,-1.7793856886231971,True
2007-06-01,2005-02-25,2006-12-04,455,456,2007-03-28,114,2008-10-05,True,0.020406385782217946,5.981513434026541,-0.005857346046377796,-0.00024907403434108744,-0.0010379854421441676,0.001067451007159658,0.6195188398289995,6.0,-1.8063026181398638,True
2007-06-01,2005-02-11,2006-12-04,465,466,2007-03-28,114,2008-10-05,True,0.020204139264252532,5.981493587940088,-0.005890134356303564,-0.0002565173434703413,-0.001043808873674463,0.0010748665555605646,0.6186264570656431,6.0,-1.811772193353953,True
2007-06-01,2005-01-28,2006-12-04,475,476,2007-03-31,117,2008-10-05,True,0.020172553208653684,5.982163262645047,-0.005569322074210212,-0.00017613848550909945,-0.000983527795534623,0.0009991755054376756,0.6277806023576512,6.0,-1.7480061990710172,True
2007-06-01,2005-01-14,2006-12-04,485,486,2007-04-06,123,2008-10-05,True,0.020567935505624864,5.984181313705032,-0.0049829159618923705,-3.465338783987344e-05,-0.0008579247448588035,0.0008586243213011286,0.6462172892866842,6.0,-1.6111664881052596,True
2007-06-01,2004-12-30,2006-12-04,495,496,2007-04-14,131,2008-10-05,True,0.02091188357598926,5.989289181130487,-0.004684044859203584,8.364859978492206e-05,-0.0007616104122778508,0.0007661902559651982,0.6581239896824653,6.0,-1.4614035665019685,True
2007-06-01,2004-12-15,2006-12-04,505,506,2007-04-24,141,2008-10-05,True,0.02125576264422387,5.997768257272325,-0.00461745825066605,0.0001927273773059226,-0.0006807087120722461,0.0007074660363962892,0.6639176548913186,6.0,-1.294889825953435,True
2007-06-01,2004-12-01,2006-12-04,515,516,2007-05-04,151,2008-10-05,True,0.02150950339090751,6.009653944366843,-0.004842900143770453,0.00029580579876132727,-0.0006240908416712956,0.000690644951649408,0.6613151734844117,6.0,-1.128181566173208,True
2007-06-01,2004-11-17,2006-12-04,525,526,2007-05-16,163,2008-10-05,True,0.021721795947559863,6.03178066489695,-0.005847392563723455,0.00045161037364322993,-0.0006069276305617185,0.0007565137661149594,0.6406992216915384,6.0,-0.9310866708778275,True
2007-06-01,2004-11-03,2006-12-04,535,536,2007-05-25,172,2008-10-05,True,0.021846142716328332,6.048031263672147,-0.006576303156217584,0.0005605394158885744,-0.0005608356946050479,0.000792931972559961,0.6285299430307625,6.0,-0.785662373568342,True
2007-06-01,2004-10-20,2006-12-04,545,546,2007-06-17,195,2008-10-05,True,0.022540924357476576,6.112683249681516,-0.011636957208257649,0.00103903233960894,-0.0005012151494649571,0.0011536051442354125,0.5626072281155401,6.0,-0.4494577628232345,True
2007-06-01,2004-10-06,2006-12-04,555,556,2007-07-05,213,2008-10-05,True,0.02267760620255793,6.190324330804757,-0.021067958184362353,0.001718241705159604,-0.00034642584503271484,0.0017528164260573365,0.49453253493988525,6.0,-0.198949383630451,True
2007-06-01,2004-09-22,2006-12-04,565,566,2007-07-25,233,2008-10-05,True,0.022789111203579966,6.328181937273159,-0.04728142978368055,0.0030910633899302476,0.00022581705694764507,0.0030993009250112466,0.40495857247060435,6.0,0.0729252626283986,True
2007-06-01,2004-09-08,2006-12-04,575,576,2007-08-19,258,2008-10-05,True,0.022779385694059243,6.750132044827347,-0.20137573470109157,0.007518821997308245,0.00322960156041174,0.008183092964534882,0.2573914286316081,6.0,0.40570604278136235,True
2007-06-01,2004-08-25,2006-12-04,585,586,2007-09-13,283,2008-10-05,True,0.022906130260761874,8.029346980945938,-1.0486610600799824,0.014895592891503107,0.01328340273320034,0.019958143094030368,0.12384157862449972,6.0,0.7282479873189804,True
2007-06-01,2004-08-11,2006-12-04,595,596,2007-10-05,305,2008-10-05,True,0.023542000694189696,8.7629718116228,-1.603330088659483,0.012258205681447976,0.019660357782019536,0.023168799594404963,0.1,6.0,1.0132773937692752,True
2007-06-01,2004-07-28,2006-12-04,605,606,2007-10-15,315,2008-10-05,True,0.023543113325202706,8.840550689511648,-1.6416806438477904,0.009691613913153596,0.020860358384029165,0.023001781064773404,0.1,6.0,1.1358718722447108,True
2007-06-01,2004-07-14,2006-12-04,615,616,2007-10-20,320,2008-10-05,True,0.02343502193982563,8.881030306682984,-1.661780633603984,0.008362789034564666,0.021374773303740713,0.0229524982131127,0.1,6.0,1.197859430019986,True
2007-06-01,2004-06-30,2006-12-04,625,626,2007-10-16,316,2008-10-05,True,0.023283721296780774,8.85473786587382,-1.6488047730095947,0.009264605107842827,0.021069780218464396,0.02301670146347345,0.1,6.0,1.156531961479659,True
2007-06-01,2004-06-16,2006-12-04,635,636,2007-10-08,308,2008-10-05,True,0.023317488802688163,8.785459878973326,-1.6145788430970085,0.011641395121944731,0.02010617690987815,0.023233175209526478,0.1,6.0,1.0459641656105043,True
2007-06-01,2004-06-02,2006-12-04,645,646,2007-10-03,303,2008-10-05,True,0.02321946600627349,8.750931322893319,-1.5975343546569032,0.012833081179934647,0.019540345559743627,0.023377619150909815,0.1,6.0,0.9896920229091615,True
2007-06-01,2004-05-18,2006-12-04,655,656,2007-10-05,305,2008-10-05,True,0.023058731068102363,8.761802336282525,-1.6028681583460553,0.012445049278692555,0.019720003781954376,0.0233186148968883,0.1,6.0,1.0078314046558343,True
2007-06-01,2004-05-04,2006-12-04,665,666,2007-10-04,304,2008-10-05,True,0.022970704276626598,8.758887990213479,-1.6014223857725454,0.012549376984267835,0.01967732026238664,0.02333846171884092,0.1,6.0,1.0030749676373387,True
2007-06-01,2006-06-19,2006-12-11,125,126,2007-06-28,199,2008-10-05,True,0.010571826401412146,6.498154155707239,-0.38762182802628525,0.01062485344651834,0.02369106069092343,0.025964473178191193,0.1,6.0,1.1492111395809232,True
2007-06-01,2006-06-05,2006-12-11,135,136,2007-10-20,313,2008-10-05,False,0.011492586869735272,4.982875707457993,0.4511441402411396,-0.05022390851473385,-0.002564624456986797,0.05028934564201179,0.1,6.0,-3.09057315080317,True
2007-06-01,2006-05-22,2006-12-11,145,146,2008-08-27,625,2008-10-05,False,0.0123676707414277,-24.403836291582035,15.650695567907523,0.32747885991149284,0.06926277482274479,0.3347233718536508,0.1,6.0,0.20843131498382186,True
2007-06-01,2006-05-08,2006-12-11,155,156,2008-09-13,642,2008-10-05,False,0.014946651935687151,0.30942571163314514,0.014890569844146027,0.0025943092929554337,0.00047066181135022034,0.002636657590241553,0.9,6.0,0.1794688610343851,True
2007-06-01,2006-04-21,2006-12-11,165,166,2008-10-02,661,2008-10-05,False,0.014799946900886544,-0.26178455563093905,0.016053247972831343,0.0026560552445868656,0.0009223281390595426,0.0028116398521856305,0.9,6.0,0.3342271859695943,True
2007-06-01,2006-04-05,2006-12-11,175,176,2008-06-05,542,2008-10-05,False,0.01637965235705337,5.673437662948209,0.0004525868476612172,0.0001956047222873474,0.00011912564248523581,0.0002290242914597282,0.9,13.0,0.5470197054668285,True
2007-06-01,2006-03-22,2006-12-11,185,186,2008-01-14,399,2008-10-05,True,0.01683630876079345,5.938351334749437,-0.0004377425432371972,-0.0001626589607809195,6.77195897963817e-05,0.00017619273641248355,0.9,12.884107930776286,2.747089560413438,True
2007-06-01,2006-03-08,2006-12-11,195,196,2007-12-02,356,2008-10-05,True,0.017192906313911144,5.9857053923705985,-0.0006712856356917002,-0.00010518129920912173,0.000129573987721625,0.00016689075467922907,0.9,13.0,2.252659158529235,True
2007-06-01,2006-02-22,2006-12-11,205,206,2007-11-16,340,2008-10-05,True,0.017046350574046867,5.995685676475074,-0.0007365964444994677,-3.3204843744448864e-05,0.00016427831668689404,0.00016760049815430953,0.9,13.0,1.7702348387925917,True
2007-06-01,2006-02-08,2006-12-11,215,216,2007-11-07,331,2008-10-05,True,0.01677092674784951,5.999230911758431,-0.0007661368228615865,1.2323610891649316e-05,0.00016971126712776944,0.00017015811933469968,0.9,13.0,1.4983083963810653,True
2007-06-01,2006-01-25,2006-12-11,225,226,2007-11-05,329,2008-10-05,True,0.016462533267283638,6.000095205260217,-0.00077389206471234,2.5084956369608953e-05,0.0001694521563288784,0.00017129882755165555,0.9,13.0,1.4238280768591356,True
2007-06-01,2006-01-11,2006-12-11,235,236,2007-11-04,328,2008-10-05,True,0.016374908041466147,6.000418653745362,-0.0007757736190246399,2.6847222594987976e-05,0.00016895552809474687,0.00017107525781023868,0.9,13.0,1.4132126990544358,True
2007-06-01,2005-12-28,2006-12-11,245,246,2007-11-10,334,2008-10-05,True,0.01627305054752087,5.999310987408524,-0.0007607719950852216,-4.09889213531018e-06,0.0001660006020512222,0.00016605119932751208,0.9,13.0,1.5954833421589303,True
2007-06-01,2005-12-13,2006-12-11,255,256,2007-11-14,338,2008-10-05,True,0.016152099729758947,6.01474676333786,-0.0013495214936634008,-3.2013626903079314e-05,0.00026547990877300867,0.00026740316802464133,0.8184261253170612,13.0,1.6908046265630685,True
2007-06-01,2005-11-29,2006-12-11,265,266,2007-11-10,334,2008-10-05,True,0.016089730862380778,6.116521631567707,-0.01254096528579937,-4.4837156153324474e-05,0.0016397841927831241,0.0016403970767693169,0.5220863171447491,13.0,1.5981328428322588,True
2007-06-01,2005-11-15,2006-12-11,275,276,2007-11-09,333,2008-10-05,True,0.015856243868028086,6.18761891140985,-0.029322339335859298,2.2378360267969952e-05,0.003100891685791407,0.0031009724342564798,0.4177687310025222,13.0,1.5635797020145914,True
2007-06-01,2005-11-01,2006-12-11,285,286,2007-11-07,331,2008-10-05,True,0.015638034601776516,6.224070355414125,-0.041186895017103646,0.00022839174319136315,0.003967196163875095,0.003973764989405294,0.37761002290803775,13.0,1.513289736797404,True
2007-06-01,2005-10-18,2006-12-11,295,296,2007-11-15,339,2008-10-05,True,0.01582291594018139,6.073923528507023,-0.005940671207764759,-0.00011039872239921233,0.0008919737134692395,0.000898779719078865,0.6183087178773772,12.992507773554689,1.6939391074919001,True
2007-06-01,2005-10-04,2006-12-11,305,306,2007-11-08,332,2008-10-05,True,0.01600511685806885,6.154732251514166,-0.020957842637971055,7.892828654542782e-05,0.0024383078937612115,0.0024395850178248004,0.4578814553724834,13.0,1.5384375191069293,True
2007-06-01,2005-09-20,2006-12-11,315,316,2007-10-31,324,2008-10-05,True,0.01619469768482426,6.2851159336920635,-0.06676518892971275,0.001350449526045714,0.005517281125541525,0.005680150080821267,0.321924868838374,13.0,1.3307486707493168,True
2007-06-01,2005-09-06,2006-12-11,325,326,2007-10-30,323,2008-10-05,True,0.01599037084922914,6.325292420341067,-0.08574141226730359,0.0019590643377494724,0.006453133737849285,0.006743950483063355,0.2944482739047348,13.0,1.2760552522556672,True
2007-06-01,2005-08-23,2006-12-11,335,336,2007-11-06,330,2008-10-05,True,0.016162695256249946,6.232614983992878,-0.04405449318406852,0.00036999426485201034,0.004151224505659372,0.004167680488282454,0.37008970350856535,13.0,1.4819022747288468,True
2007-06-01,2005-08-09,2006-12-11,345,346,2007-11-09,333,2008-10-05,True,0.015998831801482778,6.21116730862371,-0.03587241811368635,2.367022842350488e-05,0.0035520399105419247,0.003552118776983155,0.39471015355467226,13.0,1.56413258464781,True
2007-06-01,2005-07-26,2006-12-11,355,356,2007-10-31,324,2008-10-05,True,0.01608898632469265,6.182895336876853,-0.028059033238264842,0.0015182871213090137,-0.0025200444379018176,0.002942077455087255,0.4241739437371094,12.619265422814518,-1.0285521628318948,True
2007-06-01,2005-07-12,2006-12-11,365,366,2007-08-05,237,2008-10-05,True,0.016495037716350462,6.147443635912816,-0.032199788469241125,0.0005957097244842116,0.003605057332392045,0.0036539442313312204,0.3994952346396409,10.305660600684966,1.407033363918844,True
2007-06-01,2005-06-28,2006-12-11,375,376,2007-06-12,183,2008-10-05,True,0.017032785400684584,6.112366897437918,-0.030932616294108754,-0.003392584952313869,-0.0017608474811092606,0.0038223312926008025,0.3987919666918846,8.802143316483528,-2.6628385706934856,True
2007-06-01,2005-06-14,2006-12-11,385,386,2007-05-04,144,2008-10-05,True,0.017366693127340658,6.084163441599202,-0.029180463289828592,-0.0033444154026220233,0.001990916582496784,0.0038921540596122484,0.4015162134148467,7.721447200499113,2.604639272765364,True
2007-06-01,2005-05-31,2006-12-11,395,396,2007-03-28,107,2008-10-05,True,0.017940257590592385,6.053191755335798,-0.025946720341361567,-0.0019543667550871776,0.0032578622668310124,0.0037991072586900316,0.4119832788319357,6.697226532758181,2.1111366923380666,True
2007-06-01,2005-05-17,2006-12-11,405,406,2007-03-07,86,2008-10-05,True,0.019109264809270395,6.01894154670276,-0.018517302737285843,-0.0021080374858806943,-0.002199277468878521,0.00304641484814444,0.4542327127671254,6.0,-2.335015091626142,True
2007-06-01,2005-05-03,2006-12-11,415,416,2007-03-15,94,2008-10-05,True,0.02019965587602691,5.997555800126874,-0.010885939374121485,-0.0009885351833064952,-0.0016412218888080538,0.001915936088949076,0.5289380564691831,6.0,-2.112917466587259,True
2007-06-01,2005-04-19,2006-12-11,425,426,2007-03-24,103,2008-10-05,True,0.020906557150866596,5.983370416708412,-0.006697287803940701,-0.00038721003935514526,-0.0011601357001826743,0.0012230480192599786,0.5991848249492867,6.0,-1.8929332735758757,True
2007-06-01,2005-04-05,2006-12-11,435,436,2007-03-25,104,2008-10-05,True,0.020748785205978854,5.981896980596313,-0.0063349870933187636,-0.00034179742407286517,-0.0011096414719381884,0.0011610898653196466,0.607282637261977,6.0,-1.8695992391493146,True
2007-06-01,2005-03-18,2006-12-11,445,446,2007-03-28,107,2008-10-05,True,0.020592456581761814,5.979550599437313,-0.005647187888530561,-0.0002432768656648941,-0.0010068621370977369,0.0010358354099415394,0.6242860908655887,6.0,-1.8078714212493672,True
2007-06-01,2005-03-04,2006-12-11,455,456,2007-03-27,106,2008-10-05,True,0.020409638833182385,5.979251838286313,-0.005608629648489749,-0.0002420202260398816,-0.0010012833747134043,0.0010301175594512788,0.6252397749367348,6.0,-1.8079575676327937,True
2007-06-01,2005-02-18,2006-12-11,465,466,2007-03-27,106,2008-10-05,True,0.020207756907239242,5.979529047762264,-0.005657802568308011,-0.00024622895193569024,-0.0010090680417883307,0.0010386756037040078,0.6239802471216465,6.0,-1.810135300097847,True
2007-06-01,2005-02-04,2006-12-11,475,476,2007-03-27,106,2008-10-05,True,0.020013275131240862,5.97939947226004,-0.00563255956874976,-0.00024382697068572802,-0.0010046137976685052,0.0010337797028863137,0.6246361380805698,6.0,-1.8088994589215635,True
2007-06-01,2005-01-21,2006-12-11,485,486,2007-04-02,112,2008-10-05,True,0.02029799281244553,5.978439782298867,-0.004882430586141897,-0.00010958449022948756,-0.0008674094305137629,0.0008743042265956782,0.6466208389313569,6.0,-1.696465929103815,True
2007-06-01,2005-01-07,2006-12-11,495,496,2007-04-08,118,2008-10-05,True,0.020684051562500166,5.9784134172929635,-0.004210915290017323,3.982674120851348e-06,-0.0007287544239114656,0.0007287653065724829,0.6696939076145415,6.0,-1.5653313383967233,True
2007-06-01,2004-12-22,2006-12-11,505,506,2007-04-15,125,2008-10-05,True,0.02103226660510621,5.97994000939787,-0.0037172058075372423,8.81170532660018e-05,-0.0006103924798476732,0.0006167200292927703,0.6896763122011322,6.0,-1.4274255074152615,True
2007-06-01,2004-12-08,2006-12-11,515,516,2007-04-24,134,2008-10-05,True,0.021393604807969056,5.983663886517714,-0.0033792204268613957,0.00015541137373897718,-0.00050835924369161,0.0005315842508334326,0.7058713702443793,6.0,-1.2741077037030182,True
2007-06-01,2004-11-24,2006-12-11,525,526,2007-05-03,143,2008-10-05,True,0.021643168643190748,5.990359156440231,-0.00326917588804383,0.00021190471225544037,-0.0004356256408714231,0.00048443090948111384,0.7135047811698565,6.0,-1.1180573475015938,True
2007-06-01,2004-11-10,2006-12-11,535,536,2007-05-12,152,2008-10-05,True,0.02175143414991382,5.999751111401636,-0.0033855754519071823,0.0002657154094223005,-0.00039024157879875344,0.00047211563056925415,0.7116139075364338,6.0,-0.9730046423596824,True
2007-06-01,2004-10-27,2006-12-11,545,546,2007-05-23,163,2008-10-05,True,0.022155481933152126,6.010637589397007,-0.0034600539687960276,0.00031334708994146693,-0.0003200760192553267,0.0004479230479414093,0.7121820747155535,6.0,-0.7960208832065592,True
2007-06-01,2004-10-13,2006-12-11,555,556,2007-06-11,182,2008-10-05,True,0.022755465389140066,6.039933013361976,-0.004425993616084053,0.00043859326635229973,-0.00024911314069282113,0.0005044020322673379,0.684727668714471,6.0,-0.5165441758803602,True
2007-06-01,2004-09-29,2006-12-11,565,566,2007-06-23,194,2008-10-05,True,0.022775721728924368,6.064037203847236,-0.005563677797341932,0.0005485243506718771,-0.0002008872732967785,0.0005841529421757789,0.6578617220908871,6.0,-0.35106175246882726,True
2007-06-01,2004-09-15,2006-12-11,575,576,2007-07-11,212,2008-10-05,True,0.02286410224058234,6.11453055590295,-0.008971213413629744,0.000817551628864349,-9.14755236045854e-05,0.0008226532910512686,0.6009970864350185,6.0,-0.11142614908082565,True
2007-06-01,2004-09-01,2006-12-11,585,586,2007-07-27,228,2008-10-05,True,0.022918882695108635,6.176712301425077,-0.014791557540297992,0.0011726920056440012,0.00013280253620549516,0.0011801877196971513,0.5427359784506351,6.0,0.11276545756766364,True
2007-06-01,2004-08-18,2006-12-11,595,596,2007-09-05,268,2008-10-05,True,0.023322854075306147,6.481569058589077,-0.07646723658527028,0.0031891606787971573,0.0022272279905815547,0.003889895931412034,0.360668535193559,6.0,0.6096340852810529,True
2007-06-01,2004-08-04,2006-12-11,605,606,2007-10-26,319,2008-10-05,True,0.02372897286597732,8.87842971930268,-1.6590027709745145,0.007845663832573235,0.021417328535173835,0.02280912980710398,0.1,6.0,1.219654348643583,True
2007-06-01,2004-07-21,2006-12-11,615,616,2007-11-01,325,2008-10-05,True,0.023602598099812966,8.928980148158088,-1.6838772720778195,0.006120135664224702,0.021867044965889815,0.022707349384918578,0.1,6.0,1.2978994494012261,True
2007-06-01,2004-07-07,2006-12-11,625,626,2007-11-02,326,2008-10-05,True,0.023433296505308624,8.933113487091871,-1.685930628675857,0.005986494823848554,0.02190356203439514,0.022706918550753685,0.1,6.0,1.3040006018228756,True
2007-06-01,2004-06-23,2006-12-11,635,636,2007-10-16,309,2008-10-05,True,0.0234133800713481,7.748710353161154,-0.7644804776076253,0.007052823056291652,0.014389760269066548,0.016025214933490448,0.1518593319909634,6.0,1.115077537799544,True
2007-06-01,2004-06-09,2006-12-11,645,646,2007-09-30,293,2008-10-05,True,0.023402906287376568,6.98303290325859,-0.2836856053517203,0.005607794556457976,0.007354912515299551,0.009248897117772999,0.23314826580913153,6.0,0.919371148566081,True
2007-06-01,2004-05-25,2006-12-11,655,656,2007-10-03,296,2008-10-05,True,0.023256425855057078,7.2271733857297455,-0.4258830311322217,0.006857540004667345,0.00967413308721636,0.011858107180523684,0.19720191758889638,6.0,0.9541533103379716,True
2007-06-01,2004-05-11,2006-12-11,665,666,2007-10-14,307,2008-10-05,True,0.023115939265770147,8.20275553766985,-1.1236150283584527,0.009242491125429991,0.017291899467901023,0.019606973999361753,0.12345000684370079,6.0,1.0799324468183453,True
2007-06-01,2004-04-27,2006-12-11,675,676,2007-09-25,288,2008-10-05,True,0.02313654901730288,6.919363908910772,-0.2545187575944254,0.005745677194384631,0.006628816912147527,0.008772344046880784,0.24228722526163507,6.0,0.8566451084764543,True
2007-06-01,2006-06-26,2006-12-18,125,126,2007-03-10,82,2008-10-05,True,0.010896548519977919,7.005801576550237,-0.7071032192238275,-0.002288153304311244,-0.009906532183323283,0.010167350955054636,0.1,6.0,-1.7977897677475831,True
2007-06-01,2006-06-12,2006-12-18,135,136,2007-06-03,167,2008-10-05,True,0.011612322060146108,7.535628124092664,-0.9873183173265491,0.0069509460598886075,0.010520464123947748,0.012609354325688235,0.1,6.0,0.9869308857336749,True
2007-06-01,2006-05-29,2006-12-18,145,146,2008-09-19,641,2008-10-05,False,0.012706461863275363,3.6276565732725343,0.005888737258362994,-0.0010702448861409325,0.00044924403218491414,0.001160708540833821,0.9,6.37996602222516,2.744170249772573,True
2007-06-01,2006-05-15,2006-12-18,155,156,2008-09-28,650,2008-10-05,False,0.013274453982904654,2.330687021614167,0.009307183792800187,0.0016896062726748573,0.00048734525163076584,0.0017584864943892174,0.9,6.0,0.2808152279104721,True
2007-06-01,2006-04-28,2006-12-18,165,166,2008-10-02,654,2008-10-05,False,0.01572018396386911,0.45532852634995846,0.014248200526999232,0.002425291848545675,0.0007500760444298284,0.0025386324316548064,0.9,6.0,0.29994180589844077,True
2007-06-01,2006-04-12,2006-12-18,175,176,2008-09-16,638,2008-10-05,False,0.016232636967509078,1.545552458784353,0.011600566093962778,0.0020940934340643383,0.0003425296384416887,0.0021219222096491583,0.9,6.0,0.1621336302768821,True
2007-06-01,2006-03-29,2006-12-18,185,186,2008-05-07,506,2008-10-05,True,0.01714240722447756,5.833024576394496,-1.9963038640911297e-05,0.00019012714974179931,-3.069863615849765e-05,0.00019258956184313935,0.9,13.0,-0.1600821158343951,True
2007-06-01,2006-03-15,2006-12-18,195,196,2008-01-25,403,2008-10-05,True,0.017334275199558647,5.971972641949314,-0.0005465017065874026,-0.00014409592820765896,-8.090224550732408e-05,0.00016525377409957738,0.9,13.0,-2.6300033584873472,True
2007-06-01,2006-03-01,2006-12-18,205,206,2007-12-08,355,2008-10-05,True,0.01774337149121565,6.007172778359881,-0.0007442926743674363,-0.00010997463463214854,0.0001189178765519295,0.00016197494135234162,0.9,13.0,2.317142556585036,True
2007-06-01,2006-02-15,2006-12-18,215,216,2007-12-03,350,2008-10-05,True,0.0174363504904725,6.011685341194798,-0.0007705058169169324,-8.982306248573399e-05,0.0001345078355458407,0.0001617422034521077,0.9,13.0,2.159576605052383,True
2007-06-01,2006-02-01,2006-12-18,225,226,2007-11-22,339,2008-10-05,True,0.01718152978442283,6.014185611926016,-0.0007976857522811899,-4.7461153020149766e-05,0.0001579479396899631,0.00016492456669127948,0.9,13.0,1.8626989820322775,True
2007-06-01,2006-01-18,2006-12-18,235,236,2007-11-15,332,2008-10-05,True,0.01702091324333283,6.01569229671955,-0.0008160005186446021,-1.435926334963838e-05,0.0001679983030762919,0.00016861084864402376,0.9,13.0,1.6560617610181934,True
2007-06-01,2006-01-04,2006-12-18,245,246,2007-11-23,340,2008-10-05,True,0.016911712217185022,6.014549743360769,-0.0007985244560541395,-4.8446016798816166e-05,0.0001561660805843066,0.00016350798533629885,0.9,13.0,1.8716037198222588,True
2007-06-01,2005-12-20,2006-12-18,255,256,2007-11-27,344,2008-10-05,True,0.016694293608923355,6.013814938066168,-0.000788516594550281,-6.534841312149299e-05,0.00014602454760059976,0.00015997994749173143,0.9,13.0,1.991583160493231,True
2007-06-01,2005-12-06,2006-12-18,265,266,2007-11-30,347,2008-10-05,True,0.01663693870919756,6.033468402341981,-0.0015263627064931904,-0.0001369918771846668,0.00023986063326258654,0.0002762243613508915,0.8070281692697994,13.0,2.089718195618711,True
2007-06-01,2005-11-22,2006-12-18,275,276,2007-11-27,344,2008-10-05,True,0.01649587499096233,6.105056434757941,-0.007691703730311435,-0.0004477542989766547,0.0009392958820741065,0.0010405578630395568,0.5912283553815353,13.0,2.0156238148693597,True
2007-06-01,2005-11-08,2006-12-18,285,286,2007-11-25,342,2008-10-05,True,0.016279826062267924,6.177138218914444,-0.020821975837060747,-0.0008199714617962693,0.002095090936039613,0.0022498353780745052,0.46584362033506777,13.0,1.943847489260112,True
2007-06-01,2005-10-25,2006-12-18,295,296,2007-11-29,346,2008-10-05,True,0.016263332118020835,6.100476158919675,-0.007015863406740254,-0.0004589770908243198,0.0008453542772487261,0.0009619167448195671,0.6031623365789734,13.0,2.068203439962556,True
2007-06-01,2005-10-11,2006-12-18,305,306,2007-11-30,347,2008-10-05,True,0.016185182408069373,6.093358037032216,-0.006148613109974993,-0.0004243798493003767,0.0007535674931864922,0.0008648480926033105,0.6203514186399087,13.0,2.0836877963768003,True
2007-06-01,2005-09-27,2006-12-18,315,316,2007-11-16,333,2008-10-05,True,0.016794874483892337,6.272287957483832,-0.05084318304212325,-0.0006505602810816316,0.004347399471699865,0.00439580605189279,0.35950872224635366,13.0,1.7193376477771558,True
2007-06-01,2005-09-13,2006-12-18,325,326,2007-11-12,329,2008-10-05,True,0.016694873636490404,6.3830385929627536,-0.10003473106051168,-0.0001510016066414207,0.006995934369463629,0.006997563803714172,0.2847996183687984,13.0,1.5923771701542688,True
2007-06-01,2005-08-30,2006-12-18,335,336,2007-11-14,331,2008-10-05,True,0.01658705222992358,6.354769660795187,-0.08573700837680694,-0.00042650963157231554,0.006278264443441676,0.006292735087989004,0.3015134432610067,13.0,1.6386264288977035,True
2007-06-01,2005-08-16,2006-12-18,345,346,2007-11-18,335,2008-10-05,True,0.01654527030331501,6.2886000365785275,-0.055898107906780986,-0.0009142222924560951,0.00454458105485411,0.004635625024110834,0.34949456726945516,13.0,1.7693142902113934,True
2007-06-01,2005-08-02,2006-12-18,355,356,2007-11-21,338,2008-10-05,True,0.0164080726949512,6.264652396936205,-0.04599369007457187,-0.0011195834408898224,0.0038292478044808917,0.003989562109960995,0.37242653212175947,13.0,1.8552448231549847,True
2007-06-01,2005-07-19,2006-12-18,365,366,2007-11-21,338,2008-10-05,True,0.01661957280909148,6.224970516348982,-0.032416501419439796,0.0025392807740478385,0.001641099281679036,0.003023434090860331,0.4144093014968659,12.79569542633339,0.5737592438273916,True
2007-06-01,2005-07-05,2006-12-18,375,376,2007-09-09,265,2008-10-05,True,0.01711947615758362,6.177481005043134,-0.030983942630207467,0.0022353218452919234,-0.0022649116368274502,0.0031822143979744182,0.4133764965283799,10.837851959279526,-0.7919732367235975,True
2007-06-01,2005-06-21,2006-12-18,385,386,2007-07-09,203,2008-10-05,True,0.017534085108261065,6.135308587136233,-0.02960053852328375,0.003155701938180608,0.001131073999181571,0.0033522802857549722,0.4124320884376239,9.199294395173558,0.34415820448811757,True
2007-06-01,2005-06-07,2006-12-18,395,396,2007-05-16,149,2008-10-05,True,0.017914434940746547,6.0971837070963115,-0.02820657787211961,-0.003491087717843303,-0.0005274254087679216,0.003530704039634358,0.4118722359100191,7.79219680602576,-2.9916489140113924,True
2007-06-01,2005-05-24,2006-12-18,405,406,2007-03-09,81,2008-10-05,True,0.01871984429913507,6.046095471992228,-0.02590241542652824,-0.0013932823158760918,-0.0035459837628238496,0.0038098866725853452,0.41300684326074466,6.0671249253193595,-1.9451830207161345,True
2007-06-01,2005-05-10,2006-12-18,415,416,2007-03-15,87,2008-10-05,True,0.0199620653663258,6.017651465462842,-0.015040749951599075,-0.001318006644641434,-0.002044316566013465,0.0024323592944703004,0.48731824787428707,6.0,-2.1434490394091092,True
2007-06-01,2005-04-26,2006-12-18,425,426,2007-03-25,97,2008-10-05,True,0.020783789143882556,5.998856601442207,-0.008943425938644452,-0.0005082895696059799,-0.001445330102483589,0.001532102278477339,0.5610744683501923,6.0,-1.9089644833961392,True
2007-06-01,2005-04-12,2006-12-18,435,436,2007-03-29,101,2008-10-05,True,0.02088641540795585,5.991813805148778,-0.006986412991193157,-0.0002693666542959612,-0.0011891486742135792,0.0012192755897788296,0.5967772229903047,6.0,-1.7935576124370078,True
2007-06-01,2005-03-29,2006-12-18,445,446,2007-03-30,102,2008-10-05,True,0.02067918550587445,5.990928476218641,-0.006730118152883366,-0.0002369139036152391,-0.001151744619883213,0.0011758587785768058,0.6022461399902544,6.0,-1.7736666293992625,True
2007-06-01,2005-03-11,2006-12-18,455,456,2007-04-01,104,2008-10-05,True,0.020502285857574847,5.989149898666192,-0.006211442326735465,-0.0001719673762148905,-0.0010726763584205368,0.001086373484763218,0.614027087579627,6.0,-1.7297598616486165,True
2007-06-01,2005-02-25,2006-12-18,465,466,2007-03-31,103,2008-10-05,True,0.02031983991430457,5.990084164124328,-0.0065215202084218426,-0.00021418621966166006,-0.0011217468744251149,0.0011420121658614094,0.6068122544651082,6.0,-1.759465254473535,True
2007-06-01,2005-02-11,2006-12-18,475,476,2007-03-31,103,2008-10-05,True,0.020124741422121752,5.9903321593663055,-0.006612220269654167,-0.00022740227326883988,-0.0011365058501716183,0.0011590329336831414,0.6047553606266998,6.0,-1.7682774233670362,True
2007-06-01,2005-01-28,2006-12-18,485,486,2007-04-02,105,2008-10-05,True,0.020081965815070102,5.9892697900107255,-0.006132792102278259,-0.00015302651037920148,-0.001054933969717728,0.0010659750434898747,0.6160788875809128,6.0,-1.7148494595577997,True
2007-06-01,2005-01-14,2006-12-18,495,496,2007-04-08,111,2008-10-05,True,0.02045309796326016,5.987645867093926,-0.005206903005021035,-1.6824321215613163e-05,-0.0008828004172872397,0.0008829607208403387,0.6409078759540628,6.0,-1.589851919028156,True
2007-06-01,2004-12-30,2006-12-18,505,506,2007-04-14,117,2008-10-05,True,0.020787316240440657,5.987180909335266,-0.004497358054332022,7.915638625097124e-05,-0.000735365932816369,0.0007396139456711194,0.6634304079652547,6.0,-1.4635670322767265,True
2007-06-01,2004-12-15,2006-12-18,515,516,2007-04-22,125,2008-10-05,True,0.021133034508854974,5.989149954520699,-0.003977533386334955,0.00015868241224585754,-0.0006051526796830318,0.0006256115997036167,0.6831049081970784,6.0,-1.3143510829023746,True
2007-06-01,2004-12-01,2006-12-18,525,526,2007-04-29,132,2008-10-05,True,0.021397492441386116,5.990937303266113,-0.003570178465916026,0.00020214248380306596,-0.0004994150296165753,0.0005387735661342318,0.7003870038948801,6.0,-1.1861945279230472,True
2007-06-01,2004-11-17,2006-12-18,535,536,2007-05-08,141,2008-10-05,True,0.02162576706689186,5.996100694745171,-0.0033811919473136164,0.0002446735189044163,-0.00041769552426226223,0.00048408127607024406,0.7105558152954875,6.0,-1.04090575451061,True
2007-06-01,2004-11-03,2006-12-18,545,546,2007-05-16,149,2008-10-05,True,0.021769900084835772,6.001568248518704,-0.0032797047689146113,0.0002731935385148308,-0.0003537144874785754,0.0004469324872265224,0.7171192296378601,6.0,-0.9131401727388319,True
2007-06-01,2004-10-20,2006-12-18,555,556,2007-06-02,166,2008-10-05,True,0.022493455420739498,6.019659934007724,-0.0035444555667386007,0.0003441106752268661,-0.00026449301284269477,0.0004340146433562992,0.7114333513423623,6.0,-0.6553166651031106,True
2007-06-01,2004-10-06,2006-12-18,565,566,2007-06-13,177,2008-10-05,True,0.02265534445067213,6.035117490441769,-0.003931065153003589,0.0003961647532300294,-0.00020763947158769838,0.0004472814123826617,0.7007819321357189,6.0,-0.48276006441348357,True
2007-06-01,2004-09-22,2006-12-18,575,576,2007-06-27,191,2008-10-05,True,0.022793161171969417,6.059078496027814,-0.004849345123772331,0.0004837331279661796,-0.00014385775385957508,0.0005046709744352913,0.6766081404554511,6.0,-0.2890612640483022,True
2007-06-01,2004-09-08,2006-12-18,585,586,2007-07-16,210,2008-10-05,True,0.022810064644803202,6.109616963525048,-0.00798526672405519,0.000725946971706586,-3.383810982805768e-05,0.0007267351810712747,0.6165894204110592,6.0,-0.04657865685604753,True
2007-06-01,2004-08-25,2006-12-18,595,596,2007-07-30,224,2008-10-05,True,0.02296852097331443,6.1494076148424694,-0.010774373519156508,0.0008734145173167332,0.0001377848009697667,0.0008842157940445874,0.5824511823816131,6.0,0.15646474728196963,True
2007-06-01,2004-08-11,2006-12-18,605,606,2007-09-17,273,2008-10-05,True,0.023614293997445437,6.46288209834554,-0.06530059188920277,0.0024111130565454657,0.002284417572088193,0.003321449956737168,0.38033520307868424,6.0,0.7584225643431354,True
2007-06-01,2004-07-28,2006-12-18,615,616,2007-10-29,315,2008-10-05,True,0.023601132413155115,7.991038355827494,-0.927059650356311,0.005554614063061236,0.016369529566098856,0.017286273039754472,0.13900513297062045,6.0,1.2436617157685506,True
2007-06-01,2004-07-14,2006-12-18,625,626,2007-11-01,318,2008-10-05,True,0.02347893947604189,7.856546016520339,-0.8179294389056619,0.00458165516895781,0.015453565353684598,0.016118444286836082,0.14885992832860587,6.0,1.2825730744687,True
2007-06-01,2004-06-30,2006-12-18,635,636,2007-10-26,312,2008-10-05,True,0.02333980275691159,7.5796936836545115,-0.6288534796607703,0.0049736053530351765,0.013218633433213903,0.014123350170884404,0.16830877940178116,6.0,1.210923952710829,True
2007-06-01,2004-06-16,2006-12-18,645,646,2007-09-18,274,2008-10-05,True,0.023390621260248663,6.4665466558298155,-0.06571002243570251,0.002381739436572895,0.0023437959091881025,0.003341565801784166,0.3800286151362656,6.0,0.7773688695282394,True
2007-06-01,2004-06-02,2006-12-18,655,656,2007-09-11,267,2008-10-05,True,0.023296722036864052,6.40648706791294,-0.05150437938847606,0.0021879169501877287,0.0018001959476456825,0.002833317142650767,0.4056371346614932,6.0,0.6884835650218848,True
2007-06-01,2004-05-18,2006-12-18,665,666,2007-10-02,288,2008-10-05,True,0.0231426711968384,6.825396920557833,-0.20184802100301077,0.004471112887534802,0.005852081323420827,0.007364625331203934,0.26529050293845297,6.0,0.918382017101182,True
2007-06-01,2004-05-04,2006-12-18,675,676,2007-09-25,281,2008-10-05,True,0.02305313503105013,6.657588603214755,-0.13085222797662097,0.00366412692424338,0.004136120237206352,0.0055256960406443985,0.3076048655936773,6.0,0.845834519196422,True
2007-06-01,2006-07-03,2006-12-27,125,126,2007-03-02,65,2008-10-05,True,0.010346558366342738,6.915652523563476,-0.6553601505496592,-0.006328357437476784,-0.008316047677404396,0.010450107981706733,0.1,6.0,-2.2212885536504947,True
2007-06-01,2006-06-19,2006-12-27,135,136,2007-03-19,82,2008-10-05,True,0.010805452726110274,7.112345921867957,-0.7674585703739562,0.0023972240448380533,-0.009588826969330055,0.009883940801568023,0.1,6.0,-1.3258159653681014,True
2007-06-01,2006-06-05,2006-12-27,145,146,2007-04-06,100,2008-10-05,True,0.011665197172914732,7.292432693224671,-0.8676975458356243,0.008219774425801598,-0.005296059049702845,0.009778186594098182,0.1,6.0,-0.5723627680050559,True
2007-06-01,2006-05-22,2006-12-27,155,156,2007-03-14,77,2008-10-05,True,0.012640367225601674,7.066118241460438,-0.7421726661477844,9.010576386044022e-05,-0.010494567717696579,0.010494954532059682,0.1,6.0,-1.5622105944207254,True
2007-06-01,2006-05-08,2006-12-27,165,166,2008-09-22,635,2008-10-05,False,0.01600913097535386,1.7713326632028896,0.010950396925016611,0.0019904662833959475,0.000385192085644798,0.0020273946256660212,0.9,6.0,0.19115566903383466,True
2007-06-01,2006-04-21,2006-12-27,175,176,2008-10-02,645,2008-10-05,False,0.015941812041195644,1.1957244739636954,0.01235598366490887,0.0021674640206460214,0.0005958635985738626,0.002247877600960606,0.9,6.0,0.2682851381335827,True
2007-06-01,2006-04-05,2006-12-27,185,186,2008-10-02,645,2008-10-05,False,0.016964031615707545,5.306292475117374,0.0013719260860225227,0.00031452657947690074,3.255457697510123e-06,0.0003145434265761398,0.9,11.651602674868913,0.010349972515695378,True
2007-06-01,2006-03-22,2006-12-27,195,196,2008-04-04,464,2008-10-05,True,0.017500372065833606,5.929954807855558,-0.0003371405718587434,6.638236121191806e-05,-0.0001582196231249598,0.00017158108002304298,0.9,12.970364464727083,-1.1735438345560059,True
2007-06-01,2006-03-08,2006-12-27,205,206,2008-01-23,392,2008-10-05,True,0.01798761601095483,6.005217480822568,-0.0006672204196955705,-0.00014626385986366607,-5.5090231516309395e-05,0.00015629475458485073,0.9,13.0,-2.7813765004449187,True
2007-06-01,2006-02-22,2006-12-27,215,216,2007-12-25,363,2008-10-05,True,0.017923298984417333,6.020826986818795,-0.0007666276907797273,-0.00014321494846295866,6.259225266297215e-05,0.00015629559033022414,0.9,13.0,2.7295590445898714,True
2007-06-01,2006-02-08,2006-12-27,225,226,2007-12-10,348,2008-10-05,True,0.017734500645372055,6.026136026216693,-0.0008115847994396126,-0.00010660859255942651,0.00011800434566134596,0.00015902961234457005,0.9,13.0,2.3055028847597026,True
2007-06-01,2006-01-25,2006-12-27,235,236,2007-12-05,343,2008-10-05,True,0.017463187144341162,6.027995233767274,-0.0008276661920410349,-8.879963850564297e-05,0.00013396417709453533,0.00016072266966221316,0.9,13.0,2.1561596607289486,True
2007-06-01,2006-01-11,2006-12-27,245,246,2007-12-02,340,2008-10-05,True,0.01736000126189662,6.028684768200203,-0.000835331055038722,-7.803581621845057e-05,0.0001417147140381843,0.00016177963032410522,0.9,13.0,2.074141738196485,True
2007-06-01,2005-12-28,2006-12-27,255,256,2007-12-08,346,2008-10-05,True,0.017149058921044995,6.028032383693776,-0.0008235503064189464,-9.636343955222697e-05,0.00012562261738631073,0.0001583254700966434,0.9,13.0,2.2251435418845493,True
2007-06-01,2005-12-13,2006-12-27,265,266,2007-12-13,351,2008-10-05,True,0.01694198101415452,6.027614650603123,-0.0008138093537482841,-0.00010946874588689388,0.00010909539086842896,0.0001545484087099723,0.9,13.0,2.3579027057342787,True
2007-06-01,2005-11-29,2006-12-27,275,276,2007-12-17,355,2008-10-05,True,0.016905206839972188,6.038149304194267,-0.0011656118275893055,-0.00016131359501174957,0.00012870403096835705,0.0002063657033596391,0.8485957705148226,13.0,2.4681641414241593,True
2007-06-01,2005-11-15,2006-12-27,285,286,2007-12-14,352,2008-10-05,True,0.01673395245259008,6.095286297943656,-0.004750865126931708,-0.0004894843389167719,0.00044674654848653536,0.0006627046073699967,0.6594807369925425,13.0,2.401811594101371,True
2007-06-01,2005-11-01,2006-12-27,295,296,2007-12-12,350,2008-10-05,True,0.016538993667669515,6.141244301947893,-0.010333913037098715,-0.0008609545984178532,0.0008825028934904008,0.0012329047722982407,0.5589677892575594,13.0,2.3438356010020636,True
2007-06-01,2005-10-18,2006-12-27,305,306,2007-12-18,356,2008-10-05,True,0.016518068629209764,6.066133463090994,-0.0024516863588940107,-0.0003084796842089602,0.00022498577658521115,0.0003818092655178897,0.7474104015726368,13.0,2.511447273208447,True
2007-06-01,2005-10-04,2006-12-27,315,316,2007-12-08,346,2008-10-05,True,0.016862567611350934,6.166367751487049,-0.014787258104415588,-0.0010272370012423065,0.0012839053380734552,0.0016442715024760355,0.5136934249302378,13.0,2.245590805160529,True
2007-06-01,2005-09-20,2006-12-27,325,326,2007-11-27,335,2008-10-05,True,0.017218395139099327,6.36432911410412,-0.07865432616673271,-0.0021079759359930277,0.005202561503802466,0.005613395474004398,0.3165658138225486,13.0,1.9557605706017545,True
2007-06-01,2005-09-06,2006-12-27,335,336,2007-11-23,331,2008-10-05,True,0.017081496119601,6.489961606928378,-0.14215062350403512,-0.002229643783131681,0.007975683567170823,0.008281475699613957,0.2541405880491831,13.0,1.843392515678498,True
2007-06-01,2005-08-23,2006-12-27,345,346,2007-11-29,337,2008-10-05,True,0.017043449704986415,6.369814501738999,-0.08017075257277914,-0.002329359427875711,0.005140046295534171,0.005643225253741694,0.31490114324654966,13.0,1.9962905043232586,True
2007-06-01,2005-08-09,2006-12-27,355,356,2007-11-29,337,2008-10-05,True,0.0168187201087358,6.357014023314319,-0.07446646779402794,-0.002287881609869969,0.00484600635931916,0.005358934585842875,0.32304418047372263,13.0,2.0118897039315224,True
2007-06-01,2005-07-26,2006-12-27,365,366,2007-12-04,342,2008-10-05,True,0.016747177960588194,6.314096346724523,-0.055552285232126394,-0.0023171352893177656,0.003621636704630901,0.004299461404563541,0.35665199653098845,13.0,2.1399699964477676,True
2007-06-01,2005-07-12,2006-12-27,375,376,2007-12-12,350,2008-10-05,True,0.017039423338547004,6.262678504926931,-0.03577095106968206,-0.0015686918064800257,0.0025812548568152293,0.003020541444766116,0.4092841703359666,12.964121252937783,2.1168762527826397,True
2007-06-01,2005-06-28,2006-12-27,385,386,2007-09-17,264,2008-10-05,True,0.017582754856421204,6.199488622995215,-0.03286510816923752,0.0013244532311213423,-0.0028438904505857674,0.003137178550283787,0.41137054155743374,10.752428240058098,-1.13494781218754,True
2007-06-01,2005-06-14,2006-12-27,395,396,2007-07-16,201,2008-10-05,True,0.01792046197516055,6.151095878224733,-0.03039050293331185,0.0031902298130856072,0.0005213942297514172,0.00323255598607639,0.41396757180787813,9.1422493315558,0.16200241568922866,True
2007-06-01,2005-05-31,2006-12-27,405,406,2007-05-21,145,2008-10-05,True,0.01847890025191629,6.1021353727778695,-0.02641962939313151,-0.0030082806071032213,0.0010453920316148006,0.0031847443713486716,0.42452562840930697,7.690981077840542,2.807142432650308,True
2007-06-01,2005-05-17,2006-12-27,415,416,2007-03-07,70,2008-10-05,True,0.019450076932336437,6.041077149792274,-0.022645085376172512,-0.002262034179263732,-0.00246510262473503,0.003345673262384251,0.43350800311183574,6.0,-2.31326286404962,True
2007-06-01,2005-05-03,2006-12-27,425,426,2007-03-22,85,2008-10-05,True,0.020382778404070868,6.017487433865627,-0.012729029151971095,-0.0008076587801266384,-0.001855038257890336,0.0020232349451688655,0.5140945389534348,6.0,-1.9814315133861633,True
2007-06-01,2005-04-19,2006-12-27,435,436,2007-04-02,96,2008-10-05,True,0.020943135951284768,6.001767943353114,-0.007885212590974543,-0.00022916843615624857,-0.0012931164811316623,0.0013132663118745691,0.582463306131795,6.0,-1.7461969605051337,True
2007-06-01,2005-04-05,2006-12-27,445,446,2007-04-02,96,2008-10-05,True,0.020778192564775706,6.000988534474634,-0.007677657590689173,-0.0002079114065007342,-0.001264739796528431,0.0012817152202716058,0.5863059378967321,6.0,-1.7337296946275935,True
2007-06-01,2005-03-18,2006-12-27,455,456,2007-04-04,98,2008-10-05,True,0.020596005956941135,5.998596099871827,-0.006992511203523786,-0.00013185823956223235,-0.0011643305262602328,0.0011717730879832844,0.5998857580986777,6.0,-1.6835639945853527,True
2007-06-01,2005-03-04,2006-12-27,465,466,2007-04-04,98,2008-10-05,True,0.020418866522167747,5.998907828186913,-0.007097468843952825,-0.00014500452293872358,-0.0011809405602338737,0.0011898096143829829,0.5976958433467727,6.0,-1.6929720896060427,True
2007-06-01,2005-02-18,2006-12-27,475,476,2007-04-03,97,2008-10-05,True,0.02022664106633688,5.9994664153969355,-0.007278887518904024,-0.00016735436294850912,-0.0012090758378235904,0.0012206030740608178,0.5939941045237227,6.0,-1.7083375061419455,True
2007-06-01,2005-02-04,2006-12-27,485,486,2007-04-03,97,2008-10-05,True,0.020036374096187276,5.9996681225818325,-0.007343155205348893,-0.0001752592508623696,-0.001218938913740186,0.0012314738651075562,0.5927080139788254,6.0,-1.7135978362011346,True
2007-06-01,2005-01-21,2006-12-27,495,496,2007-04-08,102,2008-10-05,True,0.02025851983850931,5.997506516370621,-0.006355525505139784,-3.7088305192529785e-05,-0.001048866632976071,0.0010495221561037263,0.6142760341795567,6.0,-1.6061419634663392,True
2007-06-01,2005-01-07,2006-12-27,505,506,2007-04-14,108,2008-10-05,True,0.02058627333838823,5.9953800737181995,-0.005405665730381202,7.229618381752361e-05,-0.0008709801119657216,0.000873975453679563,0.6385180954192216,6.0,-1.487980625817466,True
2007-06-01,2004-12-22,2006-12-27,515,516,2007-04-20,114,2008-10-05,True,0.02089183579892952,5.994025859314496,-0.004632797672207251,0.0001465985610335211,-0.0007142111466700261,0.0007291012962029437,0.6618007302345766,6.0,-1.3683487913643415,True
2007-06-01,2004-12-08,2006-12-27,525,526,2007-04-28,122,2008-10-05,True,0.02122309485459978,5.994867838986175,-0.004040626750060394,0.0002068791677403526,-0.0005750413202212431,0.0006111231545332996,0.6830515877152528,6.0,-1.22544968203144,True
2007-06-01,2004-11-24,2006-12-27,535,536,2007-05-05,129,2008-10-05,True,0.021458115840924264,5.996602247918193,-0.0036251976508731407,0.0002411895250842678,-0.00046800401181939285,0.0005264979981817794,0.7002188001440449,6.0,-1.0949380876235848,True
2007-06-01,2004-11-10,2006-12-27,545,546,2007-05-12,136,2008-10-05,True,0.021562375069051638,6.000303145656524,-0.003422798364570283,0.0002680142885987198,-0.00039411608225612055,0.00047661215383788846,0.710194781367413,6.0,-0.9735930316869866,True
2007-06-01,2004-10-27,2006-12-27,555,556,2007-05-22,146,2008-10-05,True,0.0219665040626929,6.00541598185482,-0.003177186260733237,0.00028650428936586366,-0.0003032324261695406,0.0004171745583154663,0.7231777771105053,6.0,-0.8137559916520999,True
2007-06-01,2004-10-13,2006-12-27,565,566,2007-06-06,161,2008-10-05,True,0.022573508131429634,6.018145610162177,-0.003188446379148334,0.00031956638018853487,-0.00021150429456345766,0.00038321891650281185,0.7266770081142927,6.0,-0.5846590169327402,True
2007-06-01,2004-09-29,2006-12-27,575,576,2007-06-16,171,2008-10-05,True,0.022604729001291513,6.02980957839745,-0.00342758853412969,0.0003510404612136125,-0.0001668884991452706,0.0003886916214121765,0.7193921135406373,6.0,-0.4437836277811684,True
2007-06-01,2004-09-15,2006-12-27,585,586,2007-06-27,182,2008-10-05,True,0.022706389462528703,6.04390601555265,-0.0037465350380467078,0.0003816159060510191,-0.00011195552784326688,0.0003976993084804206,0.7102618160330948,6.0,-0.2853652793839092,True
2007-06-01,2004-09-01,2006-12-27,595,596,2007-07-12,197,2008-10-05,True,0.022776716440581005,6.071461744666169,-0.004834766544572007,0.00046621052861383304,-3.9733759608412867e-05,0.00046790066108417583,0.6801361818942558,6.0,-0.0850216161814181,True
2007-06-01,2004-08-18,2006-12-27,605,606,2007-08-08,224,2008-10-05,True,0.023206079545700684,6.141114309187814,-0.00893814105202591,0.0006968028674876978,0.00019263593724979592,0.0007229404127998279,0.6074043053935513,6.0,0.26972014288116913,True
2007-06-01,2004-08-04,2006-12-27,615,616,2007-09-19,266,2008-10-05,True,0.023650338050399507,6.346665766413877,-0.03487147299420194,0.0014232046374477222,0.0014067009566826713,0.0020010794640854834,0.4513563603531508,6.0,0.7795663456500334,True
2007-06-01,2004-07-21,2006-12-27,625,626,2007-09-19,266,2008-10-05,True,0.023533315727310877,6.315823854140653,-0.028362185155715293,0.0011825213241140114,0.001196024254237766,0.001681912809484891,0.4756645080213338,6.0,0.7910750716694895,True
2007-06-01,2004-07-07,2006-12-27,635,636,2007-10-15,292,2008-10-05,True,0.023369045494611815,6.644976349013736,-0.11406489061505792,0.0022530188782137264,0.0041323754186135785,0.004706657058459771,0.32536909882484,6.0,1.071636887742963,True
2007-06-01,2004-06-23,2006-12-27,645,646,2007-09-15,262,2008-10-05,True,0.023337959332060808,6.3173387672229815,-0.029725347626088052,0.0013215888417181859,0.0011935789339571398,0.0017807941313190245,0.46920205486637456,6.0,0.7345468636820839,True
2007-06-01,2004-06-09,2006-12-27,655,656,2007-08-26,242,2008-10-05,True,0.023316633215474947,6.202319666854289,-0.014113008368915114,0.0008911076407137719,0.0004878237105388056,0.0010158960576271143,0.554569481132819,6.0,0.5008719604211395,True
2007-06-01,2004-05-25,2006-12-27,665,666,2007-08-23,239,2008-10-05,True,0.02317132037109231,6.192519315258166,-0.013156534653160502,0.0008608511282662094,0.0004378641268557237,0.0009658103636968963,0.5626794900352803,6.0,0.4705364410471867,True
2007-06-01,2004-05-11,2006-12-27,675,676,2007-08-23,239,2008-10-05,True,0.023036347174755892,6.182330583159394,-0.011874325376256824,0.0007836787742609833,0.0003991187637097136,0.0008794590432603257,0.5753512832058995,6.0,0.4710509461686135,True
2007-06-01,2004-04-27,2006-12-27,685,686,2007-08-20,236,2008-10-05,True,0.02305372501188487,6.182071409621293,-0.012300055794504697,0.0008452336685344218,0.0003843850343231772,0.0009285320721632544,0.570226822201931,6.0,0.4268117291163425,True
2007-06-01,2006-07-10,2007-01-05,125,126,2007-03-23,77,2008-10-05,True,0.010380628789711067,6.5632179868321385,-0.30102613908189957,0.0017271110969658,-0.006603976882015493,0.006826084045736433,0.17240005516903398,6.0,-1.3149995054499812,True
2007-06-01,2006-06-26,2007-01-05,135,136,2007-03-13,67,2008-10-05,True,0.010678821767864189,6.079394811394519,-0.02116547883193451,-0.000324586318026965,-0.0012259676971736432,0.0012682086075892828,0.48084159516148217,6.0,-1.8296171140469668,True
2007-06-01,2006-06-12,2007-01-05,145,146,2007-04-24,109,2008-10-05,True,0.011324650880375748,7.447057119915242,-0.9512849719663797,0.009824752837749803,0.000540435453263377,0.009839605622280641,0.1,6.0,0.054952156172374485,True
2007-06-01,2006-05-29,2007-01-05,155,156,2007-03-18,72,2008-10-05,True,0.012364749210235226,6.1042329516993545,-0.0260987881471412,1.9200341143361097e-05,-0.0014645627890257631,0.0014646886413497387,0.45704736141313845,6.0,-1.557687130379089,True
2007-06-01,2006-05-15,2007-01-05,165,166,2007-03-15,69,2008-10-05,True,0.013567057878003868,6.271434587553703,-0.11188964129069358,0.00044301115559311835,-0.004637025513346261,0.004658139595955031,0.2677247544004374,6.046912107444176,-1.4755476310038467,True
2007-06-01,2006-04-28,2007-01-05,175,176,2008-10-01,635,2008-10-05,False,0.016823806576927763,2.031786916832998,0.0102248828323004,0.0018750223483784381,0.00040981080999092593,0.0019192846862578807,0.9,6.0,0.21517938527994665,True
2007-06-01,2006-04-12,2007-01-05,185,186,2008-09-24,628,2008-10-05,False,0.016906881527031497,2.4422959373760906,0.009207112339820009,0.0017357835879644882,0.00027155861301839633,0.0017568974769608346,0.9,6.0,0.15518931001477804,True
2007-06-01,2006-03-29,2007-01-05,195,196,2008-09-23,627,2008-10-05,False,0.017672981680003905,5.706890740863114,0.00033648448661315994,-0.00015447106919376353,0.00013943991019387436,0.00020809805326513805,0.9,13.0,2.4072918494500586,True
2007-06-01,2006-03-15,2007-01-05,205,206,2008-03-30,450,2008-10-05,True,0.018033094372113992,5.971685704264247,-0.0004715732852272319,-0.00016193558890040719,6.9709008887641985e-06,0.000162085558924053,0.9,12.687777939138433,3.0985718460715566,True
2007-06-01,2006-03-01,2007-01-05,215,216,2008-01-29,389,2008-10-05,True,0.018594223685676054,6.0312913712343565,-0.0007496769703942678,-0.0001356775682919647,-6.206998530255788e-05,0.00014920149333394925,0.9,13.0,-2.7125345078588303,True
2007-06-01,2006-02-15,2007-01-05,225,226,2008-01-14,374,2008-10-05,True,0.018369807318217527,6.038955000987382,-0.0008007221662099726,-0.00014926439634063986,-3.1991416970933976e-06,0.0001492986755551894,0.9,13.0,-3.120163216587977,True
2007-06-01,2006-02-01,2007-01-05,235,236,2007-12-30,359,2008-10-05,True,0.01820339895680785,6.043306156472082,-0.0008412426350585709,-0.00014088051922944462,5.695020720998165e-05,0.0001519560686501785,0.9,13.0,2.757432392468643,True
2007-06-01,2006-01-18,2007-01-05,245,246,2007-12-17,346,2008-10-05,True,0.018129871649762885,6.045025841122705,-0.0008696682449359923,-0.00011642847258820679,0.00010494180546914618,0.00015674301185171523,0.9,13.0,2.408036926796244,True
2007-06-01,2006-01-04,2007-01-05,255,256,2007-12-24,353,2008-10-05,True,0.017894304121989828,6.044458589631113,-0.0008568225801549726,-0.00012965092001751997,8.2173815202735e-05,0.00015349885004899093,0.9,13.0,2.5766844169109593,True
2007-06-01,2005-12-20,2007-01-05,265,266,2007-12-27,356,2008-10-05,True,0.01760380702144066,6.044296699060667,-0.0008506723490003748,-0.00013450287030565962,6.956145826623925e-05,0.00015142595086901992,0.9,13.0,2.664300014863784,True
2007-06-01,2005-12-06,2007-01-05,275,276,2008-01-02,362,2008-10-05,True,0.017444678019925677,6.044162845172364,-0.0008407482699871132,-0.00013941471803094655,4.7553802245953584e-05,0.0001473018252150855,0.9,13.0,2.812872046864483,True
2007-06-01,2005-11-22,2007-01-05,285,286,2008-01-07,367,2008-10-05,True,0.017310850152171944,6.044293012883368,-0.000832738322018825,-0.00014053451354091508,2.78795988232401e-05,0.00014327324079089736,0.9,13.0,2.9457527916899293,True
2007-06-01,2005-11-08,2007-01-05,295,296,2008-01-02,362,2008-10-05,True,0.017165857825907894,6.095683526096402,-0.0033081586736154033,-0.0004356490092714769,0.00014079998811638992,0.000457836975279187,0.7129166505700585,13.0,2.8289933355119343,True
2007-06-01,2005-10-25,2007-01-05,305,306,2008-01-06,366,2008-10-05,True,0.01704687210111244,6.068644230387093,-0.0017025296331732033,-0.00025590823030097187,5.463684697882835e-05,0.00026167576766594796,0.801989598324943,13.0,2.9312490169871936,True
2007-06-01,2005-10-11,2007-01-05,315,316,2008-01-04,364,2008-10-05,True,0.016975921597719993,6.0842590645257895,-0.0025168951552582016,-0.0003514329666215819,9.33390892721293e-05,0.00036361699027217696,0.7494947386908568,13.0,2.8819903813612315,True
2007-06-01,2005-09-27,2007-01-05,325,326,2007-12-18,347,2008-10-05,True,0.01782164791186244,6.282525775423919,-0.03781095855350656,-0.002393406162623777,0.0019956412458232184,0.00311624405997289,0.4060859879928662,13.0,2.4465743017296764,True
2007-06-01,2005-09-13,2007-01-05,335,336,2007-12-11,340,2008-10-05,True,0.017841153801236305,6.471006315995992,-0.11444583386223749,-0.004255007419255942,0.005191111654430248,0.0067121329208147135,0.28273012479615045,13.0,2.2574176522899854,True
2007-06-01,2005-08-30,2007-01-05,345,346,2007-12-10,339,2008-10-05,True,0.017694897078493727,6.499231973787313,-0.1289153695274649,-0.004463313692534002,0.005708635009218647,0.007246356518032927,0.27036429799652156,13.0,2.2343736933165705,True
2007-06-01,2005-08-16,2007-01-05,355,356,2007-12-13,342,2008-10-05,True,0.017533529176810194,6.4377777929142415,-0.09774644621322677,-0.004060983864446205,0.004449878936163994,0.006024368223623821,0.29963341350107126,13.0,2.3105322869119034,True
2007-06-01,2005-08-02,2007-01-05,365,366,2007-12-14,343,2008-10-05,True,0.01732845111746225,6.425249107437806,-0.0916204717168995,-0.003984021253385912,0.004152447339709372,0.005754584629362062,0.306712210411857,13.0,2.3354973002575683,True
2007-06-01,2005-07-19,2007-01-05,375,376,2007-12-20,349,2008-10-05,True,0.01732919392541081,6.365350675031771,-0.06416686579598654,-0.003531065525745441,0.002659399960423061,0.004420501317340161,0.3468408958605266,13.0,2.4960825738162224,True
2007-06-01,2005-07-05,2007-01-05,385,386,2007-12-29,358,2008-10-05,True,0.01766271598271333,6.304178408252842,-0.04029788548551911,-0.0024205815403495496,0.0018697620474050995,0.003058631247371528,0.40167516481628246,12.963756866226117,2.4838818631461947,True
2007-06-01,2005-06-21,2007-01-05,395,396,2007-11-03,302,2008-10-05,True,0.01807565481759703,6.239162496938445,-0.03174437272922618,-0.0007926619420079973,-0.002583361431177487,0.002702234119835527,0.4250785161223186,11.47558898469412,-1.8685105764173768,True
2007-06-01,2005-06-07,2007-01-05,405,406,2007-02-20,46,2008-10-05,True,0.018050643753479798,6.055481487631159,-0.03474540305910786,-0.004430867089596857,-0.0021437703396928556,0.004922228604506229,0.37061038576404326,6.0,-2.690967465137285,True
2007-06-01,2005-05-24,2007-01-05,415,416,2007-02-26,52,2008-10-05,True,0.01871314782080648,6.049727192261964,-0.028935721661268128,-0.0034244668113443946,-0.002397789037994298,0.0041804742808352335,0.3982806155551902,6.0,-2.5307369066130887,True
2007-06-01,2005-05-10,2007-01-05,425,426,2007-03-07,61,2008-10-05,True,0.020082489886899032,6.034249474818423,-0.019527762186680342,-0.0019044628452814017,-0.002250766058010732,0.002948376939427946,0.45499522395623915,6.0,-2.27304509942698,True
2007-06-01,2005-04-26,2007-01-05,435,436,2007-03-30,84,2008-10-05,True,0.020914569810430498,6.016850939859629,-0.010449111855605429,-0.00037411302305459266,-0.0015901868014327307,0.001633601731594915,0.5453775001130132,6.0,-1.8018580481590842,True
2007-06-01,2005-04-12,2007-01-05,445,446,2007-04-06,91,2008-10-05,True,0.020967771181018446,6.009819579689473,-0.00820143806249555,-0.00012413142086448604,-0.0013014225224214318,0.0013073290295528507,0.5801814427535519,6.0,-1.6658899859263276,True
2007-06-01,2005-03-29,2007-01-05,455,456,2007-04-06,91,2008-10-05,True,0.020757963863946974,6.009544260377304,-0.008095367093496602,-0.00011077867811403797,-0.0012858355603853162,0.001290598699780886,0.5820840146320408,6.0,-1.6567371859988738,True
2007-06-01,2005-03-11,2007-01-05,465,466,2007-04-08,93,2008-10-05,True,0.020565829523202593,6.00812806222124,-0.007615202723578437,-5.693996735831172e-05,-0.0012146576075243091,0.0012159914734073774,0.5909859314144011,6.0,-1.6176394154130378,True
2007-06-01,2005-02-25,2007-01-05,475,476,2007-04-06,91,2008-10-05,True,0.020403341608298695,6.0095690371418256,-0.008158872202234244,-0.00012324402760719735,-0.0012975100606570005,0.0013033500864491384,0.5808920868793297,6.0,-1.6654972332748978,True
2007-06-01,2005-02-11,2007-01-05,485,486,2007-04-05,90,2008-10-05,True,0.020218185755853064,6.010040742581956,-0.008383873213534164,-0.00015556796669053416,-0.001332256788979935,0.0013413088921062717,0.5768759503415597,6.0,-1.6870401510409918,True
2007-06-01,2005-01-28,2007-01-05,495,496,2007-04-08,93,2008-10-05,True,0.020148218796489065,6.009037041145096,-0.007846543674811716,-7.653811338402875e-05,-0.0012454069941858728,0.0012477566525438673,0.58671295439005,6.0,-1.6321754367187902,True
2007-06-01,2005-01-14,2007-01-05,505,506,2007-04-14,99,2008-10-05,True,0.020448351635739048,6.006874662490945,-0.00669013849830944,7.21524982979407e-05,-0.0010423610480631484,0.0010448552710925754,0.6104641531060382,6.0,-1.5016863093177135,True
2007-06-01,2004-12-30,2007-01-05,515,516,2007-04-21,106,2008-10-05,True,0.020722820272566823,6.005337087427905,-0.005764975586752597,0.00016891902996380424,-0.000864569657372904,0.0008809167560750636,0.6327617245549466,6.0,-1.3778476526541135,True
2007-06-01,2004-12-15,2007-01-05,525,526,2007-04-28,113,2008-10-05,True,0.021017424863328634,6.004517335528801,-0.004971544262845317,0.0002346500552377626,-0.0006996945218232227,0.0007379925963670051,0.655132227528173,6.0,-1.2472222398685573,True
2007-06-01,2004-12-01,2007-01-05,535,536,2007-05-04,119,2008-10-05,True,0.021248212879860583,6.004675023780332,-0.004377225226563076,0.0002726181838830318,-0.0005670119165533856,0.0006291448066202454,0.6745918481126625,6.0,-1.12262800058002,True
2007-06-01,2004-11-17,2007-01-05,545,546,2007-05-11,126,2008-10-05,True,0.02145510915413446,6.005795190973947,-0.0039216950313554905,0.00029410517824366426,-0.0004573845605823319,0.0005437816585071901,0.691649787028136,6.0,-0.9993470885927298,True
2007-06-01,2004-11-03,2007-01-05,555,556,2007-05-18,133,2008-10-05,True,0.021589363258142577,6.00786409161566,-0.003609031938174661,0.0003053364249382923,-0.0003731708155557268,0.00048216883969894167,0.7048859403417863,6.0,-0.8850429815764687,True
2007-06-01,2004-10-20,2007-01-05,565,566,2007-05-31,146,2008-10-05,True,0.02230391271412219,6.014293616540718,-0.0032629063912798448,0.0003161944518075261,-0.00025342509549348415,0.00040521995308689273,0.7220590127517853,6.0,-0.675645745997082,True
2007-06-01,2004-10-06,2007-01-05,575,576,2007-06-10,156,2008-10-05,True,0.022471862753909177,6.0208509654822135,-0.003169848317810175,0.0003221141541219867,-0.00018893699519218117,0.0003734363619654268,0.7283495853692208,6.0,-0.5304732553536922,True
2007-06-01,2004-09-22,2007-01-05,585,586,2007-06-19,165,2008-10-05,True,0.02262006312933361,6.027711454508873,-0.0031150478822213703,0.0003218902270810718,-0.00013328839566441894,0.00034839505551758146,0.7329386274624581,6.0,-0.3925853135266513,True
2007-06-01,2004-09-08,2007-01-05,595,596,2007-06-29,175,2008-10-05,True,0.022647165704187195,6.039647616795665,-0.0033358445255977642,0.0003411372459178186,-8.603619015857872e-05,0.00035181933796964225,0.726099841482367,6.0,-0.2470519715139748,True
2007-06-01,2004-08-25,2007-01-05,605,606,2007-07-13,189,2008-10-05,True,0.022823723717445052,6.057094444024235,-0.0037360376469859815,0.0003642627727356851,-2.2063329609272936e-05,0.0003649303469355992,0.7140444714218783,6.0,-0.0604959090772769,True
2007-06-01,2004-08-11,2007-01-05,615,616,2007-08-12,219,2008-10-05,True,0.023501582965159085,6.115278999240863,-0.0061197282728393775,0.0004747376129206598,0.0001653985367727097,0.0005027250511842031,0.6561831877931132,6.0,0.3352486297817277,True
2007-06-01,2004-07-28,2007-01-05,625,626,2007-08-24,231,2008-10-05,True,0.023511213048347766,6.14327381823663,-0.007594407663860138,0.000513537035337508,0.00027455323804770256,0.0005823227345602397,0.6311748210609194,6.0,0.4909677109570088,True
2007-06-01,2004-07-14,2007-01-05,635,636,2007-09-05,243,2008-10-05,True,0.023407510300529184,6.179078359986717,-0.010089397709707728,0.0005805099168285787,0.0004254106322365,0.0007196985268542531,0.5977718205221573,6.0,0.6324164568498255,True
2007-06-01,2004-06-30,2007-01-05,645,646,2007-08-29,236,2008-10-05,True,0.023262043517534785,6.158114764723828,-0.008564339199248688,0.0005420882725026431,0.000334851814365807,0.000637169861786457,0.6170143710430582,6.0,0.5533378382899403,True
2007-06-01,2004-06-16,2007-01-05,655,656,2007-08-15,222,2008-10-05,True,0.023293980543980318,6.121171072140995,-0.0063692138634348335,0.0004810486188310968,0.00019158495844016638,0.0005177958767505069,0.6517655924387695,6.0,0.37901002691936125,True
2007-06-01,2004-06-02,2007-01-05,665,666,2007-08-15,222,2008-10-05,True,0.023198445981739424,6.129139099566125,-0.007149766037307043,0.0005425415760221845,0.00020756410374910992,0.0005808908837964382,0.6368149955020848,6.0,0.36539719765602374,True
2007-06-01,2004-05-18,2007-01-05,675,676,2007-08-11,218,2008-10-05,True,0.02304145000835626,6.111707205330032,-0.005902420339102104,0.0004670282119437559,0.00015762227744206303,0.0004929098630555129,0.6606561735175639,6.0,0.32549634715956133,True
2007-06-01,2004-05-04,2007-01-05,685,686,2007-08-21,228,2008-10-05,True,0.022962206195778725,6.1551187446457405,-0.009177481129342496,0.0006456590526631187,0.0002993021642897195,0.0007116582029558474,0.6064044960776444,6.0,0.43407360832681513,True
2007-06-01,2006-07-17,2007-01-12,125,126,2007-03-11,58,2008-10-05,True,0.010313689774173865,5.9665278786127285,-0.001337725736853362,-6.683357998342725e-05,-0.00011040346803670456,0.00012905678272734375,0.9,6.0,-2.115145939388543,True
2007-06-01,2006-07-03,2007-01-12,135,136,2007-03-03,50,2008-10-05,True,0.01045275609768634,5.958201572372187,-0.0012962463532317223,-0.00010964659310569571,-9.129685993196213e-05,0.00014267968325281044,0.9,6.0136607264338275,-2.4472598158040606,True
2007-06-01,2006-06-19,2007-01-12,145,146,2007-03-21,68,2008-10-05,True,0.010715045754575792,5.977047404870445,-0.0013731144696820727,1.695879524694033e-05,-0.00011159308691199144,0.00011287434510452286,0.9,6.043130203202603,-1.4199803418883405,True
2007-06-01,2006-06-05,2007-01-12,155,156,2007-05-05,113,2008-10-05,True,0.011479651161127202,7.463193174572818,-0.9556941372034411,0.00848447286400289,0.005339998181712963,0.010025061613810619,0.1,6.057492933158308,0.5617462116281244,True
2007-06-01,2006-05-22,2007-01-12,165,166,2007-04-07,85,2008-10-05,True,0.012577482677783768,6.093642756949777,-0.01708977335823308,-0.0002141183089121141,0.0009843951839702348,0.00100741278949355,0.5200298378866529,6.530169372980327,1.784972783894181,True
2007-06-01,2006-05-08,2007-01-12,175,176,2008-10-04,631,2008-10-05,False,0.016799801365601413,2.9534556784300188,0.007768118478620473,0.0014974996184890154,0.00031884662532298807,0.0015310676921203076,0.9,6.0,0.2097865777766685,True
2007-06-01,2006-04-21,2007-01-12,185,186,2008-10-05,632,2008-10-05,False,0.0169971907689352,2.4182959130134445,0.00920333586082267,0.0017236355050777438,0.00036992343436362,0.0017628847669816608,0.9,6.0,0.21141113645149948,True
2007-06-01,2006-04-05,2007-01-12,195,196,2008-09-16,613,2008-10-05,False,0.017446367586726408,3.245945922037697,0.007148394556993023,0.001431188557440212,7.988800824687559e-05,0.0014334164715146284,0.9,6.0,0.055761479460224,True
2007-06-01,2006-03-22,2007-01-12,205,206,2008-09-01,598,2008-10-05,True,0.018027557043819607,5.840944114183185,-1.1635384961430578e-05,-6.167031137734182e-05,0.0001699685814087092,0.00018081080158958233,0.9,13.0,1.9188581327433414,True
2007-06-01,2006-03-08,2007-01-12,215,216,2008-04-10,454,2008-10-05,True,0.018718311062825167,6.019181903429379,-0.0006164344649624175,7.153675300712118e-05,-0.0001276571778226902,0.00014633476032869228,0.9,13.0,-1.0600174368119453,True
2007-06-01,2006-02-22,2007-01-12,225,226,2008-02-19,403,2008-10-05,True,0.01878678603413024,6.0472166612207365,-0.0007744464141224791,-9.316962022744117e-05,-0.00010862803031804974,0.00014311054155478816,0.9,13.0,-2.279740285176302,True
2007-06-01,2006-02-08,2007-01-12,235,236,2008-01-27,380,2008-10-05,True,0.018729595453138497,6.056031851279101,-0.0008403792886458742,-0.00013891671410432276,-3.884104878482422e-05,0.00014424451645815602,0.9,13.0,-2.8689553393934584,True
2007-06-01,2006-01-25,2007-01-12,245,246,2008-01-13,366,2008-10-05,True,0.01853998186408576,6.05840456344352,-0.0008720741802300505,-0.00014675288827618692,1.4139152939307033e-05,0.00014743244508331303,0.9,13.0,3.0455424469008543,True
2007-06-01,2006-01-11,2007-01-12,255,256,2008-01-07,360,2008-10-05,True,0.018460121496493915,6.059970807659424,-0.0008878432901517988,-0.00014437729907263626,3.757427017179797e-05,0.00014918656194997163,0.9,13.0,2.886989932643311,True
2007-06-01,2005-12-28,2007-01-12,265,266,2008-01-10,363,2008-10-05,True,0.018164575902309275,6.05939459720903,-0.0008810363237438888,-0.0001454139122721734,2.657945742287512e-05,0.00014782311537507852,0.9,13.0,2.9608035965416692,True
2007-06-01,2005-12-13,2007-01-12,275,276,2008-01-13,366,2008-10-05,True,0.017878107780816655,6.05912079587929,-0.0008746684983539921,-0.00014512346637370743,1.4172432440954569e-05,0.00014581384822304777,0.9,13.0,3.0442435857906216,True
2007-06-01,2005-11-29,2007-01-12,285,286,2008-01-19,372,2008-10-05,True,0.01773156144731063,6.059076944731982,-0.0008651699302809512,-0.0001418011500893461,-6.6264050068014934e-06,0.0001419558924806414,0.9,13.0,-3.094896361537277,True
2007-06-01,2005-11-15,2007-01-12,295,296,2008-01-23,376,2008-10-05,True,0.01754910217934038,6.058930733804183,-0.0008579101312119705,-0.00013707305924675527,-2.0714757241878785e-05,0.00013862945119582078,0.9,13.0,-2.9916055594985074,True
2007-06-01,2005-11-01,2007-01-12,305,306,2008-01-23,376,2008-10-05,True,0.01740025802295564,6.079513824914411,-0.0015395077732065217,-0.00022330900202738842,-3.382643364124876e-05,0.00022585645441154425,0.8199104528339343,13.0,-2.991257400704109,True
2007-06-01,2005-10-18,2007-01-12,315,316,2008-01-25,378,2008-10-05,True,0.01725774940767654,6.059332668368518,-0.0008565789027164481,-0.00013517724156059574,-2.6532413353188845e-05,0.00013775650835541717,0.9,13.0,-2.947777813227418,True
2007-06-01,2005-10-04,2007-01-12,325,326,2008-01-13,366,2008-10-05,True,0.017788755527094538,6.152923086183973,-0.007026749021732993,-0.0007950722798279614,8.015249129144329e-05,0.0007991022162471188,0.6193642527510195,13.0,3.0411205230884204,True
2007-06-01,2005-09-20,2007-01-12,335,336,2007-12-31,353,2008-10-05,True,0.01833335643956364,6.374462357235872,-0.0603483721031027,-0.003715627243149099,0.0017017837983192034,0.004086802406069262,0.3578414642315439,13.0,2.7120999755100974,True
2007-06-01,2005-09-06,2007-01-12,345,346,2007-12-23,345,2008-10-05,True,0.018305376520921533,6.603630563118242,-0.1690174062952564,-0.0065632385150871265,0.004728932098794884,0.008089431290327872,0.24819714844984336,13.0,2.517228474604916,True
2007-06-01,2005-08-23,2007-01-12,355,356,2007-12-27,349,2008-10-05,True,0.01813275149077468,6.5013197144220305,-0.11436189489377199,-0.005446804106710415,0.003139051295628867,0.006286598286312456,0.2883502841619816,13.0,2.618773932296245,True
2007-06-01,2005-08-09,2007-01-12,365,366,2007-12-26,348,2008-10-05,True,0.017905097745731617,6.535545953455036,-0.13169412221631135,-0.0058624196872104906,0.003641150267394311,0.006901154965564735,0.27359580788172355,13.0,2.58580257732198,True
2007-06-01,2005-07-26,2007-01-12,375,376,2007-12-28,350,2008-10-05,True,0.01771742487066707,6.4915594619900725,-0.10911337299298027,-0.005346694222873441,0.0028788160086692504,0.006072455905535962,0.29349352251299327,13.0,2.6476763959698997,True
2007-06-01,2005-07-12,2007-01-12,385,386,2008-01-05,358,2008-10-05,True,0.017768727693364995,6.412492409481562,-0.07189323423432183,-0.004275995704568231,0.0013361731909832288,0.004479899336122216,0.3397382754159696,13.0,2.838723864024491,True
2007-06-01,2005-06-28,2007-01-12,395,396,2007-02-09,28,2008-10-05,True,0.017998608740793134,6.018222781166333,-0.027343800584678522,-0.004377045102462113,-0.0007107828711750948,0.0044343811427236925,0.3900322017665151,6.0,-2.9806091414493343,True
2007-06-01,2005-06-14,2007-01-12,405,406,2007-02-10,29,2008-10-05,True,0.01800978075074232,6.011337194514242,-0.023581966689099045,-0.0038287057786535504,-0.0008936628049761686,0.0039316181336051656,0.4109036510391479,6.0,-2.9122868767359003,True
2007-06-01,2005-05-31,2007-01-12,415,416,2007-02-28,47,2008-10-05,True,0.018357915007795583,6.042218422878193,-0.0267109812036099,-0.002978754416771394,-0.002522385766521003,0.0039032560549601193,0.40659551651051334,6.013316307904457,-2.4389638797422806,True
2007-06-01,2005-05-17,2007-01-12,425,426,2007-03-06,53,2008-10-05,True,0.019332960494254755,6.038738356413627,-0.022064786663500938,-0.0022631572737141937,-0.002362046201635573,0.0032712601706722287,0.4367366138931056,6.0,-2.334817297940093,True
2007-06-01,2005-05-03,2007-01-12,435,436,2007-03-14,61,2008-10-05,True,0.020360522554964063,6.028407766458945,-0.015932598561507742,-0.001269441785636882,-0.002077700096492216,0.0024348141896425525,0.4848249300630445,6.0,-2.119253270282021,True
2007-06-01,2005-04-19,2007-01-12,445,446,2007-03-28,75,2008-10-05,True,0.02103736006780506,6.016723551310458,-0.010208633625249987,-0.00039084809785686807,-0.00154519383563947,0.0015938589100972988,0.550019656629444,6.0,-1.8185442461691317,True
2007-06-01,2005-04-05,2007-01-12,455,456,2007-04-02,80,2008-10-05,True,0.020878937613810055,6.016779477709783,-0.00948451802841976,-0.00023145428630302282,-0.0014521094557858182,0.001470439715945753,0.5612277671602336,6.0,-1.7288584780253518,True
2007-06-01,2005-03-18,2007-01-12,465,466,2007-04-07,85,2008-10-05,True,0.020696466194347087,6.015122923463591,-0.00853404998324473,-9.01899579627218e-05,-0.0013183106304584043,0.0013213921245780727,0.5767830068524348,6.0,-1.639103174990488,True
2007-06-01,2005-03-04,2007-01-12,475,476,2007-04-05,83,2008-10-05,True,0.020523801767770175,6.015214976683116,-0.00875498830004498,-0.00013138799719062018,-0.0013526430944600862,0.0013590092519171163,0.5729347503008334,6.0,-1.6676268234547076,True
2007-06-01,2005-02-18,2007-01-12,485,486,2007-04-04,82,2008-10-05,True,0.020336290966888885,6.015776946748888,-0.009027041945088144,-0.00016923105367222828,-0.0013922293631872102,0.0014024770048908742,0.5684425301451937,6.0,-1.6917569141152842,True
2007-06-01,2005-02-04,2007-01-12,495,496,2007-04-03,81,2008-10-05,True,0.020148874651943677,6.015377935575643,-0.009119925820172054,-0.00020148499044240196,-0.0014072740283750324,0.0014216245609556927,0.5667824223206894,6.0,-1.7130038449332832,True
2007-06-01,2005-01-21,2007-01-12,505,506,2007-04-11,89,2008-10-05,True,0.020337116061937957,6.01504402223431,-0.007960765912398951,1.3887998481596636e-05,-0.0012144231781628873,0.001214502586313044,0.587352422833026,6.0,-1.5593609446664884,True
2007-06-01,2005-01-07,2007-01-12,515,516,2007-04-20,98,2008-10-05,True,0.02060565203904583,6.014472005343146,-0.0068747423889958205,0.00016954458064482534,-0.0010101312542758626,0.0010242609607375246,0.6094666134683062,6.0,-1.4045022487257688,True
2007-06-01,2004-12-22,2007-01-12,525,526,2007-04-27,105,2008-10-05,True,0.020852230620733207,6.01327537571973,-0.005948253846972618,0.00025370667898528014,-0.0008281373156467536,0.0008661284503630802,0.6311187536364333,6.0,-1.2735165533375787,True
2007-06-01,2004-12-08,2007-01-12,535,536,2007-05-04,112,2008-10-05,True,0.02113043868782196,6.012362291644506,-0.005134532556226284,0.0003028017274442679,-0.0006610774063475318,0.0007271260023726372,0.6531797421543769,6.0,-1.1412741940074271,True
2007-06-01,2004-11-24,2007-01-12,545,546,2007-05-11,119,2008-10-05,True,0.021329162967448585,6.0120107864662,-0.004516370952290416,0.0003240451734799622,-0.0005302037708192934,0.0006213866051393903,0.6725036160719834,6.0,-1.022203314606759,True
2007-06-01,2004-11-10,2007-01-12,555,556,2007-05-16,124,2008-10-05,True,0.02141301855619424,6.012280339323493,-0.00409210776007095,0.00033062438312863067,-0.00043696602766659666,0.0005479523629421745,0.6874856986083663,6.0,-0.9230614615833406,True
2007-06-01,2004-10-27,2007-01-12,565,566,2007-05-25,133,2008-10-05,True,0.021796648958036874,6.013713735524944,-0.0035982148790484917,0.00032857206161535806,-0.00032293960753742115,0.00046070553479482995,0.7072696858690888,6.0,-0.7767531704857339,True
2007-06-01,2004-10-13,2007-01-12,575,576,2007-06-06,145,2008-10-05,True,0.022393483746277025,6.01757395805538,-0.003159064463067033,0.00031666944829463606,-0.0002104138626573401,0.00038020196354255086,0.7278720121280761,6.0,-0.5864726562209478,True
2007-06-01,2004-09-29,2007-01-12,585,586,2007-06-12,151,2008-10-05,True,0.02242941520784147,6.019840099526089,-0.002967397887841953,0.00030491673671189165,-0.00016217181492129257,0.0003453605563492957,0.7378438626357783,6.0,-0.4888064963468792,True
2007-06-01,2004-09-15,2007-01-12,595,596,2007-06-20,159,2008-10-05,True,0.022539573621798342,6.024248727719911,-0.0028205408328126477,0.00029327241219221403,-0.00011146214887060302,0.00031373957095637837,0.7465841137992568,6.0,-0.363202524491881,True
2007-06-01,2004-09-01,2007-01-12,605,606,2007-06-30,169,2008-10-05,True,0.02262062979886134,6.031871861627304,-0.0028139420447505035,0.00028950060588723864,-6.609007172586335e-05,0.0002969486460481139,0.7489358233044988,6.0,-0.22444362578841465,True
2007-06-01,2004-08-18,2007-01-12,615,616,2007-07-17,186,2008-10-05,True,0.023067155126162933,6.048364305145728,-0.002982554875207158,0.0002875828654555157,2.7294764613754337e-06,0.00028759581802480797,0.744555652935215,6.0,0.009490810600232718,True
2007-06-01,2004-08-04,2007-01-12,625,626,2007-08-16,216,2008-10-05,True,0.02354109813938213,6.099070963716663,-0.004651763449524806,0.0003552441790360002,0.00014561138565018846,0.00038392851205651515,0.6918096523998548,6.0,0.3890038987613002,True
2007-06-01,2004-07-21,2007-01-12,635,636,2007-08-15,215,2008-10-05,True,0.023434189232689393,6.087357363922597,-0.003895049966581763,0.00030007601855702097,0.00012337998545725035,0.00032445067071045625,0.7148782675897208,6.0,0.3900919722027047,True
2007-06-01,2004-07-07,2007-01-12,645,646,2007-08-19,219,2008-10-05,True,0.023274811049953027,6.096406902324266,-0.004269915733589248,0.0003155974159674969,0.00014746967025582638,0.00034835188044665905,0.70360686867697,6.0,0.4371236943655054,True
2007-06-01,2004-06-23,2007-01-12,655,656,2007-08-06,206,2008-10-05,True,0.02323521453728987,6.072131063078672,-0.0034055109642484537,0.0002858124186511243,8.264358801802548e-05,0.0002975209258114438,0.7309045761217894,6.0,0.28147617697995064,True
2007-06-01,2004-06-09,2007-01-12,665,666,2007-07-31,200,2008-10-05,True,0.023208030276900996,6.067097392809235,-0.0033928341496294056,0.0003001465011218733,6.26622509999933e-05,0.0003066178074347425,0.7302977657260155,6.0,0.20581598129405226,True
2007-06-01,2004-05-25,2007-01-12,675,676,2007-07-30,199,2008-10-05,True,0.02306455558969942,6.06554870566995,-0.0033654422296320124,0.0003011157462223901,5.7609374010138666e-05,0.0003065771234076458,0.7311170916160011,6.0,0.18903535569205962,True
2007-06-01,2004-05-11,2007-01-12,685,686,2007-08-05,205,2008-10-05,True,0.022934147081692658,6.077193294472669,-0.003809098969387002,0.0003251117250502901,8.446361344536493e-05,0.0003359043550795724,0.7158201047171305,6.0,0.25417952413660555,True
2007-06-01,2004-04-27,2007-01-12,695,696,2007-07-28,197,2008-10-05,True,0.022951375432665885,6.0640824519393455,-0.00338916507263211,0.00030972576248639104,5.077644858015221e-05,0.0003138603123655317,0.7297651798484047,6.0,0.16249455936560714,True
2007-06-01,2006-07-24,2007-01-19,125,126,2007-01-30,11,2008-10-05,True,0.008247770653148896,5.929983701902822,-0.0011902943544551878,-8.578437197414267e-05,0.00019338795406696058,0.0002115605333071434,0.9,6.0,1.9883043732968826,True
2007-06-01,2006-07-10,2007-01-19,135,136,2007-03-14,54,2008-10-05,True,0.010253350608835327,5.969232009566175,-0.001347039011835194,-5.101805785578999e-05,-0.00011579094707096476,0.0001265321526370578,0.9,6.0,-1.9858098687675025,True
2007-06-01,2006-06-26,2007-01-19,145,146,2007-03-13,53,2008-10-05,True,0.010545724034948134,5.968634842946704,-0.0013388426042428684,-6.724702162290658e-06,-0.000124859028289483,0.00012503998786214527,0.9,6.078781159112248,-1.6246026985264113,True
2007-06-01,2006-06-12,2007-01-19,155,156,2007-04-22,93,2008-10-05,True,0.01111001408132888,6.094123461925012,-0.011347045063617263,0.0005556630845491394,-0.0001369384203598863,0.000572288034560679,0.5914548425222792,6.0,-0.24162665242009077,True
2007-06-01,2006-05-29,2007-01-19,165,166,2007-03-25,65,2008-10-05,True,0.012190438850543267,5.995956470553457,-0.0026356696242707087,0.0001973196805794572,-9.8289445348719e-05,0.00022044471282146424,0.7951885673658848,6.198311986699585,-0.46214477671641385,True
2007-06-01,2006-05-15,2007-01-19,175,176,2007-03-04,44,2008-10-05,True,0.013407775376751514,5.956858526916801,-0.001282657309082249,-0.0001221946471847268,-0.0001213974920588427,0.00017224657581147045,0.9,6.0,-2.3594669778954898,True
2007-06-01,2006-04-28,2007-01-19,185,186,2008-10-05,625,2008-10-05,False,0.017746878277417204,3.0922040502812904,0.007452882789890498,0.001468307268209242,0.0002518221093733503,0.0014897451488913567,0.9,6.0,0.16985256685055486,True
2007-06-01,2006-04-12,2007-01-19,195,196,2008-10-01,621,2008-10-05,False,0.017654136040408976,3.184556236349896,0.007236715901470368,0.0014409942911038985,0.00020234303280887347,0.0014551313514320004,0.9,6.0,0.13950690102027713,True
2007-06-01,2006-03-29,2007-01-19,205,206,2008-10-03,623,2008-10-05,False,0.01815333938847807,4.906475849946624,0.0025214226660491166,1.740038562389923e-05,0.000549502221254323,0.0005497776501307554,0.9,8.111340394706527,1.5391411804571606,True
2007-06-01,2006-03-15,2007-01-19,215,216,2008-09-10,600,2008-10-05,True,0.018572660562226822,5.915329132537516,-0.00020351633323699677,-6.636586940968803e-05,0.00014962001317652668,0.00016367827273480065,0.9,13.0,1.9882841826168127,True
2007-06-01,2006-03-01,2007-01-19,225,226,2008-04-26,463,2008-10-05,True,0.01937148764853294,6.051677849883187,-0.0007000648941762995,9.415775569124809e-05,-9.945092490190415e-05,0.0001369531650625751,0.9,13.0,-0.8127308790235837,True
2007-06-01,2006-02-15,2007-01-19,235,236,2008-03-15,421,2008-10-05,True,0.019281884515144697,6.068886706054377,-0.0008107708312147191,-2.8912362241988084e-05,-0.0001328018221269341,0.0001359126508116363,0.9,13.0,-1.785161861801906,True
2007-06-01,2006-02-01,2007-01-19,245,246,2008-02-17,394,2008-10-05,True,0.01925101018376255,6.075514344188378,-0.0008750041256041693,-0.0001073963679318214,-8.71821602476273e-05,0.0001383282650451097,0.9,13.0,-2.4597103010311283,True
2007-06-01,2006-01-18,2007-01-19,255,256,2008-01-28,374,2008-10-05,True,0.019311400239603052,6.077789384784219,-0.0009160652788154453,-0.00014100894737981715,-2.4864215692986778e-05,0.0001431843303689039,0.9,13.0,-2.9670560573197724,True
2007-06-01,2006-01-04,2007-01-19,265,266,2007-02-24,36,2008-10-05,True,0.01777430007540077,5.93252458011431,-0.0010158360129608735,-0.0003027848590240864,-0.00018508080141370478,0.0003548712074910771,0.9,6.0,-2.5929335831732927,True
2007-06-01,2005-12-20,2007-01-19,275,276,2007-02-26,38,2008-10-05,True,0.01755755451896256,5.93273465078766,-0.0010056071372387097,-0.00028452542820200455,-0.00019982675203485651,0.0003476858497585631,0.9,6.0,-2.529314037661357,True
2007-06-01,2005-12-06,2007-01-19,285,286,2008-02-05,382,2008-10-05,True,0.01840812141157569,6.077868586245859,-0.0009016151881331043,-0.0001281584944769285,-5.344315294167393e-05,0.00013885521345250262,0.9,13.0,-2.7465104930891644,True
2007-06-01,2005-11-22,2007-01-19,295,296,2007-02-27,39,2008-10-05,True,0.017412431226964006,5.946278007456958,-0.0022385617172824652,-0.0005130980145965525,-0.0004101003531743852,0.0006568499617543412,0.7690984463585485,6.0,-2.4673011505382787,True
2007-06-01,2005-11-08,2007-01-19,305,306,2008-02-14,391,2008-10-05,True,0.018012448092136746,6.077930115075144,-0.0008885948266611298,-0.0001104680109471332,-7.42941172841574e-05,0.00013312699690764483,0.9,13.0,-2.549535152863595,True
2007-06-01,2005-10-25,2007-01-19,315,316,2008-02-13,390,2008-10-05,True,0.01786042134974261,6.078156799688793,-0.0008903407824632399,-0.0001120992998218212,-7.326628395440196e-05,0.00013391863718328984,0.9,13.0,-2.562702204938604,True
2007-06-01,2005-10-11,2007-01-19,325,326,2008-02-14,391,2008-10-05,True,0.01780980372094437,6.077352329601976,-0.0008857973152476437,-0.00010886998867125839,-7.477029815205796e-05,0.00013207297951900522,0.9,13.0,-2.539790843332243,True
2007-06-01,2005-09-27,2007-01-19,335,336,2008-01-26,372,2008-10-05,True,0.018873680118178107,6.262998910351425,-0.020462010459055515,-0.0016997080327890207,-0.00027173973359386145,0.001721293083568625,0.4912924174690706,13.0,-2.983059897896397,True
2007-06-01,2005-09-13,2007-01-19,345,346,2007-02-08,20,2008-10-05,True,0.018620716589291108,6.012035914458712,-0.024427417083688993,-0.004132042046558437,-0.0006159470773022509,0.004177698203145366,0.40601300640047644,6.0,-2.993616255229523,True
2007-06-01,2005-08-30,2007-01-19,355,356,2007-02-07,19,2008-10-05,True,0.018547241848764637,6.021329652073812,-0.028954447111041087,-0.0046461167652048,-0.0005497271974098973,0.00467852551425011,0.3824911094494436,6.0,-3.0238204907411954,True
2007-06-01,2005-08-16,2007-01-19,365,366,2007-02-07,19,2008-10-05,True,0.018366226144090045,6.024656696283959,-0.03068816395591717,-0.004840265750578884,-0.0005061443436572902,0.0048666574394386165,0.37450476627784046,6.0,-3.0374017848532646,True
2007-06-01,2005-08-02,2007-01-19,375,376,2008-01-12,358,2008-10-05,True,0.01847657594282752,6.660853135404956,-0.17858119884715976,-0.007665728451181021,0.0015491339130616483,0.007820691054366223,0.2488370911978234,13.0,2.9421924431620052,True
2007-06-01,2005-07-19,2007-01-19,385,386,2007-02-07,19,2008-10-05,True,0.018013605383993644,6.03053806268952,-0.03382405986014328,-0.005176681794256021,-0.00042505864017452436,0.005194103314968692,0.3612779384568722,6.0,-3.0596661915956065,True
2007-06-01,2005-07-05,2007-01-19,395,396,2007-02-07,19,2008-10-05,True,0.017918338879246626,6.02526462683813,-0.030767521617078707,-0.004811171431480275,-0.0005614530053082451,0.0048438208080255835,0.37441766697460155,6.0,-3.025420335376562,True
2007-06-01,2005-06-21,2007-01-19,405,406,2007-02-08,20,2008-10-05,True,0.01791732220392592,6.019560761555213,-0.027266721566690636,-0.0043341276128417445,-0.0007580524765571873,0.004399921104021272,0.3916515230639226,6.0,-2.9684409821517495,True
2007-06-01,2005-06-07,2007-01-19,415,416,2007-02-15,27,2008-10-05,True,0.018035958821552695,6.0148806712550655,-0.02269534322594779,-0.0034866538783295976,-0.0012407762769204825,0.003700848691400322,0.4192754311181075,6.0,-2.799702934364936,True
2007-06-01,2005-05-24,2007-01-19,425,426,2007-03-01,41,2008-10-05,True,0.018685222827427475,6.021620102884168,-0.019522498555549644,-0.002389029911361676,-0.001909217201029492,0.0030581978742533432,0.4473527147734428,6.0,-2.4673641018275414,True
2007-06-01,2005-05-10,2007-01-19,435,436,2007-03-11,51,2008-10-05,True,0.019887680584045674,6.028993350737435,-0.017423484415931337,-0.0015832164625708064,-0.0021353604056645633,0.0026582585332196617,0.4703308719616068,6.0,-2.208788886583432,True
2007-06-01,2005-04-26,2007-01-19,445,446,2007-03-17,57,2008-10-05,True,0.020765350818893087,6.021843993021561,-0.013199312305306788,-0.0009015047181495481,-0.0018489265379081727,0.0020569978365149047,0.5121917275499219,6.0,-2.024460895059843,True
2007-06-01,2005-04-12,2007-01-19,455,456,2007-03-21,61,2008-10-05,True,0.020931454832117998,6.017157842939789,-0.011066393740811876,-0.0005960987896521217,-0.0016382946470923211,0.0017433711933251843,0.5383761232121398,6.0,-1.919758850883398,True
2007-06-01,2005-03-29,2007-01-19,465,466,2007-03-22,62,2008-10-05,True,0.02074794389768174,6.016186416535203,-0.010561470936555545,-0.000518850531535608,-0.0015812020331747224,0.0016641531611575476,0.5453888210706582,6.0,-1.8878627079989043,True
2007-06-01,2005-03-11,2007-01-19,475,476,2007-03-25,65,2008-10-05,True,0.02060492341568701,6.01495850297965,-0.009791343410139212,-0.0003945646556701948,-0.0014869610525344728,0.001538419461414398,0.5568507339313618,6.0,-1.830168774199838,True
2007-06-01,2005-02-25,2007-01-19,485,486,2007-03-24,64,2008-10-05,True,0.020416932193823553,6.015199887751794,-0.010015047113233302,-0.00043417079121270104,-0.0015159891388532149,0.0015769360624524936,0.5533872000874993,6.0,-1.8497246524277504,True
2007-06-01,2005-02-11,2007-01-19,495,496,2007-03-24,64,2008-10-05,True,0.020226373830278907,6.015185382882307,-0.010026199519328427,-0.00043707511895643724,-0.0015177751710586794,0.0015794543771483198,0.5532050680242608,6.0,-1.8511810661547445,True
2007-06-01,2005-01-28,2007-01-19,505,506,2007-03-27,67,2008-10-05,True,0.020205870619418698,6.01527863026536,-0.009437476364176718,-0.0003114444073377626,-0.0014323774450337276,0.001465845409278659,0.5627558930815331,6.0,-1.7848956790544332,True
2007-06-01,2005-01-14,2007-01-19,515,516,2007-04-12,83,2008-10-05,True,0.020572583547851492,6.022167036575277,-0.008381995229831867,6.547016224944769e-05,-0.0012214751341052118,0.0012232284518364973,0.5829941342188523,6.0,-1.517248307447762,True
2007-06-01,2004-12-30,2007-01-19,525,526,2007-04-27,98,2008-10-05,True,0.02080731214730638,6.026074062026172,-0.007425977276163657,0.00028239058185923835,-0.0010013891247978991,0.0010404444338773223,0.6022590188421528,6.0,-1.2959350540364145,True
2007-06-01,2004-12-15,2007-01-19,535,536,2007-05-06,107,2008-10-05,True,0.021039558741417823,6.026630275769205,-0.006514306259028497,0.0003713445545449754,-0.0008052251233725966,0.0008867267208676073,0.6221755129387325,6.0,-1.1386934923776,True
2007-06-01,2004-12-01,2007-01-19,545,546,2007-05-12,113,2008-10-05,True,0.021217072278626528,6.0249067164885455,-0.00569686264650826,0.0003907446993121961,-0.0006519320177097509,0.0007600636655936695,0.6419538644505552,6.0,-1.0308444722599683,True
2007-06-01,2004-11-17,2007-01-19,555,556,2007-05-19,120,2008-10-05,True,0.02138096077396589,6.025057263138365,-0.005075525686550811,0.00040443603541154884,-0.0005196127768988515,0.0006584572458830924,0.6593817329398194,6.0,-0.9094021946801357,True
2007-06-01,2004-11-03,2007-01-19,565,566,2007-05-24,125,2008-10-05,True,0.021485586141967085,6.02504694046381,-0.004579258665301963,0.0003998781461786808,-0.0004181830883882074,0.0005786014407216747,0.6748459631280807,6.0,-0.8077704349911258,True
2007-06-01,2004-10-20,2007-01-19,575,576,2007-06-07,139,2008-10-05,True,0.022159848988261087,6.029213338368315,-0.003988282749207113,0.0003914025896950837,-0.0002662574368534665,0.00047338040717777465,0.6966519659086334,6.0,-0.5973577646955218,True
2007-06-01,2004-10-06,2007-01-19,585,586,2007-06-13,145,2008-10-05,True,0.022315311165056948,6.029940096142802,-0.00359730502596572,0.0003649638539167567,-0.0001935286824858918,0.0004131004304167412,0.7122532341384856,6.0,-0.4875678474877114,True
2007-06-01,2004-09-22,2007-01-19,595,596,2007-06-21,153,2008-10-05,True,0.02245835156667058,6.033422256121694,-0.003357303387050771,0.0003457123555463418,-0.00013061033950633827,0.00036956202938527274,0.7234319676562108,6.0,-0.3612237377668208,True
2007-06-01,2004-09-08,2007-01-19,605,606,2007-06-29,161,2008-10-05,True,0.02248663087317161,6.037106331771447,-0.003207814417755426,0.00032912937725464717,-8.550836120454656e-05,0.0003400556231088071,0.7311292040132786,6.0,-0.2541822759009133,True
2007-06-01,2004-08-25,2007-01-19,615,616,2007-07-09,171,2008-10-05,True,0.022666250850431828,6.044338562359199,-0.003122834391910977,0.0003115538434018064,-3.237844579271406e-05,0.0003132318008925483,0.7369068869702075,6.0,-0.10355393709367436,True
2007-06-01,2004-08-11,2007-01-19,625,626,2007-07-30,192,2008-10-05,True,0.023350986593230174,6.063724224591316,-0.003274677523324591,0.0002910824369368204,5.287894101076664e-05,0.0002958465269282338,0.7346239919800728,6.0,0.17970338700951374,True
2007-06-01,2004-07-28,2007-01-19,635,636,2007-08-09,202,2008-10-05,True,0.023369906823201253,6.0753145941295665,-0.003484575657707459,0.00028591084683778447,9.139552242165792e-05,0.000300163545185332,0.7282526009668272,6.0,0.3093984980684005,True
2007-06-01,2004-07-14,2007-01-19,645,646,2007-08-16,209,2008-10-05,True,0.023274742639090455,6.085304761023014,-0.0037160519429939435,0.0002836440557255575,0.0001217431114793671,0.00030866703021398446,0.7211624941867295,6.0,0.40543187761139665,True
2007-06-01,2004-06-30,2007-01-19,655,656,2007-08-12,205,2008-10-05,True,0.023130112002668485,6.080177948106402,-0.0035942804730750067,0.0002851172281836097,0.00010647384029033468,0.00030434932638873416,0.7248539460373363,6.0,0.35740125953615853,True
2007-06-01,2004-06-16,2007-01-19,665,666,2007-08-03,196,2008-10-05,True,0.023158352191894136,6.068941401407438,-0.0033860049996243904,0.0002933850365758723,7.077859497420257e-05,0.0003018019038925171,0.7309936339934934,6.0,0.23672481055348246,True
2007-06-01,2004-06-02,2007-01-19,675,676,2007-07-30,192,2008-10-05,True,0.023062451574861156,6.06473890821191,-0.0033353949561726443,0.0002993840519854228,5.590742973840798e-05,0.000304559438013609,0.7322246119795842,6.0,0.18461511884014462,True
2007-06-01,2004-05-18,2007-01-19,685,686,2007-07-31,193,2008-10-05,True,0.022910526094591262,6.065670831672256,-0.0033380841139641344,0.00029677825576341764,5.9577717296405055e-05,0.00030269925254652826,0.7323194067287274,6.0,0.19811493324181292,True
2007-06-01,2004-05-04,2007-01-19,695,696,2007-07-31,193,2008-10-05,True,0.02282871891488804,6.065507366198192,-0.003346976841906361,0.00029869187586470435,5.859490855535712e-05,0.0003043849536626057,0.7318976062842303,6.0,0.1937118567270106,True
2007-06-01,2006-07-31,2007-01-26,125,126,2007-01-28,2,2008-10-05,True,0.007716120988625121,5.929445249645986,-0.001445015109568473,-6.390800357854069e-05,0.0002818811856706893,0.00028903500783903046,0.8585111000786907,6.0,1.7937469521377256,True
2007-06-01,2006-07-17,2007-01-26,135,136,2007-03-04,37,2008-10-05,True,0.010007495785718077,5.959119880871611,-0.001304976775496884,-0.00010321683216289452,-9.260564640953405e-05,0.0001386705454978482,0.9,6.0,-2.4103293278254947,True
2007-06-01,2006-07-03,2007-01-26,145,146,2007-02-27,32,2008-10-05,True,0.010135212009685389,5.954345136925074,-0.001285447586046635,-0.00013227648843277772,-6.711782683932258e-05,0.00014833028036021528,0.9,6.0,-2.672038156077944,True
2007-06-01,2006-06-19,2007-01-26,155,156,2007-05-09,103,2008-10-05,True,0.010491076452663058,6.022066560808754,-0.0014497689067357808,-3.768641102584329e-05,-7.315280419588056e-05,8.228972194466113e-05,0.9,7.956504056456718,-2.046509188076153,True
2007-06-01,2006-06-05,2007-01-26,165,166,2007-04-10,74,2008-10-05,True,0.011193758380805137,5.996745383641345,-0.001426998796341664,6.239894869088921e-05,7.20455246420028e-05,9.531099841397978e-05,0.9,6.320421785023367,0.8570267867284614,True
2007-06-01,2006-05-22,2007-01-26,175,176,2007-03-12,45,2008-10-05,True,0.01226085234472765,5.965884153254273,-0.0013219892425424032,-6.181888443176873e-05,-0.0001270123088304332,0.00014125756994520937,0.9,6.0,-2.023760127044457,True
2007-06-01,2006-05-08,2007-01-26,185,186,2008-09-25,608,2008-10-05,False,0.01747268241484559,3.9845740277830455,0.005133029238054414,0.0011191658168592377,7.060398706203522e-05,0.0011213906761763542,0.9,6.0,0.06300276865588274,True
2007-06-01,2006-04-21,2007-01-26,195,196,2008-10-05,618,2008-10-05,False,0.01796555170995002,3.3311482663802088,0.006854442769822578,0.0013886157093715291,0.00018729460807637459,0.0014011898010362043,0.9,6.0,0.134069545103137,True
2007-06-01,2006-04-05,2007-01-26,205,206,2008-10-01,614,2008-10-05,False,0.01798776935480046,3.704068365124921,0.005874874817466886,0.00123413362323882,0.00012049530977091636,0.0012400019837425127,0.9,6.0,0.09732706473190525,True
2007-06-01,2006-03-22,2007-01-26,215,216,2008-09-12,595,2008-10-05,False,0.01852903771120265,5.5238005895505164,0.0008943619731170551,-0.00027642042980532527,-0.00015544678517659887,0.00031713082006563226,0.9,9.433560312852801,-2.629312319511588,True
2007-06-01,2006-03-08,2007-01-26,225,226,2008-08-02,554,2008-10-05,True,0.01932927206346241,6.0152994183475474,-0.0004945068152265984,5.5205774207202495e-05,0.000131984434534254,0.00014306490997146508,0.9,13.0,1.1746356734973025,True
2007-06-01,2006-02-22,2007-01-26,235,236,2008-05-04,464,2008-10-05,True,0.019565652957185004,6.074685858594571,-0.0007608084487378475,9.945601906115338e-05,-8.72178810577341e-05,0.00013228173911652944,0.9,13.0,-0.7199329322281407,True
2007-06-01,2006-02-08,2007-01-26,245,246,2007-02-28,33,2008-10-05,True,0.01817648276321395,5.936198718902056,-0.0010251908517737573,-0.0002842179644998606,-0.0002112864873618733,0.0003541494473893233,0.9,6.0,-2.5023315438157216,True
2007-06-01,2006-01-25,2007-01-26,255,256,2007-02-27,32,2008-10-05,True,0.01787949817465969,5.936305964654995,-0.0010325480361405835,-0.00029256587202650537,-0.00020202187466958287,0.0003555385032871154,0.9,6.0,-2.537259127539266,True
2007-06-01,2006-01-11,2007-01-26,265,266,2007-02-26,31,2008-10-05,True,0.01775668591843228,5.936353263860936,-0.0010372014847784715,-0.0002977875632057396,-0.00019567819864117655,0.00035632483806699204,0.9,6.0,-2.5602377326117924,True
2007-06-01,2005-12-28,2007-01-26,275,276,2007-02-28,33,2008-10-05,True,0.017565068529995304,5.936315547685496,-0.0010245951049129023,-0.0002789102794233221,-0.00021113040020067001,0.00034980993390252755,0.9,6.0,-2.4936372468820314,True
2007-06-01,2005-12-13,2007-01-26,285,286,2007-03-02,35,2008-10-05,True,0.017389636420197824,5.93627817607202,-0.0010125670178275556,-0.0002588827230034405,-0.0002232044717399693,0.00034181939745192173,0.9,6.0,-2.430067694689115,True
2007-06-01,2005-11-29,2007-01-26,295,296,2007-03-02,35,2008-10-05,True,0.01735914167728183,5.945390045848094,-0.0018098682273460928,-0.0004089737816542409,-0.0003648490096397736,0.0005480641877697304,0.8051785753961719,6.0,-2.413154613229925,True
2007-06-01,2005-11-15,2007-01-26,305,306,2008-02-28,398,2008-10-05,True,0.0184569595867589,6.094853841957905,-0.0009214745572726608,-8.484930192841432e-05,-0.00010095109678208926,0.00013187315109318488,0.9,13.0,-2.269748680320214,True
2007-06-01,2005-11-01,2007-01-26,315,316,2008-03-03,402,2008-10-05,True,0.018259265160322804,6.094915471870289,-0.0009162147480591532,-7.520864258284447e-05,-0.00010536578398182749,0.0001294538077974502,0.9,13.0,-2.1907149753213373,True
2007-06-01,2005-10-18,2007-01-26,325,326,2008-02-29,399,2008-10-05,True,0.01811420703496837,6.095285523566453,-0.0009218779680661341,-8.321134889327088e-05,-0.00010250815814417889,0.00013203049295806496,0.9,13.0,-2.2526630182041494,True
2007-06-01,2005-10-04,2007-01-26,335,336,2008-02-25,395,2008-10-05,True,0.018717913280347075,6.139412312180131,-0.002755504584442235,-0.00023032339398555468,-0.00023105506626132724,0.0003262442481670004,0.751753443742817,13.0,-2.3546086518287073,True
2007-06-01,2005-09-20,2007-01-26,345,346,2007-02-14,19,2008-10-05,True,0.018417920998738485,5.9988557729560865,-0.017015192215870313,-0.0030138755578547425,-0.0009504679526184069,0.003160195438131772,0.45898792694883517,6.0,-2.8361006905901247,True
2007-06-01,2005-09-06,2007-01-26,355,356,2007-02-13,18,2008-10-05,True,0.018623594615953,6.018448190126378,-0.025059902644170965,-0.003555886278462747,-0.002021043025703743,0.004090102949450708,0.40450469087902,6.043485877923341,-2.624758682741954,True
2007-06-01,2005-08-23,2007-01-26,365,366,2007-02-14,19,2008-10-05,True,0.018405774984891862,6.020713556858995,-0.0259587388502547,-0.0033982009661349746,-0.002443680131284766,0.004185611352034086,0.3997620091569906,6.061903593811921,-2.5181560234215405,True
2007-06-01,2005-08-09,2007-01-26,375,376,2007-02-15,20,2008-10-05,True,0.018309903975151774,6.038816641811902,-0.03351656707174927,5.849222315171092e-06,-0.004947275707541478,0.004947279165342474,0.36604755102864406,6.225812879491842,-1.5696140155724212,True
2007-06-01,2005-07-26,2007-01-26,385,386,2007-02-16,21,2008-10-05,True,0.018094347072240155,6.042840168639354,-0.035274196131286344,0.0011430481043877292,-0.004984929500105248,0.0051143016228967116,0.3594618807002815,6.264442642008418,-1.345392152342454,True
2007-06-01,2005-07-12,2007-01-26,395,396,2007-02-15,20,2008-10-05,True,0.01791746761712192,6.035319579523517,-0.032057452777606646,-0.001249944804283809,-0.004631920612269025,0.004797608839007068,0.3718072025290171,6.180213057719944,-1.8343725794463597,True
2007-06-01,2005-06-28,2007-01-26,405,406,2007-02-13,18,2008-10-05,True,0.017883436615758426,6.022940419428343,-0.02719839161925303,-0.003960616069517718,-0.00163421910703959,0.004284524680747592,0.39321240127682744,6.023241132456544,-2.750256749693672,True
2007-06-01,2005-06-14,2007-01-26,415,416,2007-02-14,19,2008-10-05,True,0.017860441727344516,6.018242259066794,-0.024599092761754503,-0.003782602762989922,-0.0011618613956707923,0.003957019783287553,0.4076835489686158,6.0,-2.8435807580873984,True
2007-06-01,2005-05-31,2007-01-26,425,426,2007-02-22,27,2008-10-05,True,0.0181825034265556,6.016728919874896,-0.02076148818813672,-0.002924777038754,-0.0015903444181173743,0.0033291915076576334,0.43476068688068104,6.0,-2.643561384610891,True
2007-06-01,2005-05-17,2007-01-26,435,436,2007-03-03,36,2008-10-05,True,0.019193738472504565,6.010510535801064,-0.015524569818487195,-0.001859813102467012,-0.0017178906205013449,0.0025318082392066085,0.4790838400009207,6.0,-2.395842297893439,True
2007-06-01,2005-05-03,2007-01-26,445,446,2007-03-14,47,2008-10-05,True,0.02018285049584723,6.017795167943637,-0.013506190373104878,-0.0010932453449138619,-0.0018255056573499816,0.002127829008447957,0.50588057743236,6.0,-2.1103864544612883,True
2007-06-01,2005-04-19,2007-01-26,455,456,2007-03-21,54,2008-10-05,True,0.020858213132501385,6.016083724016109,-0.011002729267917176,-0.0006084211894962998,-0.001626387424290531,0.0017364654899301858,0.5385485094550748,6.0,-1.928772142258585,True
2007-06-01,2005-04-05,2007-01-26,465,466,2007-03-22,55,2008-10-05,True,0.020718076823063782,6.015558187086619,-0.010623819344313442,-0.0005465078355493765,-0.0015863263400420421,0.0016778265915844955,0.5439737720615209,6.0,-1.9025733661112199,True
2007-06-01,2005-03-18,2007-01-26,475,476,2007-03-24,57,2008-10-05,True,0.02058712122461533,6.0149166938174865,-0.009952391976209809,-0.00042811450100266215,-0.0015073374174197425,0.0015669550459162438,0.5542033936161125,6.0,-1.8475291945892556,True
2007-06-01,2005-03-04,2007-01-26,485,486,2007-03-24,57,2008-10-05,True,0.020417499696345695,6.014797258087615,-0.009860674970075194,-0.00041325406080071304,-0.0014961455643708124,0.0015521696004479459,0.5556362330375793,6.0,-1.8402894109855858,True
2007-06-01,2005-02-18,2007-01-26,495,496,2007-03-24,57,2008-10-05,True,0.020227070942809792,6.01484691921657,-0.00987921726015942,-0.00041554758619756255,-0.0014984649784863025,0.0015550167485093452,0.5553569602308794,6.0,-1.841313975964578,True
2007-06-01,2005-02-04,2007-01-26,505,506,2007-03-24,57,2008-10-05,True,0.020044310429611672,6.01446533063962,-0.009796432300982278,-0.00040963359005729183,-0.0014871439914908692,0.001542529393408962,0.5565365314524718,6.0,-1.8395807119662535,True
2007-06-01,2005-01-21,2007-01-26,515,516,2007-03-29,62,2008-10-05,True,0.020329124721286916,6.016117057023197,-0.009067433633071933,-0.00022117008769479795,-0.0013675986031792598,0.0013853671524577111,0.5696116944153117,6.0,-1.7311296593847083,True
2007-06-01,2005-01-07,2007-01-26,525,526,2007-04-06,70,2008-10-05,True,0.020714435973650615,6.0187535262356775,-0.008201059147143766,-1.1860615818722986e-05,-0.001201935930638949,0.0012019944490589446,0.5863301954337038,6.0,-1.5806639333446177,True
2007-06-01,2004-12-22,2007-01-26,535,536,2007-05-04,98,2008-10-05,True,0.02097337605249393,6.036982903640918,-0.00788694488374162,0.0003953154785533098,-0.0009665804137274617,0.0010442949888730595,0.5971171257964216,6.0,-1.1825695890996746,True
2007-06-01,2004-12-08,2007-01-26,545,546,2007-05-13,107,2008-10-05,True,0.021185465403596077,6.037743445021364,-0.006948399093763195,0.00046567848832331383,-0.0007636834274429509,0.0008944656683395397,0.6163219356320393,6.0,-1.0232170411615966,True
2007-06-01,2004-11-24,2007-01-26,555,556,2007-05-20,114,2008-10-05,True,0.021327618669923543,6.037152118454456,-0.00616331039430477,0.00048005986861535094,-0.0006092825897028138,0.0007756821201819436,0.6341531968070481,6.0,-0.9034709106606669,True
2007-06-01,2004-11-10,2007-01-26,565,566,2007-05-26,120,2008-10-05,True,0.021372199949389197,6.037437560016237,-0.005626956351074718,0.00048157237574997637,-0.0004973668748883239,0.0006923046737684601,0.6478542011459715,6.0,-0.8015310631905425,True
2007-06-01,2004-10-27,2007-01-26,575,576,2007-06-03,128,2008-10-05,True,0.02170428218092849,6.036697597765998,-0.0048832979734193165,0.00045583917875960205,-0.0003616949757084436,0.0005819042982698788,0.6688614115699097,6.0,-0.6707468858543564,True
2007-06-01,2004-10-13,2007-01-26,585,586,2007-06-13,138,2008-10-05,True,0.022253879124650086,6.037626913785185,-0.004163055716874222,0.0004161293517899908,-0.00022530735847487706,0.0004732093016880424,0.6928708948771531,6.0,-0.496244296298638,True
2007-06-01,2004-09-29,2007-01-26,595,596,2007-06-19,144,2008-10-05,True,0.022276191025060364,6.039105049526475,-0.0038770041330459916,0.00039430442834244295,-0.00016723267750676457,0.0004283021721127997,0.7038118565905968,6.0,-0.40112565253523486,True
2007-06-01,2004-09-15,2007-01-26,605,606,2007-06-27,152,2008-10-05,True,0.022374089266568392,6.041669807432953,-0.0035961743113727745,0.0003673291036626542,-0.00010732629163351794,0.0003826873440204313,0.7155821165028913,6.0,-0.2842673178268571,True
2007-06-01,2004-09-01,2007-01-26,615,616,2007-07-05,160,2008-10-05,True,0.02244867280992853,6.045697281938042,-0.003411647659867653,0.00034371719560065764,-5.70367461402544e-05,0.0003484174234475776,0.7243378567797178,6.0,-0.16444245822988907,True
2007-06-01,2004-08-18,2007-01-26,625,626,2007-07-19,174,2008-10-05,True,0.02288757441738719,6.053999801244899,-0.0032244899456099134,0.00030714720713924685,9.524718222722031e-06,0.0003072948537002559,0.7346056019135648,6.0,0.031000336825027237,True
2007-06-01,2004-08-04,2007-01-26,635,636,2007-08-05,191,2008-10-05,True,0.02335623833530596,6.068882422612288,-0.003270835022898135,0.00027668500072997005,7.559379381541609e-05,0.000286825750748344,0.735938242488677,6.0,0.2667036047508818,True
2007-06-01,2004-07-21,2007-01-26,645,646,2007-08-12,198,2008-10-05,True,0.0232581260475073,6.075447724133306,-0.003351967811594515,0.00026789027208654515,9.786590066749412e-05,0.0002852068238876185,0.733836994180185,6.0,0.3502579519941651,True
2007-06-01,2004-07-07,2007-01-26,655,656,2007-08-13,199,2008-10-05,True,0.023102846560385935,6.076810810300417,-0.0033633682458164144,0.00026512711823769533,0.0001025442040769483,0.000284266956600305,0.7336434587109212,6.0,0.3690526797897884,True
2007-06-01,2004-06-23,2007-01-26,665,666,2007-08-06,192,2008-10-05,True,0.02306493553584186,6.069964067158087,-0.0032961441436038623,0.00027773586252180667,7.94264290567327e-05,0.0002888698097126733,0.7350725643538252,6.0,0.27854372814086376,True
2007-06-01,2004-06-09,2007-01-26,675,676,2007-07-31,186,2008-10-05,True,0.02304007989332461,6.064167659656638,-0.0032625712651644587,0.00029081557027937346,5.7686598083957376e-05,0.0002964817692800305,0.7352743182923199,6.0,0.1958195352993995,True
2007-06-01,2004-05-25,2007-01-26,685,686,2007-07-29,184,2008-10-05,True,0.022900070968070122,6.063258118720364,-0.0032636288140494634,0.00029370850200744825,5.38121505349987e-05,0.0002985974408742657,0.7350239504835429,6.0,0.1812064308375297,True
2007-06-01,2004-05-11,2007-01-26,695,696,2007-07-31,186,2008-10-05,True,0.022772250842226543,6.063621648173282,-0.0032112134002829284,0.00028487774606844737,5.7905073721581434e-05,0.0002907031609180412,0.7374566528047867,6.0,0.20053097557968383,True
2007-06-01,2004-04-27,2007-01-26,705,706,2007-08-01,187,2008-10-05,True,0.02279471490879527,6.071500056304469,-0.0036923419340768406,0.00032990010409679113,6.725341421113146e-05,0.0003366854621247072,0.7189218068429903,6.0,0.20110426710178392,True
2007-06-01,2006-08-07,2007-02-02,125,126,2007-02-03,1,2008-10-05,True,0.007653021176467857,5.933266096508868,-0.0013729705115324761,2.0697717946069466e-06,-0.00026511112373401235,0.00026511920315735814,0.8687236005514899,6.563434504838675,-1.5629892996334314,True
2007-06-01,2006-07-24,2007-02-02,135,136,2007-02-03,1,2008-10-05,True,0.008102743029998144,5.932635611738748,-0.001192068492991274,-0.0001529787202912688,0.00013261178130775881,0.00020245585544402292,0.9,6.048091206021133,2.4273891415608566,True
2007-06-01,2006-07-10,2007-02-02,145,146,2007-03-08,34,2008-10-05,True,0.010019841996767918,5.9619741077964274,-0.0013145435586361697,-8.441817005221184e-05,-0.00010662939921709623,0.00013600094195395502,0.9,6.0,-2.2404538876967,True
2007-06-01,2006-06-26,2007-02-02,155,156,2007-03-03,29,2008-10-05,True,0.010311539443778897,5.958836621071975,-0.0013141323702823104,-0.00010181347938144716,-9.133000015507197e-05,0.00013677409664143941,0.9,6.0,-2.410419474684584,True
2007-06-01,2006-06-12,2007-02-02,165,166,2007-05-10,97,2008-10-05,True,0.01089903181962893,6.0247670357596395,-0.0014815539924278355,-5.315933749676588e-05,-5.722748165772117e-05,7.810825705378318e-05,0.9,6.702674630312978,-2.319357629321136,True
2007-06-01,2006-05-29,2007-02-02,175,176,2007-04-11,68,2008-10-05,True,0.011992774577939166,5.99298424829878,-0.0013808107141606918,-8.167582590362307e-05,-7.153623435880317e-05,0.00010857427578978621,0.9,6.91263884994876,-2.42227823813213,True
2007-06-01,2006-05-15,2007-02-02,185,186,2007-03-04,30,2008-10-05,True,0.01309908671495477,5.9571207459084805,-0.0012816956877316314,-0.0001197383186979653,-0.00012292966384216237,0.0001716070138920975,0.9,6.0,-2.343044172016963,True
2007-06-01,2006-04-28,2007-02-02,195,196,2008-10-05,611,2008-10-05,False,0.018296319874705005,3.824327620553482,0.005551869608114999,0.001188244673538627,0.0001203055461434701,0.0011943193997527616,0.9,6.0,0.10090260117489443,True
2007-06-01,2006-04-12,2007-02-02,205,206,2008-10-05,611,2008-10-05,False,0.018183849877434148,3.7476888386509497,0.00576269164847063,0.0012229027004095323,0.00012198730391685701,0.0012289718943026445,0.9,6.0,0.09942335594266466,True
2007-06-01,2006-03-29,2007-02-02,215,216,2008-08-30,575,2008-10-05,False,0.018388516785446632,4.38322738295477,0.004223252866756112,0.000959808996105159,-0.00020929898574123876,0.000982364176075606,0.9,6.0,-0.21470213431045684,True
2007-06-01,2006-03-15,2007-02-02,225,226,2008-10-02,608,2008-10-05,False,0.01886847345063671,5.808201252462237,0.00011057480401166779,-6.304395402524755e-05,0.00019880247913287626,0.00020855926219785884,0.9,11.037487544707567,1.877883292570884,True
2007-06-01,2006-03-01,2007-02-02,235,236,2008-07-15,529,2008-10-05,True,0.019777624524406467,6.067472739985023,-0.0006562937501659834,9.84858514717017e-05,8.761674258423442e-05,0.00013181865012652072,0.9,13.0,0.7270605783707443,True
2007-06-01,2006-02-15,2007-02-02,245,246,2008-05-24,477,2008-10-05,True,0.01982439242033118,6.096331422556005,-0.0008007272401785796,0.0001176385680003309,-4.5429617882461004e-05,0.0001261058399207384,0.9,13.0,-0.36853578076144267,True
2007-06-01,2006-02-01,2007-02-02,255,256,2007-03-02,28,2008-10-05,True,0.018017079831178777,5.939529798631684,-0.0010392052398517674,-0.00027169663687007977,-0.00022408464915188857,0.00035218318027986086,0.9,6.0,-2.451935142899786,True
2007-06-01,2006-01-18,2007-02-02,265,266,2007-02-18,16,2008-10-05,True,0.017797289579928346,5.933417283527762,-0.0010533167945812431,-0.0003475502211582106,-0.00013863274211648333,0.0003741793599516901,0.9,6.0,-2.7620474254561533,True
2007-06-01,2006-01-04,2007-02-02,275,276,2007-03-02,28,2008-10-05,True,0.017705505034265084,5.939290962474618,-0.0010402602673133623,-0.00027389201272140046,-0.00021931322304338571,0.0003508776488097491,0.9,6.0,-2.4664074782642302,True
2007-06-01,2005-12-20,2007-02-02,285,286,2007-03-04,30,2008-10-05,True,0.017474376375096315,5.939798321452024,-0.0010310369182804416,-0.0002529005291903682,-0.00023306712827210937,0.0003439170887667203,0.9,6.0,-2.3969840363173383,True
2007-06-01,2005-12-06,2007-02-02,295,296,2007-03-05,31,2008-10-05,True,0.017381726810425997,5.946058531620927,-0.0015520090275348017,-0.0003411646646940754,-0.00033530325625338295,0.00047835300990998553,0.8324092295962886,6.0,-2.3648589982632413,True
2007-06-01,2005-11-22,2007-02-02,305,306,2007-03-04,30,2008-10-05,True,0.01726084646147314,5.9538587664267695,-0.0024119936775544196,-0.0004848714626467265,-0.00047841397701990965,0.000681160971208115,0.7614300100472513,6.0,-2.3628979953362874,True
2007-06-01,2005-11-08,2007-02-02,315,316,2007-03-04,30,2008-10-05,True,0.01712502034098731,5.961623091257971,-0.0035174184219772552,-0.0006573573589983373,-0.0006370901361897082,0.0009154247861290897,0.7017592467295913,6.0,-2.3718502560727686,True
2007-06-01,2005-10-25,2007-02-02,325,326,2008-03-16,408,2008-10-05,True,0.018528210757366628,6.110776817639856,-0.0009462306333168361,-4.6427597699574656e-05,-0.00012009797555794728,0.00012875964259530565,0.9,13.0,-1.939681362429926,True
2007-06-01,2005-10-11,2007-02-02,335,336,2007-03-03,29,2008-10-05,True,0.01698315814546964,5.9645935654654405,-0.004061665219334525,-0.0007532969451092276,-0.000697078025775584,0.001026340129552616,0.6793274301391985,6.0,-2.394936739721864,True
2007-06-01,2005-09-27,2007-02-02,345,346,2007-02-21,19,2008-10-05,True,0.01814624620752731,5.98872248785833,-0.011503976795939156,-0.002049984479710017,-0.001077957857502269,0.0023161238113716697,0.5186241027979005,6.0,-2.657489664674565,True
2007-06-01,2005-09-13,2007-02-02,355,356,2007-02-22,20,2008-10-05,True,0.01850426077454447,6.013605593919307,-0.019754888040950484,-0.0012771841048786659,-0.003096404316401173,0.003349465469053612,0.44106447383144703,6.123675701135557,-1.962009087788623,True
2007-06-01,2005-08-30,2007-02-02,365,366,2007-02-24,22,2008-10-05,True,0.01847141536533688,6.035838678828943,-0.027904577044567582,0.002753368868977919,-0.0031709289076176164,0.0041995035737360424,0.39448492051321804,6.311934158118228,-0.8557644171697117,True
2007-06-01,2005-08-16,2007-02-02,375,376,2007-02-25,23,2008-10-05,True,0.01830180839254038,6.04203673444839,-0.030669715487149536,0.003770890269341141,-0.0024069539415307976,0.004473593712001834,0.3817212266057814,6.363201033509201,-0.5681052423023549,True
2007-06-01,2005-08-02,2007-02-02,385,386,2007-02-26,24,2008-10-05,True,0.01816442566133555,6.0554371386144,-0.03636783077897323,0.00492734683940475,0.0008328347262634489,0.004997235291344834,0.35967987642984095,6.489381587405066,0.16744040321883283,True
2007-06-01,2005-07-19,2007-02-02,395,396,2007-02-25,23,2008-10-05,True,0.017959035986362927,6.050204854604728,-0.03441401255182895,0.004740096425517799,-0.0009068641417122611,0.004826066379022375,0.3664139044076497,6.430284735614158,-0.18903338546799853,True
2007-06-01,2005-07-05,2007-02-02,405,406,2007-02-24,22,2008-10-05,True,0.017870805246148265,6.040951225381356,-0.030331253192310084,0.003083364249661438,-0.0031595115042707183,0.004414708149097657,0.3830910164206403,6.323783751888582,-0.797595022921601,True
2007-06-01,2005-06-21,2007-02-02,415,416,2007-02-23,21,2008-10-05,True,0.017838578288249828,6.030699796286748,-0.02641330331815747,-0.0004803274589990827,-0.003977778561877254,0.004006674026571015,0.40135097091099037,6.170715725109865,-1.6909671911032869,True
2007-06-01,2005-06-07,2007-02-02,425,426,2007-02-21,19,2008-10-05,True,0.017885823158297707,6.019944746538561,-0.022533245520751102,-0.003183951330319601,-0.0016021613853335586,0.003564332641392762,0.4227172279902802,6.00143738235383,-2.6753890555947653,True
2007-06-01,2005-05-24,2007-02-02,435,436,2007-02-25,23,2008-10-05,True,0.018497717473135524,6.014390346313886,-0.01865127457017851,-0.002510355094090905,-0.0016635336613459385,0.0030115157215029075,0.45135044231205795,6.0,-2.55636300631994,True
2007-06-01,2005-05-10,2007-02-02,445,446,2007-03-08,34,2008-10-05,True,0.01973910553449817,6.008353604310175,-0.013334677679236186,-0.0013943770634478308,-0.0016793487774674955,0.002182773399015795,0.5028629081341465,6.0,-2.263746621202751,True
2007-06-01,2005-04-26,2007-02-02,455,456,2007-03-17,43,2008-10-05,True,0.020603306542751363,6.006550886521924,-0.010340489251581313,-0.0007455385627003213,-0.0015138882058183438,0.0016875085920341694,0.5433746692528747,6.0,-2.0283986406929406,True
2007-06-01,2005-04-12,2007-02-02,465,466,2007-03-22,48,2008-10-05,True,0.020749562441822487,6.009308254924823,-0.009510198829523697,-0.0004887380238044188,-0.0014473406520156633,0.0015276320953977675,0.5583795786049932,6.0,-1.896453786823119,True
2007-06-01,2005-03-29,2007-02-02,475,476,2007-03-23,49,2008-10-05,True,0.020566523364676223,6.010000431172319,-0.009345742458974664,-0.000436088532624066,-0.0014291249987119746,0.0014941791961574464,0.5615528434287591,6.0,-1.8669654333687882,True
2007-06-01,2005-03-11,2007-02-02,485,486,2007-03-26,52,2008-10-05,True,0.020420755418488222,6.011125522495745,-0.009059865094754017,-0.00034895961601241624,-0.0013925674070791084,0.0014356241837147228,0.5671321867076103,6.0,-1.816327605220571,True
2007-06-01,2005-02-25,2007-02-02,495,496,2007-03-25,51,2008-10-05,True,0.020241283429560133,6.010294610536271,-0.009127021393569999,-0.00038479058717601233,-0.0014027383375281614,0.0014545578845651108,0.565536032886081,6.0,-1.8385245397254004,True
2007-06-01,2005-02-11,2007-02-02,505,506,2007-03-24,50,2008-10-05,True,0.02005674090722941,6.010158782573006,-0.009136444021554314,-0.00039052872121893485,-0.0014045558630577577,0.0014578373896106586,0.5653023562148973,6.0,-1.8419905703154238,True
2007-06-01,2005-01-28,2007-02-02,515,516,2007-03-27,53,2008-10-05,True,0.020033795576572713,6.01190380403078,-0.008925313360390933,-0.00030105696563811923,-0.0013666695197496845,0.0013994359123489955,0.5699293646903983,6.0,-1.7876185772839308,True
2007-06-01,2005-01-14,2007-02-02,525,526,2007-04-02,59,2008-10-05,True,0.020425155016908062,6.016895602259427,-0.00855622305621771,-0.00011046938382860679,-0.0012779282476960635,0.0012826940753831381,0.578975510216426,6.0,-1.6570260875041471,True
2007-06-01,2004-12-30,2007-02-02,535,536,2007-04-08,65,2008-10-05,True,0.020784468500420213,6.020635230795258,-0.0079948089396247,5.436714640409755e-05,-0.0011469491581457079,0.0011482369781448743,0.5912032759551247,6.0,-1.523430249971312,True
2007-06-01,2004-12-15,2007-02-02,545,546,2007-05-10,97,2008-10-05,True,0.021104220518491305,6.046556137560385,-0.008285536804874464,0.0004881724375911916,-0.0009234182350166182,0.0010445159479801791,0.5930872761147464,6.0,-1.0844860295760161,True
2007-06-01,2004-12-01,2007-02-02,555,556,2007-05-20,107,2008-10-05,True,0.02123803632442326,6.0480568128820735,-0.007423028146198309,0.0005458097276349939,-0.0007287070102159465,0.0009104516272262078,0.6098451866895462,6.0,-0.9279283368218156,True
2007-06-01,2004-11-17,2007-02-02,565,566,2007-05-28,115,2008-10-05,True,0.021358205509096218,6.048497777747648,-0.006656425536805799,0.0005568595028079154,-0.0005695454730693709,0.0007965391087456361,0.6261926372614219,6.0,-0.796660040083557,True
2007-06-01,2004-11-03,2007-02-02,575,576,2007-06-04,122,2008-10-05,True,0.021428870148956065,6.0490005124524275,-0.0060567867059614505,0.0005479441966092,-0.00044721071621293723,0.0007072766554138415,0.6403625152928191,6.0,-0.6845178572297773,True
2007-06-01,2004-10-20,2007-02-02,585,586,2007-06-13,131,2008-10-05,True,0.02204505958978623,6.046776977966061,-0.005003740524421778,0.00048759837702242023,-0.00028304127799981364,0.0005637947696872206,0.66823372122473,6.0,-0.5259431566356128,True
2007-06-01,2004-10-06,2007-02-02,595,596,2007-06-22,140,2008-10-05,True,0.02218037682030395,6.049798540059925,-0.004593089880400704,0.00046149842425624577,-0.00018707411489311452,0.000497973412999168,0.6816270754193667,6.0,-0.3851205820456115,True
2007-06-01,2004-09-22,2007-02-02,605,606,2007-06-27,145,2008-10-05,True,0.022305889705937134,6.048270241899533,-0.004086608634000022,0.00041363409612516584,-0.00012664680504378013,0.00043258823227762473,0.6985604451986611,6.0,-0.29711753322618717,True
2007-06-01,2004-09-08,2007-02-02,615,616,2007-07-04,152,2008-10-05,True,0.02232639514875152,6.050610333445935,-0.0038314437804422073,0.00038525885996101004,-7.556671705263233e-05,0.0003925999463889033,0.7086125103082396,6.0,-0.19368639093998005,True
2007-06-01,2004-08-25,2007-02-02,625,626,2007-07-12,160,2008-10-05,True,0.022498433418446536,6.053565286730132,-0.0035319267404671107,0.0003460617806207326,-2.245868116571725e-05,0.0003467897754636019,0.7212643962639083,6.0,-0.0648070137831375,True
2007-06-01,2004-08-11,2007-02-02,635,636,2007-07-29,177,2008-10-05,True,0.023175114905753212,6.062136344933293,-0.0032188885663919243,0.0002877637958644244,4.9267661014850794e-05,0.00029195085996135784,0.7367739141976257,6.0,0.16956465698607845,True
2007-06-01,2004-07-28,2007-02-02,645,646,2007-08-07,186,2008-10-05,True,0.023196975438968963,6.069887406915076,-0.0032482822601654607,0.0002708217247842248,8.08547801620326e-05,0.00028263386578779445,0.7371483141173208,6.0,0.29012922403129093,True
2007-06-01,2004-07-14,2007-02-02,655,656,2007-08-13,192,2008-10-05,True,0.023106217268992476,6.075123463221084,-0.003267867995915262,0.0002576946596703092,9.999775561613613e-05,0.00027641651316602083,0.7374030306884262,6.0,0.37016017996932454,True
2007-06-01,2004-06-30,2007-02-02,665,666,2007-08-10,189,2008-10-05,True,0.02296475474911726,6.0725268028880945,-0.0032572991280251195,0.0002644239576657908,9.093718065355506e-05,0.0002796240336824738,0.7373196782298939,6.0,0.3312362441120425,True
2007-06-01,2004-06-16,2007-02-02,675,676,2007-08-03,182,2008-10-05,True,0.022994488412678465,6.06754198339687,-0.0033151089241726067,0.00028798536234824455,6.88827950391171e-05,0.00029610877795035177,0.7336954484750942,6.0,0.23477756313939405,True
2007-06-01,2004-06-02,2007-02-02,685,686,2007-07-27,175,2008-10-05,True,0.02290279988563828,6.058905435357193,-0.003113550508231237,0.0002845252998281112,4.3809631584627507e-05,0.00028787832509909005,0.7409542689819841,6.0,0.15277467302465852,True
2007-06-01,2004-05-18,2007-02-02,695,696,2007-07-29,177,2008-10-05,True,0.022753566430591152,6.061391655827193,-0.0031688211572707637,0.000285350858874124,5.099456133809919e-05,0.0002898716232166671,0.7389279136477677,6.0,0.1768414758433257,True
2007-06-01,2004-05-04,2007-02-02,705,706,2007-07-30,178,2008-10-05,True,0.02267417728552279,6.064458236605477,-0.0032993143861072397,0.000295189022446577,5.689558982768209e-05,0.0003006221334413113,0.7337230904062516,6.0,0.19040794596133898,True
2007-06-01,2006-08-14,2007-02-09,125,126,2007-02-10,1,2008-10-05,True,0.006819954670852709,5.942579638582598,-0.001889273887915472,-0.0003120991286001923,-0.0001702561911164909,0.00035551798363302867,0.8113385216512212,7.588891523542737,-2.642195797374961,True
2007-06-01,2006-07-31,2007-02-09,135,136,2007-02-10,1,2008-10-05,True,0.007838618319129704,5.940849935962995,-0.0014133868638597654,0.0002049303477023406,9.695753629369061e-05,0.00022670953057501696,0.8723437172843442,6.875619124384336,0.44191685727691443,True
2007-06-01,2006-07-17,2007-02-09,145,146,2007-02-22,13,2008-10-05,True,0.009767287420863531,5.952097580529703,-0.0013007762694104725,-0.00014006631471268646,-4.4923043698901624e-05,0.00014709402561751702,0.9,6.0,-2.8312304118268248,True
2007-06-01,2006-07-03,2007-02-09,155,156,2007-02-22,13,2008-10-05,True,0.00988825581112939,5.951652655422744,-0.0012946238396417647,-0.00014507445219260693,-4.108469450537349e-05,0.00015077980236618185,0.9,6.0,-2.865621554503197,True
2007-06-01,2006-06-19,2007-02-09,165,166,2007-05-31,111,2008-10-05,True,0.010290809046209798,6.040360997653351,-0.0014655480364601753,-3.1195918341920346e-05,6.672007403536181e-05,7.365292662535497e-05,0.9,8.556973465213437,2.008160262323161,True
2007-06-01,2006-06-05,2007-02-09,175,176,2007-04-26,76,2008-10-05,True,0.01097366705440338,6.0098175221098185,-0.0014405348573178287,-8.451991391350875e-05,-2.1209622764526234e-05,8.714048396560831e-05,0.9,6.7006853066937175,-2.8957273036613955,True
2007-06-01,2006-05-22,2007-02-09,185,186,2007-03-20,39,2008-10-05,True,0.012043728962087814,5.97290838835956,-0.0013361743825914606,0.00011062054759164696,-7.340836057886135e-05,0.00013276179025740786,0.9,6.225475422947492,-0.5858800678377953,True
2007-06-01,2006-05-08,2007-02-09,195,196,2007-02-22,13,2008-10-05,True,0.016978762470597576,5.953523395126037,-0.0019078806122250248,-0.0003166708394588135,-0.0001573005468507481,0.0003535871640813535,0.8244941333304155,6.0,-2.6805628418201044,True
2007-06-01,2006-04-21,2007-02-09,205,206,2008-10-05,604,2008-10-05,False,0.01873371977719385,3.9909264535879205,0.00514092199189857,0.0011335638658576002,6.711564815115945e-05,0.0011355490073989662,0.9,6.0,0.05913860618154525,True
2007-06-01,2006-04-05,2007-02-09,215,216,2008-10-05,604,2008-10-05,False,0.018522709899463356,4.158897751003373,0.004682494277697402,0.001056667631732307,5.8978017951680835e-05,0.001058312284041091,0.9,6.0,0.055757255310229493,True
2007-06-01,2006-03-22,2007-02-09,225,226,2008-09-24,593,2008-10-05,False,0.01879934271771678,4.541279089890748,0.0036885714543607273,0.0008922642703191048,-3.8767886671512135e-05,0.0008931060839144809,0.9,6.0,-0.04342157379303713,True
2007-06-01,2006-03-08,2007-02-09,235,236,2008-09-22,591,2008-10-05,True,0.019732319223327077,5.985685223272648,-0.0003656396007660822,2.948900560694064e-05,0.00015453121466533668,0.00015731973098639135,0.9,11.954924327646378,1.3822345832821719,True
2007-06-01,2006-02-22,2007-02-09,245,246,2008-08-18,556,2008-10-05,True,0.02005814772169436,6.0921916668070555,-0.000689568132541732,3.434393915267271e-05,0.00012072172189565346,0.00012551191295639622,0.9,13.0,1.2936303265509297,True
2007-06-01,2006-02-08,2007-02-09,255,256,2007-02-21,12,2008-10-05,True,0.018095550599975984,5.9372707750397336,-0.0011316471497741618,-0.00034918014727467074,-0.00017970691125272415,0.00039271026113759137,0.8886005295641342,6.0,-2.666290797805409,True
2007-06-01,2006-01-25,2007-02-09,265,266,2007-02-21,12,2008-10-05,True,0.01779216020531336,5.936833662631615,-0.001087338753759579,-0.0003376948285084421,-0.00017272003137059133,0.00037930199899025604,0.8954472958367127,6.0,-2.6688129487851793,True
2007-06-01,2006-01-11,2007-02-09,275,276,2007-02-21,12,2008-10-05,True,0.017667112515372594,5.937535357754868,-0.0011470388130183828,-0.00035269673437673087,-0.0001795947152734715,0.0003957893987895198,0.886615456685333,6.0,-2.6706086984052373,True
2007-06-01,2005-12-28,2007-02-09,285,286,2007-02-21,12,2008-10-05,True,0.017520943069710346,5.943633826481364,-0.0017703398024497548,-0.0004944490078255329,-0.00027453284078204015,0.000565551148887093,0.8136033439776528,6.0,-2.634743083668818,True
2007-06-01,2005-12-13,2007-02-09,295,296,2007-02-22,13,2008-10-05,True,0.01733416731206789,5.949296840525567,-0.0024913282015801104,-0.0006404996139411437,-0.0003750283336178669,0.0007422169537776325,0.7571682362846271,6.0,-2.6118847676262575,True
2007-06-01,2005-11-29,2007-02-09,305,306,2007-02-22,13,2008-10-05,True,0.017253442239415297,5.956427556565403,-0.00361179373517064,-0.0008437568535941899,-0.0005155821970171269,0.000988812737513112,0.6968583926842365,6.0,-2.5930838016024182,True
2007-06-01,2005-11-15,2007-02-09,315,316,2007-02-22,13,2008-10-05,True,0.017086552703595333,5.961867430996616,-0.004583761347071648,-0.000999976344533686,-0.0006280739102956488,0.0011808596556835277,0.6589159841152307,6.0,-2.5807752844542433,True
2007-06-01,2005-11-01,2007-02-09,325,326,2007-02-23,14,2008-10-05,True,0.016931376590024354,5.966708099486961,-0.005497186019423358,-0.0011316679122132388,-0.0007295110359749255,0.0013464243815165707,0.6305372889917744,6.0,-2.568999279177694,True
2007-06-01,2005-10-18,2007-02-09,335,336,2007-02-23,14,2008-10-05,True,0.01682425595619904,5.962091269218535,-0.004577985777065461,-0.0009898895500298536,-0.0006385601318522416,0.0011779814783134147,0.6591384741812297,6.0,-2.568682356012291,True
2007-06-01,2005-10-04,2007-02-09,345,346,2007-02-21,12,2008-10-05,True,0.01742190122172796,5.973034680704338,-0.007438482450089179,-0.0014761389263962298,-0.0008251963866492942,0.0016911342958385255,0.5828356691791076,6.0,-2.6318479987349224,True
2007-06-01,2005-09-20,2007-02-09,355,356,2007-02-19,10,2008-10-05,True,0.018259124743905505,5.987931619962457,-0.012458595775119928,-0.0022143629208119533,-0.001019326100397577,0.0024377097538506457,0.5038500238057027,6.0,-2.710185896091965,True
2007-06-01,2005-09-06,2007-02-09,365,366,2007-03-02,21,2008-10-05,True,0.01853403497505504,6.039624382557028,-0.027023496384315334,0.003970826958381533,-0.00045942201438787557,0.003997316014617027,0.4011066323014224,6.417413633452252,-0.11518717290179542,True
2007-06-01,2005-08-23,2007-02-09,375,376,2007-03-02,21,2008-10-05,True,0.01832291850773055,6.041094249177492,-0.027645715408514474,0.004051581266613125,-0.00021162605278999495,0.004057104428800162,0.3980172669660689,6.428496711433492,-0.05218552827684415,True
2007-06-01,2005-08-09,2007-02-09,385,386,2007-03-05,24,2008-10-05,True,0.01822466852513508,6.06287199793783,-0.036269900049335106,0.0021230939711859437,0.004341403523325931,0.004832733446284091,0.3631097968410648,6.625942410600456,1.1159599327667182,True
2007-06-01,2005-07-26,2007-02-09,395,396,2007-03-04,23,2008-10-05,True,0.01801339844542059,6.062234413221237,-0.0364960995136776,0.002256559715929244,0.004306149071436855,0.004861582209218637,0.3616964290018511,6.624409738183487,1.0881085066199243,True
2007-06-01,2005-07-12,2007-02-09,405,406,2007-03-04,23,2008-10-05,True,0.017848011430523898,6.055502132080592,-0.03350414592813414,0.003759849006647158,0.00262803698501275,0.00458726966150678,0.3728915730635047,6.541572512482717,0.6100370928250638,True
2007-06-01,2005-06-28,2007-02-09,415,416,2007-03-02,21,2008-10-05,True,0.01782682562044119,6.043184824338212,-0.02864067206289081,0.0038820590582267145,-0.0013646466204155676,0.004114929274018172,0.3933079955013827,6.379544519959458,-0.3380340794884128,True
2007-06-01,2005-06-14,2007-02-09,425,426,2007-02-28,19,2008-10-05,True,0.017802987463064652,6.032182962626672,-0.024709797915744434,0.00115529509408669,-0.003519028398870981,0.0037038179796638543,0.4126989487222785,6.223830636971856,-1.2535830868127202,True
2007-06-01,2005-05-31,2007-02-09,435,436,2007-02-26,17,2008-10-05,True,0.018038599328943354,6.019673759011801,-0.020358263792139668,-0.0025121328288577765,-0.001983543131954436,0.0032008209425315546,0.43909746452685083,6.0139331228850645,-2.4732344838313143,True
2007-06-01,2005-05-17,2007-02-09,445,446,2007-03-01,20,2008-10-05,True,0.0190270525151679,6.012755374701543,-0.016427771576187952,-0.002022754120993126,-0.0017247613047593974,0.0026582580372097086,0.4714624253699293,6.0,-2.4355449618415226,True
2007-06-01,2005-05-03,2007-02-09,455,456,2007-03-14,33,2008-10-05,True,0.020016465157222458,6.013482255140745,-0.012589243693430632,-0.0010293359288915506,-0.0017225785687692767,0.002006691152143309,0.514925734717237,6.0,-2.109416304123917,True
2007-06-01,2005-04-19,2007-02-09,465,466,2007-03-20,39,2008-10-05,True,0.020672741365154776,6.007794142605765,-0.009650081831429583,-0.0005611042351262301,-0.0014578992651598892,0.001562148594094152,0.555280336815327,6.0,-1.93819346622504,True
2007-06-01,2005-04-05,2007-02-09,475,476,2007-03-22,41,2008-10-05,True,0.020535218580390008,6.008276271336986,-0.009379769229328034,-0.000490215788212407,-0.0014306255612038107,0.0015122833780024264,0.5600809555357398,6.0,-1.900915784408825,True
2007-06-01,2005-03-18,2007-02-09,485,486,2007-03-25,44,2008-10-05,True,0.02040360674017522,6.00926563286523,-0.008934800582559957,-0.00037219470830607716,-0.001377096681849694,0.0014265076838392715,0.568383292707187,6.0,-1.8347643922750736,True
2007-06-01,2005-03-04,2007-02-09,495,496,2007-03-25,44,2008-10-05,True,0.020238736638510477,6.008644133701948,-0.008837632705229397,-0.00036992285597605085,-0.0013651675329959278,0.0014143992762016197,0.5698634903891658,6.0,-1.8354143587865757,True
2007-06-01,2005-02-18,2007-02-09,505,506,2007-03-24,43,2008-10-05,True,0.02005430984084259,6.00818809479503,-0.008822645929840752,-0.00037929693475840403,-0.0013635332643708586,0.001415305312560852,0.5699285463962064,6.0,-1.8421092313248406,True
2007-06-01,2005-02-04,2007-02-09,515,516,2007-03-25,44,2008-10-05,True,0.019876430983384312,6.008553349165108,-0.008829193570452604,-0.00037053570186095235,-0.0013634987161587166,0.0014129492047911902,0.5699776697453108,6.0,-1.8361418992407585,True
2007-06-01,2005-01-21,2007-02-09,525,526,2007-03-29,48,2008-10-05,True,0.020150300831833674,6.010887370638933,-0.008325884471932136,-0.00021295273321546965,-0.0012740353538920595,0.0012917100872683483,0.5805448388922322,6.0,-1.7364134995508635,True
2007-06-01,2005-01-07,2007-02-09,535,536,2007-04-05,55,2008-10-05,True,0.020528619291509884,6.018442195429571,-0.00825316525301992,-2.8078860731615713e-05,-0.0012124702977240234,0.0012127953847549749,0.5853506604718816,6.0,-1.5939505786814407,True
2007-06-01,2004-12-22,2007-02-09,545,546,2007-04-11,61,2008-10-05,True,0.020887274003447493,6.023121582742567,-0.007868415661465185,0.00011592592031660896,-0.001098548615609381,0.0011046483059592045,0.5948745243656818,6.0,-1.465659002217116,True
2007-06-01,2004-12-08,2007-02-09,555,556,2007-05-09,89,2008-10-05,True,0.02129487337950906,6.052046153089433,-0.008670346587282766,0.0005106805179791794,-0.0009252172947208943,0.0010567978207273768,0.5888655689678405,6.0,-1.0664515677655109,True
2007-06-01,2004-11-24,2007-02-09,565,566,2007-05-28,108,2008-10-05,True,0.021403534206980646,6.062406904705539,-0.008126055486608566,0.0006532384116068385,-0.0006704439723691055,0.000936063855986701,0.6007791163993415,6.0,-0.7983956861282793,True
2007-06-01,2004-11-10,2007-02-09,575,576,2007-06-03,114,2008-10-05,True,0.02141275328876185,6.062082447142449,-0.007430762925001941,0.0006433363316966465,-0.0005429046045363247,0.000841799884359484,0.6139717247620357,6.0,-0.7009357349987526,True
2007-06-01,2004-10-27,2007-02-09,585,586,2007-06-12,123,2008-10-05,True,0.021690253764198062,6.061834241866718,-0.006506414320638996,0.0006079047342240425,-0.0003783496495917424,0.0007160283676211426,0.6335932946607955,6.0,-0.5567153056506658,True
2007-06-01,2004-10-13,2007-02-09,595,596,2007-06-22,133,2008-10-05,True,0.022181451079604283,6.0610796794695485,-0.005500472025075132,0.000539907451541947,-0.00022170685912234998,0.0005836557098259362,0.6582639118536289,6.0,-0.38964383851465395,True
2007-06-01,2004-09-29,2007-02-09,605,606,2007-06-28,139,2008-10-05,True,0.022183458984239377,6.061857623799105,-0.005105546656961456,0.0005059101052098411,-0.0001556522724751741,0.000529313389666385,0.6694343474622904,6.0,-0.2984765855909563,True
2007-06-01,2004-09-15,2007-02-09,615,616,2007-07-04,145,2008-10-05,True,0.022260549074007867,6.061450558388552,-0.004621637738975614,0.00045760206661056883,-9.463927336825413e-05,0.00046728604026862884,0.6840207323043193,6.0,-0.20394040703483646,True
2007-06-01,2004-09-01,2007-02-09,625,626,2007-07-12,153,2008-10-05,True,0.02231916361063654,6.064996816313915,-0.004347518257208658,0.0004220046790905209,-3.48283365989567e-05,0.0004234394433735995,0.6937941744441833,6.0,-0.08234406947900266,True
2007-06-01,2004-08-18,2007-02-09,635,636,2007-07-25,166,2008-10-05,True,0.022737067667346143,6.0699119345965,-0.003942438287751463,0.00036096232439903426,3.4943348084949e-05,0.000362649744534502,0.7092125200638733,6.0,0.09650536687014857,True
2007-06-01,2004-08-04,2007-02-09,645,646,2007-08-09,181,2008-10-05,True,0.023192440890798853,6.080030683442976,-0.0037497679525129767,0.0003060310393257692,9.85781505027534e-05,0.0003215161718908615,0.7187132242756209,6.0,0.3116231551931473,True
2007-06-01,2004-07-21,2007-02-09,655,656,2007-08-15,187,2008-10-05,True,0.023095443364831603,6.084464673534895,-0.003738286251630823,0.00028958726375683864,0.00011762677733964074,0.00031256494057632606,0.7201004853238637,6.0,0.38582917207031375,True
2007-06-01,2004-07-07,2007-02-09,665,666,2007-08-16,188,2008-10-05,True,0.02294345660102277,6.08544243880432,-0.0037340400700983985,0.00028563169762024093,0.00012162959578042006,0.0003104500366486194,0.720471265929604,6.0,0.40257063931822085,True
2007-06-01,2004-06-23,2007-02-09,675,676,2007-08-10,182,2008-10-05,True,0.022910495234466408,6.080405163708956,-0.003754550846031246,0.00030631372561696756,0.00010076772752091678,0.00032246276282863514,0.7186189190842776,6.0,0.3178175472826384,True
2007-06-01,2004-06-09,2007-02-09,685,686,2007-08-04,176,2008-10-05,True,0.022890859930500114,6.076413778678818,-0.0038106623040999837,0.0003281654547531834,8.081034504238516e-05,0.000337968752341445,0.7156192481303001,6.0,0.24144500510668174,True
2007-06-01,2004-05-25,2007-02-09,695,696,2007-08-03,175,2008-10-05,True,0.022754722475005783,6.075737070070582,-0.003826454114432043,0.00033277430575224924,7.69121337681157e-05,0.0003415467975104671,0.7148739742758887,6.0,0.22713566794293158,True
2007-06-01,2004-05-11,2007-02-09,705,706,2007-08-05,177,2008-10-05,True,0.022629063418296815,6.07672282150513,-0.003793046143620129,0.0003243433351779424,8.275205846770622e-05,0.0003347334794354962,0.7163553171419338,6.0,0.24980782349629896,True
2007-06-01,2004-04-27,2007-02-09,715,716,2007-08-03,175,2008-10-05,True,0.022653502343767822,6.078604334608826,-0.004047359007847085,0.00035507189564856626,8.007867586588065e-05,0.0003639898973981271,0.707327016298089,6.0,0.22181700079572075,True
2007-06-01,2006-08-21,2007-02-16,125,126,2007-02-17,1,2008-10-05,True,0.006769423556398012,5.947181671618185,-0.0016884826627016,-0.0002238278793549965,0.00020439077106402848,0.0003031080778743829,0.8345573336923566,8.553183907156779,2.4015539717079695,True
2007-06-01,2006-08-07,2007-02-16,135,136,2007-02-17,1,2008-10-05,True,0.007797737550593654,5.944889163826467,-0.0012225976463674845,2.7431749343431973e-05,-0.00018590472487083689,0.00018791771497477942,0.9,7.717080894962134,-1.4242953895446602,True
2007-06-01,2006-07-24,2007-02-16,145,146,2007-02-23,7,2008-10-05,True,0.008182559670827197,5.951415181892676,-0.001318111586981487,6.278459217016823e-05,0.0001534010381327817,0.00016575217499082627,0.8911534401261738,6.863204873545833,1.1823122015914471,True
2007-06-01,2006-07-10,2007-02-16,155,156,2007-03-17,29,2008-10-05,True,0.009800070654830897,5.972016791111693,-0.0013493334290557715,-3.146834282544256e-05,-0.00011730376637003883,0.00012145134912703208,0.9,6.0,-1.8328891345318084,True
2007-06-01,2006-06-26,2007-02-16,165,166,2007-03-16,28,2008-10-05,True,0.01009798982680803,5.970808926445591,-0.00134094709203259,-6.675166476856402e-06,-0.00011977138282179636,0.00011995725067931093,0.9,6.056770330227667,-1.6264712959295007,True
2007-06-01,2006-06-12,2007-02-16,175,176,2007-05-23,96,2008-10-05,True,0.01067167892536929,6.036394938585938,-0.0014931224843389456,6.565267009420669e-05,-3.110752752784866e-05,7.264951038647545e-05,0.9,6.97200158255581,-0.4424848656820504,True
2007-06-01,2006-05-29,2007-02-16,185,186,2007-03-19,31,2008-10-05,True,0.011668989454840965,5.972881252493872,-0.0013470429286750703,-9.420907731845112e-06,-0.00012571378804312252,0.00012606629211110745,0.9,6.023324523951564,-1.645595849004188,True
2007-06-01,2006-05-15,2007-02-16,195,196,2007-02-24,8,2008-10-05,True,0.012825969882410655,5.952899288225885,-0.0012984698519354632,-0.00014727940199924658,-9.029524493515327e-05,0.00017275547317279125,0.9,6.0,-2.591605110370026,True
2007-06-01,2006-04-28,2007-02-16,205,206,2007-02-20,4,2008-10-05,True,0.018308121784009552,5.950289626079257,-0.0019696926926136334,-0.0004126642149165735,-0.00018181910611800956,0.00045094339070693115,0.8115356395109705,6.0,-2.726584725096867,True
2007-06-01,2006-04-12,2007-02-16,215,216,2008-10-05,597,2008-10-05,False,0.018810213621980244,4.2695416437395926,0.004408304620050721,0.0010198669230730825,2.4503678371787935e-05,0.0010201612475644745,0.9,6.0,0.024021727156533442,True
2007-06-01,2006-03-29,2007-02-16,225,226,2008-10-05,597,2008-10-05,False,0.01872234858618446,4.475322090190913,0.0038449827868133946,0.0009241273927517643,1.6138648352915803e-05,0.0009242683019582749,0.9,6.0,0.017461886886378564,True
2007-06-01,2006-03-15,2007-02-16,235,236,2007-02-20,4,2008-10-05,True,0.01874242785141437,5.942461284882916,-0.0016636634417795584,-0.000490456280891812,-0.0002513056546008292,0.0005510915491101086,0.8243882977796569,6.0,-2.668081017323766,True
2007-06-01,2006-03-01,2007-02-16,245,246,2007-02-20,4,2008-10-05,True,0.018436795348182676,5.942379532458112,-0.001621367584732406,-0.0004771828376853641,-0.00023180910522407156,0.0005305081732134211,0.8298924960737462,6.0,-2.6893801519690137,True
2007-06-01,2006-02-15,2007-02-16,255,256,2007-02-20,4,2008-10-05,True,0.01811451463620641,5.942738554426165,-0.0016776441308163023,-0.0004909878882103631,-0.00024776604239664355,0.0005499610151039503,0.8235258144910409,6.0,-2.67424981699719,True
2007-06-01,2006-02-01,2007-02-16,265,266,2007-02-20,4,2008-10-05,True,0.017806582497365518,5.942095313594503,-0.0015945358604012392,-0.0004720904518356072,-0.0002296661447136459,0.000524991364445147,0.8325364875988127,6.0,-2.6888132919433874,True
2007-06-01,2006-01-18,2007-02-16,275,276,2007-02-20,4,2008-10-05,True,0.017610297390934806,5.93932908174014,-0.0012732783306055933,-0.0003957068945686979,-0.000178145079136083,0.00043395808049810966,0.8713206701615261,6.0,-2.7185769685167345,True
2007-06-01,2006-01-04,2007-02-16,285,286,2007-02-20,4,2008-10-05,True,0.01751632655606886,5.9449228224673485,-0.0019364345228626307,-0.0005462848009455436,-0.0002773709902306468,0.0006126677321074138,0.7998626181192535,6.0,-2.671771731577953,True
2007-06-01,2005-12-20,2007-02-16,295,296,2007-02-21,5,2008-10-05,True,0.017299733453797247,5.948630793586152,-0.0024329460142727684,-0.0006451024948234458,-0.00034977235070446995,0.0007338241793132499,0.7616679552342978,6.0,-2.6447603051592963,True
2007-06-01,2005-12-06,2007-02-16,305,306,2007-02-21,5,2008-10-05,True,0.017182921940535546,5.954270039183799,-0.0033066282990873433,-0.0008035294754914047,-0.0004658193549701492,0.000928788075638516,0.7111918672291412,6.0,-2.61622096753027,True
2007-06-01,2005-11-22,2007-02-16,315,316,2007-02-22,6,2008-10-05,True,0.017049830359840718,5.959642954529633,-0.004193613938339778,-0.0009437300018879918,-0.000579426447174133,0.00110741199386152,0.6730279259654478,6.0,-2.590960878378196,True
2007-06-01,2005-11-08,2007-02-16,325,326,2007-02-22,6,2008-10-05,True,0.01690430988130185,5.9647988597004185,-0.005179536538960382,-0.0010900578680114455,-0.0006910096490982006,0.0012906279443590535,0.6395788169557058,6.0,-2.5766045474046955,True
2007-06-01,2005-10-25,2007-02-16,335,336,2007-02-22,6,2008-10-05,True,0.01679228089216386,5.963189275827439,-0.0048429442553191175,-0.0010378913868282712,-0.0006589981042655479,0.0012294295556386703,0.6501729184130874,6.0,-2.575877831968289,True
2007-06-01,2005-10-11,2007-02-16,345,346,2007-02-22,6,2008-10-05,True,0.0167645544147478,5.9654730069160475,-0.005336956656078244,-0.0011171397402803475,-0.0007019788179227194,0.0013193845004871858,0.6348675395799512,6.0,-2.5805725337117127,True
2007-06-01,2005-09-27,2007-02-16,355,356,2007-02-23,7,2008-10-05,True,0.01795567940958549,5.980784539211683,-0.009287564512197028,-0.0016765932791464038,-0.000988465442405583,0.0019462859385272649,0.5491125898272096,6.0,-2.608879189553083,True
2007-06-01,2005-09-13,2007-02-16,365,366,2007-02-24,8,2008-10-05,True,0.01837237520145867,5.99848542100306,-0.014915405006571342,-0.0005946931804972759,-0.002625162174831193,0.002691679108492393,0.4783477615464426,6.145125639537933,-1.7935720720955532,True
2007-06-01,2005-08-30,2007-02-16,375,376,2007-02-25,9,2008-10-05,True,0.018372514445045354,6.012817200091979,-0.01999990930213211,0.0023408843696574966,-0.0022984040457510093,0.0032806098197791494,0.4363361758502866,6.322336228120615,-0.7762417728219976,True
2007-06-01,2005-08-16,2007-02-16,385,386,2007-02-25,9,2008-10-05,True,0.01821977828864548,6.018394127261308,-0.022228112496229708,0.0033440619564597007,-0.0011192407793746543,0.003526393382885163,0.4213797299567116,6.402245197792764,-0.32297554338339884,True
2007-06-01,2005-08-02,2007-02-16,395,396,2007-02-26,10,2008-10-05,True,0.018099827845688334,6.026796756030893,-0.02564339062209207,0.0035662203957704842,0.0015506515431521956,0.0038887592005020927,0.4015579413376547,6.530506688712601,0.4101558604496623,True
2007-06-01,2005-07-19,2007-02-16,405,406,2007-02-26,10,2008-10-05,True,0.017898105680887153,6.025157040924831,-0.024972003420163705,0.0037094019989676297,0.0008940081183532703,0.003815614459772712,0.40521174436901286,6.500184579452138,0.23650106429049764,True
2007-06-01,2005-07-05,2007-02-16,415,416,2007-02-25,9,2008-10-05,True,0.01780952715662936,6.019712029033696,-0.022700000457555988,0.0032788612031429336,-0.0013731283861433546,0.003554773179024026,0.41860709405160085,6.388745115037317,-0.39659226595098557,True
2007-06-01,2005-06-21,2007-02-16,425,426,2007-02-24,8,2008-10-05,True,0.017776064218452528,6.012800310027764,-0.020169602957898367,0.0010718325935450902,-0.0030711758828370107,0.003252836671569184,0.43507123454883717,6.243137954003427,-1.2350149145930203,True
2007-06-01,2005-06-07,2007-02-16,435,436,2007-02-24,8,2008-10-05,True,0.017822777530182656,6.0065719433477245,-0.01785638897499669,-0.0014996221567518415,-0.00254297661852479,0.002952218944350981,0.45256096978033306,6.090642710337701,-2.103616288514611,True
2007-06-01,2005-05-24,2007-02-16,445,446,2007-02-24,8,2008-10-05,True,0.01838419241879907,5.999260531022756,-0.014855901731784017,-0.002132237321389777,-0.0013669814902223438,0.0025327997136248164,0.4797782061583919,6.0,-2.5714981117602775,True
2007-06-01,2005-05-10,2007-02-16,455,456,2007-03-10,22,2008-10-05,True,0.019574114742675168,6.016621874130209,-0.014690699491156478,-0.0014220886111399934,-0.0018357528217150696,0.0023221379029611734,0.49157942093207163,6.0,-2.2298954173225747,True
2007-06-01,2005-04-26,2007-02-16,465,466,2007-03-19,31,2008-10-05,True,0.020401078917710324,6.013760737857262,-0.011179035693121231,-0.0007078087097416338,-0.001623179728479392,0.0017707923651666643,0.5344270373008532,6.0,-1.982000039926128,True
2007-06-01,2005-04-12,2007-02-16,475,476,2007-03-23,35,2008-10-05,True,0.02054021357187698,6.010198561399607,-0.009583566635282714,-0.0004793411721780239,-0.0014559967057073755,0.001532871281737554,0.5575713261607659,6.0,-1.8888390457383473,True
2007-06-01,2005-03-29,2007-02-16,485,486,2007-03-24,36,2008-10-05,True,0.020362797571392456,6.009601230700113,-0.009263773456829515,-0.00043022088990208934,-0.0014180501015409288,0.0014818758735428497,0.5627436132246806,6.0,-1.8653594448047062,True
2007-06-01,2005-03-11,2007-02-16,495,496,2007-03-25,37,2008-10-05,True,0.020222733697112822,6.008659995870921,-0.008735939472110522,-0.00034913885964113424,-0.001351076911102445,0.0013954593376467965,0.5717226674885574,6.0,-1.8236793964831854,True
2007-06-01,2005-02-25,2007-02-16,505,506,2007-03-24,36,2008-10-05,True,0.02004882753084457,6.008927246636583,-0.008927185175105363,-0.00038071651163247,-0.0013767525700921351,0.00142842315211036,0.5683748638051153,6.0,-1.8405865169005728,True
2007-06-01,2005-02-11,2007-02-16,515,516,2007-03-25,37,2008-10-05,True,0.019870487312588125,6.009738069746453,-0.009006445942030972,-0.0003737659194951264,-0.0013872845497537101,0.0014367530701416273,0.5672832125763572,6.0,-1.8339699888773835,True
2007-06-01,2005-01-28,2007-02-16,525,526,2007-03-26,38,2008-10-05,True,0.019851924136299045,6.008703689745016,-0.008495194164141438,-0.00029879093769103393,-0.0013118645300974497,0.0013454607276966839,0.5762108366494303,6.0,-1.7947367062126434,True
2007-06-01,2005-01-14,2007-02-16,535,536,2007-03-31,43,2008-10-05,True,0.020249005209869574,6.010187561862209,-0.007744465764268185,-0.00012525235345750606,-0.0011790001825428276,0.0011856346749663932,0.5916220706438434,6.0,-1.6766354241466666,True
2007-06-01,2004-12-30,2007-02-16,545,546,2007-04-07,50,2008-10-05,True,0.020611719234207453,6.0162882340566215,-0.007505703208084413,3.615364831423208e-05,-0.001091383937464336,0.001091982593836361,0.59922366787503,6.0,-1.5376820108781788,True
2007-06-01,2004-12-15,2007-02-16,555,556,2007-04-15,58,2008-10-05,True,0.020983150597629396,6.025388692931529,-0.007531017590126527,0.00019257329804216303,-0.001011366876959677,0.0010295374859275433,0.6024454893436645,6.0,-1.3826397153565662,True
2007-06-01,2004-12-01,2007-02-16,565,566,2007-04-24,67,2008-10-05,True,0.02127616639847878,6.033858718838171,-0.007466662815726418,0.00032230401428510753,-0.0009069836895770058,0.0009625483316608123,0.6069276961736432,6.0,-1.2293561285593975,True
2007-06-01,2004-11-17,2007-02-16,575,576,2007-06-04,108,2008-10-05,True,0.021437040480282332,6.073422115563325,-0.008698213977581443,0.0007284564988107163,-0.0006196314022203623,0.0009563430060794818,0.5939609517611257,6.0,-0.7048473133504446,True
2007-06-01,2004-11-03,2007-02-16,585,586,2007-06-11,115,2008-10-05,True,0.0214710065180451,6.073833190667546,-0.00794123611927191,0.0007109327945732334,-0.00047617385133610305,0.0008556675610866434,0.6074799917836787,6.0,-0.5901600231150099,True
2007-06-01,2004-10-20,2007-02-16,595,596,2007-06-23,127,2008-10-05,True,0.022017146573874248,6.073058269617603,-0.0066635354161404545,0.0006371899841793862,-0.000272666953788127,0.0006930788870154848,0.6331703890468697,6.0,-0.404342128473521,True
2007-06-01,2004-10-06,2007-02-16,605,606,2007-06-30,134,2008-10-05,True,0.022116931921392642,6.072582854312665,-0.005989417598698559,0.0005825222851952789,-0.00017748665126963428,0.0006089611844182178,0.6487696646175615,6.0,-0.2957507314611378,True
2007-06-01,2004-09-22,2007-02-16,615,616,2007-07-07,141,2008-10-05,True,0.022215931147572494,6.073634396222197,-0.005459767163072112,0.0005306087843191564,-9.610091914974569e-05,0.0005392411971076385,0.662601029984871,6.0,-0.1791722049624369,True
2007-06-01,2004-09-08,2007-02-16,625,626,2007-07-13,147,2008-10-05,True,0.02221796426756074,6.07358933541592,-0.00503643463339242,0.0004844105808500532,-4.651806583628364e-05,0.0004866390256531372,0.6744388839408672,6.0,-0.09573667491935327,True
2007-06-01,2004-08-25,2007-02-16,635,636,2007-07-21,155,2008-10-05,True,0.022369029826689018,6.075600413449556,-0.004606387752701633,0.0004289097028929487,1.2516613570618155e-05,0.00042909229642466634,0.6879376292057794,6.0,0.029174118001460005,True
2007-06-01,2004-08-11,2007-02-16,645,646,2007-08-06,171,2008-10-05,True,0.023017211740512307,6.082309339060107,-0.0040988349733379215,0.00034427754652656417,9.043991053739753e-05,0.00035595843361320016,0.7063876963824849,6.0,0.25689053502455766,True
2007-06-01,2004-07-28,2007-02-16,655,656,2007-08-13,178,2008-10-05,True,0.023035032340906998,6.086538082771243,-0.003973973752067643,0.0003135315700135168,0.0001166318028408328,0.00033452208122789693,0.7117635692114712,6.0,0.35613250391131873,True
2007-06-01,2004-07-14,2007-02-16,665,666,2007-08-22,187,2008-10-05,True,0.02294582040003694,6.096988142339869,-0.004175154165972758,0.0003010725858627537,0.00015287090668619847,0.0003376599118479207,0.7067536713132079,6.0,0.4698318057606299,True
2007-06-01,2004-06-30,2007-02-16,675,676,2007-08-13,178,2008-10-05,True,0.02280823333135229,6.084857585265985,-0.003820396682035218,0.0002992046903187801,0.00011585426758952956,0.00032085145788583134,0.7171414215859754,6.0,0.3694298558971583,True
2007-06-01,2004-06-16,2007-02-16,685,686,2007-08-09,174,2008-10-05,True,0.022844605640679177,6.084565992518936,-0.004090079561477017,0.0003376359871977583,0.0001038193666991603,0.000353237201824524,0.7071888654925622,6.0,0.29831323624230854,True
2007-06-01,2004-06-02,2007-02-16,695,696,2007-08-09,174,2008-10-05,True,0.022760620739149053,6.089264014501697,-0.004437965792076039,0.00036867271771441514,0.00011075326620813605,0.00038494916386803995,0.696302402766923,6.0,0.2918336329387917,True
2007-06-01,2004-05-18,2007-02-16,705,706,2007-08-06,171,2008-10-05,True,0.022611506236430465,6.082311284565568,-0.0041063003451538875,0.0003482350693049189,9.243717674420012e-05,0.00036029473370872376,0.7061504109346529,6.0,0.2594612671690788,True
2007-06-01,2004-05-04,2007-02-16,715,716,2007-08-05,170,2008-10-05,True,0.022535408814452144,6.082139997520232,-0.004119876327156081,0.00035095767577669734,9.119593102687612e-05,0.0003626127245732562,0.7056379105094588,6.0,0.2542264275967802,True
2007-06-01,2006-08-28,2007-02-23,125,126,2007-02-24,1,2008-10-05,True,0.006857779787872792,5.948700350996856,-0.001253295796929254,-7.765626805864077e-05,0.00020807832189858667,0.00022209701486721367,0.8879475673102322,9.664028565636032,1.927994049113843,True
2007-06-01,2006-08-14,2007-02-23,135,136,2007-03-06,11,2008-10-05,True,0.007278331272318113,5.95773699223329,-0.0012279307382137019,0.00011112489277183266,0.00013244836147517693,0.00017289103577401127,0.9,9.272815843685933,0.8727199156160573,True
2007-06-01,2006-07-31,2007-02-23,145,146,2007-02-28,5,2008-10-05,True,0.00794256111029737,5.953916282541816,-0.0012454059941227578,9.25741227849766e-05,-0.0001321768320576616,0.00016137125872412104,0.9,7.662469846154932,-0.9598148000585125,True
2007-06-01,2006-07-17,2007-02-23,155,156,2007-03-27,32,2008-10-05,True,0.009576911537345054,5.979108677507821,-0.0013529263307831738,0.00011509973310263718,1.4508611936166389e-05,0.00011601055288469485,0.9,6.313737630928106,0.12539119184028308,True
2007-06-01,2006-07-03,2007-02-23,165,166,2007-02-24,1,2008-10-05,True,0.009719689042468945,5.951223843495856,-0.0012792043505050904,-0.0001454229748809705,-4.931543190237106e-05,0.000153557329512299,0.9,6.0,-2.8146456836169444,True
2007-06-01,2006-06-19,2007-02-23,175,176,2007-03-25,30,2008-10-05,True,0.010002154503020421,5.977511168015238,-0.001355665723509433,8.959346352979453e-06,-0.00011326238687092715,0.0001136161879609249,0.9,6.008156025558428,-1.491858123338463,True
2007-06-01,2006-06-05,2007-02-23,185,186,2007-08-16,174,2008-10-05,True,0.01095768341523383,6.110795768499975,-0.001543774243199052,4.316166236791193e-05,2.6865559177371827e-05,5.083982069475159e-05,0.9,10.04758937960102,0.5567565327185873,True
2007-06-01,2006-05-22,2007-02-23,195,196,2007-03-30,35,2008-10-05,True,0.011777239026156738,5.980815244309325,-0.0013479301818199111,4.6883514372037536e-06,0.00012534399092278812,0.00012543164154092348,0.9,6.565187591424985,1.5334098767282145,True
2007-06-01,2006-05-08,2007-02-23,205,206,2007-02-24,1,2008-10-05,True,0.016624059481618606,5.950488339618077,-0.001527059703141167,-0.0002584444770970146,-0.00013937680916679702,0.0002936314742589204,0.8608427477581556,6.0,-2.6470083984532615,True
2007-06-01,2006-04-21,2007-02-23,215,216,2008-10-05,590,2008-10-05,False,0.019033629416863988,4.423687245098262,0.004007211036053223,0.0009584835020622936,-4.020736154552659e-06,0.0009584919353050517,0.9,6.0,-0.004194868833607516,True
2007-06-01,2006-04-05,2007-02-23,225,226,2008-10-05,590,2008-10-05,False,0.018734310125905936,4.4964009695956895,0.003806793443491213,0.0009241145322660322,-5.485786761810383e-06,0.0009241308146586518,0.9,6.0,-0.005936193116068959,True
2007-06-01,2006-03-22,2007-02-23,235,236,2008-10-05,590,2008-10-05,False,0.018801645104986706,4.709592243936053,0.0032215437473105835,0.0008232819480180583,-1.2607656879987019e-05,0.0008233784785530967,0.9,6.0,-0.015312702392277354,True
2007-06-01,2006-03-08,2007-02-23,245,246,2007-02-24,1,2008-10-05,True,0.018467493784430536,5.944799463208948,-0.0016401962899644025,-0.00045394630883651115,-0.0002792432961906726,0.0005329578499034656,0.8275522315446543,6.0,-2.590110698378027,True
2007-06-01,2006-02-22,2007-02-23,255,256,2007-02-24,1,2008-10-05,True,0.01815828504795826,5.944978855106711,-0.0016640689438729872,-0.0004586137334880277,-0.00028336216887451886,0.0005390924552366682,0.8250920093177867,6.0,-2.5881393316870476,True
2007-06-01,2006-02-08,2007-02-23,265,266,2008-07-31,524,2008-10-05,True,0.020540095470129992,6.147644763864184,-0.0008607781607369473,7.947466493933559e-05,8.31318404077129e-05,0.00011500923987572957,0.9,13.0,0.8078853264751672,True
2007-06-01,2006-01-25,2007-02-23,275,276,2007-02-24,1,2008-10-05,True,0.017562848836780488,5.943796664602164,-0.001481072295935377,-0.0004178741111911405,-0.00024568612792015673,0.00048474781717526615,0.8456968788725894,6.0,-2.61008582279247,True
2007-06-01,2006-01-11,2007-02-23,285,286,2007-02-24,1,2008-10-05,True,0.01744849577126911,5.943619559826463,-0.001449312443747468,-0.00041054611555545954,-0.0002379695283906106,0.00047452882888200415,0.8496477034419456,6.0,-2.616277228789909,True
2007-06-01,2005-12-28,2007-02-23,295,296,2007-02-24,1,2008-10-05,True,0.017284009967274926,5.946869893737234,-0.00188722558357829,-0.0005022529372441756,-0.0003087550214962135,0.0005895656674786356,0.8044997625880963,6.0,-2.5904052857575173,True
2007-06-01,2005-12-13,2007-02-23,305,306,2007-02-24,1,2008-10-05,True,0.017098893920200937,5.9500429599335645,-0.00237305725691882,-0.0005956360368926138,-0.00038110617494550186,0.0007071238965179516,0.7658284390290861,6.0,-2.5723996332802086,True
2007-06-01,2005-11-29,2007-02-23,315,316,2007-02-24,1,2008-10-05,True,0.01703302399066299,5.954416459498501,-0.0031092302197564103,-0.0007221800311457535,-0.0004845763008129063,0.0008696885584479088,0.7208401609493492,6.0,-2.550602253347855,True
2007-06-01,2005-11-15,2007-02-23,325,326,2007-02-24,1,2008-10-05,True,0.016892209555268715,5.957743531854635,-0.003755410283230913,-0.000825503930502109,-0.0005655791367665909,0.0010006680264803473,0.689756537765552,6.0,-2.540915082665927,True
2007-06-01,2005-11-01,2007-02-23,335,336,2007-02-24,1,2008-10-05,True,0.016766466261062696,5.960671609691705,-0.0043816701008124416,-0.0009204386915994097,-0.0006364307899857087,0.0011190404529931287,0.6646090601111345,6.0,-2.536632832246355,True
2007-06-01,2005-10-18,2007-02-23,345,346,2007-02-24,1,2008-10-05,True,0.016646671991828906,5.958402608837783,-0.0038960038119574022,-0.0008451036769849005,-0.0005855287243943475,0.0010281265058076612,0.6836558071299104,6.0,-2.5356825689005276,True
2007-06-01,2005-10-04,2007-02-23,355,356,2007-02-24,1,2008-10-05,True,0.01731296722228762,5.965875960437423,-0.0056071213261358905,-0.0011082415172913001,-0.0007394092477840536,0.001332263223374684,0.6251588389479127,6.0,-2.5532268371646465,True
2007-06-01,2005-09-20,2007-02-23,365,366,2007-03-03,8,2008-10-05,True,0.01825558653539241,5.99473940710814,-0.011393109609419355,0.0006831608212880562,-0.0020412566899074094,0.0021525421208038473,0.5208747119194416,6.2073634293680815,-1.2478373320476241,True
2007-06-01,2005-09-06,2007-02-23,375,376,2007-03-27,32,2008-10-05,True,0.01854393652459186,6.090080211500197,-0.03680683790989872,-0.004168497358481111,-0.0017057958992057164,0.004504010421547783,0.3717701773012618,6.953927436270551,-2.75317087499889,True
2007-06-01,2005-08-23,2007-02-23,385,386,2007-03-27,32,2008-10-05,True,0.018337328749934254,6.08963161878555,-0.03673730354412541,-0.004236968444873842,-0.0015163523875510775,0.004500136238614173,0.3718959894773846,6.947125667946697,-2.7979096452614862,True
2007-06-01,2005-08-09,2007-02-23,395,396,2007-03-31,36,2008-10-05,True,0.018221906372305686,6.120324364887821,-0.04906416755740482,0.0008925478260650658,-0.0053019136576845285,0.00537651653539308,0.3368323991052954,7.174871535114926,-1.4040156409797164,True
2007-06-01,2005-07-26,2007-02-23,405,406,2007-03-31,36,2008-10-05,True,0.018012722604943545,6.122117472142188,-0.05011817880431267,0.0011275117643772337,-0.005336482923634252,0.005454294892380594,0.3340562018516775,7.183239327113609,-1.362574987249048,True
2007-06-01,2005-07-12,2007-02-23,415,416,2007-03-28,33,2008-10-05,True,0.01786246189210966,6.105579930692286,-0.043485485941657465,-0.0031421915822431815,-0.0038814056007285165,0.004993863972605442,0.35081349549301877,7.038288661072713,-2.251333323088829,True
2007-06-01,2005-06-28,2007-02-23,425,426,2007-03-27,32,2008-10-05,True,0.01786115784158516,6.0902524722895865,-0.03689163368417411,-0.004462257086732021,-2.6589840248963763e-05,0.004462336308224046,0.3716149937547445,6.887694085611679,-3.135633892132452,True
2007-06-01,2005-06-14,2007-02-23,435,436,2007-03-25,30,2008-10-05,True,0.017858031285507475,6.074900609504189,-0.031231098712062942,-0.002053025612262961,0.003406081935875459,0.003976972255184189,0.3926121440714072,6.7151747357185405,2.1132375272778687,True
2007-06-01,2005-05-31,2007-02-23,445,446,2007-03-03,8,2008-10-05,True,0.01808039585756518,6.008584226882777,-0.01610014740415727,-8.427206566959068e-05,-0.0026129256981274967,0.002614284316019833,0.47018007584609195,6.14671573311964,-1.6030371456849828,True
2007-06-01,2005-05-17,2007-02-23,455,456,2007-03-03,8,2008-10-05,True,0.018965233032759238,5.999567579999686,-0.012787238805714633,-0.0015780119248958759,-0.001466694155687339,0.002154370762297192,0.5043561398099331,6.0,-2.3927393014249314,True
2007-06-01,2005-05-03,2007-02-23,465,466,2007-03-17,22,2008-10-05,True,0.01984101592229166,6.017643042608539,-0.012874934085397983,-0.0009438953860035049,-0.001775034656469028,0.0020103946208107565,0.5132480301047964,6.0,-2.05952923812026,True
2007-06-01,2005-04-19,2007-02-23,475,476,2007-03-22,27,2008-10-05,True,0.020470512776457034,6.012520262336387,-0.010152143327785077,-0.000531985086599647,-0.0015203193859434079,0.0016107076605144008,0.5494708427085645,6.0,-1.9073969021566877,True
2007-06-01,2005-04-05,2007-02-23,485,486,2007-03-23,28,2008-10-05,True,0.020337422513880914,6.011963270398059,-0.009800395904680542,-0.00047594286454210656,-0.0014815663814780385,0.0015561364185168582,0.5548778052466565,6.0,-1.8816264257822723,True
2007-06-01,2005-03-18,2007-02-23,495,496,2007-03-25,30,2008-10-05,True,0.02020803904469722,6.011069360031998,-0.009109648765823439,-0.0003598848932311171,-0.0013973174344268763,0.0014429182752080177,0.5661436435281326,6.0,-1.8228720368522648,True
2007-06-01,2005-03-04,2007-02-23,505,506,2007-03-25,30,2008-10-05,True,0.02004851244299537,6.0106173957886755,-0.009049443242203642,-0.0003611477843047284,-0.0013901623222757583,0.0014363074198733864,0.5670308925813862,6.0,-1.8249659975908816,True
2007-06-01,2005-02-18,2007-02-23,515,516,2007-03-25,30,2008-10-05,True,0.019869835467665353,6.010872605901667,-0.009100255069533474,-0.00036403989615013243,-0.0013968013506409172,0.0014434607923810364,0.5662364166908923,6.0,-1.8257487454521308,True
2007-06-01,2005-02-04,2007-02-23,525,526,2007-03-25,30,2008-10-05,True,0.019697095887274613,6.01065729286167,-0.009065398645954832,-0.00036312528191593954,-0.0013917292619769256,0.0014383220463475377,0.5667675863685879,6.0,-1.826022764715695,True
2007-06-01,2005-01-21,2007-02-23,535,536,2007-03-29,34,2008-10-05,True,0.019970716544163665,6.009531821790756,-0.008109903742771304,-0.00020461593057715592,-0.0012456471189976944,0.0012623408510038846,0.5839890742150198,6.0,-1.7336071119131806,True
2007-06-01,2005-01-07,2007-02-23,545,546,2007-04-02,38,2008-10-05,True,0.020360200954854985,6.008354703992217,-0.007150159176367819,-6.621691521598852e-05,-0.0010837550294277316,0.0010857760559482902,0.6034574066059505,6.0,-1.6318199882605677,True
2007-06-01,2004-12-22,2007-02-23,555,556,2007-04-07,43,2008-10-05,True,0.0207311086403052,6.0095483330806,-0.00646006007399202,5.404452868649042e-05,-0.0009437453269520974,0.0009452915175885511,0.6199349556632314,6.0,-1.5135927938964704,True
2007-06-01,2004-12-08,2007-02-23,565,566,2007-04-21,57,2008-10-05,True,0.021105122627483174,6.027309315818101,-0.00706871359095445,0.00026307803964810704,-0.0009015904845736571,0.000939188722685091,0.6126966802378077,6.0,-1.286885539884675,True
2007-06-01,2004-11-24,2007-02-23,575,576,2007-05-03,69,2008-10-05,True,0.0213514658306367,6.043941606587318,-0.007704108161367128,0.00043587658292362747,-0.0008364069096347794,0.0009431674899115108,0.6052796803981771,6.0,-1.0903881035703842,True
2007-06-01,2004-11-10,2007-02-23,585,586,2007-06-07,104,2008-10-05,True,0.02139954055304536,6.080105973423027,-0.009052611697065664,0.0007671026723972216,-0.0005866835924352889,0.0009657350297217842,0.590135479686926,6.0,-0.6529088699787516,True
2007-06-01,2004-10-27,2007-02-23,595,596,2007-06-20,117,2008-10-05,True,0.02164219469386585,6.0822978174623,-0.00801474065039213,0.0007372547610768009,-0.0003742720794218783,0.0008268156820992133,0.6084591761255197,6.0,-0.46975393191119547,True
2007-06-01,2004-10-13,2007-02-23,605,606,2007-07-01,128,2008-10-05,True,0.02208807579283501,6.081781970801661,-0.006784291996351444,0.0006489386167450482,-0.00019179549244994565,0.0006766881403032668,0.6328030490187763,6.0,-0.28737162901858054,True
2007-06-01,2004-09-29,2007-02-23,615,616,2007-07-06,133,2008-10-05,True,0.022074138253698243,6.080584438044369,-0.006236230731852281,0.0005990836897815735,-0.00013039620707063415,0.0006131104616467674,0.6449080710308128,6.0,-0.21431668368339335,True
2007-06-01,2004-09-15,2007-02-23,625,626,2007-07-12,139,2008-10-05,True,0.022133223534289884,6.080579238900236,-0.005670445239423926,0.0005408798157381943,-6.0357465520144166e-05,0.000544237079513146,0.6588273045001972,6.0,-0.11113149937164776,True
2007-06-01,2004-09-01,2007-02-23,635,636,2007-07-19,146,2008-10-05,True,0.022178893397901616,6.080765547657898,-0.005189704938894905,0.0004856557373820891,-6.803210361079571e-06,0.000485703385744178,0.6718129605931885,6.0,-0.01400738195056984,True
2007-06-01,2004-08-18,2007-02-23,645,646,2007-07-31,158,2008-10-05,True,0.022578525739174,6.084636816693151,-0.004627952759393398,0.0004050746095812045,6.890242296961156e-05,0.00041089290967166676,0.689296307334792,6.0,0.16848550379531668,True
2007-06-01,2004-08-04,2007-02-23,655,656,2007-08-12,170,2008-10-05,True,0.023022333284983876,6.087619943240759,-0.004092359811989802,0.000325295550718777,0.00011613691248508622,0.0003454055265322212,0.7077738761726997,6.0,0.34291469052447004,True
2007-06-01,2004-07-21,2007-02-23,665,666,2007-08-17,175,2008-10-05,True,0.022927033065676505,6.089890451662237,-0.003981445756698605,0.0003024331101670818,0.00013043303443528796,0.0003293608395018012,0.7122041774157666,6.0,0.407176931608996,True
2007-06-01,2004-07-07,2007-02-23,675,676,2007-08-22,180,2008-10-05,True,0.02278039367331922,6.096341246571552,-0.004168378825442581,0.0003027848975718229,0.00015066928234771035,0.0003382010154342434,0.7068347820342558,6.0,0.4617350774271333,True
2007-06-01,2004-06-23,2007-02-23,685,686,2007-08-12,170,2008-10-05,True,0.02274988986817713,6.08764102457265,-0.004089788842032653,0.00032582176388603256,0.00011718595248972023,0.00034625477510458755,0.7078788779674443,6.0,0.3452569938799279,True
2007-06-01,2004-06-09,2007-02-23,695,696,2007-08-07,165,2008-10-05,True,0.022735224346603806,6.085568794189915,-0.0042489913913897484,0.00035591202271674017,0.00010070647184051267,0.0003698853354553075,0.7019393996970494,6.0,0.27574516740203153,True
2007-06-01,2004-05-25,2007-02-23,705,706,2007-08-07,165,2008-10-05,True,0.022603055786785814,6.086466307745924,-0.004336003904600905,0.0003648488888281118,0.00010105458501593836,0.000378585183059046,0.6991752065488358,6.0,0.27020285973992514,True
2007-06-01,2004-05-11,2007-02-23,715,716,2007-08-06,164,2008-10-05,True,0.022480127737403342,6.082789417936399,-0.004107372567459731,0.00034591563012918746,9.354014109364382e-05,0.0003583397566046665,0.7063095566176929,6.0,0.2640968881744586,True
2007-06-01,2004-04-27,2007-02-23,725,726,2007-08-04,162,2008-10-05,True,0.02250707119861507,6.084847754845136,-0.0043821025638580546,0.00037834781988186033,9.154978545094399e-05,0.0003892665359692129,0.6973319187198153,6.0,0.23740925991369674,True
2007-06-01,2006-09-04,2007-03-02,125,126,2007-04-20,49,2008-10-05,True,0.010974350535173953,5.984174928935753,-0.0011841747499631008,-9.086996986232396e-05,-0.00011608658048150619,0.00014742267665006248,0.9,13.0,-2.234947202749685,True
2007-06-01,2006-08-21,2007-03-02,135,136,2007-06-21,111,2008-10-05,True,0.01093032948966737,6.030506073804245,-0.0012527173354866812,3.044285766112115e-06,9.912449624701148e-05,9.917123288559815e-05,0.9,13.0,1.540094237119255,True
2007-06-01,2006-08-07,2007-03-02,145,146,2007-06-25,115,2008-10-05,True,0.01087803141499666,6.036278041518356,-0.0012818516478900102,-3.174239596665107e-05,9.198148760057306e-05,9.730454132730929e-05,0.9,13.0,1.9030952027272912,True
2007-06-01,2006-07-24,2007-03-02,155,156,2008-09-26,574,2008-10-05,True,0.01200828371175741,6.115309800749394,-0.0009869447061412679,-0.00010949918504800653,0.0001975697631531762,0.0002258846671170483,0.8619627865020919,6.251521667514829,2.076881705360885,True
2007-06-01,2006-07-10,2007-03-02,165,166,2008-09-24,572,2008-10-05,True,0.012385915566766588,6.304427097058131,-0.0013403141337847272,8.124415480053387e-05,0.00011847030803076926,0.00014365175451124313,0.9,6.0,0.9696802475407265,True
2007-06-01,2006-06-26,2007-03-02,175,176,2008-09-26,574,2008-10-05,True,0.012612588950336174,6.097614726149375,-0.0009275577900642995,-0.00011373086899477678,0.00020992644893496687,0.00023875473717761567,0.8619724794429375,6.251527779639561,2.0672953483981016,True
2007-06-01,2006-06-12,2007-03-02,185,186,2008-10-01,579,2008-10-05,True,0.012566253822418773,6.255857860986061,-0.0017160222143281906,0.00015468377109165957,0.0001601112098713552,0.0002226267471927084,0.8431110354142791,6.0,0.8026376412153722,True
2007-06-01,2006-05-29,2007-03-02,195,196,2007-04-11,40,2008-10-05,True,0.013384934421448112,5.984132183534672,-0.001304729946531044,-0.0001290877676210671,1.6802732923582163e-05,0.00013017673979283647,0.9,6.750924231576408,3.0121552149577897,True
2007-06-01,2006-05-15,2007-03-02,205,206,2007-04-22,51,2008-10-05,True,0.014207700711201131,5.991896682444014,-0.0012952413412964268,-4.1917658748183835e-05,0.00013364579602986236,0.00014006530231068924,0.9,7.645084489746487,1.8747261872700913,True
2007-06-01,2006-04-28,2007-03-02,215,216,2008-10-05,583,2008-10-05,False,0.018986914026446897,4.505890003260392,0.0037665394694064475,0.0009153876881886982,1.0153056545876647e-05,0.0009154439929589757,0.9,6.0,0.011091082343763175,True
2007-06-01,2006-04-12,2007-03-02,225,226,2008-10-05,583,2008-10-05,False,0.01895930771323478,4.36888975005005,0.0041497672391231245,0.0009806251192037427,6.446604108876434e-06,0.000980646308878941,0.9,6.0,0.006573879372576841,True
2007-06-01,2006-03-29,2007-03-02,235,236,2008-10-05,583,2008-10-05,False,0.018840589726964663,4.52580763213655,0.00371541352562347,0.0009053249477784272,5.240409931677901e-06,0.0009053401145239639,0.9,6.0,0.005788365180327811,True
2007-06-01,2006-03-15,2007-03-02,245,246,2008-09-27,575,2008-10-05,False,0.019216287170515302,5.228097359520229,0.001769488391738993,0.00048384277922100256,0.00018474127149411824,0.0005179123211486355,0.9,7.020568151372903,0.3647371614725817,True
2007-06-01,2006-03-01,2007-03-02,255,256,2008-09-27,575,2008-10-05,True,0.02021886148107664,6.065095492696115,-0.0005721955520942639,-0.00011460984368452906,-7.526219788513047e-05,0.00013711241628639153,0.9,12.3128106602268,-2.5605345453502797,True
2007-06-01,2006-02-15,2007-03-02,265,266,2007-03-03,1,2008-10-05,True,0.018719267262242177,5.940343274516401,-0.001038698379751873,-0.0002666952401836301,-0.0002328870079103793,0.00035406596785070044,0.9,6.0,-2.4237644728259387,True
2007-06-01,2006-02-01,2007-03-02,275,276,2007-03-03,1,2008-10-05,True,0.01843640883639093,5.940798367930285,-0.0010458364564231992,-0.0002696695017644238,-0.00022679043895465844,0.00035235712477984496,0.9,6.0,-2.442350314969952,True
2007-06-01,2006-01-18,2007-03-02,285,286,2007-03-03,1,2008-10-05,True,0.018274270652490092,5.941493015116833,-0.001055639230070772,-6.453813781654656e-05,-0.0003473731471771419,0.0003533175266139225,0.9,6.126464092935618,-1.7544909537178464,True
2007-06-01,2006-01-04,2007-03-02,295,296,2007-03-03,1,2008-10-05,True,0.018123694706754605,5.940824268475459,-0.001046620515529637,-0.0002686048149284277,-0.00022466888795158132,0.0003501780344569532,0.9,6.0,-2.4450301374711323,True
2007-06-01,2005-12-20,2007-03-02,305,306,2007-03-03,1,2008-10-05,True,0.01790588851970105,5.940243402311813,-0.001038145062343232,-0.0002610053738405935,-0.00022849479645602067,0.00034689144869994455,0.9,6.0,-2.422512958210774,True
2007-06-01,2005-12-06,2007-03-02,315,316,2007-03-09,7,2008-10-05,True,0.017858293648468894,5.945592805144147,-0.0011618571542972727,-0.00023378155980835003,-0.000282752977036069,0.00036688290193082713,0.8809359173442429,6.0,-2.261669393251776,True
2007-06-01,2005-11-22,2007-03-02,325,326,2007-03-10,8,2008-10-05,True,0.01776015467490057,5.949858961728096,-0.0015794806394335244,-0.00029184631894097943,-0.0003665774841250516,0.0004685651776934052,0.8298985002703735,6.0,-2.2431780405819017,True
2007-06-01,2005-11-08,2007-03-02,335,336,2007-03-10,8,2008-10-05,True,0.017665468454869274,5.954181621855317,-0.0020859298054716514,-0.0003572207516904343,-0.0004589724267153577,0.0005816032616167685,0.7842340194394272,6.0,-2.232168206317761,True
2007-06-01,2005-10-25,2007-03-02,345,346,2007-03-10,8,2008-10-05,True,0.017522363941647356,5.95413537074803,-0.0020811055389995162,-0.000355948830266894,-0.0004587416780806073,0.0005806405919125718,0.7845734060264611,6.0,-2.2306836188419528,True
2007-06-01,2005-10-11,2007-03-02,355,356,2007-03-10,8,2008-10-05,True,0.017542258082303704,5.9570819241973965,-0.0024712897254201165,-0.0004079449350219717,-0.000521030761475049,0.000661734179571639,0.7568086991136234,6.0,-2.2350587601361807,True
2007-06-01,2005-09-27,2007-03-02,365,366,2007-04-15,44,2008-10-05,True,0.01867183035216543,6.051844848911358,-0.016906162955004817,0.0021134391562514167,-0.0014285176735929427,0.00255093861371537,0.4797409616654367,7.245957373918328,-0.5943820383135077,True
2007-06-01,2005-09-13,2007-03-02,375,376,2007-04-21,50,2008-10-05,True,0.018880497844061223,6.112360036572279,-0.03697421213795357,-0.0015045593671203271,0.004014771011727345,0.004287433400741722,0.37728416683480814,7.658052508969488,1.9293530275576793,True
2007-06-01,2005-08-30,2007-03-02,385,386,2007-04-24,53,2008-10-05,True,0.018780048214606812,6.140891102176202,-0.04837228217979656,-0.005060739350679138,0.000314522627932445,0.005070503649440935,0.34445856930934743,7.843972370237403,3.0795229465099547,True
2007-06-01,2005-08-16,2007-03-02,395,396,2007-04-25,54,2008-10-05,True,0.01859137443835254,6.143176437622708,-0.049392697702859444,-0.005139798733187612,-8.1912734407193e-05,0.005140451411474974,0.3419207331552564,7.857088621161939,-3.1256570489472266,True
2007-06-01,2005-08-02,2007-03-02,405,406,2007-04-27,56,2008-10-05,True,0.01840874288931625,6.1570989423331675,-0.05510373308374925,-0.004085351026602494,-0.0036779049317588143,0.005497006248642788,0.32914960448422537,7.972033631331842,-2.4086302983526653,True
2007-06-01,2005-07-19,2007-03-02,415,416,2007-04-24,53,2008-10-05,True,0.018241318259845676,6.142349905708267,-0.04932092938136319,-0.005039654719435788,0.0009730232750100078,0.00513272773336387,0.34192077482973077,7.82449990584854,2.950866069973123,True
2007-06-01,2005-07-05,2007-03-02,425,426,2007-04-19,48,2008-10-05,True,0.018231817078239707,6.118681602548333,-0.04047364298623521,0.0008210107387616903,0.0044394208211080265,0.0045146999745331335,0.36534321255794366,7.572841257380038,1.3879260056111589,True
2007-06-01,2005-06-21,2007-03-02,435,436,2007-04-16,45,2008-10-05,True,0.018281009014961543,6.098421357384841,-0.033210971850169795,0.003936562540287788,0.0001071302520008503,0.003938020000519399,0.38971741174778507,7.350549370342252,0.02720744694969938,True
2007-06-01,2005-06-07,2007-03-02,445,446,2007-04-12,41,2008-10-05,True,0.01841245653517085,6.078688489273934,-0.02688984841027356,0.0001313357327979406,-0.003382301976848717,0.0033848509180323303,0.4162854313031401,7.095818077227692,-1.5319855451381827,True
2007-06-01,2005-05-24,2007-03-02,455,456,2007-04-06,35,2008-10-05,True,0.01903047852453224,6.052618367608852,-0.019461149597890356,-0.00203831767728292,0.0017039783115618797,0.0026567425618221484,0.4583041379242136,6.716989482186684,2.4452986293563463,True
2007-06-01,2005-05-10,2007-03-02,465,466,2007-03-30,28,2008-10-05,True,0.02010387959133046,6.023285747764415,-0.012442735266785314,0.001623405685678585,-0.0009351307607650574,0.0018734768640211684,0.5188964972861069,6.22629627923548,-0.5226081850574499,True
2007-06-01,2005-04-26,2007-03-02,475,476,2007-03-28,26,2008-10-05,True,0.02070782968836798,6.008153973549937,-0.008969286818738095,-0.00037316195306672266,-0.0013792849007341805,0.0014288725207693895,0.5657296066354527,6.0,-1.8350183032147311,True
2007-06-01,2005-04-12,2007-03-02,485,486,2007-03-29,27,2008-10-05,True,0.020770634931735955,6.004486071656011,-0.007953337952203675,-0.00027793396746712525,-0.0012555356233827457,0.001285930399304378,0.5835282572572268,6.0,-1.7886500068677051,True
2007-06-01,2005-03-29,2007-03-02,495,496,2007-03-29,27,2008-10-05,True,0.020583462045690948,6.004010037073285,-0.007821571029331521,-0.00026486839593491,-0.001238069588814979,0.0012660851369136372,0.5860120530116723,6.0,-1.7815558469371713,True
2007-06-01,2005-03-11,2007-03-02,505,506,2007-03-29,27,2008-10-05,True,0.02042297328623476,6.002722755864772,-0.007465582596728087,-0.00022924844051933047,-0.0011894250212829628,0.0012113161142883065,0.5929489010593422,6.0,-1.7612003867381731,True
2007-06-01,2005-02-25,2007-03-02,515,516,2007-03-29,27,2008-10-05,True,0.020260807342947575,6.003611259264467,-0.007717684480952177,-0.0002556060257369354,-0.0012253439899654957,0.0012517197506381338,0.5879916631664533,6.0,-1.776446705060826,True
2007-06-01,2005-02-11,2007-03-02,525,526,2007-03-29,27,2008-10-05,True,0.020086476191020105,6.003925257235695,-0.00781353814575253,-0.0002664971758585804,-0.001239653910832164,0.0012679757739728619,0.5861401790336307,6.0,-1.7825505777569384,True
2007-06-01,2005-01-28,2007-03-02,535,536,2007-03-29,27,2008-10-05,True,0.02004329203084844,6.002541317423681,-0.007386189365519456,-0.00021765107135004699,-0.001173474088560867,0.0011934879242722068,0.5945916220961083,6.0,-1.7541881298910258,True
2007-06-01,2005-01-14,2007-03-02,545,546,2007-03-31,29,2008-10-05,True,0.02040184602912095,5.999293950303385,-0.0064324510662786705,-0.00011648806281559505,-0.0010185433910055157,0.0010251829632507287,0.6153528829865234,6.0,-1.6846688721321033,True
2007-06-01,2004-12-30,2007-03-02,555,556,2007-04-02,31,2008-10-05,True,0.02076597182430913,5.996147804584516,-0.005569497088368342,-3.613375219197959e-05,-0.0008709231640260244,0.0008716724187930767,0.6369642016091398,6.0,-1.6122615699489178,True
2007-06-01,2004-12-15,2007-03-02,565,566,2007-07-11,131,2008-10-05,True,0.021385222547200718,6.108885333380464,-0.010117993654382608,-0.0008074881429419023,-0.0006233692805918557,0.0010201109552285819,0.5779189150353643,6.65142608298492,-2.4841685519047636,True
2007-06-01,2004-12-01,2007-03-02,575,576,2007-05-31,90,2008-10-05,True,0.02144732992375855,6.074658739362069,-0.009469138866898052,0.0007461945340204845,-0.0007449547047345972,0.001054402102951364,0.5814119975365752,6.0,-0.7845667047023988,True
2007-06-01,2004-11-17,2007-03-02,585,586,2007-06-11,101,2008-10-05,True,0.02150225833691433,6.079171437913979,-0.008794883863124249,0.0008335892884075602,-0.00045119137201622564,0.0009478632580334079,0.59341558053802,6.019471783493311,-0.49611091296765475,True
2007-06-01,2004-11-03,2007-03-02,595,596,2007-06-17,107,2008-10-05,True,0.021521252070421434,6.078538539962166,-0.008029742960382833,0.0007785562967143115,-0.0003455626571295125,0.0008518001274688282,0.60670624428864,6.016400154792451,-0.4177283056521913,True
2007-06-01,2004-10-20,2007-03-02,605,606,2007-06-24,114,2008-10-05,True,0.022040569136634613,6.0730845203424915,-0.006605740352383864,0.0006357768586201858,-0.000262324291980012,0.000687769036901027,0.6343132866238321,6.0,-0.39132474455781985,True
2007-06-01,2004-10-06,2007-03-02,615,616,2007-06-30,120,2008-10-05,True,0.022135800353326133,6.070808650967471,-0.005844342857645547,0.0005724670707696421,-0.00017378126929279512,0.0005982628825797146,0.651791138159405,6.0,-0.29472470362352193,True
2007-06-01,2004-09-22,2007-03-02,625,626,2007-07-06,126,2008-10-05,True,0.02223417916533315,6.068718160330441,-0.005178101357486304,0.0005093799167721959,-0.00010328892837586153,0.0005197465751074106,0.6690606775158456,6.0,-0.20006129790592067,True
2007-06-01,2004-09-08,2007-03-02,635,636,2007-07-10,130,2008-10-05,True,0.022239979980050516,6.0671809607024585,-0.00468523707952983,0.0004582265225310801,-5.5744371501723305e-05,0.0004616047886504738,0.6833428907664942,6.0,-0.12105758232939304,True
2007-06-01,2004-08-25,2007-03-02,645,646,2007-07-17,137,2008-10-05,True,0.02239692117438085,6.065501780071266,-0.004110104212824734,0.00039372229765539425,-5.933321357767774e-06,0.0003937670021387996,0.702069804850774,6.0,-0.015068672268054244,True
2007-06-01,2004-08-11,2007-03-02,655,656,2007-07-26,146,2008-10-05,True,0.02305779218927545,6.061375148708034,-0.0032681898951733438,0.00029633341602757586,4.2384280720427555e-05,0.00029934916186079486,0.7345671871350882,6.0,0.14206549885585437,True
2007-06-01,2004-07-28,2007-03-02,665,666,2007-08-01,152,2008-10-05,True,0.02308483071073321,6.062140564577387,-0.00301900169462134,0.0002617911621348915,6.234545965482718e-05,0.00026911255807098396,0.7461535404950822,6.0,0.23379462251098798,True
2007-06-01,2004-07-14,2007-03-02,675,676,2007-08-07,158,2008-10-05,True,0.02300245562064517,6.064147573597187,-0.002889460082787872,0.00023924037607662442,7.703407345669599e-05,0.00025133683776680315,0.7528164311621782,6.0,0.3115110853530706,True
2007-06-01,2004-06-30,2007-03-02,685,686,2007-08-06,157,2008-10-05,True,0.022863471796566386,6.064019971923267,-0.0029622787525435002,0.00024956113377843,7.328228647463692e-05,0.0002600981603236097,0.7492091287211932,6.0,0.28561602836094924,True
2007-06-01,2004-06-16,2007-03-02,695,696,2007-07-29,149,2008-10-05,True,0.022889532849022957,6.061292115974582,-0.0031307203600982486,0.00028013468078631385,5.279979796433001e-05,0.0002850671114743404,0.7407875273860829,6.0,0.1862945446236514,True
2007-06-01,2004-06-02,2007-03-02,705,706,2007-07-29,149,2008-10-05,True,0.022796775987163228,6.064298429673425,-0.0033405735232828163,0.0003017703744383717,5.4294295111027364e-05,0.000306615768300129,0.7319314409213137,6.0,0.17801470742312273,True
2007-06-01,2004-05-18,2007-03-02,715,716,2007-07-29,149,2008-10-05,True,0.022653895669092747,6.063813740711877,-0.0032853948606433305,0.00029516259926813714,5.516729847689325e-05,0.000300273859714697,0.734251008852985,6.0,0.1847728758644692,True
2007-06-01,2004-05-04,2007-03-02,725,726,2007-07-30,150,2008-10-05,True,0.02257787998478268,6.064289110790218,-0.0033149290261357506,0.0002981715825147328,5.583647712569003e-05,0.00030335458591745044,0.7330422610589857,6.0,0.18511889872753015,True
2007-06-01,2006-09-11,2007-03-09,125,126,2008-08-01,511,2008-10-05,False,0.014495663624607687,1.4433800477191754,2.30726514054364,0.08239863564355954,-0.03518268250240264,0.08959551497695044,0.1,6.0,-0.4035476896738237,True
2007-06-01,2006-08-28,2007-03-09,135,136,2008-08-01,511,2008-10-05,False,0.014141907822972354,1.4712595860515383,2.2922060013844323,0.08258765463838724,-0.03483578479807936,0.08963399244241899,0.1,6.0,-0.3991603073985178,True
2007-06-01,2006-08-14,2007-03-09,145,146,2008-08-01,511,2008-10-05,False,0.013682080117547187,1.859500775383819,2.08700784142627,0.08062139849291505,-0.031700047491506345,0.08662968836326934,0.1,6.0,-0.3746275212345692,True
2007-06-01,2006-07-31,2007-03-09,155,156,2008-09-12,553,2008-10-05,False,0.013380715689485278,2.164516050920705,1.90664962221803,0.08789740004932362,0.009066568717015944,0.08836376861435465,0.1,6.0,0.10278594042808951,True
2007-06-01,2006-07-17,2007-03-09,165,166,2008-09-23,564,2008-10-05,False,0.013669979440837941,5.584053713807963,0.11382698308796943,0.05691216930057387,0.030850911654348417,0.06473618589630992,0.1,6.0,0.4967417649948754,True
2007-06-01,2006-07-03,2007-03-09,175,176,2008-09-16,557,2008-10-05,False,0.013708019659173839,3.7065470381716854,1.0966667314422387,0.07490708633813406,0.020222696367099502,0.07758884605421432,0.1,6.0,0.26368424928074824,True
2007-06-01,2006-06-19,2007-03-09,185,186,2008-09-26,567,2008-10-05,False,0.013547710390348591,4.7618349175048635,0.543116931324261,0.06349148243170669,0.030359747743516463,0.07037671933548531,0.1,6.0,0.4460319205114121,True
2007-06-01,2006-06-05,2007-03-09,195,196,2008-09-23,564,2008-10-05,False,0.013860931778617974,5.323287595251409,0.25056259782457024,0.059033779177021496,0.02956617077937093,0.06602382553651572,0.1,6.0,0.46431522315412693,True
2007-06-01,2006-05-22,2007-03-09,205,206,2008-09-21,562,2008-10-05,False,0.014755055348323267,5.359401867320648,0.001361854702488119,0.0005156690477396383,2.1673758227568887e-05,0.0005161243247439637,0.9,6.0,0.04200564146533156,True
2007-06-01,2006-05-08,2007-03-09,215,216,2008-10-02,573,2008-10-05,False,0.018276723071526148,4.6574485182782315,0.003335181661430742,0.0008411755575407448,1.5825335784227807e-05,0.0008413244082140172,0.9,6.0,0.01881113752422242,True
2007-06-01,2006-04-21,2007-03-09,225,226,2008-10-05,576,2008-10-05,False,0.01909061563339754,4.263618770151085,0.004430728894768723,0.0010264828782270254,1.8832975375345038e-05,0.0010266556288525996,0.9,6.0,0.018345033358693964,True
2007-06-01,2006-04-05,2007-03-09,235,236,2008-10-05,576,2008-10-05,False,0.018837124373261373,4.346019772242393,0.004200870745054643,0.0009864505892750086,2.022156576013791e-05,0.0009866578316735763,0.9,6.0,0.020496448760490015,True
2007-06-01,2006-03-22,2007-03-09,245,246,2008-09-23,564,2008-10-05,False,0.019017849707021136,4.623878940252109,0.0034832322155761773,0.0008626195669208017,-6.797377143303945e-05,0.0008652935633861276,0.9,6.0,-0.07863675431171188,True
2007-06-01,2006-03-08,2007-03-09,255,256,2008-09-21,562,2008-10-05,True,0.01995735633424891,5.942276650403206,-0.00023845401557223765,5.5251905024981135e-05,0.00016940397208383673,0.00017818664025866492,0.9,10.989937665375306,1.2555203780287363,True
2007-06-01,2006-02-22,2007-03-09,265,266,2008-09-20,561,2008-10-05,True,0.020299361263726588,6.098015051007494,-0.0006716909419415644,-3.563081927596254e-05,0.00012028911426918792,0.00012545527607056648,0.9,13.0,1.8587722931168937,True
2007-06-01,2006-02-08,2007-03-09,275,276,2008-07-08,487,2008-10-05,True,0.020633763434169932,6.1365176235628,-0.0008594388084347775,0.00010868289541454724,4.551369915327555e-05,0.00011782813147251503,0.9,13.0,0.39658637743878533,True
2007-06-01,2006-01-25,2007-03-09,285,286,2007-04-20,42,2008-10-05,True,0.01917745150155803,5.964733795269203,-0.0010207527217099806,0.00029287193660780975,-3.6743835655520473e-06,0.0002928949851858098,0.9,7.329366937355814,-0.01254538362322697,True
2007-06-01,2006-01-11,2007-03-09,295,296,2007-04-20,42,2008-10-05,True,0.019023941114962778,5.96490301658976,-0.001021654942833431,0.0002916647483255267,1.6752165227675703e-05,0.00029214544400967164,0.9,7.341195030479017,0.057373337900036056,True
2007-06-01,2005-12-28,2007-03-09,305,306,2007-04-17,39,2008-10-05,True,0.01885235565702549,5.962520909216005,-0.001014434710120565,9.87349683975299e-05,-0.0002749693275806018,0.00029215873270294274,0.9,7.128478557662179,-1.2260587110823493,True
2007-06-01,2005-12-13,2007-03-09,315,316,2007-04-14,36,2008-10-05,True,0.018672097290362732,5.960589659654678,-0.001008756652524099,-0.00019315874537279438,-0.00021728805459292496,0.0002907308026040068,0.9,6.950663556374406,-2.297474164904276,True
2007-06-01,2005-11-29,2007-03-09,325,326,2007-04-13,35,2008-10-05,True,0.018625437562480522,5.964203595440245,-0.0013278101341598503,-0.00035073154741714185,-9.314294713796154e-05,0.000362888725307315,0.8555723181354523,6.85124612693057,-2.8820166103617435,True
2007-06-01,2005-11-15,2007-03-09,335,336,2007-04-14,36,2008-10-05,True,0.01849429710249487,5.974364321507027,-0.002168589740286187,-0.00042705883008772617,-0.0003256498786959556,0.0005370540827985465,0.7784778192226358,6.912658439069334,-2.490113483566118,True
2007-06-01,2005-11-01,2007-03-09,345,346,2007-04-16,38,2008-10-05,True,0.018362315760380568,5.985495956912502,-0.003351394157915635,-0.00026680543182272336,-0.0007056563909904954,0.0007544110819678095,0.7115170937030822,7.002279353259511,-1.932278002404884,True
2007-06-01,2005-10-18,2007-03-09,355,356,2007-04-15,37,2008-10-05,True,0.018195864826646573,5.978071345070489,-0.002554721767147968,-0.00046432528650401113,-0.0003968126691006786,0.000610784958922399,0.753009248126666,6.9207159691730205,-2.4344337593435488,True
2007-06-01,2005-10-04,2007-03-09,365,366,2007-04-22,44,2008-10-05,True,0.018740982657377482,6.019104988018804,-0.008309672248265829,0.0012643307081992954,0.0008064118949268177,0.0014996107108097064,0.5777458849591112,7.41001559906073,0.567763144531679,True
2007-06-01,2005-09-20,2007-03-09,375,376,2007-05-02,54,2008-10-05,True,0.01931844679129261,6.092391971414076,-0.027437645374491875,-0.0013282109788683542,-0.0032104269958356654,0.003474332439473351,0.4151918328347526,8.019352446832093,-1.9630722239077527,True
2007-06-01,2005-09-06,2007-03-09,385,386,2007-05-09,61,2008-10-05,True,0.019324438140531704,6.151551283985401,-0.04977853384162561,0.004636391330558579,0.002144340120798116,0.00510825989195374,0.34159336889640685,8.405960741673919,0.43320179070840176,True
2007-06-01,2005-08-23,2007-03-09,395,396,2007-05-07,59,2008-10-05,True,0.019133368287646044,6.135364095292328,-0.043225213036350386,0.004520945247055115,-0.0011726033069379199,0.004670540058955922,0.3584526445875306,8.295430274739887,-0.25377904865925094,True
2007-06-01,2005-08-09,2007-03-09,405,406,2007-05-09,61,2008-10-05,True,0.0189313692495952,6.149818342232878,-0.04893790944763255,0.004546431220436314,0.0022143860663263754,0.005057029018395923,0.34368676305884605,8.408999035006923,0.45324235069370844,True
2007-06-01,2005-07-26,2007-03-09,415,416,2007-05-07,59,2008-10-05,True,0.018726955900139484,6.142427350733045,-0.046047764166695544,0.0048576057454976455,0.00019631539266786423,0.004861571074466574,0.3508530614965673,8.342793774844848,0.04039204236838897,True
2007-06-01,2005-07-12,2007-03-09,425,426,2007-05-04,56,2008-10-05,True,0.018663671530218737,6.120827997354323,-0.03813843664990343,0.0009660515255578909,-0.0041761793581108755,0.004286458862644559,0.37335007258105757,8.120499590562186,-1.3434705937486473,True
2007-06-01,2005-06-28,2007-03-09,435,436,2007-04-29,51,2008-10-05,True,0.018780788882354814,6.096650542583766,-0.030075192734411275,-0.003625764389509093,-0.00016100855090629479,0.003629337565134606,0.40251081317689064,7.837299988233123,-3.0972150205245996,True
2007-06-01,2005-06-14,2007-03-09,445,446,2007-04-25,47,2008-10-05,True,0.01887817375370347,6.07724914370557,-0.024328907255217185,5.6453013268901314e-05,0.0031094965487339205,0.003110008959680872,0.42916036277319813,7.573058620713422,1.552643287803635,True
2007-06-01,2005-05-31,2007-03-09,455,456,2008-04-20,408,2008-10-05,True,0.02015133426576439,6.685876240692264,-0.1105255684569889,0.0010450247477815323,-0.004209772285722144,0.004337540711176104,0.32060917821359114,13.0,-1.3274768606261744,True
2007-06-01,2005-05-17,2007-03-09,465,466,2008-03-02,359,2008-10-05,True,0.02099052944813738,6.420825144017514,-0.03880958296163931,-0.0006781913465274637,0.0020161607662648197,0.0021271689490800394,0.4322154816090339,11.699417965741157,1.8952842263189893,True
2007-06-01,2005-05-03,2007-03-09,475,476,2007-04-06,28,2008-10-05,True,0.02103196403462557,6.005583761277195,-0.008070207586048235,0.0012680078378226956,0.00021932674396453098,0.0012868364687860965,0.5782371911868457,6.3157668045980655,0.17127487343831327,True
2007-06-01,2005-04-19,2007-03-09,485,486,2007-09-21,196,2008-10-05,True,0.02190707835968231,6.147235255246328,-0.009089323202816383,0.00034673246484787264,0.0007847760333066274,0.0008579608526220564,0.5972855717334548,8.06952550309296,1.1547627792320037,True
2007-06-01,2005-04-05,2007-03-09,495,496,2007-09-20,195,2008-10-05,True,0.02175613525057855,6.151914474292316,-0.009898106560322247,0.0003838408203981167,0.000840379046091175,0.0009238889091838978,0.5859450942199484,8.073571617436695,1.1423455701920908,True
2007-06-01,2005-03-18,2007-03-09,505,506,2007-09-22,197,2008-10-05,True,0.021545246869208085,6.150485984323287,-0.009503200347696136,0.00023278543840659022,0.000858464756735944,0.0008894665810989483,0.5914638007527594,8.09358012577071,1.3059991396417958,True
2007-06-01,2005-03-04,2007-03-09,515,516,2007-10-29,234,2008-10-05,True,0.021403777587340963,6.172592652564239,-0.00924488527007278,0.000810140576304426,-0.00010463089151921813,0.0008168692532070075,0.597992402170156,8.768626381017473,-0.12844054040948213,True
2007-06-01,2005-02-18,2007-03-09,525,526,2007-10-06,211,2008-10-05,True,0.021236020476491552,6.1685428210720055,-0.010736009709192642,-0.0008739466780777827,-0.00041005133058758127,0.0009653625691106101,0.5767225182824444,8.421778291640273,-2.702891396253494,True
2007-06-01,2005-02-04,2007-03-09,535,536,2007-10-28,233,2008-10-05,True,0.021062852774378044,6.180261297823229,-0.010280190509035494,0.0008765014526098205,0.00019362009428798858,0.0008976321837697304,0.5841930318023828,8.825572303847336,0.21740959813989655,True
2007-06-01,2005-01-21,2007-03-09,545,546,2007-04-03,25,2008-10-05,True,0.020748837752962854,5.98930093353784,-0.005292961792562941,-9.447899573583368e-05,-0.0008754938633883543,0.0008805769616938192,0.6398740063708477,6.0,-1.6782954016433123,True
2007-06-01,2005-01-07,2007-03-09,555,556,2007-04-04,26,2008-10-05,True,0.021047549401860762,5.98644188653348,-0.004636734640377487,-3.6226876149282725e-05,-0.0007584923560686719,0.0007593569916515818,0.6598912634357188,6.0,-1.6185217479401266,True
2007-06-01,2004-12-22,2007-03-09,565,566,2007-08-11,155,2008-10-05,True,0.02143988673763234,6.116618255889711,-0.008622067824021895,0.00012009037860340101,0.0008470585596823927,0.0008555290191246103,0.6007547398330222,7.208555003417919,1.4299614933209006,True
2007-06-01,2004-12-08,2007-03-09,575,576,2007-07-23,136,2008-10-05,True,0.02158802728058541,6.099052527944735,-0.00797701367307071,0.00011585714302232177,-0.0008121162253532292,0.0008203387355667607,0.6093469179818513,6.792189265771848,-1.4290917023832026,True
2007-06-01,2004-11-24,2007-03-09,585,586,2007-07-12,125,2008-10-05,True,0.021669196204469495,6.086779175704853,-0.007351394776579071,-0.0007654626010290102,0.00010598056362918541,0.0007727644359319711,0.6192846832496367,6.517909686726726,3.004014333263618,True
2007-06-01,2004-11-10,2007-03-09,595,596,2007-07-05,118,2008-10-05,True,0.021662688255901893,6.07837844499406,-0.006881329470277647,-0.0001425835074742596,0.000719005012343177,0.0007330063194668068,0.6275774522724442,6.332527420257068,1.7665631795513335,True
2007-06-01,2004-10-27,2007-03-09,605,606,2007-06-24,107,2008-10-05,True,0.021896463868080182,6.066370456188976,-0.006250050296645184,0.0006771097798864605,-3.106579985664884e-05,0.0006778220547744256,0.6397270839347257,6.06001706577821,-0.04584785317230521,True
2007-06-01,2004-10-13,2007-03-09,615,616,2007-06-27,110,2008-10-05,True,0.022330994518921572,6.059502407782501,-0.005204587147856429,0.0005245865499347346,-0.00018831299753608384,0.0005573623896653352,0.6653521274216897,6.0,-0.34464710799189197,True
2007-06-01,2004-09-29,2007-03-09,625,626,2007-06-30,113,2008-10-05,True,0.0223233651680152,6.057130991194653,-0.004710000924550944,0.0004784566780321781,-0.00013834944965397753,0.0004980575900166022,0.6795141724986539,6.0,-0.28148032214325736,True
2007-06-01,2004-09-15,2007-03-09,635,636,2007-07-05,118,2008-10-05,True,0.022393566715619873,6.054264427043666,-0.004150463707560176,0.00042224426206135645,-8.653505326985391e-05,0.00043102033860150486,0.6974383821391853,6.0,-0.20214173014303619,True
2007-06-01,2004-09-01,2007-03-09,645,646,2007-07-09,122,2008-10-05,True,0.02245398961427298,6.051603365732585,-0.0036640529561236643,0.0003699261464825377,-4.6240391145052075e-05,0.0003728049458157273,0.7150958609513192,6.0,-0.12435399066322217,True
2007-06-01,2004-08-18,2007-03-09,655,656,2007-07-17,130,2008-10-05,True,0.022875730858095834,6.047756485339374,-0.002993980387733966,0.00029337911114569884,1.17896781148271e-06,0.0002933814800251386,0.7437094284024778,6.0,0.004018559673720804,True
2007-06-01,2004-08-04,2007-03-09,665,666,2007-07-25,138,2008-10-05,True,0.02334720803878968,6.044341139631909,-0.0024178647046471276,0.00022428657796244562,3.2797014858542366e-05,0.0002266718183580298,0.7740089414897675,6.0,0.1451990864893756,True
2007-06-01,2004-07-21,2007-03-09,675,676,2007-07-28,141,2008-10-05,True,0.023265367842442465,6.043331942498526,-0.002244909824554706,0.0002028732486714284,4.022051403886312e-05,0.00020682177055631647,0.7845338761264969,6.0,0.19571653552990476,True
2007-06-01,2004-07-07,2007-03-09,685,686,2007-07-29,142,2008-10-05,True,0.023120362307206516,6.043059609933257,-0.0021946623038886577,0.000196565329668413,4.222435060590784e-05,0.00020104930890640365,0.7877458948029251,6.0,0.21159528748753897,True
2007-06-01,2004-06-23,2007-03-09,695,696,2007-07-26,139,2008-10-05,True,0.023070898627077844,6.044104034298651,-0.002368484685850636,0.0002186669931354058,3.5703749412500006e-05,0.00022156265842643747,0.7769577418297736,6.0,0.16185086505015417,True
2007-06-01,2004-06-09,2007-03-09,705,706,2007-07-23,136,2008-10-05,True,0.023036147666424308,6.045484378250008,-0.0025630939150993776,0.00024335704807475157,2.8489114560979184e-05,0.00024501894313731245,0.7658204291392154,6.0,0.11653670811791783,True
2007-06-01,2004-05-25,2007-03-09,715,716,2007-07-23,136,2008-10-05,True,0.022900300268407756,6.045727393052256,-0.0025972557789866735,0.0002477192599444462,2.7156801933092003e-05,0.00024920337806429773,0.7639544247257807,6.0,0.10919130076615831,True
2007-06-01,2004-05-11,2007-03-09,725,726,2007-07-24,137,2008-10-05,True,0.022781308486407234,6.045056004462932,-0.0025131697682962855,0.00023692446942047706,2.9813172936181198e-05,0.0002387928589608517,0.7685765075877514,6.0,0.12517615929952705,True
2007-06-01,2004-04-27,2007-03-09,735,736,2007-07-22,135,2008-10-05,True,0.022793441783449213,6.046590166583556,-0.0026899402736947427,0.0002596629945928785,2.5070748037653496e-05,0.00026087049117926074,0.7590580236087444,6.0,0.096252747920232,True
2007-06-01,2006-09-18,2007-03-16,125,126,2008-03-28,378,2008-10-05,False,0.014696684879843375,-0.3536991362635083,3.353334630591176,-0.046370284550989904,-0.08434910482495339,0.09625473896962554,0.1,6.0,-2.073441790281649,True
2007-06-01,2006-09-04,2007-03-16,135,136,2008-07-20,492,2008-10-05,False,0.014776398092299924,-2.4024613063730462,4.340693373309796,0.10078620107568481,-0.07311685359494202,0.12451478870757705,0.1,6.0,-0.627612867547001,True
2007-06-01,2006-08-21,2007-03-16,145,146,2008-07-20,492,2008-10-05,False,0.014310607159101126,-1.6890583680619102,3.962615954965623,0.09811543072926576,-0.06674296777842348,0.11866449129820186,0.1,6.0,-0.5973472139925076,True
2007-06-01,2006-08-07,2007-03-16,155,156,2008-08-02,505,2008-10-05,False,0.014059771046691519,-0.28350189562247635,3.20875492908535,0.10054328748906571,-0.04051096112337027,0.10839783498874936,0.1,6.0,-0.38302159222232246,True
2007-06-01,2006-07-24,2007-03-16,165,166,2008-09-08,542,2008-10-05,False,0.013750749506713117,-0.9589315686080259,3.536848434031764,0.1173854821247271,9.315852817159964e-06,0.11738548249438574,0.1,6.0,7.93612006270398e-05,True
2007-06-01,2006-07-10,2007-03-16,175,176,2008-10-01,565,2008-10-05,False,0.014243577301713916,1.45244401177879,2.2601742638139637,0.09433824939089197,0.035755404946992364,0.10088683898835138,0.1,6.0,0.3622841001779478,True
2007-06-01,2006-06-26,2007-03-16,185,186,2008-09-17,551,2008-10-05,False,0.01421449513285295,1.5336150969937035,2.2248360081369887,0.09616844416437376,0.022049030144460025,0.09866371867767593,0.1,6.0,0.22537980448563014,True
2007-06-01,2006-06-12,2007-03-16,195,196,2008-10-01,565,2008-10-05,False,0.014344482246330805,3.407125123477126,1.24078451511887,0.0754132782641321,0.03989675466321141,0.08531654922229275,0.1,6.0,0.48660998917205706,True
2007-06-01,2006-05-29,2007-03-16,205,206,2008-09-27,561,2008-10-05,False,0.01496681657910182,0.8824053746469985,2.559113907201496,0.10111056814204128,0.030876402855331664,0.10571990939880296,0.1,6.0,0.2963785200782056,True
2007-06-01,2006-05-15,2007-03-16,215,216,2008-09-27,561,2008-10-05,False,0.015687215504363992,4.958709964613732,0.002473891697151463,0.0006982916566407501,3.5943551159076364e-05,0.000699216115806843,0.9,6.0,0.0514281628941122,True
2007-06-01,2006-04-28,2007-03-16,225,226,2008-10-05,569,2008-10-05,False,0.018946500382052,4.321111838427677,0.004259262682963902,0.0009958141940341224,3.262219782272993e-05,0.0009963483912922297,0.9,6.0,0.032747610719600403,True
2007-06-01,2006-04-12,2007-03-16,235,236,2008-10-05,569,2008-10-05,False,0.018875731347828956,4.233053366267654,0.004508618493648682,0.001038575268794075,2.677122639148594e-05,0.0010389202507955985,0.9,6.0,0.025771169602750842,True
2007-06-01,2006-03-29,2007-03-16,245,246,2008-10-05,569,2008-10-05,False,0.01884240118050634,4.380548939031729,0.004095626169829013,0.0009658620026557019,3.097153634205483e-05,0.0009663584450075812,0.9,6.0,0.032055228790281165,True
2007-06-01,2006-03-15,2007-03-16,255,256,2008-10-01,565,2008-10-05,False,0.01932966588751551,5.428377384263992,0.0011782236337711384,3.657869958657601e-05,0.00038834510134545304,0.0003900639934708857,0.9,8.129857732298898,1.47688218590978,True
2007-06-01,2006-03-01,2007-03-16,265,266,2008-09-25,559,2008-10-05,True,0.02033325235633727,6.07332181039087,-0.0006014425104713557,-3.929473280600146e-05,0.00012665104488954058,0.00013260679921447266,0.9,12.980710337417934,1.8716390372310974,True
2007-06-01,2006-02-15,2007-03-16,275,276,2008-07-21,493,2008-10-05,True,0.020506892711803663,6.119150833727302,-0.0007933361751007013,9.270218554912276e-05,7.998764824926008e-05,0.00012244067574965168,0.9,13.0,0.7119043339434168,True
2007-06-01,2006-02-01,2007-03-16,285,286,2008-06-05,447,2008-10-05,True,0.020761426608697113,6.137485624210244,-0.0009068542099041738,0.00011511192343470817,-3.241287152784772e-05,0.00011958824840894224,0.9,13.0,-0.2744704669251698,True
2007-06-01,2006-01-18,2007-03-16,295,296,2007-05-06,51,2008-10-05,True,0.01997640463357007,5.96882007994898,-0.0009943430438832078,-0.00010488807684745527,-0.0002545376431556647,0.0002753015082559451,0.9,8.009176095364621,-1.961666897531965,True
2007-06-01,2006-01-04,2007-03-16,305,306,2007-05-01,46,2008-10-05,True,0.019869422211160996,5.965194075694575,-0.0009837943270377555,-0.0002012607363206846,0.00018845049349219896,0.00027571628983757464,0.9,7.692582907275033,2.3890537741226,True
2007-06-01,2005-12-20,2007-03-16,315,316,2007-04-28,43,2008-10-05,True,0.019657234850286857,5.963104052787314,-0.0009779988115920144,8.917182248580368e-05,0.0002599819043910956,0.0002748494215679932,0.9,7.504115736710294,1.2403779293425374,True
2007-06-01,2005-12-06,2007-03-16,325,326,2007-04-25,40,2008-10-05,True,0.019569102419432955,5.960716677686074,-0.0009707765673773835,0.0002711528228393702,-2.1063905833249736e-05,0.0002719697436530595,0.9,7.2868754764442025,-0.07752708423902382,True
2007-06-01,2005-11-22,2007-03-16,335,336,2007-04-22,37,2008-10-05,True,0.01948771109149307,5.958570302415655,-0.0009652813099314247,7.363345356126394e-05,-0.00025864028703958137,0.0002689176148252023,0.9,7.087275896381178,-1.293439791081747,True
2007-06-01,2005-11-08,2007-03-16,345,346,2008-04-24,405,2008-10-05,True,0.019700557456534942,6.14525678030322,-0.0009942124388549489,4.1010447293016836e-05,-0.00011541553215657112,0.00012248510868737396,0.9,13.0,-1.2293822743138005,True
2007-06-01,2005-10-25,2007-03-16,355,356,2007-04-24,39,2008-10-05,True,0.019246732239447523,5.970019190200095,-0.00173988256573063,0.00036198707543556,-0.0002345189055919991,0.000431316310684466,0.8071309439840757,7.200287423870025,-0.5748731672010737,True
2007-06-01,2005-10-11,2007-03-16,365,366,2007-04-29,44,2008-10-05,True,0.01920673825353058,5.986188022274374,-0.0031168944352758933,0.0002234900387061024,0.0006464881433387605,0.000684028301226238,0.7182850364767864,7.492672960111338,1.2379586272647625,True
2007-06-01,2005-09-27,2007-03-16,375,376,2007-05-15,60,2008-10-05,True,0.020064445163777207,6.067080249731662,-0.017786378734687913,0.0017272477030667965,0.0018117360122650696,0.0025031524136351867,0.4713415624037445,8.43485118809679,0.8092672371579495,True
2007-06-01,2005-09-13,2007-03-16,385,386,2007-05-23,68,2008-10-05,True,0.020099146727786565,6.128310385783266,-0.03697518562698489,-0.003341435005568512,-0.0024041359637935957,0.004116437492400972,0.3781310970971808,8.907709043723546,-2.5179042027414553,True
2007-06-01,2005-08-30,2007-03-16,395,396,2007-05-25,70,2008-10-05,True,0.01993689349155435,6.141451720346799,-0.04172170761804384,-0.0013330849636912232,-0.004244268309962737,0.00444869969849321,0.36361534591887906,9.009313859060232,-1.8751296651794334,True
2007-06-01,2005-08-16,2007-03-16,405,406,2007-05-23,68,2008-10-05,True,0.019745246423360185,6.1303874298500105,-0.037700503182510066,-0.003164438789983256,-0.0027049149489238914,0.0041629602131731495,0.37579314976081735,8.920417339934394,-2.434327176185531,True
2007-06-01,2005-08-02,2007-03-16,415,416,2007-05-24,69,2008-10-05,True,0.019530647239714278,6.131788121715228,-0.03799402392980222,-0.0025900667725811542,-0.0032771005073581744,0.004177060404370059,0.3750302448907393,8.950145574467099,-2.2396273128491773,True
2007-06-01,2005-07-19,2007-03-16,425,426,2007-05-20,65,2008-10-05,True,0.019423198874713273,6.112664452841721,-0.031941056092452506,-0.0031044790817628034,0.0020367591599693424,0.00371297431243765,0.3958082270543707,8.715648589026799,2.560961322460143,True
2007-06-01,2005-07-05,2007-03-16,435,436,2007-05-14,59,2008-10-05,True,0.019512242648256874,6.088454526088062,-0.02501261380911321,0.002811180961263747,0.0013577240135311847,0.003121882908420973,0.4258106321924408,8.38024634432006,0.44993331763974936,True
2007-06-01,2005-06-21,2007-03-16,445,446,2008-04-04,385,2008-10-05,True,0.020065058246326747,6.9664082404277075,-0.25834782108390086,-0.0008656169883026581,-0.007792318460473721,0.007840249980700724,0.2331512757608728,13.0,-1.681428679613748,True
2007-06-01,2005-06-07,2007-03-16,455,456,2008-04-11,392,2008-10-05,True,0.020064488184941182,6.762468722661217,-0.1495321292964321,0.0002895524612553189,-0.0054802486195661936,0.005487892633796345,0.2874884260998386,13.0,-1.5180097667280144,True
2007-06-01,2005-05-24,2007-03-16,465,466,2008-04-25,406,2008-10-05,True,0.020559771636250123,6.545159616715327,-0.06178965910854008,0.001016604741936294,-0.0027125548438412302,0.0028967980568506808,0.3831403704362237,13.0,-1.2122206685097263,True
2007-06-01,2005-05-10,2007-03-16,475,476,2008-01-28,318,2008-10-05,True,0.02156872880758448,6.306668826114238,-0.020937426217830665,-0.001138223472837206,0.000822879136569189,0.0014045222488513465,0.5013587296049041,10.914533038748251,2.5156292072474598,True
2007-06-01,2005-04-26,2007-03-16,485,486,2007-11-05,234,2008-10-05,True,0.02205415423534233,6.179133287648867,-0.010009530467665735,-1.9617192100208772e-05,0.0008781904106067519,0.0008784094896502154,0.5866876282499768,9.024292834973906,1.593130811297079,True
2007-06-01,2005-04-12,2007-03-16,495,496,2007-10-03,201,2008-10-05,True,0.022016422196265876,6.142454721540833,-0.008054981300928755,-0.0007540411939852764,0.0001878920544369268,0.0007770981574725746,0.6123375966727472,8.318305598496249,2.897385816893428,True
2007-06-01,2005-03-29,2007-03-16,505,506,2007-10-28,226,2008-10-05,True,0.021819613490509534,6.158208322288471,-0.00800110784321911,0.000737869058967402,4.271631523429108e-05,0.000739104479602603,0.6151655564019548,8.798250501276707,0.057826914312621526,True
2007-06-01,2005-03-11,2007-03-16,515,516,2007-10-25,223,2008-10-05,True,0.02162145240806456,6.153714649747446,-0.007716209041655477,0.0006376223284625877,-0.0003351999719196123,0.0007203618916412506,0.6196694714144235,8.720382547813001,-0.4839979457125643,True
2007-06-01,2005-02-25,2007-03-16,525,526,2007-10-18,216,2008-10-05,True,0.02148200496883044,6.159086768623789,-0.008871138104953597,0.0004655009360845067,-0.0006781844812826644,0.0008225723750213039,0.6009430022097663,8.662866131994235,-0.9692612170233272,True
2007-06-01,2005-02-11,2007-03-16,535,536,2007-11-02,231,2008-10-05,True,0.021310149191439347,6.168288801987227,-0.008838123276950565,0.00038148502162650775,0.0007054204548083941,0.0008019656101027391,0.6025633635670511,8.947722218184325,1.0750508598292081,True
2007-06-01,2005-01-28,2007-03-16,545,546,2007-10-21,219,2008-10-05,True,0.02121495402960263,6.158769565453937,-0.00859588964127466,0.0006099805104308722,-0.0005090431817045471,0.0007944817077475076,0.6052945177998231,8.69819379666545,-0.6954403661033078,True
2007-06-01,2005-01-14,2007-03-16,555,556,2007-09-28,196,2008-10-05,True,0.021407689587151137,6.137507728379742,-0.007825824265344235,-0.0002840693804895324,0.0006966346776004371,0.0007523265826535519,0.6158009809588898,8.18071121344701,1.957986253104835,True
2007-06-01,2004-12-30,2007-03-16,565,566,2007-08-31,168,2008-10-05,True,0.021573043728489148,6.116206444169817,-0.007391318317027377,-0.0003480774019895108,-0.00065685164002207,0.0007433787424828952,0.6210905284688031,7.608035894513252,-2.0580907613732573,True
2007-06-01,2004-12-15,2007-03-16,575,576,2007-08-27,164,2008-10-05,True,0.021741213078897776,6.104856498857984,-0.006392038042732224,-0.000644811151981639,7.764031015168821e-05,0.0006494685823658744,0.6401920735826497,7.423556252335464,3.021761708541439,True
2007-06-01,2004-12-01,2007-03-16,585,586,2007-08-07,144,2008-10-05,True,0.021856959358482312,6.088668022033541,-0.00601390897611656,0.0006311044940545908,2.9896155936362957e-05,0.0006318122051335131,0.6467132568029801,6.993485037204952,0.04733577986107376,True
2007-06-01,2004-11-17,2007-03-16,595,596,2007-07-26,132,2008-10-05,True,0.021955337912350024,6.0766236803072875,-0.005551771571804443,-0.0002117485276013865,-0.0005564200423769831,0.0005953492273448911,0.6565083344896616,6.701760393244277,-1.9344283720688584,True
2007-06-01,2004-11-03,2007-03-16,605,606,2007-07-27,133,2008-10-05,True,0.022001553910095523,6.071846389009898,-0.004960317821631613,-0.0003358275255528813,-0.00040795289752330237,0.0005283991800870145,0.6720706138904192,6.643916279706175,-2.2595254178573723,True
2007-06-01,2004-10-20,2007-03-16,615,616,2007-07-06,112,2008-10-05,True,0.0225229353792277,6.053789368016038,-0.0044739495376891645,0.0003430611440066048,0.0003531831690183225,0.0004923710992787303,0.6844997257991003,6.168815968208766,0.7999351754792144,True
2007-06-01,2004-10-06,2007-03-16,625,626,2007-06-30,106,2008-10-05,True,0.02260526139566553,6.046118092681072,-0.004090231582672498,0.0004313451389396668,-0.00013828876124350885,0.00045297065067523377,0.6964593539430858,6.0,-0.3102460860314467,True
2007-06-01,2004-09-22,2007-03-16,635,636,2007-07-04,110,2008-10-05,True,0.0226922340176547,6.042978994013578,-0.0035877869117663095,0.00037948314520868634,-9.164526844785239e-05,0.0003903925111043446,0.7150735643070887,6.0,-0.23696302405699204,True
2007-06-01,2004-09-08,2007-03-16,645,646,2007-07-06,112,2008-10-05,True,0.02269532898221781,6.039464314638122,-0.0031853219697263063,0.0003358116891561668,-6.375865478288115e-05,0.00034181084920411844,0.7318238340757777,6.0,-0.18763098137063997,True
2007-06-01,2004-08-25,2007-03-16,655,656,2007-07-12,118,2008-10-05,True,0.02285017242395491,6.037180997555162,-0.002747674225579233,0.00028505675838863927,-2.4925941011499594e-05,0.0002861444705709824,0.7529144048714408,6.0,-0.08722018100644857,True
2007-06-01,2004-08-11,2007-03-16,665,666,2007-07-19,125,2008-10-05,True,0.023506258389473848,6.0315773763890155,-0.0020995521225330447,0.00020792900001933494,1.1509587491439219e-05,0.00020824730407201838,0.7909616946792276,6.0,0.055297019230404656,True
2007-06-01,2004-07-28,2007-03-16,675,676,2007-07-22,128,2008-10-05,True,0.023539845146192482,6.028852811352725,-0.0018634505352420078,0.0001798961401418388,1.9800816918744937e-05,0.00018098257813552597,0.8077718136883308,6.0,0.10962676035842266,True
2007-06-01,2004-07-14,2007-03-16,685,686,2007-07-25,131,2008-10-05,True,0.023464431026011184,6.027314499517327,-0.001710805183005931,0.00016113791984105272,2.5248204959584254e-05,0.00016310395784401648,0.8198462318018398,6.0,0.15542322436416492,True
2007-06-01,2004-06-30,2007-03-16,695,696,2007-07-24,130,2008-10-05,True,0.023319479075578266,6.027890100689995,-0.0017650397825751014,0.00016788542219761183,2.3584761250053157e-05,0.00016953393745705426,0.8154446639366447,6.0,0.1395679516235141,True
2007-06-01,2004-06-16,2007-03-16,705,706,2007-07-21,127,2008-10-05,True,0.02332417044547611,6.030087555856025,-0.00196911712068561,0.0001934976244800329,1.707635070568831e-05,0.00019424966520650554,0.8000378225359716,6.0,0.08802291624999593,True
2007-06-01,2004-06-02,2007-03-16,715,716,2007-07-20,126,2008-10-05,True,0.023224242517523856,6.031840734957957,-0.002088651490504933,0.00020800292028780749,1.5038654026151813e-05,0.00020854586057549618,0.7918080913416495,6.0,0.07217462107848308,True
2007-06-01,2004-05-18,2007-03-16,725,726,2007-07-20,126,2008-10-05,True,0.023081832086847987,6.0309133464919515,-0.0020362576207202843,0.00020180154511011133,1.5182345059237901e-05,0.0002023718537996973,0.7953320493125636,6.0,0.07509257227811286,True
2007-06-01,2004-05-04,2007-03-16,735,736,2007-07-20,126,2008-10-05,True,0.02300205117192938,6.030909095508373,-0.0020432852987814125,0.00020288147144628606,1.4724827713791174e-05,0.00020341512236658074,0.7948421321345267,6.0,0.07245143686034128,True
2007-06-01,2006-09-25,2007-03-23,125,126,2007-09-13,174,2008-10-05,True,0.014998523448368118,5.920116531474402,-0.019567009441514363,0.013258401952233828,0.018331780069628142,0.022623867548414736,0.1,6.0,0.9446382363068591,True
2007-06-01,2006-09-11,2007-03-23,135,136,2008-08-31,527,2008-10-05,False,0.015243175814232728,-0.5748116030294249,3.3493126122643897,0.10836751127209276,-0.01590512407080391,0.10952849159472078,0.1,6.0,-0.14572975718223338,True
2007-06-01,2006-08-28,2007-03-23,145,146,2008-08-03,499,2008-10-05,False,0.01488058621888596,0.6584066848153762,2.7179419290185334,0.08966118040690274,-0.037538088778783285,0.0972020338322351,0.1,6.0,-0.3964934933460689,True
2007-06-01,2006-08-14,2007-03-23,155,156,2008-08-03,499,2008-10-05,False,0.014425869280302282,0.9989213928634408,2.5377456719253817,0.08812501710707754,-0.03462221290689671,0.09468218558257512,0.1,6.0,-0.374350037198904,True
2007-06-01,2006-07-31,2007-03-23,165,166,2008-08-03,499,2008-10-05,False,0.014129969616891497,2.2962817665826365,1.8517788085778457,0.08164838142486897,-0.02369024074381909,0.0850157967427289,0.1,6.0,-0.2823953606435967,True
2007-06-01,2006-07-17,2007-03-23,175,176,2008-09-21,548,2008-10-05,False,0.014399046176370245,3.5071737553109985,1.1946641120551984,0.0769620617262991,0.028482835766594383,0.08206357826995762,0.1,6.0,0.3544584662320748,True
2007-06-01,2006-07-03,2007-03-23,185,186,2008-09-19,546,2008-10-05,False,0.014358326545412123,2.29579828319915,1.8295304073755576,0.08804918911370851,0.021745173823353836,0.09069461002832241,0.1,6.0,0.24212129189928955,True
2007-06-01,2006-06-19,2007-03-23,195,196,2008-09-11,538,2008-10-05,False,0.014213739149796012,3.6868733355995906,1.1042185390302053,0.07658647590324698,0.020627864092734427,0.07931580591727573,0.1,6.0,0.263097340143234,True
2007-06-01,2006-06-05,2007-03-23,205,206,2008-09-11,538,2008-10-05,False,0.014480937433230355,4.245851187866554,0.8114052105207045,0.07167950219176478,0.023138358516111734,0.07532154186737904,0.1,6.0,0.31224350836359976,True
2007-06-01,2006-05-22,2007-03-23,215,216,2008-09-22,549,2008-10-05,False,0.015214186061060155,5.268474574935519,0.0016093987724349482,0.0005566196131531223,2.9093274918938418e-05,0.0005573794151134758,0.9,6.0,0.05222026687579217,True
2007-06-01,2006-05-08,2007-03-23,225,226,2008-09-18,545,2008-10-05,False,0.01850385443778176,4.797935446308753,0.00300108433865272,0.0007836502142257189,-8.100149615480217e-05,0.0007878254252277794,0.9,6.0,-0.10299857200607292,True
2007-06-01,2006-04-21,2007-03-23,235,236,2008-10-05,562,2008-10-05,False,0.019340827768041156,4.370749782720439,0.0041433451930944125,0.0009780481736231506,6.9988754457738465e-06,0.0009780732151455156,0.9,6.0,0.007155839735243921,True
2007-06-01,2006-04-05,2007-03-23,245,246,2008-10-05,562,2008-10-05,False,0.019065400044898876,4.422199370201871,0.003998237529386808,0.0009524267849493449,9.699212613296926e-06,0.0009524761705230549,0.9,6.0,0.010183331143182525,True
2007-06-01,2006-03-22,2007-03-23,255,256,2008-10-02,559,2008-10-05,False,0.019173813781697763,4.59227876667226,0.003533056451554488,0.0008707131535392064,-3.87976124524049e-06,0.000870721797300096,0.9,6.0,-0.004455813665867277,True
2007-06-01,2006-03-08,2007-03-23,265,266,2008-09-20,547,2008-10-05,True,0.020018587426607226,5.955753393477709,-0.00027673556933589826,-0.00014397068930927708,9.559823666268428e-05,0.00017281950767550225,0.9,11.187325102465259,2.5554302869515255,True
2007-06-01,2006-02-22,2007-03-23,275,276,2008-08-23,519,2008-10-05,True,0.020338688225050635,6.105436508539496,-0.0007184003810157538,3.373732170791869e-05,0.00012074376022447244,0.0001253685068474874,0.9,12.992117006457796,1.29833245075586,True
2007-06-01,2006-02-08,2007-03-23,285,286,2008-06-27,462,2008-10-05,True,0.0206394651362164,6.134226099924355,-0.0008670082024444382,0.00011710398059478915,2.2135305759532958e-05,0.00011917765743717556,0.9,13.0,0.18681848914628973,True
2007-06-01,2006-01-25,2007-03-23,295,296,2008-05-22,426,2008-10-05,True,0.02076272211156496,6.143489316149093,-0.00094559845052654,9.822631714516257e-05,-6.798477574365417e-05,0.00011945852465528363,0.9,13.0,-0.6054203682834567,True
2007-06-01,2006-01-11,2007-03-23,305,306,2008-04-30,404,2008-10-05,True,0.02088874335725747,6.14666901585454,-0.000989439800919942,5.4508630906468535e-05,-0.00010884489803298178,0.00012173086162147961,0.9,13.0,-1.1065154894582974,True
2007-06-01,2005-12-28,2007-03-23,315,316,2008-04-24,398,2008-10-05,True,0.020604854008348685,6.146996623219772,-0.0009987714853701732,4.148765123242888e-05,-0.00011571924717743262,0.00012293156377470924,0.9,13.0,-1.226551663616968,True
2007-06-01,2005-12-13,2007-03-23,325,326,2007-05-02,40,2008-10-05,True,0.019669620469093322,5.962564857424093,-0.0009605839115974809,-0.00010517516732125503,0.000245176654203196,0.00026678344698899056,0.9,7.612007560457396,1.9760307755493343,True
2007-06-01,2005-11-29,2007-03-23,335,336,2008-04-23,397,2008-10-05,True,0.020031530190066843,6.147475479129209,-0.00100199022201391,3.8603918948874294e-05,-0.00011701739362157825,0.0001232206677802009,0.9,13.0,-1.2521398672377109,True
2007-06-01,2005-11-15,2007-03-23,345,346,2008-04-24,398,2008-10-05,True,0.01975536624395563,6.147061611288766,-0.001000087668892115,3.957164380839142e-05,-0.00011627870681328446,0.00012282773567833923,0.9,13.0,-1.2427735170829364,True
2007-06-01,2005-11-01,2007-03-23,355,356,2008-04-26,400,2008-10-05,True,0.01951801590536969,6.147349088186818,-0.000996781113465585,4.592492938520576e-05,-0.00011258445324315139,0.00012159094641911245,0.9,13.0,-1.1834850300894952,True
2007-06-01,2005-10-18,2007-03-23,365,366,2008-04-22,396,2008-10-05,True,0.019405339984744446,6.1475330150605485,-0.0010044042548160623,3.557245604097472e-05,-0.00011933298288392932,0.0001245221282855511,0.9,13.0,-1.2810889964341825,True
2007-06-01,2005-10-04,2007-03-23,375,376,2008-04-28,402,2008-10-05,True,0.019860511510405736,6.145368356422244,-0.0009874777617410809,4.8747965116861564e-05,-0.00010752572018072678,0.0001180599195468924,0.9,13.0,-1.1451509309883172,True
2007-06-01,2005-09-20,2007-03-23,385,386,2008-04-17,391,2008-10-05,True,0.020656731002273034,6.323826444166636,-0.014366541843851222,0.00018810001335005638,-0.0010262271339645732,0.001043323413667801,0.5542283143925778,13.0,-1.3895157976092682,True
2007-06-01,2005-09-06,2007-03-23,395,396,2007-06-04,73,2008-10-05,True,0.020125571193582138,6.146914978471965,-0.041616990181830425,0.002988909605645958,0.003170797161974397,0.004357468906728718,0.3645776748299203,9.419490736613788,0.8149181918503339,True
2007-06-01,2005-08-23,2007-03-23,405,406,2007-05-30,68,2008-10-05,True,0.019971837343394035,6.119436941627995,-0.032261332021827724,0.002765142997751557,-0.0024312753009942713,0.0036819988304233955,0.3951405456254768,9.177193684746056,-0.7212367719953932,True
2007-06-01,2005-08-09,2007-03-23,415,416,2007-05-31,69,2008-10-05,True,0.0197407084744549,6.124158868603217,-0.033676602271222746,0.0035429870239675797,-0.0013399226809731437,0.00378789517317849,0.3900313657849535,9.233462633176817,-0.361564548613896,True
2007-06-01,2005-07-26,2007-03-23,425,426,2007-05-29,67,2008-10-05,True,0.019563534192795492,6.111849426711813,-0.029869031542331094,0.0011326789553747182,-0.003296031323682628,0.0034852236804322643,0.4045983229708821,9.094494872975297,-1.2397902845690654,True
2007-06-01,2005-07-12,2007-03-23,435,436,2007-05-25,63,2008-10-05,True,0.01957104759950819,6.090743045012373,-0.023826250879869074,-0.0028839993656525472,-0.0006582644315114726,0.00295816909639686,0.4326408281146417,8.82756009378859,-2.917189752057774,True
2007-06-01,2005-06-28,2007-03-23,445,446,2008-04-02,376,2008-10-05,True,0.020056648413899935,7.094310712362233,-0.33388354978001905,-0.001394544458689865,-0.008969542860643852,0.00907730430117828,0.2096639642578272,13.0,-1.7250369699976371,True
2007-06-01,2005-06-14,2007-03-23,455,456,2008-04-07,381,2008-10-05,True,0.01997561095708798,6.883522586428554,-0.20983286541449794,-0.000254694114978235,-0.006813378515302046,0.006818137273844232,0.2537093317844889,13.0,-1.6081604009361992,True
2007-06-01,2005-05-31,2007-03-23,465,466,2008-04-17,391,2008-10-05,True,0.020160980277071038,6.663215726679168,-0.10423644638210842,0.000797507918267785,-0.0041554534814542445,0.004231289698925142,0.3258955787340961,13.0,-1.3811834899325377,True
2007-06-01,2005-05-17,2007-03-23,475,476,2008-04-02,376,2008-10-05,True,0.02100634974711209,6.428937054371822,-0.03574369608666133,0.0017133903257359915,0.0009432615351455686,0.0019558754387769333,0.44362154758013556,12.362156827227679,0.5032449949538119,True
2007-06-01,2005-05-03,2007-03-23,485,486,2007-12-18,270,2008-10-05,True,0.021698941386613324,6.240398254852562,-0.014591216810488038,-0.000692304071004465,0.000873219491381403,0.0011143595500814588,0.5424469659265644,10.00081905436198,2.2411425906945985,True
2007-06-01,2005-04-19,2007-03-23,495,496,2007-11-05,227,2008-10-05,True,0.022007539375880528,6.160493976331847,-0.007763109752724092,0.0003582896854998239,0.0006161941360059134,0.0007127879852969162,0.6195116548364338,8.934419434676684,1.0441238391688183,True
2007-06-01,2005-04-05,2007-03-23,505,506,2007-10-09,200,2008-10-05,True,0.021846608035168507,6.149130559553359,-0.008445690549870091,-0.0005709047460864358,-0.0005632149044220956,0.0008019621298211082,0.606402560507723,8.465657174267205,-2.36297483635652,True
2007-06-01,2005-03-18,2007-03-23,515,516,2007-10-26,217,2008-10-05,True,0.021645946537846024,6.153359555767648,-0.007617092851502155,0.0006868785633817974,-0.000188929965457611,0.0007123880211522762,0.6213055817704294,8.7507815481506,-0.2684181312449878,True
2007-06-01,2005-03-04,2007-03-23,525,526,2007-10-22,213,2008-10-05,True,0.021487374878280396,6.155918438385019,-0.008223460389867493,0.0006277709361810905,-0.00044056803494433574,0.0007669397249643522,0.6109764001222482,8.708386921679336,-0.611931280524122,True
2007-06-01,2005-02-18,2007-03-23,535,536,2007-10-23,214,2008-10-05,True,0.021319445765928157,6.160581845925614,-0.008755911238366082,0.0007597218754702112,-0.0002806292491246181,0.0008098951188470159,0.6028316411237968,8.749026117283572,-0.353838152915851,True
2007-06-01,2005-02-04,2007-03-23,545,546,2007-10-19,210,2008-10-05,True,0.021147205160204796,6.161347994759394,-0.009179184412139541,0.0006278468721347773,-0.0005731628522182731,0.0008501219618457162,0.5963564218788693,8.698936693309687,-0.7398978842529647,True
2007-06-01,2005-01-21,2007-03-23,555,556,2007-10-18,209,2008-10-05,True,0.02125756699249342,6.149256743062367,-0.007736043165572987,9.94526530124313e-05,-0.0007189649394148222,0.0007258108667545355,0.6186815380309565,8.587637869520515,-1.4333410683595322,True
2007-06-01,2005-01-07,2007-03-23,565,566,2007-09-22,183,2008-10-05,True,0.0214413266865274,6.127183685818873,-0.007141034447911732,0.0004393242143149659,0.0005456052954393785,0.0007004933288011768,0.6271171433949098,8.025180723547466,0.8928895386961192,True
2007-06-01,2004-12-22,2007-03-23,575,576,2007-09-05,166,2008-10-05,True,0.021603466868574922,6.109909404038921,-0.00644406623640638,-0.00019447698477906836,-0.00062254153187504,0.0006522110521281277,0.6393435852217264,7.625191474038732,-1.8735827868609018,True
2007-06-01,2004-12-08,2007-03-23,585,586,2007-08-17,147,2008-10-05,True,0.021785325888376887,6.092676807522633,-0.005855241840805096,2.509995527965014e-05,0.0006117036146205965,0.0006122183596519657,0.650614475332938,7.207437788103183,1.5297864618999357,True
2007-06-01,2004-11-24,2007-03-23,595,596,2007-08-10,140,2008-10-05,True,0.02189614989682216,6.08211933902645,-0.005236944926496074,0.0005519158102546299,4.990323961946144e-05,0.0005541672986865447,0.6651171769100942,6.991704997140678,0.09017300836900642,True
2007-06-01,2004-11-10,2007-03-23,605,606,2007-08-07,137,2008-10-05,True,0.021915812890496534,6.075324315621624,-0.004759084398465334,0.00037609506174300655,-0.0003370372448232414,0.0005050164352429705,0.6779099747076862,6.865339353400626,-0.7306834449943643,True
2007-06-01,2004-10-27,2007-03-23,615,616,2007-07-16,115,2008-10-05,True,0.022177848251238017,6.058375702139104,-0.004427136355260906,-0.0003681461703686433,0.0003187134457213424,0.00048693928085611374,0.6859391596891565,6.410290649495387,2.4280398005139925,True
2007-06-01,2004-10-13,2007-03-23,625,626,2007-07-06,105,2008-10-05,True,0.022620198510146863,6.045823034007197,-0.0038414436010026135,0.0003712815701485522,0.00021100237678289748,0.00042705035691356836,0.7047512933565927,6.120833669361855,0.5167907049954621,True
2007-06-01,2004-09-29,2007-03-23,635,636,2007-07-04,103,2008-10-05,True,0.02260443136051315,6.041490349615147,-0.0035613137873797963,0.00039401414730628386,-2.4206260648373414e-05,0.0003947570028917472,0.7151813043336451,6.029674685710055,-0.06135788783417187,True
2007-06-01,2004-09-15,2007-03-23,645,646,2007-07-06,105,2008-10-05,True,0.02265993033497218,6.0374625851023636,-0.003157000967837968,0.00033806316763554,-7.092454916887508e-05,0.0003454229248133126,0.7321425519921939,6.0,-0.20679750769754213,True
2007-06-01,2004-09-01,2007-03-23,655,656,2007-07-09,108,2008-10-05,True,0.022710510375984743,6.034496648456832,-0.0027785508978342686,0.00029494099390545386,-4.203953208695133e-05,0.0002979219900309925,0.7502650758788827,6.0,-0.14158173089675155,True
2007-06-01,2004-08-18,2007-03-23,665,666,2007-07-14,113,2008-10-05,True,0.023116424382284326,6.029846068767274,-0.0022456723835284935,0.00023182782384875017,-7.782692923193366e-06,0.00023195842347193142,0.7804426398786458,6.0,-0.03355840139962563,True
2007-06-01,2004-08-04,2007-03-23,675,676,2007-07-21,120,2008-10-05,True,0.023576836266745633,6.025209709284413,-0.0017797103389239487,0.00017524821422841455,1.5016522716647276e-05,0.00017589039923983306,0.8133664539354257,6.0,0.08547837108856084,True
2007-06-01,2004-07-21,2007-03-23,685,686,2007-07-23,122,2008-10-05,True,0.02349614062575284,6.0237404862344155,-0.0016371134618174106,0.00015756331166749937,2.060815852143585e-05,0.0001589052968949562,0.8251849156218287,6.0,0.1300546229315659,True
2007-06-01,2004-07-07,2007-03-23,695,696,2007-07-24,123,2008-10-05,True,0.023352178942097686,6.0231354999049325,-0.0015921753106256623,0.0001521321826635364,2.176584109526064e-05,0.0001536813353682084,0.8291081891086586,6.0,0.14210751459206378,True
2007-06-01,2004-06-23,2007-03-23,705,706,2007-07-21,120,2008-10-05,True,0.02329796957134853,6.024557080614673,-0.0017311433495996744,0.000169856264572301,1.6800450312228876e-05,0.00017068510698109893,0.8172858845815816,6.0,0.09858913717748097,True
2007-06-01,2004-06-09,2007-03-23,715,716,2007-07-19,118,2008-10-05,True,0.023258336298964732,6.026746348651359,-0.0018960462614690467,0.0001904962284507356,1.2455921531518576e-05,0.0001909030199738972,0.8045038437321311,6.0,0.06529376246271264,True
2007-06-01,2004-05-25,2007-03-23,725,726,2007-07-20,119,2008-10-05,True,0.023122418558216153,6.027663454120716,-0.0019348965967881293,0.0001948201096171743,1.3036512663291527e-05,0.00019525579574923755,0.8017037470426484,6.0,0.06681603311094027,True
2007-06-01,2004-05-11,2007-03-23,735,736,2007-07-20,119,2008-10-05,True,0.023003866193671417,6.026135884117097,-0.001850619721233294,0.00018462984413354741,1.3409317879518965e-05,0.0001851161504320247,0.8078977313137137,6.0,0.07250081877086197,True
2007-06-01,2004-04-27,2007-03-23,745,746,2007-07-18,117,2008-10-05,True,0.02301103684389806,6.028111767322749,-0.001999248452839289,0.0002038742251380892,1.0232649239586916e-05,0.00020413085701607365,0.797090540413777,6.0,0.05014890783794036,True
2007-06-01,2006-10-02,2007-03-30,125,126,2007-06-01,63,2008-10-05,True,0.014034635034803239,6.286974994398247,-0.2343760613326361,-0.010350769947168381,-0.008972863887749094,0.013698566525271027,0.1,6.0,-2.4273807782987626,True
2007-06-01,2006-09-18,2007-03-30,135,136,2008-02-10,317,2008-10-05,True,0.015622231841013723,6.151969715494672,-0.1608175435713205,-0.020632709285875434,-0.02602116025647784,0.0332085753017011,0.1,6.0,-2.2412055186569537,True
2007-06-01,2006-09-04,2007-03-30,145,146,2008-07-22,480,2008-10-05,False,0.015369373503265778,5.574238614034323,0.12674765460038423,0.05787462755156376,-0.00852372222371972,0.05849894319369672,0.1,6.0,-0.1462278502994414,True
2007-06-01,2006-08-21,2007-03-30,155,156,2008-08-03,492,2008-10-05,False,0.014926916837259408,4.391667767326532,0.7508754084232891,0.06505141140011533,-0.010828534165250037,0.06594651831078759,0.1,6.0,-0.16494872974828542,True
2007-06-01,2006-08-07,2007-03-30,165,166,2008-08-03,492,2008-10-05,False,0.014566764993805353,4.818728188496277,0.5250150908332202,0.0629480576175428,-0.007155090336396913,0.06335339987359391,0.1,6.0,-0.11318081121529783,True
2007-06-01,2006-07-24,2007-03-30,175,176,2008-07-22,480,2008-10-05,False,0.014227669296103453,4.9981011345957,0.43304266297128857,0.05901176974401326,-0.014012816310845388,0.06065268328179664,0.1,6.0,-0.23314003467363512,True
2007-06-01,2006-07-10,2007-03-30,185,186,2008-09-26,546,2008-10-05,False,0.014489583773372738,5.354670869416271,0.23166333782994242,0.05790928411656765,0.033925223475025815,0.06711487148705417,0.1,6.0,0.5299381477890925,True
2007-06-01,2006-06-26,2007-03-30,195,196,2008-09-26,546,2008-10-05,False,0.014490441004276778,4.450011178607994,0.7052222553910379,0.06597334364371314,0.03017012655664858,0.07254459737275862,0.1,6.0,0.4289144744245564,True
2007-06-01,2006-06-12,2007-03-30,205,206,2008-09-23,543,2008-10-05,True,0.014471664347090737,5.886477542064167,-0.04533427689624018,0.05329907804712879,0.0333061767070852,0.06284976632826499,0.1,6.0,0.55852177316779,True
2007-06-01,2006-05-29,2007-03-30,215,216,2008-09-28,548,2008-10-05,False,0.015227440902387234,5.457326810103767,0.0010616605273085062,0.0004613850180750121,7.081110615250069e-05,0.0004667872616713314,0.9,6.0,0.15228682169772778,True
2007-06-01,2006-05-15,2007-03-30,225,226,2008-09-15,535,2008-10-05,False,0.016047740382460658,5.48249659986941,0.0010390587829804316,-0.0003015235808941107,-0.00030373482465854143,0.0004279851791190464,0.9,6.6064182764092605,-2.3525411184981717,True
2007-06-01,2006-04-28,2007-03-30,235,236,2008-10-05,555,2008-10-05,False,0.019642640569532705,4.668704927836138,0.0033227089097557423,0.000837722558572655,-8.290657217959949e-07,0.0008377229688217259,0.9,6.0,-0.0009896659014836402,True
2007-06-01,2006-04-12,2007-03-30,245,246,2008-10-05,555,2008-10-05,False,0.01967846283178389,4.549405050726645,0.0036640303738195846,0.0008967620219150305,-1.2887805750637056e-05,0.0008968546256145417,0.9,6.0,-0.014370499936945738,True
2007-06-01,2006-03-29,2007-03-30,255,256,2008-10-05,555,2008-10-05,False,0.019463717912558687,4.629708718752882,0.003436592129440354,0.0008562327037414245,-7.5581819684220584e-06,0.0008562660620805998,0.9,6.0,-0.008827022878752401,True
2007-06-01,2006-03-15,2007-03-30,265,266,2008-09-30,550,2008-10-05,False,0.01965953546026416,5.587485390427888,0.0007522827778362886,-0.00031317485288451306,-9.246527308711601e-05,0.00032653991364963537,0.9,8.436227619508758,-2.854498165875189,True
2007-06-01,2006-03-01,2007-03-30,275,276,2008-08-25,514,2008-10-05,True,0.020401963666643742,6.075243561719901,-0.0006277161934914058,-0.00012792616215392917,4.346848252995761e-05,0.00013510962932704172,0.9,12.25997125112269,2.814039231560923,True
2007-06-01,2006-02-15,2007-03-30,285,286,2008-08-03,492,2008-10-05,True,0.020461478719116334,6.126510721143938,-0.0007985585483159649,7.15240680713794e-05,9.584549093543899e-05,0.00011959118046969279,0.9,13.0,0.9297037600154894,True
2007-06-01,2006-02-01,2007-03-30,295,296,2008-06-09,437,2008-10-05,True,0.02065158224552872,6.1437127813453465,-0.0009186267563319458,0.00011526713553173375,-2.4403606823412662e-05,0.00011782210556462988,0.9,13.0,-0.20863273811106325,True
2007-06-01,2006-01-18,2007-03-30,305,306,2008-05-03,400,2008-10-05,True,0.020955167087096507,6.148886675359069,-0.0009895643854931923,6.266102905617987e-05,-0.00010313099174990138,0.00012067479447547298,0.9,13.0,-1.0248169655379196,True
2007-06-01,2006-01-04,2007-03-30,315,316,2008-04-29,396,2008-10-05,True,0.020653240722525838,6.149052868726818,-0.0009975613230972502,5.167962696105146e-05,-0.0001099459268067977,0.00012148617478643055,0.9,13.0,-1.131397883368807,True
2007-06-01,2005-12-20,2007-03-30,325,326,2008-04-22,389,2008-10-05,True,0.02038204923525305,6.148949210747337,-0.0010076863360078186,3.5360350981230326e-05,-0.00011797202917333634,0.00012315743618957937,0.9,13.0,-1.2795826318462393,True
2007-06-01,2005-12-06,2007-03-30,335,336,2008-04-23,390,2008-10-05,True,0.020094740278083924,6.149336708860269,-0.0010073901271425729,3.769066724420147e-05,-0.00011691260871228088,0.00012283787882092404,0.9,13.0,-1.2589330023393137,True
2007-06-01,2005-11-22,2007-03-30,345,346,2008-04-24,391,2008-10-05,True,0.019831776174547924,6.149341283689327,-0.0010059499376954687,3.995694316471073e-05,-0.0001157350140859864,0.00012243835507124145,0.9,13.0,-1.238363788481373,True
2007-06-01,2005-11-08,2007-03-30,355,356,2008-04-26,393,2008-10-05,True,0.019582309384351942,6.149200556525418,-0.0010022374929323885,4.485152230774814e-05,-0.00011269818941403467,0.00012129526351232377,0.9,13.0,-1.1920333308986921,True
2007-06-01,2005-10-25,2007-03-30,365,366,2008-04-24,391,2008-10-05,True,0.019442265276692978,6.149527396796721,-0.0010066957968401882,3.99721198858339e-05,-0.00011621335739776714,0.00012289554428793843,0.9,13.0,-1.2395172751803343,True
2007-06-01,2005-10-11,2007-03-30,375,376,2008-04-25,392,2008-10-05,True,0.019353036378159782,6.149166523929901,-0.0010039719517221572,4.2009462488503546e-05,-0.00011436367388597772,0.00012183531853806287,0.9,13.0,-1.2187649791675472,True
2007-06-01,2005-09-27,2007-03-30,385,386,2008-04-24,391,2008-10-05,True,0.02039830746504922,6.223123147909665,-0.004129423728138276,0.0001240117152068659,-0.0003612305026605833,0.00038192457574888586,0.7121227474195302,13.0,-1.2400995722863615,True
2007-06-01,2005-09-13,2007-03-30,395,396,2007-06-11,73,2008-10-05,True,0.02037833086033334,6.114745639901217,-0.028357705964822906,-0.001985991913354258,0.0025740485196089147,0.0032511366721824156,0.4119825199391365,9.623762922523317,2.2279436769937035,True
2007-06-01,2005-08-30,2007-03-30,405,406,2007-06-11,73,2008-10-05,True,0.020210929501429307,6.118829273846572,-0.029641638658242098,-0.0025028910833693706,0.0022244834961148608,0.00334855052219573,0.4064937158640384,9.653168402689841,2.415019188699205,True
2007-06-01,2005-08-16,2007-03-30,415,416,2007-06-09,71,2008-10-05,True,0.02003496455855333,6.105242847463223,-0.02564280774875838,6.149602181418183e-05,0.0030291735528113206,0.0030297977116881133,0.4243932079097398,9.516923330409547,1.5504978610620883,True
2007-06-01,2005-08-02,2007-03-30,425,426,2008-03-24,360,2008-10-05,True,0.02041242531704315,7.620444196423058,-0.705772373379167,-0.004491499244704822,-0.012719672067835738,0.013489389273738996,0.14692673839610698,13.0,-1.910242959777736,True
2007-06-01,2005-07-19,2007-03-30,435,436,2007-06-03,65,2008-10-05,True,0.019752356489219827,6.083517344279796,-0.020230440643681,0.0023235348445366857,-0.0010587829212461053,0.0025533968450083423,0.4537769877342176,9.20619662763239,-0.42756542759348054,True
2007-06-01,2005-07-05,2007-03-30,445,446,2008-03-28,364,2008-10-05,True,0.02003643086739223,7.315230891529453,-0.47965504488438454,-0.0027773565016699503,-0.010689212894150802,0.011044137876441425,0.17819060127262704,13.0,-1.8250032427377172,True
2007-06-01,2005-06-21,2007-03-30,455,456,2008-04-03,370,2008-10-05,True,0.01994106686352522,7.023732809797048,-0.2878119069100804,-0.0009361572912983326,-0.008169212338489409,0.008222677222497464,0.22386512657253166,13.0,-1.6848943951055386,True
2007-06-01,2005-06-07,2007-03-30,465,466,2008-04-11,378,2008-10-05,True,0.019942496081419715,6.79996368241833,-0.1644346515368138,0.00029641612462073114,-0.0057340652826883935,0.005741721622045734,0.2787060826461689,13.0,-1.5191484122523726,True
2007-06-01,2005-05-24,2007-03-30,475,476,2008-04-23,390,2008-10-05,True,0.020426676957152307,6.564234551384195,-0.0667644578587103,0.0004396104160158715,-0.002990973202359866,0.0030231073442907185,0.3752083736242425,12.971641979074304,-1.4248621495356042,True
2007-06-01,2005-05-10,2007-03-30,485,486,2008-01-08,284,2008-10-05,True,0.021390479328677544,6.298353216739386,-0.0218681183303777,0.0014342508005143787,-0.00038681893459971244,0.0014854979794469575,0.49468351293643403,10.53749425786003,-0.26343316819744195,True
2007-06-01,2005-04-26,2007-03-30,495,496,2007-10-31,215,2008-10-05,True,0.021864107901143157,6.176188208554035,-0.010012727621987204,0.0004343205804196754,0.0007722364193598201,0.0008859929198146901,0.586219845723324,8.950937600077289,1.058468256456976,True
2007-06-01,2005-04-12,2007-03-30,505,506,2007-10-13,197,2008-10-05,True,0.021830696678287492,6.146273864164853,-0.007812957482904101,-0.00032999511926387506,-0.0006696758397794369,0.0007465671497744012,0.6168775006663482,8.507720784146647,-2.0286419702743537,True
2007-06-01,2005-03-29,2007-03-30,515,516,2007-10-24,208,2008-10-05,True,0.021639133533795086,6.155333308456679,-0.008009791861724923,0.0006730852108425008,-0.0003229440847546132,0.0007465497859706937,0.6145719619643372,8.729146979091594,-0.447354757529353,True
2007-06-01,2005-03-11,2007-03-30,525,526,2007-10-11,195,2008-10-05,True,0.021446648575436846,6.1458847941346955,-0.007892867069709871,-0.0004627133968313031,-0.0005962937602629831,0.00075476482173968,0.6154006099293641,8.47996967787221,-2.230719794031647,True
2007-06-01,2005-02-25,2007-03-30,535,536,2007-10-23,207,2008-10-05,True,0.021312179015085815,6.1596964260332525,-0.008631067343165226,0.0007431827866767646,-0.0002942314669995491,0.0007993077070724067,0.6047212779577485,8.744672594590426,-0.3769731885601827,True
2007-06-01,2005-02-11,2007-03-30,545,546,2007-10-14,198,2008-10-05,True,0.021152107346818168,6.1590575558661005,-0.009350243459462641,0.00015830679803809387,-0.0008580337386742327,0.0008725152944266108,0.5934429786926018,8.61031541013909,-1.388348538541949,True
2007-06-01,2005-01-28,2007-03-30,555,556,2007-10-15,199,2008-10-05,True,0.021056437509914174,6.154493322182356,-0.008664487865683138,4.932433769540604e-05,-0.0008103621533657423,0.0008118618785832067,0.6034960229784292,8.586796698560258,-1.5100042965387999,True
2007-06-01,2005-01-14,2007-03-30,565,566,2007-10-08,192,2008-10-05,True,0.021254610699933542,6.138721679111277,-0.007266210037007024,-0.000688829292053105,-9.517069662382538e-05,0.0006953727454295617,0.6260727593941904,8.362808443667717,-3.0042988870639076,True
2007-06-01,2004-12-30,2007-03-30,575,576,2007-09-08,162,2008-10-05,True,0.021429587562928506,6.113932407223925,-0.006760542208589787,0.00024404778184182886,-0.0006395283064297901,0.0006845113399695233,0.6328504466791703,7.7262198918715885,-1.2062467881569896,True
2007-06-01,2004-12-15,2007-03-30,585,586,2007-09-08,162,2008-10-05,True,0.021610083665963634,6.104315479986981,-0.005699374195140789,-0.00015979939147145797,-0.0005559927423814115,0.0005785013181449554,0.6557771514027858,7.6195831852919715,-1.8506655393563873,True
2007-06-01,2004-12-01,2007-03-30,595,596,2007-08-24,147,2008-10-05,True,0.021738927234207468,6.089410567097323,-0.005162039036104435,-0.0002397725132547868,0.0004815492652995633,0.0005379410311763419,0.6678302200830313,7.2705502462231415,2.0327777248203303,True
2007-06-01,2004-11-17,2007-03-30,605,606,2007-08-11,134,2008-10-05,True,0.021850565919594587,6.07626119848859,-0.004708308330470058,0.0004993308735910426,-5.121178160951041e-05,0.0005019501647542452,0.6791514575151512,6.958321091129402,-0.10220346527923488,True
2007-06-01,2004-11-03,2007-03-30,615,616,2007-08-05,128,2008-10-05,True,0.02190826697554363,6.068196294353652,-0.004276090993123292,0.0001586562302516068,-0.00043018348334661696,0.0004585080465399489,0.691865088630762,6.790046395677724,-1.217462987237759,True
2007-06-01,2004-10-20,2007-03-30,625,626,2007-07-26,118,2008-10-05,True,0.022451127921331058,6.054379283524133,-0.003639415515297673,-0.00039101268577472503,4.8281052534369223e-05,0.0003939822083173178,0.7132142265123276,6.481560957948414,3.0187375608555325,True
2007-06-01,2004-10-06,2007-03-30,635,636,2007-07-19,111,2008-10-05,True,0.022546854459800716,6.04628995203728,-0.003312561725649335,-6.617347654862802e-05,0.0003544772627900372,0.0003606009689860094,0.7257442286910061,6.290971028634989,1.7553510845632518,True
2007-06-01,2004-09-22,2007-03-30,645,646,2007-07-07,99,2008-10-05,True,0.02262798126851852,6.03624311096685,-0.003091531564189214,0.00034173743169505557,-1.818912962879175e-05,0.00034222115168146137,0.7343942323892175,6.023871129631055,-0.05317527665650567,True
2007-06-01,2004-09-08,2007-03-30,655,656,2007-07-08,100,2008-10-05,True,0.022623815830862367,6.032959916140398,-0.002786530704158952,0.00030014933875370807,-5.0911552598686374e-05,0.00030443654797395305,0.7490588589941043,6.0,-0.1680215256767439,True
2007-06-01,2004-08-25,2007-03-30,665,666,2007-07-12,104,2008-10-05,True,0.022770511498250424,6.029693311672328,-0.0023995199249383504,0.00025426540140120957,-2.3536892709063193e-05,0.00025535246164491184,0.7703347331763145,6.0,-0.09230515793160074,True
2007-06-01,2004-08-11,2007-03-30,675,676,2007-07-20,112,2008-10-05,True,0.023412669894610695,6.025108606842035,-0.001852897867195038,0.00018676483712902508,9.874012850011495e-06,0.00018702566807150687,0.8071298597424731,6.0,0.05281951777272595,True
2007-06-01,2004-07-28,2007-03-30,685,686,2007-07-22,114,2008-10-05,True,0.023444763317313155,6.022172568504132,-0.0016434214283782911,0.00016171022914475397,1.608209870368513e-05,0.00016250794475583004,0.8240547443685037,6.0,0.09912416895005695,True
2007-06-01,2004-07-14,2007-03-30,695,696,2007-07-24,116,2008-10-05,True,0.023370334261642343,6.020595260354325,-0.0015085911303109358,0.000144935024060957,2.0664598542165935e-05,0.0001464007746989717,0.8361717777865965,6.0,0.14162384016223867,True
2007-06-01,2004-06-30,2007-03-30,705,706,2007-07-23,115,2008-10-05,True,0.023228576864348684,6.021218175923198,-0.0015582058398541784,0.00015116146784665462,1.9261810285094817e-05,0.00015238374813940687,0.831601680118516,6.0,0.126742362077089,True
2007-06-01,2004-06-16,2007-03-30,715,716,2007-07-20,112,2008-10-05,True,0.023235939362719008,6.023325421257673,-0.0017391997708926957,0.00017436230099391204,1.3338879036880768e-05,0.0001748717750291685,0.8160822202581653,6.0,0.07635221890940543,True
2007-06-01,2004-06-02,2007-03-30,725,726,2007-07-19,111,2008-10-05,True,0.02313879219143226,6.024687344146344,-0.0018395571884327905,0.00018715423049761083,1.0682575556670388e-05,0.00018745885792268344,0.8081938059093534,6.0,0.05701712878739812,True
2007-06-01,2004-05-18,2007-03-30,735,736,2007-07-20,112,2008-10-05,True,0.022998861005414713,6.024178585161103,-0.0018005558967099586,0.00018207845910514264,1.1710184065606149e-05,0.00018245463458337657,0.8112048686555773,6.0,0.06422549118283566,True
2007-06-01,2004-05-04,2007-03-30,745,746,2007-07-21,113,2008-10-05,True,0.022921806841298412,6.025490408654917,-0.0018339091977671352,0.0001851782292899615,1.42193319945663e-05,0.0001857233588037252,0.808730172063158,6.0,0.07663688881002124,True
2007-06-01,2006-10-09,2007-04-10,125,126,2007-05-23,43,2008-10-05,True,0.012408242136999863,6.200487110213126,-0.18175964921391943,-0.014538546008131804,-0.0010258132792701274,0.01457469083426788,0.1,6.0,-3.071151219933693,True
2007-06-01,2006-09-25,2007-04-10,135,136,2007-06-10,61,2008-10-05,True,0.014904918044390286,6.400974444642783,-0.30303300811094924,-0.002912916534624166,-0.012800271739800306,0.013127529826681684,0.1,6.0,-1.7945525136590643,True
2007-06-01,2006-09-11,2007-04-10,145,146,2007-08-06,118,2008-10-05,True,0.015939434124731852,6.941050743595171,-0.6145774266916662,0.010006924153953226,0.009497373924856847,0.013796327137739348,0.1,6.0,0.7592790819029269,True
2007-06-01,2006-08-28,2007-04-10,155,156,2007-08-12,124,2008-10-05,True,0.01560181561589658,7.028416282061054,-0.6643619681353575,0.0076839034504783965,0.01217173744894963,0.014394219838617049,0.1,6.0,1.007686216901775,True
2007-06-01,2006-08-14,2007-04-10,165,166,2007-09-19,162,2008-10-05,True,0.015203383740645216,7.320907274471553,-0.8239359773794408,-0.00771632536922337,0.013629340261906951,0.015662074995943482,0.1,6.0,2.085958295331676,True
2007-06-01,2006-07-31,2007-04-10,175,176,2007-10-16,189,2008-10-05,True,0.014913686333941644,7.548775099029544,-0.9471427446179103,-0.015786664038229675,0.00661375940241464,0.01711609111009176,0.1,6.0,2.7448609717063297,True
2007-06-01,2006-07-17,2007-04-10,185,186,2008-01-27,292,2008-10-05,True,0.01509030612903357,8.335240027440202,-1.3590592764438643,-0.0008622384071973188,-0.023736812759541204,0.02375246797813575,0.1,6.0,-1.6071053070375205,True
2007-06-01,2006-07-03,2007-04-10,195,196,2007-11-11,215,2008-10-05,True,0.015041938540571263,7.788714898376581,-1.0757983825896775,-0.018501869118136005,-0.0035832607113065462,0.01884566046043035,0.1,6.0,-2.950290781237621,True
2007-06-01,2006-06-19,2007-04-10,205,206,2008-01-20,285,2008-10-05,True,0.014873970870846126,8.161215547322573,-1.2630178141410133,0.017916974443677236,0.010818557681548602,0.02092986295999994,0.1,6.3895571345077515,0.5432207347437559,True
2007-06-01,2006-06-05,2007-04-10,215,216,2007-12-13,247,2008-10-05,True,0.015060751366829087,8.061238944974383,-1.2193904746051776,-0.01405249959420653,-0.015255184104868758,0.020741103801837912,0.1,6.0,-2.3151810105889488,True
2007-06-01,2006-05-22,2007-04-10,225,226,2007-10-11,184,2008-10-05,True,0.015792151788515535,7.633635035220684,-0.9972118050950318,-0.016488704123112548,0.007350764287378547,0.018053008039330968,0.1,6.0,2.722231876190164,True
2007-06-01,2006-05-08,2007-04-10,235,236,2008-06-21,438,2008-10-05,True,0.019571879244394318,6.163901416814736,-0.0009731371001655159,9.535492282486718e-05,2.8252501089128747e-05,9.945232588897857e-05,0.9,12.04052358339297,0.2880476440192622,True
2007-06-01,2006-04-21,2007-04-10,245,246,2008-10-05,544,2008-10-05,False,0.020958253392397673,4.798954163280274,0.0029889770457654837,0.0007804292258070564,-3.49479340451893e-05,0.0007812113251789354,0.9,6.0,-0.04475050494600118,True
2007-06-01,2006-04-05,2007-04-10,255,256,2008-10-05,544,2008-10-05,False,0.020620678464041635,4.784238677944733,0.003031390502462166,0.0007877463022284048,-3.681572036187057e-05,0.0007886061335928658,0.9,6.0,-0.0467015217237158,True
2007-06-01,2006-03-22,2007-04-10,265,266,2008-10-05,544,2008-10-05,False,0.020433014995141052,4.866230068088136,0.0027983233107127486,0.0007457151238320415,-3.0353221774540246e-05,0.0007463326094871719,0.9,6.0,-0.040681051815920244,True
2007-06-01,2006-03-08,2007-04-10,275,276,2008-10-05,544,2008-10-05,True,0.020779463094493467,6.013751941412272,-0.00042383512437323514,2.3073834042484925e-05,-0.0001510837232601312,0.0001528355104403556,0.9,11.516414525577213,-1.419245179410774,True
2007-06-01,2006-02-22,2007-04-10,285,286,2008-08-28,506,2008-10-05,True,0.020854477779961064,6.124882942607159,-0.0007649890024644083,4.577128300723828e-05,0.00011066472950078494,0.00011975680650222184,0.9,12.97018610524387,1.1786183593826398,True
2007-06-01,2006-02-08,2007-04-10,295,296,2008-06-27,444,2008-10-05,True,0.020961608148839787,6.146872028935839,-0.000902447295142439,0.00011513841360995955,1.6078542938202444e-05,0.00011625563999924364,0.9,13.0,0.13874808245733875,True
2007-06-01,2006-01-25,2007-04-10,305,306,2007-05-12,32,2008-10-05,True,0.020097158293343426,5.966564519957535,-0.0009591409841997315,0.00020827904575031436,-0.00016135501310147573,0.0002634684063633417,0.9,8.201902170006262,-0.6591263239809156,True
2007-06-01,2006-01-11,2007-04-10,315,316,2007-05-12,32,2008-10-05,True,0.01993304390974017,5.966412701741477,-0.0009589321469196309,0.00019148539999389982,-0.00018013794597179813,0.00026289986304629803,0.9,8.186465603096003,-0.7548728225636121,True
2007-06-01,2005-12-28,2007-04-10,325,326,2008-04-21,377,2008-10-05,True,0.020681594653029243,6.1523221481239165,-0.0010173774044973732,3.4344580032370504e-05,-0.00011750727382898898,0.00012242348459474964,0.9,13.0,-1.2864405593164945,True
2007-06-01,2005-12-13,2007-04-10,335,336,2008-04-19,375,2008-10-05,True,0.02038169678666525,6.152231025215312,-0.0010208112549696848,2.8437144624786355e-05,-0.00011979674780088326,0.00012312567554364706,0.9,13.0,-1.337731760539354,True
2007-06-01,2005-11-29,2007-04-10,345,346,2008-04-20,376,2008-10-05,True,0.020118172068081887,6.1520243957380005,-0.0010176066041140553,3.25309136611353e-05,-0.00011805351912476389,0.0001224536390695239,0.9,13.0,-1.30190888639433,True
2007-06-01,2005-11-15,2007-04-10,355,356,2008-04-23,379,2008-10-05,True,0.01985238077097046,6.152568348887163,-0.0010146527729366502,3.959461288921356e-05,-0.00011470706041273484,0.00012134843665403142,0.9,13.0,-1.2384216987143573,True
2007-06-01,2005-11-01,2007-04-10,365,366,2007-04-20,10,2008-10-05,True,0.019367847387228215,5.9528909577774,-0.0009339719750403433,-0.00012884512555967907,-0.0002219161547304989,0.0002566083515999824,0.9,6.953914412645659,-2.0968310135297386,True
2007-06-01,2005-10-18,2007-04-10,375,376,2008-04-21,377,2008-10-05,True,0.019505413719178948,6.152517479069152,-0.0010182043300827684,3.442331445821125e-05,-0.0001180457909546856,0.00012296248753341902,0.9,13.0,-1.287054587927811,True
2007-06-01,2005-10-04,2007-04-10,385,386,2008-04-29,385,2008-10-05,True,0.019954009798726215,6.150950561338154,-0.0010012366560625098,4.971280151407149e-05,-0.00010512887138089114,0.00011629033593638562,0.9,13.0,-1.1290833322452658,True
2007-06-01,2005-09-20,2007-04-10,395,396,2008-04-09,365,2008-10-05,True,0.020672488633201987,6.407987730540153,-0.027812095691894963,6.249148472339599e-05,-0.0016967366345861138,0.0016978870377058499,0.47618949948613604,13.0,-1.5339825689533237,True
2007-06-01,2005-09-06,2007-04-10,405,406,2007-06-18,69,2008-10-05,True,0.020366141053785862,6.106999849778929,-0.024849433797340413,-0.0012983450524328248,-0.0025585710180890163,0.0028691436927734833,0.4283875283620294,9.930485391018177,-2.0403855950450125,True
2007-06-01,2005-08-23,2007-04-10,415,416,2007-06-12,63,2008-10-05,True,0.020221204826592037,6.083302608132879,-0.019027124004370344,-0.0015791290167792437,0.0017880993036443497,0.0023855707013894158,0.46160505236905747,9.626968282503205,2.2942139513272215,True
2007-06-01,2005-08-09,2007-04-10,425,426,2007-06-13,64,2008-10-05,True,0.019991382933099152,6.086482156814769,-0.019640360817817008,-0.002147279188210644,0.0011516239866610004,0.0024366053678787497,0.4578093833322944,9.68131645288182,2.64931468360537,True
2007-06-01,2005-07-26,2007-04-10,435,436,2008-03-18,343,2008-10-05,True,0.020294945303561077,8.19480416957995,-1.1696278336629649,-0.0074845006204984355,-0.01503775722512446,0.016797377530436836,0.11129177814929746,13.0,-2.032613374567261,True
2007-06-01,2005-07-12,2007-04-10,445,446,2008-03-18,343,2008-10-05,True,0.020092440417273708,7.840323740889021,-0.8771408603942772,-0.006425643488810806,-0.013362434015248635,0.014827121671355182,0.13108869026491754,13.0,-2.0190261786497508,True
2007-06-01,2005-06-28,2007-04-10,455,456,2008-03-25,350,2008-10-05,True,0.020007245401847038,7.311572365065349,-0.47337387441717116,-0.0031127038347784075,-0.010372826488990926,0.010829794759539815,0.1799654419821345,13.0,-1.8623288191156406,True
2007-06-01,2005-06-14,2007-04-10,465,466,2008-04-01,357,2008-10-05,True,0.019946435337332778,7.01453171147853,-0.2789525809022043,-0.0010826467745921817,-0.00786798635828245,0.007942123983712013,0.2276272250532684,13.0,-1.707539110745389,True
2007-06-01,2005-05-31,2007-04-10,475,476,2008-04-01,357,2008-10-05,True,0.020150669854157748,6.721617177977214,-0.13041005346316553,-0.004864227150390966,-0.00020285523355526545,0.004868455198148729,0.3025364608690785,12.780973680263179,-3.0999133180637264,True
2007-06-01,2005-05-17,2007-04-10,485,486,2008-01-01,266,2008-10-05,True,0.020917923132881076,6.380618179426717,-0.04131820198620564,0.0023344608399806215,0.0006383785885059013,0.002420172439241844,0.41901518489527717,10.642935025832813,0.2669326975232554,True
2007-06-01,2005-05-03,2007-04-10,495,496,2007-11-11,215,2008-10-05,True,0.02152713047936223,6.226280537437777,-0.01624004245742117,-0.0011282337888837831,-0.0006007082727830404,0.0012781869626032963,0.5263698936588977,9.33224512933753,-2.6523369746933674,True
2007-06-01,2005-04-19,2007-04-10,505,506,2007-09-26,169,2008-10-05,True,0.02180950895050606,6.1398795847419425,-0.008279208569394106,-0.0004372722624635866,0.0006775204234973481,0.0008063751954121913,0.6081230103063883,8.215383683857267,2.143931609408949,True
2007-06-01,2005-04-05,2007-04-10,515,516,2007-10-02,175,2008-10-05,True,0.02165820598865334,6.147986796737196,-0.00884310011953178,-0.0008370147254384021,0.00010208013723183554,0.0008432164639154018,0.6000169316615589,8.341886032712928,3.020234565983131,True
2007-06-01,2005-03-18,2007-04-10,525,526,2007-10-02,175,2008-10-05,True,0.02146081337170816,6.144410191143978,-0.008381533789614048,-0.0007773360274242704,0.00021157451555682766,0.000805614718810954,0.607069608964545,8.318024161164317,2.8758510232131824,True
2007-06-01,2005-03-04,2007-04-10,535,536,2007-10-04,177,2008-10-05,True,0.021312536455212222,6.150497127933892,-0.008973592396579426,-0.0008298221385977136,-0.00018993309749484508,0.0008512810130802104,0.5983235039694268,8.391585704979697,-2.9165843536085925,True
2007-06-01,2005-02-18,2007-04-10,545,546,2007-10-05,178,2008-10-05,True,0.021152957836498773,6.156042033331754,-0.00956961125001958,-0.000721084240846779,-0.0005353931704909309,0.000898113761951072,0.5900640183572318,8.454346824956863,-2.50291946876742,True
2007-06-01,2005-02-04,2007-04-10,555,556,2007-10-19,192,2008-10-05,True,0.02098376041380807,6.1664148609982,-0.009655417862566795,0.0007142533833291271,-0.0005169064673666986,0.0008816746517863747,0.5903488475738606,8.715733637764902,-0.6264567447815473,True
2007-06-01,2005-01-21,2007-04-10,565,566,2007-09-30,173,2008-10-05,True,0.021088766720286936,6.144526645350962,-0.008531277698300638,-0.0007129204422758938,0.00039348338528703754,0.0008143001482941061,0.6045913490962369,8.284330786553527,2.637267588330968,True
2007-06-01,2005-01-07,2007-04-10,575,576,2007-09-20,163,2008-10-05,True,0.021270948970882324,6.127393986223085,-0.00730288804075748,0.0005679301383201864,0.0004373471253892092,0.0007168104003839444,0.6240836888431346,7.992998548177203,0.6562239478481531,True
2007-06-01,2004-12-22,2007-04-10,585,586,2007-09-02,145,2008-10-05,True,0.021434597152250236,6.107891690342803,-0.0064218761416531015,-0.00035786198563980535,-0.0005484793968197066,0.000654900640938588,0.6394352918278426,7.587051585382353,-2.1489003838862426,True
2007-06-01,2004-12-08,2007-04-10,595,596,2007-08-24,136,2008-10-05,True,0.02161974384298449,6.093860402599407,-0.005573905347067838,-0.0004046410193381853,0.0004148370429083517,0.0005795033448566033,0.6575814298650421,7.320861172952424,2.3437530375720876,True
2007-06-01,2004-11-24,2007-04-10,605,606,2007-08-18,130,2008-10-05,True,0.021738458932507018,6.083660406572793,-0.004917498907189799,0.0002393808742390764,0.00045709767738380015,0.0005159859393637865,0.6740541263874402,7.130991849897489,1.0883710035686218,True
2007-06-01,2004-11-10,2007-04-10,615,616,2007-08-05,117,2008-10-05,True,0.021762109950403397,6.070856017358928,-0.004550006582640426,0.0002690260117077383,-0.0004097684828189563,0.0004901889477406864,0.6832610314787242,6.828821895445292,-0.9898430748001041,True
2007-06-01,2004-10-27,2007-04-10,625,626,2007-07-26,107,2008-10-05,True,0.02203303343449438,6.058414188312128,-0.004003054368733049,-0.00041428950702215937,-0.00014001221262260197,0.0004373090615481693,0.6998922625301783,6.556169314612593,-2.8156862109675154,True
2007-06-01,2004-10-13,2007-04-10,635,636,2007-07-17,98,2008-10-05,True,0.022483984296599507,6.0463878433927265,-0.0034210904711500447,-6.010869883634539e-05,0.00037109275462139874,0.00037592936598288793,0.7209470120937164,6.292001109398871,1.7313791897948674,True
2007-06-01,2004-09-29,2007-04-10,645,646,2007-07-07,88,2008-10-05,True,0.02247628845270958,6.0367543319021815,-0.0032050547540484484,0.0003571922169492914,3.7126410102789574e-05,0.00035911648552561633,0.7289442283884349,6.052783543339442,0.10356768916494848,True
2007-06-01,2004-09-15,2007-04-10,655,656,2007-07-07,88,2008-10-05,True,0.022528679938855264,6.033507931247729,-0.002903805770425648,0.00031470839346261516,-6.226829170476509e-05,0.00032080946536480173,0.742972793911219,6.0,-0.1953372953503112,True
2007-06-01,2004-09-01,2007-04-10,665,666,2007-07-10,91,2008-10-05,True,0.022574856767805993,6.031101128956393,-0.0025872851108661213,0.0002773322237238598,-3.7347545841874e-05,0.00027983566873440545,0.7594998740005051,6.0,-0.13386184123124015,True
2007-06-01,2004-08-18,2007-04-10,675,676,2007-07-15,96,2008-10-05,True,0.02297315204165381,6.027523798218194,-0.002131889241632392,0.00022144193928159647,-5.8027579896078305e-06,0.00022151795519343397,0.7871898156511014,6.0,-0.026198426363005116,True
2007-06-01,2004-08-04,2007-04-10,685,686,2007-07-21,102,2008-10-05,True,0.023428637199688192,6.0231128979136095,-0.0017083235997834242,0.00016922097931665667,1.4165437203571317e-05,0.00016981283653498243,0.8186747244906809,6.0,0.08351499003891114,True
2007-06-01,2004-07-21,2007-04-10,695,696,2007-07-21,102,2008-10-05,True,0.023351273535047998,6.020503335545332,-0.0015617857296199263,0.0001521554915019817,1.641222087257221e-05,0.00015303808215009663,0.8312833878494942,6.0,0.1074493621418217,True
2007-06-01,2004-07-07,2007-04-10,705,706,2007-07-24,105,2008-10-05,True,0.023209473958099747,6.02132387615566,-0.0015375235185566072,0.0001477096265379972,2.072037630494534e-05,0.00014915585059330775,0.8336385814538074,6.0,0.1393683567138873,True
2007-06-01,2004-06-23,2007-04-10,715,716,2007-07-22,103,2008-10-05,True,0.023157979954255687,6.022955730690449,-0.0016718963272486394,0.0001647694651872283,1.677486043479071e-05,0.0001656211719578507,0.8217879519600291,6.0,0.10145849361315032,True
2007-06-01,2004-06-09,2007-04-10,725,726,2007-07-20,101,2008-10-05,True,0.023121158676356585,6.024565132003398,-0.0018182143161192183,0.00018387717856919338,1.1683370004845139e-05,0.00018424797945496482,0.809916702081483,6.0,0.06345368881040918,True
2007-06-01,2004-05-25,2007-04-10,735,736,2007-07-19,100,2008-10-05,True,0.022988057649008367,6.024875140387161,-0.0018438405583591296,0.00018721028333995506,1.0871096286967682e-05,0.00018752565403887218,0.8079411544571066,6.0,0.058003768015532364,True
2007-06-01,2004-05-11,2007-04-10,745,746,2007-07-20,101,2008-10-05,True,0.02287220864846192,6.02399803480902,-0.0017764793631343167,0.0001783957277903533,1.2556810926524044e-05,0.0001788371023990668,0.813177424123989,6.0,0.07027149928723848,True
2007-06-01,2006-10-16,2007-04-17,125,126,2007-05-19,32,2008-10-05,True,0.0116601050540792,6.1520337637642575,-0.15170288327993015,-0.014671072653174777,0.0030198372847789704,0.014978644465413884,0.1,6.0,2.938591749546215,True
2007-06-01,2006-10-02,2007-04-17,135,136,2007-06-01,45,2008-10-05,True,0.013620417169592048,6.287529608329714,-0.23475679762668475,-0.010081916638196478,-0.008965298309347593,0.013491538714139828,0.1,6.0,-2.4147511761939775,True
2007-06-01,2006-09-18,2007-04-17,145,146,2007-06-26,70,2008-10-05,True,0.015376344537886076,6.562611259403224,-0.3984582903956481,0.007757419977755323,-0.010409305076276382,0.012981956589138274,0.1,6.0,-0.9303492357007879,True
2007-06-01,2006-09-04,2007-04-17,155,156,2007-07-22,96,2008-10-05,True,0.015699294619737073,6.889303938950457,-0.5877676241235842,0.013162517740228141,0.004772963859605822,0.014001180566899488,0.1,6.0,0.34787114472463043,True
2007-06-01,2006-08-21,2007-04-17,165,166,2007-08-03,108,2008-10-05,True,0.015289177807195012,7.029870536037304,-0.6675248407393873,0.00983675592541998,0.01054563990083901,0.014421244331001845,0.1,6.0,0.8201633778483376,True
2007-06-01,2006-08-07,2007-04-17,175,176,2007-08-16,121,2008-10-05,True,0.015068406345004105,7.2029139696381845,-0.7649524194958808,0.0036077851595236743,0.01468313955863864,0.01511987767991984,0.1,6.0,1.3298599504804167,True
2007-06-01,2006-07-24,2007-04-17,185,186,2007-08-28,133,2008-10-05,True,0.014776776120763623,7.334476413842553,-0.8379615318468081,-0.0020810570761788105,0.015393954570157055,0.015533983258082043,0.1,6.0,1.7051683547795242,True
2007-06-01,2006-07-10,2007-04-17,195,196,2007-10-09,175,2008-10-05,True,0.015175902080425645,7.819923287409757,-1.1027960160547925,-0.016891771071987083,0.004375952224698804,0.01744938072887591,0.1,6.0,2.888106939717932,True
2007-06-01,2006-06-26,2007-04-17,205,206,2007-09-23,159,2008-10-05,True,0.015095930713855798,7.654071900648427,-1.0136724282760645,-0.01339974653830725,0.010273199593544807,0.016884662779566736,0.1,6.0,2.487507081778202,True
2007-06-01,2006-06-12,2007-04-17,215,216,2007-10-30,196,2008-10-05,True,0.015172492353167857,8.048555875743036,-1.22497389054378,-0.01775384039607937,-0.004422613178261259,0.018296402819515913,0.1,6.0,-2.8974542525234597,True
2007-06-01,2006-05-29,2007-04-17,225,226,2007-09-22,158,2008-10-05,True,0.015697044228952493,7.66087795861757,-1.0178461460060597,-0.013511767565363007,0.010551551989460173,0.017143602658912644,0.1,6.0,2.4785972630960447,True
2007-06-01,2006-05-15,2007-04-17,235,236,2007-09-02,138,2008-10-05,True,0.016507234410571066,7.458208930458183,-0.908216500944231,-0.0058187853267979706,0.016113813602704308,0.01713222844530325,0.1,6.0,1.9173301510255962,True
2007-06-01,2006-04-28,2007-04-17,245,246,2007-07-25,99,2008-10-05,True,0.021041225697431446,6.002676570580475,-0.0009161983797752169,0.00017349123888016696,0.00011662313393458488,0.000209045845060119,0.9,6.0,0.5918328189924941,True
2007-06-01,2006-04-12,2007-04-17,255,256,2007-05-25,38,2008-10-05,True,0.021648110414357723,5.977295741565675,-0.0010020476347557114,-0.00022071833397974169,-7.598715177464764e-05,0.000233432281806986,0.9,8.863595234364025,-2.810029776666495,True
2007-06-01,2006-03-29,2007-04-17,265,266,2007-05-03,16,2008-10-05,True,0.021368222355028093,5.9616392682467785,-0.00095321272581683,-0.00024721098050339407,0.00011233197440540325,0.00027153589330927437,0.9,7.7360538177180675,2.715088045690715,True
2007-06-01,2006-03-15,2007-04-17,275,276,2007-05-02,15,2008-10-05,True,0.02101581689355628,5.960078472712731,-0.000943034150057491,-0.00015301921573119715,0.00023276824127631466,0.0002785604683544657,0.9,7.642111671168923,2.1523482013669177,True
2007-06-01,2006-03-01,2007-04-17,285,286,2007-05-05,18,2008-10-05,True,0.02074322978671905,5.962868819409031,-0.0009580247034951225,-0.00026410641277741734,-5.473658651776109e-05,0.0002697189114129224,0.9,7.840925235620945,-2.9372338251241312,True
2007-06-01,2006-02-15,2007-04-17,295,296,2007-05-05,18,2008-10-05,True,0.0204136332430409,5.962539453523148,-0.0009565680850852217,-0.0002701706191847799,-1.4789693964239152e-05,0.00027057512546101354,0.9,7.816235831104194,-3.086905185618692,True
2007-06-01,2006-02-01,2007-04-17,305,306,2007-05-06,19,2008-10-05,True,0.02011219719900872,5.963948029229192,-0.000961704922801331,-0.00019659250566640403,-0.0001826751210602808,0.00026836321122423497,0.9,7.930279935547013,-2.3928734520448054,True
2007-06-01,2006-01-18,2007-04-17,315,316,2007-05-10,23,2008-10-05,True,0.019888248304964582,5.966206446661636,-0.0009682753322719474,8.76731244693104e-05,-0.00025191237757640577,0.0002667328677355095,0.9,8.11879998896232,-1.2358773840355761,True
2007-06-01,2006-01-04,2007-04-17,325,326,2007-05-05,18,2008-10-05,True,0.019766515609878178,5.962653915315158,-0.0009583906806375105,-0.000267191593477175,-1.0267940619246741e-05,0.00026738881470516365,0.9,7.814459678128065,-3.1031824236817296,True
2007-06-01,2005-12-20,2007-04-17,335,336,2008-01-09,267,2008-10-05,True,0.020657499008647183,6.1078933072511585,-0.0010378023347464664,-0.00014326680566203426,-2.7057025723523025e-05,0.0001457993835570181,0.9,11.102369602989782,-2.954933529581199,True
2007-06-01,2005-12-06,2007-04-17,345,346,2007-12-17,244,2008-10-05,True,0.02037374149945846,6.095749490933037,-0.0010361012132512055,0.00013459126117912334,-6.99844563629664e-05,0.00015169914870626975,0.9,10.572481083576243,-0.47950174962261594,True
2007-06-01,2005-11-22,2007-04-17,355,356,2007-12-28,255,2008-10-05,True,0.020121592878598254,6.100605877399257,-0.0010334488248897645,8.117610885968128e-05,0.00012383173494849892,0.00014806707679276346,0.9,10.77066913216993,0.9905394956237122,True
2007-06-01,2005-11-08,2007-04-17,365,366,2007-12-11,238,2008-10-05,True,0.01988373221048741,6.091538836957691,-0.0010302433292797189,-4.3219157050109944e-05,-0.0001451951493114152,0.00015149101266968357,0.9,10.369296759563992,-1.8601072860501089,True
2007-06-01,2005-10-25,2007-04-17,375,376,2007-04-20,3,2008-10-05,True,0.019159330058079398,5.953337089205603,-0.0009368423866796701,-0.00011621320441042239,-0.00023051503109507187,0.0002581524519350931,0.9,6.963970951226172,-2.0377551407085392,True
2007-06-01,2005-10-11,2007-04-17,385,386,2007-04-18,1,2008-10-05,True,0.019197590730298537,5.951820804486923,-0.0009330641466828451,-0.0002365601980530176,-9.300042777077365e-05,0.0002541845921145296,0.9,6.846726100133834,-2.767017129135329,True
2007-06-01,2005-09-27,2007-04-17,395,396,2008-02-04,293,2008-10-05,True,0.020618610182298373,6.2982624168996,-0.01620799859080321,-0.0005396528838175815,0.0011145303913842868,0.0012383065970638465,0.5375965446651367,11.800194713781424,2.021722243449698,True
2007-06-01,2005-09-13,2007-04-17,405,406,2008-03-17,335,2008-10-05,True,0.02078489351091961,6.957795627124605,-0.2523043449721376,-0.0032741838478240054,-0.007017440039398517,0.007743690630177905,0.23660609955182596,13.0,-2.007350756901279,True
2007-06-01,2005-08-30,2007-04-17,415,416,2007-06-10,54,2008-10-05,True,0.02026263532904664,6.068433977462754,-0.01609332584305185,-0.0010323395799672278,0.0018340832104915055,0.0021046582219861115,0.4812142299057719,9.601838481278719,2.083462323952034,True
2007-06-01,2005-08-16,2007-04-17,425,426,2008-03-13,331,2008-10-05,True,0.020498747008326983,7.808006007761356,-0.8519015238410881,-0.007594168134015478,-0.012603233025631735,0.014714376383186295,0.13331786096346865,13.0,-2.1130939611274058,True
2007-06-01,2005-08-02,2007-04-17,435,436,2008-03-10,328,2008-10-05,True,0.020350307512062696,8.443658221286617,-1.3902883517669251,-0.01045461394405367,-0.014701949560504943,0.018040129533870672,0.1,13.0,-2.188935775815364,True
2007-06-01,2005-07-19,2007-04-17,445,446,2007-06-02,46,2008-10-05,True,0.019777756666137982,6.0497447459783125,-0.01272757244946612,0.001391631614506902,-0.001109220485695526,0.0017796091246062168,0.5113764735561642,9.170915832948486,-0.6729485827714199,True
2007-06-01,2005-07-05,2007-04-17,455,456,2008-03-14,332,2008-10-05,True,0.02001636314958527,7.886383498373855,-0.913245203843966,-0.007495417737879151,-0.013108894051447398,0.01510047649305764,0.1284322867062173,13.0,-2.090208145941747,True
2007-06-01,2005-06-21,2007-04-17,465,466,2008-03-09,327,2008-10-05,True,0.019968540247622648,7.294878439043519,-0.4726027495263204,-0.009804523943882384,0.004807141124245809,0.010919583121831082,0.17920807916329692,12.778428773739515,2.6857365080978988,True
2007-06-01,2005-06-07,2007-04-17,475,476,2008-02-18,307,2008-10-05,True,0.020003167823125605,6.874263091957041,-0.22726045387369925,-0.00024950978494561044,-0.007290547737545259,0.00729481606664691,0.24299737584998105,12.173227151118143,-1.6050067110308692,True
2007-06-01,2005-05-24,2007-04-17,485,486,2008-01-03,261,2008-10-05,True,0.020440285784139287,6.50670249640066,-0.08049087496016483,-0.0019852760552520185,0.0033627381525098213,0.0039050389111892573,0.34430096478122035,10.928371765083119,2.104108454407957,True
2007-06-01,2005-05-10,2007-04-17,495,496,2007-10-30,196,2008-10-05,True,0.021267983467102194,6.256015405289097,-0.023887260280876982,-0.0016734833118444727,0.0005834844941853038,0.001772286813689202,0.47719031894520575,9.24058992952999,2.8061079393700323,True
2007-06-01,2005-04-26,2007-04-17,505,506,2007-10-07,173,2008-10-05,True,0.02169247350589397,6.170210586925674,-0.011288131275633924,-0.0004323557976154892,-0.0009217461270119209,0.0010181097477154426,0.5691988917387822,8.529351182642387,-2.0093883982808105,True
2007-06-01,2005-04-12,2007-04-17,515,516,2007-09-24,160,2008-10-05,True,0.021653841267080136,6.142075532951209,-0.008668359161696608,-0.0003001510359376717,0.0007858960971327944,0.000841262931468525,0.6021939275869643,8.187852927691424,1.9356217763762449,True
2007-06-01,2005-03-29,2007-04-17,525,526,2007-09-29,165,2008-10-05,True,0.02146915698029554,6.149369040090051,-0.009175954282642791,-0.0007906677605072998,0.0003710803689033785,0.0008734163655960978,0.5952776027039116,8.298286850841304,2.702784550478025,True
2007-06-01,2005-03-11,2007-04-17,535,536,2007-09-27,163,2008-10-05,True,0.021280724451145854,6.14606903165659,-0.008881354569369077,-0.0006358390829895864,0.0005674186580791188,0.0008522061211897894,0.5993940453176612,8.255624062314272,2.412995973917706,True
2007-06-01,2005-02-25,2007-04-17,545,546,2007-09-28,164,2008-10-05,True,0.021157522567818228,6.15438316535902,-0.009904570944263181,-0.0009134604505249386,0.000199779754189648,0.0009350518407325339,0.5851762751080519,8.335968771554057,2.9262764508919177,True
2007-06-01,2005-02-11,2007-04-17,555,556,2007-09-28,164,2008-10-05,True,0.021001324262989306,6.157537173588002,-0.010415339578163532,-0.0009754046674363287,8.872759991813083e-05,0.0009794319028109135,0.57849975372358,8.357975127152942,3.0508774029433403,True
2007-06-01,2005-01-28,2007-04-17,565,566,2007-09-28,164,2008-10-05,True,0.02090648416142343,6.153250155485149,-0.009801635905225809,-0.0008708397113146363,0.00031402763271461413,0.0009257295268656518,0.5864859448792556,8.31644776205661,2.7955031344850285,True
2007-06-01,2005-01-14,2007-04-17,575,576,2007-09-13,149,2008-10-05,True,0.02109484310597105,6.130550054008265,-0.008256573186883333,0.0008071303965806599,0.00011175661141695072,0.0008148306678567349,0.6072145653505437,7.930212900705509,0.13758685191748604,True
2007-06-01,2004-12-30,2007-04-17,585,586,2007-09-06,142,2008-10-05,True,0.021258785229191102,6.11649149908929,-0.007099657354013735,0.0001515371869940651,-0.0006986456578235371,0.0007148910925712791,0.6265742962438845,7.706139182323684,-1.3572035344030484,True
2007-06-01,2004-12-15,2007-04-17,595,596,2007-08-28,133,2008-10-05,True,0.02143731140990796,6.102114999481046,-0.006113672934971088,-0.0006257442366847956,-5.332425642924778e-05,0.0006280122021648701,0.6457321492105972,7.452706332175335,-3.056580706711877,True
2007-06-01,2004-12-01,2007-04-17,605,606,2007-08-16,121,2008-10-05,True,0.021566319341415167,6.0868372485543505,-0.005363985308816003,0.00022521063869070904,0.0005190046490919272,0.0005657611311839225,0.662060894783034,7.1492355902927045,1.1613879689797808,True
2007-06-01,2004-11-17,2007-04-17,615,616,2007-08-06,111,2008-10-05,True,0.02168005470455107,6.073770539495836,-0.004758901672373424,0.0004090532933573052,-0.00030889359920112706,0.0005125815568608415,0.6772060417503456,6.882060516989857,-0.6467843060668509,True
2007-06-01,2004-11-03,2007-04-17,625,626,2007-08-06,111,2008-10-05,True,0.021739332318517365,6.068967295212468,-0.004309755129088244,0.00018584336463024718,-0.0004221152157109154,0.0004612147130261172,0.6909105876846751,6.798738198928733,-1.1560658507420256,True
2007-06-01,2004-10-20,2007-04-17,635,636,2007-07-20,94,2008-10-05,True,0.022279073769522376,6.0500062894011695,-0.0036305144358254504,-0.00025986572530407734,0.00030405266899436335,0.0003999727749615092,0.7127423299441707,6.377207287859035,2.277997285448904,True
2007-06-01,2004-10-06,2007-04-17,645,646,2007-07-14,88,2008-10-05,True,0.022376438778129663,6.042681179571435,-0.003285580546238318,0.00013044546786541696,0.00033859031423493733,0.0003628490333187359,0.72620971646231,6.21305793484871,1.2030606476737096,True
2007-06-01,2004-09-22,2007-04-17,655,656,2007-07-09,83,2008-10-05,True,0.022464533562762228,6.035673866799276,-0.002992519280304985,0.00032801464168302676,4.3897819627043065e-05,0.00033093900302994336,0.738823229976217,6.05004213845032,0.13303835406502518,True
2007-06-01,2004-09-08,2007-04-17,665,666,2007-07-09,83,2008-10-05,True,0.022461185122512165,6.032232689128849,-0.0027396908996437106,0.0002957058594808299,-4.921598503460382e-05,0.00029977352870829446,0.751269327628385,6.0,-0.16492385687686978,True
2007-06-01,2004-08-25,2007-04-17,675,676,2007-07-12,86,2008-10-05,True,0.022608584855864425,6.029799030525952,-0.002408129121553529,0.0002552680090383275,-2.378689802998751e-05,0.00025637389289137976,0.7698449975574361,6.0,-0.09291569802414514,True
2007-06-01,2004-08-11,2007-04-17,685,686,2007-07-18,92,2008-10-05,True,0.023252302282220978,6.025622794074542,-0.0019098045100733464,0.0001929863236683067,6.6300674139074735e-06,0.00019310017844870417,0.8030880797709532,6.0,0.034341608781486,True
2007-06-01,2004-07-28,2007-04-17,695,696,2007-07-21,95,2008-10-05,True,0.023290561459330276,6.023856937532947,-0.001720732199392435,0.00016912257270759035,1.5521866400584837e-05,0.00016983336814593234,0.8179874083692887,6.0,0.09152239747826693,True
2007-06-01,2004-07-14,2007-04-17,705,706,2007-07-23,97,2008-10-05,True,0.023221929686418254,6.022580683313436,-0.0015909391947221646,0.00015259413964741612,2.0599303291002397e-05,0.00015397825414911623,0.8291704935447601,6.0,0.13418289972308473,True
2007-06-01,2004-06-30,2007-04-17,715,716,2007-07-22,96,2008-10-05,True,0.023082290201783488,6.0227928270046815,-0.0016314802322209508,0.00015811891723178332,1.8553365365242374e-05,0.00015920370395480036,0.8255612915980287,6.0,0.11680394305659828,True
2007-06-01,2004-06-16,2007-04-17,725,726,2007-07-20,94,2008-10-05,True,0.023088113225351765,6.024945450464953,-0.001808559244280026,0.00018081261921061684,1.3300841072553175e-05,0.0001813011738490428,0.8109588107799302,6.0,0.07342920621693089,True
2007-06-01,2004-06-02,2007-04-17,735,736,2007-07-18,92,2008-10-05,True,0.022992726333801006,6.024953525718991,-0.0018766360270173028,0.00019099324394243925,8.135853332271397e-06,0.00019116644930818885,0.8055973660749233,6.0,0.04257186029119249,True
2007-06-01,2004-05-18,2007-04-17,745,746,2007-07-20,94,2008-10-05,True,0.0228564019409261,6.026580524133067,-0.0018852934355072116,0.00018958951257455435,1.3566691614169335e-05,0.00019007429705147162,0.8051864915904466,6.0,0.07143647275396144,True
2007-06-01,2006-10-23,2007-04-24,125,126,2007-06-06,43,2008-10-05,True,0.011500734551680693,6.212809296714603,-0.1861544102873198,-0.014403963469626071,0.001805411629114061,0.01451666885979227,0.1,7.132773943248069,3.0169016155551858,True
2007-06-01,2006-10-09,2007-04-24,135,136,2007-05-26,32,2008-10-05,True,0.012171731439756405,6.215133428045681,-0.19042352402890914,-0.013668273729492694,-0.0032791197449688805,0.014056113724859544,0.1,6.0,-2.9061352499785746,True
2007-06-01,2006-09-25,2007-04-24,145,146,2007-06-13,50,2008-10-05,True,0.01454796523135616,6.3582894820056834,-0.2653411880847156,-0.0013640676766738732,-0.012144818040970073,0.012221181852620416,0.108528923730802,6.0,-1.6826444221649266,True
2007-06-01,2006-09-11,2007-04-24,155,156,2007-07-19,86,2008-10-05,True,0.01553801647202563,6.822613919887952,-0.5488711559691377,0.013217366773244206,0.002324965018674463,0.013420292349890143,0.1,6.0,0.17412100585604515,True
2007-06-01,2006-08-28,2007-04-24,165,166,2007-07-29,96,2008-10-05,True,0.015279510894274225,6.9605430246307325,-0.6279604838274276,0.011477683121105031,0.008157369766113323,0.014081189272557876,0.1,6.0,0.6178815737128647,True
2007-06-01,2006-08-14,2007-04-24,175,176,2007-08-06,104,2008-10-05,True,0.014919240237269855,7.061706640081977,-0.6854946991535443,0.00880147627633035,0.011581362948476608,0.014546269363213123,0.1,6.0,0.9209455574578583,True
2007-06-01,2006-07-31,2007-04-24,185,186,2007-08-21,119,2008-10-05,True,0.014728967331655114,7.259302914575036,-0.7964993166603521,0.0013588035476383709,0.015208051863720973,0.015268634142276825,0.1,6.0,1.4816853082456192,True
2007-06-01,2006-07-17,2007-04-24,195,196,2007-09-22,151,2008-10-05,True,0.015082331224819135,7.683990802394672,-1.0309039407802327,-0.01364671778584231,0.009974760264532825,0.016903512908899375,0.1,6.0,2.5104101514270147,True
2007-06-01,2006-07-03,2007-04-24,205,206,2007-09-10,139,2008-10-05,True,0.014969060555529731,7.537268523458248,-0.9508440613915606,-0.00918450585824443,0.013683168152926167,0.016479813062088393,0.1,6.0,2.1619491377482642,True
2007-06-01,2006-06-19,2007-04-24,215,216,2007-09-29,158,2008-10-05,True,0.014873537102730424,7.762309391609079,-1.0732325919682457,-0.015399617039072,0.007360092892053194,0.017068074652102052,0.1,6.0,2.695748279716637,True
2007-06-01,2006-06-05,2007-04-24,225,226,2007-10-08,167,2008-10-05,True,0.015106943446640752,7.880674795327749,-1.1373817231798953,-0.017184415917905475,0.0034333781751597903,0.017524047367352857,0.1,6.0,2.9443932210086907,True
2007-06-01,2006-05-22,2007-04-24,235,236,2007-09-12,141,2008-10-05,True,0.015674614967809124,7.5748051873877555,-0.9720501611242961,-0.01025029843138945,0.013562140839751685,0.017000008296756963,0.1,6.0,2.2180006329073105,True
2007-06-01,2006-05-08,2007-04-24,245,246,2007-08-27,125,2008-10-05,True,0.019496007029334735,6.668058457266324,-0.28463885074251893,-0.009626790528136225,-0.004581364894840208,0.010661332007412937,0.1845362837276587,6.3485274658917366,-2.6974123475699385,True
2007-06-01,2006-04-21,2007-04-24,255,256,2007-05-10,16,2008-10-05,True,0.02150166951419331,5.969056286941929,-0.0009960276065332156,0.00010471940796209002,-0.00021653640889562241,0.00024052893959218886,0.9,8.133992779398117,-1.1203456005180743,True
2007-06-01,2006-04-05,2007-04-24,265,266,2007-05-07,13,2008-10-05,True,0.021347985003874182,5.9652811640704515,-0.000969369158642175,-0.0001506201761913201,-0.0002139694284574283,0.00026166649344213494,0.9,7.961031586222952,-2.184157122008304,True
2007-06-01,2006-03-22,2007-04-24,275,276,2007-05-03,9,2008-10-05,True,0.021036918976433547,5.961451607260105,-0.000950795063353699,-0.00022329731410281143,0.00016195684366313994,0.0002758472579070823,0.9,7.702085773120953,2.514089897710462,True
2007-06-01,2006-03-08,2007-04-24,285,286,2007-05-05,11,2008-10-05,True,0.020735669135560623,5.96310008271748,-0.0009567646584140424,-0.00026799244223564577,-4.604701096320025e-05,0.00027191961369873823,0.9,7.832497115142185,-2.9714321588869153,True
2007-06-01,2006-02-22,2007-04-24,295,296,2007-05-06,12,2008-10-05,True,0.02042791475391076,5.963782639967907,-0.0009591441658000617,-0.00023833305239839863,-0.00012689959411156854,0.00027001139022496564,0.9,7.884224822528787,-2.652326040630249,True
2007-06-01,2006-02-08,2007-04-24,305,306,2007-05-08,14,2008-10-05,True,0.020113817256790404,5.964947878079142,-0.0009637453662254966,-0.000125033135122343,-0.00023703368124545888,0.00026798927389598244,0.9,7.982665817214851,-2.0561940993809964,True
2007-06-01,2006-01-25,2007-04-24,315,316,2007-10-20,179,2008-10-05,True,0.021002142731409032,6.061325985095311,-0.0010096903470234717,3.985811151426593e-05,0.00016699759384325091,0.0001716882797482666,0.9,9.021944524462558,1.3365047809080504,True
2007-06-01,2006-01-11,2007-04-24,325,326,2007-05-08,14,2008-10-05,True,0.01967062912898684,5.965335924634796,-0.0009654487075769965,-7.696199565641682e-05,-0.0002555980555896763,0.0002669335400369193,0.9,8.014729204585793,-1.8632670875977564,True
2007-06-01,2005-12-28,2007-04-24,335,336,2007-05-04,10,2008-10-05,True,0.01951543266541227,5.962762777966649,-0.0009583371351511216,-0.0002636250367978253,4.163566636522376e-05,0.0002668926539647185,0.9,7.780127623924313,2.984951322163058,True
2007-06-01,2005-12-13,2007-04-24,345,346,2007-12-03,223,2008-10-05,True,0.02040872336381342,6.090036821046859,-0.0010420042213104355,-9.163996167557052e-05,-0.00012729407579866023,0.00015684917694822338,0.9,10.344973807039318,-2.1947584670374845,True
2007-06-01,2005-11-29,2007-04-24,355,356,2007-11-27,217,2008-10-05,True,0.020156972469685876,6.086073232237712,-0.0010387574203433328,-0.00014909533174536034,5.247316351780242e-05,0.00015805964329273012,0.9,10.159091721080886,2.8031872985963346,True
2007-06-01,2005-11-15,2007-04-24,365,366,2007-11-23,213,2008-10-05,True,0.019902380055676214,6.083853076500956,-0.0010362335389077345,-7.729992873020909e-05,0.0001380911026538254,0.00015825432573501663,0.9,10.05332053479631,2.0811132465930453,True
2007-06-01,2005-11-01,2007-04-24,375,376,2007-11-19,209,2008-10-05,True,0.019685805745233587,6.080856230296111,-0.0010329846979143995,6.928553765330711e-05,0.00014242862600356143,0.0001583868657217833,0.9,9.912561081350479,1.1180409292261535,True
2007-06-01,2005-10-18,2007-04-24,385,386,2007-11-15,205,2008-10-05,True,0.019553566253306648,6.079855101431198,-0.0010381963885631824,0.00011485030156530631,0.00011440498751024813,0.00016210827534972368,0.9,9.873322680678655,0.7834557284081004,True
2007-06-01,2005-10-04,2007-04-24,395,396,2007-05-04,10,2008-10-05,True,0.019688255994573845,5.975024701409805,-0.0023423719718240316,-0.0003183880534341874,0.00040635958376757667,0.000516235473296217,0.7543478631968156,7.642991999072701,2.2354031168754527,True
2007-06-01,2005-09-20,2007-04-24,405,406,2008-03-01,312,2008-10-05,True,0.020641151459032548,6.651221872919808,-0.11032494212743285,0.00021974666393246613,0.0047148306736762725,0.004719948821517888,0.3185999008908728,12.62359099228489,1.524222489820884,True
2007-06-01,2005-09-06,2007-04-24,415,416,2007-06-12,49,2008-10-05,True,0.020245619358370867,6.073830236189329,-0.017284435518872578,-0.0018963529596798473,0.0011367302015284563,0.0022109523058522636,0.4720170714847536,9.68335649427892,2.6015926297222083,True
2007-06-01,2005-08-23,2007-04-24,425,426,2008-03-11,322,2008-10-05,True,0.020478456400170052,7.641725024717727,-0.7214277683283425,-0.007277485148757257,-0.011569717092878708,0.013668216551534154,0.14577197922715718,13.0,-2.132275119680053,True
2007-06-01,2005-08-09,2007-04-24,435,436,2008-03-09,320,2008-10-05,True,0.020347847837288456,8.44681831420169,-1.3921817380713524,-0.010692285726420725,-0.01460374588968676,0.01809956817346655,0.1,13.0,-2.202782047101949,True
2007-06-01,2005-07-26,2007-04-24,445,446,2007-06-06,43,2008-10-05,True,0.01969094892797332,6.0588253519841375,-0.01418569533328682,0.001548696459776751,0.0011378747697023616,0.0019217751471101515,0.49773297590324483,9.373814915136773,0.63365689486967,True
2007-06-01,2005-07-12,2007-04-24,455,456,2008-03-10,321,2008-10-05,True,0.019955205822264392,8.456343170119487,-1.396975002759746,-0.010287004888355461,-0.014917452301328404,0.018120509174288046,0.1,13.0,-2.174505079918405,True
2007-06-01,2005-06-28,2007-04-24,465,466,2008-03-11,322,2008-10-05,True,0.01990832403027553,7.672245401878976,-0.7450051996258148,-0.01129423075023099,-0.007849928394787712,0.013754309289919203,0.1433424622762341,12.93732324471102,-2.534204131543842,True
2007-06-01,2005-06-14,2007-04-24,475,476,2008-02-22,304,2008-10-05,True,0.019876799491064648,7.107528829246974,-0.3619987683605163,0.00957013469145053,-0.00025414927059615525,0.009573508754069716,0.2006853024228598,12.405743044390366,-0.026550258486436468,True
2007-06-01,2005-05-31,2007-04-24,485,486,2008-01-11,262,2008-10-05,True,0.020063142500447197,6.644854609285986,-0.13466686292787736,-0.0019270706285785533,-0.005146868207033917,0.005495803266867061,0.2903902624723872,11.260110579653638,-1.9290550388552692,True
2007-06-01,2005-05-17,2007-04-24,495,496,2007-12-01,221,2008-10-05,True,0.020762808777871778,6.368780645413748,-0.04525324799277827,-0.0020895134126308022,0.0017350222776694874,0.0027159470918214587,0.40523224056042334,10.089046942204957,2.4486190869770166,True
2007-06-01,2005-05-03,2007-04-24,505,506,2007-10-25,184,2008-10-05,True,0.021345281393498363,6.222536601097609,-0.01764939378318538,7.614566341108617e-05,0.0014049932360172188,0.0014070551358459449,0.5145463537947709,9.043993270619545,1.516652833816825,True
2007-06-01,2005-04-19,2007-04-24,515,516,2007-09-20,149,2008-10-05,True,0.02161863337472574,6.137450193369768,-0.008502625203512883,0.00021641645949568595,0.000806763861988152,0.0008352867848533736,0.6041393563606272,8.099551949308452,1.3087139283156166,True
2007-06-01,2005-04-05,2007-04-24,525,526,2007-09-22,151,2008-10-05,True,0.02147421613018363,6.143945968584722,-0.009105222816132822,-0.0002395294859492364,0.0008464619957726278,0.0008797001107914478,0.5954245518132099,8.179179139314781,1.8465636913872598,True
2007-06-01,2005-03-18,2007-04-24,535,536,2007-09-24,153,2008-10-05,True,0.02128100444981423,6.1433725622833135,-0.008822742411285745,-0.000345977343783905,0.0007795791836108785,0.000852903292250165,0.5998968230513227,8.196131880498436,1.988482492769231,True
2007-06-01,2005-03-04,2007-04-24,545,546,2007-09-28,157,2008-10-05,True,0.021138392041406,6.1509450823361265,-0.009481953667030463,-0.0008106598632986285,0.00039302854078912216,0.0009009111209426697,0.5908624975425114,8.299348161346442,2.690158204967298,True
2007-06-01,2005-02-18,2007-04-24,555,556,2007-10-01,160,2008-10-05,True,0.020983926773795583,6.158231853281886,-0.010130311806872235,-0.0009227254311022805,-0.00021555493143684808,0.0009475685461588695,0.5826392436142529,8.399291738849447,-2.9121013932378523,True
2007-06-01,2005-02-04,2007-04-24,565,566,2007-10-08,167,2008-10-05,True,0.02082258125328416,6.166376592731036,-0.010576957616509298,-0.0003471111547863688,-0.000906174902236682,0.0009703809083142489,0.5779027199761344,8.537495272529906,-1.9366066122245584,True
2007-06-01,2005-01-21,2007-04-24,575,576,2007-09-23,152,2008-10-05,True,0.020924157689974975,6.144071473126007,-0.008979433984166318,-0.0002585197114047874,0.000820944586238445,0.0008606871991955186,0.5974997688606322,8.18012225475196,1.875870897939754,True
2007-06-01,2005-01-07,2007-04-24,585,586,2007-09-10,139,2008-10-05,True,0.021104254985924012,6.1233204315683425,-0.007561447641178325,0.0006639934673479152,-0.0003558723414166313,0.0007533474948959891,0.6185983958983082,7.834253864917162,-0.4919982093309136,True
2007-06-01,2004-12-22,2007-04-24,595,596,2007-09-04,133,2008-10-05,True,0.021266673217302974,6.110360571256343,-0.0065330077438727424,-0.00022326046833397238,-0.0006227263759245613,0.0006615386428568196,0.6375118775907516,7.620034772749106,-1.915041956754036,True
2007-06-01,2004-12-08,2007-04-24,605,606,2007-08-28,126,2008-10-05,True,0.021454446116574516,6.098001618382968,-0.0056492056413865975,-0.0005658624762343456,0.00012502017716052745,0.0005795087460145144,0.6564704133332497,7.402169723608588,2.9241484122750214,True
2007-06-01,2004-11-24,2007-04-24,615,616,2007-08-09,107,2008-10-05,True,0.021574464386958616,6.076191646213907,-0.0048596280022619774,0.0005201721513218435,-5.526819045885992e-05,0.0005231000285675692,0.6743563985910221,6.963706197961902,-0.10585267427627945,True
2007-06-01,2004-11-10,2007-04-24,625,626,2007-08-08,106,2008-10-05,True,0.02159818248995728,6.071953744898251,-0.004468531696279166,0.0003905497894485273,-0.000276491946840886,0.0004785153442745095,0.6859823403692968,6.881135935470733,-0.6160454234322087,True
2007-06-01,2004-10-27,2007-04-24,635,636,2007-07-30,97,2008-10-05,True,0.02187007582111571,6.059958886942073,-0.003898402907439654,-0.0002788759037011963,-0.0003168097043154944,0.00042206653315991527,0.7038760079447581,6.629574948070282,-2.292599453830686,True
2007-06-01,2004-10-13,2007-04-24,645,646,2007-07-22,89,2008-10-05,True,0.02232203929717925,6.0478272583924,-0.0033297655205920505,-0.0002212597032988048,0.0002872094321123203,0.0003625536018275872,0.7249932933327083,6.361775107429646,2.2272120322237123,True
2007-06-01,2004-09-29,2007-04-24,655,656,2007-07-13,80,2008-10-05,True,0.022314806506116124,6.03897058264407,-0.0030679605557790797,0.00021799286168301603,0.0002592325413782498,0.00033870695040724594,0.7354817478675599,6.161203679517861,0.8715995318969085,True
2007-06-01,2004-09-15,2007-04-24,665,666,2007-07-10,77,2008-10-05,True,0.022371553385719365,6.033860269985507,-0.00282141903430398,0.00030919744343404777,2.172468529681868e-05,0.00030995970863548856,0.7470561559752609,6.036724786465018,0.0701462511535042,True
2007-06-01,2004-09-01,2007-04-24,675,676,2007-07-10,77,2008-10-05,True,0.02241652233996533,6.030597321283374,-0.002556676708699929,0.00027422865370493204,-3.660689748233054e-05,0.00027666119976625094,0.7610722782977029,6.0,-0.13270586948933127,True
2007-06-01,2004-08-18,2007-04-24,685,686,2007-07-14,81,2008-10-05,True,0.022815126431081217,6.027969179708487,-0.0021726164239708762,0.00022577345907568027,-7.94405921321936e-06,0.00022591317557809905,0.7846630257046026,6.0,-0.03517146475312436,True
2007-06-01,2004-08-04,2007-04-24,695,696,2007-07-19,86,2008-10-05,True,0.023276976014647423,6.0250815782607905,-0.0018061469495262105,0.00017885171087249818,1.315230740498806e-05,0.00017933465273642734,0.811293716862205,6.0,0.07340536906219286,True
2007-06-01,2004-07-21,2007-04-24,705,706,2007-07-21,88,2008-10-05,True,0.023205446054458345,6.024013105176926,-0.0016837312825146351,0.00016303465473983993,1.861905841830354e-05,0.00016409438741932342,0.8213687772783915,6.0,0.11371042961800337,True
2007-06-01,2004-07-07,2007-04-24,715,716,2007-07-22,89,2008-10-05,True,0.023069255107659226,6.02364643938431,-0.0016433103432436568,0.0001578002531890171,2.023008908911536e-05,0.00015909172326388147,0.8248515208080675,6.0,0.12750511539049827,True
2007-06-01,2004-06-23,2007-04-24,725,726,2007-07-20,87,2008-10-05,True,0.02301600062338225,6.024822538270955,-0.0017628891676939986,0.00017352176064121385,1.5920012414294978e-05,0.00017425053288669742,0.8148140431588896,6.0,0.09149035910950183,True
2007-06-01,2004-06-09,2007-04-24,735,736,2007-07-19,86,2008-10-05,True,0.022977940401935643,6.026192328036037,-0.0018970463797897588,0.0001914231322960912,1.1041101962863017e-05,0.00019174128796532367,0.8043505025267513,6.0,0.05761520096797179,True
2007-06-01,2004-05-25,2007-04-24,745,746,2007-07-18,85,2008-10-05,True,0.022847264957601043,6.026407544451112,-0.001918406446622349,0.00019430516708901431,1.023033478312676e-05,0.00019457429868115838,0.8027531644487066,6.0,0.052602292632583814,True
2007-06-01,2006-10-30,2007-05-02,125,126,2007-07-10,69,2008-10-05,True,0.011679276006690732,6.338286393088797,-0.25661078933110454,-0.011255965850709638,-0.008019156549073751,0.01382040661452817,0.1,9.402299612588537,-2.5225689759002776,True
2007-06-01,2006-10-16,2007-05-02,135,136,2007-06-21,50,2008-10-05,True,0.011865735354800528,6.307443057134067,-0.24190562628383128,0.011595664330536621,0.006744125842523079,0.01341427093234168,0.1,7.7114896147221,0.5267858450459569,True
2007-06-01,2006-10-02,2007-05-02,145,146,2007-06-03,32,2008-10-05,True,0.013293902874645895,6.293881813111995,-0.23853161941323883,-0.00909334072432879,-0.009449798193483188,0.013114401680072735,0.1,6.0,-2.3369737113748403,True
2007-06-01,2006-09-18,2007-05-02,155,156,2007-06-20,49,2008-10-05,True,0.015191092687660869,6.082128039802494,-0.03571518145314573,0.001427862970420652,-0.003706299853657339,0.003971832230535285,0.32144153865387975,6.0,-1.2030672024762263,True
2007-06-01,2006-09-04,2007-05-02,165,166,2007-08-04,94,2008-10-05,True,0.015457666549926597,6.741499499920512,-0.4261681650872653,0.008247242063786742,0.008368077483859981,0.01174911581501254,0.12912839158440703,6.0,0.7926705658016212,True
2007-06-01,2006-08-21,2007-05-02,175,176,2007-08-17,107,2008-10-05,True,0.01504821099399207,7.144565590986395,-0.7307366581080988,0.0044714176879485645,0.013638540217696962,0.014352816985171823,0.1,6.0,1.2539873886918227,True
2007-06-01,2006-08-07,2007-05-02,185,186,2007-08-29,119,2008-10-05,True,0.01480668281439808,7.3148657821298615,-0.8261246662841089,-0.0019605110113134205,0.015000944958145052,0.015128514568944916,0.1,6.0,1.7007522625144997,True
2007-06-01,2006-07-24,2007-05-02,195,196,2007-09-02,123,2008-10-05,True,0.014522402672821684,7.372745660777475,-0.8584937681760165,-0.004070691923470232,0.014924606337375627,0.01546979014277306,0.1,6.0,1.837069875475352,True
2007-06-01,2006-07-10,2007-05-02,205,206,2007-10-01,152,2008-10-05,True,0.014896607384559024,7.771653900902605,-1.0778553612335435,-0.015728681988348037,0.006852554231141117,0.0171566003794841,0.1,6.0,2.7307171410179456,True
2007-06-01,2006-06-26,2007-05-02,215,216,2007-09-22,143,2008-10-05,True,0.014837692822164432,7.651377035945333,-1.0124592941457198,-0.013096316456446142,0.010497637163516899,0.016784334682799707,0.1,6.0,2.4658940681201145,True
2007-06-01,2006-06-12,2007-05-02,225,226,2007-10-12,163,2008-10-05,True,0.014932775608570186,7.928781485792739,-1.1632939791491745,-0.01774204350295753,0.0017014935440946288,0.01782344489545815,0.1,6.0,3.045983269967139,True
2007-06-01,2006-05-29,2007-05-02,235,236,2007-09-22,143,2008-10-05,True,0.015444954974844287,7.6680873870329425,-1.0218608056851428,-0.01351658122315856,0.010380380569194464,0.017042601583195933,0.1,6.0,2.4866871865158835,True
2007-06-01,2006-05-15,2007-05-02,245,246,2007-09-16,137,2008-10-05,True,0.016274748236886474,7.5450420061827375,-0.9529264733245825,-0.014913511105851457,-0.007500267172303281,0.016693316661475183,0.1,6.243725236014895,-2.6756136917763915,True
2007-06-01,2006-04-28,2007-05-02,255,256,2007-07-21,80,2008-10-05,True,0.020688568449617657,6.00267779079943,-0.0009290610019273275,0.00018304224446124564,0.00010223027622229996,0.0002096556525207421,0.9,6.0,0.5093506166699033,True
2007-06-01,2006-04-12,2007-05-02,265,266,2007-05-10,8,2008-10-05,True,0.02125411187626199,5.9683357646617115,-0.000986032350404209,0.00010581401717764166,-0.0002261730236453175,0.0002497015075167461,0.9,8.131972122996977,-1.1332016356594705,True
2007-06-01,2006-03-29,2007-05-02,275,276,2007-05-04,2,2008-10-05,True,0.02100779131425018,5.96269646067209,-0.0009593134932354905,-0.00026327357956571385,6.339482717870293e-05,0.00027079860008936876,0.9,7.767800231601583,2.9052965891968636,True
2007-06-01,2006-03-15,2007-05-02,285,286,2007-05-03,1,2008-10-05,True,0.02067771319658697,5.961097870588237,-0.0009488755947422011,-0.00018818959249795758,0.00020502756175063,0.00027830131836187143,0.9,7.66899790005507,2.313399589774056,True
2007-06-01,2006-03-01,2007-05-02,295,296,2007-05-05,3,2008-10-05,True,0.02041798665381039,5.963813253380955,-0.0009628236067360278,-0.0002529841521626892,-9.368823200800428e-05,0.0002697748432716815,0.9,7.865421653322855,-2.7869203789759225,True
2007-06-01,2006-02-15,2007-05-02,305,306,2007-05-05,3,2008-10-05,True,0.02010531094293347,5.9632920027291325,-0.0009606904576569868,-0.0002691372709760002,-3.172762984062256e-05,0.00027100094672106317,0.9,7.8264296584159405,-3.0242478203907868,True
2007-06-01,2006-02-01,2007-05-02,315,316,2007-05-08,6,2008-10-05,True,0.019817511417103622,5.965625845396866,-0.0009660076032378741,-7.907521892421923e-05,-0.0002557281404069854,0.0002676747504788751,0.9,8.011975203875553,-1.870686526082291,True
2007-06-01,2006-01-18,2007-05-02,325,326,2007-05-11,9,2008-10-05,True,0.01959905902458501,5.967334181345832,-0.0009713042516346018,0.00015833479331660261,-0.00021435029731146853,0.00026648819248162986,0.9,8.165320047560355,-0.9345839496848067,True
2007-06-01,2006-01-04,2007-05-02,335,336,2007-05-04,2,2008-10-05,True,0.019495717600172893,5.96304665753382,-0.0009617031164248619,-0.00026754037613223726,1.8768886968484154e-05,0.0002681979194158946,0.9,7.7971489678220784,3.071553927395965,True
2007-06-01,2005-12-20,2007-05-02,345,346,2007-05-03,1,2008-10-05,True,0.019298259154031792,5.961591583555096,-0.0009559429614430749,-0.00017112185113069123,0.00020443509726617568,0.00026660156962895993,0.9,7.6633333138754125,2.2677224666832827,True
2007-06-01,2005-12-06,2007-05-02,355,356,2007-05-03,1,2008-10-05,True,0.019230528854182492,5.960923125290238,-0.0009479712471174536,-6.44210994757772e-05,0.00025298943802291624,0.0002610627009145867,0.9,7.581739954582525,1.8201367721132469,True
2007-06-01,2005-11-22,2007-05-02,365,366,2007-11-26,208,2008-10-05,True,0.01989882085468246,6.085367205378543,-0.0010374369012045778,-0.0001331679003053102,8.482918282797295e-05,0.0001578913548329569,0.9,10.124727710335236,2.574404053286074,True
2007-06-01,2005-11-08,2007-05-02,375,376,2007-11-22,204,2008-10-05,True,0.019673296741465666,6.082826557255314,-0.0010339994384628566,-2.7167968056773868e-05,0.0001553464901178827,0.00015770425003873328,0.9,10.002105613956331,1.7439316396171989,True
2007-06-01,2005-10-25,2007-05-02,385,386,2007-11-27,209,2008-10-05,True,0.019525727196502127,6.085672563022855,-0.0010365254658248847,-0.00013615443468476148,7.919657176803627e-05,0.00015751230765923246,0.9,10.12758262126301,2.6147622156855106,True
2007-06-01,2005-10-11,2007-05-02,395,396,2007-05-03,1,2008-10-05,True,0.019019355679011436,5.9665059180310935,-0.001516542629887698,5.3142324634548193e-05,0.0003644490712504717,0.00036830317973497744,0.8225435041076496,7.5083784943351795,1.4260012876470802,True
2007-06-01,2005-09-27,2007-05-02,405,406,2007-05-27,25,2008-10-05,True,0.020149521498192453,6.019521097819088,-0.006923204429512022,-0.0011356468984000765,-0.00013877956834084824,0.0011440951212353743,0.5958467609153024,8.794506245800346,-3.0199924738775508,True
2007-06-01,2005-09-13,2007-05-02,415,416,2008-03-14,317,2008-10-05,True,0.020578707321907374,7.033400933690118,-0.29729896597710953,-0.00434950652479172,-0.007355832922201551,0.008545553521484138,0.22110519345659216,12.993615111872098,-2.104794462114558,True
2007-06-01,2005-08-30,2007-05-02,425,426,2008-03-13,316,2008-10-05,True,0.020479505153440984,7.501644585972764,-0.6148684072747181,-0.006258879034272621,-0.01091113106552644,0.012578805503494897,0.15823875842037957,13.0,-2.0915953662920086,True
2007-06-01,2005-08-16,2007-05-02,435,436,2007-06-10,39,2008-10-05,True,0.0198696557984914,6.065219902603624,-0.015122489294949568,-0.00048089597860055005,0.0019442401404899479,0.0020028306633678625,0.48988597529045796,9.55575443591323,1.8132735922643497,True
2007-06-01,2005-08-02,2007-05-02,445,446,2008-03-11,314,2008-10-05,True,0.02016129654549436,8.448108542865429,-1.3923997660203398,-0.010115893071889148,-0.014899818690891253,0.01800932785151426,0.1,13.0,-2.1672390710464535,True
2007-06-01,2005-07-19,2007-05-02,455,456,2008-03-11,314,2008-10-05,True,0.01995396980569033,8.442670816128771,-1.3863662233431469,-0.009973749157075967,-0.014974747827422457,0.01799218565775618,0.1003497686619615,13.0,-2.1583634837050014,True
2007-06-01,2005-07-05,2007-05-02,465,466,2008-03-14,317,2008-10-05,True,0.01983819675452783,7.863969595795208,-0.8950749723503623,-0.007429650569856866,-0.012951840166116252,0.014931505995002538,0.12987878881248224,13.0,-2.091605430516723,True
2007-06-01,2005-06-21,2007-05-02,475,476,2008-02-28,302,2008-10-05,True,0.019798060052855938,7.226891442372045,-0.4365335869349493,0.004069484894610731,0.00973897530984516,0.010555015272051412,0.18479015352576728,12.575655357592952,1.1749926209433943,True
2007-06-01,2005-06-07,2007-05-02,485,486,2008-01-27,270,2008-10-05,True,0.019835787034262888,6.769839039541421,-0.18749830885103058,0.002909903199030686,0.005987828429263162,0.006657448905250506,0.25867110371733504,11.68946639969677,1.1184358239039816,True
2007-06-01,2005-05-24,2007-05-02,495,496,2007-12-23,235,2008-10-05,True,0.020263968521457298,6.470506108433529,-0.07182745599187228,0.0034510241824645665,0.0012283568416437199,0.0036631173115760523,0.3551835542129484,10.685667054886535,0.3419565653618834,True
2007-06-01,2005-05-10,2007-05-02,505,506,2007-11-11,193,2008-10-05,True,0.021081272065885063,6.267381290701234,-0.024060870857849238,-0.00016573954914785504,-0.001728563032349883,0.0017364906434986505,0.477903827587578,9.491382703618424,-1.6663869529260793,True
2007-06-01,2005-04-26,2007-05-02,515,516,2007-10-09,160,2008-10-05,True,0.021506528890380263,6.166674331033288,-0.010622384574852766,-0.0002187271140431813,-0.0009374755705281607,0.0009626536218987385,0.5770460338119778,8.556834953516953,-1.8000108745990708,True
2007-06-01,2005-04-12,2007-05-02,525,526,2007-09-29,150,2008-10-05,True,0.021471730293547753,6.141419068852914,-0.008234200400195311,-0.0006351280715012813,0.0004813082273625929,0.0007968972812953111,0.6091901361719552,8.264571283533742,2.4931100302386957,True
2007-06-01,2005-03-29,2007-05-02,535,536,2007-09-28,149,2008-10-05,True,0.021292865621292734,6.142344470266316,-0.008482583850166642,-0.0006233348774762812,0.0005310316476915317,0.0008188656668394112,0.6050282519531948,8.259201799343227,2.4359848011057323,True
2007-06-01,2005-03-11,2007-05-02,545,546,2007-09-29,150,2008-10-05,True,0.021108893061296756,6.143306816539502,-0.008403861664041765,-0.0007089679507164338,0.00038954690428312706,0.0008089390247599799,0.6065863933104036,8.286051485781151,2.6391669694824365,True
2007-06-01,2005-02-25,2007-05-02,555,556,2007-10-04,155,2008-10-05,True,0.02098989688012308,6.15462090663125,-0.009414614437667803,-0.0007645280609550394,-0.0004439211327076182,0.0008840639841392066,0.5922241066029839,8.438106476901252,-2.615524656327152,True
2007-06-01,2005-02-11,2007-05-02,565,566,2007-10-11,162,2008-10-05,True,0.020836442141185442,6.1644982995019255,-0.01007704949227757,1.389552727413092e-05,-0.0009256873190721588,0.0009257916063397998,0.5842381374331372,8.58973545068729,-1.555786416396339,True
2007-06-01,2005-01-28,2007-05-02,575,576,2007-10-04,155,2008-10-05,True,0.020747340186230194,6.15404963940829,-0.009329573020509884,-0.000782751993535954,-0.00039110488814093414,0.0008750221236701633,0.5934485139182258,8.427925535155405,-2.678222165503174,True
2007-06-01,2005-01-14,2007-05-02,585,586,2007-09-15,136,2008-10-05,True,0.020940994633815015,6.125597514356449,-0.007557888126917344,0.000697009968854757,0.00028052078654473546,0.0007513420049262428,0.6186076807435413,7.96340304947816,0.38262792634344533,True
2007-06-01,2004-12-30,2007-05-02,595,596,2007-09-06,127,2008-10-05,True,0.021106885650146904,6.1105350817807444,-0.006497458158359712,0.0001440182602011704,-0.0006454662935165925,0.0006613380340925659,0.6378325086947237,7.706203145799965,-1.3512693272178522,True
2007-06-01,2004-12-15,2007-05-02,605,606,2007-09-02,123,2008-10-05,True,0.02128443158511073,6.1003911841227625,-0.0056877091065156244,-0.0004832099676209663,-0.00032661722619825855,0.0005832415325212186,0.6554740438882335,7.523229524362186,-2.5472027808588638,True
2007-06-01,2004-12-01,2007-05-02,615,616,2007-08-24,114,2008-10-05,True,0.021415722701440293,6.086882550221235,-0.0049652694706846115,-0.00021279948536772437,0.0004735367858151229,0.0005191538389464976,0.6728420817141074,7.265146225005635,1.9931372193932304,True
2007-06-01,2004-11-17,2007-05-02,625,626,2007-08-17,107,2008-10-05,True,0.02153124201774594,6.076854295070582,-0.00441781607091454,0.0003705542419760472,0.00028318232444040985,0.0004663718206773609,0.6881603304911075,7.063840581403404,0.6525354704235131,True
2007-06-01,2004-11-03,2007-05-02,635,636,2007-08-11,101,2008-10-05,True,0.021594069095435608,6.068713219811869,-0.004003889078592357,0.00037705037101260495,-0.00019612529181877976,0.0004250083674138011,0.7011574541751321,6.8933262716816674,-0.479642662576024,True
2007-06-01,2004-10-20,2007-05-02,645,646,2007-07-27,86,2008-10-05,True,0.022131037895366752,6.050079056733294,-0.003326460941875581,-0.0003617786960205047,1.6314884481499346e-05,0.00036214637972778544,0.7250320809889809,6.492603145233662,3.096526876085431,True
2007-06-01,2004-10-06,2007-05-02,655,656,2007-07-16,75,2008-10-05,True,0.02223088708722115,6.038391219498443,-0.0029689694266060414,7.238036143804424e-05,0.0003210064290859242,0.00032906541027035704,0.7396774375275245,6.234153682335861,1.3490255591317175,True
2007-06-01,2004-09-22,2007-05-02,665,666,2007-07-13,72,2008-10-05,True,0.022319149325406677,6.033617590518045,-0.0027360817147700084,0.00025775968990485377,0.00015591552858698634,0.00030124692495427357,0.7510582551984661,6.108566333233773,0.5440052587332732,True
2007-06-01,2004-09-08,2007-05-02,675,676,2007-07-09,68,2008-10-05,True,0.022314438918291674,6.0292191585709904,-0.0025507333640612077,0.00027604429942802277,-4.432387862365048e-05,0.00027958015212627667,0.7607578478940381,6.0,-0.15920902657059804,True
2007-06-01,2004-08-25,2007-05-02,685,686,2007-07-12,71,2008-10-05,True,0.022456444945969975,6.027701627376131,-0.0022941866986223086,0.00024355492079182836,-2.2352693276323318e-05,0.0002445784993383907,0.7762788758837033,6.0,-0.09152042461706586,True
2007-06-01,2004-08-11,2007-05-02,695,696,2007-07-18,77,2008-10-05,True,0.02309319121786243,6.025484818322925,-0.0019056754377439712,0.00019255442353533246,6.333546215474782e-06,0.00019265855763678848,0.8033846082387305,6.0,0.03288038516135147,True
2007-06-01,2004-07-28,2007-05-02,705,706,2007-07-20,79,2008-10-05,True,0.023134336982924022,6.024421361638572,-0.0017497105280715572,0.00017196692509830852,1.5151555201312216e-05,0.00017263311661667253,0.8157768853842106,6.0,0.08788044607608815,True
2007-06-01,2004-07-14,2007-05-02,715,716,2007-07-22,81,2008-10-05,True,0.023070146032933905,6.023581375546745,-0.0016385002824320415,0.0001571980423499185,2.0328140232197652e-05,0.00015850696452820821,0.8252683867990326,6.0,0.12860180093626,True
2007-06-01,2004-06-30,2007-05-02,725,726,2007-07-21,80,2008-10-05,True,0.022933266009135433,6.022949241971926,-0.0016567002425243013,0.00016089887788525394,1.7075866670117215e-05,0.00016180245402115965,0.8235287947736872,6.0,0.105732167866798,True
2007-06-01,2004-06-16,2007-05-02,735,736,2007-07-19,78,2008-10-05,True,0.022939199234822162,6.025197578437263,-0.0018226005794064247,0.00018215040513408054,1.2983570940899865e-05,0.00018261254941785094,0.8099497921325826,6.0,0.07115904546678431,True
2007-06-01,2004-06-02,2007-05-02,745,746,2007-07-18,77,2008-10-05,True,0.022845800696666346,6.0258898093940445,-0.0018990301477820495,0.0001927427864660618,9.871485625740305e-06,0.0001929954091763871,0.8040476908203749,6.0,0.05117113946562946,True
2007-06-01,2006-11-06,2007-05-09,125,126,2007-09-04,118,2008-10-05,True,0.011895373274261562,6.544507672045891,-0.36863446665415944,0.009142040506016646,0.009456558004127357,0.01315307545401737,0.1,13.0,0.8023073687671367,True
2007-06-01,2006-10-23,2007-05-09,135,136,2007-08-26,109,2008-10-05,True,0.012015741993488146,6.559102467859576,-0.3795288045002922,0.011128991125578108,0.0058844555971416974,0.012588934075128384,0.1,11.847434215307613,0.48638230658736215,True
2007-06-01,2006-10-09,2007-05-09,145,146,2007-07-06,58,2008-10-05,True,0.012642115753940291,6.419195372795215,-0.3069886402344536,-0.012104839993085398,0.00046189197181371617,0.012113649138547214,0.1,8.039656688358336,3.103453529450506,True
2007-06-01,2006-09-25,2007-05-09,155,156,2007-06-15,37,2008-10-05,True,0.014261047301609433,6.188353017042451,-0.11794378519172169,-0.00019874216077736886,-0.008321973685418333,0.008324346488900234,0.17704313808690023,6.0,-1.594673401902668,True
2007-06-01,2006-09-11,2007-05-09,165,166,2007-07-06,58,2008-10-05,True,0.015377039290719052,6.06237354277242,-0.015154692901716813,0.0016831765382003742,-0.0006905251651404716,0.0018193153279298427,0.46097958504018877,6.0,-0.38931224718858154,True
2007-06-01,2006-08-28,2007-05-09,175,176,2007-07-20,72,2008-10-05,True,0.015166552381261267,6.074433324222175,-0.012088717119669589,0.001325972093056472,0.000308378744964196,0.001361359409527937,0.512275479602952,6.0,0.2285060419103667,True
2007-06-01,2006-08-14,2007-05-09,185,186,2007-08-03,86,2008-10-05,True,0.014819832194635278,6.119426894711668,-0.017997210747647416,0.0011965345112013998,0.0011724501663013098,0.0016752116967583355,0.4741388899228923,6.0,0.7752319873945832,True
2007-06-01,2006-07-31,2007-05-09,195,196,2007-09-11,125,2008-10-05,True,0.014605605266663806,7.198815851090151,-0.6845142563602754,-0.006510687063445458,0.012069340983426623,0.013713425458737053,0.11782960353585374,6.0,2.0654960311600656,True
2007-06-01,2006-07-17,2007-05-09,205,206,2007-10-10,154,2008-10-05,True,0.014840126492592821,7.84678296836982,-1.1174760312835894,-0.01687425242390858,0.0036393625991107126,0.01726225231519892,0.1,6.0,2.929170941657108,True
2007-06-01,2006-07-03,2007-05-09,215,216,2007-09-28,142,2008-10-05,True,0.01477302517280457,7.669539693324805,-1.0207807069747723,-0.013854956670767915,0.008928271306212265,0.01648253174928505,0.1,6.0,2.5691572446284363,True
2007-06-01,2006-06-19,2007-05-09,225,226,2007-10-12,156,2008-10-05,True,0.014646950195762403,7.860165175555241,-1.1243791284182434,-0.016893019203232565,0.0028959566354253286,0.017139447559214042,0.1,6.0,2.9718137765955777,True
2007-06-01,2006-06-05,2007-05-09,235,236,2007-10-13,157,2008-10-05,True,0.014864892328148291,7.898545684766301,-1.145792294067083,-0.017453404331832567,0.002034171547688063,0.01757154451537643,0.1,6.0,3.0255674129946644,True
2007-06-01,2006-05-22,2007-05-09,245,246,2007-09-16,130,2008-10-05,True,0.015499423034398285,6.5156642465786625,-0.14884482727949275,-0.004046000598464253,0.005029944227062169,0.006455266049523376,0.2601798999830961,6.0,2.2482039976209642,True
2007-06-01,2006-05-08,2007-05-09,255,256,2007-08-04,87,2008-10-05,True,0.01916389451527108,6.045272753384201,-0.0028991158755803485,8.68269939513943e-05,0.0004449694014169928,0.00045336155006355834,0.739848635069257,6.075465306562338,1.3780875663488328,True
2007-06-01,2006-04-21,2007-05-09,265,266,2007-05-27,18,2008-10-05,True,0.021134441453312346,5.981010562640868,-0.0010264884891504878,-0.00011749535877141984,-0.00018736367152382436,0.00022115674246948072,0.9,8.974162486834652,-2.130902798494491,True
2007-06-01,2006-04-05,2007-05-09,275,276,2007-05-11,2,2008-10-05,True,0.020986278383470298,5.968253156491934,-0.0009800507329872038,0.00012613987593264032,-0.00022417770185063175,0.0002572292951965865,0.9,8.142789992845657,-1.058271609294166,True
2007-06-01,2006-03-22,2007-05-09,285,286,2007-05-10,1,2008-10-05,True,0.020712731939353655,5.967034776328196,-0.0009673884610243337,5.659636782770957e-05,-0.000261149633125322,0.0002672120501264486,0.9,8.09030736129854,-1.3573766725878205,True
2007-06-01,2006-03-08,2007-05-09,295,296,2007-05-10,1,2008-10-05,True,0.020422922583764457,5.96711565908546,-0.0009678837671193405,7.143697910136018e-05,-0.00025756486747010015,0.00026728805236676486,0.9,8.100323829486603,-1.3002417406560582,True
2007-06-01,2006-02-22,2007-05-09,305,306,2007-05-10,1,2008-10-05,True,0.020131290181143877,5.967031951638304,-0.000967296982727275,5.7406712796294644e-05,-0.0002610095543733689,0.0002672480461074709,0.9,8.090863950525286,-1.3543022607470168,True
2007-06-01,2006-02-08,2007-05-09,315,316,2007-05-11,2,2008-10-05,True,0.0198258101275742,5.9672967815470095,-0.0009693780530860155,9.281893554563794e-05,-0.0002499956957001309,0.00026667058830028055,0.9,8.115124071480118,-1.215289132352512,True
2007-06-01,2006-01-25,2007-05-09,325,326,2007-05-11,2,2008-10-05,True,0.019548443415941103,5.967331626687532,-0.000969636639769654,9.786406010716436e-05,-0.0002480427159676869,0.00026665063886157346,0.9,8.118645717330018,-1.1950012003875852,True
2007-06-01,2006-01-11,2007-05-09,335,336,2007-12-02,207,2008-10-05,True,0.020696735983811488,6.088611011924621,-0.0010382049520795706,-0.00013792345685484722,-7.444899839925183e-05,0.00015673395711664624,0.9,10.275402450271194,-2.6466259481538144,True
2007-06-01,2005-12-28,2007-05-09,345,346,2007-11-30,205,2008-10-05,True,0.020418355196834596,6.088123787028873,-0.001039538699856692,-0.000146810442453786,-5.613940556971147e-05,0.00015717804831208765,0.9,10.26002911862335,-2.7763555414398766,True
2007-06-01,2005-12-13,2007-05-09,355,356,2007-12-08,213,2008-10-05,True,0.020136836854529255,6.092710004330648,-0.0010418948893348955,3.804229815567659e-05,-0.00015047655067819326,0.00015521085256183686,0.9,10.466970161945117,-1.3231727039641197,True
2007-06-01,2005-11-29,2007-05-09,365,366,2007-05-10,1,2008-10-05,True,0.019194891608704127,5.967331148133417,-0.0011345019014024657,-0.00027066718638350833,-0.0001171601464958196,0.0002949359688333838,0.8710816497389149,7.845380378709949,-2.73308604716151,True
2007-06-01,2005-11-15,2007-05-09,375,376,2007-11-26,201,2008-10-05,True,0.019651037228528092,6.085000365754901,-0.0010358076711880666,-0.00012319953080997833,9.79011194537284e-05,0.00015736185554985043,0.9,10.107675070191144,2.470119384337829,True
2007-06-01,2005-11-01,2007-05-09,385,386,2007-11-18,193,2008-10-05,True,0.019443385144279273,6.08043020515556,-0.0010324903059038795,8.293055186081754e-05,0.00013497603154403892,0.0001584171882193253,0.9,9.898706068899068,1.0198489471980177,True
2007-06-01,2005-10-18,2007-05-09,395,396,2007-11-25,200,2008-10-05,True,0.01931713396995133,6.084855208810577,-0.0010373296830383284,-0.00011462175894284555,0.0001096817199314587,0.00015864497253387748,0.9,10.096132846813697,2.378214837547075,True
2007-06-01,2005-10-04,2007-05-09,405,406,2007-05-10,1,2008-10-05,True,0.019484911679615437,5.979541587159153,-0.002553102374401545,-0.00041940372920758065,-0.00034751763477404104,0.0005446723735900045,0.7409681258961136,7.892560697400666,-2.44965474803525,True
2007-06-01,2005-09-20,2007-05-09,415,416,2007-05-30,21,2008-10-05,True,0.020149203730508772,6.026603718641579,-0.008256935014004802,-0.00032355507636291523,-0.0012490836481519997,0.0012903092061676228,0.569768125020503,8.987929647406162,-1.8242592963777502,True
2007-06-01,2005-09-06,2007-05-09,425,426,2007-06-18,40,2008-10-05,True,0.020066814804417094,6.078457794942218,-0.017223404600365977,-0.0007338404420902582,-0.0020286012521497786,0.0021572540032807623,0.4737532592634322,9.949053306686631,-1.9178976215762618,True
2007-06-01,2005-08-23,2007-05-09,435,436,2008-03-16,312,2008-10-05,True,0.0202990806698712,7.24615328022254,-0.43296395207138993,-0.004599684065721851,-0.009318012884348317,0.010391460802858122,0.18731433865751018,13.0,-2.0293378416570476,True
2007-06-01,2005-08-09,2007-05-09,445,446,2008-03-15,311,2008-10-05,True,0.02019454965639343,7.799831935164273,-0.8470366854847532,-0.0071387482485867765,-0.012587460395253536,0.01447086333840442,0.133503148964042,13.0,-2.0866972919272397,True
2007-06-01,2005-07-26,2007-05-09,455,456,2007-06-13,35,2008-10-05,True,0.01955868034728446,6.058199436867635,-0.012940483801419812,-0.0011494286403006297,0.0013153174386605756,0.0017467816588194335,0.511070729913139,9.620826192151998,2.2889912228144675,True
2007-06-01,2005-07-12,2007-05-09,465,466,2008-03-15,311,2008-10-05,True,0.019810865641518974,7.80718202350298,-0.8522327085670716,-0.0070448369628242635,-0.012663920658331787,0.014491535952869094,0.13311315042268773,13.0,-2.0784573624381206,True
2007-06-01,2005-06-28,2007-05-09,475,476,2008-03-18,314,2008-10-05,True,0.019746986086060188,7.430132558054502,-0.5592043762613244,-0.004848558369478853,-0.010716455393770377,0.011762267403392666,0.16612536261779834,13.0,-1.995677914940299,True
2007-06-01,2005-06-14,2007-05-09,485,486,2008-03-11,307,2008-10-05,True,0.01971589561298824,7.093662942378693,-0.33788621050683826,-0.007566971139357757,0.00480980342017976,0.008966228926624957,0.20879341243887745,12.752615126488125,2.5753848867158786,True
2007-06-01,2005-05-31,2007-05-09,495,496,2008-02-05,272,2008-10-05,True,0.01990815584270979,6.674722614978975,-0.13475305985041083,-0.0016553728009972412,0.005002233930109911,0.005269023002590167,0.2936025085190495,11.776959694561619,1.8903793557515767,True
2007-06-01,2005-05-17,2007-05-09,505,506,2007-12-12,217,2008-10-05,True,0.020604806748777967,6.357711068461528,-0.039588813083031894,-0.001744195551893043,-0.0016466229842241427,0.002398663247606612,0.42190593502022916,10.284053612333944,-2.3849620721136104,True
2007-06-01,2005-05-03,2007-05-09,515,516,2007-11-01,176,2008-10-05,True,0.021182194889078368,6.211910931770591,-0.015104157665899929,-0.0007494719320128621,0.0009637265190774876,0.0012208509247440096,0.5343189952251284,9.138968718583712,2.231779276182327,True
2007-06-01,2005-04-19,2007-05-09,525,526,2007-09-30,144,2008-10-05,True,0.021452497035194557,6.136056284210341,-0.007553688493586022,-0.000640922849666654,0.00036366967174631813,0.0007369109372053716,0.6202743022362732,8.281638564319035,2.625476874509739,True
2007-06-01,2005-04-05,2007-05-09,535,536,2007-10-06,150,2008-10-05,True,0.021312668512312512,6.1462557410533405,-0.008268356013320693,-0.0006996169425463978,-0.0003579192338388599,0.0007858562491001558,0.6090929391438519,8.424456659422228,-2.6687135984750103,True
2007-06-01,2005-03-18,2007-05-09,545,546,2007-10-01,145,2008-10-05,True,0.021125770772727415,6.13823314569608,-0.007713873957447428,-0.0007099998611441318,0.00023538318248641902,0.000748000698811252,0.617641733095334,8.310024068140791,2.8214698739193764,True
2007-06-01,2005-03-04,2007-05-09,555,556,2007-10-06,150,2008-10-05,True,0.020987467574119702,6.1466887800492085,-0.008343246840393078,-0.0006883333470424128,-0.00039441842367843874,0.0007933276054617002,0.6078443481869845,8.43258833420122,-2.6212589900079526,True
2007-06-01,2005-02-18,2007-05-09,565,566,2007-10-08,152,2008-10-05,True,0.02083781582931888,6.15173576023256,-0.008826190908119808,-0.0004578361886661687,-0.0006934045211800679,0.000830917448153138,0.6005973181679154,8.502692958344472,-2.154359379157408,True
2007-06-01,2005-02-04,2007-05-09,575,576,2007-10-11,155,2008-10-05,True,0.020679077567044377,6.1563811979725696,-0.009172274595386587,-9.158826870624007e-05,-0.0008503198566969984,0.0008552381362274547,0.5958962111223008,8.571703568873104,-1.678093040338909,True
2007-06-01,2005-01-21,2007-05-09,585,586,2007-10-07,151,2008-10-05,True,0.02078518647565455,6.146310437264584,-0.008125051086090124,-0.0006905785410605309,-0.00033126969645666505,0.0007659231901201206,0.6117225297370847,8.416422959654522,-2.694317506807518,True
2007-06-01,2005-01-07,2007-05-09,595,596,2007-09-22,136,2008-10-05,True,0.02096488899669578,6.123986414348312,-0.0067555848045801024,0.000348532773538007,0.0005650948783825408,0.0006639332163736608,0.6343644569418454,8.043416278843587,1.018138134445462,True
2007-06-01,2004-12-22,2007-05-09,605,606,2007-09-11,125,2008-10-05,True,0.02112868049186768,6.106553880731169,-0.00575724342684988,0.00025792741257456736,-0.0005223559323235363,0.0005825652497283046,0.6544273304448076,7.7312642493668715,-1.1121393958075059,True
2007-06-01,2004-12-08,2007-05-09,615,616,2007-08-30,113,2008-10-05,True,0.021314801068942252,6.090452095475343,-0.00493186680204751,-0.0005109210271323996,2.7035957537534033e-05,0.0005116358460526369,0.6740594869874844,7.424815030521027,3.0887258428452373,True
2007-06-01,2004-11-24,2007-05-09,625,626,2007-08-17,100,2008-10-05,True,0.021435848105221488,6.07401604031605,-0.004261255200176914,0.0002880117661183501,0.0003526012404862697,0.00045527838979581204,0.6923613563850413,7.103052339321434,0.8858830676004289,True
2007-06-01,2004-11-10,2007-05-09,635,636,2007-08-14,97,2008-10-05,True,0.021462946402337896,6.068599285454578,-0.003939842241925557,0.00041971545556772675,2.8340207311714876e-05,0.0004206711672944741,0.7030098408785732,6.97723699106665,0.06742009157958619,True
2007-06-01,2004-10-27,2007-05-09,645,646,2007-08-02,85,2008-10-05,True,0.021732868981809494,6.054850959870122,-0.003425908882341291,-0.0001365243139541832,-0.00034613236052732146,0.0003720839949593049,0.721084412552538,6.678927777977482,-1.9464900939175256,True
2007-06-01,2004-10-13,2007-05-09,655,656,2007-07-18,70,2008-10-05,True,0.022179876255301028,6.038168204302117,-0.002900905070225206,-6.8734784552185e-05,0.00031495794986442555,0.00032237087459979584,0.7426513916341996,6.300928595115278,1.7856622989976718,True
2007-06-01,2004-09-29,2007-05-09,665,666,2007-07-20,72,2008-10-05,True,0.0221746915899424,6.038122999857667,-0.002770009604394666,-1.971216099989128e-05,0.00030171130360596716,0.00030235456010270083,0.7497153912574472,6.269885661339037,1.636038114602758,True
2007-06-01,2004-09-15,2007-05-09,675,676,2007-07-08,60,2008-10-05,True,0.02222803269439364,6.027354794680462,-0.0025203624238413955,0.00027898245512121924,-2.341464549694244e-05,0.0002799633116842466,0.76179581362582,6.016542755149848,-0.08373250151987503,True
2007-06-01,2004-09-01,2007-05-09,685,686,2007-07-10,62,2008-10-05,True,0.02227028718962395,6.02645256931933,-0.0023425828527026144,0.0002521793957426874,-3.486622551553614e-05,0.00025457828131804014,0.7726514353306886,6.0,-0.1373886034183788,True
2007-06-01,2004-08-18,2007-05-09,695,696,2007-07-15,67,2008-10-05,True,0.022660288053950487,6.025673674045219,-0.002062135053682861,0.00021459389969875312,-7.681517282771383e-06,0.0002147313379450797,0.791599107375388,6.0,-0.03578032261701103,True
2007-06-01,2004-08-04,2007-05-09,705,706,2007-07-20,72,2008-10-05,True,0.023116490339648795,6.024504700788104,-0.001780988608051829,0.000176374425944259,1.3004932271379465e-05,0.00017685323404040447,0.8131644105990334,6.0,0.07360160235677636,True
2007-06-01,2004-07-21,2007-05-09,715,716,2007-07-21,73,2008-10-05,True,0.023047428193591908,6.023732421375497,-0.0016784536388387767,0.00016269643967896553,1.804651092341049e-05,0.00016369425170335104,0.8217784583699123,6.0,0.11046978364224568,True
2007-06-01,2004-07-07,2007-05-09,725,726,2007-07-23,75,2008-10-05,True,0.022914760123385367,6.0247063633036975,-0.001668300960355615,0.00015963027992970134,2.1930036930278214e-05,0.00016112961487634164,0.822872821624407,6.0,0.13652556599348206,True
2007-06-01,2004-06-23,2007-05-09,735,736,2007-07-21,73,2008-10-05,True,0.0228637889407589,6.02490089403303,-0.001757772039352049,0.00017280799544510143,1.657325838790481e-05,0.00017360091066393187,0.8152094046338391,6.0,0.09561319165531322,True
2007-06-01,2004-06-09,2007-05-09,745,746,2007-07-19,71,2008-10-05,True,0.022828797729347858,6.025250286649906,-0.0018566573171499125,0.00018751248177615866,1.0705323975018796e-05,0.00018781782339081759,0.8071971246760398,6.0,0.057029353707241555,True
2007-06-01,2006-11-13,2007-05-16,125,126,2007-09-12,119,2008-10-05,True,0.012281426299209563,6.624817486677702,-0.41412432916458225,0.00307327476010278,0.012073441810713096,0.012458451545347035,0.1,13.0,1.3215414608295226,True
2007-06-01,2006-10-30,2007-05-16,135,136,2007-09-15,122,2008-10-05,True,0.012104122345023727,6.642594928856661,-0.4241616462576218,0.0006638675826914821,0.012269789992169107,0.012287736431877182,0.1,13.0,1.5167431680388352,True
2007-06-01,2006-10-16,2007-05-16,145,146,2007-08-22,98,2008-10-05,True,0.012236070107097164,6.5917161212921345,-0.39964644869877997,-0.009095642217733978,0.007560251211767317,0.011827430225457002,0.1,11.067082447635295,2.448117745380177,True
2007-06-01,2006-10-02,2007-05-16,155,156,2007-06-09,24,2008-10-05,True,0.01333418891556124,6.36023682538027,-0.2780969524606516,-0.005053617512291726,-0.0106603743676667,0.011797568885975907,0.1,6.0,-2.013474398186398,True
2007-06-01,2006-09-18,2007-05-16,165,166,2007-06-22,37,2008-10-05,True,0.014751749896682822,6.088619517883897,-0.037420577663721935,0.001744485605930218,-0.0035763712811669466,0.0039791533735272664,0.3185708648259205,6.0,-1.116971693729187,True
2007-06-01,2006-09-04,2007-05-16,175,176,2007-07-07,52,2008-10-05,True,0.015251097318092753,6.0282405421784455,-0.0056085388374991765,0.0008048382134639579,-0.00020922142229674455,0.0008315877304288034,0.6070166891826119,6.0,-0.254325563577412,True
2007-06-01,2006-08-21,2007-05-16,185,186,2007-07-15,60,2008-10-05,True,0.014940260667463647,6.02356662365998,-0.0033267757574543502,0.0004939886821298999,5.541496884574337e-05,0.0004970871521620832,0.6955915070298547,6.0,0.1117115881128746,True
2007-06-01,2006-08-07,2007-05-16,195,196,2007-07-29,74,2008-10-05,True,0.014785626672068808,6.028826534787569,-0.0021861129195686765,0.00023413615007811066,0.00019566599060014648,0.00030513098277778377,0.7738448869506133,6.0,0.6961293743017274,True
2007-06-01,2006-07-24,2007-05-16,205,206,2007-08-13,89,2008-10-05,True,0.014538914542684448,6.05005415551962,-0.002702184944774701,0.00011989608041498736,0.00030771918686215517,0.00033025167382162214,0.7531321849696785,6.0,1.1992629873468978,True
2007-06-01,2006-07-10,2007-05-16,215,216,2007-09-22,129,2008-10-05,True,0.014884739760895317,6.155330348503498,-0.00897104265837654,-0.0005772430979677915,0.0005104581043331739,0.0007705693157859783,0.6094942519301616,6.0,2.4175176337972144,True
2007-06-01,2006-06-26,2007-05-16,225,226,2007-09-22,129,2008-10-05,True,0.014843300650785094,6.181067839127562,-0.013607004798666765,-0.0007803709391126343,0.0007381894802211764,0.001074198543715614,0.5514748637261977,6.0,2.383964616841341,True
2007-06-01,2006-06-12,2007-05-16,235,236,2007-10-16,153,2008-10-05,True,0.014881193278705716,6.300151428632969,-0.030292971085709514,-0.0018903194126336825,0.00018089483321283382,0.0018989550870051797,0.46252493092343033,6.0,3.0461877931806405,True
2007-06-01,2006-05-29,2007-05-16,245,246,2007-09-26,133,2008-10-05,True,0.015436495095555402,6.153666562524575,-0.008843647025612853,-0.00033833203915794533,-0.0006687204372362489,0.0007494368498400738,0.6089118204735255,6.3186929001068926,-2.039184185215635,True
2007-06-01,2006-05-15,2007-05-16,255,256,2007-08-11,87,2008-10-05,True,0.016162550077248063,6.029921374287263,-0.0012738093981262792,6.7651410985978e-05,0.00017599977265524936,0.0001885540595773349,0.8684788365018213,6.0,1.203824499496697,True
2007-06-01,2006-04-28,2007-05-16,265,266,2007-07-20,65,2008-10-05,True,0.02032191705381245,6.002102997739389,-0.0009267985283711747,0.00018385927538493028,0.00010151590685717555,0.00021002312370333503,0.9,6.0,0.5044840807189722,True
2007-06-01,2006-04-12,2007-05-16,275,276,2007-06-02,17,2008-10-05,True,0.020936895135703456,5.983737038756313,-0.0010199243749063128,0.00022134221955577826,-3.747111551103912e-05,0.000224491564775873,0.9,9.282501122132777,-0.16770041934155328,True
2007-06-01,2006-03-29,2007-05-16,285,286,2007-05-17,1,2008-10-05,True,0.02071071468969571,5.971358246577194,-0.0009808617448467652,0.00017761652562716868,0.00018341920060492426,0.0002553237813569588,0.9,8.438361869654162,0.8014690810014271,True
2007-06-01,2006-03-15,2007-05-16,295,296,2007-05-17,1,2008-10-05,True,0.02043775353040511,5.970556610463536,-0.000970501400045266,0.00021189429710076824,0.0001556369693388666,0.00026291074411065047,0.9,8.406209878036428,0.6335089477139522,True
2007-06-01,2006-03-01,2007-05-16,305,306,2007-05-17,1,2008-10-05,True,0.020152183679761338,5.970908816856637,-0.0009749962752748484,0.00019060398246166356,0.00017738331723453243,0.00026037419104698705,0.9,8.428153863419373,0.7494866483441014,True
2007-06-01,2006-02-15,2007-05-16,315,316,2007-05-17,1,2008-10-05,True,0.01987251201179794,5.970516107637825,-0.0009700284127842635,0.00021879134593436064,0.00014487179092114255,0.000262407105201952,0.9,8.397249882457796,0.5848663028229587,True
2007-06-01,2006-02-01,2007-05-16,325,326,2007-05-17,1,2008-10-05,True,0.019587239928877603,5.97051522916531,-0.0009700278272628286,0.00021954910267845453,0.00014338781566412443,0.00026222485421455285,0.9,8.396130257598099,0.5785523437633874,True
2007-06-01,2006-01-18,2007-05-16,335,336,2007-12-08,206,2008-10-05,True,0.02075758120576905,6.090231533912481,-0.0010321842164449431,-5.373835974026867e-05,-0.00014409555289491866,0.00015378992057890799,0.9,10.369927437516518,-1.9277558743224805,True
2007-06-01,2006-01-04,2007-05-16,345,346,2007-11-29,197,2008-10-05,True,0.02047040162811355,6.085489506400735,-0.0010304469922317,-0.0001510291823063297,3.8405620987381535e-05,0.00015583582910083603,0.9,10.16340826138915,2.8925778856323783,True
2007-06-01,2005-12-20,2007-05-16,355,356,2007-12-16,214,2008-10-05,True,0.0202060664497639,6.0956340271366445,-0.001037139967019788,0.00014849501981843737,-3.063231994253067e-05,0.00015162160115214345,0.9,10.618798280939588,-0.2034316204348444,True
2007-06-01,2005-12-06,2007-05-16,365,366,2007-05-17,1,2008-10-05,True,0.019226410941656485,5.9713581797678374,-0.0011516990548322635,0.00023373708530295158,-0.00017882335235577332,0.00029429715661840217,0.8689348576460058,8.17113723832022,-0.6530712783715904,True
2007-06-01,2005-11-22,2007-05-16,375,376,2007-05-17,1,2008-10-05,True,0.019210177254917443,5.974429727054967,-0.0014481961922785406,0.00023431163721191628,-0.00026074581700254396,0.0003505571628383206,0.8317858614313138,8.136385416987011,-0.8387436889081716,True
2007-06-01,2005-11-08,2007-05-16,385,386,2007-05-17,1,2008-10-05,True,0.019176990291705453,5.97757786571001,-0.0017963512341845334,0.0002484271509711161,-0.00032802327798485696,0.00041147942869547736,0.7971331150081454,8.120242680371158,-0.9226102668144311,True
2007-06-01,2005-10-25,2007-05-16,395,396,2007-12-01,199,2008-10-05,True,0.0193517084182637,6.086329427542877,-0.0010318453703858585,-0.00015509441962543451,5.139259922612465e-06,0.00015517954437200328,0.9,10.194778275365417,3.108468443343792,True
2007-06-01,2005-10-11,2007-05-16,405,406,2007-11-24,192,2008-10-05,True,0.01928411236475654,6.082247797255893,-0.0010287694718363596,-5.5355004744551365e-05,0.00014553030379225535,0.0001557024273161322,0.9,10.028000911651542,1.9342644680449639,True
2007-06-01,2005-09-27,2007-05-16,415,416,2008-02-03,263,2008-10-05,True,0.020289468414465814,6.2596914988269585,-0.011123277668721907,1.7630197050830763e-05,0.000917325188817671,0.0009174945917483257,0.5842079254474791,11.731357420166486,1.5515795571828952,True
2007-06-01,2005-09-13,2007-05-16,425,426,2007-06-05,20,2008-10-05,True,0.020126275646280146,6.035294500182924,-0.009614712130672791,0.0013444575188593325,0.00046284298739610757,0.0014218964979910266,0.5478813813542436,9.328840353782223,0.3315521378748265,True
2007-06-01,2005-08-30,2007-05-16,435,436,2007-06-06,21,2008-10-05,True,0.020000904532903367,6.040102626327777,-0.010607025913133323,0.0009534913980235376,0.0011923415373396866,0.0015267037000578885,0.5340824550044411,9.420872571151111,0.8962506815255628,True
2007-06-01,2005-08-16,2007-05-16,445,446,2007-06-06,21,2008-10-05,True,0.019816286824373395,6.038459217396215,-0.010272574931434995,0.0011562437952664837,0.0009414098050871634,0.0014910238546738592,0.5385544340401436,9.386231917068299,0.6833376785331031,True
2007-06-01,2005-08-02,2007-05-16,455,456,2007-06-06,21,2008-10-05,True,0.019620721550554845,6.038885080982533,-0.010357575143604063,0.001107507953555874,0.0010118857364078853,0.0015001621948093641,0.537405781914862,9.395495459187485,0.7403110172077021,True
2007-06-01,2005-07-19,2007-05-16,465,466,2007-06-04,19,2008-10-05,True,0.019525696105383843,6.033468769672466,-0.009369009608199788,0.001360910335157724,-0.00023786489571898765,0.0013815414032719083,0.5513311823581509,9.247259857437609,-0.1730357518519212,True
2007-06-01,2005-07-05,2007-05-16,475,476,2007-06-02,17,2008-10-05,True,0.019635889333668156,6.026187257446697,-0.008042727230138413,0.00018387015871279214,-0.0011948175998819839,0.001208882679275707,0.572907231196829,9.042563119199178,-1.4181044293562974,True
2007-06-01,2005-06-21,2007-05-16,485,486,2008-03-24,313,2008-10-05,True,0.019760149519439222,7.05162637131945,-0.30486297637499843,-0.0023868051124757567,-0.007894853575310477,0.008247760400286434,0.21891297336972837,13.0,-1.8643840277438501,True
2007-06-01,2005-06-07,2007-05-16,495,496,2008-03-17,306,2008-10-05,True,0.019789482729442295,6.837951500646765,-0.19028485071804369,-0.004966961238440173,0.0037260150558909473,0.0062091780567876415,0.26341818700516895,12.721772077211705,2.4979892282509124,True
2007-06-01,2005-05-24,2007-05-16,505,506,2008-01-17,246,2008-10-05,True,0.020216864008869836,6.446540465835824,-0.05645173250586313,-0.002463116262322219,-0.001581198420654559,0.002926966034513665,0.38477565337978537,11.139842183766879,-2.570897046771196,True
2007-06-01,2005-05-10,2007-05-16,515,516,2007-12-06,204,2008-10-05,True,0.021016494300475794,6.268249545408491,-0.020368944077917284,-0.0002287704925181982,0.001422493005204146,0.0014407714211844092,0.500812476535449,9.955937296155208,1.7302545595916499,True
2007-06-01,2005-04-26,2007-05-16,525,526,2007-10-25,162,2008-10-05,True,0.02142212261132718,6.161776506393263,-0.008660706142685305,0.0007519358013209248,0.00020794058573494925,0.0007801581483929621,0.6044294488222985,8.841663256525706,0.2697976924539221,True
2007-06-01,2005-04-12,2007-05-16,535,536,2007-10-03,140,2008-10-05,True,0.02138348929516446,6.123929748543456,-0.006174587444849844,-0.0005964159731859603,0.00014739208458822628,0.0006143585595323133,0.6463409218556858,8.317405038079729,2.8993172935931537,True
2007-06-01,2005-03-29,2007-05-16,545,546,2007-10-16,153,2008-10-05,True,0.02120943379182596,6.142481205627972,-0.007118695714361714,0.00011100935614713763,-0.0006656553716698197,0.0006748482429295403,0.6292537379256594,8.597566967766815,-1.405550019437597,True
2007-06-01,2005-03-11,2007-05-16,555,556,2007-10-05,142,2008-10-05,True,0.021029499265686338,6.1283516953238095,-0.006469431712837461,-0.0006244034913618418,-0.00012020827633704256,0.0006358692866657269,0.6403815689447308,8.380439661545676,-2.951402546811058,True
2007-06-01,2005-02-25,2007-05-16,565,566,2007-10-21,158,2008-10-05,True,0.020915342822973193,6.150716460003073,-0.007707326219407347,0.0006168718334476473,-0.00036736113577388635,0.0007179728845702613,0.619233943033871,8.724563929989223,-0.5371208114344902,True
2007-06-01,2005-02-11,2007-05-16,575,576,2007-10-27,164,2008-10-05,True,0.020767221456412348,6.160273943957149,-0.00826719182854001,0.0006632012820815992,0.0003590877993602516,0.000754175038173543,0.6108736809938695,8.871589131349696,0.49625226581067045,True
2007-06-01,2005-01-28,2007-05-16,585,586,2007-10-18,155,2008-10-05,True,0.020678364268701854,6.147594123991738,-0.007545975086936361,0.00043143817114437767,-0.0005596593498349702,0.0007066523072757259,0.6217180284547994,8.670870857087813,-0.9140564580221502,True
2007-06-01,2005-01-14,2007-05-16,595,596,2007-09-30,137,2008-10-05,True,0.020863312555619597,6.12119152561747,-0.006119699544021802,-0.00039453761909511315,0.0004571871465683672,0.0006038874231746893,0.6471860083935379,8.2275035522496,2.2827706483064487,True
2007-06-01,2004-12-30,2007-05-16,605,606,2007-09-25,132,2008-10-05,True,0.021027747863316792,6.112395074792921,-0.005458103942219847,0.0002536142213910282,0.0004786895397707891,0.0005417230369642289,0.662420537681436,8.044841698813213,1.083586554876241,True
2007-06-01,2004-12-15,2007-05-16,615,616,2007-09-02,109,2008-10-05,True,0.021203582073417875,6.084404897828011,-0.00440576567862805,-0.0003707982877279646,-0.0002797468112329522,0.0004644885882096517,0.688317471690808,7.5323333328245745,-2.4952529861028454,True
2007-06-01,2004-12-01,2007-05-16,625,626,2007-08-24,100,2008-10-05,True,0.02132794988580217,6.073327539538259,-0.003918640851781275,-0.00023024863784115878,0.00034978768088959086,0.00041876706762808766,0.7035620556440991,7.289760671329919,2.152951139323465,True
2007-06-01,2004-11-17,2007-05-16,635,636,2007-08-17,93,2008-10-05,True,0.021436590682506383,6.064310710552235,-0.003539271824247848,0.0002804852138891951,0.000258216768062792,0.00038124513704342674,0.7170034232065629,7.079183171091458,0.7440844580392068,True
2007-06-01,2004-11-03,2007-05-16,645,646,2007-07-25,70,2008-10-05,True,0.021501247692056493,6.043302836325435,-0.0030842595194960076,-0.00024735651524873323,-0.0002478991073028555,0.00035019881929776616,0.7332497912667555,6.634884644804592,-2.3550989108342817,True
2007-06-01,2004-10-20,2007-05-16,655,656,2007-07-21,66,2008-10-05,True,0.022013161006634335,6.036839764775562,-0.0027475480153184278,-0.0002631747978239783,0.00015969045187682305,0.00030783439481369817,0.749595837228749,6.426004344321357,2.5961993014326272,True
2007-06-01,2004-10-06,2007-05-16,665,666,2007-07-18,63,2008-10-05,True,0.02210589353963278,6.032787779786552,-0.0025587873833992224,-5.501384605049195e-05,0.00027908749047337076,0.0002844579944314996,0.7596550905036014,6.296035550818979,1.7654215420316928,True
2007-06-01,2004-09-22,2007-05-16,675,676,2007-07-05,50,2008-10-05,True,0.022185956720649425,6.02215441177,-0.002373665437110201,0.00026534466165879794,-4.499409876602208e-05,0.00026913241795552706,0.7690752663493555,6.011614458545443,-0.16797075652880847,True
2007-06-01,2004-09-08,2007-05-16,685,686,2007-07-07,52,2008-10-05,True,0.022180629329024048,6.021695244799132,-0.0022283160857344913,0.0002430056443996529,-4.714565583050558e-05,0.00024753677721457685,0.7785422739394895,6.0,-0.19162988466497238,True
2007-06-01,2004-08-25,2007-05-16,695,696,2007-07-11,56,2008-10-05,True,0.022321757127338922,6.021510986061478,-0.0020387731546102285,0.0002178637602266683,-2.5004578664210943e-05,0.0002192939738667662,0.7918823300127521,6.0,-0.11427163072789281,True
2007-06-01,2004-08-11,2007-05-16,705,706,2007-07-17,62,2008-10-05,True,0.02294962135005448,6.021296392944551,-0.0017484763040018355,0.00017740898214458543,3.5897426405351633e-06,0.00017744529635299751,0.8148270602134856,6.0,0.020231517063774872,True
2007-06-01,2004-07-28,2007-05-16,715,716,2007-07-20,65,2008-10-05,True,0.02298978173585193,6.021182923309639,-0.001633824061264821,0.00016106797675826567,1.2715752670346611e-05,0.00016156912917687782,0.8248985186838764,6.0,0.07878309574561121,True
2007-06-01,2004-07-14,2007-05-16,725,726,2007-07-22,67,2008-10-05,True,0.022926253838220778,6.021035538452029,-0.00155135555148755,0.00014919402948811367,1.821062268887441e-05,0.00015030131474347348,0.8325479169668919,6.0,0.12145918193492641,True
2007-06-01,2004-06-30,2007-05-16,735,736,2007-07-21,66,2008-10-05,True,0.02279262359074257,6.021126692098581,-0.0015804467829464818,0.00015342814661650062,1.654923831969201e-05,0.00015431809182055216,0.8298181507698373,6.0,0.10744770483659173,True
2007-06-01,2004-06-16,2007-05-16,745,746,2007-07-19,64,2008-10-05,True,0.022803357771873443,6.021539984585166,-0.0016916396347223758,0.0001698445874952381,1.0068440967923302e-05,0.00017014275595790773,0.819835971843253,6.0,0.059211022839336006,True
2007-06-01,2006-11-20,2007-05-24,125,126,2007-06-25,32,2008-10-05,True,0.012661636181182196,6.334643443093925,-0.2269950318274922,0.007066814348441013,-0.008697448793490532,0.0112064927854669,0.12636186601486124,7.360178776343088,-0.888470269773694,True
2007-06-01,2006-11-06,2007-05-24,135,136,2007-07-05,42,2008-10-05,True,0.012811032167694022,6.430771675338312,-0.3128736965331004,0.006012681395245398,0.009663399952298663,0.011381284470516319,0.1,8.935759262731512,1.01420452837616,True
2007-06-01,2006-10-23,2007-05-24,145,146,2007-06-30,37,2008-10-05,True,0.012462666855107683,6.419142866505899,-0.30737212496095023,-0.010363913647495879,-0.0046308272645931535,0.011351443399288508,0.1,8.232063565540695,-2.721384483108078,True
2007-06-01,2006-10-09,2007-05-24,155,156,2007-06-22,29,2008-10-05,True,0.012594743284393839,6.401344256829437,-0.2991020214949087,-0.005747729251169467,-0.00965045914698617,0.011232442000402146,0.1,7.146769176795059,-2.1079678101686987,True
2007-06-01,2006-09-25,2007-05-24,165,166,2007-06-16,23,2008-10-05,True,0.01393870744801102,6.18756692827301,-0.11316322991729286,0.00026734020777794895,-0.007726878704871196,0.007731502137779354,0.1845250386820723,6.0,-1.5362113903212498,True
2007-06-01,2006-09-11,2007-05-24,175,176,2007-07-06,43,2008-10-05,True,0.015066417944345281,6.04926902412014,-0.011228048399205267,0.0013220523857076282,-0.0005384509808934583,0.0014274985006578322,0.5027432552091243,6.0,-0.38677000099839287,True
2007-06-01,2006-08-28,2007-05-24,185,186,2007-07-14,51,2008-10-05,True,0.014892132371962864,6.033474992845473,-0.0050765058333857895,0.0007100616613426275,2.0474415762378228e-05,0.0007103567868398689,0.6299433052325899,6.0,0.02882671363605783,True
2007-06-01,2006-08-14,2007-05-24,195,196,2007-07-19,56,2008-10-05,True,0.014604605607631004,6.027210468327528,-0.003192142997539592,0.00044343940417850664,0.00012650057430224312,0.00046113002556435887,0.706461405593055,6.0,0.2778901396007226,True
2007-06-01,2006-07-31,2007-05-24,205,206,2007-07-31,68,2008-10-05,True,0.014465157124526036,6.026070143633241,-0.0018181748159638638,0.00018519512713863337,0.00017762632072018902,0.00025660932354161655,0.8034956632543269,6.0,0.7645402212368416,True
2007-06-01,2006-07-17,2007-05-24,215,216,2007-09-08,107,2008-10-05,True,0.014797941444477885,6.065153178703099,-0.001737914168400572,-9.039073036472647e-05,0.00017445242974186407,0.0001964793484789399,0.8359803492702379,6.0,2.0488501654200575,True
2007-06-01,2006-07-03,2007-05-24,225,226,2007-08-24,92,2008-10-05,True,0.014712244190730623,6.044373387472162,-0.001442976907824074,-3.3948257769444252e-06,0.00017940970907196318,0.00017944182497774111,0.8552663756800014,6.0,1.5897162654626973,True
2007-06-01,2006-06-19,2007-05-24,235,236,2007-09-20,119,2008-10-05,True,0.014630262559026119,6.094141111974477,-0.002919897428367058,-0.0002592697417776085,0.00013654834667843076,0.00029302943535085464,0.7641850250201755,6.056498802888188,2.656841158730199,True
2007-06-01,2006-06-05,2007-05-24,245,246,2007-09-14,113,2008-10-05,True,0.014830627585524208,6.069914772881896,-0.0016454787706382831,-0.00011162467899984932,0.00014296556259635101,0.00018138142421513445,0.8474436574876375,6.0,2.233707508696316,True
2007-06-01,2006-05-22,2007-05-24,255,256,2007-08-18,86,2008-10-05,True,0.015389902738229306,6.032744860988541,-0.001064955652731882,1.6755824117663134e-05,0.0001448171088633195,0.00014578323861607888,0.9,6.0,1.4556051894529327,True
2007-06-01,2006-05-08,2007-05-24,265,266,2007-07-27,64,2008-10-05,True,0.01885615438400809,6.010693368696137,-0.0009816123418232646,0.00011668719336970334,0.00014627131349185022,0.00018711279551951988,0.8983240790932412,6.029367273997727,0.8974319630914016,True
2007-06-01,2006-04-21,2007-05-24,275,276,2007-06-03,10,2008-10-05,True,0.02075692730834316,5.98571963521273,-0.0010339154479185866,0.0002032973107656596,6.656612567866452e-05,0.00021391784790525764,0.9,9.360207137084938,0.3164303431408923,True
2007-06-01,2006-04-05,2007-05-24,285,286,2007-05-25,1,2008-10-05,True,0.020702811736154077,5.977554729487229,-0.0010004534725710469,-0.00023369715539638168,-5.9323830030778255e-05,0.00024110926413118438,0.9,8.850534859648022,-2.892994531710246,True
2007-06-01,2006-03-22,2007-05-24,295,296,2007-05-25,1,2008-10-05,True,0.020492521781995135,5.976478563940254,-0.0009867403989218186,-0.00025138678795308476,-1.5062198532938339e-05,0.00025183762026753436,0.9,8.814376084301186,-3.0817477705004057,True
2007-06-01,2006-03-08,2007-05-24,305,306,2007-05-25,1,2008-10-05,True,0.020221007954795697,5.976215648953069,-0.0009834084360961707,-0.0002543803627562235,-2.013765457644219e-06,0.0002543883334732673,0.9,8.804433347269324,-3.133676463162487,True
2007-06-01,2006-02-22,2007-05-24,315,316,2007-07-22,59,2008-10-05,True,0.020405134947247102,5.999471188950433,-0.0008876227582995523,-3.1057470289526314e-06,0.00023958063947654724,0.0002396007689399163,0.9,6.196673317744542,1.5837588645175031,True
2007-06-01,2006-02-08,2007-05-24,325,326,2007-05-25,1,2008-10-05,True,0.019668215100274052,5.975683799226218,-0.0009768662652472064,-0.00025028224731384415,5.7435198870897446e-05,0.0002567878606745416,0.9,8.76082574941785,2.916016568329657,True
2007-06-01,2006-01-25,2007-05-24,335,336,2007-05-25,1,2008-10-05,True,0.0194141254053397,5.9754299939336954,-0.0009738175084870638,-0.00023966288069844876,9.26110802524405e-05,0.00025693405490553965,0.9,8.734420274333951,2.772845712817939,True
2007-06-01,2006-01-11,2007-05-24,345,346,2007-05-25,1,2008-10-05,True,0.019296584776854187,5.975175945191488,-0.0009708907562931247,-0.00021976367921746368,0.00013068468188812875,0.0002556844946088786,0.9,8.703905479897664,2.6051088340331927,True
2007-06-01,2005-12-28,2007-05-24,355,356,2007-12-16,206,2008-10-05,True,0.02023234120421569,6.094344357212887,-0.0010327215366453396,0.00014157717559971426,-5.1704818939618e-05,0.00015072320641616873,0.9,10.595985711233633,-0.35015653154130266,True
2007-06-01,2005-12-13,2007-05-24,365,366,2007-12-12,202,2008-10-05,True,0.019959955318085577,6.092457039619245,-0.0010331142789653796,9.756528615410271e-05,-0.00011622973727724989,0.00015175090408254733,0.9,10.525559704361829,-0.8724780682889204,True
2007-06-01,2005-11-29,2007-05-24,375,376,2007-12-04,194,2008-10-05,True,0.019724975065726222,6.087434090803752,-0.001029890026289739,-0.00011881994507725416,-9.723984905334839e-05,0.00015353751200302706,0.9,10.299465312317102,-2.455744530047002,True
2007-06-01,2005-11-15,2007-05-24,385,386,2007-12-03,193,2008-10-05,True,0.019486524384980494,6.086569870755191,-0.0010282541952345444,-0.0001435508751147351,-5.3754211010763076e-05,0.0001532852535229528,0.9,10.249865223868415,-2.783294573654965,True
2007-06-01,2005-11-01,2007-05-24,395,396,2007-12-01,191,2008-10-05,True,0.01928352516326095,6.085177286209803,-0.0010258415398415285,-0.0001512521712920914,2.1719021388052936e-05,0.00015280358376238058,0.9,10.174638803931684,2.998972795011722,True
2007-06-01,2005-10-18,2007-05-24,405,406,2007-11-28,188,2008-10-05,True,0.0191716911073064,6.084178724436289,-0.0010295068653675668,-0.000146502079163016,5.340083398733621e-05,0.00015593110103385294,0.9,10.153686158357523,2.7920541102443237,True
2007-06-01,2005-10-04,2007-05-24,415,416,2007-11-16,176,2008-10-05,True,0.019646158862733538,6.075471439703625,-0.001017214611527898,0.00014716500329202712,4.0996353842629796e-05,0.0001527685806124167,0.9,9.786410352455416,0.2716859491214024,True
2007-06-01,2005-09-20,2007-05-24,425,426,2008-03-17,298,2008-10-05,True,0.020385190818914507,6.417173701727871,-0.03281803504153196,-0.0017592535322103128,0.00076794139098017,0.0019195590562874122,0.4554158200180926,12.757754615319504,2.7300088662074176,True
2007-06-01,2005-09-06,2007-05-24,435,436,2007-06-15,22,2008-10-05,True,0.020033685564732617,6.050547058828583,-0.011502865671314727,-0.001425762855914944,-0.0006837846430668574,0.0015812530345902288,0.5247532921854812,9.831619516776692,-2.6944042260682246,True
2007-06-01,2005-08-23,2007-05-24,445,446,2008-03-26,307,2008-10-05,True,0.020341064274485843,6.741214538703373,-0.14201832770299752,-0.0013727466049086416,-0.004952062165558935,0.005138808512957887,0.29296130114689384,13.0,-1.8412132658500822,True
2007-06-01,2005-08-09,2007-05-24,455,456,2007-06-14,21,2008-10-05,True,0.019670063979870676,6.045119335005331,-0.010451738101468747,-0.0014451793090174462,0.0002860585599156404,0.0014732184953065019,0.5378179283456868,9.728520084829787,2.9461788001990055,True
2007-06-01,2005-07-26,2007-05-24,465,466,2007-06-04,11,2008-10-05,True,0.01951713875297029,6.027389145673386,-0.00849261126023561,0.00127852963559009,8.230538786810826e-05,0.0012811761026315812,0.5633326175510126,9.290721163700194,0.0642863272747493,True
2007-06-01,2005-07-12,2007-05-24,475,476,2007-06-02,9,2008-10-05,True,0.01950096237471443,6.023172365901237,-0.007644343455088914,0.0008425115312847609,-0.0008059792609333248,0.0011659452171531993,0.5786737144543744,9.151791879749426,-0.7632407501983893,True
2007-06-01,2005-06-28,2007-05-24,485,486,2008-03-26,307,2008-10-05,True,0.019810476506886443,6.9186704406731545,-0.2313406086082057,-0.0018840168292599269,-0.00662875579676208,0.006891293262228905,0.2441432126957674,13.0,-1.847712795065301,True
2007-06-01,2005-06-14,2007-05-24,495,496,2008-03-29,310,2008-10-05,True,0.019741840368511204,6.836674464738394,-0.18465898518654045,-0.0011140160485491012,-0.005852769265593768,0.005957846912493134,0.26705025673910493,13.0,-1.7588863976755489,True
2007-06-01,2005-05-31,2007-05-24,505,506,2008-03-03,284,2008-10-05,True,0.019921842621287024,6.596418983382808,-0.09175962582922516,0.002795194873079667,-0.002636655992833279,0.0038425342162477227,0.3366672116649613,12.259955108698618,-0.7562195484619156,True
2007-06-01,2005-05-17,2007-05-24,515,516,2008-01-15,236,2008-10-05,True,0.02059955120246354,6.355904453251444,-0.03209547020759945,-0.0012930464699730862,0.001400488171812187,0.0019061312370599515,0.45017938305403515,10.92239278073255,2.316326886263508,True
2007-06-01,2005-05-03,2007-05-24,525,526,2007-11-15,175,2008-10-05,True,0.021142232034584204,6.192247133240403,-0.010900765720712245,-0.0005764883419484808,-0.0006917866962625562,0.0009005041041152287,0.5761253686926262,9.38202180371312,-2.265534115355747,True
2007-06-01,2005-04-19,2007-05-24,535,536,2007-10-16,145,2008-10-05,True,0.021384222169457054,6.129815916736859,-0.005950220738696687,-1.5444926314978806e-05,-0.0005778649044133555,0.0005780712702613161,0.6522547627089481,8.567880827614601,-1.597517537947422,True
2007-06-01,2005-04-05,2007-05-24,545,546,2007-10-13,142,2008-10-05,True,0.021248945820813367,6.128273531097626,-0.006038046913417906,-0.00014103478212779,-0.0005716616137509367,0.0005888020129093974,0.649736929081003,8.542069415462384,-1.8126763701156967,True
2007-06-01,2005-03-18,2007-05-24,555,556,2007-10-06,135,2008-10-05,True,0.0210634819457873,6.119511707751725,-0.005626492892414172,-0.000528754383436718,-0.00018891760582069649,0.0005614900353457467,0.6583352964428161,8.402076777867386,-2.798439978885194,True
2007-06-01,2005-03-04,2007-05-24,565,566,2007-10-14,143,2008-10-05,True,0.020931749652100113,6.130376330891508,-0.006180506016007838,1.6651518482736034e-05,-0.0006001542166593379,0.000600385173735798,0.6467045694831275,8.582213234645765,-1.5430580435777852,True
2007-06-01,2005-02-18,2007-05-24,575,576,2007-10-19,148,2008-10-05,True,0.02078750710613638,6.137346079726452,-0.006596567964514441,0.0004696308220669862,-0.0004213879765451228,0.000630968252618233,0.638506208757836,8.70013568488929,-0.7313075125581568,True
2007-06-01,2005-02-04,2007-05-24,585,586,2007-10-17,146,2008-10-05,True,0.02063448611006143,6.136478518564,-0.006652450355725094,0.00045437184913670514,-0.0004495558848842155,0.0006391825020461205,0.6370274625259765,8.697015220712489,-0.7800703938159954,True
2007-06-01,2005-01-21,2007-05-24,595,596,2007-10-16,145,2008-10-05,True,0.02073382648742414,6.1319262675581205,-0.006140908655681115,1.8644476486718577e-05,-0.000588323013687099,0.0005886183695208078,0.6480871060302908,8.576619911990857,-1.5391160454072208,True
2007-06-01,2005-01-07,2007-05-24,605,606,2007-09-25,124,2008-10-05,True,0.02090320771258149,6.105396504258555,-0.005014112707819281,9.109832204960721e-05,0.0004999596402441141,0.0005081914463598122,0.6726363613943922,8.097445516398079,1.390562264511887,True
2007-06-01,2004-12-22,2007-05-24,615,616,2007-09-03,102,2008-10-05,True,0.02105893698401576,6.0814341260401275,-0.004196511917937996,-0.000153887887114479,-0.0004210575934219176,0.0004482978683630065,0.6941770954868313,7.622861159541157,-1.921194179235265,True
2007-06-01,2004-12-08,2007-05-24,625,626,2007-08-29,97,2008-10-05,True,0.021230530920479447,6.073948588948223,-0.0038042713927281665,-0.00040477614508533744,4.2275125270783693e-05,0.00040697778053206616,0.7074725572213103,7.421474812784602,3.0375291768565544,True
2007-06-01,2004-11-24,2007-05-24,635,636,2007-08-13,81,2008-10-05,True,0.02133975197425991,6.058513828919086,-0.0033946240483214637,0.00031954970367373075,0.00019564264024356213,0.000374683941208375,0.7215066536771264,7.060346368179935,0.549374404023651,True
2007-06-01,2004-11-10,2007-05-24,645,646,2007-08-07,75,2008-10-05,True,0.021359999664572346,6.052662375919794,-0.0031790001861342907,0.00030273766000479856,-0.00017938071571235742,0.0003518913638534748,0.7303050844126819,6.897219084866525,-0.5349076964363272,True
2007-06-01,2004-10-27,2007-05-24,655,656,2007-07-25,62,2008-10-05,True,0.021616878788812646,6.040474938324596,-0.00288857636352454,-0.0003062016456983942,-0.00011011911593654654,0.0003254007798439511,0.7425245953560022,6.563533513700305,-2.7963651872380346,True
2007-06-01,2004-10-13,2007-05-24,665,666,2007-07-22,59,2008-10-05,True,0.022050301249672957,6.035649284416788,-0.002593723899888931,-0.0002164864439255691,0.0001883890658590132,0.0002869787806420018,0.7579925703662704,6.393687633571076,2.425480978026661,True
2007-06-01,2004-09-29,2007-05-24,675,676,2007-07-10,47,2008-10-05,True,0.02203769823727484,6.026525505357274,-0.0024733599632451577,0.0002216459736182981,0.00016988885570545065,0.00027926539512462107,0.7636331179164371,6.134525907381756,0.6539698379839713,True
2007-06-01,2004-09-15,2007-05-24,685,686,2007-07-06,43,2008-10-05,True,0.022089202090738492,6.022137414147787,-0.0023227945063825288,0.00025463860360569175,-5.712989100821453e-05,0.00026096866266444153,0.7724154515762626,6.0,-0.22070210898858997,True
2007-06-01,2004-09-01,2007-05-24,695,696,2007-07-08,45,2008-10-05,True,0.02213369308732207,6.021211712521291,-0.0021401914363364414,0.0002317071692150556,-3.861139132644949e-05,0.00023490221754129658,0.7845380961508471,6.0,-0.1651215079170424,True
2007-06-01,2004-08-18,2007-05-24,705,706,2007-07-14,51,2008-10-05,True,0.02252068101717375,6.021346284311502,-0.0018961162583970338,0.00019827774442782213,-1.0317851443599656e-05,0.00019854601983871888,0.8027193023723452,6.0,-0.0519904711558987,True
2007-06-01,2004-08-04,2007-05-24,715,716,2007-07-18,55,2008-10-05,True,0.022971774486263915,6.020010869117054,-0.001639655408917807,0.00016358425037893247,8.234964384206501e-06,0.00016379139663134454,0.8241220058148916,6.0,0.05029835440135365,True
2007-06-01,2004-07-21,2007-05-24,725,726,2007-07-21,58,2008-10-05,True,0.022902726414264687,6.020952255160375,-0.0015770221681443515,0.00015313410685788542,1.616950939244443e-05,0.0001539854139753328,0.8300893041823976,6.0,0.10520069851145679,True
2007-06-01,2004-07-07,2007-05-24,735,736,2007-07-22,59,2008-10-05,True,0.022772042431335005,6.020934993043758,-0.0015514067678591556,0.00014938710061994918,1.7904187519398365e-05,0.00015045619217022807,0.8325136143186347,6.0,0.11928199978861698,True
2007-06-01,2004-06-23,2007-05-24,745,746,2007-07-20,57,2008-10-05,True,0.02272564506578586,6.021145082359233,-0.0016318772597134633,0.000161296863701716,1.3065756636694838e-05,0.0001618251903644772,0.8250668474268986,6.0,0.0808279244021689,True
