tc_true,t1,t2,dt,observations,tc_predicted,tc_days_after_t2,global_tc_upper_date,check_pass,RMSE,A,B,C1,C2,C,m,omega,phi,optimizer_success
2015-04-15,2014-01-21,2014-07-23,125,126,2014-11-05,105,2016-08-20,True,0.013069102654469748,6.117565737919161,-0.17604416139085122,0.0015289115714321663,-0.00853974479370661,0.008675529478648454,0.1,6.0,-1.3936384466279277,True
2015-04-15,2014-01-07,2014-07-23,135,136,2014-12-24,154,2016-08-20,False,0.012910735586488573,5.757786311741482,0.03597135255916762,0.01423480124383868,-0.0009256325970205155,0.014264864603502488,0.1,6.0,-0.06493460903704011,True
2015-04-15,2013-12-16,2014-07-23,145,146,2014-12-18,148,2016-08-20,True,0.013657460456526549,5.910649818650027,-0.0006733608427405918,5.777956831616407e-05,-3.598479397910482e-05,6.806896438554718e-05,0.9,12.989424359882747,-0.5570117233546719,True
2015-04-15,2013-12-02,2014-07-23,155,156,2014-12-07,137,2016-08-20,True,0.01387041530992958,5.908469642467424,-0.0006872389602859388,-7.527638291025915e-05,7.187394343960166e-06,7.561873089061696e-05,0.9,12.620520903442504,3.0464011525681163,True
2015-04-15,2013-11-18,2014-07-23,165,166,2014-12-04,134,2016-08-20,True,0.014440785695729692,6.192700459477627,-0.12803872133700023,5.326486649486536e-05,-0.0032294714086511904,0.003229910637354882,0.19919367884312533,13.0,-1.5543044522306493,True
2015-04-15,2013-11-04,2014-07-23,175,176,2014-11-26,126,2016-08-20,True,0.01420266630804406,6.517248604402854,-0.40933851582599656,-0.0030170571036766125,-0.004729844609560475,0.005610175005954252,0.1,13.0,-2.1386016663759877,True
2015-04-15,2013-10-21,2014-07-23,185,186,2014-11-27,127,2016-08-20,True,0.013838069939897975,6.520920841153668,-0.4113541329888152,-0.002743323265510595,-0.00484498560329958,0.0055677381435617025,0.1,13.0,-2.0860064696141167,True
2015-04-15,2013-10-07,2014-07-23,195,196,2014-12-13,143,2016-08-20,True,0.01474848099201694,6.021601932771865,-0.025969517879999526,7.439303613124694e-05,-0.000872880822249099,0.0008760452349479952,0.37865916763572044,12.886137408709752,-1.4857747595473598,True
2015-04-15,2013-09-23,2014-07-23,205,206,2014-12-02,132,2016-08-20,True,0.014604458079106732,5.901628787860598,-0.0007875484459274858,2.5695876125695664e-05,-3.2631305370145925e-05,4.1534084075934676e-05,0.863103960146183,10.737020214697985,-0.9037480981706646,True
2015-04-15,2013-09-09,2014-07-23,215,216,2014-12-11,141,2016-08-20,True,0.014346610468786785,5.901390011735944,-0.0006199599033440474,2.3442746409168153e-05,2.1124513824410113e-05,3.155641683591881e-05,0.9,10.949039055204297,0.7334285082202472,True
2015-04-15,2013-08-26,2014-07-23,225,226,2014-10-16,85,2016-08-20,True,0.014828270227699869,5.8875523911882395,-0.0006643567855836627,5.833749451366258e-05,-2.1262678734204935e-06,5.8376230446999155e-05,0.9,7.74580662289944,-0.036431579800494655,True
2015-04-15,2013-08-12,2014-07-23,235,236,2014-09-24,63,2016-08-20,True,0.014611735412317257,5.87901111318817,-0.0006577242387423612,5.2770852344711085e-05,3.6587629793609334e-05,6.421384205217368e-05,0.9,6.8597956933449735,0.6062356016205254,True
2015-04-15,2013-07-26,2014-07-23,245,246,2016-07-12,720,2016-08-20,True,0.014589914352585907,6.347379345825509,-0.0012922586556997824,-7.728680648125892e-05,-6.948007171037293e-05,0.0001039265645585869,0.9,6.0,-2.409335803447589,True
2015-04-15,2013-07-12,2014-07-23,255,256,2016-07-28,736,2016-08-20,True,0.014326771809973694,6.3754365002563835,-0.0013363238653760028,-7.166755331200838e-05,-8.386602475000439e-05,0.00011031658218553507,0.9,6.0,-2.2779248869346262,True
2015-04-15,2013-06-28,2014-07-23,265,266,2016-07-18,726,2016-08-20,True,0.014474527771683506,6.529724048434711,-0.0017030529641432505,-9.573310053640491e-05,-0.00013900550127791326,0.00016878197748526754,0.9,6.0,-2.1738981282350642,True
2015-04-15,2013-06-14,2014-07-23,275,276,2016-07-18,726,2016-08-20,True,0.01505654912007473,6.622745906227255,-0.0019160672056947336,-0.00010633023643032147,-0.00017383784342289222,0.00020377859304954006,0.9,6.0,-2.119747704833564,True
2015-04-15,2013-05-31,2014-07-23,285,286,2016-08-16,755,2016-08-20,True,0.01590929363050059,6.343161357474918,-0.0012237966215578038,1.622992563057765e-05,7.589310620703194e-05,7.760911064898187e-05,0.9,7.441067939951862,1.3601172867303897,True
2015-04-15,2013-05-16,2014-07-23,295,296,2014-10-07,76,2016-08-20,True,0.01785952851609247,5.8869116528906344,-0.000688399400503498,-5.9242179134869034e-05,-6.428128081608348e-05,8.74169254321158e-05,0.9,7.358292064036516,-2.3154224044550076,True
2015-04-15,2013-04-30,2014-07-23,305,306,2014-08-05,13,2016-08-20,True,0.0177436015652307,5.864274077404627,-0.0007040346961346889,-5.6167516624168886e-05,9.178906463291713e-05,0.00010761051207903495,0.9,11.474069008702061,2.119934082172765,True
2015-04-15,2013-04-16,2014-07-23,315,316,2014-10-17,86,2016-08-20,True,0.018459187766706117,5.891273938992165,-0.0006937297766910714,8.057683941044254e-05,1.0021180444015542e-05,8.119760530254428e-05,0.9,7.736791329482192,0.12373267027706596,True
2015-04-15,2013-04-02,2014-07-23,325,326,2014-10-07,76,2016-08-20,True,0.018368033815141273,5.887252223077767,-0.0006935757850706458,-7.750591205849056e-05,-2.213621795855704e-05,8.060507769072129e-05,0.9,7.265774366527307,-2.8633923419498437,True
2015-04-15,2013-03-15,2014-07-23,335,336,2014-10-17,86,2016-08-20,True,0.018125281075027772,5.891705672984848,-0.0006993190171055122,7.025169026488223e-05,-3.410682559847001e-05,7.809337703978101e-05,0.9,7.634789991440787,-0.4519762034709093,True
2015-04-15,2013-03-01,2014-07-23,345,346,2014-10-16,85,2016-08-20,True,0.017935608398968416,5.891523844100098,-0.0007001331605309538,6.09695059243946e-05,-4.763220225101786e-05,7.736993824442837e-05,0.9,7.601933241264183,-0.6632007086617573,True
2015-04-15,2013-02-15,2014-07-23,355,356,2014-09-26,65,2016-08-20,True,0.01799806468110907,5.884029652765971,-0.000697835436196555,5.6804628374958905e-05,4.913289071557846e-05,7.510530443907515e-05,0.9,6.839940667689587,0.7131067902311953,True
2015-04-15,2013-02-01,2014-07-23,365,366,2014-08-21,29,2016-08-20,True,0.017848511809558616,5.875878205432434,-0.0007558647503655709,-6.434025126549273e-05,2.466636432197896e-05,6.890643991508584e-05,0.9,12.55988838593824,2.7755008872170417,True
2015-04-15,2013-01-18,2014-07-23,375,376,2015-03-07,227,2016-08-20,True,0.017766866173027477,5.960560052254004,-0.000788257851663529,-2.8108865485159122e-05,-2.8510985132055504e-05,4.003729001896931e-05,0.9,12.940596545847416,-2.3490925130275175,True
2015-04-15,2013-01-04,2014-07-23,385,386,2015-02-18,210,2016-08-20,True,0.017553961763280203,5.952659990151041,-0.0007827184776528981,3.238437417556188e-05,-2.5671944731243138e-05,4.1325493790477584e-05,0.9,12.272300078727906,-0.6702899886423679,True
2015-04-15,2012-12-13,2014-07-23,395,396,2015-03-03,223,2016-08-20,True,0.017386999244982805,5.959443388828287,-0.0007898390517001943,-3.495704311109275e-05,-2.0664970232122932e-05,4.060832251848535e-05,0.9,12.917687485201226,-2.6077034994952863,True
2015-04-15,2012-11-29,2014-07-23,405,406,2015-03-04,224,2016-08-20,True,0.017205190260267074,5.960573841020292,-0.0007931584455958108,-2.060590109377006e-05,-3.5475568874798215e-05,4.102583511492223e-05,0.9,13.0,-2.0970141715776824,True
2015-04-15,2012-11-15,2014-07-23,415,416,2014-10-26,95,2016-08-20,True,0.017304028449396408,5.903853688294074,-0.0007649456722943,1.4030130199739973e-05,5.448005548374216e-05,5.625763058406637e-05,0.9,13.0,1.3187452968925808,True
2015-04-15,2012-11-01,2014-07-23,425,426,2014-10-25,94,2016-08-20,True,0.01717427612809981,5.903461598316229,-0.0007637693752295836,1.4714739742326038e-05,5.3673801107221114e-05,5.565429445228751e-05,0.9,13.0,1.303219361780958,True
2015-04-15,2012-10-18,2014-07-23,435,436,2014-10-25,94,2016-08-20,True,0.017076835381713965,5.902967733865469,-0.0007604613899766354,1.415352985325857e-05,5.145076474031696e-05,5.336200520661236e-05,0.9,13.0,1.3023475480689874,True
2015-04-15,2012-10-04,2014-07-23,445,446,2014-09-08,47,2016-08-20,True,0.017060546414811643,5.880663453953447,-0.0007377191796490624,-2.1266494257789653e-05,5.023439062159339e-05,5.455050668086805e-05,0.9,12.305709573201423,1.971264612421891,True
2015-04-15,2012-09-20,2014-07-23,455,456,2014-09-15,54,2016-08-20,True,0.017080605736321572,5.8823099116703865,-0.0007298399941184218,5.0767853427680044e-05,3.2213194827467647e-06,5.0869950273853506e-05,0.9,13.0,0.0633670030695602,True
2015-04-15,2012-09-06,2014-07-23,465,466,2014-09-11,50,2016-08-20,True,0.01705794975518812,5.880188083658009,-0.0007355864440713333,5.10261485755605e-05,-6.928872844862609e-06,5.149443773220026e-05,0.8974578675768413,13.0,-0.13496512476589895,True
2015-04-15,2012-08-23,2014-07-23,475,476,2014-09-13,52,2016-08-20,True,0.016937340273733805,5.881157791932268,-0.0007263069751276339,5.002996056911923e-05,-1.445538191813831e-06,5.0050839505562916e-05,0.9,13.0,-0.0288854141894424,True
2015-04-15,2012-08-09,2014-07-23,485,486,2014-09-11,50,2016-08-20,True,0.016797853835533866,5.88013724157539,-0.0007238474044932114,5.054016504962655e-05,-5.502073967141002e-06,5.083877556731067e-05,0.9,13.0,-0.10843832776232509,True
2015-04-15,2012-07-25,2014-07-23,495,496,2014-09-14,53,2016-08-20,True,0.017244188677393527,5.882385063232176,-0.000731967360267477,2.7305036775104863e-05,-3.7741926257688723e-05,4.658345232945539e-05,0.9,12.835170571472224,-0.9444937249786804,True
2015-04-15,2012-07-11,2014-07-23,505,506,2015-03-04,224,2016-08-20,True,0.017793333206871875,5.95769232656923,-0.0007812242762306664,-1.6577094990913492e-05,-2.5785725175206683e-05,3.0654586951206126e-05,0.9,13.0,-2.142149101390546,True
2015-04-15,2012-06-27,2014-07-23,515,516,2015-01-17,178,2016-08-20,True,0.018090435595534124,5.941393896822245,-0.0007887432759198487,7.063907011407871e-06,-3.606395286603589e-05,3.674925140175614e-05,0.9,11.292316005322046,-1.377373439096746,True
2015-04-15,2012-06-13,2014-07-23,525,526,2014-12-12,142,2016-08-20,True,0.018923665649936895,5.930339747212531,-0.0008031150037174777,-4.275002801953791e-05,2.1492060500374178e-05,4.784844365518089e-05,0.9,10.05054120669074,2.6757571020074193,True
2015-04-15,2012-05-30,2014-07-23,535,536,2014-11-18,118,2016-08-20,True,0.020103504153109023,5.923990375262078,-0.0008197811252554106,-5.375724733180386e-05,-2.9014505577867498e-05,6.108750424285509e-05,0.9,9.272351140935955,-2.6466669229183033,True
2015-04-15,2012-05-14,2014-07-23,545,546,2014-11-09,109,2016-08-20,True,0.020219578779288823,5.921423567370783,-0.0008267664523795867,-2.0963559766344695e-06,6.695611911075765e-05,6.698892889690607e-05,0.9,8.975098559247668,1.6020955030732078,True
2015-04-15,2012-04-27,2014-07-23,555,556,2014-11-23,123,2016-08-20,True,0.020491191307131753,5.925590187283908,-0.0008181207913457837,5.619604130791103e-06,-5.981663632364525e-05,6.0080029391321375e-05,0.9,9.445472017615781,-1.477124089947794,True
2015-04-15,2012-04-13,2014-07-23,565,566,2014-12-14,144,2016-08-20,True,0.020832080447334186,5.932566938209456,-0.0008096850053758706,-4.9159152110570214e-05,-2.2659894364844148e-05,5.41303339067484e-05,0.9,10.185205772573294,-2.7096703904446726,True
2015-04-15,2012-03-28,2014-07-23,575,576,2015-01-30,191,2016-08-20,True,0.021576561255396365,5.9499555905794566,-0.0008045535833991998,1.6642988121917752e-05,4.688996678379823e-05,4.9755984952686815e-05,0.9,11.648462496123704,1.2297300020689856,True
2015-04-15,2012-03-14,2014-07-23,585,586,2015-03-08,228,2016-08-20,True,0.023089499099090204,5.962267217387755,-0.0007956147966503543,-2.8520966186887927e-05,-4.226724601010735e-05,5.0989857790667946e-05,0.9,12.959808913797783,-2.164392790666562,True
2015-04-15,2012-02-29,2014-07-23,595,596,2015-03-02,222,2016-08-20,True,0.023534081042924107,5.957563634693368,-0.000785709812746736,-2.6367691778719032e-05,-4.864803142950899e-05,5.5334312426414244e-05,0.9,13.0,-2.0674840510129684,True
2015-04-15,2012-02-14,2014-07-23,605,606,2015-02-27,219,2016-08-20,True,0.02375896617489407,5.954218082826406,-0.0007778742128436121,-3.338134478796811e-05,-4.949528421672783e-05,5.970006147021855e-05,0.8999107506538329,13.0,-2.164157642079151,True
2015-04-15,2012-01-31,2014-07-23,615,616,2014-07-25,2,2016-08-20,True,0.023573498866889087,5.860981047279084,-0.0007287795499027958,-1.2779080854838769e-05,-8.762284497241816e-05,8.854980445238111e-05,0.9,9.77745443799966,-1.7156171983268826,True
2015-04-15,2012-01-17,2014-07-23,625,626,2015-02-25,217,2016-08-20,True,0.023579140807414602,5.955975867421387,-0.0008488232875808268,-3.917787286453081e-05,-5.414412968765282e-05,6.68318225235756e-05,0.8877600173893168,13.0,-2.1971763190442246,True
2015-04-15,2012-01-03,2014-07-23,635,636,2015-02-26,218,2016-08-20,True,0.023622351121482085,5.954399208751113,-0.0007795024493827833,-3.402676025486597e-05,-4.7315596586532586e-05,5.8280237592014155e-05,0.9,13.0,-2.194255857390401,True
2015-04-15,2011-12-16,2014-07-23,645,646,2015-02-24,216,2016-08-20,True,0.024557329066293005,5.95703022225494,-0.0007924020376273808,-3.2234443521481345e-05,-3.9372020150497e-05,5.088433275450031e-05,0.9,13.0,-2.2568448319876198,True
2015-04-15,2011-12-02,2014-07-23,655,656,2015-02-19,211,2016-08-20,True,0.02520021307347741,5.958277648856505,-0.0008032290014099295,-3.262711440819956e-05,-3.1128847511398515e-05,4.509471966864463e-05,0.9,13.0,-2.3796901937536625,True
2015-04-15,2011-11-17,2014-07-23,665,666,2014-11-03,103,2016-08-20,True,0.026699894977025008,5.916556857763637,-0.0008098846226738393,-1.5948259740023974e-05,4.286768135034482e-05,4.5738223545410794e-05,0.9,13.0,1.9269646437658954,True
2015-04-15,2011-11-03,2014-07-23,675,676,2014-11-02,102,2016-08-20,True,0.026592861357921656,5.916503764541753,-0.0008125095303124382,-1.2552806204265649e-05,4.3866453145608266e-05,4.5627170142117025e-05,0.9,13.0,1.8495076328723266,True
2015-04-15,2011-10-20,2014-07-23,685,686,2014-11-02,102,2016-08-20,True,0.026522805659204774,5.916520081204156,-0.0008117966376668823,-1.3464029768625355e-05,4.3502615829545986e-05,4.5538529638356735e-05,0.9,13.0,1.8709451438178382,True
2015-04-15,2011-10-06,2014-07-23,695,696,2014-11-01,101,2016-08-20,True,0.02637656224311078,5.916469678411201,-0.0008132079369269718,-1.1709847425013523e-05,4.443792809896596e-05,4.595486895254913e-05,0.9,13.0,1.8284495029421937,True
2015-04-15,2011-09-22,2014-07-23,705,706,2014-10-27,96,2016-08-20,True,0.027009814758700974,5.916323425390835,-0.0008209532609040615,-2.474904380193249e-06,4.9653518180271255e-05,4.9715158848882576e-05,0.9,13.0,1.6205985964418717,True
2015-04-15,2011-09-08,2014-07-23,715,716,2014-10-26,95,2016-08-20,True,0.027033351911765223,5.9165047840717575,-0.0008244850096057358,1.020104891148312e-06,5.1962047770699195e-05,5.197206001798822e-05,0.9,13.0,1.5511671182842754,True
2015-04-15,2011-08-25,2014-07-23,725,726,2014-10-26,95,2016-08-20,True,0.02699244670434022,5.916443571813863,-0.0008239142271861857,6.109218757088499e-07,5.1539902561101346e-05,5.1543523177466645e-05,0.9,13.0,1.5589435052772016,True
2015-04-15,2011-08-11,2014-07-23,735,736,2014-10-27,96,2016-08-20,True,0.027068988640425767,5.916032964905206,-0.0008210451058751043,-9.079207093059795e-07,4.932936751022779e-05,4.9337722069158235e-05,0.9,13.0,1.589199526659247,True
2015-04-15,2011-07-27,2014-07-23,745,746,2014-10-30,99,2016-08-20,True,0.0297203870056564,5.914564949986192,-0.0008083481930948535,-6.3373143923694825e-06,3.847080163669672e-05,3.898928227446359e-05,0.9,13.0,1.7340605770272528,True
2015-04-15,2014-01-28,2014-07-30,125,126,2015-02-28,213,2016-08-20,False,0.012689195587610714,5.623255288164328,0.10860874717588735,-4.086319007780975e-05,0.016907281174979784,0.016907330556008217,0.1,6.0,1.5732132210364422,True
2015-04-15,2014-01-14,2014-07-30,135,136,2014-11-01,94,2016-08-20,True,0.012895344842083436,6.142886751143409,-0.19101361009303605,0.007731097698372935,-0.002439947043660182,0.008106985456854685,0.1,6.2545746019891215,-0.3057080531764434,True
2015-04-15,2013-12-23,2014-07-30,145,146,2014-11-05,98,2016-08-20,True,0.012726160396284854,6.149649824092785,-0.19494775059618255,0.0015398607074939476,-0.0076378048928907975,0.00779148474813051,0.1,6.0,-1.3718528102079375,True
2015-04-15,2013-12-09,2014-07-30,155,156,2014-12-18,141,2016-08-20,True,0.013856234465234322,5.910825917499475,-0.000682406233935908,6.332854184282008e-05,-4.702787565054637e-05,7.888044941644962e-05,0.9,13.0,-0.6387492850066454,True
2015-04-15,2013-11-25,2014-07-30,165,166,2014-12-20,143,2016-08-20,True,0.01431794762893581,5.9050190728471,-0.0006309456840663175,5.165506919977778e-05,-2.929889681341015e-05,5.938578557632025e-05,0.9,13.0,-0.5159546891713664,True
2015-04-15,2013-11-11,2014-07-30,175,176,2014-12-06,129,2016-08-20,True,0.014364961383679471,6.084927075160698,-0.06481431500643256,-4.0666792239417264e-05,-0.0021983533035559036,0.0021987294138311334,0.2624829693687445,13.0,-1.589292968962759,True
2015-04-15,2013-10-28,2014-07-30,185,186,2014-12-01,124,2016-08-20,True,0.014069679996865429,6.159380444858167,-0.11794937222320517,-0.00113796953057946,-0.0030078183199956712,0.0032158895656767845,0.1978791945868427,13.0,-1.9324895376763627,True
2015-04-15,2013-10-14,2014-07-30,195,196,2014-12-07,130,2016-08-20,True,0.013977056107017449,6.094001230632471,-0.06930747307694692,0.00020489666197261343,-0.002129378445662634,0.0021392136889380954,0.2558974587843692,13.0,-1.4748679712321928,True
2015-04-15,2013-09-30,2014-07-30,205,206,2015-01-19,173,2016-08-20,True,0.014712145128947146,5.911553166460105,-0.0006084820426720348,1.2244869117372716e-05,2.7693497722243615e-05,3.0279805742334286e-05,0.9,12.9675232394905,1.1544838955128303,True
2015-04-15,2013-09-16,2014-07-30,215,216,2016-08-16,748,2016-08-20,True,0.014602957230542642,6.533681647838191,-0.3808815468971296,-0.01029429063520787,0.02090292714868856,0.023300317231005882,0.1,6.0,2.028410515651079,True
2015-04-15,2013-09-02,2014-07-30,225,226,2014-11-17,110,2016-08-20,True,0.014477959403718975,5.894103688999196,-0.0006300020805171888,-4.2074699547743914e-05,-8.623312055940646e-06,4.294929397379022e-05,0.9,9.306140946439838,-2.9394397053885997,True
2015-04-15,2013-08-19,2014-07-30,235,236,2016-07-28,729,2016-08-20,True,0.014815067037879949,6.38504913510754,-0.0013708452654473619,-8.66055141131375e-05,-8.668647321989887e-05,0.0001225359527408389,0.9,6.0,-2.355727307017189,True
2015-04-15,2013-08-05,2014-07-30,245,246,2014-11-06,99,2016-08-20,True,0.01449304269859096,5.893088162298501,-0.0006547547472513019,3.000807580144108e-05,-4.679028745069212e-05,5.558610989288089e-05,0.9,8.579998694527728,-1.0005392553377803,True
2015-04-15,2013-07-19,2014-07-30,255,256,2016-07-27,728,2016-08-20,True,0.014391216783391223,6.276573542461376,-0.00111955228264676,-7.112313124783885e-05,-4.761756550722875e-05,8.559166047771554e-05,0.9,6.0,-2.55162496788443,True
2015-04-15,2013-07-05,2014-07-30,265,266,2016-08-19,751,2016-08-20,True,0.01425911988991672,6.385854006378668,-0.0013409292440551442,-6.937913466117788e-05,-9.396168127519695e-05,0.00011680009364035437,0.9,6.0,-2.206817054732756,True
2015-04-15,2013-06-21,2014-07-30,275,276,2016-08-05,737,2016-08-20,True,0.015009925830050959,6.63030987026546,-0.001909223316478454,-9.578531355910352e-05,-0.00018356995693105292,0.00020705737219738011,0.9,6.0,-2.051725071632834,True
2015-04-15,2013-06-07,2014-07-30,285,286,2016-08-01,733,2016-08-20,True,0.01520761437099906,6.486352904208448,-0.0015926444179296024,-9.071293852730162e-05,-0.0001273370965670523,0.0001563444062906787,0.9,6.0,-2.1897855841087757,True
2015-04-15,2013-05-24,2014-07-30,295,296,2014-09-23,55,2016-08-20,True,0.016854794670664676,5.8808000572308785,-0.0006917052501756641,1.443429763397727e-06,-9.296402066010984e-05,9.297522587644081e-05,0.9,6.440466835724632,-1.5552708172932632,True
2015-04-15,2013-05-08,2014-07-30,305,306,2014-08-06,7,2016-08-20,True,0.017961628645668692,5.862836366077044,-0.0006923737588687183,-8.507642111590624e-05,6.909407633678258e-05,0.00010959921904249206,0.9,11.524473299488792,2.45949219291201,True
2015-04-15,2013-04-23,2014-07-30,315,316,2014-10-29,91,2016-08-20,True,0.017913344785053225,5.893030162366707,-0.0006772638144625932,-8.653588831799936e-05,-1.2476186788046172e-05,8.743063080954796e-05,0.9,8.235530084412275,-2.9984057519978817,True
2015-04-15,2013-04-09,2014-07-30,325,326,2014-10-25,87,2016-08-20,True,0.0183641000368575,5.8930891770919,-0.0006922667298756705,4.0266558693786225e-05,6.802092319188272e-05,7.904582051516791e-05,0.9,7.857853237122736,1.0362998440125861,True
2015-04-15,2013-03-22,2014-07-30,335,336,2014-10-12,74,2016-08-20,True,0.018210537204772424,5.887965386022035,-0.0006879604881357143,-4.62091237439514e-05,-6.59791572393259e-05,8.055142647523696e-05,0.9,7.358817246225857,-2.1817634663155365,True
2015-04-15,2013-03-08,2014-07-30,345,346,2014-10-06,68,2016-08-20,True,0.017982147904425785,5.884627531911298,-0.0006796618185997287,-7.929527136070651e-05,3.1452364026117934e-05,8.530528273793786e-05,0.9,7.1601045655585125,2.7639786874391374,True
2015-04-15,2013-02-22,2014-07-30,355,356,2014-10-15,77,2016-08-20,True,0.017974614869923907,5.890266957764539,-0.0006965078065346359,2.0801457992320155e-06,-7.476349659976955e-05,7.479242896423285e-05,0.9,7.451693986800972,-1.5429804890920753,True
2015-04-15,2013-02-08,2014-07-30,365,366,2014-09-29,61,2016-08-20,True,0.017988258158558982,5.8839305498827725,-0.0006939399551618339,6.304997868383845e-05,3.5680287977946676e-05,7.244572287044756e-05,0.9,6.79244043004761,0.5149721615578058,True
2015-04-15,2013-01-25,2014-07-30,375,376,2015-02-21,206,2016-08-20,True,0.017893532032913325,5.952752488470196,-0.0007796547581655031,4.017928287024689e-05,8.873629109520888e-06,4.114749160690906e-05,0.9,12.402754066425468,0.21736173788870908,True
2015-04-15,2013-01-11,2014-07-30,385,386,2015-03-03,216,2016-08-20,True,0.01765891042601706,5.956971797490027,-0.0007819515038483824,-3.52190803948037e-05,2.0073438316811255e-05,4.053796430155901e-05,0.9,12.748731597133851,2.623554932661149,True
2015-04-15,2012-12-20,2014-07-30,395,396,2015-03-04,217,2016-08-20,True,0.01749097633006391,5.957633099244633,-0.0007829551161085552,-4.06233371065088e-05,9.98461305453966e-07,4.06356056020769e-05,0.9,12.82406567258441,3.1170190859943308,True
2015-04-15,2012-12-06,2014-07-30,405,406,2015-03-09,222,2016-08-20,True,0.017291868050955946,5.9603749110995885,-0.0007863382316806709,-1.533836706667661e-05,-3.742505106527575e-05,4.04462600435517e-05,0.9,13.0,-1.9597585004417444,True
2015-04-15,2012-11-22,2014-07-30,415,416,2015-02-28,213,2016-08-20,True,0.017222963519907066,5.958514382198865,-0.0007925571160788849,-2.6386828699460712e-05,-3.347279117310012e-05,4.2622675628503806e-05,0.9,13.0,-2.238366485463806,True
2015-04-15,2012-11-08,2014-07-30,425,426,2014-10-29,91,2016-08-20,True,0.01736069403573003,5.903850585790648,-0.0007614762657187589,1.0991267429367636e-05,5.527488173213735e-05,5.635708039107109e-05,0.9,13.0,1.374509265563086,True
2015-04-15,2012-10-25,2014-07-30,435,436,2014-08-27,28,2016-08-20,True,0.017240886658851488,5.875518849363465,-0.0007385428541553964,-3.4339778137466853e-06,-6.243857461810904e-05,6.253293375467423e-05,0.9,11.766633497870842,-1.6257386729391528,True
2015-04-15,2012-10-11,2014-07-30,445,446,2015-02-25,210,2016-08-20,True,0.01717858786166764,5.957976342925644,-0.0007966472353279441,-3.189974597943984e-05,-2.9892338736396332e-05,4.371665253292215e-05,0.9,13.0,-2.3886695476765882,True
2015-04-15,2012-09-27,2014-07-30,455,456,2015-02-25,210,2016-08-20,True,0.01711770059103615,5.956837272354812,-0.0007912187851372278,-2.9385025044277833e-05,-2.849121430238482e-05,4.0929561313032086e-05,0.9,13.0,-2.3716367460099885,True
2015-04-15,2012-09-13,2014-07-30,465,466,2014-09-07,39,2016-08-20,True,0.01719367606894716,5.8773775783510604,-0.0007187806267903075,5.060481514570875e-05,-1.0876600306939441e-05,5.1760484446808155e-05,0.9,13.0,-0.21171128022581853,True
2015-04-15,2012-08-30,2014-07-30,475,476,2014-09-13,45,2016-08-20,True,0.017099638059279037,5.879953855210723,-0.0007210472785489594,5.042377122941808e-05,-1.6817016860910263e-06,5.045180696028331e-05,0.9,13.0,-0.033339009247426096,True
2015-04-15,2012-08-16,2014-07-30,485,486,2014-09-09,41,2016-08-20,True,0.01695913279495337,5.878077023119404,-0.0007194741492713984,5.079687589035692e-05,-8.23613012528783e-06,5.146024134864699e-05,0.9,13.0,-0.1607397012359767,True
2015-04-15,2012-08-02,2014-07-30,495,496,2014-09-14,46,2016-08-20,True,0.01689227297340166,5.880507434731112,-0.000722152721319098,4.9812490535671595e-05,2.481891995358956e-07,4.9813108829354734e-05,0.9,13.0,0.0049824279639900685,True
2015-04-15,2012-07-18,2014-07-30,505,506,2015-02-28,213,2016-08-20,True,0.017733319940298767,5.953644286164224,-0.0007724901562736163,-2.02823787478563e-05,-2.2340113072522048e-05,3.0173755811376275e-05,0.9,13.0,-2.3079538134628623,True
2015-04-15,2012-07-04,2014-07-30,515,516,2015-03-03,216,2016-08-20,True,0.01782228008059321,5.956949841300553,-0.0007814110830355402,-3.212563886802556e-05,-4.141863751154205e-06,3.2391537598760575e-05,0.9,12.861756391611904,-3.0133729153772326,True
2015-04-15,2012-06-20,2014-07-30,525,526,2015-01-22,176,2016-08-20,True,0.01856867139668253,5.94431095599559,-0.0007941351506179717,7.78021198814371e-06,-3.988149823564556e-05,4.0633306536636354e-05,0.9,11.26605660265685,-1.3781328575166012,True
2015-04-15,2012-06-06,2014-07-30,535,536,2014-12-14,137,2016-08-20,True,0.019392014016995085,5.931517457663742,-0.0008074000193359148,-4.023337475640819e-05,3.38725101440661e-05,5.259345384883412e-05,0.9,10.003931185926213,2.4418194287332087,True
2015-04-15,2012-05-22,2014-07-30,545,546,2014-11-23,116,2016-08-20,True,0.02026142058375762,5.92561589090932,-0.000820569475375429,-3.4970809705859814e-05,-5.326181626670149e-05,6.371639195302357e-05,0.9,9.33572204718177,-2.1517854903904183,True
2015-04-15,2012-05-07,2014-07-30,555,556,2014-11-24,117,2016-08-20,True,0.02028921758720898,5.92580631403377,-0.0008207583583772102,-3.0031409704096927e-05,-5.636122488985579e-05,6.386292539416141e-05,0.9,9.349150022066906,-2.0603680352538722,True
2015-04-15,2012-04-20,2014-07-30,565,566,2014-12-12,135,2016-08-20,True,0.020697746799390914,5.93159091122741,-0.0008110505841742439,-4.1870459303798354e-05,3.8068287528257865e-05,5.658913215136938e-05,0.9,10.003602786475506,2.403722236162994,True
2015-04-15,2012-04-04,2014-07-30,575,576,2015-01-07,161,2016-08-20,True,0.020999033683360015,5.940623724270197,-0.0008049670788836871,-2.6449154777083034e-05,4.496679850752931e-05,5.2168676008106954e-05,0.9,10.870575193496144,2.102488949781152,True
2015-04-15,2012-03-21,2014-07-30,585,586,2015-02-14,199,2016-08-20,True,0.0222228989094723,5.953956267494429,-0.0007968357408865496,2.8180684775203776e-05,-4.200856528355481e-05,5.058527998916373e-05,0.9,12.236861949123286,-0.9799156556169065,True
2015-04-15,2012-03-07,2014-07-30,595,596,2015-03-07,220,2016-08-20,True,0.023294588855854545,5.95961555998863,-0.0007880475519625622,-2.0096141780494482e-05,-4.959757685088942e-05,5.351424617745837e-05,0.9,13.0,-1.9557636169639108,True
2015-04-15,2012-02-22,2014-07-30,605,606,2015-03-02,215,2016-08-20,True,0.023593044224740442,5.955647060174288,-0.0007792603833856205,-2.8671285135013633e-05,-5.015333980502305e-05,5.7770235285061485e-05,0.9,13.0,-2.0901263061142257,True
2015-04-15,2012-02-07,2014-07-30,615,616,2015-02-28,213,2016-08-20,True,0.02370978919595906,5.952975500122779,-0.0007724275181513094,-3.4233673636592656e-05,-5.118296450025317e-05,6.157629629728404e-05,0.9,13.0,-2.1603082417948816,True
2015-04-15,2012-01-24,2014-07-30,625,626,2015-02-28,213,2016-08-20,True,0.02360346364294453,5.953342556221944,-0.0007851292147399535,-3.516010936756433e-05,-5.243336448078013e-05,6.313074529508914e-05,0.8976518425352089,13.0,-2.1614946372807164,True
2015-04-15,2012-01-10,2014-07-30,635,636,2015-02-28,213,2016-08-20,True,0.02352287341363425,5.95352397238036,-0.000774563765401201,-3.360041934360557e-05,-5.0012979637114154e-05,6.0251857334430265e-05,0.9,13.0,-2.162367777049923,True
2015-04-15,2011-12-23,2014-07-30,645,646,2015-02-28,213,2016-08-20,True,0.023876689250394066,5.955689272638174,-0.0007829101950076394,-3.119501588745772e-05,-4.557249518597929e-05,5.522663608889143e-05,0.9,13.0,-2.171053290103883,True
2015-04-15,2011-12-09,2014-07-30,655,656,2015-02-25,210,2016-08-20,True,0.025045370164270525,5.958433285957416,-0.0007968328043302975,-2.9905294431560695e-05,-3.65226252868361e-05,4.720411838898143e-05,0.9,13.0,-2.256905346526729,True
2015-04-15,2011-11-25,2014-07-30,665,666,2015-02-18,203,2016-08-20,True,0.025874113673843232,5.95896703007834,-0.0008079832238799541,-3.1861655989801174e-05,-2.674349295576222e-05,4.1597830927673817e-05,0.9,13.0,-2.443306462187712,True
2015-04-15,2011-11-10,2014-07-30,675,676,2014-11-06,99,2016-08-20,True,0.026707792874740496,5.9170592232302734,-0.0008091007315094214,-1.641240181629792e-05,4.173203963007823e-05,4.4843394887832026e-05,0.9,13.0,1.9454967349484324,True
2015-04-15,2011-10-27,2014-07-30,685,686,2014-11-06,99,2016-08-20,True,0.026637219811876684,5.916906315105256,-0.0008090679465983102,-1.6090296581466837e-05,4.1771573174735366e-05,4.476339988843379e-05,0.9,13.0,1.9384769750707842,True
2015-04-15,2011-10-13,2014-07-30,695,696,2014-11-05,98,2016-08-20,True,0.02647783811375229,5.91695516087847,-0.0008099372299468055,-1.5190510371949464e-05,4.227710623550851e-05,4.4923327091932726e-05,0.9,13.0,1.9157393312635833,True
2015-04-15,2011-09-29,2014-07-30,705,706,2014-11-02,95,2016-08-20,True,0.02671186929492342,5.9166461470917096,-0.0008145716549652775,-9.311781014125022e-06,4.587174512088888e-05,4.680733132844482e-05,0.9,13.0,1.7710709941674796,True
2015-04-15,2011-09-15,2014-07-30,715,716,2014-10-30,92,2016-08-20,True,0.027036865880377747,5.916431687034319,-0.0008197820230914978,-3.0136388958174965e-06,4.9754029061838885e-05,4.9845214687878445e-05,0.9,13.0,1.6312931659219045,True
2015-04-15,2011-09-01,2014-07-30,725,726,2014-10-28,90,2016-08-20,True,0.027111898609561542,5.916396493096531,-0.0008218675763798204,-6.562191531040589e-07,5.1293341471391715e-05,5.129753895536991e-05,0.9,13.0,1.5835890857790316,True
2015-04-15,2011-08-18,2014-07-30,735,736,2014-10-28,90,2016-08-20,True,0.026980598925194568,5.916372833070786,-0.0008217344164193186,-7.717449107484241e-07,5.122766806927155e-05,5.1233480908705886e-05,0.9,13.0,1.5858601890431392,True
2015-04-15,2011-08-04,2014-07-30,745,746,2014-10-30,92,2016-08-20,True,0.027278484701325018,5.915756060703438,-0.0008164966511665318,-3.5270381334179002e-06,4.689590242097678e-05,4.702834955505414e-05,0.9,13.0,1.6458649396005312,True
2015-04-15,2014-02-04,2014-08-07,125,126,2014-12-06,121,2016-08-20,False,0.012215362552436475,5.723939924698473,0.0575720968368357,0.011198268810259001,-0.009203356877306843,0.014494930222594751,0.1,6.0,-0.6879260210903292,True
2015-04-15,2014-01-21,2014-08-07,135,136,2015-02-27,204,2016-08-20,False,0.013093505395981867,4.922744943309745,0.5050819555172615,0.0033634291001256866,0.025120684387398083,0.025344850352741047,0.1,6.0,1.4376970829654088,True
2015-04-15,2014-01-07,2014-08-07,145,146,2015-02-27,204,2016-08-20,False,0.01290955696638991,4.81277609989247,0.5678020654900662,0.004500766786036503,0.026064004407816692,0.026449749099622426,0.1,6.0,1.3998013193879613,True
2015-04-15,2013-12-16,2014-08-07,155,156,2015-05-20,286,2016-08-20,False,0.014937776135862378,4.873752472498868,0.5142887600365467,-0.026369721699356058,-8.331792273447158e-05,0.02636985332491894,0.1,6.0,-3.1384330584135998,True
2015-04-15,2013-12-02,2014-08-07,165,166,2016-01-12,523,2016-08-20,False,0.01570524295494895,3.4336681023121365,1.2289796137617333,0.0481218377042783,-0.0014442515029913228,0.04814350554790121,0.1,6.0,-0.030003386665594958,True
2015-04-15,2013-11-18,2014-08-07,175,176,2015-12-14,494,2016-08-20,False,0.015478269318308698,2.3283005819681217,1.8214357680799373,0.04983866930982461,-0.025830006944639106,0.056134501131961244,0.1,6.0,-0.4781584468540435,True
2015-04-15,2013-11-04,2014-08-07,185,186,2015-12-14,494,2016-08-20,False,0.015087022291166886,1.9885362632450707,2.00074199456109,0.051917408777409135,-0.028570372895667884,0.059259459511187856,0.1,6.0,-0.5030768026418149,True
2015-04-15,2013-10-21,2014-08-07,195,196,2015-11-02,452,2016-08-20,False,0.014741628288449101,3.3507234401465604,1.2944681142367411,0.029028864191328996,-0.03524980783071069,0.04566425197395284,0.1,6.0,-0.8818785197682044,True
2015-04-15,2013-10-07,2014-08-07,205,206,2015-12-31,511,2016-08-20,False,0.015528461403039718,4.423475197984586,0.7150214359254724,0.0364358703944755,-0.0035433311801263967,0.03660775665422661,0.1,6.0,-0.0969435897955604,True
2015-04-15,2013-09-23,2014-08-07,215,216,2016-03-18,589,2016-08-20,False,0.015423655714792605,4.673349099209402,0.5732316619041762,0.027734105972673395,0.02415942440627661,0.036781223766292385,0.1,6.0,0.7166218926011073,True
2015-04-15,2013-09-09,2014-08-07,225,226,2016-05-28,660,2016-08-20,False,0.015190391705216844,4.566016031866059,0.6194862587167985,0.009320798178599876,0.038850182275194683,0.039952646239042065,0.1,6.0,1.3353303383029194,True
2015-04-15,2013-08-26,2014-08-07,235,236,2016-08-09,733,2016-08-20,True,0.01582219076690899,6.257311534371293,-0.035500079150134964,-0.002898041447506116,0.0017168157119012955,0.0033683973073398714,0.38727072350847586,6.0,2.606776053781744,True
2015-04-15,2013-08-12,2014-08-07,245,246,2016-08-09,733,2016-08-20,True,0.015602849996730082,6.254572915074292,-0.035316708443732886,-0.0029066377844553723,0.0017365907860031763,0.0033858958590090695,0.3872509505038009,6.0,2.603045181514518,True
2015-04-15,2013-07-26,2014-08-07,255,256,2016-08-18,742,2016-08-20,True,0.015351872626731107,6.003925227443828,-0.0005139844805739167,-8.026237359985195e-05,4.329939448276115e-05,9.119696364713015e-05,0.9,6.0,2.646867394827798,True
2015-04-15,2013-07-12,2014-08-07,265,266,2016-08-16,740,2016-08-20,True,0.015111687951115522,6.058798625979815,-0.0006384985753234065,-8.387209652472075e-05,2.347008451634587e-05,8.709404941014337e-05,0.9,6.0,2.868739876314539,True
2015-04-15,2013-06-28,2014-08-07,275,276,2016-08-18,742,2016-08-20,True,0.015374577367688316,6.252014894949933,-0.0010711898128753074,-9.588905977365504e-05,-5.045472821922875e-05,0.00010835308663786107,0.9,6.0,-2.657222512259729,True
2015-04-15,2013-06-14,2014-08-07,285,286,2016-08-03,727,2016-08-20,True,0.01598015852465174,6.358167486976796,-0.0013262033389855703,-0.00010984936523900709,-8.413975326283771e-05,0.0001383704488774391,0.9,6.0,-2.487957824212128,True
2015-04-15,2013-05-31,2014-08-07,295,296,2016-08-19,743,2016-08-20,True,0.016524757224862786,6.17854980858181,-0.0009098292522150657,-9.588122662251603e-05,-2.193822767391937e-05,9.835901307003338e-05,0.9,6.0,-2.9166582969122374,True
2015-04-15,2013-05-16,2014-08-07,305,306,2016-07-22,715,2016-08-20,True,0.01897337698829371,5.825321484366391,-0.0001281505610780628,-6.410477558893342e-05,0.0001289550440680223,0.00014400981092930123,0.9,6.0,2.0321288514866134,True
2015-04-15,2013-04-30,2014-08-07,315,316,2014-12-23,138,2016-08-20,True,0.018833966788408586,5.909408604112781,-0.0006716123251776568,-3.955559465075489e-05,7.045662267772776e-05,8.080087095648492e-05,0.9,9.906924010022832,2.0823632399350225,True
2015-04-15,2013-04-16,2014-08-07,325,326,2014-11-25,110,2016-08-20,True,0.01926964443699295,5.900320336917971,-0.0006755108337058232,5.346773740973262e-05,5.8380700656248576e-05,7.916505007154751e-05,0.9,8.754576095985533,0.8292951302045177,True
2015-04-15,2013-04-02,2014-08-07,335,336,2016-07-08,701,2016-08-20,False,0.019319915947722834,5.767827033933001,5.696111822567623e-06,-4.1505340145713106e-05,0.0001565958845951265,0.0001620029763082812,0.9,6.0,1.8298863947456494,True
2015-04-15,2013-03-15,2014-08-07,345,346,2016-07-08,701,2016-08-20,False,0.019118912661596456,5.731785701071712,8.688417975553136e-05,-3.891329899342977e-05,0.00017143304470469288,0.00017579400915637962,0.9,6.0,1.7940024739869076,True
2015-04-15,2013-03-01,2014-08-07,355,356,2016-07-08,701,2016-08-20,False,0.018926610272786932,5.720466289940191,0.0001123331020211696,-3.8335242028463946e-05,0.00017603205344355336,0.00018015791578760823,0.9,6.0,1.785222611352585,True
2015-04-15,2013-02-15,2014-08-07,365,366,2016-08-10,734,2016-08-20,False,0.018855105709124843,5.735387372708758,7.318873402710371e-05,-7.524438267055735e-05,0.0001543143908683853,0.000171681823011506,0.9,6.0,2.024478407496416,True
2015-04-15,2013-02-01,2014-08-07,375,376,2016-07-15,708,2016-08-20,True,0.01877527452920496,5.811730298610559,-0.0003033319485082184,-0.00017112467936233308,0.0004277993711856835,0.0004607558549532795,0.7335238470350183,6.0,1.9513126402207768,True
2015-04-15,2013-01-18,2014-08-07,385,386,2016-08-12,736,2016-08-20,True,0.01854144809402624,5.835285001267636,-0.006779054609800195,-0.003954206622677495,0.00511265749055367,0.0064633595467482015,0.355415918153293,6.0,2.229115473793756,True
2015-04-15,2013-01-04,2014-08-07,395,396,2016-07-22,715,2016-08-20,True,0.018331119074612292,6.366004047650652,-0.30917679824125055,-0.019922178303486054,0.027799849282272138,0.03420123986748049,0.1,6.0,2.1925957315477143,True
2015-04-15,2012-12-13,2014-08-07,405,406,2016-06-19,682,2016-08-20,True,0.018426102589578247,6.986242240902842,-0.6236651608446936,-0.013055233315191372,0.023836875979966532,0.027177854466428876,0.1,6.0,2.0718647701867705,True
2015-04-15,2012-11-29,2014-08-07,415,416,2016-06-19,682,2016-08-20,True,0.01856752267733108,7.402157069391506,-0.8342192435437162,-0.013031447360458637,0.019081349923038587,0.023106634008306988,0.1,6.0,2.169981712345709,True
2015-04-15,2012-11-15,2014-08-07,425,426,2015-03-04,209,2016-08-20,True,0.018334829245946208,5.957446891358442,-0.000787422746548993,-2.8712774047228995e-05,-3.493193251957238e-05,4.521795332651828e-05,0.9,13.0,-2.2587869171113515,True
2015-04-15,2012-11-01,2014-08-07,435,436,2015-03-03,208,2016-08-20,True,0.018212353502226407,5.957394195172194,-0.0007894944081925708,-3.112587000760774e-05,-3.40932714686312e-05,4.616460704007213e-05,0.9,13.0,-2.3107269131111203,True
2015-04-15,2012-10-18,2014-08-07,445,446,2015-03-03,208,2016-08-20,True,0.018075673348870853,5.957242338915031,-0.0007883141720431069,-3.02965342026279e-05,-3.3965511525647257e-05,4.551412921159625e-05,0.9,13.0,-2.2991624047439707,True
2015-04-15,2012-10-04,2014-08-07,455,456,2015-03-04,209,2016-08-20,True,0.017984173409243614,5.95673168886964,-0.0007840149077874242,-2.7248588493183235e-05,-3.3439790630688065e-05,4.313589192650467e-05,0.9,13.0,-2.254529930773735,True
2015-04-15,2012-09-20,2014-08-07,465,466,2014-09-12,36,2016-08-20,True,0.018051299694611604,5.87668372563484,-0.0007116618652659603,5.348081775268846e-05,-2.306927923393974e-06,5.353055000595465e-05,0.9,13.0,-0.04310889018495829,True
2015-04-15,2012-09-06,2014-08-07,475,476,2014-09-11,35,2016-08-20,True,0.017978592007340578,5.875566273647834,-0.0007064986550101314,5.242075962626291e-05,-7.828384789662041e-06,5.300207211241319e-05,0.9,13.0,-0.14824195548005784,True
2015-04-15,2012-08-23,2014-08-07,485,486,2014-09-11,35,2016-08-20,True,0.017867140566675203,5.876353644095006,-0.0007102310783450203,5.249937467470007e-05,-3.7950584034643056e-06,5.263636394661246e-05,0.9,13.0,-0.0721621677173158,True
2015-04-15,2012-08-09,2014-08-07,495,496,2014-09-11,35,2016-08-20,True,0.017708759353205265,5.876046827514575,-0.0007087874144803903,5.2746312590534626e-05,-5.341175210500175e-06,5.301605081980035e-05,0.9,13.0,-0.10091758979718496,True
2015-04-15,2012-07-25,2014-08-07,505,506,2014-10-08,62,2016-08-20,True,0.018126833450282268,5.887951957107798,-0.0007220584293029644,3.500628659796361e-05,2.9033154938533423e-05,4.5479272059518003e-05,0.9,13.0,0.6923945440890912,True
2015-04-15,2012-07-11,2014-08-07,515,516,2015-03-11,216,2016-08-20,True,0.01847880717814297,5.955856066148286,-0.0007690849806589781,-1.4310855795501878e-05,-2.939728425420769e-05,3.2695579443134775e-05,0.9,13.0,-2.0238353718535174,True
2015-04-15,2012-06-27,2014-08-07,525,526,2015-03-19,224,2016-08-20,True,0.018789997885431772,5.961359841620322,-0.0007800897671960701,-5.789604937181289e-06,-3.4776331305328685e-05,3.5254967655447054e-05,0.9,13.0,-1.73576453269515,True
2015-04-15,2012-06-13,2014-08-07,535,536,2015-01-30,176,2016-08-20,True,0.019686984270183512,5.945826863064025,-0.0007932967759205973,2.304538273789832e-05,-3.893322206898405e-05,4.524251812409483e-05,0.9,11.292481540411638,-1.0363386173466822,True
2015-04-15,2012-05-30,2014-08-07,545,546,2014-12-26,141,2016-08-20,True,0.02090170772019272,5.935300339431914,-0.0008089803082936587,-5.269866379313582e-05,-2.4618733155294193e-05,5.816554983625226e-05,0.9,10.145759221410849,-2.7045600655873363,True
2015-04-15,2012-05-14,2014-08-07,555,556,2014-12-14,129,2016-08-20,True,0.021048875126364254,5.931918980550825,-0.0008161496762064315,3.9464577806449293e-05,5.05094324932491e-05,6.409879618394856e-05,0.9,9.758742944315703,0.9075431298329861,True
2015-04-15,2012-04-27,2014-08-07,565,566,2014-12-30,145,2016-08-20,True,0.021226437901103363,5.93733960380316,-0.0008093660357293053,-2.216507166459417e-06,-5.820110196586493e-05,5.824329295343776e-05,0.9,10.303511269028974,-1.6088615256530694,True
2015-04-15,2012-04-13,2014-08-07,575,576,2015-01-13,159,2016-08-20,True,0.021464868373825916,5.941243205465315,-0.000801562809241238,-2.369073222381193e-05,4.861164393813724e-05,5.407719223174032e-05,0.9,10.83715396573868,2.024270284744256,True
2015-04-15,2012-03-28,2014-08-07,585,586,2015-02-20,197,2016-08-20,True,0.02208023228043174,5.954862415726675,-0.0007963447806828373,-1.48217185195713e-05,-4.8533872742162845e-05,5.074662691476016e-05,0.9,12.076286090768491,-1.867189939979064,True
2015-04-15,2012-03-14,2014-08-07,595,596,2015-03-16,221,2016-08-20,True,0.023446881998300154,5.961369639538499,-0.0007856198814179253,-9.935608811775259e-06,-5.1710226774335656e-05,5.265609058327295e-05,0.9,13.0,-1.7606230067497108,True
2015-04-15,2012-02-29,2014-08-07,605,606,2015-03-11,216,2016-08-20,True,0.023844480728370608,5.956999247895369,-0.0007759460936489011,-1.960689470682876e-05,-5.318034762908844e-05,5.6679623269702156e-05,0.9,13.0,-1.9240207234240705,True
2015-04-15,2012-02-14,2014-08-07,615,616,2015-03-08,213,2016-08-20,True,0.024034787986502663,5.953885702295644,-0.0007681641881375607,-2.6293221654947574e-05,-5.469934572137229e-05,6.069062470713589e-05,0.9,13.0,-2.0188738725616635,True
2015-04-15,2012-01-31,2014-08-07,625,626,2015-03-07,212,2016-08-20,True,0.02400580515193935,5.95237702938012,-0.0007639042643822741,-2.929422880879815e-05,-5.590886470770016e-05,6.311856299383042e-05,0.9,13.0,-2.0534307809778336,True
2015-04-15,2012-01-17,2014-08-07,635,636,2015-03-07,212,2016-08-20,True,0.02384281232844894,5.952822549969493,-0.0007652647291543363,-2.853345094883685e-05,-5.53790946993691e-05,6.229768818159602e-05,0.9,13.0,-2.046560417431769,True
2015-04-15,2012-01-03,2014-08-07,645,646,2015-03-07,212,2016-08-20,True,0.023902718391892296,5.954497868818996,-0.0007709750548480613,-2.6345596681543834e-05,-5.257388552675007e-05,5.880564517022489e-05,0.9,13.0,-2.035336055354562,True
2015-04-15,2011-12-16,2014-08-07,655,656,2015-03-06,211,2016-08-20,True,0.0248681736022647,5.957423417154762,-0.0007836468850452385,-2.4715364699722133e-05,-4.4889384071897594e-05,5.124359525437891e-05,0.9,13.0,-2.074087591559046,True
2015-04-15,2011-12-02,2014-08-07,665,666,2015-03-05,210,2016-08-20,True,0.025546757407444755,5.95984709469554,-0.0007942453605377496,-2.4044997656471584e-05,-3.8125052217443855e-05,4.507417796125121e-05,0.9,13.0,-2.1334751503632297,True
2015-04-15,2011-11-17,2014-08-07,675,676,2014-11-16,101,2016-08-20,True,0.02724791570752727,5.918362130875653,-0.0008012504229540428,-2.4527940463044088e-05,3.563669488140995e-05,4.326192188783741e-05,0.9,13.0,2.173611537923548,True
2015-04-15,2011-11-03,2014-08-07,685,686,2014-11-13,98,2016-08-20,True,0.027160918053364274,5.9178323097851715,-0.0008041669424664759,-2.024523264797036e-05,3.79694855204192e-05,4.302965576966388e-05,0.9,13.0,2.0606478512645268,True
2015-04-15,2011-10-20,2014-08-07,695,696,2014-11-13,98,2016-08-20,True,0.02708108381022393,5.917731852416931,-0.0008038962231088711,-2.035938988382018e-05,3.792056818143837e-05,4.3040379269292175e-05,0.9,13.0,2.0635230160764406,True
2015-04-15,2011-10-06,2014-08-07,705,706,2014-11-12,97,2016-08-20,True,0.026946974015648342,5.917838684637066,-0.0008057778895146135,-1.8611059950588468e-05,3.9252348867061375e-05,4.344097655515921e-05,0.9,13.0,2.0135417327419556,True
2015-04-15,2011-09-22,2014-08-07,715,716,2014-10-15,69,2016-08-20,True,0.027586991852689955,5.906578948847515,-0.0008079017578634029,8.523586229004081e-06,4.875353096137884e-05,4.9493012672552e-05,0.9,13.0,1.3977154859575953,True
2015-04-15,2011-09-08,2014-08-07,725,726,2014-10-13,67,2016-08-20,True,0.027606530081193924,5.906603657052971,-0.0008113069320835763,1.2594380033396091e-05,5.044627945434638e-05,5.199466818060883e-05,0.9,13.0,1.3261384001148175,True
2015-04-15,2011-08-25,2014-08-07,735,736,2014-10-13,67,2016-08-20,True,0.027558164185149232,5.906596601922649,-0.0008108559354269139,1.2124445706663669e-05,5.015202275824333e-05,5.159677868275492e-05,0.9,13.0,1.3335936560715345,True
2015-04-15,2011-08-11,2014-08-07,745,746,2014-10-14,68,2016-08-20,True,0.027617280737561308,5.906384206800457,-0.0008082754972759504,1.011850014111998e-05,4.830219280681973e-05,4.935064209362461e-05,0.9,13.0,1.3642991116090513,True
2015-04-15,2014-02-11,2014-08-14,125,126,2015-05-12,271,2016-08-20,False,0.009917441700886516,5.096794047263274,0.40293752486528117,0.003455627621450151,0.01701295476867585,0.017360356915084998,0.1,11.126484776425935,1.3704050445928428,True
2015-04-15,2014-01-28,2014-08-14,135,136,2015-03-04,202,2016-08-20,False,0.012814016965980267,4.833561810965279,0.5538288394824703,9.883668933821643e-05,0.026674926983132057,0.026675110088743514,0.1,6.0,1.5670911156389604,True
2015-04-15,2014-01-14,2014-08-14,145,146,2015-03-04,202,2016-08-20,False,0.012997247049297025,4.564784674905055,0.7069711412612846,0.002820083205363755,0.029244414954365347,0.02938007275873023,0.1,6.0,1.4746620629615228,True
2015-04-15,2013-12-23,2014-08-14,155,156,2015-02-14,184,2016-08-20,False,0.012993142053862197,5.162176330204487,0.37136876435300487,0.007875340010553789,0.021001801447466606,0.02242981596715942,0.1,6.0,1.2120396632657346,True
2015-04-15,2013-12-09,2014-08-14,165,166,2016-07-01,687,2016-08-20,False,0.015959490664511574,-5.683280984670953,5.852739406047752,0.04946495535491113,0.12285863053706692,0.1324425343524763,0.1,6.0,1.188036078403127,True
2015-04-15,2013-11-25,2014-08-14,175,176,2016-07-01,687,2016-08-20,False,0.01577430443416378,-6.651415151922393,6.34947479246068,0.055931984002544954,0.12909995681470443,0.1406953648277707,0.1,6.0,1.1619623913338943,True
2015-04-15,2013-11-11,2014-08-14,185,186,2015-09-26,408,2016-08-20,False,0.015365816287120778,3.1031661112677145,1.4354901973223988,0.013230547624082267,-0.04646700328577959,0.048313867417065254,0.1,6.0,-1.2934069484224038,True
2015-04-15,2013-10-28,2014-08-14,195,196,2015-09-26,408,2016-08-20,False,0.014998559660274084,3.1954154542710262,1.3861078254280954,0.013443769506805037,-0.04546123993901595,0.047407375748346164,0.1,6.0,-1.283271322316653,True
2015-04-15,2013-10-14,2014-08-14,205,206,2016-02-09,544,2016-08-20,False,0.015016339353892627,0.7397693925304555,2.627283671506885,0.0719653890354726,0.0069743514487283775,0.07230255041945131,0.1,6.0,0.09661087480580209,True
2015-04-15,2013-09-30,2014-08-14,215,216,2016-07-01,687,2016-08-20,False,0.015871080842398973,0.27271520763269164,2.8043102549015013,0.014679076675846003,0.07780748371091173,0.07918004681407532,0.1,6.0,1.3843290414664535,True
2015-04-15,2013-09-16,2014-08-14,225,226,2016-05-30,655,2016-08-20,False,0.01557223743185275,1.8439358647428838,2.0110115456638438,0.02308859951658704,0.06067709480780814,0.06492143915497468,0.1,6.0,1.207198587636868,True
2015-04-15,2013-09-02,2014-08-14,235,236,2016-07-17,703,2016-08-20,False,0.015857422481886967,3.460410679163466,1.1708479817899335,-0.00965716503362457,0.052416634700203635,0.05329882202995909,0.1,6.0,1.7529917458922086,True
2015-04-15,2013-08-19,2014-08-14,245,246,2016-08-07,724,2016-08-20,True,0.016218236747941792,5.801659052914275,-0.02459806529488944,-0.0250405724865466,0.029528466258906177,0.03871641241201663,0.1,6.0,2.2741366732506263,True
2015-04-15,2013-08-05,2014-08-14,255,256,2016-08-07,724,2016-08-20,False,0.015931907542725533,5.57194187337178,0.09222566658194825,-0.02445547450187073,0.03164821394665103,0.039995995788636725,0.1,6.0,2.228685653150998,True
2015-04-15,2013-07-19,2014-08-14,265,266,2016-08-11,728,2016-08-20,True,0.01573124429807502,6.375173269446806,-0.3160364621527358,-0.027052770500989753,0.023425033041344887,0.035785256248451275,0.1,6.0,2.427939113145851,True
2015-04-15,2013-07-05,2014-08-14,275,276,2016-08-10,727,2016-08-20,True,0.015734914514038873,7.626379491931065,-0.9512027736909915,-0.0288344613496494,0.011548176749851646,0.03106101330559322,0.1,6.0,2.760656064114795,True
2015-04-15,2013-06-21,2014-08-14,285,286,2016-08-12,729,2016-08-20,True,0.01670518546314645,6.202107699727607,-0.000988099993036084,-0.00012228396420767773,-3.395191403397427e-05,0.00012690981194893872,0.9,6.0,-2.870766167638297,True
2015-04-15,2013-06-07,2014-08-14,295,296,2016-08-12,729,2016-08-20,True,0.01667199939822746,6.12668239103113,-0.0008185187851353945,-0.00011729088935944436,-4.7350741217415285e-06,0.00011738642874569362,0.9,6.0,-3.101244214701975,True
2015-04-15,2013-05-24,2014-08-14,305,306,2016-08-10,727,2016-08-20,True,0.01804750544681554,7.015220575917779,-0.5535612881206178,-0.02580888260797115,0.01332615973742729,0.029046255435416522,0.12195547760543234,6.0,2.664958618953031,True
2015-04-15,2013-05-08,2014-08-14,315,316,2016-08-12,729,2016-08-20,False,0.019594024976663724,5.590988920459771,0.0003782238885601989,-9.037453209975906e-05,0.00020573415076947336,0.00022470891581129302,0.9,6.0,1.9846983343373246,True
2015-04-15,2013-04-23,2014-08-14,325,326,2016-07-13,699,2016-08-20,False,0.019404090312361694,5.604124205008452,0.0003657840520986906,-4.544959887222902e-05,0.0002184086839043984,0.00022308746993611708,0.9,6.0,1.7759626003067344,True
2015-04-15,2013-04-09,2014-08-14,335,336,2016-08-17,734,2016-08-20,False,0.019546627924678563,5.642038209543107,0.0002638276603657753,-9.695116462122045e-05,0.00018159720571571164,0.00020585692469568634,0.9,6.0,2.061179369524741,True
2015-04-15,2013-03-22,2014-08-14,345,346,2016-08-16,733,2016-08-20,False,0.01934507456785056,5.642030410718297,0.00026375978107618086,-9.704075314553721e-05,0.00018163222736915707,0.00020593002158532947,0.9,6.0,2.0614830494421925,True
2015-04-15,2013-03-08,2014-08-14,355,356,2016-08-09,726,2016-08-20,False,0.0191600203886631,5.612995296798437,0.00033055259592321953,-8.742629520730097e-05,0.0001991993662178238,0.00021754021374278555,0.9,6.0,1.9843715368069794,True
2015-04-15,2013-02-22,2014-08-14,365,366,2016-08-16,733,2016-08-20,False,0.019058716954910185,5.643877699556515,0.00026026530685635416,-9.631353802093294e-05,0.00018086637169847025,0.00020491203482831088,0.9,6.0,2.060114094992432,True
2015-04-15,2013-02-08,2014-08-14,375,376,2016-08-04,721,2016-08-20,False,0.01895924585425528,5.412164255152079,0.1704808278524801,-0.026741260202039638,0.03509487055222275,0.0441219325989973,0.1,6.0,2.2219147148104996,True
2015-04-15,2013-01-25,2014-08-14,385,386,2016-06-26,682,2016-08-20,True,0.01883311397116204,5.984955931488609,-0.11785002798310813,-0.016179707896877123,0.03403010440630122,0.03768064428233718,0.1,6.0,2.014614029897723,True
2015-04-15,2013-01-11,2014-08-14,395,396,2016-06-26,682,2016-08-20,True,0.018628020528753127,6.117018218239118,-0.18479140662134874,-0.016277622522774496,0.03256402607024524,0.03640572467205601,0.1,6.0,2.0343360683196514,True
2015-04-15,2012-12-20,2014-08-14,405,406,2016-06-21,677,2016-08-20,True,0.018586360064805713,6.399238246098395,-0.32777280379602974,-0.015262904883378503,0.029810506334748535,0.033490633816234974,0.1,6.0,2.043995808893415,True
2015-04-15,2012-12-06,2014-08-14,415,416,2016-07-08,694,2016-08-20,True,0.018685431988146345,6.713302755089604,-0.48640544702666166,-0.018733697582202585,0.02453120177777865,0.030866345520056522,0.1,6.0,2.2229878189470904,True
2015-04-15,2012-11-22,2014-08-14,425,426,2016-08-17,734,2016-08-20,True,0.019153648297765506,7.136355504220326,-0.6982161787110147,-0.02371005368084053,0.014942514696006715,0.028025798668168518,0.1,6.0,2.5792495003677396,True
2015-04-15,2012-11-08,2014-08-14,435,436,2016-07-15,701,2016-08-20,True,0.020017618412261705,7.9079796213254605,-1.0892855774516603,-0.017598530682587377,0.01030704122354753,0.020394690018970072,0.1,6.0,2.6117719145894296,True
2015-04-15,2012-10-25,2014-08-14,445,446,2016-08-02,719,2016-08-20,True,0.01999862902513239,8.16931970418191,-1.2191712371821346,-0.018157050336716996,0.005753983899496551,0.019046963213219588,0.1,6.0,2.8347035476672335,True
2015-04-15,2012-10-11,2014-08-14,455,456,2015-03-10,208,2016-08-20,True,0.019051634613855242,5.955210225078709,-0.0007740580984311394,-2.5495876983788594e-05,-3.690686719920031e-05,4.4857068446699556e-05,0.9,13.0,-2.175332317046755,True
2015-04-15,2012-09-27,2014-08-14,465,466,2016-08-02,719,2016-08-20,True,0.019734879546733065,6.040707470142626,-0.0005829947358207992,-4.6703979982858185e-05,2.793489803214544e-05,5.4420770614771536e-05,0.9,6.0,2.602551708650223,True
2015-04-15,2012-09-13,2014-08-14,475,476,2014-09-15,32,2016-08-20,True,0.0190991597114097,5.87433515293993,-0.0006967146502534473,5.385523758865e-05,-3.1477134209000355e-07,5.385615746344833e-05,0.9,13.0,-0.005844700941330823,True
2015-04-15,2012-08-30,2014-08-14,485,486,2016-07-19,705,2016-08-20,True,0.019477422144284398,6.0390150036169485,-0.0005863966166366325,-4.34586490582781e-05,3.1546105268991846e-05,5.370112601810963e-05,0.9,6.0,2.513702749503455,True
2015-04-15,2012-08-16,2014-08-14,495,496,2016-08-16,733,2016-08-20,True,0.0193129646101267,6.040049697014195,-0.0005746833875769519,-4.973536089560074e-05,2.5041601429495e-05,5.568382103959226e-05,0.9,6.0,2.6751514170226764,True
2015-04-15,2012-08-02,2014-08-14,505,506,2016-08-17,734,2016-08-20,True,0.019196154176439512,6.044514048012748,-0.0005832457789216965,-4.883373195969848e-05,2.3212725639658056e-05,5.4069991758217556e-05,0.9,6.0,2.6978652824107265,True
2015-04-15,2012-07-18,2014-08-14,515,516,2015-03-13,211,2016-08-20,True,0.019253280818597323,5.9513097600325695,-0.0007536053028388239,-1.658383489837587e-05,-2.8603586951500224e-05,3.306340524550706e-05,0.9,13.0,-2.0962167197152035,True
2015-04-15,2012-07-04,2014-08-14,525,526,2015-03-19,217,2016-08-20,True,0.0193219292073556,5.955771708389536,-0.0007628977536920315,-9.785649508366038e-06,-3.3873339038257585e-05,3.5258503001422646e-05,0.9,13.0,-1.8520290254569507,True
2015-04-15,2012-06-20,2014-08-14,535,536,2015-03-23,221,2016-08-20,True,0.020079582680666237,5.961208338124149,-0.0007785843714777788,-3.340076013290524e-05,-2.1418284164712293e-05,3.967812588840654e-05,0.9,12.848917629552519,-2.5713921979317322,True
2015-04-15,2012-06-06,2014-08-14,545,546,2015-02-08,178,2016-08-20,True,0.020962061386812312,5.9479685988636986,-0.0007919063052064754,4.890036919777891e-05,-9.4798242317059e-06,4.981077368545004e-05,0.9,11.390649472505018,-0.1914847767815903,True
2015-04-15,2012-05-22,2014-08-14,555,556,2015-01-14,153,2016-08-20,True,0.021859440809579925,5.9410240251567625,-0.0008051641596903343,5.734386414606006e-05,1.7405821901579253e-05,5.992730088424881e-05,0.9,10.555673638447646,0.2946959852511493,True
2015-04-15,2012-05-07,2014-08-14,565,566,2015-01-13,152,2016-08-20,True,0.021862874568185902,5.940751429907128,-0.0008064028357822453,6.083021188904327e-05,-1.204025071959385e-06,6.084212648190239e-05,0.9,10.51006641622709,-0.01979062438623102,True
2015-04-15,2012-04-20,2014-08-14,575,576,2015-02-05,175,2016-08-20,True,0.022104965825456523,5.948619843091321,-0.0007995518415781435,3.228025753490153e-05,-4.459605541120112e-05,5.505291259105632e-05,0.9,11.278108712570413,-0.9442511228485748,True
2015-04-15,2012-04-04,2014-08-14,585,586,2015-02-15,185,2016-08-20,True,0.022268063464773974,5.950715506879278,-0.0007926885454688585,-1.2561612042614537e-05,5.1436545273837665e-05,5.294820381105208e-05,0.9,11.685001181477128,1.8103235797948085,True
2015-04-15,2012-03-21,2014-08-14,595,596,2015-03-26,224,2016-08-20,True,0.02324997257697036,5.964115611619311,-0.0007857574988710522,3.6309971417311107e-06,-5.134173856088497e-05,5.146997434133343e-05,0.9,13.0,-1.5001917519775003,True
2015-04-15,2012-03-07,2014-08-14,605,606,2015-03-19,217,2016-08-20,True,0.024177810250450685,5.95787401287115,-0.0007719965760156565,-1.0212669682451217e-05,-5.495077726038741e-05,5.5891739493091176e-05,0.9,13.0,-1.754551030732425,True
2015-04-15,2012-02-22,2014-08-14,615,616,2015-03-16,214,2016-08-20,True,0.02441035128946807,5.95458738885328,-0.0007638127939261092,-1.741453352584833e-05,-5.7038335571090465e-05,5.9637552788852926e-05,0.9,13.0,-1.8671200879013952,True
2015-04-15,2012-02-07,2014-08-14,625,626,2015-03-14,212,2016-08-20,True,0.024477325862391867,5.95221750572166,-0.0007576055818566056,-2.2353167827835363e-05,-5.891875962509383e-05,6.301654027078099e-05,0.9,13.0,-1.9334098959238208,True
2015-04-15,2012-01-24,2014-08-14,635,636,2015-03-14,212,2016-08-20,True,0.024360120283146366,5.952032456293577,-0.0007570004673722438,-2.2714630893307065e-05,-5.9126877616026376e-05,6.333989353669408e-05,0.9,13.0,-1.9375800249898305,True
2015-04-15,2012-01-10,2014-08-14,645,646,2015-03-14,212,2016-08-20,True,0.024292287878578702,5.953104502443854,-0.0007604787950855206,-2.124422295392369e-05,-5.740461140405517e-05,6.120952882817021e-05,0.9,13.0,-1.9252454520199593,True
2015-04-15,2011-12-23,2014-08-14,655,656,2015-03-14,212,2016-08-20,True,0.02467613423659829,5.955514029835648,-0.0007689773418411074,-1.9041929848895997e-05,-5.263886555668146e-05,5.5977185169179966e-05,0.9,13.0,-1.9178972436567743,True
2015-04-15,2011-12-09,2014-08-14,665,666,2015-03-14,212,2016-08-20,True,0.02588511634509343,5.959027374460412,-0.000782861332984986,-1.7826288632231968e-05,-4.4113322243762994e-05,4.75790055148457e-05,0.9,13.0,-1.9548340354907738,True
2015-04-15,2011-11-25,2014-08-14,675,676,2015-03-10,208,2016-08-20,True,0.026760584794612116,5.960831678962644,-0.0007942668184270988,-1.9978122356073614e-05,-3.610650123064792e-05,4.126505548273294e-05,0.9,13.0,-2.0761779764435757,True
2015-04-15,2011-11-10,2014-08-14,685,686,2015-03-04,202,2016-08-20,True,0.027804926474917075,5.961563524449872,-0.0008062828670019409,-2.4228107388396975e-05,-2.60845611803041e-05,3.560063931438204e-05,0.9,13.0,-2.3193128852300204,True
2015-04-15,2011-10-27,2014-08-14,695,696,2015-03-02,200,2016-08-20,True,0.027756854233442513,5.961433977345014,-0.0008085920473054226,-2.538954377783573e-05,-2.373486494989194e-05,3.4755902339548684e-05,0.9,13.0,-2.3898651950691834,True
2015-04-15,2011-10-13,2014-08-14,705,706,2014-10-21,68,2016-08-20,True,0.027617473240113207,5.9049461301425605,-0.0007931988422721886,-3.4628885718404037e-06,4.4293934581849455e-05,4.442909224823463e-05,0.9,13.0,1.6488173746580947,True
2015-04-15,2011-09-29,2014-08-14,715,716,2016-08-15,732,2016-08-20,True,0.029030605420495605,6.139853834616293,-0.0007737767896522091,-2.1939654572935088e-05,-6.5112775442431955e-06,2.28854796331184e-05,0.9,6.0,-2.853091474152897,True
2015-04-15,2011-09-15,2014-08-14,725,726,2014-10-17,64,2016-08-20,True,0.028134952004709335,5.905603528954704,-0.0008035079431619503,7.853700781750982e-06,4.9297645250414134e-05,4.991931933835792e-05,0.9,13.0,1.4128120756846203,True
2015-04-15,2011-09-01,2014-08-14,735,736,2014-10-17,64,2016-08-20,True,0.02819763217847635,5.905850517050705,-0.0008058280109368519,1.0039763595593159e-05,5.0559019571107133e-05,5.1546205612508394e-05,0.9,13.0,1.3747712144025992,True
2015-04-15,2011-08-18,2014-08-14,745,746,2014-10-17,64,2016-08-20,True,0.028058819890152697,5.905826165590465,-0.0008058345409121226,1.0066775516391388e-05,5.060631444053605e-05,5.1597858778749963e-05,0.9,13.0,1.3744362609478011,True
2015-04-15,2014-02-19,2014-08-21,125,126,2014-11-18,89,2016-08-20,False,0.009976399509127404,5.807291102280193,0.00020136273463387087,-0.00019183421872949453,0.00013972832980341257,0.0002373275660879005,0.9,6.784733953835289,2.5120721182933585,True
2015-04-15,2014-02-04,2014-08-21,135,136,2014-11-17,88,2016-08-20,True,0.012269526541825313,5.84993046348378,-0.016005819944484686,0.004176148674187592,-0.012127867795146798,0.012826745300561545,0.1,6.0,-1.2391698440785879,True
2015-04-15,2014-01-21,2014-08-21,145,146,2014-12-01,102,2016-08-20,True,0.013182682889257525,5.883896383657669,-0.037293400182501914,0.010408575155173926,-0.007811163660175954,0.013013558870922178,0.1,6.0,-0.643792023456011,True
2015-04-15,2014-01-07,2014-08-21,155,156,2014-11-27,98,2016-08-20,True,0.012981530824927095,5.884118535670449,-0.037197922530904454,0.008963174915191652,-0.009297755479061844,0.012914594903005878,0.1,6.0,-0.8037183214755561,True
2015-04-15,2013-12-16,2014-08-21,165,166,2015-05-12,264,2016-08-20,False,0.014981941546257854,4.928940665683364,0.4847857295930462,-0.025554097976832946,0.0024955785046435197,0.025675666213019994,0.1,6.0,3.0442427107502494,True
2015-04-15,2013-12-02,2014-08-21,175,176,2016-02-17,545,2016-08-20,False,0.015755552482433963,1.3378219135455083,2.3106660237140453,0.06668191329799045,0.014628548522157558,0.06826764968083956,0.1,6.0,0.21595699620000589,True
2015-04-15,2013-11-18,2014-08-21,185,186,2016-02-11,539,2016-08-20,False,0.015514479374936373,-0.03736169706643377,3.034059876794259,0.07908691991137201,0.0038876144288551018,0.07918241248544536,0.1,6.0,0.0491166896648805,True
2015-04-15,2013-11-04,2014-08-21,195,196,2016-02-11,539,2016-08-20,False,0.015137752224965306,-0.3162334357302725,3.180019968944871,0.0816043061584584,0.0027486359776671687,0.08165058348438875,0.1,6.0,0.03366975791349414,True
2015-04-15,2013-10-21,2014-08-21,205,206,2015-10-21,426,2016-08-20,False,0.014811371256255854,3.1984509849924008,1.3773212066764295,0.025800457517466846,-0.03963449230929267,0.04729224660265138,0.1,6.0,-0.9937467395255328,True
2015-04-15,2013-10-07,2014-08-21,215,216,2016-05-20,638,2016-08-20,False,0.015663923764561737,0.26724899595173285,2.82646535893509,0.04142697053865585,0.06601673680004749,0.07793845922096103,0.1,6.0,1.0103853217026797,True
2015-04-15,2013-09-23,2014-08-21,225,226,2016-05-29,647,2016-08-20,False,0.015617833211449859,1.755171324849973,2.057208640774645,0.024544950130002574,0.06078487516089859,0.06555345624153115,0.1,6.0,1.1870181380726486,True
2015-04-15,2013-09-09,2014-08-21,235,236,2016-07-11,690,2016-08-20,False,0.015432125777488375,1.784662276865441,2.0278864367879126,0.0011625237963694968,0.06661203279751515,0.06662217630034582,0.1,6.0,1.553345939188034,True
2015-04-15,2013-08-26,2014-08-21,245,246,2016-08-18,728,2016-08-20,False,0.016198548864177823,4.651769726061665,0.5578548836639508,-0.02672500899018726,0.038601379448474735,0.04694989457763156,0.1,6.0,2.176358100867569,True
2015-04-15,2013-08-12,2014-08-21,255,256,2016-08-12,722,2016-08-20,False,0.015990972315039882,5.0881584948365,0.33667291171172636,-0.025893144077770047,0.0355382012702078,0.043970656803758994,0.1,6.0,2.2004603687978177,True
2015-04-15,2013-07-26,2014-08-21,265,266,2016-08-07,717,2016-08-20,False,0.015783874122231333,5.736805684095416,0.007321936577809159,-0.02616244739569184,0.030101800627729634,0.03988222730445138,0.1,6.0,2.2862933511265635,True
2015-04-15,2013-07-12,2014-08-21,275,276,2016-08-12,722,2016-08-20,True,0.015603289320153878,6.462955550456557,-0.3618419382626613,-0.028791128205673505,0.022408310777068452,0.036483714931969446,0.1,6.0,2.480220382140919,True
2015-04-15,2013-06-28,2014-08-21,285,286,2016-08-05,715,2016-08-20,True,0.016031725846506972,5.987511490200553,-0.0005125679314506795,-0.00011100944332002329,5.174068515301447e-05,0.00012247528324655892,0.9,6.0,2.705436964898266,True
2015-04-15,2013-06-14,2014-08-21,295,296,2016-08-19,729,2016-08-20,True,0.01666963729732375,6.117764777119665,-0.0008023710824578232,-0.0001264784512995816,-8.022243612325949e-06,0.00012673261236049757,0.9,6.0,-3.078249756972746,True
2015-04-15,2013-05-31,2014-08-21,305,306,2016-08-18,728,2016-08-20,True,0.017007238219124785,5.974603205149536,-0.00048220073268357127,-0.00011821422406414569,4.8713911304962745e-05,0.00012785792085637799,0.9,6.0,2.750714652221125,True
2015-04-15,2013-05-16,2014-08-21,315,316,2016-08-18,728,2016-08-20,False,0.0190759473910161,5.671430496283011,0.00019407892302568462,-0.00010453770546808164,0.0001680861996311,0.00019794216925899692,0.9,6.0,2.127184334409067,True
2015-04-15,2013-04-30,2014-08-21,325,326,2016-08-09,719,2016-08-20,False,0.019414911966622247,5.551360438133294,0.00046719308441509056,-8.567167818688054e-05,0.00022321692571972628,0.00023909293668178953,0.9,6.0,1.9372636483854706,True
2015-04-15,2013-04-16,2014-08-21,335,336,2016-08-16,726,2016-08-20,False,0.019548094837278946,5.6179517705912225,0.00031504163277326186,-9.882560834037878e-05,0.00019037765846234052,0.00021449977553706094,0.9,6.0,2.049609260808791,True
2015-04-15,2013-04-02,2014-08-21,345,346,2016-08-18,728,2016-08-20,False,0.019376496626527018,5.6343490491289705,0.0002781231676247197,-0.00010120187275123215,0.00018241414305398797,0.00020860666009137236,0.9,6.0,2.077311025735259,True
2015-04-15,2013-03-15,2014-08-21,355,356,2016-08-09,719,2016-08-20,False,0.019158118070598664,5.620508061883544,0.0003128400407565769,-8.89053278317832e-05,0.00019541579062402951,0.00021468928371507363,0.9,6.0,1.9977629174437674,True
2015-04-15,2013-03-01,2014-08-21,365,366,2016-08-09,719,2016-08-20,False,0.018964990544953715,5.616162361040669,0.0003224598091014001,-8.88094705284823e-05,0.0001971784665672088,0.0002162555657858203,0.9,6.0,1.9939840627429806,True
2015-04-15,2013-02-15,2014-08-21,375,376,2016-08-16,726,2016-08-20,False,0.018929869774288684,5.0559034003085985,0.34932888774749693,-0.03072503116606487,0.036629742594477044,0.04780968084701365,0.1,6.0,2.2687522201785213,True
2015-04-15,2013-02-01,2014-08-21,385,386,2016-08-18,728,2016-08-20,False,0.018856360453147362,5.422394365117113,0.1642409491148591,-0.030509725146520908,0.032369352723692395,0.04448166278667045,0.1,6.0,2.326628444642261,True
2015-04-15,2013-01-18,2014-08-21,395,396,2016-07-11,690,2016-08-20,True,0.018637385243273144,5.839472921403122,-0.044845965837269186,-0.02043303700022835,0.033883054943860846,0.03956728968960843,0.1,6.0,2.1134524422964467,True
2015-04-15,2013-01-04,2014-08-21,405,406,2016-07-11,690,2016-08-20,True,0.0184429726612515,5.9683907665517415,-0.1101060168618108,-0.020423395205515914,0.032440171446168675,0.03833379442707841,0.1,6.0,2.1326759915981097,True
2015-04-15,2012-12-13,2014-08-21,415,416,2016-07-11,690,2016-08-20,True,0.018592900176318462,6.399257456623231,-0.3280372102287051,-0.02025767417947083,0.027486738554904272,0.034145192334313484,0.1,6.0,2.205924159272634,True
2015-04-15,2012-11-29,2014-08-21,425,426,2016-07-09,688,2016-08-20,True,0.018796204470216484,6.845159163402705,-0.5535374869282969,-0.019308362494746628,0.022704878178804372,0.029804770680931018,0.1,6.0,2.2755259930981184,True
2015-04-15,2012-11-15,2014-08-21,435,436,2016-07-27,706,2016-08-20,True,0.019785655505575,7.4669141335863465,-0.8665611001357234,-0.020815789186545308,0.013509754183160916,0.02481553016858859,0.1,6.0,2.565910364550519,True
2015-04-15,2012-11-01,2014-08-21,445,446,2016-07-31,710,2016-08-20,True,0.019972624188738936,7.829149281870749,-1.048843446867168,-0.02015154570097505,0.009008879764772604,0.022073620200470406,0.1,6.0,2.721189227550128,True
2015-04-15,2012-10-18,2014-08-21,455,456,2016-08-19,729,2016-08-20,True,0.019971225838115877,8.060290989569372,-1.1634456514294713,-0.02054333175770351,0.0044429324969365025,0.021018280825971566,0.1,6.0,2.928601707395413,True
2015-04-15,2012-10-04,2014-08-21,465,466,2016-08-20,730,2016-08-20,True,0.01984390957278858,8.196913077309219,-1.232027108771182,-0.019873055310460297,0.0029605558402814314,0.020092367164075982,0.1,6.0,2.9937069049349017,True
2015-04-15,2012-09-20,2014-08-21,475,476,2016-08-20,730,2016-08-20,True,0.019679570390880634,8.216051973549806,-1.2416435603555815,-0.019776115667441058,0.0027617294944894955,0.019968021952430363,0.1,6.0,3.0028402513571444,True
2015-04-15,2012-09-06,2014-08-21,485,486,2016-08-20,730,2016-08-20,True,0.019493261792978698,8.178276926538299,-1.2226809095492794,-0.01999349489269489,0.003149731685394286,0.020240075289242217,0.1,6.0,2.9853390266350113,True
2015-04-15,2012-08-23,2014-08-21,495,496,2016-08-20,730,2016-08-20,True,0.019439979101623765,8.345044296689334,-1.3063478723561934,-0.018961701745982412,0.001451195255963933,0.01901715280410095,0.1,6.0,3.065208591022706,True
2015-04-15,2012-08-09,2014-08-21,505,506,2016-08-20,730,2016-08-20,True,0.01926032596058417,8.319258412344732,-1.2934169867146978,-0.019130036380987925,0.001711845791501354,0.019206475677536534,0.1,6.0,3.0523456508130753,True
2015-04-15,2012-07-25,2014-08-21,515,516,2016-08-07,717,2016-08-20,True,0.019566687452678432,6.045151621181007,-0.0005920260095348083,-4.887930240577632e-05,2.137738105513617e-05,5.334958879365262e-05,0.9,6.0,2.72930780889928,True
2015-04-15,2012-07-11,2014-08-21,525,526,2016-08-20,730,2016-08-20,True,0.02008688484212928,6.080986775369118,-0.0006581782710036153,-4.19718846304664e-05,5.522495013486248e-06,4.233363970422532e-05,0.9,6.0,3.010768100359811,True
2015-04-15,2012-06-27,2014-08-21,535,536,2015-03-26,217,2016-08-20,True,0.01999222057155637,5.957700391534414,-0.0007627256350503841,-2.2084704014781897e-06,-3.788602538558764e-05,3.795033940601317e-05,0.9,13.0,-1.6290229155199039,True
2015-04-15,2012-06-13,2014-08-21,545,546,2015-03-23,214,2016-08-20,True,0.02091142868705447,5.960636140707713,-0.0007796297674596003,-3.3730332441514696e-05,2.8099027780969246e-05,4.3900918997792975e-05,0.9,12.645239832781957,2.4470220628862087,True
2015-04-15,2012-05-30,2014-08-21,555,556,2015-02-06,169,2016-08-20,True,0.02216448620153425,5.946570884484687,-0.0007943290438408595,-8.10553216713442e-06,-5.545133261804039e-05,5.604060974712e-05,0.9,11.157332289648192,-1.7159421883231138,True
2015-04-15,2012-05-14,2014-08-21,565,566,2015-01-28,160,2016-08-20,True,0.022345664648238225,5.944761307911467,-0.0008024362576886763,-3.985523095511407e-05,4.6550079925903616e-05,6.128090547302232e-05,0.9,10.823941827131527,2.2788670717238735,True
2015-04-15,2012-04-27,2014-08-21,575,576,2015-02-09,172,2016-08-20,True,0.02242228012899693,5.94835220002953,-0.0007967507439126243,2.5938434568923837e-05,-5.103232555126583e-05,5.724596613785746e-05,0.9,11.242142906428255,-1.10055097581207,True
2015-04-15,2012-04-13,2014-08-21,585,586,2015-02-25,188,2016-08-20,True,0.022547145281788916,5.9535109188166935,-0.0007910458411517996,-5.237055341157919e-05,1.2573540478418182e-05,5.3858785585988566e-05,0.9,11.81808885948313,2.9059644844033636,True
2015-04-15,2012-03-28,2014-08-21,595,596,2015-03-29,220,2016-08-20,True,0.023012243879171904,5.964615366959959,-0.0007862874082597902,-3.216984371073044e-05,-4.007148288485876e-05,5.138698847922839e-05,0.9,12.867904843382865,-2.2472491945000908,True
2015-04-15,2012-03-14,2014-08-21,605,606,2015-03-25,216,2016-08-20,True,0.024212377018260962,5.959164850206496,-0.0007708189841447336,-1.6640004352937617e-06,-5.488686036117261e-05,5.4912078250194815e-05,0.9,13.0,-1.6011039614899047,True
2015-04-15,2012-02-29,2014-08-21,615,616,2015-03-21,212,2016-08-20,True,0.02454543556785677,5.955331319912897,-0.0007617313067795445,-1.0250800349168086e-05,-5.759381392354365e-05,5.8498942811458354e-05,0.9,13.0,-1.7469362360127048,True
2015-04-15,2012-02-14,2014-08-21,625,626,2015-03-19,210,2016-08-20,True,0.024686234611999227,5.952580963360991,-0.000754499432088081,-1.610483937896217e-05,-5.998476398500234e-05,6.210907954364325e-05,0.9,13.0,-1.8330929196818952,True
2015-04-15,2012-01-31,2014-08-21,635,636,2015-03-18,209,2016-08-20,True,0.024630536163012997,5.951129081397983,-0.0007507721912752847,-1.9074430112291073e-05,-6.135469842923976e-05,6.425132608321507e-05,0.9,13.0,-1.8722117990039264,True
2015-04-15,2012-01-17,2014-08-21,645,646,2015-03-18,209,2016-08-20,True,0.024472201080440337,5.951763728391043,-0.0007524134140122126,-1.792359752557779e-05,-6.0634900014071e-05,6.322852558754858e-05,0.9,13.0,-1.8582103546769393,True
2015-04-15,2012-01-03,2014-08-21,655,656,2015-03-19,210,2016-08-20,True,0.024552793808252232,5.953575752262437,-0.0007582845862396807,-1.574759081934673e-05,-5.7462214868282956e-05,5.9580976445357894e-05,0.9,13.0,-1.8382802625293024,True
2015-04-15,2011-12-16,2014-08-21,665,666,2015-03-19,210,2016-08-20,True,0.025548977625561402,5.957038960110673,-0.0007708012822323733,-1.3771726322763585e-05,-4.9941044138924546e-05,5.1805099513417685e-05,0.9,13.0,-1.839868668366207,True
2015-04-15,2011-12-02,2014-08-21,675,676,2015-03-18,209,2016-08-20,True,0.02626455231209215,5.959570268066902,-0.000781582894436626,-1.4038591556177744e-05,-4.3073452719884204e-05,4.530346986813797e-05,0.9,13.0,-1.8858620368037435,True
2015-04-15,2011-11-17,2014-08-21,685,686,2015-03-13,204,2016-08-20,True,0.028010458959681385,5.961895666155249,-0.0007974967089953272,-1.840306418781635e-05,-3.1764390020748875e-05,3.671034247853239e-05,0.9,13.0,-2.0959022009643036,True
2015-04-15,2011-11-03,2014-08-21,695,696,2015-03-09,200,2016-08-20,True,0.028043770963495078,5.961934867154312,-0.0008030443233771526,-2.128889522132829e-05,-2.6933852506208822e-05,3.433146473092731e-05,0.9,13.0,-2.2396647795476303,True
2015-04-15,2011-10-20,2014-08-21,705,706,2015-03-07,198,2016-08-20,True,0.02798247571263009,5.961792065576967,-0.000804986830231883,-2.26233020580585e-05,-2.5022791908762715e-05,3.373357246007892e-05,0.9,13.0,-2.305876317076617,True
2015-04-15,2011-10-06,2014-08-21,715,716,2014-10-24,64,2016-08-20,True,0.02787969350114507,5.9044081345961414,-0.0007895639868782309,-4.598103886219464e-06,4.3848050730920716e-05,4.408848049377369e-05,0.9,13.0,1.6752789594702595,True
2015-04-15,2011-09-22,2014-08-21,725,726,2014-10-21,61,2016-08-20,True,0.02850836028656185,5.90491632748646,-0.0007975166089428887,4.078054932054447e-06,4.8086103022520975e-05,4.8258717719406454e-05,0.9,13.0,1.4861914242333536,True
2015-04-15,2011-09-08,2014-08-21,735,736,2014-10-20,60,2016-08-20,True,0.02854282803588326,5.9053336936694025,-0.0008013527313756312,7.628282680712472e-06,5.030791577443398e-05,5.0882974423911194e-05,0.9,13.0,1.4203108145329144,True
2015-04-15,2011-08-25,2014-08-21,745,746,2014-10-20,60,2016-08-20,True,0.02848213348794151,5.905329028850459,-0.0008012158696440702,7.510429251516833e-06,5.018780176410216e-05,5.074664514482564e-05,0.9,13.0,1.4222521110675614,True
2015-04-15,2014-02-26,2014-08-28,125,126,2014-10-23,56,2016-08-20,True,0.010159093701256559,5.839463644893501,-0.007789666449836648,-0.009970931708731786,-0.008967941483487831,0.013410572455769921,0.1,6.0,-2.409104401837944,True
2015-04-15,2014-02-11,2014-08-28,135,136,2014-10-23,56,2016-08-20,True,0.010153227910146521,5.841482994514042,-0.009046341673870067,-0.009644556701225743,-0.00910935420677514,0.01326641654809807,0.1,6.0,-2.384724927040756,True
2015-04-15,2014-01-28,2014-08-28,145,146,2014-11-11,75,2016-08-20,True,0.013195476539902372,5.963938189559907,-0.0845468964450525,0.003752293983730765,-0.011493354128117781,0.01209036390083707,0.1,6.0,-1.255230825687566,True
2015-04-15,2014-01-14,2014-08-28,155,156,2014-11-08,72,2016-08-20,True,0.013259019205668672,5.947984712246681,-0.07486461331364927,0.0018540144012914375,-0.01214918809424292,0.012289838922845572,0.1,6.0,-1.419360681920185,True
2015-04-15,2013-12-23,2014-08-28,165,166,2014-11-16,80,2016-08-20,True,0.013294614001565279,5.980703767426031,-0.09462721417157714,0.005856416420314377,-0.01008427946178548,0.011661488136233569,0.1,6.0,-1.044653648060917,True
2015-04-15,2013-12-09,2014-08-28,175,176,2016-07-02,674,2016-08-20,False,0.016263383572425894,1.0793313166556893,2.392755472040932,0.012704102042211396,0.07237933314592482,0.0734857950582811,0.1,6.0,1.3970450645156691,True
2015-04-15,2013-11-25,2014-08-28,185,186,2015-10-15,413,2016-08-20,False,0.016120507739544435,4.7388589137796195,0.5599072725770534,0.019583998319096074,-0.025465117791755552,0.0321248379655111,0.1,6.0,-0.9152130582763806,True
2015-04-15,2013-11-11,2014-08-28,195,196,2015-02-21,177,2016-08-20,True,0.015747333073077276,6.149529466721468,-0.19180997740552908,-0.005591877454391703,0.010574367030751021,0.01196186990256826,0.1,6.0,2.0572288455207146,True
2015-04-15,2013-10-28,2014-08-28,205,206,2015-03-17,201,2016-08-20,True,0.015384106388860315,6.081006668324387,-0.1526863876695537,-0.010433744029403993,0.007972002807614193,0.01313072135245174,0.1,6.0,2.4891539253214563,True
2015-04-15,2013-10-14,2014-08-28,215,216,2015-04-18,233,2016-08-20,True,0.015286812437735595,6.069483550408343,-0.14629086188142157,-0.014127513503646844,0.0005710543764374798,0.014139050211968707,0.1,6.0,3.101193211251903,True
2015-04-15,2013-09-30,2014-08-28,225,226,2016-04-03,584,2016-08-20,False,0.015928288154022342,3.787572910168494,1.0278036922176876,0.03153871341233622,0.03220979625721143,0.04507950109125597,0.1,6.0,0.7959248103816826,True
2015-04-15,2013-09-16,2014-08-28,235,236,2016-06-01,643,2016-08-20,False,0.01562015578539851,3.2399931597797655,1.2971853268942029,0.015260902579168678,0.04934671789759232,0.05165262543952084,0.1,6.0,1.2708670914512203,True
2015-04-15,2013-09-02,2014-08-28,245,246,2016-05-31,642,2016-08-20,False,0.015820789851211724,4.944817306786844,0.4212114017620475,0.0023349084354286898,0.03873326396914367,0.03880357631849414,0.1,6.0,1.510587449929506,True
2015-04-15,2013-08-19,2014-08-28,255,256,2016-08-07,710,2016-08-20,True,0.01612001885756047,6.292296626677262,-0.2730720118002268,-0.025123118835040925,0.024738931011094017,0.035258840133663746,0.1,6.0,2.3638993523606326,True
2015-04-15,2013-08-05,2014-08-28,265,266,2016-08-07,710,2016-08-20,True,0.015850331612771898,6.036173714751575,-0.14268621426388542,-0.024308804961716265,0.027095349439224717,0.036401592820925525,0.1,6.0,2.302038949064063,True
2015-04-15,2013-07-19,2014-08-28,275,276,2016-08-10,713,2016-08-20,True,0.01564892610383002,6.66186373638533,-0.4609850761168568,-0.026475644011001997,0.020868627352300155,0.03371141250921528,0.1,6.0,2.4740761377426117,True
2015-04-15,2013-07-05,2014-08-28,285,286,2016-08-16,719,2016-08-20,True,0.015642385010053002,7.67053480092568,-0.9732855584425371,-0.029612914412606828,0.010020025706927727,0.03126220745846124,0.1,6.0,2.8153188822507245,True
2015-04-15,2013-06-21,2014-08-28,295,296,2016-08-13,716,2016-08-20,True,0.01661631569027494,6.153609939757934,-0.0008846969538174739,-0.00012583349735054204,-1.6718370975520578e-05,0.00012693924918457647,0.9,6.0,-3.0095051807507325,True
2015-04-15,2013-06-07,2014-08-28,305,306,2016-08-19,722,2016-08-20,True,0.01657148823202171,6.095270240672979,-0.0007486966279227039,-0.00012127357102123906,1.5644721226641656e-06,0.00012128366172434812,0.9,6.0,3.1286930141043743,True
2015-04-15,2013-05-24,2014-08-28,315,316,2016-08-10,713,2016-08-20,True,0.017910711866261288,6.335683565716825,-0.09818426445120407,-0.009471261471170583,0.005231686012848218,0.010820135507114135,0.2628649535009693,6.0,2.6369280202230736,True
2015-04-15,2013-05-08,2014-08-28,325,326,2016-08-12,715,2016-08-20,False,0.01946555527001914,5.634705058730344,0.0002858775130502014,-8.647896253647256e-05,0.00018959245556666435,0.0002083840449007126,0.9,6.0,1.998736935073839,True
2015-04-15,2013-04-23,2014-08-28,335,336,2016-08-19,722,2016-08-20,False,0.019283543675562495,5.589741108043638,0.0003825086590154931,-9.408188068809028e-05,0.00020253450365541624,0.0002233195590286571,0.9,6.0,2.005661509419131,True
2015-04-15,2013-04-09,2014-08-28,345,346,2016-08-09,712,2016-08-20,False,0.019414497488937917,5.680246745277814,0.00018618922176628954,-8.355828392569714e-05,0.0001732208155365982,0.00019232118382479763,0.9,6.0,2.0202489616333157,True
2015-04-15,2013-03-22,2014-08-28,355,356,2016-08-14,717,2016-08-20,False,0.019220736909084258,5.670898272593518,0.00020478895898238826,-9.007949816213638e-05,0.00017329371182848538,0.00019530751790045479,0.9,6.0,2.0501646569652303,True
2015-04-15,2013-03-08,2014-08-28,365,366,2016-08-18,721,2016-08-20,False,0.019051790755320073,5.62794062177236,0.00029733197641044606,-9.526120720334627e-05,0.0001878771026426145,0.0002106478181591786,0.9,6.0,2.040060066143089,True
2015-04-15,2013-02-22,2014-08-28,375,376,2016-08-01,704,2016-08-20,False,0.018948229132626785,5.683488234237678,0.0001820280951559003,-7.37626403571849e-05,0.00017672957713529212,0.00019150527550666215,0.9,6.0,1.9661914863722207,True
2015-04-15,2013-02-08,2014-08-28,385,386,2016-08-05,708,2016-08-20,False,0.018854754718767252,5.6909155363988475,0.0030992354954709296,-0.0020742249535083894,0.003276690150692785,0.0038780288164741617,0.4499493689860101,6.0,2.135145227821672,True
2015-04-15,2013-01-25,2014-08-28,395,396,2016-08-05,708,2016-08-20,True,0.018723475443412557,5.793787842824069,-0.02172675391521151,-0.025529213041326042,0.031245258639513163,0.04034856758249893,0.1,6.0,2.2558527589693025,True
2015-04-15,2013-01-11,2014-08-28,405,406,2016-06-27,669,2016-08-20,True,0.0185240870998168,6.206470259566409,-0.22978812516148445,-0.016106879573509675,0.031536274263038816,0.03541141290585773,0.1,6.0,2.043000051543463,True
2015-04-15,2012-12-20,2014-08-28,415,416,2016-07-12,684,2016-08-20,True,0.01847835634921837,6.324804802399041,-0.2897946778631057,-0.019606026088007267,0.028583146289100428,0.03466110948523917,0.1,6.0,2.172016518251945,True
2015-04-15,2012-12-06,2014-08-28,425,426,2016-07-12,684,2016-08-20,True,0.01857375964424115,6.698798735677931,-0.4790011474351086,-0.019423040089723648,0.024268289095462844,0.03108382765921811,0.1,6.0,2.2457485100597037,True
2015-04-15,2012-11-22,2014-08-28,435,436,2016-08-05,708,2016-08-20,True,0.019041609044409113,7.112207155645117,-0.6869199199448482,-0.02262874695782327,0.016511324945703343,0.02801221234290147,0.1,6.0,2.511235769745878,True
2015-04-15,2012-11-08,2014-08-28,445,446,2016-08-08,711,2016-08-20,True,0.019908696410477707,7.736551513720189,-1.0014476292399683,-0.02094950741769047,0.009303127444362957,0.022922260824140523,0.1,6.0,2.7236778707179745,True
2015-04-15,2012-10-25,2014-08-28,455,456,2016-08-09,712,2016-08-20,True,0.019911588665992897,7.997864616984539,-1.132916471603249,-0.020131540139546045,0.006238040648026577,0.021075864383616284,0.1,6.0,2.841111014997585,True
2015-04-15,2012-10-11,2014-08-28,465,466,2016-08-20,723,2016-08-20,True,0.0198124871032858,8.134542020582519,-1.20066682942459,-0.020166796914785512,0.0036336018250726076,0.02049152898212755,0.1,6.0,2.963327850079633,True
2015-04-15,2012-09-27,2014-08-28,475,476,2016-08-20,723,2016-08-20,True,0.019670989082082972,8.24897208241697,-1.258174851053217,-0.019591507474342407,0.002418643563064482,0.019740238139454337,0.1,6.0,3.0187604847508034,True
2015-04-15,2012-09-13,2014-08-28,485,486,2016-08-20,723,2016-08-20,True,0.01950508978419573,8.180989371713128,-1.2240281260164483,-0.019961356655646523,0.0031367890421891698,0.020206315968753972,0.1,6.0,2.9857242358615315,True
2015-04-15,2012-08-30,2014-08-28,495,496,2016-08-20,723,2016-08-20,True,0.019420654056971548,8.286528773123923,-1.2770090188812862,-0.019341635614519403,0.002029161410061431,0.019447785587899922,0.1,6.0,3.0370634598238597,True
2015-04-15,2012-08-16,2014-08-28,505,506,2016-08-20,723,2016-08-20,True,0.019270857337125406,8.316515062040006,-1.292062027770185,-0.019165365363629477,0.0017144270852577637,0.01924189413108995,0.1,6.0,3.0523756791099204,True
2015-04-15,2012-08-02,2014-08-28,515,516,2016-08-20,723,2016-08-20,True,0.019169465263807587,8.373970906850339,-1.32087574311912,-0.018783066877454735,0.0011204402686564308,0.01881645523786465,0.1,6.0,3.082011641275654,True
2015-04-15,2012-07-18,2014-08-28,525,526,2016-08-13,716,2016-08-20,True,0.019820109133266532,6.059669658456378,-0.0006193588622677229,-4.692981423806732e-05,1.3719531520259401e-05,4.8894099946260364e-05,0.9,6.0,2.857176745948062,True
2015-04-15,2012-07-04,2014-08-28,535,536,2016-08-20,723,2016-08-20,True,0.020127854954331788,6.089014162231317,-0.0006751802167446763,-4.03963473074811e-05,1.4261480662280165e-06,4.042151375311718e-05,0.9,6.0,3.1063034231551625,True
2015-04-15,2012-06-20,2014-08-28,545,546,2015-04-02,217,2016-08-20,True,0.0205479769354366,5.96092664762922,-0.0007675977930064341,6.624460541801807e-06,-4.038995442691751e-05,4.0929596822817133e-05,0.9,13.0,-1.4082311122977416,True
2015-04-15,2012-06-06,2014-08-28,555,556,2015-03-23,207,2016-08-20,True,0.021474562592969988,5.960924126744613,-0.0007837528013761243,1.2774880547053373e-05,4.61329278544784e-05,4.786903597752928e-05,0.9,12.462537029669056,1.3006510146866408,True
2015-04-15,2012-05-22,2014-08-28,565,566,2015-02-17,173,2016-08-20,True,0.02241152290908956,5.950709570429415,-0.0007959745159892836,5.7344486636075124e-05,-8.125718929542764e-06,5.791733294685563e-05,0.9,11.364486610348,-0.14076295978987824,True
2015-04-15,2012-05-07,2014-08-28,575,576,2015-02-10,166,2016-08-20,True,0.022414334617675512,5.94824690088898,-0.0007971903855110225,-2.117764796302616e-06,-5.961691079879883e-05,5.965451350002274e-05,0.9,11.158184567239433,-1.6063042834566494,True
2015-04-15,2012-04-20,2014-08-28,585,586,2015-03-01,185,2016-08-20,True,0.022579632915004654,5.954464939583266,-0.0007910659648601619,-5.369165554021995e-05,1.2040141921329154e-05,5.50250751215787e-05,0.9,11.805073713459786,2.920995943065555,True
2015-04-15,2012-04-04,2014-08-28,595,596,2015-03-15,199,2016-08-20,True,0.022682174237088664,5.958433143985609,-0.0007858810841209036,5.281992768053487e-05,3.5483174721928697e-06,5.293897729518774e-05,0.9,12.299108213402238,0.06707684729046846,True
2015-04-15,2012-03-21,2014-08-28,605,606,2015-04-01,216,2016-08-20,True,0.023564911569194467,5.962550356067238,-0.000775671130186127,9.226924568878603e-06,-5.213356477011286e-05,5.29437882346865e-05,0.9,13.0,-1.3956240756667013,True
2015-04-15,2012-03-07,2014-08-28,615,616,2015-03-26,210,2016-08-20,True,0.024433799555491534,5.956767944477704,-0.0007624198647899148,-3.6009035382499997e-06,-5.68910666919574e-05,5.700491185538774e-05,0.9,13.0,-1.6340067146861248,True
2015-04-15,2012-02-22,2014-08-28,625,626,2015-03-23,207,2016-08-20,True,0.02463800828325048,5.953525996628045,-0.0007546531311436636,-1.0805229472490545e-05,-5.955666546909473e-05,6.0528913634318916e-05,0.9,13.0,-1.7502718245775624,True
2015-04-15,2012-02-07,2014-08-28,635,636,2015-03-21,205,2016-08-20,True,0.02468435544520106,5.951361520528984,-0.0007488007406663645,-1.5231843857351614e-05,-6.182496125128127e-05,6.367365939709427e-05,0.9,13.0,-1.8123560414191813,True
2015-04-15,2012-01-24,2014-08-28,645,646,2015-03-21,205,2016-08-20,True,0.024565599061311644,5.951228786364106,-0.000748430683894558,-1.5526987083661133e-05,-6.19501788434597e-05,6.386636036782448e-05,0.9,13.0,-1.8163741273115397,True
2015-04-15,2012-01-10,2014-08-28,655,656,2015-03-22,206,2016-08-20,True,0.02450796258716616,5.952410891251686,-0.0007519916782011195,-1.3871076346717309e-05,-6.005404017727181e-05,6.163517259349436e-05,0.9,13.0,-1.797792023775918,True
2015-04-15,2011-12-23,2014-08-28,665,666,2015-03-22,206,2016-08-20,True,0.024911137166578515,5.954889377974806,-0.0007604248405668698,-1.1768792408883722e-05,-5.5077372401224334e-05,5.632070157043986e-05,0.9,13.0,-1.7813080262369787,True
2015-04-15,2011-12-09,2014-08-28,675,676,2015-03-22,206,2016-08-20,True,0.02614592276186387,5.9585388653379745,-0.0007740700959725193,-1.0782758274116233e-05,-4.655005796678519e-05,4.778258859364029e-05,0.9,13.0,-1.7984197777432103,True
2015-04-15,2011-11-25,2014-08-28,685,686,2015-03-20,204,2016-08-20,True,0.027051201714335584,5.960856993358871,-0.0007852862759291798,-1.2592801340462225e-05,-3.917034107224354e-05,4.114479633339113e-05,0.9,13.0,-1.8818486257670575,True
2015-04-15,2011-11-10,2014-08-28,695,696,2015-03-15,199,2016-08-20,True,0.028132322868247305,5.962186664973511,-0.0007972864555335534,-1.7157035470214763e-05,-3.036760442518968e-05,3.487915229260894e-05,0.9,13.0,-2.0850663676130092,True
2015-04-15,2011-10-27,2014-08-28,705,706,2015-03-13,197,2016-08-20,True,0.028096704864199448,5.9621781791649235,-0.0008000006149883099,-1.8751718195167953e-05,-2.8032908623458458e-05,3.372641251544796e-05,0.9,13.0,-2.160355951879437,True
2015-04-15,2011-10-13,2014-08-28,715,716,2016-08-20,723,2016-08-20,True,0.028571793933997138,6.114614565516192,-0.0007263715424842808,-3.3321996027971365e-05,-5.935113023880216e-06,3.38464323953703e-05,0.9,6.0,-2.965327153946694,True
2015-04-15,2011-09-29,2014-08-28,725,726,2014-10-25,58,2016-08-20,True,0.02828416008922105,5.904343708565066,-0.0007902475683363437,-2.0148687426850196e-06,4.508828685557128e-05,4.513328381162322e-05,0.9,13.0,1.615453804244968,True
2015-04-15,2011-09-15,2014-08-28,735,736,2014-10-23,56,2016-08-20,True,0.028611089262165944,5.904694587635215,-0.000795824066004177,3.889298924358895e-06,4.840938823182412e-05,4.856537362259752e-05,0.9,13.0,1.4906266923873797,True
2015-04-15,2011-09-01,2014-08-28,745,746,2014-10-22,55,2016-08-20,True,0.028681074175665146,5.904785648315456,-0.0007982294947296109,6.501441550204194e-06,4.997906783356685e-05,5.040015837021743e-05,0.9,13.0,1.4414394183132908,True
2015-04-15,2014-03-05,2014-09-04,125,126,2014-10-26,52,2016-08-20,True,0.009802658712412846,5.872548932134943,-0.02841783862052594,-0.008010990432644772,-0.010839009621457257,0.013478134043181536,0.1,6.0,-2.207277606024232,True
2015-04-15,2014-02-19,2014-09-04,135,136,2014-10-21,47,2016-08-20,True,0.009979188480492611,5.8289255884641715,-0.0010778316600842568,-0.010069091398992053,-0.009037938242166754,0.013530370625761736,0.1,6.019891016806925,-2.410109403065062,True
2015-04-15,2014-02-04,2014-09-04,145,146,2014-10-30,56,2016-08-20,True,0.012188433018636579,5.908780876985478,-0.05074294275265309,-0.0038868771652147607,-0.011990610662635437,0.012604862480819636,0.1,6.0,-1.8842683484519676,True
2015-04-15,2014-01-21,2014-09-04,155,156,2014-11-07,64,2016-08-20,True,0.013213095513779803,5.9672042474972855,-0.086503522632111,0.001850787412930652,-0.0121312974494546,0.012271666221626393,0.1,6.0,-1.419400702497744,True
2015-04-15,2014-01-07,2014-09-04,165,166,2014-11-07,64,2016-08-20,True,0.013004266021222727,5.966236925533552,-0.08588020361420685,0.0018826039905018286,-0.012062937325204007,0.012208957969329463,0.1,6.0,-1.415980045301315,True
2015-04-15,2013-12-16,2014-09-04,175,176,2014-11-26,83,2016-08-20,True,0.0152540500528503,6.0720244070344656,-0.14903923011973766,0.009487506123729124,-0.004597861577831996,0.010542917221371956,0.1,6.0,-0.4512703286582853,True
2015-04-15,2013-12-02,2014-09-04,185,186,2015-01-30,148,2016-08-20,True,0.01646554147743057,6.3297487439166815,-0.2955528620154722,-0.0028187390667879647,0.009684459375183517,0.010086329526453943,0.1,6.0,1.8540293675573631,True
2015-04-15,2013-11-18,2014-09-04,195,196,2015-01-09,127,2016-08-20,True,0.016118578706005623,6.249753105526143,-0.2509008261024352,0.003367945987499156,0.009308477995499397,0.009899031405516812,0.1,6.0,1.2236350059536327,True
2015-04-15,2013-11-04,2014-09-04,205,206,2015-01-02,120,2016-08-20,True,0.015734017375409037,6.237983598602512,-0.2446153663443764,0.005080688307933123,0.008600445591970235,0.009989046904625515,0.1,6.0,1.037208209083811,True
2015-04-15,2013-10-21,2014-09-04,215,216,2015-01-13,131,2016-08-20,True,0.015423244708980313,6.264006016903062,-0.25889694204782515,0.002228928037404841,0.009576448818742693,0.009832420463646158,0.1,6.0,1.3421167303387203,True
2015-04-15,2013-10-07,2014-09-04,225,226,2015-02-26,175,2016-08-20,True,0.016188112390619496,6.39278833398907,-0.32914338260458603,-0.007963347564713202,0.005558565500856087,0.009711465124466604,0.1,6.0,2.5321976600164016,True
2015-04-15,2013-09-23,2014-09-04,235,236,2015-12-21,473,2016-08-20,True,0.01608719008863603,6.021667410200069,-0.12315215979612386,0.021788689151072328,0.002995397385448066,0.02199362135753924,0.1,6.0,0.13661850667539135,True
2015-04-15,2013-09-09,2014-09-04,245,246,2016-01-21,504,2016-08-20,True,0.015841209337260638,6.065699982837851,-0.14713351480540016,0.020450695398051735,0.01061147562586938,0.02303984282112867,0.1,6.0,0.4786379999739735,True
2015-04-15,2013-08-26,2014-09-04,255,256,2016-08-08,704,2016-08-20,True,0.016339178764082612,7.096050887303964,-0.6788452593062503,-0.023736625603273387,0.016730185440379797,0.029040084364537748,0.1,6.0,2.5276352541477873,True
2015-04-15,2013-08-12,2014-09-04,265,266,2016-08-05,701,2016-08-20,True,0.01612383975212425,7.149171891931816,-0.7060341635756667,-0.023548094469274528,0.016642290049931986,0.02883537014223925,0.1,6.0,2.5263600635171133,True
2015-04-15,2013-07-26,2014-09-04,275,276,2016-08-09,705,2016-08-20,True,0.015888963332328063,7.424566931151911,-0.8460814247961541,-0.024974638177930775,0.013550527848130062,0.028413893733198654,0.1,6.0,2.6444705600681018,True
2015-04-15,2013-07-12,2014-09-04,285,286,2016-08-11,707,2016-08-20,True,0.0156722123667523,6.70474773942446,-0.22068876206571222,-0.011797816956615914,0.004599843413255105,0.01266282134313994,0.21473625820040243,6.0,2.769832608527475,True
2015-04-15,2013-06-28,2014-09-04,295,296,2016-08-17,713,2016-08-20,True,0.015956782409241047,6.087807294423193,-0.0007248467195410833,-0.00011020271274536945,7.218634803414002e-06,0.00011043888167155386,0.9,6.0,3.0761828569460627,True
2015-04-15,2013-06-14,2014-09-04,305,306,2016-08-13,709,2016-08-20,True,0.01654349342195155,6.187258584510945,-0.0009549608016248096,-0.00012150501855475566,-2.8944153876005104e-05,0.000124904898132897,0.9,6.0,-2.9077374170557966,True
2015-04-15,2013-05-31,2014-09-04,315,316,2016-08-17,713,2016-08-20,True,0.01693325749415704,6.061115372860081,-0.0006661230071456912,-0.00010991394620585553,1.8539360753696914e-05,0.00011146651276369697,0.9,6.0,2.9744938704027226,True
2015-04-15,2013-05-16,2014-09-04,325,326,2016-08-15,711,2016-08-20,True,0.019118935585591953,5.836633730611827,-0.0001505261518625891,-6.525392448019417e-06,-0.00013400638826502966,0.00013416517000488072,0.9,6.35678270004731,-1.6194525308598864,True
2015-04-15,2013-04-30,2014-09-04,335,336,2016-08-03,699,2016-08-20,True,0.019541148930620828,5.902825437050031,-0.00027336417677738804,-9.389839823036223e-05,-2.7278881592630703e-06,9.393801447783075e-05,0.9,7.9977938415355245,-3.112549334819284,True
2015-04-15,2013-04-16,2014-09-04,345,346,2016-08-10,706,2016-08-20,True,0.019612001176664378,5.8866434789077555,-0.0002430420432807242,7.588734096116852e-05,-7.023328850462002e-05,0.00010340020953716601,0.9,7.412144494152841,-0.7467230416751162,True
2015-04-15,2013-04-02,2014-09-04,355,356,2016-08-06,702,2016-08-20,True,0.01943467146638496,5.87650920787125,-0.00022361812379400264,-6.37459760511588e-05,-8.761353501802046e-05,0.0001083498084034707,0.9,7.2043182189937935,-2.1997944541854872,True
2015-04-15,2013-03-15,2014-09-04,365,366,2016-08-14,710,2016-08-20,True,0.019244227597057982,5.89727965986136,-0.00026226840187096057,5.865374647382127e-07,9.797983079867106e-05,9.798158637996097e-05,0.9,7.744570014818517,1.5648100900996034,True
2015-04-15,2013-03-01,2014-09-04,375,376,2016-08-15,711,2016-08-20,True,0.019061700634550243,5.894187109090035,-0.00025508190734127936,-2.584663786890804e-05,9.522015846458115e-05,9.866573502055522e-05,0.9,7.785572532046132,1.8358505945073895,True
2015-04-15,2013-02-15,2014-09-04,385,386,2016-06-15,650,2016-08-20,True,0.01899384101665261,5.8952467475051025,-0.0002741090597981787,-0.00010223991751130902,3.61095629184801e-06,0.00010230366434327223,0.9,7.1199141363845735,3.1062888693672654,True
2015-04-15,2013-02-01,2014-09-04,395,396,2016-08-06,702,2016-08-20,True,0.018913171943194095,5.9231305368418035,-0.0008450093058876783,-0.0001577819564995148,-0.00020850055209168167,0.00026147203678280944,0.7611517251527034,7.190695695303949,-2.218600906933157,True
2015-04-15,2013-01-18,2014-09-04,405,406,2016-08-18,714,2016-08-20,True,0.018691321860685166,6.080930143830994,-0.022196493084260728,-0.002595383848739128,-0.002309639555364674,0.003474255632218369,0.38810912597721525,7.135247840669832,-2.414384162973308,True
2015-04-15,2013-01-04,2014-09-04,415,416,2016-07-06,671,2016-08-20,True,0.01849111926577207,6.694766824758637,-0.38903440603223066,0.020943030789123653,0.004637205423622143,0.021450273023321916,0.12888749228992077,6.637446983224032,0.2179043248912462,True
2015-04-15,2012-12-13,2014-09-04,425,426,2016-03-13,556,2016-08-20,True,0.018580453860757615,7.199764533195126,-0.7389131123513826,0.0025807357815608722,0.022240567069364413,0.022389797246538997,0.1,6.0,1.4552756411322572,True
2015-04-15,2012-11-29,2014-09-04,435,436,2016-05-07,611,2016-08-20,True,0.018735009280485177,7.30012786525579,-0.7865973654026797,-0.00762752292496488,0.021861449482262138,0.023153878280676096,0.1,6.0,1.9064934320437101,True
2015-04-15,2012-11-15,2014-09-04,445,446,2016-08-17,713,2016-08-20,True,0.019649214693861432,7.602010185092204,-0.9324554803228382,-0.021603068020147387,0.010156310935623691,0.023871388725924265,0.1,6.0,2.702122996664516,True
2015-04-15,2012-11-01,2014-09-04,455,456,2016-08-17,713,2016-08-20,True,0.019812298614927195,7.9377584771899095,-1.1015363507122375,-0.020389547783846218,0.0064516352415830425,0.021385912562249584,0.1,6.0,2.835141671314969,True
2015-04-15,2012-10-18,2014-09-04,465,466,2016-08-05,701,2016-08-20,True,0.019815860795394123,8.160979011739302,-1.2151017742819348,-0.018838398135007706,0.005152692903578615,0.019530373484694327,0.1,6.0,2.8746022032976546,True
2015-04-15,2012-10-04,2014-09-04,475,476,2016-08-20,716,2016-08-20,True,0.019682074315661904,8.27241266868206,-1.2696453292029615,-0.01914013507740414,0.0024832149753989397,0.01930054733408672,0.1,6.0,3.012574680658522,True
2015-04-15,2012-09-20,2014-09-04,485,486,2016-08-20,716,2016-08-20,True,0.019522622264129187,8.284967518231248,-1.2759615728923348,-0.019085718272846885,0.0023460460876165157,0.01922936749442639,0.1,6.0,3.019284652914522,True
2015-04-15,2012-09-06,2014-09-04,495,496,2016-08-20,716,2016-08-20,True,0.019343297859533638,8.247065913354213,-1.2569156105624224,-0.019283717576108944,0.0027567989379626012,0.01947977679388254,0.1,6.0,2.9995948678594346,True
2015-04-15,2012-08-23,2014-09-04,505,506,2016-08-20,716,2016-08-20,True,0.019287951063016374,8.392135175336552,-1.3297735778269208,-0.018462501752571275,0.0011927941381391638,0.018500992644171193,0.1,6.0,3.0770760060928284,True
2015-04-15,2012-08-09,2014-09-04,515,516,2016-08-20,716,2016-08-20,True,0.019114238614567278,8.366330641259871,-1.3168197654573301,-0.01861791996069645,0.0014695563177303805,0.018675827677344867,0.1,6.0,3.0628236103743105,True
2015-04-15,2012-07-25,2014-09-04,525,526,2016-08-12,708,2016-08-20,True,0.01941155318288241,6.045004307998709,-0.000589581242540751,-4.979314159183807e-05,2.028872991116529e-05,5.376792269553518e-05,0.9,6.0,2.754671547681675,True
2015-04-15,2012-07-11,2014-09-04,535,536,2016-08-20,716,2016-08-20,True,0.019934475562753465,6.077139604521756,-0.0006510854744290421,-4.337414136643468e-05,6.024597020854881e-06,4.379054588080804e-05,0.9,6.0,3.0035773399145356,True
2015-04-15,2012-06-27,2014-09-04,545,546,2016-08-20,716,2016-08-20,True,0.020432783246186154,6.106522431601872,-0.000710521286558549,-3.578753547324528e-05,-5.163015489908541e-06,3.615804784827058e-05,0.9,6.0,-2.998312704003856,True
2015-04-15,2012-06-13,2014-09-04,555,556,2015-04-08,216,2016-08-20,True,0.02101343770135685,5.964360572202341,-0.0007735740439265196,1.5431727636205285e-05,-4.096841473829341e-05,4.3778410478303556e-05,0.9,13.0,-1.2105590411524232,True
2015-04-15,2012-05-30,2014-09-04,565,566,2015-03-05,182,2016-08-20,True,0.022310710267106855,5.9547582195339155,-0.0007887545306317379,-5.381959876014158e-05,7.3071779047371825e-06,5.43133874807502e-05,0.9,11.807178713109083,3.006646125162857,True
2015-04-15,2012-05-14,2014-09-04,575,576,2015-02-20,169,2016-08-20,True,0.022523230189245447,5.951398183495037,-0.0007964833829381621,5.919800323732608e-05,-8.302221082112757e-06,5.9777340708522214e-05,0.9,11.355435057813827,-0.13933617596068565,True
2015-04-15,2012-04-27,2014-09-04,585,586,2015-03-03,180,2016-08-20,True,0.02256523877572141,5.954941632407551,-0.0007916910980065477,-4.986291585822268e-05,2.614936743474227e-05,5.6303639270666635e-05,0.9,11.75584845298694,2.6585963956567973,True
2015-04-15,2012-04-13,2014-09-04,595,596,2015-03-21,198,2016-08-20,True,0.022651711059330018,5.960559472334546,-0.00078706551090386,4.724232342181459e-05,2.45202835125535e-05,5.322669843064977e-05,0.9,12.340324402897679,0.4787571238001146,True
2015-04-15,2012-03-28,2014-09-04,605,606,2015-04-08,216,2016-08-20,True,0.02306834378681038,5.96581618637356,-0.0007805633050962335,1.853400665299818e-05,-4.843176099584655e-05,5.185696554728385e-05,0.9,13.0,-1.205307036934749,True
2015-04-15,2012-03-14,2014-09-04,615,616,2015-03-30,207,2016-08-20,True,0.024228551805226723,5.958508167445102,-0.0007645778174003986,2.8161098787791387e-06,-5.5407923345747754e-05,5.547944163685875e-05,0.9,13.0,-1.5200149833273102,True
2015-04-15,2012-02-29,2014-09-04,625,626,2015-03-27,204,2016-08-20,True,0.02454597119038454,5.95487117722473,-0.0007557544450063128,-5.244451149708641e-06,-5.864629518497024e-05,5.888032104858417e-05,0.9,13.0,-1.6599841967696503,True
2015-04-15,2012-02-14,2014-09-04,635,636,2015-03-24,201,2016-08-20,True,0.02467563861806638,5.952041019686471,-0.00074878632504545,-1.1356085525612868e-05,-6.133684101902623e-05,6.237923328046227e-05,0.9,13.0,-1.7538663378701047,True
2015-04-15,2012-01-31,2014-09-04,645,646,2015-03-23,200,2016-08-20,True,0.02461574259911292,5.950752803806259,-0.0007452125918786605,-1.3859824591410321e-05,-6.289321718312439e-05,6.440226320051428e-05,0.9,13.0,-1.7877002254788354,True
2015-04-15,2012-01-17,2014-09-04,655,656,2015-03-23,200,2016-08-20,True,0.024462835527510298,5.951383675966894,-0.0007469440211157481,-1.2789318175243533e-05,-6.20264439563048e-05,6.333124354733796e-05,0.9,13.0,-1.7741379882964583,True
2015-04-15,2012-01-03,2014-09-04,665,666,2015-03-24,201,2016-08-20,True,0.02455365922811245,5.953198978339705,-0.0007527710286054296,-1.0694866603675826e-05,-5.8684365117723215e-05,5.9650941995417555e-05,0.9,13.0,-1.751061874984108,True
2015-04-15,2011-12-16,2014-09-04,675,676,2015-03-25,202,2016-08-20,True,0.025563822857328933,5.95676001608504,-0.0007650019914520223,-8.633099002380916e-06,-5.110406724210588e-05,5.182813991521005e-05,0.9,13.0,-1.738148046621413,True
2015-04-15,2011-12-02,2014-09-04,685,686,2015-03-25,202,2016-08-20,True,0.026297280640854275,5.959477398489333,-0.0007755431440442839,-8.717963405890713e-06,-4.4357580064408543e-05,4.5206169878865695e-05,0.9,13.0,-1.764861124540272,True
2015-04-15,2011-11-17,2014-09-04,695,696,2015-03-20,197,2016-08-20,True,0.02806783731479174,5.961943035700132,-0.0007910893796094975,-1.3416043859171457e-05,-3.3711346127802184e-05,3.628284843531025e-05,0.9,13.0,-1.949549929045789,True
2015-04-15,2011-11-03,2014-09-04,705,706,2015-03-17,194,2016-08-20,True,0.028122407051908334,5.962379677492798,-0.0007966767472709111,-1.609397515396872e-05,-2.9455718858121343e-05,3.3565687982004e-05,0.9,13.0,-2.0708549601258524,True
2015-04-15,2011-10-20,2014-09-04,715,716,2016-08-20,716,2016-08-20,True,0.028532643670413353,6.110938405132215,-0.0007195693629779975,-3.5001794361821275e-05,-5.35531975850592e-06,3.540910982025766e-05,0.9,6.0,-2.989768757315951,True
2015-04-15,2011-10-06,2014-09-04,725,726,2016-08-20,716,2016-08-20,True,0.028473280063066948,6.117804001452965,-0.0007325114056425478,-3.174724634617414e-05,-6.844667428236177e-06,3.2476716625419886e-05,0.9,6.0,-2.929244244325056,True
2015-04-15,2011-09-22,2014-09-04,735,736,2016-08-20,716,2016-08-20,True,0.029449033447670254,6.137989126896576,-0.0007704354255252072,-2.2001453155276685e-05,-1.0987603779572327e-05,2.4592506536762507e-05,0.9,6.0,-2.6784223195605446,True
2015-04-15,2011-09-08,2014-09-04,745,746,2014-10-19,45,2016-08-20,True,0.02874522959433312,5.9023628004372215,-0.0007941326389142516,8.679980048544458e-06,4.940486889259706e-05,5.016157019011501e-05,0.9,13.0,1.3968804836589317,True
2015-04-15,2014-03-12,2014-09-11,125,126,2014-10-30,49,2016-08-20,True,0.009529677200775657,5.894488710750228,-0.039510627934603096,-0.004550377512207568,-0.011789152336970194,0.012636852785717419,0.11443599360195349,6.0,-1.9391584160763076,True
2015-04-15,2014-02-26,2014-09-11,135,136,2014-10-21,40,2016-08-20,True,0.009864404434982132,5.833499951574942,-0.004117920251921696,-0.010695396382424413,-0.008253165624703972,0.01350948728138757,0.1,6.0,-2.484375222576256,True
2015-04-15,2014-02-11,2014-09-11,145,146,2014-10-22,41,2016-08-20,True,0.009883087350228869,5.838464397270484,-0.007219263096654532,-0.010136698788960232,-0.008658811549418045,0.013331454526286438,0.1,6.0,-2.434662843048364,True
2015-04-15,2014-01-28,2014-09-11,155,156,2014-11-08,58,2016-08-20,True,0.012923417941916754,5.96614291065384,-0.08589097111608153,0.00241948638699609,-0.01185548359354186,0.012099851470724737,0.1,6.0,-1.369479223332739,True
2015-04-15,2014-01-14,2014-09-11,165,166,2014-11-06,56,2016-08-20,True,0.012990208409000609,5.951124901049014,-0.07678856746740426,0.0009896976100406034,-0.012229099528783288,0.01226908214351048,0.1,6.0,-1.4900426012253511,True
2015-04-15,2013-12-23,2014-09-11,175,176,2014-11-11,61,2016-08-20,True,0.013066128860900507,5.9881770282865165,-0.09920227269818725,0.004230809681923181,-0.010891173346601682,0.011684066391046476,0.1,6.0,-1.2002756855860628,True
2015-04-15,2013-12-09,2014-09-11,185,186,2014-12-20,100,2016-08-20,True,0.01635269568935594,6.209725896021727,-0.2289881247040412,0.007955282467603374,0.005874305286361995,0.009889083968535108,0.1,6.0,0.636045824292861,True
2015-04-15,2013-11-25,2014-09-11,195,196,2014-12-28,108,2016-08-20,True,0.016197297648621177,6.251207239423351,-0.2526466477778261,0.005814866261145746,0.007959350040566722,0.009857176203319112,0.1,6.0,0.9398465066487256,True
2015-04-15,2013-11-11,2014-09-11,205,206,2014-12-26,106,2016-08-20,True,0.015820500163028155,6.243808571546718,-0.24848855681877416,0.0063236829472134715,0.007609279137943802,0.009893942339433016,0.1,6.0,0.8774077648904328,True
2015-04-15,2013-10-28,2014-09-11,215,216,2014-12-28,108,2016-08-20,True,0.01547805893632771,6.252049878820113,-0.25319015479454954,0.005847238562347125,0.007927723736381911,0.009850837651966073,0.1,6.0,0.9352990280876957,True
2015-04-15,2013-10-14,2014-09-11,225,226,2015-01-09,120,2016-08-20,True,0.01547034258256664,6.304420786574245,-0.2825816722698553,0.0020929045383041994,0.009258673029244567,0.009492274525576844,0.1,6.0,1.3484846053304702,True
2015-04-15,2013-09-30,2014-09-11,235,236,2015-03-14,184,2016-08-20,True,0.016284429441999246,6.520998805474529,-0.39985961041067763,-0.009009963866979411,0.0009682227786814435,0.009061837795581656,0.1,6.0,3.034542124571899,True
2015-04-15,2013-09-16,2014-09-11,245,246,2015-05-06,237,2016-08-20,True,0.016018002753712273,6.64246430268339,-0.4623197950072858,-0.00613241283742675,-0.00735265707791076,0.009574343492584104,0.1,6.0,-2.265951726081571,True
2015-04-15,2013-09-02,2014-09-11,255,256,2016-08-04,693,2016-08-20,True,0.016133780988503484,7.010663972570309,-0.6320128861271944,-0.018860258346427572,0.01706856469454132,0.02543708406295292,0.1,6.0,2.406021078307157,True
2015-04-15,2013-08-19,2014-09-11,265,266,2016-08-06,695,2016-08-20,True,0.01627802484965849,6.011453384849966,-0.0005462268777563044,-8.814135072493631e-05,4.3528487119264115e-05,9.83037481406898e-05,0.9,6.0,2.6828782224536005,True
2015-04-15,2013-08-05,2014-09-11,275,276,2016-07-28,686,2016-08-20,True,0.016048002705830927,7.9757907959027605,-1.1250912022034203,-0.02251908235857214,0.009523633604851589,0.024450126120566608,0.1,6.0,2.7414902528001703,True
2015-04-15,2013-07-19,2014-09-11,285,286,2016-08-17,706,2016-08-20,True,0.015806623488728463,6.011840291816242,-0.000833244677940052,-0.00013860203695335307,6.61830601138619e-05,0.0001535927149758533,0.8366050969446017,6.0,2.6961030672314013,True
2015-04-15,2013-07-05,2014-09-11,295,296,2016-08-13,702,2016-08-20,True,0.015715537313589805,6.063538324841882,-0.0006628753751018451,-9.702901285382857e-05,1.9190009741590114e-05,9.890847187814982e-05,0.9,6.0,2.9463364700303263,True
2015-04-15,2013-06-21,2014-09-11,305,306,2016-08-17,706,2016-08-20,True,0.0165202954779364,6.251156655140734,-0.0010909549435844472,-0.00012014125237616764,-5.6169624838350396e-05,0.00013262332855495308,0.9,6.0,-2.704256888429806,True
2015-04-15,2013-06-07,2014-09-11,315,316,2016-08-13,702,2016-08-20,True,0.016520462958061484,6.186942500070198,-0.0009483657668721242,-0.00011425628536886008,-2.79557514147368e-05,0.00011762662446679726,0.9,6.0,-2.9016312175913592,True
2015-04-15,2013-05-24,2014-09-11,325,326,2016-08-09,698,2016-08-20,True,0.01796508369907204,5.988279507378707,-0.0004964532489385152,-9.174308475454196e-05,5.34951871601291e-05,0.00010620041737006644,0.9,6.0,2.61369398819744,True
2015-04-15,2013-05-08,2014-09-11,335,336,2016-08-04,693,2016-08-20,True,0.019582032013585864,6.038273155238184,-0.0005560173623557145,5.005534727497522e-05,7.06118522394521e-06,5.055094586241915e-05,0.9,10.2702158104443,0.1401428162722437,True
2015-04-15,2013-04-23,2014-09-11,345,346,2016-07-09,667,2016-08-20,True,0.01942999451401328,6.031518734560454,-0.0005535084528967176,4.220728961966241e-05,2.7688379971141624e-05,5.0478725047928645e-05,0.9,10.384286311905832,0.5805881817641253,True
2015-04-15,2013-04-09,2014-09-11,355,356,2016-08-03,692,2016-08-20,True,0.019509388066347624,6.03268189401902,-0.0005462930926490606,-4.947997837364126e-05,-1.7493848671779584e-05,5.248145387855725e-05,0.9,9.84080654293409,-2.801755123434973,True
2015-04-15,2013-03-22,2014-09-11,365,366,2016-08-08,697,2016-08-20,True,0.01932254709627086,6.035891918160181,-0.0005503376947797512,9.871859023979364e-07,-5.159423080699763e-05,5.160367417705484e-05,0.9,10.016577690972639,-1.5516650122085267,True
2015-04-15,2013-03-08,2014-09-11,375,376,2016-07-11,669,2016-08-20,True,0.019188217939460076,6.031648179015378,-0.0005537802958427146,4.145150822792923e-05,-3.077513061836992e-05,5.162689414392284e-05,0.9,10.198097876143978,-0.638643147982436,True
2015-04-15,2013-02-22,2014-09-11,385,386,2016-07-29,687,2016-08-20,True,0.019051376820818564,6.035706824455197,-0.0005538496540129633,3.428561312767218e-05,-3.774555922593959e-05,5.099245541076954e-05,0.9,10.137422033961725,-0.8333952826653159,True
2015-04-15,2013-02-08,2014-09-11,395,396,2016-07-19,677,2016-08-20,True,0.018934187923696832,6.029605064009451,-0.0005477045084582668,-1.5473198220285013e-05,5.004646436870431e-05,5.238385685468588e-05,0.9,9.6276314317962,1.8706506592155627,True
2015-04-15,2013-01-25,2014-09-11,405,406,2016-07-19,677,2016-08-20,True,0.018807392207680743,6.024480187335332,-0.0005378862632483128,4.490287925729565e-05,-2.992956501747022e-05,5.396338969829684e-05,0.9,9.266863390490034,-0.5879149042213675,True
2015-04-15,2013-01-11,2014-09-11,415,416,2016-07-26,684,2016-08-20,True,0.0186108016288945,6.161583853409825,-0.007412769576808516,-0.0004026701585898981,-0.0003137704478132463,0.0005104852108922831,0.5801561260002144,8.969283448233012,-2.4796487053000744,True
2015-04-15,2012-12-20,2014-09-11,425,426,2015-10-13,397,2016-08-20,True,0.01854645506764448,7.425412891471716,-0.8695666495800533,0.014518844736966421,0.004528705133704319,0.015208748228706314,0.1,6.0,0.3023555718168241,True
2015-04-15,2012-12-06,2014-09-11,435,436,2015-12-14,459,2016-08-20,True,0.01859879787064016,7.508282773793521,-0.905909262279522,0.01051057022752111,0.012553017002497419,0.016372242435678825,0.1,6.0,0.8737249498902783,True
2015-04-15,2012-11-22,2014-09-11,445,446,2016-05-08,605,2016-08-20,True,0.019008918072696473,7.604388211606999,-0.9411262290623971,-0.008539012468442131,0.01827481112292459,0.020171352347197212,0.1,6.0,2.0079071986455785,True
2015-04-15,2012-11-08,2014-09-11,455,456,2016-08-12,701,2016-08-20,True,0.01979630460150009,7.957042019644505,-1.1111596236469694,-0.01942647079673754,0.007121763334329734,0.020690753505049057,0.1,6.0,2.7902057582299897,True
2015-04-15,2012-10-25,2014-09-11,465,466,2016-08-10,699,2016-08-20,True,0.01978022663608387,8.179565276535811,-1.2235835225459641,-0.01855546916807771,0.004841941701645036,0.01917680462145901,0.1,6.0,2.8863404029156996,True
2015-04-15,2012-10-11,2014-09-11,475,476,2016-08-19,708,2016-08-20,True,0.019675666409086395,8.296103096556767,-1.2812136294254697,-0.018620384111581567,0.002591430114254778,0.01879984612968696,0.1,6.0,3.003309202662866,True
2015-04-15,2012-09-27,2014-09-11,485,486,2016-08-19,708,2016-08-20,True,0.019530868265349596,8.388561244668217,-1.3277263783821407,-0.018211613107939617,0.0015577917476025105,0.018278117165675914,0.1,6.0,3.056261992645168,True
2015-04-15,2012-09-13,2014-09-11,495,496,2016-08-19,708,2016-08-20,True,0.019375596377042805,8.319831412365598,-1.2931695792903413,-0.01854484153810279,0.0023244662725105947,0.018689951608428044,0.1,6.0,3.0168999396388267,True
2015-04-15,2012-08-30,2014-09-11,505,506,2016-08-20,709,2016-08-20,True,0.019286749974872997,8.406189274400473,-1.3365511647950332,-0.018090637925959413,0.001354403096006207,0.018141267549833234,0.1,6.0,3.0668644417469615,True
2015-04-15,2012-08-16,2014-09-11,515,516,2016-08-20,709,2016-08-20,True,0.01913951377857452,8.42651516130754,-1.3467666058354006,-0.01798413190044934,0.0011289177401919703,0.01801952983506728,0.1,6.0,3.0789019199831666,True
2015-04-15,2012-08-02,2014-09-11,525,526,2016-08-20,709,2016-08-20,True,0.0190373111839985,6.767077168595233,-0.168290734438831,-0.005560463023587224,0.0006187021007069693,0.005594778040825211,0.26159009865157096,6.0,3.030780370477656,True
2015-04-15,2012-07-18,2014-09-11,535,536,2016-07-18,676,2016-08-20,True,0.019667543510340467,6.061337084590481,-0.0006356685666302358,-4.1830851194863527e-05,1.8567606455380747e-05,4.5766539318247696e-05,0.9,6.0,2.723845190515683,True
2015-04-15,2012-07-04,2014-09-11,545,546,2016-08-20,709,2016-08-20,True,0.01995837503315123,6.090522323740157,-0.0006779804598027056,-3.983441937823816e-05,1.201099990427387e-06,3.985252323741071e-05,0.9,6.0,3.111449470649359,True
2015-04-15,2012-06-20,2014-09-11,555,556,2015-04-06,207,2016-08-20,True,0.02057126611872546,5.960180603945121,-0.0007618565069033491,9.08815412389887e-06,-4.0250677660339074e-05,4.126392610375628e-05,0.9,13.0,-1.3487311749131015,True
2015-04-15,2012-06-06,2014-09-11,565,566,2015-04-11,212,2016-08-20,True,0.021512799979021974,5.966444076242495,-0.0007793730340706637,-6.058315422751424e-06,-4.656131919182445e-05,4.69538031542122e-05,0.9,12.90776785873954,-1.7001841936079476,True
2015-04-15,2012-05-22,2014-09-11,575,576,2015-03-12,182,2016-08-20,True,0.02249091559495973,5.9576505895204575,-0.0007915700234490938,-4.79337378805983e-05,-2.9379641542530625e-05,5.622105090065015e-05,0.9,11.888452181381993,-2.5917258378806443,True
2015-04-15,2012-05-07,2014-09-11,585,586,2015-03-08,178,2016-08-20,True,0.022501003245018275,5.956828387428778,-0.0007936630354140157,-5.5808096263356835e-05,1.4646709841296902e-05,5.769809110980403e-05,0.9,11.772893593966044,2.884933196386449,True
2015-04-15,2012-04-20,2014-09-11,595,596,2015-03-22,192,2016-08-20,True,0.02262821546983587,5.960741202251442,-0.0007876514478726266,5.407139048074983e-05,-8.604571252423512e-07,5.4078236426367524e-05,0.9,12.257914216724464,-0.015912009956883983,True
2015-04-15,2012-04-04,2014-09-11,605,606,2015-04-09,210,2016-08-20,True,0.022701479571866842,5.966959506588769,-0.0007840876851124689,-1.9591389055163055e-05,-4.7971351561962375e-05,5.1817690953883236e-05,0.9,12.872111917641082,-1.958521061554353,True
2015-04-15,2012-03-21,2014-09-11,615,616,2015-04-06,207,2016-08-20,True,0.023551380883942163,5.962122854293287,-0.0007704144744604826,1.312215915378658e-05,-5.159601492086986e-05,5.3238518166567434e-05,0.9,13.0,-1.321751187652907,True
2015-04-15,2012-03-07,2014-09-11,625,626,2015-03-30,200,2016-08-20,True,0.024398921905940132,5.956281266458506,-0.0007573805518448784,3.30879408050885e-07,-5.7150352397829525e-05,5.715131022451516e-05,0.9,13.0,-1.5650067612500316,True
2015-04-15,2012-02-22,2014-09-11,635,636,2015-03-27,197,2016-08-20,True,0.0245953607355332,5.953165060207889,-0.0007497721728818936,-6.4461018939571176e-06,-6.019741852495381e-05,6.054156775881947e-05,0.9,13.0,-1.6774725211375305,True
2015-04-15,2012-02-07,2014-09-11,645,646,2015-03-25,195,2016-08-20,True,0.024636977183659214,5.95098931464205,-0.0007440767673249033,-1.0868853404816417e-05,-6.266814554141341e-05,6.360368259727705e-05,0.9,13.0,-1.7425231502317104,True
2015-04-15,2012-01-24,2014-09-11,655,656,2015-03-25,195,2016-08-20,True,0.02452032495583573,5.9508767129421765,-0.0007437818868726081,-1.1131393096559236e-05,-6.277314688199064e-05,6.375245784860452e-05,0.9,13.0,-1.7462992486442808,True
2015-04-15,2012-01-10,2014-09-11,665,666,2015-03-26,196,2016-08-20,True,0.024468474250612115,5.952065607315665,-0.0007473508713085376,-9.528107763525785e-06,-6.0754275145714624e-05,6.149688436038494e-05,0.9,13.0,-1.726359433522277,True
2015-04-15,2011-12-23,2014-09-11,675,676,2015-03-27,197,2016-08-20,True,0.024879179899929944,5.954657581225317,-0.0007556365649198567,-7.2209335880772495e-06,-5.5687873994387304e-05,5.61540843741413e-05,0.9,13.0,-1.6997448052870152,True
2015-04-15,2011-12-09,2014-09-11,685,686,2015-03-27,197,2016-08-20,True,0.026122272590434946,5.958422736859031,-0.0007689768880687176,-6.154873036949709e-06,-4.716423118165996e-05,4.756413738372679e-05,0.9,13.0,-1.7005617570502183,True
2015-04-15,2011-11-25,2014-09-11,695,696,2016-08-20,709,2016-08-20,True,0.027872262636398405,6.089271148868493,-0.0006781852693460503,-4.478527737490043e-05,2.854229460327309e-07,4.478618688619171e-05,0.9,6.0,3.135219597565113,True
2015-04-15,2011-11-10,2014-09-11,705,706,2015-03-22,192,2016-08-20,True,0.028140469121148967,5.96248425644576,-0.0007916686368590205,-1.2349820698411492e-05,-3.1888700618938845e-05,3.419659776128648e-05,0.9,13.0,-1.9402883610748343,True
2015-04-15,2011-10-27,2014-09-11,715,716,2015-03-20,190,2016-08-20,True,0.02811470799064725,5.962533942145202,-0.0007945191753714014,-1.411753697375779e-05,-2.9659098365051563e-05,3.2847632578820996e-05,0.9,13.0,-2.015054928632005,True
2015-04-15,2011-10-13,2014-09-11,725,726,2016-08-20,709,2016-08-20,True,0.02838302687043281,6.113741171264098,-0.0007248967728559031,-3.36709476580808e-05,-6.041365093077236e-06,3.420863645895681e-05,0.9,6.0,-2.964058011685812,True
2015-04-15,2011-09-29,2014-09-11,735,736,2016-08-20,709,2016-08-20,True,0.028821310501939625,6.126900989605205,-0.0007497733799382118,-2.732117152754994e-05,-9.011554575623704e-06,2.876898554880325e-05,0.9,6.0,-2.822991388950573,True
2015-04-15,2011-09-15,2014-09-11,745,746,2016-08-20,709,2016-08-20,True,0.029417791288218698,6.141811861980773,-0.000777878241101481,-2.0006092191559926e-05,-1.2220424255291124e-05,2.344317584621381e-05,0.9,6.0,-2.5932442028332225,True
2015-04-15,2014-03-19,2014-09-18,125,126,2014-10-25,37,2016-08-20,True,0.009103152752795175,5.855845037958821,-0.018034501778946943,-0.008195517245802553,-0.010135891793763922,0.013034677034017294,0.1,6.0,-2.25073745109476,True
2015-04-15,2014-03-05,2014-09-18,135,136,2014-10-25,37,2016-08-20,True,0.009622645684151969,5.859095206797494,-0.01930026180394253,-0.007743281413275524,-0.010056976410300641,0.012692564026331392,0.10994409398159945,6.0,-2.226938187836144,True
2015-04-15,2014-02-19,2014-09-18,145,146,2014-10-31,43,2016-08-20,True,0.009801091303846975,5.84117883018138,-0.008561210111900622,0.011517787375895809,0.006533940433976535,0.013242046806709994,0.1,6.517925996632076,0.5160216806928093,True
2015-04-15,2014-02-04,2014-09-18,155,156,2014-10-29,41,2016-08-20,True,0.011963232356010512,5.889340081696208,-0.0392190919391461,-0.004544642191796918,-0.011628213243747552,0.012484755339754426,0.1,6.0,-1.9433716973933781,True
2015-04-15,2014-01-21,2014-09-18,165,166,2014-11-08,51,2016-08-20,True,0.013060884299499323,5.921006629144069,-0.051207110494847274,0.0019119189334076692,-0.010182922913457088,0.010360856772937849,0.127668531070316,6.0,-1.3851997489923946,True
2015-04-15,2014-01-07,2014-09-18,175,176,2014-11-07,50,2016-08-20,True,0.012868078688211477,5.923343016134099,-0.05364618414629954,0.0017475293374024697,-0.010423821393604048,0.010569290952132965,0.12323519050555366,6.0,-1.4046933147187923,True
2015-04-15,2013-12-16,2014-09-18,185,186,2014-11-30,73,2016-08-20,True,0.014975336542842796,6.0785852645562315,-0.15272780021807633,0.009798554485778394,-0.002948521516344206,0.010232568061982908,0.1,6.0,-0.2922950492299612,True
2015-04-15,2013-12-02,2014-09-18,195,196,2015-01-09,113,2016-08-20,True,0.0161707374639785,6.305135909823811,-0.28303110789737834,0.0022550984753662642,0.009527324943173885,0.00979057657681214,0.1,6.0,1.3383758687773815,True
2015-04-15,2013-11-18,2014-09-18,205,206,2014-12-26,99,2016-08-20,True,0.01582832141962533,6.236887229076487,-0.2444716731799919,0.006447920820130099,0.007535606006144661,0.009917713485602954,0.1,6.0,0.8630251841681353,True
2015-04-15,2013-11-04,2014-09-18,215,216,2014-12-29,102,2016-08-20,True,0.015472354036710597,6.244843297993924,-0.24890967742296013,0.005871367850208482,0.007908905112037606,0.009850062969528487,0.1,6.0,0.932193560291456,True
2015-04-15,2013-10-21,2014-09-18,225,226,2015-01-01,105,2016-08-20,True,0.015190301083558011,6.264011757301223,-0.2598708045330116,0.004800174337330557,0.00850620935073057,0.009767152665297242,0.1,6.0,1.0570298234298818,True
2015-04-15,2013-10-07,2014-09-18,235,236,2015-01-26,130,2016-08-20,True,0.01602208052951344,6.387311916159115,-0.3286803577425769,-0.0032555444084388097,0.008586467173008996,0.009182918267548629,0.1,6.0,1.9331988911942952,True
2015-04-15,2013-09-23,2014-09-18,245,246,2015-04-02,196,2016-08-20,True,0.016053588589064072,6.612723468810314,-0.44916971452762666,-0.008326890278156938,-0.0030894084864776516,0.008881528387658549,0.1,6.0,-2.7863194813680905,True
2015-04-15,2013-09-09,2014-09-18,255,256,2015-05-11,235,2016-08-20,True,0.015875866403688987,6.742154207144265,-0.5167739085104692,-0.004186128540008924,-0.008241035040087857,0.0092432857083092,0.1,6.0,-2.040792833404799,True
2015-04-15,2013-08-26,2014-09-18,265,266,2016-08-10,692,2016-08-20,True,0.0163324885556903,6.050545288069875,-0.0006290245904371431,-8.794854050970917e-05,2.59778738365247e-05,9.170493829044513e-05,0.9,6.0,2.8543835903465715,True
2015-04-15,2013-08-12,2014-09-18,275,276,2016-08-14,696,2016-08-20,True,0.016130898166291922,6.031703363477374,-0.0005830393698349608,-8.533169292931946e-05,3.1144467014957724e-05,9.08376334116508e-05,0.9,6.0,2.7916343537283566,True
2015-04-15,2013-07-26,2014-09-18,285,286,2016-08-06,688,2016-08-20,True,0.015892380273121703,6.036046223214588,-0.0005967076673697488,-8.391046755069079e-05,3.322969688880004e-05,9.025064719932516e-05,0.9,6.0,2.7645274363247863,True
2015-04-15,2013-07-12,2014-09-18,295,296,2016-08-12,694,2016-08-20,True,0.015655529843996648,6.061246263657351,-0.0006525318590951963,-8.975264523831662e-05,2.0621353610657626e-05,9.209113720663299e-05,0.9,6.0,2.91575448587886,True
2015-04-15,2013-06-28,2014-09-18,305,306,2016-08-13,695,2016-08-20,True,0.015860257909336813,6.172741366930308,-0.0009110634089626459,-0.00010679413607264443,-2.2556766848127633e-05,0.00010915033316551664,0.9,6.0,-2.9334348807646116,True
2015-04-15,2013-06-14,2014-09-18,315,316,2016-08-17,699,2016-08-20,True,0.016390958342417685,6.255531419167878,-0.001098021873206409,-0.00011699646834843855,-5.750998510318107e-05,0.00013036706636484268,0.9,6.0,-2.6847253123197565,True
2015-04-15,2013-05-31,2014-09-18,325,326,2016-08-13,695,2016-08-20,True,0.016841264998600305,6.1367695773908,-0.0008298570138525048,-0.00010389359590018399,-7.431696016593905e-06,0.0001041590580542748,0.9,6.0,-3.070182484095536,True
2015-04-15,2013-05-16,2014-09-18,335,336,2016-06-08,629,2016-08-20,True,0.01905131394411997,6.045999170763355,-0.0006096681313042931,4.910658841176973e-05,-1.1342846458081295e-05,5.0399575307878976e-05,0.9,9.358621811588046,-0.22700294653982322,True
2015-04-15,2013-04-30,2014-09-18,345,346,2016-08-19,701,2016-08-20,True,0.019464858783889115,6.068134363704889,-0.0006071335622915837,-3.425437857383175e-05,-2.465826139632359e-05,4.220654340939099e-05,0.9,11.684047438038439,-2.517663646646119,True
2015-04-15,2013-04-16,2014-09-18,355,356,2016-07-22,673,2016-08-20,True,0.019534958568252922,6.057632704891728,-0.0006039143259265829,-4.348768606977423e-05,1.01505163884812e-05,4.465659887022366e-05,0.9,10.685538723939478,2.9122868013377405,True
2015-04-15,2013-04-02,2014-09-18,365,366,2016-08-18,700,2016-08-20,True,0.019362033782510245,6.066193347345585,-0.0006064923532372482,2.277161792299751e-06,-4.3622945841526774e-05,4.368234047897488e-05,0.9,10.907561472315763,-1.518642655301645,True
2015-04-15,2013-03-15,2014-09-18,375,376,2016-07-31,682,2016-08-20,True,0.019182755663015055,6.062542807521221,-0.0006079637340651252,4.069726784350896e-05,-1.6038596794405233e-05,4.374361892962006e-05,0.9,11.108999803074115,-0.3754056669969039,True
2015-04-15,2013-03-01,2014-09-18,385,386,2016-08-02,684,2016-08-20,True,0.01900862969225857,6.063629148290204,-0.0006083706693975833,2.9796195824841027e-05,3.177346310070465e-05,4.3558767694278426e-05,0.9,11.280371454463078,0.8175014427224125,True
2015-04-15,2013-02-15,2014-09-18,395,396,2016-08-16,698,2016-08-20,True,0.018925404018339163,6.0667179433928045,-0.0006081593066270083,3.188282567113405e-05,-2.885417200882486e-05,4.3000904817117236e-05,0.9,11.02595909952897,-0.7355743781686711,True
2015-04-15,2013-02-01,2014-09-18,405,406,2016-08-01,683,2016-08-20,True,0.018845983404001492,6.05870929266908,-0.000601323916707971,2.9463087309903907e-05,3.292144219726685e-05,4.4180254301882456e-05,0.9,10.362021399347766,0.8407775777967563,True
2015-04-15,2013-01-18,2014-09-18,415,416,2016-08-15,697,2016-08-20,True,0.018631032367761605,6.061926218536757,-0.0006008346427135629,1.3373011104028059e-05,4.1686321619906516e-05,4.3778840050722485e-05,0.9,10.401208037280197,1.2603670104022195,True
2015-04-15,2013-01-04,2014-09-18,425,426,2016-06-08,629,2016-08-20,True,0.018441733189057417,6.03920868178856,-0.0005913781134311227,4.16714042427287e-05,2.2132996851334623e-05,4.7184483479021955e-05,0.9,9.476022982468127,0.48824155552273507,True
2015-04-15,2012-12-13,2014-09-18,435,436,2015-10-31,408,2016-08-20,True,0.01852763620320549,7.546044218604789,-0.9301125321519722,0.0002845159765647032,0.014324598089979823,0.01432742334756582,0.1,6.157247984393707,1.5509368815484696,True
2015-04-15,2012-11-29,2014-09-18,445,446,2015-12-21,459,2016-08-20,True,0.018670596647621426,7.623811679416729,-0.9649227079339221,0.008246052991495528,0.01304596838379632,0.015433556978531084,0.1,6.0,1.0071243070404723,True
2015-04-15,2012-11-15,2014-09-18,455,456,2016-06-28,649,2016-08-20,True,0.01953887180156628,7.8754094444501765,-1.073833823696932,-0.015114547261792122,0.012307915902517591,0.019491904288508936,0.1,6.0,2.4581872459713963,True
2015-04-15,2012-11-01,2014-09-18,465,466,2016-08-03,685,2016-08-20,True,0.019674539219492602,8.115465239410861,-1.1916627243464033,-0.017990757960583192,0.00640284541419367,0.019096172427854448,0.1,6.0,2.79967463301267,True
2015-04-15,2012-10-18,2014-09-18,475,476,2016-08-12,694,2016-08-20,True,0.01965851742036047,8.295966227405799,-1.281735497388616,-0.018017821647728582,0.0034687237240646485,0.018348676824317487,0.1,6.0,2.9514032393195655,True
2015-04-15,2012-10-04,2014-09-18,485,486,2016-08-19,701,2016-08-20,True,0.01952617578475597,8.392646664375878,-1.3295936345815722,-0.017974878034487107,0.0016989860233770915,0.018054993599066097,0.1,6.0,3.047352605398029,True
2015-04-15,2012-09-20,2014-09-18,495,496,2016-08-19,701,2016-08-20,True,0.019371367456177818,8.397061636337716,-1.3318194724808403,-0.017962967853332235,0.0016481163075081073,0.01803841737689095,0.1,6.0,3.0500980401594293,True
2015-04-15,2012-09-06,2014-09-18,505,506,2016-08-19,701,2016-08-20,True,0.019200130673156967,8.356862013309923,-1.3115983401437261,-0.01814921526085736,0.0021070288306613283,0.018271113405541977,0.1,6.0,3.0260152884887477,True
2015-04-15,2012-08-23,2014-09-18,515,516,2016-08-19,701,2016-08-20,True,0.01913816489520784,6.732409179950141,-0.15174654149714425,-0.00512147215406308,0.0006134024783866487,0.005158075186087773,0.27154001348148865,6.0,3.0223897452610546,True
2015-04-15,2012-08-09,2014-09-18,525,526,2016-08-20,702,2016-08-20,True,0.018971488397010836,8.452890118483728,-1.3598687490278185,-0.017677230850260517,0.0010022296502751882,0.017705619300247392,0.1,6.0,3.084957208005173,True
2015-04-15,2012-07-25,2014-09-18,535,536,2016-08-17,699,2016-08-20,True,0.019247394499481138,6.050387947664787,-0.0005969063406124503,-4.8906669334770113e-05,1.7948362324003535e-05,5.2096122845507926e-05,0.9,6.0,2.789861005190965,True
2015-04-15,2012-07-11,2014-09-18,545,546,2016-08-20,702,2016-08-20,True,0.01976227830703171,6.078862638308417,-0.0006542893278295173,-4.273907995139088e-05,5.761140618391945e-06,4.31256269092551e-05,0.9,6.0,3.007602358614951,True
2015-04-15,2012-06-27,2014-09-18,555,556,2016-08-20,702,2016-08-20,True,0.020258703827969456,6.105194942661813,-0.0007080503375837918,-3.629006664699042e-05,-4.9556433062927395e-06,3.6626866339098826e-05,0.9,6.0,-3.0058756336107506,True
2015-04-15,2012-06-13,2014-09-18,565,566,2016-08-20,702,2016-08-20,True,0.021332342212074144,6.142280705680212,-0.0007834807686267008,-2.672293574883846e-05,-1.9881018606268512e-05,3.330720936763306e-05,0.9,6.0,-2.501962985509996,True
2015-04-15,2012-05-30,2014-09-18,575,576,2015-03-30,193,2016-08-20,True,0.02242769980092315,5.9625307363555535,-0.0007843971100390366,2.9584824086874322e-05,4.320080827661638e-05,5.236001959514783e-05,0.9,12.385048467994565,0.9703303654978381,True
2015-04-15,2012-05-14,2014-09-18,585,586,2015-03-11,174,2016-08-20,True,0.02267555057444348,5.956754996702771,-0.0007913060389878765,-5.6568049354419455e-05,1.367937744601501e-05,5.819853584992134e-05,0.9,11.769074699062818,2.9043259752019246,True
2015-04-15,2012-04-27,2014-09-18,595,596,2015-03-28,191,2016-08-20,True,0.022686097759083257,5.9624798336799625,-0.0007881177131042142,5.239805243443328e-05,1.5765504567466715e-05,5.4718434125881504e-05,0.9,12.285975022265191,0.29226356289437744,True
2015-04-15,2012-04-13,2014-09-18,605,606,2015-04-06,200,2016-08-20,True,0.02274039791779097,5.964961215993782,-0.0007829579442652476,-5.082192281536298e-05,1.332983400746321e-05,5.254095843546475e-05,0.9,12.660186003568004,2.885085363832565,True
2015-04-15,2012-03-28,2014-09-18,615,616,2015-04-13,207,2016-08-20,True,0.023126069333947695,5.965484942680329,-0.00077485279829899,2.26759576418474e-05,-4.675699205836995e-05,5.196552088954106e-05,0.9,13.0,-1.1192410578633276,True
2015-04-15,2012-03-14,2014-09-18,625,626,2015-04-04,198,2016-08-20,True,0.02425593509970416,5.958110212793397,-0.0007590428351479161,7.409693268396815e-06,-5.489361817043562e-05,5.5391451237292064e-05,0.9,13.0,-1.4366245091700673,True
2015-04-15,2012-02-29,2014-09-18,635,636,2015-03-31,194,2016-08-20,True,0.024562879236910088,5.954315507787236,-0.000750327555577183,-8.263238610313039e-07,-5.869675702746409e-05,5.87025731690227e-05,0.9,13.0,-1.5848732421277734,True
2015-04-15,2012-02-14,2014-09-18,645,646,2015-03-28,191,2016-08-20,True,0.024685980735993675,5.951433773563789,-0.0007434593686480801,-6.9099113593116776e-06,-6.172531303994218e-05,6.211087783047668e-05,0.9,13.0,-1.6822783309891813,True
2015-04-15,2012-01-31,2014-09-18,655,656,2015-03-27,190,2016-08-20,True,0.024624236083241685,5.950216980689059,-0.0007399880739453548,-9.165268309056597e-06,-6.340175592540705e-05,6.406078986089608e-05,0.9,13.0,-1.7143603989415246,True
2015-04-15,2012-01-17,2014-09-18,665,666,2015-03-28,191,2016-08-20,True,0.024475173465358477,5.950853675474972,-0.0007417641643189905,-8.147508107119166e-06,-6.24372594846129e-05,6.296660432566184e-05,0.9,13.0,-1.700554261443404,True
2015-04-15,2012-01-03,2014-09-18,675,676,2015-03-29,192,2016-08-20,True,0.024570977282583163,5.952766099302072,-0.0007475466402771636,-5.920200103786579e-06,-5.897018638308261e-05,5.926661498115424e-05,0.9,13.0,-1.6708541768277803,True
2015-04-15,2011-12-16,2014-09-18,685,686,2015-03-30,193,2016-08-20,True,0.02558325276806601,5.9565203887123515,-0.0007595763444733329,-3.6403445713646313e-06,-5.1287173177319116e-05,5.141620601637761e-05,0.9,13.0,-1.641657114733393,True
2015-04-15,2011-12-02,2014-09-18,695,696,2016-08-20,702,2016-08-20,True,0.02727918525220583,6.078771489385986,-0.0006579769534933665,-4.944469985702598e-05,3.2829579941506283e-06,4.955356856113132e-05,0.9,6.0,3.0752934058628374,True
2015-04-15,2011-11-17,2014-09-18,705,706,2015-03-27,190,2016-08-20,True,0.028103579849069277,5.962274328183963,-0.0007850662990343142,-7.902453193644253e-06,-3.464438756566025e-05,3.553424202480493e-05,0.9,13.0,-1.7950613040571746,True
2015-04-15,2011-11-03,2014-09-18,715,716,2015-03-24,187,2016-08-20,True,0.02817402243431186,5.962563230268562,-0.0007906900711882555,-1.1155965768851498e-05,-3.060446393455363e-05,3.2574357782728124e-05,0.9,13.0,-1.9203483132569203,True
2015-04-15,2011-10-20,2014-09-18,725,726,2016-08-20,702,2016-08-20,True,0.028341996069689533,6.1099453303332645,-0.0007178777859583595,-3.541404183545464e-05,-5.456853693130628e-06,3.583199145109806e-05,0.9,6.0,-2.9887077741214143,True
2015-04-15,2011-10-06,2014-09-18,735,736,2016-08-20,702,2016-08-20,True,0.0282874840208337,6.11626901055974,-0.0007299111198525612,-3.2377937060783696e-05,-7.0257231434287995e-06,3.313142909685879e-05,0.9,6.0,-2.9279141768738097,True
2015-04-15,2011-09-22,2014-09-18,745,746,2014-10-24,36,2016-08-20,True,0.028804466155576948,5.901287984300612,-0.0007851404709114154,2.5063177842195994e-06,4.645301799603882e-05,4.652058157177102e-05,0.9,13.0,1.5168947687229972,True
2015-04-15,2014-03-26,2014-09-25,125,126,2014-12-07,73,2016-08-20,False,0.008851409713846896,5.8243891822347065,0.002856656718357028,-0.0016931852395663427,0.011787454491418875,0.011908440688971681,0.1,8.883867806311487,1.7134634293815811,True
2015-04-15,2014-03-12,2014-09-25,135,136,2014-10-31,36,2016-08-20,True,0.009430190195389293,5.866291068885763,-0.0155463419477106,-0.0024131547415124515,-0.00789054101869814,0.008251300102059184,0.1977600367857308,6.0,-1.86759203426405,True
2015-04-15,2014-02-26,2014-09-25,145,146,2014-11-15,51,2016-08-20,True,0.009855760769106662,5.863196156354301,-0.019891991624544587,-0.00042998374633574266,-0.011656447543895691,0.011664375481169354,0.11890889593713287,7.197122875301905,-1.6076676697436767,True
2015-04-15,2014-02-11,2014-09-25,155,156,2014-11-10,46,2016-08-20,True,0.00988251031718676,5.872715641297568,-0.02780452766539993,-0.012477158143986956,0.0022629059315079267,0.012680702606910777,0.1,6.896991678089482,2.9621789438494117,True
2015-04-15,2014-01-28,2014-09-25,165,166,2014-11-04,40,2016-08-20,True,0.012768595599388114,5.894622918580737,-0.033620202045943993,0.00023457716603422947,-0.009474266599287844,0.00947717014942783,0.148958742893639,6.0,-1.5460419833234689,True
2015-04-15,2014-01-14,2014-09-25,175,176,2014-11-04,40,2016-08-20,True,0.012815328967459941,5.89360928071869,-0.03349923714826214,-0.0001043052318202768,-0.00966633811330746,0.009666900853022416,0.14659007880168623,6.0,-1.5815864711677725,True
2015-04-15,2013-12-23,2014-09-25,185,186,2014-11-08,44,2016-08-20,True,0.013013782238564402,5.896021323159603,-0.029500660384550313,0.002127625285831914,-0.0073649700057297155,0.007666131523931069,0.17972324352795205,6.0,-1.2895682248004527,True
2015-04-15,2013-12-09,2014-09-25,195,196,2015-01-07,104,2016-08-20,True,0.01612072626685576,6.263380047708465,-0.25886939064214887,0.0035222776332421643,0.008814907858654769,0.009492578168348767,0.1,6.0,1.1906504324035034,True
2015-04-15,2013-11-25,2014-09-25,205,206,2015-01-08,105,2016-08-20,True,0.01596086749495454,6.2732149054744415,-0.2645501186656566,0.003149628104231854,0.009064221129494015,0.00959584607417881,0.1,6.0,1.2363689916135936,True
2015-04-15,2013-11-11,2014-09-25,215,216,2015-01-04,101,2016-08-20,True,0.015612409058490312,6.2523226363818925,-0.25278592230216135,0.004468220464502098,0.008562168675248095,0.009657935935943822,0.1,6.0,1.0898170621007637,True
2015-04-15,2013-10-28,2014-09-25,225,226,2015-01-05,102,2016-08-20,True,0.015284634994314905,6.257560080684676,-0.2557651636007759,0.004159927409236597,0.008691976353625393,0.009636153225333276,0.1,6.0,1.1244197262030542,True
2015-04-15,2013-10-14,2014-09-25,235,236,2015-01-16,113,2016-08-20,True,0.015253995446758645,6.312084669354947,-0.28637877497453984,0.0005887157447690486,0.009321680895408274,0.009340252723773515,0.1,6.0,1.5077245591828121,True
2015-04-15,2013-09-30,2014-09-25,245,246,2015-02-26,154,2016-08-20,True,0.016034093946304274,6.500203492389892,-0.3897594691019259,-0.00818362228987551,0.003515252310071132,0.008906664503999672,0.1,6.0,2.735876772198817,True
2015-04-15,2013-09-16,2014-09-25,255,256,2015-03-11,167,2016-08-20,True,0.015783902191192346,6.558956108878654,-0.4215763176543169,-0.008932366533345462,0.0006624993887782427,0.008956901100612955,0.1,6.0,3.067559799297191,True
2015-04-15,2013-09-02,2014-09-25,265,266,2015-09-20,360,2016-08-20,True,0.0160255169273,7.281623252667514,-0.7937700182198462,0.01168699086991648,0.0003282039468725656,0.011691598411861995,0.1,6.0,0.028075465481331465,True
2015-04-15,2013-08-19,2014-09-25,275,276,2016-07-28,672,2016-08-20,True,0.01613800877733932,6.103836681943956,-0.0007593282925033428,-9.227441287513885e-05,1.2894864237704698e-05,9.317105127216515e-05,0.9,6.0,3.002747069686006,True
2015-04-15,2013-08-05,2014-09-25,285,286,2016-08-16,691,2016-08-20,True,0.015938442366214348,8.896594731070868,-1.5893803195607072,-0.023905381641953105,-0.002022919019193846,0.023990820594670052,0.1,6.0,-3.0571718703594883,True
2015-04-15,2013-07-19,2014-09-25,295,296,2016-08-14,689,2016-08-20,True,0.015699132565527615,6.12789772310772,-0.0017707185611479193,-0.00019983004168325517,2.476766635194941e-05,0.00020135908932961778,0.7829242755636644,6.0,3.018277884456944,True
2015-04-15,2013-07-05,2014-09-25,305,306,2016-08-17,692,2016-08-20,True,0.015586081632726225,6.128777869461985,-0.0008032953111456127,-9.610997092242691e-05,-7.435269501959214e-06,9.639714592910161e-05,0.9,6.0,-3.0643843330968514,True
2015-04-15,2013-06-21,2014-09-25,315,316,2016-08-18,693,2016-08-20,True,0.016325685052053306,6.283215503708549,-0.0011601284524546027,-0.00011864836800513424,-6.831550556191975e-05,0.0001369103485148674,0.9,6.0,-2.6191714423799866,True
2015-04-15,2013-06-07,2014-09-25,325,326,2016-08-17,692,2016-08-20,True,0.01634521395866688,6.227601680868929,-0.0010321950834747515,-0.0001113833180298202,-4.610847342814879e-05,0.00012054971944059584,0.9,6.0,-2.749108218400207,True
2015-04-15,2013-05-24,2014-09-25,335,336,2016-07-23,667,2016-08-20,True,0.017823563006149488,6.578782045042747,-0.06627832549394698,0.002109407058875336,0.001709379853948454,0.002715064939392414,0.36852805183757054,7.512727025462425,0.6810263833566137,True
2015-04-15,2013-05-08,2014-09-25,345,346,2016-08-19,694,2016-08-20,True,0.019389776444278375,6.078131376700151,-0.0006288250469343494,-2.5545783233740248e-05,-3.149628016158423e-05,4.055370149619204e-05,0.9,11.712098842403554,-2.2522527387190077,True
2015-04-15,2013-04-23,2014-09-25,355,356,2016-07-20,664,2016-08-20,True,0.019245931906405517,6.066932635575798,-0.0006214522639097572,-3.800740114569093e-05,-1.6211205652905737e-05,4.132028231474551e-05,0.9,11.703012479657277,-2.7384288257113383,True
2015-04-15,2013-04-09,2014-09-25,365,366,2016-08-14,689,2016-08-20,True,0.01933142555899735,6.075125035460847,-0.0006264804009915017,1.8033438807737415e-05,3.7002928521113576e-05,4.116335305063292e-05,0.9,11.2936137462169,1.1173184895926327,True
2015-04-15,2013-03-22,2014-09-25,375,376,2016-08-09,684,2016-08-20,True,0.019152988168357254,6.073635268456715,-0.0006262194113987925,1.76265352875429e-05,3.736670917006748e-05,4.1315441428640216e-05,0.9,11.305354029494444,1.1300295189128142,True
2015-04-15,2013-03-08,2014-09-25,385,386,2016-08-02,677,2016-08-20,True,0.019023448822802744,6.072156993179129,-0.0006259384434623683,-3.856047649784861e-05,-1.519368019377434e-05,4.144584738634047e-05,0.9,11.671016399094324,-2.76625023144747,True
2015-04-15,2013-02-22,2014-09-25,395,396,2016-08-10,685,2016-08-20,True,0.018892411951439574,6.0745159538050055,-0.000626883558628322,-3.4438464012480035e-05,2.2135743024756567e-05,4.093896582471205e-05,0.9,11.515675151491285,2.5703223537393454,True
2015-04-15,2013-02-08,2014-09-25,405,406,2016-08-18,693,2016-08-20,True,0.018779022393822734,6.075852460875613,-0.0006258441244255256,3.206762410181289e-05,2.4865946515227774e-05,4.057890845788412e-05,0.9,11.219593828575867,0.6595737646749744,True
2015-04-15,2013-01-25,2014-09-25,415,416,2016-07-28,672,2016-08-20,True,0.018659232687927012,6.06760517280176,-0.0006217165204080642,-4.1276079105496583e-05,4.5953529637939695e-06,4.153109648426178e-05,0.9,10.683254621619945,3.0307171343059887,True
2015-04-15,2013-01-11,2014-09-25,425,426,2016-06-03,617,2016-08-20,True,0.018469687879518124,6.048281188469998,-0.0006136318468555093,-4.388048020528094e-05,4.714883852794189e-06,4.4133056463283755e-05,0.9,9.854392904388565,3.034554995242579,True
2015-04-15,2012-12-20,2014-09-25,435,436,2015-09-17,357,2016-08-20,True,0.01840749614637427,7.501119263443474,-0.9121138177103189,0.0016779616641073025,0.013274867434280566,0.013380495534319213,0.1,6.205156584307695,1.4450617432667223,True
2015-04-15,2012-12-06,2014-09-25,445,446,2015-10-11,381,2016-08-20,True,0.018468325042359214,7.552982936166945,-0.9366743608823426,0.012747968165677526,0.005373605789289818,0.013834244884771148,0.1,6.0,0.39892484597401984,True
2015-04-15,2012-11-22,2014-09-25,455,456,2016-04-06,559,2016-08-20,True,0.01889001423567388,7.755881868798107,-1.021003337920031,-0.004593300721949134,0.016859670418997393,0.017474178039595285,0.1,6.0,1.836783849248297,True
2015-04-15,2012-11-08,2014-09-25,465,466,2016-08-12,687,2016-08-20,True,0.0196422467622933,8.084313234561513,-1.174756544323856,-0.018367938263153083,0.006087404553710873,0.019350391475097938,0.1,6.0,2.8215698715427195,True
2015-04-15,2012-10-25,2014-09-25,475,476,2016-08-09,684,2016-08-20,True,0.019617413181662935,8.273213453428273,-1.2704554726736206,-0.017703898692989384,0.004166695254300523,0.0181876160690136,0.1,6.0,2.9104446102781973,True
2015-04-15,2012-10-11,2014-09-25,485,486,2016-08-19,694,2016-08-20,True,0.01951239575477962,8.375686941896102,-1.320912661072507,-0.017871306582560198,0.0020303933083312686,0.017986275210681503,0.1,6.0,3.0284658121132453,True
2015-04-15,2012-09-27,2014-09-25,495,496,2016-08-19,694,2016-08-20,True,0.019368787536209055,8.453744399069498,-1.360220933447758,-0.017576058683279383,0.0011164517765973603,0.017611482146813993,0.1,6.0,3.078156714013355,True
2015-04-15,2012-09-13,2014-09-25,505,506,2016-08-19,694,2016-08-20,True,0.019221726948261738,8.388634146146067,-1.3274527908206915,-0.017850312917286032,0.0018807765066572446,0.01794912230480985,0.1,6.0,3.036616192986345,True
2015-04-15,2012-08-30,2014-09-25,515,516,2016-08-19,694,2016-08-20,True,0.019133077618829042,8.462056747886896,-1.3643833039357869,-0.017505395958298947,0.0010200881079097668,0.0175350924549809,0.1,6.0,3.083385697652701,True
2015-04-15,2012-08-16,2014-09-25,525,526,2016-08-19,694,2016-08-20,True,0.018989617999756184,7.305444028168062,-0.47216082207146015,-0.010310884873610385,0.0008559188417300023,0.010346349304971095,0.17343879480387953,6.0,3.0587713501008906,True
2015-04-15,2012-08-02,2014-09-25,535,536,2016-08-19,694,2016-08-20,True,0.01888825989984122,6.239026472197427,-0.01206569611373372,-0.000740563509860897,0.0001780575676425351,0.0007616684380570503,0.5369693895385357,6.0,2.9056361749013147,True
2015-04-15,2012-07-18,2014-09-25,545,546,2016-08-12,687,2016-08-20,True,0.019497037770650524,6.064329659288187,-0.000628387181032972,-4.514772144872287e-05,1.3037491634216523e-05,4.6992477484420174e-05,0.9,6.0,2.860466422140367,True
2015-04-15,2012-07-04,2014-09-25,555,556,2016-08-20,695,2016-08-20,True,0.019800725112059204,6.088219614426102,-0.0006736751918114299,-4.069937582815299e-05,1.588345159478919e-06,4.073035763588241e-05,0.9,6.0,3.102586170401814,True
2015-04-15,2012-06-20,2014-09-25,565,566,2016-08-20,695,2016-08-20,True,0.020758680429039014,6.1209234428310895,-0.0007406294521632892,-3.2704664809966765e-05,-1.2088254593127447e-05,3.486719087395119e-05,0.9,6.0,-2.787548191310064,True
2015-04-15,2012-06-06,2014-09-25,575,576,2016-08-20,695,2016-08-20,True,0.02177048652612184,6.15541759904081,-0.0008109650200191144,-2.3774626601183524e-05,-2.634951559980542e-05,3.5489855485336825e-05,0.9,6.0,-2.304869370081312,True
2015-04-15,2012-05-22,2014-09-25,585,586,2016-08-20,695,2016-08-20,True,0.022705627279519115,6.186131363347277,-0.0008733588590802811,-1.5412230307564612e-05,-3.889977959057559e-05,4.1841721944116666e-05,0.9,6.0,-1.9480256135750085,True
2015-04-15,2012-05-07,2014-09-25,595,596,2016-08-20,695,2016-08-20,True,0.022707222401115813,6.189107330857037,-0.0008794052369393001,-1.4603546893639745e-05,-4.011748839207542e-05,4.269281504847205e-05,0.9,6.0,-1.9199056534444907,True
2015-04-15,2012-04-20,2014-09-25,605,606,2016-08-20,695,2016-08-20,True,0.022959977460450164,6.170319301921914,-0.0008415881744654626,-2.0340428385026615e-05,-3.26973296054395e-05,3.85077705173014e-05,0.9,6.0,-2.1272947332308503,True
2015-04-15,2012-04-04,2014-09-25,615,616,2016-08-20,695,2016-08-20,True,0.02322228753796604,6.152174060644662,-0.0008052153136149283,-2.61495824172688e-05,-2.5658357828294356e-05,3.663539254658435e-05,0.9,6.0,-2.3656758528331006,True
2015-04-15,2012-03-21,2014-09-25,625,626,2015-04-12,199,2016-08-20,True,0.0236987125035537,5.961686625594095,-0.0007640869197981476,1.796567253845562e-05,-4.985174969109945e-05,5.2990209822410144e-05,0.9,13.0,-1.2249026273464168,True
2015-04-15,2012-03-07,2014-09-25,635,636,2016-08-20,695,2016-08-20,True,0.025821938280447338,6.087156560255053,-0.0006756583474626345,-4.8348934482534084e-05,-1.1610187208532482e-06,4.83628724339916e-05,0.9,6.0,-3.1175839417692144,True
2015-04-15,2012-02-22,2014-09-25,645,646,2015-04-01,188,2016-08-20,True,0.024704018446361446,5.952259560783408,-0.000743548813567225,-1.7866075457624098e-06,-6.0057008497319653e-05,6.0083577091994946e-05,0.9,13.0,-1.600536083000953,True
2015-04-15,2012-02-07,2014-09-25,655,656,2015-03-30,186,2016-08-20,True,0.02473889703540533,5.9499845098671615,-0.000737935888138789,-6.3080366922889925e-06,-6.276402954852136e-05,6.308022457219795e-05,0.9,13.0,-1.670963974759438,True
2015-04-15,2012-01-24,2014-09-25,665,666,2015-03-29,185,2016-08-20,True,0.024622789607636204,5.949896231914122,-0.0007377042404427559,-6.5192992878200686e-06,-6.285196948497391e-05,6.318917099744435e-05,0.9,13.0,-1.6741513872236844,True
2015-04-15,2012-01-10,2014-09-25,675,676,2015-03-30,186,2016-08-20,True,0.024574215198488302,5.951155132518906,-0.0007412978793685423,-4.849856014758582e-06,-6.0713986940028e-05,6.0907383078882815e-05,0.9,13.0,-1.6505074466217122,True
2015-04-15,2011-12-23,2014-09-25,685,686,2015-04-01,188,2016-08-20,True,0.024986172793353856,5.95398874310757,-0.0007495279989144765,-2.1762800193072488e-06,-5.549052406980166e-05,5.5533183379522496e-05,0.9,13.0,-1.6099951861821231,True
2015-04-15,2011-12-09,2014-09-25,695,696,2016-08-20,695,2016-08-20,True,0.02716415832842226,6.07392852661366,-0.0006485682057154864,-5.1569656352273266e-05,4.814685518789803e-06,5.179392486514613e-05,0.9,6.0,3.048499751067542,True
2015-04-15,2011-11-25,2014-09-25,705,706,2016-08-20,695,2016-08-20,True,0.027685857462671905,6.088863975476768,-0.0006774789866020448,-4.4960883632390216e-05,2.6430986833751464e-07,4.496166051995673e-05,0.9,6.0,3.1357140586353713,True
2015-04-15,2011-11-10,2014-09-25,715,716,2016-08-20,695,2016-08-20,True,0.02840143012797911,6.105024774665399,-0.0007086734577604951,-3.765733573651321e-05,-4.518384542975194e-06,3.7927440378315436e-05,0.9,6.0,-3.0221767053555313,True
2015-04-15,2011-10-27,2014-09-25,725,726,2016-08-20,695,2016-08-20,True,0.028316188429686896,6.106978119268628,-0.0007124375993513559,-3.676364230444508e-05,-5.086352484453516e-06,3.71138299975264e-05,0.9,6.0,-3.004112621465336,True
2015-04-15,2011-10-13,2014-09-25,735,736,2016-08-20,695,2016-08-20,True,0.028207536241127526,6.111419491284969,-0.0007209435580580445,-3.464251923456887e-05,-6.285528440672485e-06,3.52081241575858e-05,0.9,6.0,-2.9621055445769895,True
2015-04-15,2011-09-29,2014-09-25,745,746,2016-08-20,695,2016-08-20,True,0.028653521419726883,6.123560814615073,-0.0007441144515076767,-2.8708106338313165e-05,-9.412424535861703e-06,3.0211737870820806e-05,0.9,6.0,-2.8247703488007545,True
2015-04-15,2014-04-02,2014-10-02,125,126,2014-12-19,78,2016-08-20,False,0.008976957805146178,5.817343014834011,0.007230216316164373,0.010469897306388766,0.005374267876568692,0.011768666229248109,0.1,9.728882126808967,0.47423616914268485,True
2015-04-15,2014-03-19,2014-10-02,135,136,2014-11-11,40,2016-08-20,True,0.009266291890021072,5.88378690398927,-0.03362915432818322,-0.00879692875323054,0.00823279465234496,0.012048438209041617,0.10641261150862798,6.769156552532421,2.3893088203723876,True
2015-04-15,2014-03-05,2014-10-02,145,146,2014-11-08,37,2016-08-20,True,0.00971672718188369,5.872256272280952,-0.022139632437273012,0.001593959662303235,0.009949533988875693,0.010076404815252437,0.14686583332980427,6.594090119852126,1.4119417201434572,True
2015-04-15,2014-02-19,2014-10-02,155,156,2014-11-26,55,2016-08-20,True,0.009822076539302659,5.853856794538968,-0.011602910221803844,-0.00703423456007546,0.006082829639602608,0.009299530755397715,0.16189246549428052,7.885339155317386,2.428599545704253,True
2015-04-15,2014-02-04,2014-10-02,165,166,2014-11-02,31,2016-08-20,True,0.01180572137180845,5.906481259909858,-0.049521112421563575,-0.0025765800990788464,-0.011846992748303111,0.012123943343042958,0.1,6.0,-1.7849494486545034,True
2015-04-15,2014-01-21,2014-10-02,175,176,2014-11-04,33,2016-08-20,True,0.012847851803595848,5.895882051371428,-0.03493278313091417,0.0003828001387604753,-0.0097404157803825,0.009747934936229287,0.14518504513343744,6.0,-1.5315163565172498,True
2015-04-15,2014-01-07,2014-10-02,185,186,2014-11-04,33,2016-08-20,True,0.012680919079210647,5.899399603180857,-0.037408965595470474,0.0006013390983468348,-0.009853264999421572,0.009871597634629706,0.1412919765552155,6.0,-1.5098425026864624,True
2015-04-15,2013-12-16,2014-10-02,195,196,2014-11-13,42,2016-08-20,True,0.015298969234878028,5.876833359443147,-0.012080346980130535,0.0023457380801351997,-0.0029406888853299984,0.003761666952416144,0.2993238972706771,6.0,-0.897469673237641,True
2015-04-15,2013-12-02,2014-10-02,205,206,2015-04-30,210,2016-08-20,True,0.016403856330729646,6.687264729719566,-0.48716277283910436,-0.0011259063860992943,0.00957732946170009,0.009643282885418622,0.1,6.690256639489259,1.6878187402943792,True
2015-04-15,2013-11-18,2014-10-02,215,216,2015-01-23,113,2016-08-20,True,0.016128350120336622,5.964050433425938,-0.027003868178847545,6.277341300140599e-05,0.002768721440453355,0.002769432959326863,0.30749003636909295,6.0,1.5481278634805689,True
2015-04-15,2013-11-04,2014-10-02,225,226,2015-01-18,108,2016-08-20,True,0.015790788382753388,5.941029160369397,-0.01842836700641492,0.00037542562630791913,0.0021971452036064288,0.00222898888436426,0.3465054817564268,6.0,1.4015609822711543,True
2015-04-15,2013-10-21,2014-10-02,235,236,2015-01-25,115,2016-08-20,True,0.015481841841352028,6.00291483537764,-0.047326922881444904,-0.00013512180211145992,0.003854874632656961,0.0038572420633022227,0.2480497949161854,6.0,1.6058341727260266,True
2015-04-15,2013-10-07,2014-10-02,245,246,2015-03-04,153,2016-08-20,True,0.016072917122183887,6.45368239062954,-0.3627674290736836,-0.008000752620131325,0.0037604625914093304,0.00884042540774635,0.1,6.0,2.7022206219509184,True
2015-04-15,2013-09-23,2014-10-02,255,256,2015-04-16,196,2016-08-20,True,0.01599594470030456,6.62367227200687,-0.4537759436726559,-0.007681361434248107,-0.004804197647080469,0.009060001573717724,0.1,6.0,-2.582680088969176,True
2015-04-15,2013-09-09,2014-10-02,265,266,2015-05-29,239,2016-08-20,True,0.01579795684808781,6.770240916420523,-0.5302306599970928,-0.0020297652005410866,-0.009246930522129326,0.009467083545127007,0.1,6.0,-1.7868762625615393,True
2015-04-15,2013-08-26,2014-10-02,275,276,2016-08-10,678,2016-08-20,True,0.01620980098046841,6.060206374449243,-0.000650378152050668,-8.801732827765085e-05,2.248862524042142e-05,9.084485864560457e-05,0.9,6.0,2.8914421459661432,True
2015-04-15,2013-08-12,2014-10-02,285,286,2016-08-06,674,2016-08-20,True,0.01601940629731077,6.0423163397611015,-0.0006097001749481698,-8.323955426391762e-05,3.076487484966467e-05,8.874289221436956e-05,0.9,6.0,2.78756952281874,True
2015-04-15,2013-07-26,2014-10-02,295,296,2016-08-06,674,2016-08-20,True,0.01579033558029519,6.046202241958487,-0.0006188649524506855,-8.398378326613401e-05,2.9286060071278955e-05,8.894351671814832e-05,0.9,6.0,2.806066720318402,True
2015-04-15,2013-07-12,2014-10-02,305,306,2016-08-14,682,2016-08-20,True,0.015562318690847062,6.067737174139165,-0.0006658804224750761,-8.965790963639235e-05,1.767395458370574e-05,9.138331046200059e-05,0.9,6.0,2.946961545094623,True
2015-04-15,2013-06-28,2014-10-02,315,316,2016-08-09,677,2016-08-20,True,0.015769676777107267,6.160499666816274,-0.0008862250624132383,-0.00010666901130688061,-1.5818362960587303e-05,0.00010783551631971863,0.9,6.0,-2.994371686349562,True
2015-04-15,2013-06-14,2014-10-02,325,326,2016-08-18,686,2016-08-20,True,0.016298855678642577,6.235648144896478,-0.0010547271148924021,-0.0001175893594219955,-4.971375277642182e-05,0.00012766641948605916,0.9,6.0,-2.741608749219272,True
2015-04-15,2013-05-31,2014-10-02,335,336,2016-08-13,681,2016-08-20,True,0.016729061500353627,6.134773986468673,-0.0008252239957349332,-0.00010375226726041316,-6.564794990770832e-06,0.00010395974939825053,0.9,6.0,-3.0784031418585283,True
2015-04-15,2013-05-16,2014-10-02,345,346,2016-08-14,682,2016-08-20,True,0.01889422276016831,6.0661255824104785,-0.00061332076402427,1.1630476244403203e-05,-4.6011679665097366e-05,4.745885210658979e-05,0.9,10.01394650481562,-1.3232101847718245,True
2015-04-15,2013-04-30,2014-10-02,355,356,2016-08-09,677,2016-08-20,True,0.019312297645626354,6.062473696585623,-0.000601379233499004,-1.2273665926615055e-05,4.1402788584898154e-05,4.3183721213947324e-05,0.9,11.42644520976597,1.85898883180753,True
2015-04-15,2013-04-16,2014-10-02,365,366,2016-07-22,659,2016-08-20,True,0.019382404904722608,6.055845186438172,-0.0006000252391961523,-2.7501617658781502e-05,3.578473128676626e-05,4.51318730734264e-05,0.9,10.585769265305183,2.226051159348677,True
2015-04-15,2013-04-02,2014-10-02,375,376,2016-08-18,686,2016-08-20,True,0.019216506156086215,6.064223727418666,-0.0006025125008722518,-2.8036705084377386e-05,-3.4122127204306085e-05,4.4163065982053355e-05,0.9,10.800993705578769,-2.258604320704645,True
2015-04-15,2013-03-15,2014-10-02,385,386,2016-08-19,687,2016-08-20,True,0.01904384145129242,6.066062360029831,-0.0006045465512402643,3.766736262814808e-05,2.1803482772663624e-05,4.352266154979778e-05,0.9,11.208544525970721,0.5247174725357282,True
2015-04-15,2013-03-01,2014-10-02,395,396,2016-07-01,638,2016-08-20,True,0.01888201901600965,6.050825835196426,-0.0005999466101619934,-4.562975447230904e-05,-5.186668454007056e-07,4.563270218275185e-05,0.9,10.76184608055206,-3.1302262871707303,True
2015-04-15,2013-02-15,2014-10-02,405,406,2016-08-11,679,2016-08-20,True,0.018799087643462907,6.062404272088075,-0.0006020753105850575,-2.1983765398443298e-05,-3.798443172174612e-05,4.3887389923733054e-05,0.9,10.837855552775428,-2.0954496981136472,True
2015-04-15,2013-02-01,2014-10-02,415,416,2016-08-08,676,2016-08-20,True,0.0187222453770528,6.057752687382825,-0.0005957497598427442,3.99403506252074e-05,2.005373817258394e-05,4.469210246519015e-05,0.9,10.298312449323506,0.4653199610460251,True
2015-04-15,2013-01-18,2014-10-02,425,426,2016-08-02,670,2016-08-20,True,0.018514105168418078,6.055411076565972,-0.0005942371143193543,3.6592577334639126e-05,-2.6254694750558546e-05,4.5036937200886024e-05,0.9,10.148094839694872,-0.6223659800968294,True
2015-04-15,2013-01-04,2014-10-02,435,436,2016-07-22,659,2016-08-20,True,0.0183296827061173,6.050486212887282,-0.000590517441196658,-4.330773357044783e-05,-1.4869944815778502e-05,4.578946435407595e-05,0.9,9.845060964228608,-2.8108495065322114,True
2015-04-15,2012-12-13,2014-10-02,445,446,2015-10-10,373,2016-08-20,True,0.01841656794835587,7.500105713067534,-0.9090255668442535,0.013503284505125668,0.004762766106791175,0.01431861143457583,0.1,6.0,0.339088520710714,True
2015-04-15,2012-11-29,2014-10-02,455,456,2015-12-26,450,2016-08-20,True,0.018559234208781694,7.633618525259672,-0.9693886917006659,0.007757277991976008,0.013353675985186705,0.015443316488440799,0.1,6.0,1.0445322000433717,True
2015-04-15,2012-11-15,2014-10-02,465,466,2016-08-03,671,2016-08-20,True,0.019410395191947875,7.865230013211592,-1.065253767819406,-0.01830668713763084,0.009493264327306017,0.02062175699457249,0.1,6.0,2.663201131892607,True
2015-04-15,2012-11-01,2014-10-02,475,476,2016-08-15,683,2016-08-20,True,0.019545820055939245,8.1044389536534,-1.184905582803373,-0.018801306825142805,0.00542224935883745,0.019567573340671923,0.1,6.0,2.8608140749716613,True
2015-04-15,2012-10-18,2014-10-02,485,486,2016-08-14,682,2016-08-20,True,0.019537110476606747,8.269244817394666,-1.268189436223814,-0.018328268561928762,0.003554916711134004,0.01866983827732008,0.1,6.0,2.9500132756538338,True
2015-04-15,2012-10-04,2014-10-02,495,496,2016-08-19,687,2016-08-20,True,0.019411662623334932,8.357442526295221,-1.3120145538489887,-0.01830285016348926,0.0019793826143376103,0.018409570327443302,0.1,6.0,3.0338651893948616,True
2015-04-15,2012-09-20,2014-10-02,505,506,2016-08-19,687,2016-08-20,True,0.0192614400627685,8.363681636598303,-1.3151613002418832,-0.01828647577945086,0.0019049612415377726,0.018385431019266426,0.1,6.0,3.037793820565756,True
2015-04-15,2012-09-06,2014-10-02,515,516,2016-08-19,687,2016-08-20,True,0.019093908359111282,8.329597298535871,-1.2980459337714232,-0.01840462179276342,0.002351683434183849,0.01855425876474932,0.1,6.0,3.014504532957393,True
2015-04-15,2012-08-23,2014-10-02,525,526,2016-08-19,687,2016-08-20,True,0.019038684700045837,7.881640375021988,-0.8982465812077592,-0.01490745735370591,0.0009694027396868754,0.014938943283387646,0.12580381578108352,6.0,3.0766560414772988,True
2015-04-15,2012-08-09,2014-10-02,535,536,2016-08-20,688,2016-08-20,True,0.018874930584905834,8.419560849302782,-1.343265216328802,-0.018036385780055092,0.0012246059475309878,0.018077911155155668,0.1,6.0,3.073800282631348,True
2015-04-15,2012-07-25,2014-10-02,545,546,2016-08-16,684,2016-08-20,True,0.019161856198950295,6.043949469809037,-0.000585418427248063,-5.097073685136591e-05,1.9660916560842995e-05,5.463119672113747e-05,0.9,6.0,2.7734486431895937,True
2015-04-15,2012-07-11,2014-10-02,555,556,2016-08-20,688,2016-08-20,True,0.01969033064452778,6.0699793313356185,-0.0006375677949657056,-4.605467178600065e-05,7.417420530004225e-06,4.6648160956624776e-05,0.9,6.0,2.981907088191363,True
2015-04-15,2012-06-27,2014-10-02,565,566,2016-08-20,688,2016-08-20,True,0.020206268634350315,6.094142811708983,-0.0006873666528280425,-4.050025660798427e-05,-3.0624856475455807e-06,4.061587871330616e-05,0.9,6.0,-3.066119831812245,True
2015-04-15,2012-06-13,2014-10-02,575,576,2016-08-20,688,2016-08-20,True,0.021310828216332352,6.128133085115505,-0.0007571531537642446,-3.221215511576629e-05,-1.7670804219517978e-05,3.674071663654266e-05,0.9,6.0,-2.639843644308149,True
2015-04-15,2012-05-30,2014-10-02,585,586,2016-08-20,688,2016-08-20,True,0.022648780411503644,6.164417692631142,-0.0008313379149327998,-2.280004237447177e-05,-3.30893223262837e-05,4.018389209982534e-05,0.9,6.0,-2.1741322515509536,True
2015-04-15,2012-05-14,2014-10-02,595,596,2016-08-20,688,2016-08-20,True,0.022848187758980478,6.181383264931233,-0.0008658820656988464,-1.814009984022494e-05,-4.0209256408511374e-05,4.411176173243075e-05,0.9,6.0,-1.994599855103432,True
2015-04-15,2012-04-27,2014-10-02,605,606,2016-08-20,688,2016-08-20,True,0.02293254135853559,6.168456961024945,-0.0008397015969791865,-2.194563602538261e-05,-3.488244018478578e-05,4.1211595137821696e-05,0.9,6.0,-2.1323609723049923,True
2015-04-15,2012-04-13,2014-10-02,615,616,2016-08-20,688,2016-08-20,True,0.02312638174996974,6.152220396621198,-0.0008069308299204847,-2.6936056541227688e-05,-2.8280282286477065e-05,3.905541586252851e-05,0.9,6.0,-2.331854588096244,True
2015-04-15,2012-03-28,2014-10-02,625,626,2016-08-20,688,2016-08-20,True,0.02381556589936122,6.12878312988187,-0.0007598480236197193,-3.454905844532739e-05,-1.893857248293096e-05,3.939932698853976e-05,0.9,6.0,-2.6401596335781012,True
2015-04-15,2012-03-14,2014-10-02,635,636,2015-04-10,190,2016-08-20,True,0.024659603580416283,5.956832840439667,-0.0007508800462128256,1.2584916079417348e-05,-5.3295140124298406e-05,5.476086260820386e-05,0.9,13.0,-1.3389078271431676,True
2015-04-15,2012-02-29,2014-10-02,645,646,2015-04-05,185,2016-08-20,True,0.024941396637270075,5.952472829388179,-0.0007421067593667507,3.5762788529200513e-06,-5.7936905909214996e-05,5.804717768132293e-05,0.9,13.0,-1.5091474176178987,True
2015-04-15,2012-02-14,2014-10-02,655,656,2015-04-01,181,2016-08-20,True,0.025046214701905947,5.9492614839626885,-0.0007352635595237498,-3.009208049833469e-06,-6.13395395044158e-05,6.14133083272752e-05,0.9,13.0,-1.6198152379099349,True
2015-04-15,2012-01-31,2014-10-02,665,666,2016-08-20,688,2016-08-20,True,0.02656589538856122,6.041306461913832,-0.0005854533428990374,-6.544407180280539e-05,1.4612086830762959e-05,6.705549653593285e-05,0.9,6.0,2.9219197983637373,True
2015-04-15,2012-01-17,2014-10-02,675,676,2016-08-20,688,2016-08-20,True,0.026387272726586444,6.039471766237587,-0.0005818357133565421,-6.616642424303646e-05,1.527043221358291e-05,6.790568309868559e-05,0.9,6.0,2.9147757630393016,True
2015-04-15,2012-01-03,2014-10-02,685,686,2016-08-20,688,2016-08-20,True,0.026277495194950644,6.045162276479306,-0.0005930150609829048,-6.384989508601082e-05,1.3281979975048332e-05,6.52167163735815e-05,0.9,6.0,2.936498711603573,True
2015-04-15,2011-12-16,2014-10-02,695,696,2016-08-20,688,2016-08-20,True,0.026792118228810297,6.061888745768342,-0.0006257304270877894,-5.677418451600134e-05,7.637695549295252e-06,5.728562141376045e-05,0.9,6.0,3.0078678860488726,True
2015-04-15,2011-12-02,2014-10-02,705,706,2016-08-20,688,2016-08-20,True,0.027138892397974342,6.075530934728443,-0.000652331899141445,-5.085425810979143e-05,3.1533714140447445e-06,5.095193145673873e-05,0.9,6.0,3.0796639328635864,True
2015-04-15,2011-11-17,2014-10-02,715,716,2016-08-20,688,2016-08-20,True,0.028377124414053823,6.096987453307495,-0.0006939976445443146,-4.1228425235797535e-05,-3.6314625607634617e-06,4.138804861012384e-05,0.9,6.0,-3.0537378634938213,True
2015-04-15,2011-11-03,2014-10-02,725,726,2016-08-20,688,2016-08-20,True,0.02830620083693715,6.102961789366485,-0.0007055620568679953,-3.848158425453954e-05,-5.460282908907786e-06,3.886704280215483e-05,0.9,6.0,-3.0006401920735013,True
2015-04-15,2011-10-20,2014-10-02,735,736,2016-08-20,688,2016-08-20,True,0.02822714929316593,6.104585214694625,-0.0007086914595216267,-3.7711961088683497e-05,-5.9347047237812985e-06,3.817607535240953e-05,0.9,6.0,-2.9855034790390076,True
2015-04-15,2011-10-06,2014-10-02,745,746,2016-08-20,688,2016-08-20,True,0.02818339883289881,6.110583706053759,-0.0007202161896637984,-3.48007188633129e-05,-7.618705443435933e-06,3.5624916926740796e-05,0.9,6.0,-2.9260691014637255,True
2015-04-15,2014-04-09,2014-10-09,125,126,2014-12-04,56,2016-08-20,True,0.009037033876133464,5.832137881614665,-0.0024543882605029556,0.012900268815754429,-0.0007177511101854582,0.012920220670518697,0.1,8.555503014771334,-0.05558115574156195,True
2015-04-15,2014-03-26,2014-10-09,135,136,2014-12-17,69,2016-08-20,False,0.009084932071352464,5.7977448742971935,0.018829849922739735,0.011229948033740594,-0.005107160483789556,0.012336726512640854,0.1,9.57935602250845,-0.4268222075647197,True
2015-04-15,2014-03-12,2014-10-09,145,146,2014-11-15,37,2016-08-20,True,0.009942475765681648,5.875849607121924,-0.030440887071856184,-0.01335734602753588,-0.002536607663591225,0.01359606823086433,0.1,6.908066275948313,-2.9539237812561647,True
2015-04-15,2014-02-26,2014-10-09,155,156,2014-11-23,45,2016-08-20,True,0.01007154554111744,5.853344105921067,-0.015869273358078122,0.005845067672489513,0.011896675450758759,0.013255025570577677,0.1,7.649546472749041,1.1141172664705716,True
2015-04-15,2014-02-11,2014-10-09,165,166,2014-11-22,44,2016-08-20,True,0.010118699093953918,5.857651054005774,-0.018631974713664286,0.012579765781543972,0.003708917957449956,0.013115127888572012,0.1,7.496908751307704,0.28670882531105424,True
2015-04-15,2014-01-28,2014-10-09,175,176,2014-11-06,28,2016-08-20,True,0.01299715630362969,5.897192518647659,-0.044660257958724796,0.0014032556813430943,-0.01291599764607488,0.012992002220621482,0.1,6.0,-1.4625760175271365,True
2015-04-15,2014-01-14,2014-10-09,185,186,2014-11-06,28,2016-08-20,True,0.01302491516244657,5.895964987114703,-0.0438750511708803,0.0012196510548146068,-0.012980292724663252,0.013037467081970185,0.1,6.0,-1.4771096419746366,True
2015-04-15,2013-12-23,2014-10-09,195,196,2014-11-07,29,2016-08-20,True,0.013276825918292748,5.914191913242215,-0.05551981959557535,0.003250238915806284,-0.012258264332880006,0.012681841248989823,0.1,6.0,-1.311613483082267,True
2015-04-15,2013-12-09,2014-10-09,205,206,2016-07-18,648,2016-08-20,True,0.017026860966508864,6.021484457574663,-0.0010717921719339335,-0.00017951732717032438,0.00016061042271606077,0.00024087793306861677,0.8169556210785255,6.0,2.41172499734085,True
2015-04-15,2013-11-25,2014-10-09,215,216,2015-08-19,314,2016-08-20,True,0.01698396808510992,5.918943176450949,-0.0017096165985772333,-0.0002550023634890577,0.0001534066974691463,0.00029759002035249045,0.6791460662617638,6.6175415325585325,2.6000053578528575,True
2015-04-15,2013-11-11,2014-10-09,225,226,2015-06-16,250,2016-08-20,True,0.01672760512112253,5.8787913822429445,-0.0002904887310726184,4.883993054386959e-05,4.339781243418832e-05,6.533535749961881e-05,0.9,7.547658000780629,0.7264654943152816,True
2015-04-15,2013-10-28,2014-10-09,235,236,2015-06-18,252,2016-08-20,True,0.016403732720665417,5.879491659697258,-0.00028948782246700493,-6.34934315749519e-05,-3.2658609274025462e-06,6.357736783447577e-05,0.9,7.955290094042984,-3.0902017417146745,True
2015-04-15,2013-10-14,2014-10-09,245,246,2015-08-13,308,2016-08-20,True,0.016225321063562517,5.931829441550581,-0.003107248774383365,0.00034426859336450516,-0.0001922706032125169,0.00039432074411179554,0.5942128539256402,8.186286692663481,-0.5093381500100455,True
2015-04-15,2013-09-30,2014-10-09,255,256,2016-01-31,479,2016-08-20,True,0.016540210846509317,6.627343600372839,-0.4379993704072899,0.01354140072453107,0.011175756328180658,0.017557535792052388,0.1,6.0,0.68998020634287,True
2015-04-15,2013-09-16,2014-10-09,265,266,2016-06-24,624,2016-08-20,True,0.01623895631626213,6.193137552520437,-0.2123441664215843,-0.004794478046546438,0.025125860996327215,0.02557920855979663,0.1,6.0,1.7593480955457972,True
2015-04-15,2013-09-02,2014-10-09,275,276,2016-08-13,674,2016-08-20,True,0.016253593886722484,6.940834065475009,-0.5955753662031736,-0.019252759536130815,0.01695792758996051,0.025656189465749192,0.1,6.0,2.419484288068126,True
2015-04-15,2013-08-19,2014-10-09,285,286,2016-08-06,667,2016-08-20,True,0.01641010817841054,5.96453204342919,-0.00043747983147083186,-8.191962935820865e-05,6.21030485684809e-05,0.00010279890230778429,0.9,6.0,2.4929293924312503,True
2015-04-15,2013-08-05,2014-10-09,295,296,2016-08-11,672,2016-08-20,True,0.01618059799916819,6.350520869294907,-0.07075932122355688,-0.0051675412644783605,0.002877933858209775,0.00591489526638611,0.31179128250370886,6.0,2.633448156575043,True
2015-04-15,2013-07-19,2014-10-09,305,306,2016-08-06,667,2016-08-20,True,0.01596340196598185,5.974246152796003,-0.0006386764772141843,-0.00011426122239357333,8.594417372090275e-05,0.0001429756200876301,0.8514470559913646,6.0,2.4967024575918035,True
2015-04-15,2013-07-05,2014-10-09,315,316,2016-08-13,674,2016-08-20,True,0.015895386329076458,6.017208686086154,-0.0005596183043904707,-9.500455442561456e-05,3.856065165799041e-05,0.00010253189366191594,0.9,6.0,2.7560257755837947,True
2015-04-15,2013-06-21,2014-10-09,325,326,2016-08-13,674,2016-08-20,True,0.016737846562738967,6.157955900701726,-0.0008899604625953642,-0.00012161178162285979,-1.6338096309988134e-05,0.00012270435534454587,0.9,6.0,-3.0080459531905737,True
2015-04-15,2013-06-07,2014-10-09,335,336,2016-08-13,674,2016-08-20,True,0.016693409929950262,6.121915489678293,-0.0008058620551466097,-0.00011540439794891985,-1.9629462314259966e-06,0.00011542109089702854,0.9,6.0,-3.1245850092070335,True
2015-04-15,2013-05-24,2014-10-09,345,346,2016-08-17,678,2016-08-20,True,0.017968099744399255,5.978746352864237,-0.000472078730415922,-9.405227796078504e-05,5.396126549437923e-05,0.00010843269416263554,0.9,6.0,2.6207081202737545,True
2015-04-15,2013-05-08,2014-10-09,355,356,2016-08-12,673,2016-08-20,True,0.01953006112141779,6.0045591614680145,-0.0004837447567518329,1.941577698395034e-05,-5.7980201795369555e-05,6.11447151937293e-05,0.9,9.152460764200915,-1.2476642354494576,True
2015-04-15,2013-04-23,2014-10-09,365,366,2016-08-19,680,2016-08-20,True,0.01938935971005521,6.0110619515033346,-0.0004908529088505791,-5.435442071541263e-05,1.905638429283833e-05,5.75981669293773e-05,0.9,9.736989784670483,2.804387928638594,True
2015-04-15,2013-04-09,2014-10-09,375,376,2016-08-04,665,2016-08-20,True,0.019458624508038636,5.995852431427288,-0.0004703731183267979,-2.7020751864788618e-05,5.842497603009496e-05,6.437079194367308e-05,0.9,8.719601228789342,2.0039852215977754,True
2015-04-15,2013-03-22,2014-10-09,385,386,2016-08-04,665,2016-08-20,True,0.0192846333847247,5.9988691670242345,-0.00047602640539686793,-6.288804939690864e-05,5.197758685767244e-06,6.310248372531379e-05,0.9,8.874138351220033,3.0591291109030894,True
2015-04-15,2013-03-08,2014-10-09,395,396,2016-08-19,680,2016-08-20,True,0.01916118293501141,6.01104900607874,-0.0004922130939809368,-1.50601689296512e-05,5.6813226565872644e-05,5.8775431950899425e-05,0.9,9.59257170732363,1.8299187607335468,True
2015-04-15,2013-02-22,2014-10-09,405,406,2016-08-02,663,2016-08-20,True,0.01903149742345543,6.002724708147101,-0.0004839237196425221,-1.5003193579348005e-06,-6.11809889934378e-05,6.119938212425801e-05,0.9,9.116673982341169,-1.5953140527606158,True
2015-04-15,2013-02-08,2014-10-09,415,416,2016-08-03,664,2016-08-20,True,0.01891303644575445,5.993658265123814,-0.0004661553617622644,9.893852947052243e-06,6.378304457833946e-05,6.454583721527154e-05,0.9,8.635855055804331,1.41690549165186,True
2015-04-15,2013-01-25,2014-10-09,425,426,2016-08-13,674,2016-08-20,True,0.018787275243212973,5.986961875980071,-0.0004493023715522495,6.009318112816716e-05,-3.0354934620015713e-05,6.73246795305268e-05,0.9,8.346941733631915,-0.467744057451372,True
2015-04-15,2013-01-11,2014-10-09,435,436,2016-08-07,668,2016-08-20,True,0.018597829540386128,5.978963355879074,-0.0004361966150776712,-6.0467492119772676e-05,-3.570025333493389e-05,7.021983830395246e-05,0.9,8.04323618338667,-2.6082588648735245,True
2015-04-15,2012-12-20,2014-10-09,445,446,2016-06-07,607,2016-08-20,True,0.018540957430106714,7.649262169726202,-0.9574142836461057,-0.014400991848486672,-0.011154707824203913,0.0182158193025605,0.1,7.179022553394703,-2.482545576103681,True
2015-04-15,2012-12-06,2014-10-09,455,456,2016-04-27,566,2016-08-20,True,0.01857964490731904,7.344508983068108,-0.8090649230048973,-0.004896042929623867,0.02140266750660999,0.021955532623173117,0.1,6.0,1.7956853073262278,True
2015-04-15,2012-11-22,2014-10-09,465,466,2016-05-26,595,2016-08-20,True,0.018963168561518938,7.548401201815453,-0.9110952355933124,-0.01086364161458575,0.01835322148517239,0.021327434163863988,0.1,6.0,2.1052535780219848,True
2015-04-15,2012-11-08,2014-10-09,475,476,2016-08-18,679,2016-08-20,True,0.019736457487281936,7.825672021591617,-1.0448000318036061,-0.020899116318489508,0.0076923831657265684,0.02226984107851037,0.1,6.0,2.788909484420719,True
2015-04-15,2012-10-25,2014-10-09,485,486,2016-08-20,681,2016-08-20,True,0.019739748329273374,8.013788514678813,-1.1396427887369203,-0.020529612769998595,0.005301557897200937,0.021203101580275066,0.1,6.0,2.888874282858781,True
2015-04-15,2012-10-11,2014-10-09,495,496,2016-08-20,681,2016-08-20,True,0.019656825880805952,8.118629018661322,-1.192526105109244,-0.020241963318896494,0.004031335043182149,0.02063949469424917,0.1,6.0,2.9450074999639737,True
2015-04-15,2012-09-27,2014-10-09,505,506,2016-08-20,681,2016-08-20,True,0.019530433517469224,8.203410890885067,-1.2352710775745075,-0.01997628590242806,0.003000623646016498,0.02020038961803904,0.1,6.0,2.9924980314022935,True
2015-04-15,2012-09-13,2014-10-09,515,516,2016-08-20,681,2016-08-20,True,0.019373020100148672,8.159269819393648,-1.2130283967184066,-0.02013466625726526,0.0035388604290063075,0.02044329519493966,0.1,6.0,2.967610075907876,True
2015-04-15,2012-08-30,2014-10-09,525,526,2016-08-20,681,2016-08-20,True,0.019300525872757778,8.237596171639169,-1.252475076206203,-0.019816776450464174,0.0025819225205002128,0.019984267632053413,0.1,6.0,3.0120327418249917,True
2015-04-15,2012-08-16,2014-10-09,535,536,2016-08-20,681,2016-08-20,True,0.01916252776166033,8.263510113199612,-1.2655248673946666,-0.019709974416423998,0.002265227980487783,0.019839716462179424,0.1,6.0,3.027166685590526,True
2015-04-15,2012-08-02,2014-10-09,545,546,2016-08-20,681,2016-08-20,True,0.01907255285176722,8.308774361593397,-1.2882980679679308,-0.019487102256337235,0.001711850220025346,0.01956214675143668,0.1,6.0,3.053972280849319,True
2015-04-15,2012-07-18,2014-10-09,555,556,2016-08-20,681,2016-08-20,True,0.019744381801115887,6.039753224242631,-0.0005781889295903044,-5.536061610753101e-05,1.6421048872598403e-05,5.774468513968786e-05,0.9,6.0,2.8532399374956707,True
2015-04-15,2012-07-04,2014-10-09,565,566,2016-08-20,681,2016-08-20,True,0.020098176009614967,6.061822017741377,-0.0006240024340389407,-5.06793212742309e-05,6.502772294654524e-06,5.109481042466876e-05,0.9,6.0,3.0139778129746393,True
2015-04-15,2012-06-20,2014-10-09,575,576,2016-08-20,681,2016-08-20,True,0.021114887161694483,6.092617698415791,-0.0006876500686529572,-4.362876159119767e-05,-7.216794667683863e-06,4.4221611947746486e-05,0.9,6.0,-2.9776633307897824,True
2015-04-15,2012-06-06,2014-10-09,585,586,2016-08-20,681,2016-08-20,True,0.02219619592867879,6.125128460950586,-0.0007545719080224151,-3.568461276212947e-05,-2.1567487335926773e-05,4.169590025372393e-05,0.9,6.0,-2.597950144639549,True
2015-04-15,2012-05-22,2014-10-09,595,596,2016-08-20,681,2016-08-20,True,0.023197650152413006,6.15435506925424,-0.0008145077673731858,-2.8121688604258254e-05,-3.434404156796598e-05,4.43885408768642e-05,0.9,6.0,-2.256909746932443,True
2015-04-15,2012-05-07,2014-10-09,605,606,2016-08-20,681,2016-08-20,True,0.023204626745117536,6.1586264125065835,-0.000823252059300885,-2.6988245110494313e-05,-3.620298340133323e-05,4.5155524371900824e-05,0.9,6.0,-2.2113920516112886,True
2015-04-15,2012-04-20,2014-10-09,615,616,2016-08-20,681,2016-08-20,True,0.023375222386245488,6.143131847276063,-0.0007917674704755409,-3.154622684471562e-05,-2.962010324270069e-05,4.3272565722943956e-05,0.9,6.0,-2.3876740201814664,True
2015-04-15,2012-04-04,2014-10-09,625,626,2016-08-20,681,2016-08-20,True,0.0235622045860686,6.128018088730254,-0.0007611831447766982,-3.623334009688177e-05,-2.3297005947929057e-05,4.307673874278486e-05,0.9,6.0,-2.5701742431149337,True
2015-04-15,2012-03-21,2014-10-09,635,636,2016-08-20,681,2016-08-20,True,0.024731314953771566,6.098943825241914,-0.0007025986482448653,-4.572963985946329e-05,-1.1345944726606224e-05,4.7116137611389766e-05,0.9,6.0,-2.8983943496134756,True
2015-04-15,2012-03-07,2014-10-09,645,646,2016-08-20,681,2016-08-20,True,0.025908058598390602,6.071140193168752,-0.0006467663357665769,-5.5179811802205395e-05,-9.466636578383072e-08,5.517989300685184e-05,0.9,6.0,-3.13987705743577,True
2015-04-15,2012-02-22,2014-10-09,655,656,2015-03-24,166,2016-08-20,True,0.02574114360337562,5.94378248422097,-0.0007297687769560043,-7.856475832988592e-06,-5.970504229038465e-05,6.021973337213437e-05,0.9,13.0,-1.7016327651274632,True
2015-04-15,2012-02-07,2014-10-09,665,666,2015-03-16,158,2016-08-20,True,0.025724402941882933,5.9398005343914395,-0.0007244658693103677,-1.716310622843606e-05,-6.110681987098703e-05,6.347137662091343e-05,0.9,13.0,-1.8446121098951234,True
2015-04-15,2012-01-24,2014-10-09,675,676,2015-03-17,159,2016-08-20,True,0.02559980957755955,5.940184264385663,-0.0007246819339393042,-1.6258986535802485e-05,-6.113058612123642e-05,6.325585508628675e-05,0.9,13.0,-1.8307494825191863,True
2015-04-15,2012-01-10,2014-10-09,685,686,2015-03-20,162,2016-08-20,True,0.025559944252995622,5.9421731536053795,-0.0007285864514205721,-1.2474585541954092e-05,-5.927118859700634e-05,6.0569704326052514e-05,0.9,13.0,-1.7782350479900149,True
2015-04-15,2011-12-23,2014-10-09,695,696,2016-08-20,681,2016-08-20,True,0.026481805146170913,6.044120388299682,-0.0005925519456484395,-6.444839854827536e-05,1.0849681959423696e-05,6.53552727334068e-05,0.9,6.0,2.974809694064838,True
2015-04-15,2011-12-09,2014-10-09,705,706,2016-08-20,681,2016-08-20,True,0.027206622727307308,6.062313013049683,-0.000628250125646444,-5.665789045425613e-05,4.487623335599187e-06,5.683533508240013e-05,0.9,6.0,3.062552045959132,True
2015-04-15,2011-11-25,2014-10-09,715,716,2016-08-20,681,2016-08-20,True,0.02775917020684745,6.076431197649655,-0.0006558432853313178,-5.040242724402847e-05,-2.843797361337452e-07,5.040322949895083e-05,0.9,6.0,-3.135950530103472,True
2015-04-15,2011-11-10,2014-10-09,725,726,2016-08-20,681,2016-08-20,True,0.028509176685016083,6.091720843007648,-0.0006856411736215311,-4.346717801097656e-05,-5.318233330565256e-06,4.379131386469536e-05,0.9,6.0,-3.019847188888616,True
2015-04-15,2011-10-27,2014-10-09,735,736,2016-08-20,681,2016-08-20,True,0.028430798765049423,6.0940370602630125,-0.0006901453639984634,-4.239791365317645e-05,-6.064825404553451e-06,4.2829489715964665e-05,0.9,6.0,-2.999511137577994,True
2015-04-15,2011-10-13,2014-10-09,745,746,2016-08-20,681,2016-08-20,True,0.028337875700656153,6.098601665338479,-0.0006989727325823435,-4.019917175536957e-05,-7.450231954777032e-06,4.0883729844495395e-05,0.9,6.0,-2.9583389538344984,True
2015-04-15,2014-04-16,2014-10-16,125,126,2015-01-30,106,2016-08-20,False,0.012315480754748967,5.585496958099966,0.143160246817929,0.013176478171499976,0.004122209032290089,0.013806237152457919,0.1,12.818823849052546,0.30320009188301006,True
2015-04-15,2014-04-02,2014-10-16,135,136,2015-01-25,101,2016-08-20,False,0.012231441512775046,5.616592359342806,0.12480481233443703,-0.009599828249380429,-0.010539959333165733,0.014256487827034748,0.1,12.381350621965506,-2.3095480641883053,True
2015-04-15,2014-03-19,2014-10-16,145,146,2014-12-23,68,2016-08-20,False,0.0128120541680884,5.715287427396238,0.06677712309543302,0.014722100960043621,0.0018128673036077927,0.014833298504992324,0.1,9.60587979286333,0.12252237575371945,True
2015-04-15,2014-03-05,2014-10-16,155,156,2014-12-15,60,2016-08-20,False,0.013181619880888767,5.752840612517754,0.04378894377876066,-0.008283213509173082,0.012867504457141,0.015303081290808427,0.1,8.853033123306462,2.1427519955297116,True
2015-04-15,2014-02-19,2014-10-16,165,166,2014-12-16,61,2016-08-20,False,0.012911716207053397,5.750331636654263,0.04531472621353742,-0.013297669586322596,0.007518073979728866,0.015275779940536104,0.1,8.937157452750435,2.6270273686884638,True
2015-04-15,2014-02-04,2014-10-16,175,176,2014-11-27,42,2016-08-20,False,0.01506282467410024,5.79443848971075,0.0180643212315253,0.013603908978513019,-0.005621499786060701,0.014719633125195329,0.1,7.286223850217669,-0.39185653430074113,True
2015-04-15,2014-01-21,2014-10-16,185,186,2014-11-19,34,2016-08-20,False,0.01605386914892576,5.821287924584031,0.0009031035705266672,-0.0019905490771025477,0.014630940289798562,0.0147657271880529,0.1,6.513371419042691,1.7060167647306566,True
2015-04-15,2014-01-07,2014-10-16,195,196,2014-11-17,32,2016-08-20,True,0.015829443093159864,5.826149721446859,-0.002243752080359339,0.009572225396005751,0.011123950374045347,0.014675481966741708,0.1,6.3560842796048505,0.8602345538868033,True
2015-04-15,2013-12-16,2014-10-16,205,206,2016-05-21,583,2016-08-20,False,0.018471233151470378,2.3938648741497373,1.7493936532152474,0.03624462946041779,0.03914691881213961,0.05334936191940101,0.1,6.0,0.8238753800176937,True
2015-04-15,2013-12-02,2014-10-16,215,216,2016-08-12,666,2016-08-20,False,0.018638508366712197,3.491204301858445,1.157756661584382,-0.010178316945894328,0.05179258137477932,0.052783232387892065,0.1,6.0,1.7648442267554942,True
2015-04-15,2013-11-18,2014-10-16,225,226,2016-07-01,624,2016-08-20,False,0.018445814668389078,2.471472339965779,1.694685132275187,0.01828084326863677,0.05283258375623301,0.055905913255860855,0.1,6.0,1.23767641260248,True
2015-04-15,2013-11-04,2014-10-16,235,236,2016-08-12,666,2016-08-20,False,0.018109961496747727,0.8321327962253168,2.5219201291192532,0.0080352369541985,0.06962275847100063,0.07008490229729515,0.1,6.0,1.4558936157991877,True
2015-04-15,2013-10-21,2014-10-16,245,246,2016-08-12,666,2016-08-20,False,0.01774741078428036,0.8328855064650486,2.521552482343336,0.00804420899815561,0.06960152637286254,0.07006483976887615,0.1,6.0,1.4557316637729139,True
2015-04-15,2013-10-07,2014-10-16,255,256,2016-07-01,624,2016-08-20,False,0.018032608944300116,3.4075231925817744,1.2132427805627382,0.010430434820814849,0.047258082901289855,0.04839545815524894,0.1,6.0,1.353566815156086,True
2015-04-15,2013-09-23,2014-10-16,265,266,2016-07-14,637,2016-08-20,False,0.01785032652356544,3.963376950401053,0.9245070715661897,0.00036415166792597153,0.04519939614148427,0.045200863022646774,0.1,6.0,1.5627399406368327,True
2015-04-15,2013-09-09,2014-10-16,275,276,2016-07-14,637,2016-08-20,False,0.017607064617641673,4.313419062279401,0.744843866433446,-0.002273716719536467,0.04276857710021573,0.04282897354476052,0.1,6.0,1.6239095797099186,True
2015-04-15,2013-08-26,2014-10-16,285,286,2016-08-08,662,2016-08-20,False,0.01809184614174547,5.67304009757127,0.04541820577906794,-0.019563197652239902,0.031107392775428316,0.03674763376960991,0.1,6.0,2.132189655135502,True
2015-04-15,2013-08-12,2014-10-16,295,296,2016-08-08,662,2016-08-20,True,0.017874893859913768,5.895714770135332,-0.06842126758220776,-0.020835010369602038,0.029209883301236486,0.03587917138916782,0.1,6.0,2.1903837434241797,True
2015-04-15,2013-07-26,2014-10-16,305,306,2016-08-10,664,2016-08-20,True,0.017662340098430936,6.220799308008188,-0.234511323201319,-0.022988880937180364,0.026041874101005544,0.03473712500245923,0.1,6.0,2.294007875685619,True
2015-04-15,2013-07-12,2014-10-16,315,316,2016-08-09,663,2016-08-20,True,0.017485952014185846,6.654178278346384,-0.45565854763109276,-0.02487221798760661,0.022169282574604675,0.03331822800653859,0.1,6.0,2.413589911139348,True
2015-04-15,2013-06-28,2014-10-16,325,326,2016-08-20,674,2016-08-20,True,0.0178533124318449,6.140126198383721,-0.020706804796223263,-0.003025166178486461,0.001481410351093732,0.003368413133180969,0.4306003006302131,6.0,2.6862225515084517,True
2015-04-15,2013-06-14,2014-10-16,335,336,2016-08-20,674,2016-08-20,True,0.01842848848256019,5.995570347096452,-0.0005306384572204897,-0.0001244641391881993,4.3738857268541765e-05,0.00013192577299003146,0.9,6.0,2.803655725010867,True
2015-04-15,2013-05-31,2014-10-16,345,346,2016-08-20,674,2016-08-20,True,0.018553999312202505,5.9560981869456535,-0.0008043701723308688,-0.00021468969922794432,0.00012271086995641436,0.00024728450125320275,0.8108350610266729,6.0,2.622337548069658,True
2015-04-15,2013-05-16,2014-10-16,355,356,2016-08-19,673,2016-08-20,True,0.020172494988891683,5.768329247775626,-4.077616889795194e-06,-8.885436352197741e-05,0.00013767106776609218,0.00016385487730535107,0.9,6.0,2.1439384718578594,True
2015-04-15,2013-04-30,2014-10-16,365,366,2016-08-10,664,2016-08-20,False,0.020489397195449875,5.697731945901546,0.00016235235315135985,-6.713920348748298e-05,0.0001726952479838856,0.00018528713209812868,0.9,6.0,1.941586714606447,True
2015-04-15,2013-04-16,2014-10-16,375,376,2016-08-14,668,2016-08-20,False,0.020530674976125093,5.730686218893268,8.496750262585275e-05,-7.688886255407341e-05,0.00015613643722894453,0.0001740416163318628,0.9,6.0,2.028383002733582,True
2015-04-15,2013-04-02,2014-10-16,385,386,2016-08-07,661,2016-08-20,False,0.02035432951640522,5.743509021843288,5.741299643543867e-05,-7.073581990517405e-05,0.00015456709861670948,0.0001699839527497958,0.9,6.0,1.9999840567336473,True
2015-04-15,2013-03-15,2014-10-16,395,396,2016-08-10,664,2016-08-20,False,0.02016059042713511,5.72161356855815,0.00010679292580912354,-7.115471604636645e-05,0.000162737459462638,0.00017761327182390618,0.9,6.0,1.9829853675121563,True
2015-04-15,2013-03-01,2014-10-16,405,406,2016-08-10,664,2016-08-20,False,0.019976893708119742,5.714504852724218,0.00012302882000023293,-7.036028748966959e-05,0.00016587846113986008,0.0001801838891958907,0.9,6.0,1.9719618084605948,True
2015-04-15,2013-02-15,2014-10-16,415,416,2016-08-09,663,2016-08-20,False,0.01989477301012312,5.741907815866107,6.112614205933382e-05,-7.189605885580629e-05,0.00015394195235052884,0.00016990340777185738,0.9,6.0,2.0077247296202714,True
2015-04-15,2013-02-01,2014-10-16,425,426,2016-08-12,666,2016-08-20,True,0.019790083054128958,6.113200456338533,-0.18117730445292524,-0.02434120199493793,0.028079160785909232,0.037160912058227434,0.1,6.0,2.285007601503881,True
2015-04-15,2013-01-18,2014-10-16,435,436,2016-08-12,666,2016-08-20,True,0.019570920985618617,6.1400550524794095,-0.19478692355596264,-0.02435886478996095,0.027764805773861256,0.03693560252000553,0.1,6.0,2.290943793102741,True
2015-04-15,2013-01-04,2014-10-16,445,446,2016-08-15,669,2016-08-20,True,0.01937156256421637,6.187173134145667,-0.21872254878114505,-0.025102768978938803,0.026688601093543,0.03663919265950379,0.1,6.0,2.325584433224971,True
2015-04-15,2012-12-13,2014-10-16,455,456,2016-08-10,664,2016-08-20,True,0.0194576858130725,6.493474761208677,-0.3737170040905267,-0.024058677260106034,0.02374575253780843,0.03380356068660192,0.1,6.0,2.3627403323706315,True
2015-04-15,2012-11-29,2014-10-16,465,466,2016-08-10,664,2016-08-20,True,0.01961385199687946,6.7814036552473755,-0.5194200138909855,-0.02396036865830467,0.02022252661444557,0.031353625769818524,0.1,6.0,2.4405928262891528,True
2015-04-15,2012-11-15,2014-10-16,475,476,2016-08-20,674,2016-08-20,True,0.020514172953338135,7.219474102249156,-0.7405831284752881,-0.024805517514059405,0.013481035236958872,0.02823210955986879,0.1,6.0,2.6437773009424586,True
2015-04-15,2012-11-01,2014-10-16,485,486,2016-08-20,674,2016-08-20,True,0.02072031449735102,7.486182990872646,-0.8752890429876036,-0.024330896052102896,0.010217022893802635,0.026389013992772135,0.1,6.0,2.7440329118391946,True
2015-04-15,2012-10-18,2014-10-16,495,496,2016-08-20,674,2016-08-20,True,0.020763203012878713,7.672999508734235,-0.9695988574542174,-0.023926756666335203,0.007917693161478612,0.025202768688565573,0.1,6.0,2.822021287971495,True
2015-04-15,2012-10-04,2014-10-16,505,506,2016-08-20,674,2016-08-20,True,0.020671298186842907,7.785260267737079,-1.0262404854147151,-0.023634411122536753,0.006528352098907508,0.024519477364666625,0.1,6.0,2.8720904080963408,True
2015-04-15,2012-09-20,2014-10-16,515,516,2016-08-20,674,2016-08-20,True,0.02051973823274817,7.82317026147032,-1.0453626633341004,-0.02352670297033213,0.006057957185524876,0.024294126819375237,0.1,6.0,2.8895744482091126,True
2015-04-15,2012-09-06,2014-10-16,525,526,2016-08-20,674,2016-08-20,True,0.020334036840224928,7.822305152241068,-1.0449248778130786,-0.023526752506127346,0.006068484156317722,0.024296801917948967,0.1,6.0,2.889155377259261,True
2015-04-15,2012-08-23,2014-10-16,535,536,2016-08-20,674,2016-08-20,True,0.020323060401302374,7.9506187378006,-1.1095759011957218,-0.023041049366183203,0.0044649167692900615,0.023469670591032568,0.1,6.0,2.950184024299598,True
2015-04-15,2012-08-09,2014-10-16,545,546,2016-08-20,674,2016-08-20,True,0.02014530987428939,7.95591140507391,-1.112240792646018,-0.02301782676797895,0.004398619262344361,0.02343433806480898,0.1,6.0,2.9527729126700977,True
2015-04-15,2012-07-25,2014-10-16,555,556,2016-08-20,674,2016-08-20,True,0.02050034288459568,8.12899839998841,-1.199356283341055,-0.022196329035792745,0.0022293415614679235,0.022308002744819276,0.1,6.0,3.041490951305753,True
2015-04-15,2012-07-11,2014-10-16,565,566,2016-08-20,674,2016-08-20,True,0.02116267290818716,6.117463807785903,-0.003798399158906581,-0.00036441147820821725,6.386404104973399e-05,0.00036996532430634647,0.6642149113122897,6.0,2.968101951517163,True
2015-04-15,2012-06-27,2014-10-16,575,576,2016-08-20,674,2016-08-20,True,0.021749719372326646,6.042421801805706,-0.0005899740016920143,-6.032699823897476e-05,6.7050023990231165e-06,6.069846599129314e-05,0.9,6.0,3.0309026416977147,True
2015-04-15,2012-06-13,2014-10-16,585,586,2016-08-20,674,2016-08-20,True,0.022933911416837826,6.075621213180777,-0.000658790134603519,-5.276187657223788e-05,-8.489812455599114e-06,5.344055140953647e-05,0.9,6.0,-2.9820520999539806,True
2015-04-15,2012-05-30,2014-10-16,595,596,2016-08-20,674,2016-08-20,True,0.024352668608300012,6.110908413079216,-0.000731627925063932,-4.413637923459946e-05,-2.449496090211939e-05,5.047794648692377e-05,0.9,6.0,-2.6349314150618954,True
2015-04-15,2012-05-14,2014-10-16,605,606,2016-08-20,674,2016-08-20,True,0.02462055424356101,6.128847713616624,-0.0007685033427510674,-3.945461599412125e-05,-3.254822808835005e-05,5.114737407663102e-05,0.9,6.0,-2.4518202094028028,True
2015-04-15,2012-04-27,2014-10-16,615,616,2016-08-20,674,2016-08-20,True,0.024596925271301685,6.119729718676599,-0.0007498620514180867,-4.203159343717382e-05,-2.8518217246131485e-05,5.079314483043381e-05,0.9,6.0,-2.5454459884668723,True
2015-04-15,2012-04-13,2014-10-16,625,626,2016-08-20,674,2016-08-20,True,0.024655664914708025,6.107378283721976,-0.0007246933869237003,-4.568582135319564e-05,-2.3117512621271077e-05,5.120169589486987e-05,0.9,6.0,-2.6731480865257824,True
2015-04-15,2012-03-28,2014-10-16,635,636,2016-08-20,674,2016-08-20,True,0.02513514834100456,6.0883167249619605,-0.0006860344484599958,-5.1686865837795185e-05,-1.4925216701317017e-05,5.379864490594081e-05,0.9,6.0,-2.8604773214013615,True
2015-04-15,2012-03-14,2014-10-16,645,646,2016-08-20,674,2016-08-20,True,0.02644214735118541,6.058862724849558,-0.0006265108105784596,-6.138148471368084e-05,-2.448666418551718e-06,6.143030712022508e-05,0.9,6.0,-3.1017212050961276,True
2015-04-15,2012-02-29,2014-10-16,655,656,2016-08-20,674,2016-08-20,True,0.02691269722158181,6.040310850475748,-0.0005891532564051772,-6.775490161606146e-05,5.284995303286551e-06,6.796070826851298e-05,0.9,6.0,3.063748605296034,True
2015-04-15,2012-02-14,2014-10-16,665,666,2016-08-20,674,2016-08-20,True,0.027197911090514993,6.024708832981503,-0.0005578566978223144,-7.335681071145227e-05,1.16670451631828e-05,7.427881003755772e-05,0.9,6.0,2.983868543172188,True
2015-04-15,2012-01-31,2014-10-16,675,676,2016-08-20,674,2016-08-20,True,0.027233391638374124,6.015044478509623,-0.0005385405175725911,-7.696678936820891e-05,1.554446564985998e-05,7.852080665651566e-05,0.9,6.0,2.9423100339966886,True
2015-04-15,2012-01-17,2014-10-16,685,686,2016-08-20,674,2016-08-20,True,0.027046159807158764,6.014494868672562,-0.0005374463231778863,-7.718074109083172e-05,1.5759964616338814e-05,7.877336656534523e-05,0.9,6.0,2.940166175978643,True
2015-04-15,2012-01-03,2014-10-16,695,696,2016-08-20,674,2016-08-20,True,0.02696249741381015,6.020724655772489,-0.0005498038543548128,-7.466519612778471e-05,1.3374317647778955e-05,7.585356870539612e-05,0.9,6.0,2.964348495108746,True
2015-04-15,2011-12-16,2014-10-16,705,706,2016-08-20,674,2016-08-20,True,0.027538555316751107,6.037016271041486,-0.0005819790172023613,-6.780403252036147e-05,7.326009449394681e-06,6.81986601076213e-05,0.9,6.0,3.033963372681237,True
2015-04-15,2011-12-02,2014-10-16,715,716,2016-08-20,674,2016-08-20,True,0.0279399739961767,6.050503686668036,-0.0006085342355263561,-6.196059480522669e-05,2.436211040700745e-06,6.200847065403497e-05,0.9,6.0,3.102294180388652,True
2015-04-15,2011-11-17,2014-10-16,725,726,2016-08-20,674,2016-08-20,True,0.029244789784477053,6.071128137958986,-0.0006489757910112717,-5.269574743045589e-05,-4.7882806745549094e-06,5.291284748596237e-05,0.9,6.0,-3.0509749605354863,True
2015-04-15,2011-11-03,2014-10-16,735,736,2016-08-20,674,2016-08-20,True,0.029205541746550958,6.077620414528571,-0.0006616651877814708,-4.9698280990003954e-05,-6.99608531679692e-06,5.018828890409883e-05,0.9,6.0,-3.0017404436507396,True
2015-04-15,2011-10-20,2014-10-16,745,746,2016-08-20,674,2016-08-20,True,0.029131887811325717,6.080083731367098,-0.0006664609567667408,-4.852398807269397e-05,-7.801354134946169e-06,4.914711125608288e-05,0.9,6.0,-2.982183636643872,True
2015-04-15,2014-04-25,2014-10-23,125,126,2015-02-03,103,2016-08-20,False,0.012845624135740799,5.521033609255107,0.18067482888763506,0.0013825618752479688,0.014186354796089352,0.014253565860493176,0.1,13.0,1.4736459645487663,True
2015-04-15,2014-04-09,2014-10-23,135,136,2015-02-04,104,2016-08-20,False,0.012777114034795938,5.560477674447147,0.15678095564546754,0.003800485534920288,0.014464809283158579,0.014955747988625943,0.1,12.94630442681207,1.3138633811800855,True
2015-04-15,2014-03-26,2014-10-23,145,146,2015-01-31,100,2016-08-20,False,0.012599333754939464,5.580626325918308,0.1450047543822214,0.007839176294544,-0.012837429476376998,0.015041684763944949,0.1,12.551001437193738,-1.0225827244270216,True
2015-04-15,2014-03-12,2014-10-23,155,156,2014-12-28,66,2016-08-20,False,0.013931044331715317,5.698348664812278,0.07561172651695412,0.01457644534198552,0.006530979555539378,0.015972678321520304,0.1,9.599915763635078,0.4212313057019283,True
2015-04-15,2014-02-26,2014-10-23,165,166,2014-12-27,65,2016-08-20,False,0.013618686734141504,5.69837902990972,0.07564219807702964,0.015970998071719266,0.0010078554298277903,0.016002767009935935,0.1,9.541440742205172,0.06302178216663118,True
2015-04-15,2014-02-11,2014-10-23,175,176,2014-12-18,56,2016-08-20,False,0.013741797405089627,5.717213106591116,0.06435427868866792,-0.00952904403102384,0.012556299532832448,0.015762719882793052,0.1,8.82716103878623,2.219972597360749,True
2015-04-15,2014-01-28,2014-10-23,185,186,2014-11-30,38,2016-08-20,False,0.016764417634241347,5.773397376167827,0.029489002696517178,0.007715618688792546,-0.013304619464768764,0.01537997629559775,0.1,7.1131615297473,-1.0452721856595972,True
2015-04-15,2014-01-14,2014-10-23,195,196,2016-08-05,652,2016-08-20,False,0.018303126274133972,-4.499232058020129,5.26590590676496,0.052506747519117436,0.09888494132060854,0.11196066342701146,0.1,6.0,1.082666490980663,True
2015-04-15,2013-12-23,2014-10-23,205,206,2016-05-22,577,2016-08-20,False,0.01791988688927072,-1.0293441246184032,3.5255723089631954,0.06915240161773983,0.0423322721431969,0.08108067534441775,0.1,6.0,0.5493120789501698,True
2015-04-15,2013-12-09,2014-10-23,215,216,2016-07-14,630,2016-08-20,False,0.018864425130597513,2.3906416801845203,1.7287430545355775,0.009763709380329777,0.058611559939297786,0.05941923072020907,0.1,6.0,1.405728725683926,True
2015-04-15,2013-11-25,2014-10-23,225,226,2016-07-14,630,2016-08-20,False,0.018649531158147166,1.8320984349249565,2.01659963545794,0.01459014359698152,0.06124544080121108,0.06295932265451394,0.1,6.0,1.3369311453941695,True
2015-04-15,2013-11-11,2014-10-23,235,236,2016-07-01,617,2016-08-20,False,0.018327791296934497,1.3913515019924791,2.249141711765355,0.025825497051613078,0.05992248411137513,0.06525075018757164,0.1,6.0,1.1638700130344135,True
2015-04-15,2013-10-28,2014-10-23,245,246,2016-07-01,617,2016-08-20,False,0.017979472501093125,1.11069503849084,2.39394933191248,0.028395414836277832,0.06110240660858235,0.06737806525186692,0.1,6.0,1.1357701853453717,True
2015-04-15,2013-10-14,2014-10-23,255,256,2016-07-14,630,2016-08-20,False,0.017766736078329227,1.4218698536774557,2.228387548150507,0.01826320189048114,0.0627566815311309,0.06536012255261046,0.1,6.0,1.2876019260123408,True
2015-04-15,2013-09-30,2014-10-23,265,266,2016-07-14,630,2016-08-20,False,0.018118640342838707,3.056770398262129,1.3877875756018057,0.004974820829763638,0.05285754639170143,0.05309113911792738,0.1,6.0,1.4769552466704745,True
2015-04-15,2013-09-16,2014-10-23,275,276,2016-08-09,656,2016-08-20,False,0.017813438325894243,2.936331214464102,1.4427988102382403,-0.006287628779016341,0.05484269439665537,0.05520195109185588,0.1,6.0,1.6849463580067536,True
2015-04-15,2013-09-02,2014-10-23,285,286,2016-08-18,665,2016-08-20,False,0.01794327997303101,3.950675929538774,0.9219309040678124,-0.0162343819915865,0.04599859462800661,0.04877935901998331,0.1,6.0,1.910080897068089,True
2015-04-15,2013-08-19,2014-10-23,295,296,2016-08-09,656,2016-08-20,False,0.01823129881952412,5.229327284472683,0.2695353790911512,-0.0204527328627494,0.03588446707314987,0.04130386493633455,0.1,6.0,2.088835126730648,True
2015-04-15,2013-08-05,2014-10-23,305,306,2016-08-14,661,2016-08-20,False,0.01795005659329382,5.230508543030768,0.26844772718125043,-0.021898517833241676,0.0353368445555893,0.04157207796633078,0.1,6.0,2.1255809528787575,True
2015-04-15,2013-07-19,2014-10-23,315,316,2016-08-08,655,2016-08-20,False,0.017794286761599224,5.748025583266348,0.004662082673018361,-0.02290789649905986,0.0313795596522015,0.03885162140731982,0.1,6.0,2.201391088447102,True
2015-04-15,2013-07-05,2014-10-23,325,326,2016-08-20,667,2016-08-20,True,0.017830722778048185,6.372275660663386,-0.3144478931337386,-0.028805124954820932,0.02377223829465612,0.03734775143433353,0.1,6.0,2.4516271675813726,True
2015-04-15,2013-06-21,2014-10-23,335,336,2016-08-20,667,2016-08-20,True,0.018897582794675263,6.017552821419203,-0.004124098727400412,-0.0009441820371980498,0.00046048760566415634,0.0010504896735988255,0.6136472862522526,6.0,2.6878247960407373,True
2015-04-15,2013-06-07,2014-10-23,345,346,2016-08-20,667,2016-08-20,True,0.018740651422242217,6.076667387167983,-0.010915490554006122,-0.002073358093612268,0.0009819004101733247,0.002294110328612389,0.5003449213350546,6.0,2.6993037503680166,True
2015-04-15,2013-05-24,2014-10-23,355,356,2016-08-20,667,2016-08-20,True,0.019482873863060378,6.723393940009807,-0.4939731929174073,-0.030877105763519624,0.020798216143346475,0.03722850326130416,0.1,6.0,2.5488188157391094,True
2015-04-15,2013-05-08,2014-10-23,365,366,2016-08-09,656,2016-08-20,False,0.020656957184246278,5.679330327300029,0.00019912993423749562,-7.170105817722521e-05,0.00018029307013952875,0.0001940274024051007,0.9,6.0,1.9493112105287886,True
2015-04-15,2013-04-23,2014-10-23,375,376,2016-08-14,661,2016-08-20,False,0.020469962513143133,5.654565428601375,0.00025439117898452194,-7.441321426280813e-05,0.0001876964069130122,0.0002019090578081569,0.9,6.0,1.9482431010032364,True
2015-04-15,2013-04-09,2014-10-23,385,386,2016-08-16,663,2016-08-20,False,0.020543323723953285,5.697165855587526,0.02851549852499316,-0.02644838386527483,0.0319965135140623,0.04151257503625258,0.1,6.0,2.2615488724743695,True
2015-04-15,2013-03-22,2014-10-23,395,396,2016-08-06,653,2016-08-20,False,0.02035974648946456,5.736559209337732,0.008404109772775715,-0.02150311143716181,0.0302822613142292,0.03714026321638366,0.1137092462265731,6.0,2.1882616243755617,True
2015-04-15,2013-03-08,2014-10-23,405,406,2016-08-07,654,2016-08-20,False,0.020194791498733457,5.6845291979265005,0.00018751292694388076,-7.055253505641553e-05,0.00017934979167024732,0.00019272780799627193,0.9,6.0,1.9455823972554598,True
2015-04-15,2013-02-22,2014-10-23,415,416,2016-08-06,653,2016-08-20,False,0.02007100386812962,5.684052217211742,0.006111300320787301,-0.003374289522830091,0.005795149736962538,0.006705936941076757,0.3697215033894682,6.0,2.098070298523353,True
2015-04-15,2013-02-08,2014-10-23,425,426,2016-08-10,657,2016-08-20,True,0.019937514746562815,5.791326546796585,-0.018832298232334864,-0.024903568323847772,0.03179752924916965,0.04038899084666951,0.1,6.0,2.235204088695925,True
2015-04-15,2013-01-25,2014-10-23,435,436,2016-08-15,662,2016-08-20,True,0.019800070736499396,5.881634560845298,-0.06485013722262949,-0.02614331831527062,0.030025675572668963,0.03981223789400357,0.1,6.0,2.2871850235840747,True
2015-04-15,2013-01-11,2014-10-23,445,446,2016-08-17,664,2016-08-20,True,0.019605016366338567,5.946852731664252,-0.09799240254909801,-0.026748846537589216,0.02884856578874672,0.03934133372369506,0.1,6.0,2.3184459379720126,True
2015-04-15,2012-12-20,2014-10-23,455,456,2016-08-06,653,2016-08-20,True,0.01955937366836193,6.181490071418443,-0.21655077575752424,-0.024307682854841292,0.027835257448729556,0.03695490499255274,0.1,6.0,2.288645409860629,True
2015-04-15,2012-12-06,2014-10-23,465,466,2016-08-10,657,2016-08-20,True,0.019652149697514006,6.416509424225414,-0.33566645070097445,-0.025392364750843402,0.024200701931347213,0.03507771602612957,0.1,6.0,2.3802186861042784,True
2015-04-15,2012-11-22,2014-10-23,475,476,2016-08-20,667,2016-08-20,True,0.020112917738773578,6.7362093683397966,-0.4973765924865222,-0.02686133383283948,0.018730239000395818,0.03274680302397771,0.1,6.0,2.532685304508323,True
2015-04-15,2012-11-08,2014-10-23,485,486,2016-08-20,667,2016-08-20,True,0.020996237325827803,7.175478380721404,-0.7194051135470952,-0.026320924742121,0.013284916041518102,0.02948355598482962,0.1,6.0,2.674169549822068,True
2015-04-15,2012-10-25,2014-10-23,495,496,2016-08-20,667,2016-08-20,True,0.02106565857086235,7.3831867116346706,-0.8243381015830097,-0.025980781481513837,0.010690677866467296,0.028094333941824392,0.1,6.0,2.7512255802914307,True
2015-04-15,2012-10-11,2014-10-23,505,506,2016-08-20,667,2016-08-20,True,0.021021154028831025,7.513223975031162,-0.890002769202951,-0.025720151344406667,0.009056871149065976,0.02726817009243502,0.1,6.0,2.8030203608209954,True
2015-04-15,2012-09-27,2014-10-23,515,516,2016-08-20,667,2016-08-20,True,0.020929635470372455,7.622833472446989,-0.9453255680362633,-0.025456643493909914,0.007671914483179165,0.02658757171712453,0.1,6.0,2.848877802244391,True
2015-04-15,2012-09-13,2014-10-23,525,526,2016-08-20,667,2016-08-20,True,0.020746172162987273,7.614749816870535,-0.941248300909877,-0.02548074830196284,0.007774754916871851,0.026640483254727294,0.1,6.0,2.8454427786197867,True
2015-04-15,2012-08-30,2014-10-23,535,536,2016-08-20,667,2016-08-20,True,0.02070524749300778,7.713644804730452,-0.9911103849825847,-0.025152957235983764,0.006512886993249645,0.025982473991174673,0.1,6.0,2.88822592003316,True
2015-04-15,2012-08-16,2014-10-23,545,546,2016-08-20,667,2016-08-20,True,0.020576408441276724,7.764047547811471,-1.0165164277743397,-0.02497431426361152,0.00586858199243806,0.025654563483707885,0.1,6.0,2.9107951831224272,True
2015-04-15,2012-08-02,2014-10-23,555,556,2016-08-20,667,2016-08-20,True,0.020504391884052814,7.829929983783227,-1.0497017991384758,-0.024699170217307595,0.005023309113191765,0.02520481390270934,0.1,6.0,2.9409495322035872,True
2015-04-15,2012-07-18,2014-10-23,565,566,2016-08-20,667,2016-08-20,True,0.02128298165301503,8.076334358005134,-1.1737674082400886,-0.023579798633426796,0.0018578575199854064,0.023652875896125664,0.1,6.0,3.0629648696359464,True
2015-04-15,2012-07-04,2014-10-23,575,576,2016-08-20,667,2016-08-20,True,0.021789374073684992,6.609975480773107,-0.12115943533296138,-0.005982449744196915,0.0001404236004314205,0.005984097570177132,0.2859814896129264,6.0,3.11812437126826,True
2015-04-15,2012-06-20,2014-10-23,585,586,2016-08-20,667,2016-08-20,True,0.022896816442053654,6.037448009068667,-0.0005837710252214505,-6.505844696637342e-05,3.227409515768262e-06,6.513845019540221e-05,0.9,6.0,3.0920254400613865,True
2015-04-15,2012-06-06,2014-10-23,595,596,2016-08-20,667,2016-08-20,True,0.0240670964918752,6.069415628415299,-0.0006502120123055166,-5.777265856618603e-05,-1.1797975385324913e-05,5.896500912403763e-05,0.9,6.0,-2.9401486450733825,True
2015-04-15,2012-05-22,2014-10-23,605,606,2016-08-20,667,2016-08-20,True,0.02514986152868983,6.098464123047151,-0.00071035687937616,-5.0700041875322226e-05,-2.5345764335499266e-05,5.668246656515658e-05,0.9,6.0,-2.6780122121091816,True
2015-04-15,2012-05-07,2014-10-23,615,616,2016-08-20,667,2016-08-20,True,0.025164608399142897,6.105009434423721,-0.0007238685110631277,-4.902606042021228e-05,-2.837787079195325e-05,5.664678411888091e-05,0.9,6.0,-2.6168830150368056,True
2015-04-15,2012-04-20,2014-10-23,625,626,2016-08-20,667,2016-08-20,True,0.025190791372085096,6.093546292371394,-0.0007003499222897195,-5.22495418212169e-05,-2.315479809274901e-05,5.7150321917230415e-05,0.9,6.0,-2.724443153931145,True
2015-04-15,2012-04-04,2014-10-23,635,636,2016-08-20,667,2016-08-20,True,0.02523772155306131,6.082185101770147,-0.0006771366252530194,-5.5639717594295766e-05,-1.8045063223839745e-05,5.84927557969819e-05,0.9,6.0,-2.827976076534604,True
2015-04-15,2012-03-21,2014-10-23,645,646,2016-08-20,667,2016-08-20,True,0.026107289838061713,6.057982297570927,-0.0006278948002736284,-6.329085324471922e-05,-7.322033960293543e-06,6.371298365137421e-05,0.9,6.0,-3.02641600935341,True
2015-04-15,2012-03-07,2014-10-23,655,656,2016-08-20,667,2016-08-20,True,0.027024513667779505,6.034591317552903,-0.0005804662004761155,-7.101803159276226e-05,2.90328045730073e-06,7.107735116564434e-05,0.9,6.0,3.100734513121029,True
2015-04-15,2012-02-22,2014-10-23,665,666,2016-08-20,667,2016-08-20,True,0.027327786106417888,6.019277622114889,-0.0005495383238155174,-7.633114025465321e-05,9.482984658128147e-06,7.691794309913542e-05,0.9,6.0,3.0179911483337074,True
2015-04-15,2012-02-07,2014-10-23,675,676,2016-08-20,667,2016-08-20,True,0.027472218004027812,6.006975329235101,-0.0005247870293474488,-8.079616081155071e-05,1.4672414871141345e-05,8.211759470440456e-05,0.9,6.0,2.9619523740167804,True
2015-04-15,2012-01-24,2014-10-23,685,686,2016-08-20,667,2016-08-20,True,0.027359782183933555,6.0035774600644976,-0.0005179694519297369,-8.206829461618181e-05,1.608539825851195e-05,8.362980938841936e-05,0.9,6.0,2.948046042595973,True
2015-04-15,2012-01-10,2014-10-23,695,696,2016-08-20,667,2016-08-20,True,0.02721493881715899,6.006458795934948,-0.0005237173261856749,-8.092003950984646e-05,1.4926751708559615e-05,8.22852399330773e-05,0.9,6.0,2.9591801849629915,True
2015-04-15,2011-12-23,2014-10-23,705,706,2016-08-20,667,2016-08-20,True,0.02736964546050959,6.016699928185999,-0.0005440835513071562,-7.670639965229872e-05,1.0891176450378547e-05,7.747573473089142e-05,0.9,6.0,3.0005501693458982,True
2015-04-15,2011-12-09,2014-10-23,715,716,2016-08-20,667,2016-08-20,True,0.028168972587399924,6.03443429773877,-0.0005792248859453729,-6.914609200661719e-05,4.07659808454255e-06,6.926615834395947e-05,0.9,6.0,3.082704514240551,True
2015-04-15,2011-11-25,2014-10-23,725,726,2016-08-20,667,2016-08-20,True,0.02878127496864716,6.04844126992693,-0.0006068718167964968,-6.29493826582321e-05,-1.1459218384313983e-06,6.295981189546493e-05,0.9,6.0,-3.1233908025713415,True
2015-04-15,2011-11-10,2014-10-23,735,736,2016-08-20,667,2016-08-20,True,0.029592070305098514,6.0635370443523415,-0.0006365816281893,-5.609241946033846e-05,-6.639892007983525e-06,5.648404807370165e-05,0.9,6.0,-3.023766812844441,True
2015-04-15,2011-10-27,2014-10-23,745,746,2016-08-20,667,2016-08-20,True,0.02952418934741123,6.066741965807979,-0.000642871905727624,-5.4600950961489e-05,-7.778160797396373e-06,5.515218609709936e-05,0.9,6.0,-3.000090038371019,True
2015-04-15,2014-05-05,2014-10-30,125,126,2015-02-04,97,2016-08-20,False,0.012966341013791662,5.49793387377453,0.19390934546198157,-7.213410901968711e-05,0.014283353816522695,0.014283535961996857,0.1,13.0,1.5758465059546156,True
2015-04-15,2014-04-16,2014-10-30,135,136,2015-02-05,98,2016-08-20,False,0.012607070572480618,5.505180474868481,0.1894769271116356,-0.0008501805139365,0.014385462668228674,0.014410563593603067,0.1,13.0,1.6298276394367561,True
2015-04-15,2014-04-02,2014-10-30,145,146,2015-02-06,99,2016-08-20,False,0.012531283380687746,5.52921282175616,0.174871730417843,-0.0022928755525174847,0.014733349314734242,0.01491069617185302,0.1,13.0,1.7251827775648219,True
2015-04-15,2014-03-19,2014-10-30,155,156,2015-01-22,84,2016-08-20,False,0.013352852271229279,5.6128399141494585,0.12557210199944052,0.013524088264548246,-0.0075364420183687796,0.01548221307447763,0.1,11.544977522210944,-0.5084004995082579,True
2015-04-15,2014-03-05,2014-10-30,165,166,2015-01-08,70,2016-08-20,False,0.013917385312454846,5.666498065462866,0.09372781072639062,-0.0013564491089329781,-0.015908920975256542,0.015966644004989986,0.1,10.277777307391808,-1.6558540320611281,True
2015-04-15,2014-02-19,2014-10-30,175,176,2015-01-05,67,2016-08-20,False,0.013657517348189352,5.673039393402133,0.08988704159350847,-0.01583880381447674,0.0017157856638562482,0.015931466558913452,0.1,10.007667263853648,3.0336854534513047,True
2015-04-15,2014-02-04,2014-10-30,185,186,2014-12-17,48,2016-08-20,False,0.016068559140157524,5.72293085173716,0.05974375368835272,0.014611459830053566,-0.004456063880650451,0.015275839213401879,0.1,8.330940744117493,-0.29601060430529585,True
2015-04-15,2014-01-21,2014-10-30,195,196,2016-07-25,634,2016-08-20,False,0.01820094827917093,-0.24870564938552808,3.086053383131365,0.02773853783982294,0.07205633185763749,0.07721101891743996,0.1,6.0,1.2033255567708692,True
2015-04-15,2014-01-07,2014-10-30,205,206,2016-08-02,642,2016-08-20,False,0.018045566123483812,4.695673437646816,0.0027125637179159093,0.00030366800535354985,0.0004109665774625623,0.0005109870695689822,0.9,6.0,0.934429592505218,True
2015-04-15,2013-12-16,2014-10-30,215,216,2016-06-07,586,2016-08-20,False,0.018402609412164896,1.8957873771476397,2.0009167948565203,0.03419213678720201,0.046995900353321574,0.058118128566687896,0.1,6.0,0.9418149634510252,True
2015-04-15,2013-12-02,2014-10-30,225,226,2016-08-10,650,2016-08-20,False,0.018582568540047768,2.8283508645515805,1.4962894441506989,-0.0067893144215182,0.0574382590867184,0.057838122352192795,0.1,6.0,1.6884523552494477,True
2015-04-15,2013-11-18,2014-10-30,235,236,2016-07-02,611,2016-08-20,False,0.018386902613037222,2.1842929496403998,1.8414368226723672,0.01952170818241794,0.05518767605646768,0.058538676777606616,0.1,6.0,1.2307996774347478,True
2015-04-15,2013-11-04,2014-10-30,245,246,2016-07-02,611,2016-08-20,False,0.018067857314504908,1.650361602889666,2.117077018341872,0.024477959806013305,0.05726747778293684,0.06227948721596837,0.1,6.0,1.16686745126778,True
2015-04-15,2013-10-21,2014-10-30,255,256,2016-07-02,611,2016-08-20,False,0.01772046832834904,1.6556501461728206,2.114365633653855,0.02443910892458856,0.05722704755342656,0.0622270440942686,0.1,6.0,1.167186184992395,True
2015-04-15,2013-10-07,2014-10-30,265,266,2016-07-15,624,2016-08-20,False,0.01800772906009496,2.789911987524376,1.5257989357247257,0.007827443128864964,0.053790575369783655,0.054357105005215206,0.1,6.0,1.4262935888901904,True
2015-04-15,2013-09-23,2014-10-30,275,276,2016-08-12,652,2016-08-20,False,0.017845918940035305,3.048447591973701,1.3852335145939185,-0.007801620261283948,0.053521914368552775,0.05408752717934119,0.1,6.0,1.7155418850257327,True
2015-04-15,2013-09-09,2014-10-30,285,286,2016-08-17,657,2016-08-20,False,0.017620564180799454,3.354879857968013,1.2272132775944269,-0.01190951233215709,0.05087634417271247,0.05225168782317081,0.1,6.0,1.8007432947798137,True
2015-04-15,2013-08-26,2014-10-30,295,296,2016-08-12,652,2016-08-20,False,0.018157303313887842,4.89706781470643,0.43918696488353526,-0.019283723813605907,0.038410318217317344,0.04297923393541365,0.1,6.0,2.0360789216535444,True
2015-04-15,2013-08-12,2014-10-30,305,306,2016-08-06,646,2016-08-20,False,0.017962149835152357,5.203048980580319,0.2833218032769053,-0.019268085016347025,0.03644230099882577,0.04122257151471988,0.1,6.0,2.0571617628528713,True
2015-04-15,2013-07-26,2014-10-30,315,316,2016-08-08,648,2016-08-20,False,0.017777255396754482,5.535959763461464,0.11288019462749807,-0.021914920185885645,0.03331293224041906,0.039874994435215784,0.1,6.0,2.152670383047208,True
2015-04-15,2013-07-12,2014-10-30,325,326,2016-08-08,648,2016-08-20,True,0.017636548339301117,5.964492843330488,-0.10610826497013656,-0.024360398772035587,0.02945188398095737,0.03822096935401254,0.1,6.0,2.261859650008603,True
2015-04-15,2013-06-28,2014-10-30,335,336,2016-08-20,660,2016-08-20,True,0.01807317399191818,6.845008492126631,-0.5558574939987986,-0.031395249890319,0.019256113690441837,0.036830145670833245,0.1,6.0,2.5914185311738587,True
2015-04-15,2013-06-14,2014-10-30,345,346,2016-08-20,660,2016-08-20,True,0.018744953800231216,6.1421248067577245,-0.023541091455623536,-0.003852635938217162,0.0017460405795700865,0.004229829946693824,0.4148669440872003,6.0,2.716075201208822,True
2015-04-15,2013-05-31,2014-10-30,355,356,2016-08-20,660,2016-08-20,True,0.01877077727147304,7.22281524594843,-0.7486346894275496,-0.03323634170701817,0.0156868022927788,0.03675228123856267,0.1,6.0,2.7006133711589926,True
2015-04-15,2013-05-16,2014-10-30,365,366,2016-08-04,644,2016-08-20,True,0.020205855548324457,6.089519285334597,-0.17083257441094613,-0.025011261761456488,0.02987631713367126,0.03896354116827415,0.1,6.0,2.267788798531249,True
2015-04-15,2013-04-30,2014-10-30,375,376,2016-08-19,659,2016-08-20,False,0.020471343778979356,5.647667167330673,0.00026755541573594426,-8.079618786323195e-05,0.00018727783293110567,0.00020396325816333144,0.9,6.0,1.9780957153612944,True
2015-04-15,2013-04-16,2014-10-30,385,386,2016-08-06,646,2016-08-20,False,0.02053781106240997,5.743081419867835,0.005800341894112399,-0.02375971924905663,0.033081140858771806,0.040729425963446794,0.1,6.0,2.1936497380198565,True
2015-04-15,2013-04-02,2014-10-30,395,396,2016-08-16,656,2016-08-20,False,0.020358256703531336,5.707225221497998,0.02337401467202696,-0.026521246620664934,0.03187745748865646,0.04146744287094673,0.1,6.0,2.26473240803996,True
2015-04-15,2013-03-15,2014-10-30,405,406,2016-08-19,659,2016-08-20,False,0.02016907432137493,5.6763371391639,0.0002699582001676582,-0.00011848830342725672,0.0002346255809992431,0.0002628471824241265,0.8551597261432959,6.0,2.038444030147301,True
2015-04-15,2013-03-01,2014-10-30,415,416,2016-08-19,659,2016-08-20,False,0.019985077611286595,5.673963750041327,0.00020628091858218797,-8.563532861580899e-05,0.0001758574644759925,0.00019559973752298994,0.9,6.0,2.0239565998333324,True
2015-04-15,2013-02-15,2014-10-30,425,426,2016-08-16,656,2016-08-20,False,0.019903091175545236,5.654451538852492,0.050276212701764,-0.026285146514443136,0.03239902778447844,0.04172056961098623,0.1,6.0,2.25238619507099,True
2015-04-15,2013-02-01,2014-10-30,435,436,2016-08-15,655,2016-08-20,True,0.01980843208136205,5.857000910207942,-0.05242467542551594,-0.026218210995416324,0.03028503334638105,0.040057182035080574,0.1,6.0,2.2843433681651333,True
2015-04-15,2013-01-18,2014-10-30,445,446,2016-08-12,652,2016-08-20,True,0.019598734409262075,5.914920856412679,-0.0816926150167559,-0.025655497090935127,0.030029730130325095,0.03949669888336411,0.1,6.0,2.2778026207328734,True
2015-04-15,2013-01-04,2014-10-30,455,456,2016-08-08,648,2016-08-20,True,0.019414266473986693,6.014912119629284,-0.1322784207850692,-0.024916378408744916,0.02941180627890865,0.03854711742265328,0.1,6.0,2.273636790555246,True
2015-04-15,2012-12-13,2014-10-30,465,466,2016-08-10,650,2016-08-20,True,0.019532493644076117,6.258727075744512,-0.2559215597057801,-0.02560983780927996,0.02605903122313711,0.03653678832226582,0.1,6.0,2.3475010137131522,True
2015-04-15,2012-11-29,2014-10-30,475,476,2016-08-20,660,2016-08-20,True,0.019724354426485752,6.483306345621831,-0.36972290753163434,-0.02741620690957111,0.021712230803691016,0.034972408664276526,0.1,6.0,2.4717803269668694,True
2015-04-15,2012-11-15,2014-10-30,485,486,2016-08-20,660,2016-08-20,True,0.020688720304962455,6.9266903600883065,-0.5940002012760672,-0.027117368672820386,0.016154451803433417,0.03156450533125957,0.1,6.0,2.6043236257812588,True
2015-04-15,2012-11-01,2014-10-30,495,496,2016-08-20,660,2016-08-20,True,0.02094320439778216,7.182328689946509,-0.723257472102297,-0.02686202419352804,0.012926578808756362,0.029810481100993234,0.1,6.0,2.693080529118649,True
2015-04-15,2012-10-18,2014-10-30,505,506,2016-08-20,660,2016-08-20,True,0.021026442048531227,7.366833170015498,-0.8165030135033464,-0.026605632568987375,0.010578357219335338,0.02863147439193144,0.1,6.0,2.7631583252393486,True
2015-04-15,2012-10-04,2014-10-30,515,516,2016-08-20,660,2016-08-20,True,0.020963810440708077,7.484278634507149,-0.8758264905363135,-0.026390321862535676,0.009071711157541767,0.027906003499858164,0.1,6.0,2.8104952885447294,True
2015-04-15,2012-09-20,2014-10-30,525,526,2016-08-20,660,2016-08-20,True,0.020824466088975303,7.534554949977193,-0.9012129960267216,-0.026283311279693022,0.008423699712503813,0.027600202330266988,0.1,6.0,2.831439722875075,True
2015-04-15,2012-09-06,2014-10-30,535,536,2016-08-20,660,2016-08-20,True,0.02064155218002993,7.548932886860343,-0.9084670871169125,-0.026242533526914524,0.008236627112925637,0.027504773987593763,0.1,6.0,2.837464213206228,True
2015-04-15,2012-08-23,2014-10-30,545,546,2016-08-20,660,2016-08-20,True,0.02066719934773328,7.678146404592072,-0.9736437876500954,-0.02584897474992498,0.00655166730318274,0.026666342832751794,0.1,6.0,2.893360683337669,True
2015-04-15,2012-08-09,2014-10-30,555,556,2016-08-20,660,2016-08-20,True,0.020493698616477454,7.696618219540781,-0.9829560855806588,-0.02578360198892614,0.006309685809140098,0.026544420629077966,0.1,6.0,2.901592370129732,True
2015-04-15,2012-07-25,2014-10-30,565,566,2016-08-20,660,2016-08-20,True,0.020893931134526724,7.864979361033221,-1.067788133780013,-0.02510584168376806,0.004096577590197603,0.025437870087783195,0.1,6.0,2.979845828271706,True
2015-04-15,2012-07-11,2014-10-30,575,576,2016-08-20,660,2016-08-20,True,0.021630057431571485,8.09799765925511,-1.1851549654095312,-0.024085864782171895,0.0010280808255641039,0.0241077960935661,0.1,6.0,3.0989345570212405,True
2015-04-15,2012-06-27,2014-10-30,585,586,2016-08-20,660,2016-08-20,True,0.022366797713024182,6.153936888291333,-0.007036746831371889,-0.0006926917568647792,5.4259717261985994e-05,0.0006948136346861402,0.589834870317642,6.0,3.0634205850788385,True
2015-04-15,2012-06-13,2014-10-30,595,596,2016-08-20,660,2016-08-20,True,0.02363696860642917,6.039976624549395,-0.0005916225911015929,-6.680324512887884e-05,-1.635298288190718e-06,6.682325762966389e-05,0.9,6.0,-3.1171182173776932,True
2015-04-15,2012-05-30,2014-10-30,605,606,2016-08-20,660,2016-08-20,True,0.025144792427917423,6.073508199631535,-0.0006615132154937115,-5.917410583930822e-05,-1.7826914059693768e-05,6.180108143692437e-05,0.9,6.0,-2.84897839241623,True
2015-04-15,2012-05-14,2014-10-30,615,616,2016-08-20,660,2016-08-20,True,0.025479608410643374,6.0914896042444715,-0.0006988356116902011,-5.476324383769288e-05,-2.64393462862264e-05,6.081160997432645e-05,0.9,6.0,-2.691804633737927,True
2015-04-15,2012-04-27,2014-10-30,625,626,2016-08-20,660,2016-08-20,True,0.025401932516083154,6.085011675558372,-0.0006854650363274746,-5.650748498687346e-05,-2.337690855246677e-05,6.115207039023391e-05,0.9,6.0,-2.7493356005058187,True
2015-04-15,2012-04-13,2014-10-30,635,636,2016-08-20,660,2016-08-20,True,0.025387464951620035,6.075444745377627,-0.0006657794531069832,-5.921040362377379e-05,-1.8891804396806156e-05,6.21512040966013e-05,0.9,6.0,-2.8327405876748633,True
2015-04-15,2012-03-28,2014-10-30,645,646,2016-08-20,660,2016-08-20,True,0.025745604774963553,6.059666935631713,-0.0006334677390071615,-6.3992196607452e-05,-1.1602270596301973e-05,6.503548192822595e-05,0.9,6.0,-2.9622334563429575,True
2015-04-15,2012-03-14,2014-10-30,655,656,2016-08-20,660,2016-08-20,True,0.02686794738451333,6.034244742932238,-0.0005815878821175628,-7.20852737531593e-05,-2.13867677094446e-11,7.208527375316247e-05,0.9,6.0,-3.1415923569027364,True
2015-04-15,2012-02-29,2014-10-30,665,666,2016-08-20,660,2016-08-20,True,0.02724469855263642,6.018472190227928,-0.0005495146987195791,-7.735087757408691e-05,7.099906904118285e-06,7.767603838719202e-05,0.9,6.0,3.050060815989159,True
2015-04-15,2012-02-14,2014-10-30,675,676,2016-08-20,660,2016-08-20,True,0.027459228639454752,6.005223498735514,-0.0005226769534969629,-8.199573394421885e-05,1.2966522605320643e-05,8.301464384989804e-05,0.9,6.0,2.9847548527013124,True
2015-04-15,2012-01-31,2014-10-30,685,686,2016-08-20,660,2016-08-20,True,0.027455778703841492,5.997249784072291,-0.0005065821629010694,-8.491532177092793e-05,1.6438468686775948e-05,8.649182114065086e-05,0.9,6.0,2.95037135823618,True
2015-04-15,2012-01-17,2014-10-30,695,696,2016-08-20,660,2016-08-20,True,0.02726900020122477,5.997484093024151,-0.0005070532661353056,-8.48255308450048e-05,1.6338543316201916e-05,8.638471323580502e-05,0.9,6.0,2.951309470253469,True
2015-04-15,2012-01-03,2014-10-30,705,706,2016-08-20,660,2016-08-20,True,0.027209831628840116,6.003852787326158,-0.0005198116002461962,-8.228382884691639e-05,1.3677601728371867e-05,8.341286039184e-05,0.9,6.0,2.976874064503463,True
2015-04-15,2011-12-16,2014-10-30,715,716,2016-08-20,660,2016-08-20,True,0.027839017657292145,6.019410167893322,-0.0005508425081692393,-7.578161984538881e-05,7.3539889044810035e-06,7.613760607740604e-05,0.9,6.0,3.0448537080107445,True
2015-04-15,2011-12-02,2014-10-30,725,726,2016-08-20,660,2016-08-20,True,0.02828911535865163,6.032438315452564,-0.0005767486795563526,-7.016297341156934e-05,2.170468579749344e-06,7.019653675081318e-05,0.9,6.0,3.110667843460635,True
2015-04-15,2011-11-17,2014-10-30,735,736,2016-08-20,660,2016-08-20,True,0.029657479019282524,6.05200487006112,-0.0006154996389756641,-6.138487154229395e-05,-5.3795545293246845e-06,6.162014330718411e-05,0.9,6.0,-3.0541794917612575,True
2015-04-15,2011-11-03,2014-10-30,745,746,2016-08-20,660,2016-08-20,True,0.029649548230994464,6.058684253906154,-0.0006286852313800487,-5.8296017188260146e-05,-7.888539731194094e-06,5.8827329355534664e-05,0.9,6.0,-3.0070909689899965,True
2015-04-15,2014-05-12,2014-11-06,125,126,2015-02-05,91,2016-08-20,False,0.013070098458856988,5.487913987368713,0.19983828772064624,-0.0001613528161646012,0.014071250013014668,0.014072175086320152,0.1,13.0,1.5822626673517408,True
2015-04-15,2014-04-25,2014-11-06,135,136,2015-02-05,91,2016-08-20,False,0.01264150084556215,5.489127598909832,0.19909614962310568,-0.00023191595324807343,0.01409789090150055,0.014099798327635148,0.1,13.0,1.5872452437451854,True
2015-04-15,2014-04-09,2014-11-06,145,146,2015-02-07,93,2016-08-20,False,0.012622990752523927,5.526828007836164,0.17606120304703168,-0.0031043222957579213,0.014522769647525397,0.014850846950629607,0.1,13.0,1.7813826952919616,True
2015-04-15,2014-03-26,2014-11-06,155,156,2015-02-08,94,2016-08-20,False,0.012472547128342198,5.541789064550002,0.16692810158463156,-0.004791738926844947,0.014165886592515484,0.01495436741875266,0.1,13.0,1.8969734297737628,True
2015-04-15,2014-03-12,2014-11-06,165,166,2015-01-14,69,2016-08-20,False,0.01406556711636547,5.647992074354412,0.10434220724434784,0.013467276286597215,0.008042816765222073,0.015686122277302345,0.1,10.635595177157766,0.5383668559213358,True
2015-04-15,2014-02-26,2014-11-06,175,176,2015-01-13,68,2016-08-20,False,0.013780569423717071,5.654727100197436,0.1002552423462194,0.01571781592314587,0.000785162915738079,0.015737414597008878,0.1,10.547785174362058,0.049912201840038514,True
2015-04-15,2014-02-11,2014-11-06,185,186,2015-01-02,57,2016-08-20,False,0.014003952844670474,5.676668706495863,0.0873151150424094,0.00798376489521459,0.013197171554166292,0.015424196540894983,0.1,9.645361286451164,1.0267375255278566,True
2015-04-15,2014-01-28,2014-11-06,195,196,2014-12-05,29,2016-08-20,False,0.017147103740736587,5.730404103798833,0.05465509169193658,0.013131840884177086,0.007270699978630414,0.015010273921104876,0.1,7.3636692501074155,0.5056561311506801,True
2015-04-15,2014-01-14,2014-11-06,205,206,2014-12-02,26,2016-08-20,False,0.017069917117381674,5.738712915009863,0.04946892038979636,0.0071664855675576886,-0.013224276553805902,0.015041276733095271,0.1,7.081481968519167,-1.0741785690891488,True
2015-04-15,2013-12-23,2014-11-06,215,216,2014-11-26,20,2016-08-20,False,0.017458493628571027,5.75995347955896,0.03607094082233738,-0.011163164215890486,0.009551931174860046,0.014692025880735477,0.1,6.570554740669663,2.4338188278123387,True
2015-04-15,2013-12-09,2014-11-06,225,226,2016-08-05,638,2016-08-20,False,0.019024480460473413,4.797531257574164,0.49073333243606704,-0.01481937106378664,0.041560176391134906,0.04412325940349879,0.1,6.0,1.9133176490275499,True
2015-04-15,2013-11-25,2014-11-06,235,236,2016-06-07,579,2016-08-20,False,0.01886373580542197,4.530529745318624,0.6388883970930902,0.00968874019885349,0.03874741687462996,0.0399403805827791,0.1,6.0,1.325771853650288,True
2015-04-15,2013-11-11,2014-11-06,245,246,2015-11-14,373,2016-08-20,False,0.018594821977747124,5.71035233973769,0.004688341134229114,0.0018868752631647288,-0.001354626271268603,0.0023227807889583648,0.4656633898508643,6.014338710090143,-0.6226521119938189,True
2015-04-15,2013-10-28,2014-11-06,255,256,2016-08-03,636,2016-08-20,False,0.018266609238355033,5.65609914867467,0.0012059743696446776,-0.0003866464118062318,7.962147776536936e-05,0.0003947594552182067,0.7134954822410591,9.019919944693608,2.9385032601067826,True
2015-04-15,2013-10-14,2014-11-06,265,266,2015-11-03,362,2016-08-20,False,0.018029903590819515,5.6441675774849625,0.08174346478258783,0.018367505692963138,-0.010779731054264668,0.02129713283480458,0.1,6.0281343594024035,-0.5307250577238324,True
2015-04-15,2013-09-30,2014-11-06,275,276,2016-08-19,652,2016-08-20,False,0.018248254377353668,3.8725230697549646,0.9651922814147582,-0.012137888235636607,0.04492255384961541,0.04653347370648791,0.1,6.0,1.8346907076395773,True
2015-04-15,2013-09-16,2014-11-06,285,286,2016-08-19,652,2016-08-20,False,0.017940505276981288,3.987432151286853,0.9063394413014924,-0.01288948139826257,0.044026677662745484,0.04587468884619763,0.1,6.0,1.8556025933793114,True
2015-04-15,2013-09-02,2014-11-06,295,296,2016-08-11,644,2016-08-20,False,0.01799001498944215,4.918130960889979,0.43112628236764067,-0.016022768382294078,0.03705336110459224,0.040369303632586374,0.1,6.0,1.9789384574908995,True
2015-04-15,2013-08-19,2014-11-06,305,306,2016-08-08,641,2016-08-20,True,0.01819860323829098,5.849302502669725,-0.045494121518182246,-0.021552337779258756,0.029744181056789484,0.03673172430597751,0.1,6.0,2.197835760261972,True
2015-04-15,2013-08-05,2014-11-06,315,316,2016-08-08,641,2016-08-20,True,0.017929107300142817,5.821682639301038,-0.03134893650612895,-0.02136651983528874,0.02996658455432167,0.03680386338039931,0.1,6.0,2.1902015772561048,True
2015-04-15,2013-07-19,2014-11-06,325,326,2016-08-08,641,2016-08-20,True,0.017750931130714798,6.172301663297273,-0.21068482006989864,-0.023544653302265794,0.026910696523452966,0.03575662577063556,0.1,6.0,2.2895798930249094,True
2015-04-15,2013-07-05,2014-11-06,335,336,2016-08-18,651,2016-08-20,True,0.0177592788746533,6.683747474159163,-0.47222136841255574,-0.028523820915820952,0.02077025496057892,0.03528472545968408,0.1,6.0,2.51220827996422,True
2015-04-15,2013-06-21,2014-11-06,345,346,2016-08-20,653,2016-08-20,True,0.018761747965365456,6.00296974607694,-0.0029190540195282557,-0.0007024414078965282,0.00034283526857644124,0.000781639272879464,0.6559518953213681,6.0,2.6875406173329006,True
2015-04-15,2013-06-07,2014-11-06,355,356,2016-08-20,653,2016-08-20,True,0.018613212529930177,6.046894324778892,-0.006748487474550802,-0.0013955138196857647,0.0006651771524547558,0.0015459364363005906,0.5566933960373409,6.0,2.6967957205231117,True
2015-04-15,2013-05-24,2014-11-06,365,366,2016-08-20,653,2016-08-20,True,0.019372244651984158,6.932548750427417,-0.5996999310207869,-0.03060843372097266,0.01853544137833989,0.03578321955807011,0.1,6.0,2.5970902050855513,True
2015-04-15,2013-05-08,2014-11-06,375,376,2016-08-10,643,2016-08-20,False,0.02056369626279763,5.709144865047899,0.0001335280590813556,-7.220275103933245e-05,0.00016718278645363042,0.00018210799363028527,0.9,6.0,1.9784791737406762,True
2015-04-15,2013-04-23,2014-11-06,385,386,2016-08-10,643,2016-08-20,False,0.02039741551932008,5.689902481799766,0.00017886240725637723,-6.820079030605434e-05,0.00017527666686595984,0.00018807779705752367,0.9,6.0,1.9418741479656294,True
2015-04-15,2013-04-09,2014-11-06,395,396,2016-08-19,652,2016-08-20,False,0.020456287978955493,5.7171334526420265,0.00011182527295641862,-8.439864299823152e-05,0.0001579460999127162,0.00017908127042653196,0.9,6.0,2.0615455530935787,True
2015-04-15,2013-03-22,2014-11-06,405,406,2016-08-16,649,2016-08-20,False,0.0202723232619238,5.717910104737183,0.00011102169311238715,-8.102284763846385e-05,0.00015959374014930006,0.00017898285877225237,0.9,6.0,2.04057052543686,True
2015-04-15,2013-03-08,2014-11-06,415,416,2016-08-10,643,2016-08-20,False,0.020121229275434867,5.703323961141716,0.00014681199482489865,-7.155953029359736e-05,0.0001699526970633746,0.00018440359436560733,0.9,6.0,1.969321271179648,True
2015-04-15,2013-02-22,2014-11-06,425,426,2016-08-13,646,2016-08-20,False,0.019994431390996513,5.716088099774087,0.00011643999646591734,-7.691779986256946e-05,0.0001621844991584508,0.00017949974847607955,0.9,6.0,2.0136416189849164,True
2015-04-15,2013-02-08,2014-11-06,435,436,2016-08-11,644,2016-08-20,True,0.019878806270270274,5.777111790700832,-0.00205673999169157,-0.004993428927518722,0.006967005832733748,0.008571668608125659,0.3224657363533848,6.0,2.192659311292254,True
2015-04-15,2013-01-25,2014-11-06,445,446,2016-08-15,648,2016-08-20,True,0.0197380819006448,6.0394704854671515,-0.1442233378492424,-0.025362488037998253,0.028324715571642844,0.03802032761158261,0.1,6.0,2.3010747076414293,True
2015-04-15,2013-01-11,2014-11-06,455,456,2016-08-09,642,2016-08-20,True,0.019544225401725054,6.14153786699259,-0.19584028690926403,-0.024111331938263134,0.028061883042275734,0.03699764327245007,0.1,6.0,2.2806187986191975,True
2015-04-15,2012-12-20,2014-11-06,465,466,2016-08-14,647,2016-08-20,True,0.019482719430316372,6.238021476137712,-0.24489829967360868,-0.025453998837047742,0.025999596339623017,0.03638523143556691,0.1,6.0,2.345591206720276,True
2015-04-15,2012-12-06,2014-11-06,475,476,2016-08-11,644,2016-08-20,True,0.019561447746619776,6.485742173785838,-0.37043313965712305,-0.024992750418048257,0.023435207010087167,0.034261443359328715,0.1,6.0,2.3883454786576794,True
2015-04-15,2012-11-22,2014-11-06,485,486,2016-08-20,653,2016-08-20,True,0.0200035510509727,6.764476111121448,-0.511560398397402,-0.026664063527915338,0.01843315437595383,0.03241532761007439,0.1,6.0,2.536722221721731,True
2015-04-15,2012-11-08,2014-11-06,495,496,2016-08-20,653,2016-08-20,True,0.020873948357676128,7.154145992491951,-0.708739399515531,-0.026501597190292242,0.013462377218708715,0.0297249096552927,0.1,6.0,2.6715785676327632,True
2015-04-15,2012-10-25,2014-11-06,505,506,2016-08-20,653,2016-08-20,True,0.020949742839860716,7.340627506980164,-0.8030542122553205,-0.026346980908940304,0.011059947466556364,0.02857421636684113,0.1,6.0,2.744151306539911,True
2015-04-15,2012-10-11,2014-11-06,515,516,2016-08-20,653,2016-08-20,True,0.020913481815749712,7.459149586102164,-0.8629711110737563,-0.02620457079808894,0.00952072898341419,0.02788052745354145,0.1,6.0,2.793098251877716,True
2015-04-15,2012-09-27,2014-11-06,525,526,2016-08-20,653,2016-08-20,True,0.020831441586303234,7.560091560306846,-0.9139762831654533,-0.0260422241385464,0.008199432915221266,0.027302529886688204,0.1,6.0,2.836566944511003,True
2015-04-15,2012-09-13,2014-11-06,535,536,2016-08-20,653,2016-08-20,True,0.020652002542441348,7.5560617345822,-0.9119417079541612,-0.02605157472138525,0.00825282063014443,0.027327524472905637,0.1,6.0,2.834806259001502,True
2015-04-15,2012-08-30,2014-11-06,545,546,2016-08-20,653,2016-08-20,True,0.02062066822207241,7.647600603706905,-0.9581468814771116,-0.025819509820273284,0.007036834475565329,0.02676124299795683,0.1,6.0,2.875515451500141,True
2015-04-15,2012-08-16,2014-11-06,555,556,2016-08-20,653,2016-08-20,True,0.020499549541578805,7.696149590681198,-0.982645803549171,-0.0256844669505569,0.006389846083227846,0.026467375682178843,0.1,6.0,2.897760193919548,True
2015-04-15,2012-08-02,2014-11-06,565,566,2016-08-20,653,2016-08-20,True,0.020436530624081968,7.7585524591891195,-1.0141140548241654,-0.025471204714874962,0.005552490648471242,0.02606937709321857,0.1,6.0,2.9269595104276416,True
2015-04-15,2012-07-18,2014-11-06,575,576,2016-08-20,653,2016-08-20,True,0.021235516424974298,7.9835302865954745,-1.1275188682163246,-0.024616060665433315,0.0025236922338822687,0.024745089718480533,0.1,6.0,3.039427420549563,True
2015-04-15,2012-07-04,2014-11-06,585,586,2016-08-20,653,2016-08-20,True,0.021771534093716478,8.181692083541579,-1.2273625484264625,-0.023778971695268727,-0.00015165380503046055,0.023779455287305712,0.1,6.0,-3.1352150965244685,True
2015-04-15,2012-06-20,2014-11-06,595,596,2016-08-20,653,2016-08-20,True,0.022965771894055693,6.020394488896753,-0.0005514480773274723,-7.172066670763677e-05,6.790139347353353e-06,7.204137717551209e-05,0.9,6.0,3.0471992147083142,True
2015-04-15,2012-06-06,2014-11-06,605,606,2016-08-20,653,2016-08-20,True,0.024191263524749367,6.05004930698291,-0.0006136906487637563,-6.551004030532089e-05,-8.015136472215416e-06,6.599854387388411e-05,0.9,6.0,-3.019847990233873,True
2015-04-15,2012-05-22,2014-11-06,615,616,2016-08-20,653,2016-08-20,True,0.025331603634560506,6.077205262598745,-0.0006704715807479125,-5.937088253707433e-05,-2.1494457997456144e-05,6.314200992869552e-05,0.9,6.0,-2.7942349249195284,True
2015-04-15,2012-05-07,2014-11-06,625,626,2016-08-20,653,2016-08-20,True,0.025364845138412168,6.084126932510875,-0.0006848973912785508,-5.770750586114652e-05,-2.491063786068501e-05,6.285456317038926e-05,0.9,6.0,-2.7340854813761397,True
2015-04-15,2012-04-20,2014-11-06,635,636,2016-08-20,653,2016-08-20,True,0.025352757591698222,6.074721483233393,-0.0006654095803644091,-6.0212410974484464e-05,-2.0327067188828933e-05,6.355095668720796e-05,0.9,6.0,-2.81601660958473,True
2015-04-15,2012-04-04,2014-11-06,645,646,2016-08-20,653,2016-08-20,True,0.0253628619704433,6.06528887656865,-0.0006459460173432857,-6.289875981623241e-05,-1.5779276634967455e-05,6.484781844860259e-05,0.9,6.0,-2.8957973575175964,True
2015-04-15,2012-03-21,2014-11-06,655,656,2016-08-20,653,2016-08-20,True,0.02614809074543323,6.044111347297747,-0.0006024320099677641,-6.933288784591499e-05,-5.69638595807417e-06,6.956650163719296e-05,0.9,6.0,-3.0596168345568104,True
2015-04-15,2012-03-07,2014-11-06,665,666,2016-08-20,653,2016-08-20,True,0.02699659531901813,6.023474186342342,-0.00056017135827333,-7.591803160800555e-05,4.018121391408455e-06,7.602429100458763e-05,0.9,6.0,3.0887148900142924,True
2015-04-15,2012-02-22,2014-11-06,675,676,2016-08-20,653,2016-08-20,True,0.027266059254638056,6.010024719414429,-0.0005327382935819266,-8.045080626513047e-05,1.0255674543647341e-05,8.110185626146156e-05,0.9,6.0,3.014798938611464,True
2015-04-15,2012-02-07,2014-11-06,685,686,2016-08-20,653,2016-08-20,True,0.027388166192059162,5.999218589166729,-0.0005107802927636666,-8.427902189332698e-05,1.5187979987600931e-05,8.563660588439767e-05,0.9,6.0,2.9632956530291383,True
2015-04-15,2012-01-24,2014-11-06,695,696,2016-08-20,653,2016-08-20,True,0.02727290197049274,5.996439655912832,-0.0005051482120593662,-8.529646219834274e-05,1.644134165556437e-05,8.68665883927089e-05,0.9,6.0,2.951172796630556,True
2015-04-15,2012-01-10,2014-11-06,705,706,2016-08-20,653,2016-08-20,True,0.027136142553269686,5.999351742451044,-0.0005110162936937831,-8.415396448542393e-05,1.51661939676234e-05,8.550966716154127e-05,0.9,6.0,2.9632870135306373,True
2015-04-15,2011-12-23,2014-11-06,715,716,2016-08-20,653,2016-08-20,True,0.027309963267810634,6.008979733063357,-0.000530355773497175,-8.023715978407707e-05,1.102757634274473e-05,8.099141466976964e-05,0.9,6.0,3.0050110558090055,True
2015-04-15,2011-12-09,2014-11-06,725,726,2016-08-20,653,2016-08-20,True,0.02814048549275434,6.025486206996853,-0.0005633935308350125,-7.32542177579391e-05,4.090061981893057e-06,7.336831077749634e-05,0.9,6.0,3.085816755629799,True
2015-04-15,2011-11-25,2014-11-06,735,736,2016-08-20,653,2016-08-20,True,0.028782385938690983,6.038635471802616,-0.0005896101719918156,-6.74614239194069e-05,-1.2899074483270734e-06,6.74737547381141e-05,0.9,6.0,-3.1224743158616377,True
2015-04-15,2011-11-10,2014-11-06,745,746,2016-08-20,653,2016-08-20,True,0.02962705816103193,6.052830752121839,-0.000617830455649939,-6.102272788521568e-05,-6.972073848137837e-06,6.141972917798456e-05,0.9,6.0,-3.0278322253934893,True
2015-04-15,2014-05-19,2014-11-13,125,126,2015-02-04,83,2016-08-20,False,0.013054043317348824,5.485317911320361,0.20136226602181817,0.0003685583988956784,0.014053096827983858,0.01405792892819161,0.1,13.0,1.5445762032972543,True
2015-04-15,2014-05-05,2014-11-13,135,136,2015-02-04,83,2016-08-20,False,0.012628434362690085,5.484029968339853,0.2021373055122935,0.00013275529082671517,0.014028642913439065,0.014029271041648122,0.1,13.0,1.5613334493767757,True
2015-04-15,2014-04-16,2014-11-13,145,146,2015-02-05,84,2016-08-20,False,0.012316806465952066,5.491295308629434,0.1976396301191553,-0.0005761667844016542,0.014180130770083942,0.014191831341307899,0.1,13.0,1.6114059679737862,True
2015-04-15,2014-04-02,2014-11-13,155,156,2015-02-06,85,2016-08-20,False,0.012296038145196468,5.511970472941662,0.1848907836089639,-0.0022127529814140526,0.014497567913767686,0.014665461164622922,0.1,13.0,1.7222566752672839,True
2015-04-15,2014-03-19,2014-11-13,165,166,2015-01-24,72,2016-08-20,False,0.013176285568540575,5.58795422987313,0.13992461736080522,0.014303146389733807,0.004974325098700637,0.015143444351722574,0.1,11.680175699006218,0.3346942796879632,True
2015-04-15,2014-03-05,2014-11-13,175,176,2015-01-06,54,2016-08-20,False,0.013788561892672909,5.644548764843398,0.10666328728747188,-0.014758350522067028,-0.005167441563263944,0.015636859097719846,0.1,10.085943333689332,-2.8047959723085865,True
2015-04-15,2014-02-19,2014-11-13,185,186,2015-01-06,54,2016-08-20,False,0.013553167529023845,5.651086552385135,0.10261293813704982,-0.015507337298690159,-0.001528555202927235,0.015582489887811348,0.1,10.036672613645816,-3.0433402360307396,True
2015-04-15,2014-02-04,2014-11-13,195,196,2014-12-20,37,2016-08-20,False,0.015921479519766107,5.709292902992339,0.06755617772764534,0.011817210311237565,0.009119595768810471,0.01492693828373807,0.1,8.484040199441267,0.6572585788287026,True
2015-04-15,2014-01-21,2014-11-13,205,206,2014-12-13,30,2016-08-20,False,0.01715379235118729,5.746089417874532,0.044699201582507536,-0.014022076393380737,0.00466779613959638,0.014778597605410204,0.1,7.731865565312213,2.820241978584401,True
2015-04-15,2014-01-07,2014-11-13,215,216,2014-12-10,27,2016-08-20,False,0.01704719018919038,5.75797532686595,0.037256247474597104,-0.0002052452456578191,0.014581732178135107,0.014583176571849014,0.1,7.503175332754775,1.5848709024609635,True
2015-04-15,2013-12-16,2014-11-13,225,226,2015-06-05,204,2016-08-20,True,0.01893423458241239,6.030348029714284,-0.12150242247665473,-0.01147598914863286,-0.0059697398733827844,0.012935846361772987,0.1,6.0,-2.6619207225489125,True
2015-04-15,2013-12-02,2014-11-13,235,236,2015-10-07,328,2016-08-20,True,0.0190932002800525,6.419119412635595,-0.3345452375941012,0.01580601388017143,-0.010164272120680634,0.01879208616741147,0.1,6.0,-0.5714835483255772,True
2015-04-15,2013-11-18,2014-11-13,245,246,2015-06-28,227,2016-08-20,True,0.01888610029912247,6.139583278761277,-0.18260892062010584,-0.008024927869855127,-0.011781877220941067,0.014255248092043418,0.1,6.0,-2.1687416773342196,True
2015-04-15,2013-11-04,2014-11-13,255,256,2015-07-02,231,2016-08-20,True,0.018569000992379545,6.103536875919122,-0.1619740406950261,0.008972494013118192,-0.010451666145460604,0.013774722285099222,0.1,6.216001560442613,-0.861402623262485,True
2015-04-15,2013-10-21,2014-11-13,265,266,2015-06-16,215,2016-08-20,True,0.0182202234976595,6.095878253327559,-0.15832820036286355,-0.01026354679807796,-0.00920447568929356,0.013786325311377665,0.1,6.0,-2.4105414694684852,True
2015-04-15,2013-10-07,2014-11-13,275,276,2015-09-08,299,2016-08-20,True,0.01848234997480469,6.191688585524694,-0.21081581907362248,0.007766323224330386,-0.014256924443623965,0.016235013736242296,0.1,6.000887297207564,-1.0720001356481041,True
2015-04-15,2013-09-23,2014-11-13,285,286,2015-10-24,345,2016-08-20,True,0.018304556498518018,6.255821258414521,-0.2455104067086426,0.01624538885086642,-0.007845944082390355,0.01804082862453527,0.1,6.0,-0.4499264654533884,True
2015-04-15,2013-09-09,2014-11-13,295,296,2015-12-26,408,2016-08-20,True,0.018065211300177714,6.220373642560668,-0.2270114799933246,0.0202117087642446,0.004656397145638605,0.020741147642995877,0.1,6.0,0.22643037856494153,True
2015-04-15,2013-08-26,2014-11-13,305,306,2016-08-05,631,2016-08-20,True,0.018414720258234502,6.279912961030591,-0.2636174978994313,-0.021021736483663456,0.02537354770663476,0.032950422273613694,0.1,6.0,2.2626695643144235,True
2015-04-15,2013-08-12,2014-11-13,315,316,2016-08-08,634,2016-08-20,True,0.01819511230714363,6.36647939994803,-0.30810764196378226,-0.022447809877278235,0.02429762929475128,0.033079887509355074,0.1,6.0,2.316642936576652,True
2015-04-15,2013-07-26,2014-11-13,325,326,2016-08-08,634,2016-08-20,True,0.017975464528743025,6.555360952944764,-0.4047847352707412,-0.0236993879818769,0.022689408775512634,0.03280960623503185,0.1,6.0,2.377963101110223,True
2015-04-15,2013-07-12,2014-11-13,335,336,2016-08-08,634,2016-08-20,True,0.017786444373860844,6.830098508999413,-0.5453393200619495,-0.025466958085574476,0.02027963313199349,0.0325550222561843,0.1,6.0,2.4691048099540844,True
2015-04-15,2013-06-28,2014-11-13,345,346,2016-08-20,646,2016-08-20,True,0.018104636857511028,7.174017904165423,-0.6120846607075684,-0.02643453445259386,0.010268769265282505,0.028358988591784835,0.12433725996256123,6.0,2.7710736365773405,True
2015-04-15,2013-06-14,2014-11-13,355,356,2016-08-20,646,2016-08-20,True,0.018664848337525658,5.949644604708089,-0.00043126273584645004,-0.00012650830033102635,6.151756919129834e-05,0.00014067253240007923,0.9,6.0,2.6889868363226217,True
2015-04-15,2013-05-31,2014-11-13,365,366,2016-08-20,646,2016-08-20,True,0.018751006898101764,6.133861724097326,-0.018480506277806993,-0.0028852012355300213,0.0013147924111790504,0.003170656912060651,0.44595007675321824,6.0,2.714006945700143,True
2015-04-15,2013-05-16,2014-11-13,375,376,2016-08-07,633,2016-08-20,True,0.020280703860228157,5.790229890691563,-5.197377954578535e-05,-7.880385501742838e-05,0.00013501747728794313,0.00015633223192549933,0.9,6.0,2.0991120084504127,True
2015-04-15,2013-04-30,2014-11-13,385,386,2016-08-09,635,2016-08-20,True,0.02060075319271007,5.811959136563295,-8.0722368011203e-05,1.3899691927098002e-05,0.0001312380268483865,0.00013197204676266124,0.9,6.836862951161762,1.4652776244327308,True
2015-04-15,2013-04-16,2014-11-13,395,396,2016-08-02,628,2016-08-20,False,0.020628072978670458,5.767404104256699,6.603623440214138e-06,-0.00013047095368285858,9.098581234278168e-05,0.0001590631566472592,0.9,6.079957661550411,2.5326376670808033,True
2015-04-15,2013-04-02,2014-11-13,405,406,2016-08-10,636,2016-08-20,False,0.02045417129455451,5.758132805160612,2.4788188588231434e-05,-9.522654895827926e-05,0.00013252677775251723,0.00016319142884345568,0.9,6.022957081433412,2.193860947890062,True
2015-04-15,2013-03-15,2014-11-13,415,416,2016-07-08,603,2016-08-20,True,0.020279340655789534,5.7989582891538,-5.792243129679361e-05,-9.952102612788376e-05,-0.00010554566586924831,0.000145066613062172,0.9,6.313483650654061,-2.326824009555744,True
2015-04-15,2013-03-01,2014-11-13,425,426,2016-08-17,643,2016-08-20,True,0.020100684264176535,5.803775978334672,-6.589879022564921e-05,0.00011283123585602182,7.770358034914011e-05,0.0001369990298647129,0.9,6.700985271615046,0.6030819550109835,True
2015-04-15,2013-02-15,2014-11-13,435,436,2016-08-03,629,2016-08-20,False,0.020012399364023672,5.767966947747887,5.752398893675015e-06,-0.00013850982702299768,7.639665826967449e-05,0.00015818160947693688,0.9,6.094661858070621,2.637551549167961,True
2015-04-15,2013-02-01,2014-11-13,445,446,2016-08-14,640,2016-08-20,True,0.01991975024802368,5.799974423189934,-0.0007925715635918485,-0.0011589873497266736,0.0010220512894093712,0.001545263898177207,0.563336198107813,6.034547897991172,2.418896980387945,True
2015-04-15,2013-01-18,2014-11-13,455,456,2016-08-17,643,2016-08-20,True,0.019709670931975974,5.8099592945551395,-0.0018857834209121465,-0.0017128197812696757,0.0022185739371174368,0.002802823918401843,0.4772112601410008,6.0,2.228252194541956,True
2015-04-15,2013-01-04,2014-11-13,465,466,2016-07-29,624,2016-08-20,True,0.019516741804610816,6.1780312619079085,-0.1522102807543997,-0.019290763298007656,0.014437474232711314,0.024095107612126625,0.1495062758894767,6.039592058645008,2.499107460443795,True
2015-04-15,2012-12-13,2014-11-13,475,476,2016-07-24,619,2016-08-20,True,0.019580705695328063,6.607572432970555,-0.43168697282325497,-0.02062566518400405,0.024683565059405083,0.032166697815046545,0.1,6.0,2.2668726835791624,True
2015-04-15,2012-11-29,2014-11-13,485,486,2016-08-17,643,2016-08-20,True,0.019719520125444243,6.716088253976946,-0.4865361862441869,-0.025506310155682305,0.019675871504441042,0.03221353406903901,0.1,6.0,2.4845281616054633,True
2015-04-15,2012-11-15,2014-11-13,495,496,2016-08-20,646,2016-08-20,True,0.020597966909505085,7.088139546966391,-0.6749192203695722,-0.025904137040285602,0.014561328196219497,0.029716268181585542,0.1,6.0,2.62948912733979,True
2015-04-15,2012-11-01,2014-11-13,505,506,2016-08-20,646,2016-08-20,True,0.020819343456831202,7.306681614495452,-0.7855446899363481,-0.025869716831153966,0.011723675182651105,0.0284022324600092,0.1,6.0,2.7160962025708906,True
2015-04-15,2012-10-18,2014-11-13,515,516,2016-08-20,646,2016-08-20,True,0.020884796538371046,7.464484716487268,-0.8653860922530953,-0.025782540034242296,0.009653742559530637,0.02753060326296901,0.1,6.0,2.783322275990909,True
2015-04-15,2012-10-04,2014-11-13,525,526,2016-08-20,646,2016-08-20,True,0.020814949070472374,7.564126438027064,-0.9157735657735449,-0.02568250384680451,0.008332980516192856,0.027000547552306756,0.1,6.0,2.8278479993410452,True
2015-04-15,2012-09-20,2014-11-13,535,536,2016-08-20,646,2016-08-20,True,0.020675908224884867,7.604906967340304,-0.9363888498855198,-0.025629796919594577,0.00778911714957653,0.026787251372798346,0.1,6.0,2.8465538044974537,True
2015-04-15,2012-09-06,2014-11-13,545,546,2016-08-20,646,2016-08-20,True,0.0204967192546788,7.614063149468435,-0.9410132610612272,-0.025610560336897403,0.007665188217175739,0.02673304904373222,0.1,6.0,2.8507800657103353,True
2015-04-15,2012-08-23,2014-11-13,555,556,2016-08-20,646,2016-08-20,True,0.020514648495650222,7.7267067797783255,-0.997896456638569,-0.025358384380781945,0.006137482522420107,0.02609054139178599,0.1,6.0,2.904129388846951,True
2015-04-15,2012-08-09,2014-11-13,565,566,2016-08-20,646,2016-08-20,True,0.0203444543990216,7.7408383943905665,-1.0050287428576508,-0.025319488334205373,0.0059444235880444785,0.02600793458350858,0.1,6.0,2.9109924045145243,True
2015-04-15,2012-07-25,2014-11-13,575,576,2016-08-20,646,2016-08-20,True,0.020733709294423863,7.889807039007545,-1.080174782624129,-0.02483589236605392,0.0038973047228434976,0.02513981968354017,0.1,6.0,2.985939726200988,True
2015-04-15,2012-07-11,2014-11-13,585,586,2016-08-20,646,2016-08-20,True,0.021460571381849924,8.098195715295992,-1.1852555936429936,-0.024084078270624587,0.0010233545267926414,0.024105810101157737,0.1,6.0,3.099127282887228,True
2015-04-15,2012-06-27,2014-11-13,595,596,2016-08-20,646,2016-08-20,True,0.022202572151658176,6.3126946526209995,-0.030146399496107534,-0.0022678120688328263,7.415412071669694e-05,0.002269024110308899,0.4269132695749726,6.0,3.1089057699189753,True
2015-04-15,2012-06-13,2014-11-13,605,606,2016-08-20,646,2016-08-20,True,0.023498148569733958,6.032452845633965,-0.0005773388836932026,-6.978650472160616e-05,-1.8793957438516294e-08,6.97865072522733e-05,0.9,6.0,-3.1413233471234623,True
2015-04-15,2012-05-30,2014-11-13,615,616,2016-08-20,646,2016-08-20,True,0.025036873778433392,6.063094687846452,-0.0006418437724197998,-6.33975049684792e-05,-1.5733689895020025e-05,6.532069070318378e-05,0.9,6.0,-2.8983321642302364,True
2015-04-15,2012-05-14,2014-11-13,625,626,2016-08-20,646,2016-08-20,True,0.02540072811494102,6.0798396732984905,-0.0006769467267262197,-5.9588319698267106e-05,-2.427032210676613e-05,6.434140486210312e-05,0.9,6.0,-2.7548090642510203,True
2015-04-15,2012-04-27,2014-11-13,635,636,2016-08-20,646,2016-08-20,True,0.02531369037352352,6.074523497176175,-0.0006658654027453625,-6.093595378938574e-05,-2.1587835773110816e-05,6.464692659043397e-05,0.9,6.0,-2.801118093382832,True
2015-04-15,2012-04-13,2014-11-13,645,646,2016-08-20,646,2016-08-20,True,0.02528428992656466,6.066337059671905,-0.0006488518008091719,-6.312369279144811e-05,-1.7483794223316395e-05,6.550025688554503e-05,0.9,6.0,-2.871389619833305,True
2015-04-15,2012-03-28,2014-11-13,655,656,2016-08-20,646,2016-08-20,True,0.025615514056644098,6.052454761062163,-0.0006201372731136342,-6.714028925226217e-05,-1.060745990838228e-05,6.797305824063949e-05,0.9,6.0,-2.984898331771848,True
2015-04-15,2012-03-14,2014-11-13,665,666,2016-08-20,646,2016-08-20,True,0.026699340855568764,6.0296999326426866,-0.0005732346541112501,-7.40964056089833e-05,5.489759001004585e-07,7.409843924611274e-05,0.9,6.0,3.1341838481146844,True
2015-04-15,2012-02-29,2014-11-13,675,676,2016-08-20,646,2016-08-20,True,0.027063204841105616,6.015559256343519,-0.0005441906786810743,-7.865497045886715e-05,7.401484712537664e-06,7.900244523959492e-05,0.9,6.0,3.0477682778844204,True
2015-04-15,2012-02-14,2014-11-13,685,686,2016-08-20,646,2016-08-20,True,0.027272139957968036,6.003627041197844,-0.0005197761081100542,-8.271696506364126e-05,1.310270505387059e-05,8.374829663383235e-05,0.9,6.0,2.984493858341662,True
2015-04-15,2012-01-31,2014-11-13,695,696,2016-08-20,646,2016-08-20,True,0.027269187738270518,5.996428916010024,-0.0005051000568555543,-8.52882716231933e-05,1.6492179393511633e-05,8.68681832296461e-05,0.9,6.0,2.9505803002829554,True
2015-04-15,2012-01-17,2014-11-13,705,706,2016-08-20,646,2016-08-20,True,0.027086516593413493,5.996675311334625,-0.0005056004777642875,-8.519570130354181e-05,1.6378248845852126e-05,8.675571771277656e-05,0.9,6.0,2.9516670725984735,True
2015-04-15,2012-01-03,2014-11-13,715,716,2016-08-20,646,2016-08-20,True,0.02703218876364156,6.002518667364952,-0.0005174252857697481,-8.289989911165983e-05,1.3724754401649283e-05,8.402834138615952e-05,0.9,6.0,2.9775227209163218,True
2015-04-15,2011-12-16,2014-11-13,725,726,2016-08-20,646,2016-08-20,True,0.027668012340602333,6.0167743961576505,-0.0005461497052134549,-7.700707715996101e-05,7.407435245709203e-06,7.736252341825184e-05,0.9,6.0,3.045696082126134,True
2015-04-15,2011-12-02,2014-11-13,735,736,2016-08-20,646,2016-08-20,True,0.028129250703470318,6.02878709006438,-0.0005702806514516597,-7.186708909434979e-05,2.184851891147622e-06,7.190029257716176e-05,0.9,6.0,3.1112007289430057,True
2015-04-15,2011-11-17,2014-11-13,745,746,2016-08-20,646,2016-08-20,True,0.02951529950329197,6.046823525556242,-0.0006063675876511799,-6.380869656691275e-05,-5.444435424003478e-06,6.404054680165127e-05,0.9,6.0,-3.0564744666099215,True
2015-04-15,2014-05-26,2014-11-20,125,126,2015-02-11,83,2016-08-20,False,0.013310927411441532,5.5033426090584285,0.19035715731670722,-0.007130937628566675,0.012052632226770266,0.014004149922658258,0.1,13.0,2.1050533610174518,True
2015-04-15,2014-05-12,2014-11-20,135,136,2015-02-09,81,2016-08-20,False,0.013002324130881692,5.523472066836103,0.17821657214404846,-0.004750493423216401,0.013329023589603084,0.01415026705105659,0.1,13.0,1.913163246901612,True
2015-04-15,2014-04-25,2014-11-20,145,146,2015-02-09,81,2016-08-20,False,0.012604829157794609,5.524324856408676,0.17769765454647055,-0.004704767845422751,0.013369539472955466,0.014173193930735519,0.1,13.0,1.9091645833802733,True
2015-04-15,2014-04-09,2014-11-20,155,156,2015-02-09,81,2016-08-20,False,0.012527449545751194,5.54225157844588,0.16662975146225542,-0.005803937163961574,0.013494276690006992,0.014689492502795337,0.1,13.0,1.9769818266326535,True
2015-04-15,2014-03-26,2014-11-20,165,166,2015-02-10,82,2016-08-20,False,0.012363153939921366,5.548221043980497,0.16292486031344908,-0.0066004935607493235,0.013155174699934827,0.014718190671115069,0.1,13.0,2.0358359509448833,True
2015-04-15,2014-03-12,2014-11-20,175,176,2015-01-27,68,2016-08-20,False,0.013973708162688751,5.639657071183201,0.10846504965257084,0.013505306198717221,-0.007185743484660417,0.015297980420580013,0.1,11.480646876098756,-0.4889718160780575,True
2015-04-15,2014-02-26,2014-11-20,185,186,2015-01-25,66,2016-08-20,False,0.01372424086877952,5.64886043961691,0.10290971734496898,0.004323059258360245,-0.01471538761436565,0.0153372577076973,0.1,11.340095477329946,-1.2850573865499144,True
2015-04-15,2014-02-11,2014-11-20,195,196,2015-01-16,57,2016-08-20,False,0.014007785178789542,5.679258959269738,0.08495399397773383,0.014558440741694122,0.0034490549148541846,0.014961422948205799,0.1,10.52964957975983,0.23262218663230036,True
2015-04-15,2014-01-28,2014-11-20,205,206,2014-12-29,39,2016-08-20,False,0.017269280451138336,5.751839268461511,0.04100681838071977,-0.012667906363366977,0.006262124693081626,0.014131173245797258,0.1,8.756079793796934,2.6824914168892118,True
2015-04-15,2014-01-14,2014-11-20,215,216,2014-12-03,13,2016-08-20,False,0.017159987971549093,5.787221026253194,0.016060011191365985,0.007013946212594244,-0.008719017171038838,0.011190026894607324,0.1471156073572482,7.109652654045335,-0.8933525296679313,True
2015-04-15,2013-12-23,2014-11-20,225,226,2014-11-30,10,2016-08-20,False,0.017450880566016888,5.796209923763277,0.01129983914912455,-0.009768134178938313,-0.005094872102491807,0.011016994466663408,0.14568574230218345,6.7684196575894795,-2.660829764924284,True
2015-04-15,2013-12-09,2014-11-20,235,236,2015-06-28,220,2016-08-20,True,0.019209649527542255,6.292996124190437,-0.26757239245577663,-0.006023051364712453,-0.013253237456261294,0.0145576595239074,0.1,6.0,-1.9973520620644587,True
2015-04-15,2013-11-25,2014-11-20,245,246,2015-06-16,208,2016-08-20,True,0.01899644519556921,6.227914348891078,-0.23169364486982322,-0.008755071803730181,-0.01083649000218468,0.01393128844923971,0.1,6.0,-2.2503509743667105,True
2015-04-15,2013-11-11,2014-11-20,255,256,2015-06-05,197,2016-08-20,True,0.018685003835917518,6.158961222860374,-0.19322357491691916,-0.005622042192693057,-0.011989979604278798,0.013242619428475717,0.1,6.085729582249531,-2.009251807411139,True
2015-04-15,2013-10-28,2014-11-20,265,266,2015-05-20,181,2016-08-20,True,0.01834623865001382,6.1230610344948335,-0.17360436518309155,-0.012406564871430898,-0.004210072347888071,0.01310143355070257,0.1,6.0,-2.8144438067067674,True
2015-04-15,2013-10-14,2014-11-20,275,276,2015-07-12,234,2016-08-20,True,0.018176171218690564,6.206818471783211,-0.21781892786537133,-0.0021706835802208085,0.012886592939478301,0.013068134709791304,0.1,6.605690677283412,1.737674882023169,True
2015-04-15,2013-09-30,2014-11-20,285,286,2015-08-10,263,2016-08-20,True,0.018492881392653197,6.356537081770962,-0.3007101801738523,0.0044122268731525555,-0.014157965485374487,0.014829556050847402,0.1,6.005797846433906,-1.2686926584865643,True
2015-04-15,2013-09-16,2014-11-20,295,296,2015-08-18,271,2016-08-20,True,0.018206156121636622,6.388127013260833,-0.31771566435076964,0.006009104000172037,-0.013882168631714384,0.015126927540126527,0.1,6.0,-1.1622829150296068,True
2015-04-15,2013-09-02,2014-11-20,305,306,2015-10-28,342,2016-08-20,True,0.018304145141758404,6.583666631792227,-0.42080326016519964,0.01716371624036772,-0.0027859092919559694,0.017388342237340204,0.1,6.0,-0.16091056259126063,True
2015-04-15,2013-08-19,2014-11-20,315,316,2016-08-17,636,2016-08-20,True,0.018449737933928408,7.050865786033104,-0.6564353182644767,-0.026165312007135233,0.016295721883411926,0.03082489422742997,0.1,6.0,2.5845778734287586,True
2015-04-15,2013-08-05,2014-11-20,325,326,2016-07-10,598,2016-08-20,True,0.0181969301991426,6.945024232489804,-0.6028507486934409,-0.018617261424995313,0.021795650852612147,0.02866448707121045,0.1,6.0,2.277708180562266,True
2015-04-15,2013-07-19,2014-11-20,335,336,2016-08-09,628,2016-08-20,True,0.017976590821442148,7.121175621200853,-0.6925604643657132,-0.02524468831667548,0.016884915750095028,0.030370951056789424,0.1,6.0,2.5520798709839645,True
2015-04-15,2013-07-05,2014-11-20,345,346,2016-08-09,628,2016-08-20,True,0.017914974100196525,7.499660562285887,-0.8862438891549379,-0.027773821930165865,0.013553669334413487,0.03090448409268763,0.1,6.0,2.6875897613801616,True
2015-04-15,2013-06-21,2014-11-20,355,356,2016-08-20,639,2016-08-20,True,0.018726116049878054,5.980637786933991,-0.0005001380986288452,-0.00012716235720705216,4.847179529283055e-05,0.0001360873984958343,0.9,6.0,2.7774146104613853,True
2015-04-15,2013-06-07,2014-11-20,365,366,2016-08-20,639,2016-08-20,True,0.018597237848138333,5.967049041578453,-0.00046773336246689413,-0.00012386896029938218,5.3927083110760015e-05,0.0001350986662350326,0.9,6.0,2.7309832632903652,True
2015-04-15,2013-05-24,2014-11-20,375,376,2016-08-09,628,2016-08-20,True,0.019461145002436352,7.5616031148042655,-0.9183854679670457,-0.02863786350438008,0.013447408648796544,0.03163795229567224,0.1,6.0,2.702586109979385,True
2015-04-15,2013-05-08,2014-11-20,385,386,2016-07-02,590,2016-08-20,True,0.020695787640329717,5.894145885009229,-0.00026455704118052954,3.3697104645243764e-05,-9.595134640624821e-05,0.00010169638999809359,0.9,7.389792114518589,-1.2330622192037,True
2015-04-15,2013-04-23,2014-11-20,395,396,2016-08-13,632,2016-08-20,True,0.02053065772649725,5.90481159032249,-0.00027376624408951525,-7.809572027942343e-05,-5.115741527259935e-05,9.335964151246045e-05,0.9,8.067190837755913,-2.561668242273392,True
2015-04-15,2013-04-09,2014-11-20,405,406,2016-08-14,633,2016-08-20,True,0.02058201734120206,5.8891966559444615,-0.00024695182343122574,8.025679317539926e-05,-6.485744827136413e-05,0.0001031874093437348,0.9,7.417292919737049,-0.6796750640802489,True
2015-04-15,2013-03-22,2014-11-20,415,416,2016-07-19,607,2016-08-20,True,0.02040155007766524,5.8893062538144205,-0.0002524362218612347,-2.402452326933834e-05,-0.00010136717367240342,0.00010417524474005413,0.9,7.284568039781068,-1.8035074707762149,True
2015-04-15,2013-03-08,2014-11-20,425,426,2016-07-20,608,2016-08-20,True,0.020254698025305017,5.900235064552973,-0.00027234862486575924,6.035453230567858e-05,7.724059167915939e-05,9.802437744144988e-05,0.9,7.682783530854345,0.9075103704816678,True
2015-04-15,2013-02-22,2014-11-20,435,436,2016-08-14,633,2016-08-20,True,0.020124573967534004,5.8944886132133,-0.0002564037183353877,8.581461071246325e-05,5.1480544876207754e-05,0.0001000719436829467,0.9,7.59673247756029,0.5403490517332724,True
2015-04-15,2013-02-08,2014-11-20,445,446,2016-03-25,491,2016-08-20,True,0.0200112637988954,5.870907030851784,-0.00023850105752743387,-8.347804382988856e-05,8.641987184887818e-05,0.00012015397643041749,0.9,6.17613597312678,2.3388809519110016,True
2015-04-15,2013-01-25,2014-11-20,455,456,2016-02-25,462,2016-08-20,True,0.01987282489888851,7.056114753548558,-0.6654302202798642,-0.009710159216040543,0.02091169865655558,0.02305615606954996,0.1,6.115647779442029,2.005512028527569,True
2015-04-15,2013-01-11,2014-11-20,465,466,2016-02-15,452,2016-08-20,True,0.019675831054889292,7.052882843084914,-0.6648833132092595,0.009071793387927102,0.02126708974100433,0.023121127596316956,0.1,6.0,1.1676009667062677,True
2015-04-15,2012-12-20,2014-11-20,475,476,2016-05-30,557,2016-08-20,True,0.019611114258563368,7.058455246026103,-0.660517597111125,-0.004512496048922177,-0.024734524325512618,0.025142778569619422,0.1,6.381411816498259,-1.7512489194919683,True
2015-04-15,2012-12-06,2014-11-20,485,486,2016-05-10,537,2016-08-20,True,0.019649472710742785,7.049119511904839,-0.6585304178542104,-0.007257368713793316,0.024861183473339113,0.0258988000560446,0.1,6.0,1.8548198903696784,True
2015-04-15,2012-11-22,2014-11-20,495,496,2016-08-18,637,2016-08-20,True,0.02002467650489223,6.998908590831388,-0.6292415678476284,-0.02476517065653261,0.01631684638449475,0.029657261397209003,0.1,6.0,2.559012296273088,True
2015-04-15,2012-11-08,2014-11-20,505,506,2016-08-20,639,2016-08-20,True,0.020807170789492947,7.326273561023109,-0.7950223078036314,-0.02519631663699498,0.011727142215299052,0.027791729644078635,0.1,6.0,2.7059808150622873,True
2015-04-15,2012-10-25,2014-11-20,515,516,2016-08-20,639,2016-08-20,True,0.020854427755948556,7.482790346392489,-0.8742724362722426,-0.025202134669776055,0.009654021809588409,0.026987918204513975,0.1,6.0,2.7757712869406754,True
2015-04-15,2012-10-11,2014-11-20,525,526,2016-08-20,639,2016-08-20,True,0.02080388965455491,7.580847848306892,-0.9239004924057108,-0.025169077679314644,0.008342054593344611,0.02651551142380091,0.1,6.0,2.821546511537355,True
2015-04-15,2012-09-27,2014-11-20,535,536,2016-08-20,639,2016-08-20,True,0.020711649866947936,7.664646602905304,-0.9662918078506352,-0.02510631137517516,0.007209430739656214,0.026120925758042146,0.1,6.0,2.86196049445322,True
2015-04-15,2012-09-13,2014-11-20,545,546,2016-08-20,639,2016-08-20,True,0.02053769373468221,7.655529399816229,-0.9616825621663864,-0.02511818529901963,0.007334173935157312,0.026167027726263194,0.1,6.0,2.857503704087871,True
2015-04-15,2012-08-30,2014-11-20,555,556,2016-08-20,639,2016-08-20,True,0.020496760381818087,7.732461051328991,-1.0005589005943807,-0.02498756027471344,0.006273560306845588,0.025763069060305406,0.1,6.0,2.895609687139285,True
2015-04-15,2012-08-16,2014-11-20,565,566,2016-08-20,639,2016-08-20,True,0.0203733983647384,7.771833357932291,-1.0204500931784657,-0.024911443342153505,0.005728463627245078,0.025561598246549334,0.1,6.0,2.91556880949373,True
2015-04-15,2012-08-02,2014-11-20,575,576,2016-08-20,639,2016-08-20,True,0.02030578192549617,7.824115246164111,-1.0468446800244755,-0.024775352945856977,0.004997035008424133,0.025274265023284066,0.1,6.0,2.942568974515572,True
2015-04-15,2012-07-18,2014-11-20,585,586,2016-08-20,639,2016-08-20,True,0.0210769743778194,8.023137816569632,-1.1472815222280863,-0.02418015622190184,0.002198356493348208,0.02427988315843848,0.1,6.0,3.0509261842261903,True
2015-04-15,2012-07-04,2014-11-20,595,596,2016-08-20,639,2016-08-20,True,0.021599625880117018,8.199565624694243,-1.236276838191606,-0.02357560020258534,-0.00029491888427662927,0.023577444773775737,0.1,6.0,-3.1290838097223785,True
2015-04-15,2012-06-20,2014-11-20,605,606,2016-08-20,639,2016-08-20,True,0.022789702276026964,6.017619381660115,-0.0005461512705947037,-7.280955715837013e-05,7.429350456322965e-06,7.318761412835394e-05,0.9,6.0,3.0399064686575756,True
2015-04-15,2012-06-06,2014-11-20,615,616,2016-08-20,639,2016-08-20,True,0.024027078946267016,6.044530232614962,-0.0006032041609796941,-6.772995260183201e-05,-6.809433838221053e-06,6.807139537752639e-05,0.9,6.0,-3.0413913582488794,True
2015-04-15,2012-05-22,2014-11-20,625,626,2016-08-20,639,2016-08-20,True,0.025189357667974626,6.069339348772009,-0.0006556014345441934,-6.260769919510056e-05,-1.9885564579381486e-05,6.568987499717858e-05,0.9,6.0,-2.834048569428066,True
2015-04-15,2012-05-07,2014-11-20,635,636,2016-08-20,639,2016-08-20,True,0.02523442825665126,6.075971389039228,-0.0006695619759866081,-6.113507039364694e-05,-2.3366604041807248e-05,6.544841492719873e-05,0.9,6.0,-2.776513510215867,True
2015-04-15,2012-04-20,2014-11-20,645,646,2016-08-20,639,2016-08-20,True,0.02521135426116964,6.067827742503693,-0.000652517825748844,-6.316600708711193e-05,-1.9132443295979317e-05,6.599996089243492e-05,0.9,6.0,-2.847485270903716,True
2015-04-15,2012-04-04,2014-11-20,655,656,2016-08-20,639,2016-08-20,True,0.025211624101109664,6.059588549862081,-0.0006353445436138691,-6.53837860789205e-05,-1.48849424667762e-05,6.705669984612481e-05,0.9,6.0,-2.9177526341945184,True
2015-04-15,2012-03-21,2014-11-20,665,666,2016-08-20,639,2016-08-20,True,0.025971476589204606,6.040631626256979,-0.0005959978795934463,-7.087318852651944e-05,-5.2118803442646375e-06,7.106456605537318e-05,0.9,6.0,-3.068186676087896,True
2015-04-15,2012-03-07,2014-11-20,675,676,2016-08-20,639,2016-08-20,True,0.026804671903801165,6.022029384301432,-0.0005575169480561773,-7.656501941184063e-05,4.1906936987674815e-06,7.667961992089178e-05,0.9,6.0,3.086913422430452,True
2015-04-15,2012-02-22,2014-11-20,685,686,2016-08-20,639,2016-08-20,True,0.02707247319174681,6.009856478753611,-0.0005324346839323997,-8.052460586956015e-05,1.0266457110668165e-05,8.117642694805673e-05,0.9,6.0,3.0147821389613862,True
2015-04-15,2012-02-07,2014-11-20,695,696,2016-08-20,639,2016-08-20,True,0.02719742699723651,6.000023374223387,-0.000512249764746328,-8.390587231130227e-05,1.5107576258203986e-05,8.525511285968725e-05,0.9,6.0,2.9634475453170213,True
2015-04-15,2012-01-24,2014-11-20,705,706,2016-08-20,639,2016-08-20,True,0.027086418002371323,5.997454151071992,-0.000506989518677913,-8.482248328704265e-05,1.635936793397365e-05,8.638566194791676e-05,0.9,6.0,2.9510660831691164,True
2015-04-15,2012-01-10,2014-11-20,715,716,2016-08-20,639,2016-08-20,True,0.0269525264508481,6.000066939928792,-0.0005123085359156754,-8.381633976913013e-05,1.5118880899464321e-05,8.516900476080751e-05,0.9,6.0,2.9631306308390952,True
2015-04-15,2011-12-23,2014-11-20,725,726,2016-08-20,639,2016-08-20,True,0.02712678325485248,6.008824945390485,-0.000530081812125016,-8.030683513372665e-05,1.1028042095411321e-05,8.106050506660883e-05,0.9,6.0,3.0051223972781855,True
2015-04-15,2011-12-09,2014-11-20,735,736,2016-08-20,639,2016-08-20,True,0.0279584404495238,6.023910110289906,-0.0005605869775199375,-7.39960583936028e-05,4.121338524326677e-06,7.411074206227848e-05,0.9,6.0,3.0859534088596243,True
2015-04-15,2011-11-25,2014-11-20,745,746,2016-08-20,639,2016-08-20,True,0.028607320923175278,6.03599063256138,-0.0005849227789593374,-6.871238750726528e-05,-1.2784617220665425e-06,6.87242799985811e-05,0.9,6.0,-3.1229888141372717,True
2015-04-15,2014-06-03,2014-11-27,125,126,2015-02-28,93,2016-08-20,False,0.015367499183119127,5.513070022285499,0.18452892702342746,-0.01300413919216929,-0.005881238666875066,0.014272231934286233,0.1,13.0,-2.716861750561413,True
2015-04-15,2014-05-19,2014-11-27,135,136,2015-02-21,86,2016-08-20,False,0.015385959017375415,5.60923497194257,0.12669762230381137,-0.013064765404613552,0.004378537732897562,0.013778958152051803,0.1,13.0,2.8182161381245843,True
2015-04-15,2014-05-05,2014-11-27,145,146,2015-02-19,84,2016-08-20,False,0.014933728307431395,5.622513007669627,0.11868393534102319,-0.012613016296317645,0.005972811861888619,0.013955739379505906,0.1,13.0,2.69933336241305,True
2015-04-15,2014-04-16,2014-11-27,155,156,2015-02-20,85,2016-08-20,False,0.01450571249817803,5.623168057325634,0.11827137957378198,-0.012725532317947673,0.005803205594510933,0.01398629214435669,0.1,13.0,2.7137367363571308,True
2015-04-15,2014-04-02,2014-11-27,165,166,2015-02-19,84,2016-08-20,False,0.014348151340238294,5.619663406694064,0.12044919998315075,-0.01234970556167326,0.006447488413978275,0.01393145126354062,0.1,13.0,2.6604403946703195,True
2015-04-15,2014-03-19,2014-11-27,175,176,2015-02-21,86,2016-08-20,False,0.014481319305713952,5.646665125646067,0.1038679714103182,-0.01381306495313276,0.004011601900461374,0.014383800374283906,0.1,13.0,2.858947084102297,True
2015-04-15,2014-03-05,2014-11-27,185,186,2015-02-23,88,2016-08-20,False,0.014817517699820069,5.677947446688637,0.08475522266149729,-0.014713530396914929,0.0007301736543262809,0.014731637054530355,0.1,13.0,3.0920073324905313,True
2015-04-15,2014-02-19,2014-11-27,195,196,2015-02-24,89,2016-08-20,False,0.014576720631888529,5.686629352779356,0.0794803015783484,-0.014624000819899787,-0.0004296770821329433,0.01463031176617026,0.1,13.0,-3.1122194671775367,True
2015-04-15,2014-02-04,2014-11-27,205,206,2014-12-12,15,2016-08-20,False,0.016782747273399963,5.779841395117795,0.025754571922471707,-0.006911536360816876,-0.01206981314071386,0.013908620496607231,0.1,8.030870929340866,-2.090847618571158,True
2015-04-15,2014-01-21,2014-11-27,215,216,2014-12-10,13,2016-08-20,False,0.01761720277375323,5.801194435641496,0.011899830581195559,-0.0073825826837458485,0.011798518729698263,0.013917886739637767,0.1,7.6216366054097815,2.129914052375891,True
2015-04-15,2014-01-07,2014-11-27,225,226,2014-12-09,12,2016-08-20,False,0.017433565035304965,5.807584798140806,0.007753081423471517,0.0006911885378699888,0.013762718801803011,0.013780064238325777,0.1,7.5003439940255605,1.5206166847025153,True
2015-04-15,2013-12-16,2014-11-27,235,236,2015-04-10,134,2016-08-20,True,0.019010129724164146,6.022016641871587,-0.11662462111311052,-0.010144987339432247,0.006357008798317,0.011972148052004717,0.1,6.0,2.581832297943687,True
2015-04-15,2013-12-02,2014-11-27,245,246,2015-05-18,172,2016-08-20,True,0.019288617089602545,6.2480226640065535,-0.2438860307358264,-0.01242387006723411,-0.006126157773183663,0.013852160716272906,0.1,6.0,-2.6834836683409065,True
2015-04-15,2013-11-18,2014-11-27,255,256,2015-04-28,152,2016-08-20,True,0.01901162126519685,6.137314195156564,-0.18206679656179162,-0.013062290208776894,0.0004690341642145171,0.01307070841789033,0.1,6.0,3.1057005757304346,True
2015-04-15,2013-11-04,2014-11-27,265,266,2015-04-25,149,2016-08-20,True,0.018674922029351896,6.119327823180441,-0.1719411549158473,-0.012853508419739167,0.0015636702155557083,0.012948271824429765,0.1,6.0,3.0205343322909064,True
2015-04-15,2013-10-21,2014-11-27,275,276,2015-04-28,152,2016-08-20,True,0.01834670218010456,6.132530095166436,-0.1793296707757453,-0.012967745386656439,0.0005743155463977558,0.012980456800898169,0.1,6.0,3.0973335724731825,True
2015-04-15,2013-10-07,2014-11-27,285,286,2015-05-25,179,2016-08-20,True,0.01870314595157514,6.257279657884615,-0.24855601160480467,-0.010971591529116052,-0.007707060013280774,0.013408004875076774,0.1,6.0,-2.5292202856729635,True
2015-04-15,2013-09-23,2014-11-27,295,296,2015-06-17,202,2016-08-20,True,0.018615453496633377,6.361866137933396,-0.30570903060250015,-0.006096354210423795,-0.012439465764141802,0.013853008451459484,0.1,6.0,-2.0264778390268017,True
2015-04-15,2013-09-09,2014-11-27,305,306,2015-06-28,213,2016-08-20,True,0.01842886443655632,6.418631885694375,-0.33652645393528174,-0.0030465820752538855,-0.013820969964523231,0.01415276909659419,0.1,6.0,-1.7877585145204256,True
2015-04-15,2013-08-26,2014-11-27,315,316,2015-10-23,330,2016-08-20,True,0.019002683421566413,6.906431219750826,-0.5934719386943806,0.017194212032430073,0.0010374906062939476,0.017225484439466754,0.1,6.0,0.060266456466242305,True
2015-04-15,2013-08-12,2014-11-27,325,326,2015-10-25,332,2016-08-20,True,0.01878841880962557,6.943254374863365,-0.6131194101219303,0.017447025340693867,0.001865916891832492,0.017546519286913854,0.1,6.0,0.10654259380350785,True
2015-04-15,2013-07-26,2014-11-27,335,336,2015-10-19,326,2016-08-20,True,0.018592968356229502,6.973966163405271,-0.6301415052064868,0.017776188914478214,0.0013986824696165662,0.01783113022144224,0.1,6.0,0.07852114621823411,True
2015-04-15,2013-07-12,2014-11-27,345,346,2016-02-15,445,2016-08-20,True,0.0184106370757648,7.439273010155176,-0.8657641495071414,0.0035159313070617128,0.021496114246750464,0.02178175155182257,0.1,6.0,1.4086706494086227,True
2015-04-15,2013-06-28,2014-11-27,355,356,2016-08-09,621,2016-08-20,True,0.018613994892842683,8.482192247184233,-1.3864757499804654,-0.031147322774780162,0.0035500351473488068,0.03134897870080859,0.1,6.0,3.0281067622252036,True
2015-04-15,2013-06-14,2014-11-27,365,366,2016-08-10,622,2016-08-20,True,0.019041691023291035,6.036684491014443,-0.0006289618975862474,-0.0001260915983552056,3.184522282405293e-05,0.00013005079543195448,0.9,6.0,2.894209547110103,True
2015-04-15,2013-05-31,2014-11-27,375,376,2016-08-11,623,2016-08-20,True,0.019185667970702536,8.54749722200991,-1.4197488798817886,-0.03182644326093309,0.0026847095240976615,0.03193947644953145,0.1,6.0,3.057437202156398,True
2015-04-15,2013-05-16,2014-11-27,385,386,2016-01-17,416,2016-08-20,True,0.02068867968912131,7.3591138931083755,-0.8256121624673382,-0.020120903007462915,0.004127797712476428,0.02053994770662418,0.1,6.2821970200813775,2.9392503746667478,True
2015-04-15,2013-04-30,2014-11-27,395,396,2015-10-25,332,2016-08-20,True,0.02096277984935214,7.064708587848096,-0.6784918834612187,0.01646974977739292,0.009606578786370473,0.019066699077414456,0.1,6.056428034063765,0.5280393272461184,True
2015-04-15,2013-04-16,2014-11-27,405,406,2015-12-01,369,2016-08-20,True,0.02098237471737273,7.17684423573284,-0.734201749311594,-0.0056462555432587325,0.01857862328219518,0.019417658064800315,0.1,6.199734615328901,1.8658376938490675,True
2015-04-15,2013-04-02,2014-11-27,415,416,2015-11-16,354,2016-08-20,True,0.020803404993797483,7.149901829537661,-0.721996626054671,0.017120466157767647,0.009632056631639074,0.019644003573975687,0.1,6.011351977719611,0.5124690759927562,True
2015-04-15,2013-03-15,2014-11-27,425,426,2015-11-06,344,2016-08-20,True,0.020629829879197713,7.110623927448353,-0.7018183518939932,0.013216474133856515,0.014076413132833816,0.019308562743433667,0.1,6.078848601874385,0.8168955492968754,True
2015-04-15,2013-03-01,2014-11-27,435,436,2015-11-17,355,2016-08-20,True,0.020461994787557985,7.127299578625292,-0.7090082602234574,-0.010582983380219471,0.01584544424114935,0.019054596307069186,0.1,6.272639767143322,2.1596440497194402,True
2015-04-15,2013-02-15,2014-11-27,445,446,2015-11-25,363,2016-08-20,True,0.0203504558994898,7.158279164773315,-0.7248793161262385,-0.0025653210748520783,0.019153586811240048,0.019324615389517817,0.1,6.183762608630436,1.703938222106593,True
2015-04-15,2013-02-01,2014-11-27,455,456,2015-12-07,375,2016-08-20,True,0.020244841915140796,7.191272172885753,-0.7415214292599746,0.004531196834034509,0.019098777035564226,0.01962893346575304,0.1,6.10595207635971,1.337852596872496,True
2015-04-15,2013-01-18,2014-11-27,465,466,2015-12-19,387,2016-08-20,True,0.020039813388095372,7.218008120879511,-0.7541728426791747,-0.008295698921714917,0.017776209426003595,0.019616631774004453,0.1,6.190360671564405,2.007429700845282,True
2015-04-15,2013-01-04,2014-11-27,475,476,2015-12-04,372,2016-08-20,True,0.01984436482394594,7.191925983855009,-0.7425228121906269,0.01591097542428145,0.011779403163749536,0.019796804738296554,0.1,6.0,0.6372847765224583,True
2015-04-15,2012-12-13,2014-11-27,485,486,2016-02-22,452,2016-08-20,True,0.019945728299247404,7.332273961869266,-0.8077278661484593,-0.01942806621331311,-0.005786305221002819,0.02027143519584844,0.1,6.31321249108168,-2.852125779326348,True
2015-04-15,2012-11-29,2014-11-27,495,496,2016-03-02,461,2016-08-20,True,0.02007618712707241,7.337024726782429,-0.810669925006419,0.0021904926117865264,0.021154184969388173,0.021267294129751906,0.1,6.0,1.4676151592913251,True
2015-04-15,2012-11-15,2014-11-27,505,506,2016-06-06,557,2016-08-20,True,0.020890850546019062,7.4829242319898155,-0.8784693627523075,-0.014584949785203943,0.01830531397171252,0.0234052404354216,0.1,6.0,2.2435587959565337,True
2015-04-15,2012-11-01,2014-11-27,515,516,2016-07-26,607,2016-08-20,True,0.021046247986362503,7.594923133121303,-0.9318910142058386,-0.021537236494232725,0.011835923937414394,0.02457522433795405,0.1,6.0,2.6390901613078954,True
2015-04-15,2012-10-18,2014-11-27,525,526,2016-08-20,632,2016-08-20,True,0.021055660208533684,7.698365952247346,-0.9825770239740497,-0.023887956422663253,0.007276543244424755,0.024971634781067942,0.1,6.0,2.8459106279097934,True
2015-04-15,2012-10-04,2014-11-27,535,536,2016-08-20,632,2016-08-20,True,0.020958312080123664,7.774692514144588,-1.021218842014239,-0.023879326103356663,0.006234574219731753,0.024679791953170813,0.1,6.0,2.88620698315627,True
2015-04-15,2012-09-20,2014-11-27,545,546,2016-08-20,632,2016-08-20,True,0.02081046532450911,7.800059352500121,-1.0340578107466274,-0.0238704340632222,0.005886075620906761,0.024585432853250145,0.1,6.0,2.89983128842273,True
2015-04-15,2012-09-06,2014-11-27,555,556,2016-08-20,632,2016-08-20,True,0.020632133142771077,7.798111067189638,-1.033071166433274,-0.023870092976714163,0.005912545253044854,0.024591452378545722,0.1,6.0,2.8987828956079986,True
2015-04-15,2012-08-23,2014-11-27,565,566,2016-08-20,632,2016-08-20,True,0.020616068251971632,7.889914785565093,-1.0794843852768075,-0.02374499192125179,0.004621871141460898,0.02419062492348186,0.1,6.0,2.949350291301212,True
2015-04-15,2012-08-09,2014-11-27,575,576,2016-08-20,632,2016-08-20,True,0.02044508016112397,7.894491268514074,-1.0817966120124727,-0.023735916118101857,0.0045567782715138505,0.024169359573255313,0.1,6.0,2.9519221339106356,True
2015-04-15,2012-07-25,2014-11-27,585,586,2016-08-20,632,2016-08-20,True,0.020783502324324077,8.020703032302288,-1.1455367678605741,-0.02343289612508266,0.002749390829545839,0.023593638353219388,0.1,6.0,3.024796266680454,True
2015-04-15,2012-07-11,2014-11-27,595,596,2016-08-20,632,2016-08-20,True,0.02144642276478583,8.201793715161463,-1.23695868395281,-0.02293184517451495,0.00014235920413524505,0.022932287047979463,0.1,6.0,3.1353848070632147,True
2015-04-15,2012-06-27,2014-11-27,605,606,2016-08-20,632,2016-08-20,True,0.02212852543071272,6.084738802160645,-0.0024893488617507543,-0.0002799195716696371,3.034883284651216e-05,0.00028155997275688645,0.7129120504954861,6.0,3.033594670589348,True
2015-04-15,2012-06-13,2014-11-27,615,616,2016-08-20,632,2016-08-20,True,0.023371934292241322,6.03662719150861,-0.0005853535284421625,-6.812117058558688e-05,-1.0641883646917935e-06,6.812948244942253e-05,0.9,6.0,-3.125971932488086,True
2015-04-15,2012-05-30,2014-11-27,625,626,2016-08-20,632,2016-08-20,True,0.024881875137335568,6.064126091792142,-0.0006438329293359434,-6.297227072728101e-05,-1.6009788902568938e-05,6.497553555958422e-05,0.9,6.0,-2.8926315950325323,True
2015-04-15,2012-05-14,2014-11-27,635,636,2016-08-20,632,2016-08-20,True,0.02524361726914685,6.079220720259507,-0.0006757995675670066,-5.984137436059042e-05,-2.4182157947682338e-05,6.454275209790008e-05,0.9,6.0,-2.7575530839959215,True
2015-04-15,2012-04-27,2014-11-27,645,646,2016-08-20,632,2016-08-20,True,0.02515961762047643,6.074435213447593,-0.0006657223074941295,-6.096682288089279e-05,-2.1610249989274214e-05,6.468350946562098e-05,0.9,6.0,-2.8009508281198636,True
2015-04-15,2012-04-13,2014-11-27,655,656,2016-08-20,632,2016-08-20,True,0.025133618911524828,6.067014930364855,-0.0006501429220506706,-6.282079846786635e-05,-1.7641969466600384e-05,6.525099084918742e-05,0.9,6.0,-2.867814389373982,True
2015-04-15,2012-03-28,2014-11-27,665,666,2016-08-20,632,2016-08-20,True,0.025468706339205453,6.054392812949544,-0.000623766809161755,-6.62729901195188e-05,-1.0955628915125727e-05,6.71724275600322e-05,0.9,6.0,-2.977763664872716,True
2015-04-15,2012-03-14,2014-11-27,675,676,2016-08-20,632,2016-08-20,True,0.026561401244491595,6.033640617796396,-0.0005805519962830605,-7.231342820640407e-05,-5.38602383542855e-08,7.231344826439984e-05,0.9,6.0,-3.140847837174219,True
2015-04-15,2012-02-29,2014-11-27,685,686,2016-08-20,632,2016-08-20,True,0.02694015866462998,6.020610094178491,-0.000553512330375216,-7.633984370392652e-05,6.725254290763265e-06,7.663550601395779e-05,0.9,6.0,3.053723247345227,True
2015-04-15,2012-02-14,2014-11-27,695,696,2016-08-20,632,2016-08-20,True,0.027166537174515858,6.009533466446165,-0.0005306141963489592,-7.997770863869525e-05,1.2419392020756464e-05,8.093624143275531e-05,0.9,6.0,2.987537398354659,True
2015-04-15,2012-01-31,2014-11-27,705,706,2016-08-20,632,2016-08-20,True,0.027177867687833954,6.002726052294315,-0.0005165911290215712,-8.233710174279955e-05,1.5875201151893705e-05,8.385356483189734e-05,0.9,6.0,2.9511225398228182,True
2015-04-15,2012-01-17,2014-11-27,715,716,2016-08-20,632,2016-08-20,True,0.026998235536755594,6.002693290515827,-0.0005165239102426685,-8.234912859579529e-05,1.5891604972934406e-05,8.386848090374967e-05,0.9,6.0,2.9509576359960787,True
2015-04-15,2012-01-03,2014-11-27,725,726,2016-08-20,632,2016-08-20,True,0.026935219940814256,6.007786640229765,-0.0005269384195154038,-8.038774719354071e-05,1.338643137517985e-05,8.149470193708921e-05,0.9,6.0,2.9765834902769477,True
2015-04-15,2011-12-16,2014-11-27,735,736,2016-08-20,632,2016-08-20,True,0.027544154375299244,6.020590489693802,-0.0005530073179378589,-7.517286177556203e-05,7.223599505223549e-06,7.551913358440774e-05,0.9,6.0,3.045793615018618,True
2015-04-15,2011-12-02,2014-11-27,745,746,2016-08-20,632,2016-08-20,True,0.02798920248240552,6.031422093547153,-0.0005749941587733603,-7.059086137345035e-05,2.09786426546428e-06,7.062202732803694e-05,0.9,6.0,3.1118827599537506,True
2015-04-15,2014-06-11,2014-12-04,125,126,2015-03-11,97,2016-08-20,False,0.017021744545012776,5.519555105534087,0.18130113520014565,-0.004033521950955066,-0.014571657885935965,0.015119606902085655,0.1,13.0,-1.840840760710024,True
2015-04-15,2014-05-26,2014-12-04,135,136,2015-03-08,94,2016-08-20,False,0.017009967769439922,5.6181030003700405,0.12203808413074396,-0.007989874893056012,-0.010835292161874217,0.013462602164509641,0.1,13.0,-2.2061803879836392,True
2015-04-15,2014-05-12,2014-12-04,145,146,2015-03-02,88,2016-08-20,False,0.01692446735807665,5.693250292570618,0.07687090872168259,-0.012459318468805467,-0.004171772011131369,0.013139189412592242,0.1,13.0,-2.8184943760150416,True
2015-04-15,2014-04-25,2014-12-04,155,156,2015-03-01,87,2016-08-20,False,0.016462124924892033,5.707642935854669,0.06818745083972148,-0.01308707945242885,-0.0026395631510249895,0.01335061579937174,0.1,13.0,-2.942570413322454,True
2015-04-15,2014-04-09,2014-12-04,165,166,2015-02-28,86,2016-08-20,False,0.016117521433213117,5.7156690849606075,0.0633172456906261,-0.013407249290047094,-0.0023878448252981814,0.013618228094549292,0.1,13.0,-2.9653397027315176,True
2015-04-15,2014-03-26,2014-12-04,175,176,2015-02-28,86,2016-08-20,False,0.01586103481609418,5.699315354543714,0.07327533629112844,-0.012932507508143284,-0.002000745925680611,0.013086356815680595,0.1,13.0,-2.9881027572999215,True
2015-04-15,2014-03-12,2014-12-04,185,186,2015-03-02,88,2016-08-20,False,0.016096714652628852,5.738718790087396,0.049256312368194784,-0.012832564939628591,-0.00543085850939942,0.013934451804032372,0.1,13.0,-2.741239875398783,True
2015-04-15,2014-02-26,2014-12-04,195,196,2015-03-02,88,2016-08-20,False,0.015776270236483123,5.733613832136722,0.052357917288999765,-0.013041810570271182,-0.004858312798154157,0.013917328270740242,0.1,13.0,-2.7849995139967074,True
2015-04-15,2014-02-11,2014-12-04,205,206,2015-03-04,90,2016-08-20,False,0.015762312375716486,5.750851362321301,0.04193266638485162,-0.011898296680651945,-0.006657518557669061,0.013634222282423045,0.1,13.0,-2.6314580628836888,True
2015-04-15,2014-01-28,2014-12-04,215,216,2014-12-09,5,2016-08-20,True,0.017888813325579612,5.825247351033775,-0.002359076609990958,-0.004883030442224815,0.012638106589967496,0.013548642901747544,0.1,7.596509596690849,1.9395008783818104,True
2015-04-15,2014-01-14,2014-12-04,225,226,2014-12-09,5,2016-08-20,True,0.017729691485100653,5.8277890427921495,-0.0040524137588381194,-0.002105134980184529,0.01341047738015267,0.0135747006172653,0.1,7.55168496368633,1.7265025527247437,True
2015-04-15,2013-12-23,2014-12-04,235,236,2014-12-09,5,2016-08-20,True,0.0179215625104698,5.839426075307203,-0.011761799143273863,0.010217150807012635,0.00834091992515062,0.013189431974539827,0.1,7.333596303117168,0.6846399913206128,True
2015-04-15,2013-12-09,2014-12-04,245,246,2015-04-26,143,2016-08-20,True,0.019317084462641628,6.161839136485575,-0.1959890211724968,-0.013288319733296902,0.0004357004190344918,0.013295460736261632,0.1,6.0,3.1088161707389963,True
2015-04-15,2013-11-25,2014-12-04,255,256,2015-04-27,144,2016-08-20,True,0.019094096833792675,6.165983269334492,-0.1982857728877284,-0.01329182951907467,0.00010879875929342003,0.013292274791553498,0.1,6.0,3.1334074500874385,True
2015-04-15,2013-11-11,2014-12-04,265,266,2015-04-21,138,2016-08-20,True,0.018766417692084356,6.129137602563748,-0.1775785864419753,-0.012852626857313419,0.002378154009745191,0.01307079315219246,0.1,6.0,2.9586294381574287,True
2015-04-15,2013-10-28,2014-12-04,275,276,2015-04-19,136,2016-08-20,True,0.018438262086820395,6.120711115448925,-0.17284497580578173,-0.012702405156012488,0.002945464491998208,0.01303943472015236,0.1,6.0,2.913737155932221,True
2015-04-15,2013-10-14,2014-12-04,285,286,2015-04-27,144,2016-08-20,True,0.018274469606490307,6.164198882649693,-0.19723679110970088,-0.013169622160366674,1.2123748104407583e-05,0.013169627740831897,0.1,6.0,3.1406720694961936,True
2015-04-15,2013-09-30,2014-12-04,295,296,2015-05-21,168,2016-08-20,True,0.018707875913438615,6.297350376901203,-0.2711270822849875,-0.011080364826753474,-0.008037066810944783,0.013688277014202544,0.1,6.0,-2.5140595687901963,True
2015-04-15,2013-09-16,2014-12-04,305,306,2015-05-29,176,2016-08-20,True,0.01846606077632588,6.340484054525777,-0.2948484382700999,-0.00957745082960023,-0.010065395864774156,0.01389387484858068,0.1,6.0,-2.331358746431013,True
2015-04-15,2013-09-02,2014-12-04,315,316,2015-06-29,207,2016-08-20,True,0.018684838480412507,6.503879931989328,-0.3834590987568679,-0.001175232032906856,-0.014466061245654173,0.014513721035426716,0.1,6.0,-1.6518589379048938,True
2015-04-15,2013-08-19,2014-12-04,325,326,2015-08-19,258,2016-08-20,True,0.01901790750498516,6.787819817926203,-0.5348605584282039,0.01217997797653364,-0.010517172523800973,0.016092320572379814,0.1,6.0,-0.7122682708189115,True
2015-04-15,2013-08-05,2014-12-04,335,336,2015-08-21,260,2016-08-20,True,0.01875724876460039,6.802628407639834,-0.5428149890282158,0.012592516756398511,-0.010245581900187296,0.01623402065828496,0.1,6.0,-0.682993611728432,True
2015-04-15,2013-07-19,2014-12-04,345,346,2015-09-29,299,2016-08-20,True,0.018617579792716332,7.014131184822835,-0.6533791572540818,0.017393635392140963,-0.0013999681184121426,0.017449884323035184,0.1,6.0,-0.08031424620455434,True
2015-04-15,2013-07-05,2014-12-04,355,356,2015-12-04,365,2016-08-20,True,0.01863076973224696,7.4006372546249715,-0.8526337188270876,0.01382348650543442,0.014478885833228955,0.020018164604618617,0.1,6.0,0.8085510710503213,True
2015-04-15,2013-06-21,2014-12-04,365,366,2016-08-10,615,2016-08-20,True,0.019329965153039662,9.360311880409936,-1.8338743398235196,-0.034872968543183114,-0.005503742462493549,0.03530460474367747,0.1,6.0,-2.985061162425666,True
2015-04-15,2013-06-07,2014-12-04,375,376,2016-08-09,614,2016-08-20,True,0.019215358909918618,9.202084637107557,-1.7531387872055377,-0.03381538413658025,-0.003785533934382565,0.03402661416410462,0.1,6.0,-3.030109721915132,True
2015-04-15,2013-05-24,2014-12-04,385,386,2015-12-21,382,2016-08-20,True,0.020012117253239387,7.562115132466717,-0.9363553795401122,0.010962472169383175,0.018473051475294266,0.02148090842756359,0.1,6.0,1.035221344514408,True
2015-04-15,2013-05-08,2014-12-04,395,396,2015-09-27,297,2016-08-20,True,0.021050529910449943,7.080833855089505,-0.6898737274590951,0.018619866706827803,-0.00133466702336274,0.018667639707346143,0.1,6.0,-0.07155734425170666,True
2015-04-15,2013-04-23,2014-12-04,405,406,2015-09-18,288,2016-08-20,True,0.0208828752536402,7.033290163343618,-0.6652134054843547,0.01809192925413078,-0.0036598379539145437,0.01845839424179109,0.1,6.0,-0.19959765628221385,True
2015-04-15,2013-04-09,2014-12-04,415,416,2015-10-07,307,2016-08-20,True,0.020928750324318134,7.12728753907709,-0.7136439189726324,0.018753696192699863,0.0013258241059549009,0.018800503462620792,0.1,6.0,0.07057925330911519,True
2015-04-15,2013-03-22,2014-12-04,425,426,2015-10-04,304,2016-08-20,True,0.02074652897376501,7.116701492451099,-0.7083484076563964,0.01877931796665805,0.000560723897511009,0.0187876873132934,0.1,6.0,0.029849718320612086,True
2015-04-15,2013-03-08,2014-12-04,435,436,2015-09-27,297,2016-08-20,True,0.02060433554228674,7.072919264358256,-0.685661695023245,0.018590672751699455,-0.0015767241330450071,0.018657416014885533,0.1,6.0,-0.08461016076228864,True
2015-04-15,2013-02-22,2014-12-04,445,446,2015-10-01,301,2016-08-20,True,0.020461589359858888,7.098804558466013,-0.699042847334026,0.018704149235816814,-0.0002509162312464702,0.018705832181189097,0.1,6.0,-0.013414199057412075,True
2015-04-15,2013-02-08,2014-12-04,455,456,2015-10-09,309,2016-08-20,True,0.020337184475360655,7.137044922756616,-0.718706848304061,0.01868241547825046,0.0017795644963395918,0.018766978923060708,0.1,6.0,0.09496692134907345,True
2015-04-15,2013-01-25,2014-12-04,465,466,2015-10-20,320,2016-08-20,True,0.02020862087701597,7.175285857718171,-0.7378721700334052,0.018294833548150424,0.004357229467467222,0.018806551602744585,0.1,6.0,0.2338112907165516,True
2015-04-15,2013-01-11,2014-12-04,475,476,2015-10-24,324,2016-08-20,True,0.020024385014166878,7.193548350259622,-0.7472196929383974,0.01806994794061481,0.005273735192047151,0.01882379614882094,0.1,6.0,0.28396412597769966,True
2015-04-15,2012-12-20,2014-12-04,485,486,2015-11-09,340,2016-08-20,True,0.019971964267331672,7.241715164426304,-0.7710006215289233,0.01679213179630676,0.008567954665156509,0.018851672005652804,0.1,6.0,0.4718030496038009,True
2015-04-15,2012-12-06,2014-12-04,495,496,2015-12-04,365,2016-08-20,True,0.020056043703300167,7.320484524755352,-0.8099938984469254,0.013860667076209338,0.012911351644079742,0.0189425735599626,0.1,6.0,0.7499537740301089,True
2015-04-15,2012-11-22,2014-12-04,505,506,2016-01-30,422,2016-08-20,True,0.02048283544097381,7.463865864192727,-0.8791447775265262,0.00491643267203401,0.018830762489365792,0.019461986695852744,0.1,6.0,1.3154120873169182,True
2015-04-15,2012-11-08,2014-12-04,515,516,2016-05-19,532,2016-08-20,True,0.02125323957341426,7.686967655810662,-0.9838385238138706,-0.013060982528650483,0.016854907322191998,0.021323160306422558,0.1,6.0,2.2300481738199798,True
2015-04-15,2012-10-25,2014-12-04,525,526,2016-07-28,602,2016-08-20,True,0.021255422828194818,7.802830382877279,-1.0366559757621963,-0.021097482616722868,0.008994121453195586,0.022934646138054033,0.1,6.0,2.738610796389718,True
2015-04-15,2012-10-11,2014-12-04,535,536,2016-08-19,624,2016-08-20,True,0.021164183016504832,7.871643427558583,-1.069661782825725,-0.02275046696962746,0.005406768474767176,0.023384116247484023,0.1,6.0,2.908265874286966,True
2015-04-15,2012-09-27,2014-12-04,545,546,2016-08-19,624,2016-08-20,True,0.021038443554873713,7.931286431824915,-1.099834798969993,-0.022785417754379478,0.004527559009532445,0.023230885752084228,0.1,6.0,2.945443331292068,True
2015-04-15,2012-09-13,2014-12-04,555,556,2016-08-02,607,2016-08-20,True,0.020877273866547523,7.909406323482538,-1.0903501264580662,-0.021719876134527916,0.006953843986845981,0.02280589760330931,0.1,6.0,2.831744225300392,True
2015-04-15,2012-08-30,2014-12-04,565,566,2016-08-20,625,2016-08-20,True,0.02079628682365042,7.965619470598755,-1.117186806976385,-0.022754031255446422,0.004017774378637318,0.023106026255751273,0.1,6.0,2.966819994571878,True
2015-04-15,2012-08-16,2014-12-04,575,576,2016-08-20,625,2016-08-20,True,0.020657779709452914,7.98956842108695,-1.1293009256970086,-0.02273084852701507,0.0036748293911155194,0.02302598197280432,0.1,6.0,2.9813123695781107,True
2015-04-15,2012-08-02,2014-12-04,585,586,2016-08-20,625,2016-08-20,True,0.020567132093287848,8.02601975359346,-1.1477244763545367,-0.0226673827256859,0.003144611955579746,0.02288446687130593,0.1,6.0,3.003743989005727,True
2015-04-15,2012-07-18,2014-12-04,595,596,2016-08-20,625,2016-08-20,True,0.021233871555040734,8.195217876861983,-1.2332107418050506,-0.022310692603160612,0.0006674738678258962,0.022320674850840782,0.1,6.0,3.1116843558972067,True
2015-04-15,2012-07-04,2014-12-04,605,606,2016-08-20,625,2016-08-20,True,0.021679175283583256,8.345886572105092,-1.309301892765503,-0.021925688878759494,-0.001554016335700792,0.021980691517324534,0.1,6.0,-3.0708344680861894,True
2015-04-15,2012-06-20,2014-12-04,615,616,2016-08-20,625,2016-08-20,True,0.022754262674307267,6.029793488277358,-0.0005695921495862771,-6.802000968997527e-05,4.285891440252321e-06,6.81549013913303e-05,0.9,6.0,3.0786665671529763,True
2015-04-15,2012-06-06,2014-12-04,625,626,2016-08-20,625,2016-08-20,True,0.023921099857302314,6.053558858710007,-0.0006204963176605876,-6.408107616644559e-05,-9.012363214781955e-06,6.47117223798359e-05,0.9,6.0,-3.0018690600681697,True
2015-04-15,2012-05-22,2014-12-04,635,636,2016-08-20,625,2016-08-20,True,0.02503540789402303,6.075597445571802,-0.0006675234687593316,-6.00149066501144e-05,-2.1320295768111275e-05,6.368943422469451e-05,0.9,6.0,-2.8002484490320674,True
2015-04-15,2012-05-07,2014-12-04,645,646,2016-08-20,625,2016-08-20,True,0.02507463193040362,6.081324941569777,-0.0006797054943778795,-5.8865071720454336e-05,-2.4511199096973266e-05,6.376437524061296e-05,0.9,6.0,-2.7470319126381857,True
2015-04-15,2012-04-20,2014-12-04,655,656,2016-08-20,625,2016-08-20,True,0.025064780244941687,6.073707873162647,-0.000663598132318048,-6.0618945453065184e-05,-2.029553532373492e-05,6.39262489273277e-05,0.9,6.0,-2.818518046650517,True
2015-04-15,2012-04-04,2014-12-04,665,666,2016-08-20,625,2016-08-20,True,0.025079804635829168,6.065976756009443,-0.0006473163965904483,-6.25624701314344e-05,-1.604397905400083e-05,6.458693314310441e-05,0.9,6.0,-2.8905551712913304,True
2015-04-15,2012-03-21,2014-12-04,675,676,2016-08-20,625,2016-08-20,True,0.02586898252717648,6.0484886890973115,-0.0006106405730619797,-6.73411739663114e-05,-6.503873605451422e-06,6.765452004882381e-05,0.9,6.0,-3.04531034650079,True
2015-04-15,2012-03-07,2014-12-04,685,686,2016-08-20,625,2016-08-20,True,0.026736939881813835,6.0312425259656,-0.000574592943725037,-7.235791813799712e-05,2.832187732730216e-06,7.241332477257567e-05,0.9,6.0,3.1024712583662883,True
2015-04-15,2012-02-22,2014-12-04,695,696,2016-08-20,625,2016-08-20,True,0.027035423409673093,6.019782908007429,-0.0005507334507255026,-7.592872293527697e-05,8.97133369415291e-06,7.645688847209189e-05,0.9,6.0,3.023983250830616,True
2015-04-15,2012-02-07,2014-12-04,705,706,2016-08-20,625,2016-08-20,True,0.02718937550241267,6.010416014780146,-0.0005313040450491958,-7.903526628552415e-05,1.3931408387259827e-05,8.025370680832334e-05,0.9,6.0,2.9671166849090476,True
2015-04-15,2012-01-24,2014-12-04,715,716,2016-08-20,625,2016-08-20,True,0.02708898412109645,6.007651598075867,-0.0005255856937167445,-7.999307105005431e-05,1.5381331694070113e-05,8.145843590876296e-05,0.9,6.0,2.9516278879880256,True
2015-04-15,2012-01-10,2014-12-04,725,726,2016-08-20,625,2016-08-20,True,0.026948912416382254,6.009631637196998,-0.0005296583629052379,-7.924628819535757e-05,1.4366074838571339e-05,8.053793080908586e-05,0.9,6.0,2.962256403633188,True
2015-04-15,2011-12-23,2014-12-04,735,736,2016-08-20,625,2016-08-20,True,0.02709349832236827,6.017252621833747,-0.0005452878143812977,-7.625046679941601e-05,1.0511225312873673e-05,7.697155022933369e-05,0.9,6.0,3.004604734489128,True
2015-04-15,2011-12-09,2014-12-04,745,746,2016-08-20,625,2016-08-20,True,0.02787397866764001,6.030707269027818,-0.0005727850151445238,-7.070545558446683e-05,3.82468339492505e-06,7.080882467940298e-05,0.9,6.0,3.087552134863942,True
2015-04-15,2014-06-18,2014-12-11,125,126,2015-03-18,97,2016-08-20,False,0.01852092343608945,5.574495836059796,0.14906367445077123,0.001760241391376904,-0.014559122420370286,0.014665145597887709,0.1,13.0,-1.4504773273371407,True
2015-04-15,2014-06-03,2014-12-11,135,136,2015-03-17,96,2016-08-20,False,0.018061866761794484,5.6131286275043015,0.12574435116330213,0.0012783740224795725,-0.013714329582223638,0.013773782197755451,0.1,13.0,-1.4778504319395518,True
2015-04-15,2014-05-19,2014-12-11,145,146,2015-03-11,90,2016-08-20,False,0.018105861702734368,5.7220260380421815,0.06039768926098055,-0.006565695899698689,-0.010517979895452593,0.012399042855336257,0.1,13.0,-2.128845663528794,True
2015-04-15,2014-05-05,2014-12-11,155,156,2015-01-07,27,2016-08-20,False,0.017871327778818474,5.8129278369494015,0.0025088344849935884,0.0033331659453977418,-0.0036615776121574645,0.004951479155708119,0.30091642534767715,10.470049785421462,-0.8323149179704245,True
2015-04-15,2014-04-16,2014-12-11,165,166,2015-03-06,85,2016-08-20,False,0.017231784619052448,5.769121970355343,0.032056502933234116,-0.010513407235724356,-0.007055147609649282,0.012661233727331678,0.1,13.0,-2.550553327991666,True
2015-04-15,2014-04-02,2014-12-11,175,176,2015-01-08,28,2016-08-20,False,0.017213052020692576,5.79859153178869,0.009935571739201387,0.007589273239681469,-0.0006568889435936986,0.007617648678612116,0.19824754806451056,10.602278041347027,-0.08633973775527443,True
2015-04-15,2014-03-19,2014-12-11,185,186,2014-12-12,1,2016-08-20,False,0.01679121040483761,5.819835357280809,0.0022032326866429923,-0.00326429072019014,-0.013163690304112803,0.013562386822698757,0.1,8.109876931008396,-1.8138699630875126,True
2015-04-15,2014-03-05,2014-12-11,195,196,2015-03-07,86,2016-08-20,False,0.016703529875786653,5.784800170275198,0.022517186529581783,-0.010057442193232107,-0.008316995057911801,0.013050844810338325,0.1,13.0,-2.4506338357336324,True
2015-04-15,2014-02-19,2014-12-11,205,206,2015-03-07,86,2016-08-20,False,0.016405141370800576,5.777797095394531,0.026777840018733116,-0.010534199547389196,-0.007590790224300743,0.012984200257757674,0.1,13.0,-2.5171841808517628,True
2015-04-15,2014-02-04,2014-12-11,215,216,2014-12-12,1,2016-08-20,True,0.017386824994886092,5.828126360168558,-0.0033317889184900943,-0.00721602981663904,-0.011186142759964041,0.013311681943350345,0.1,8.027744181005954,-2.143709667082271,True
2015-04-15,2014-01-21,2014-12-11,225,226,2014-12-12,1,2016-08-20,True,0.018073887921196654,5.84254428828227,-0.01296605309744495,-0.012244480167452026,-0.005149167176399393,0.013283117750800634,0.1,7.8809244458450705,-2.7435145026355143,True
2015-04-15,2014-01-07,2014-12-11,235,236,2015-03-10,89,2016-08-20,True,0.018479828613651536,5.88514779671837,-0.03757824005404199,-0.0003104004753754254,0.01123055916779393,0.011234847915144806,0.1,6.0,1.5984282075980354,True
2015-04-15,2013-12-16,2014-12-11,245,246,2015-04-02,112,2016-08-20,True,0.018883938517255627,6.005810308437776,-0.10743074412977661,-0.008730001570438784,0.008173661952463825,0.01195916707521968,0.1,6.0,2.389094983480464,True
2015-04-15,2013-12-02,2014-12-11,255,256,2015-05-07,147,2016-08-20,True,0.019178909155165826,6.222663963640039,-0.23000755034894618,-0.013253166021796303,-0.003427228341901581,0.013689130860241986,0.1,6.0,-2.8885392507526317,True
2015-04-15,2013-11-18,2014-12-11,265,266,2015-04-25,135,2016-08-20,True,0.0189063624330432,6.144585205785858,-0.1862000982789497,-0.013017100996693008,0.0008881064438959682,0.013047361856474881,0.1,6.0,3.0734720872297174,True
2015-04-15,2013-11-04,2014-12-11,275,276,2015-04-20,130,2016-08-20,True,0.018582104128475337,6.116299305035307,-0.17033966263926048,-0.012646494860181339,0.0027745775881314397,0.012947282071583762,0.1,6.0,2.925619503087618,True
2015-04-15,2013-10-21,2014-12-11,285,286,2015-04-25,135,2016-08-20,True,0.018269192473951677,6.137271328891504,-0.18205321345283937,-0.012897311459953598,0.001229064805601622,0.012955741707498608,0.1,6.0,3.046583362535996,True
2015-04-15,2013-10-07,2014-12-11,295,296,2015-05-13,153,2016-08-20,True,0.01863673228481574,6.244159209674706,-0.24167455171480737,-0.01227011211853396,-0.005383705154454417,0.01339925119517852,0.1,6.0,-2.7281202917381115,True
2015-04-15,2013-09-23,2014-12-11,305,306,2015-05-27,167,2016-08-20,True,0.01857054827345618,6.325410943964179,-0.28652595913767764,-0.009984697841383366,-0.009522974347746717,0.01379787053902042,0.1,6.0,-2.379858887306955,True
2015-04-15,2013-09-09,2014-12-11,315,316,2015-06-13,184,2016-08-20,True,0.018408175013096117,6.407908962680466,-0.33142661901629583,-0.006010241984933884,-0.012651437884524795,0.014006494538729212,0.1,6.0,-2.014296834889139,True
2015-04-15,2013-08-26,2014-12-11,325,326,2015-08-05,237,2016-08-20,True,0.0190234380351497,6.7096162306196785,-0.4934327012854416,0.008979185899174583,-0.012626118155306086,0.015493374038074652,0.1,6.0,-0.9526198574999285,True
2015-04-15,2013-08-12,2014-12-11,335,336,2015-08-17,249,2016-08-20,True,0.018848954405487287,6.787307533413721,-0.5347716166066586,0.011843540791159152,-0.010798266563340597,0.016027227434737747,0.1,6.0,-0.7392652477383912,True
2015-04-15,2013-07-26,2014-12-11,345,346,2015-09-20,283,2016-08-20,True,0.018695780219766502,6.977378097540815,-0.6343544838001363,0.016701629745688867,-0.003308514525563813,0.017026177037959694,0.1,6.0,-0.195563458339127,True
2015-04-15,2013-07-12,2014-12-11,355,356,2015-10-02,295,2016-08-20,True,0.018559901229962122,7.0814309643157785,-0.6891811665368859,0.017874715724233735,0.0002458476462700032,0.017876406330337907,0.1,6.0,0.013753066030992876,True
2015-04-15,2013-06-28,2014-12-11,365,366,2016-04-20,496,2016-08-20,True,0.01889624528364541,8.386169796879907,-1.3502710972511847,-0.0184138666419838,0.019404691397824803,0.0267509351790471,0.1,6.0,2.330001049817724,True
2015-04-15,2013-06-14,2014-12-11,375,376,2016-08-10,608,2016-08-20,True,0.019287783335430905,9.509391257139558,-1.9094975524348021,-0.03494775380965909,-0.007154798940761514,0.03567263158533813,0.1,6.0,-2.939654683469277,True
2015-04-15,2013-05-31,2014-12-11,385,386,2016-04-26,502,2016-08-20,True,0.019426886163515976,8.451996409900469,-1.3837144097078606,-0.01986265552034766,0.01882000776158571,0.027362707769264062,0.1,6.0,2.3831418428770412,True
2015-04-15,2013-05-16,2014-12-11,395,396,2015-10-12,305,2016-08-20,True,0.02072151071826603,7.198638842558573,-0.7513477353089587,0.018911132111826757,0.003367897222985583,0.01920868682277784,0.1,6.0,0.1762429683699727,True
2015-04-15,2013-04-30,2014-12-11,405,406,2015-09-12,275,2016-08-20,True,0.02095566568892245,7.023865207781063,-0.6607916188452018,0.017755929344666112,-0.004890373444517135,0.018417078468628337,0.1,6.0,-0.2687584919304832,True
2015-04-15,2013-04-16,2014-12-11,415,416,2015-09-28,291,2016-08-20,True,0.020987908896670595,7.107283555882423,-0.7038688275180274,0.018656552330490878,-0.000583272357119885,0.018665667721861033,0.1,6.0,-0.03125349339293489,True
2015-04-15,2013-04-02,2014-12-11,425,426,2015-09-29,292,2016-08-20,True,0.020822683845501948,7.116209596684446,-0.7086472607395301,0.01873572069015668,-0.00035942297543363477,0.01873916792856168,0.1,6.0,-0.019181482236653183,True
2015-04-15,2013-03-15,2014-12-11,435,436,2015-09-28,291,2016-08-20,True,0.020640281148299428,7.096915978742252,-0.6983483864016432,0.01859458425544487,-0.0008975827320365226,0.01861623534428184,0.1,6.0,-0.04823375117679561,True
2015-04-15,2013-03-01,2014-12-11,445,446,2015-09-18,281,2016-08-20,True,0.020467962930286777,7.064827042987715,-0.6821777610008704,0.018371017627896294,-0.003088808489442707,0.01862887614884295,0.1,6.0,-0.1665768495117614,True
2015-04-15,2013-02-15,2014-12-11,455,456,2015-10-02,295,2016-08-20,True,0.020371446027439094,7.121160034753963,-0.7108706634645371,0.018640715434295074,0.00033213307307659867,0.01864367410894639,0.1,6.0,0.01781572889746392,True
2015-04-15,2013-02-01,2014-12-11,465,466,2015-10-10,303,2016-08-20,True,0.020284328009708072,7.163549273660324,-0.7326985676207609,0.01853891646944117,0.00247587795758758,0.018703512919282975,0.1,6.0,0.13276470846498883,True
2015-04-15,2013-01-18,2014-12-11,475,476,2015-10-16,309,2016-08-20,True,0.020082761753842163,7.183611446952739,-0.7426536928179929,0.018276509171074956,0.0038929109753235713,0.018686506986116524,0.1,6.0,0.20986450173845514,True
2015-04-15,2013-01-04,2014-12-11,485,486,2015-10-21,314,2016-08-20,True,0.01990526417189627,7.204270063708354,-0.7531157964894258,0.01799309010871883,0.005053546868697835,0.01868929179007597,0.1,6.0,0.2738063931413044,True
2015-04-15,2012-12-13,2014-12-11,495,496,2015-11-11,335,2016-08-20,True,0.020010897080061023,7.280916564586677,-0.7915030484357675,0.016148171631886032,0.009361172213400614,0.018665342007629877,0.1,6.0,0.5253628550953443,True
2015-04-15,2012-11-29,2014-12-11,505,506,2015-12-06,360,2016-08-20,True,0.020189307497356368,7.37205922681704,-0.8368750778951609,0.012843237808098207,0.013602402597644041,0.01870759508391596,0.1,6.0,0.8140968958181121,True
2015-04-15,2012-11-15,2014-12-11,515,516,2016-02-22,438,2016-08-20,True,0.021062488022272827,7.594166259617208,-0.9443940935515349,-0.00021129242002709825,0.019313287910004584,0.019314443672585814,0.1,6.0,1.5817361518418533,True
2015-04-15,2012-11-01,2014-12-11,525,526,2016-04-10,486,2016-08-20,True,0.02124873799438816,7.739747430993261,-1.0145632189765477,-0.00861878628835383,0.018025270832868125,0.019979836477873443,0.1,6.0,2.0168117783267996,True
2015-04-15,2012-10-18,2014-12-11,535,536,2016-07-11,578,2016-08-20,True,0.021262674474673462,7.902772312734905,-1.0887295588919956,-0.01945771958907025,0.009578532795646438,0.021687580365826024,0.1,6.0,2.6841447872264834,True
2015-04-15,2012-10-04,2014-12-11,545,546,2016-08-19,617,2016-08-20,True,0.02114773543791998,7.979006328998062,-1.123633244871393,-0.022167098241017924,0.004122043190149416,0.02254709481260052,0.1,6.0,2.9577393737074313,True
2015-04-15,2012-09-20,2014-12-11,555,556,2016-08-02,600,2016-08-20,True,0.02099558868961854,7.983518415130498,-1.12758648014948,-0.021265610682462244,0.006039905148311875,0.02210671056260195,0.1,6.0,2.8648580906019685,True
2015-04-15,2012-09-06,2014-12-11,565,566,2016-08-12,610,2016-08-20,True,0.020819855226920033,7.977949833882512,-1.1238243162753714,-0.021789264042878204,0.005025291657830777,0.02236125183831461,0.1,6.0,2.9149245324224036,True
2015-04-15,2012-08-23,2014-12-11,575,576,2016-08-19,617,2016-08-20,True,0.020771792633853876,8.053252131684388,-1.161283277917689,-0.022119535869477097,0.003120951659942861,0.02233862588309281,0.1,6.0,3.001423111944393,True
2015-04-15,2012-08-09,2014-12-11,585,586,2016-08-15,613,2016-08-20,True,0.020603209245852676,8.048472035737744,-1.1591968265170083,-0.021977565341940966,0.003579937115126469,0.02226722542454593,0.1,6.0,2.980120296436314,True
2015-04-15,2012-07-25,2014-12-11,595,596,2016-08-20,618,2016-08-20,True,0.020888676179467425,8.15592230058846,-1.2131028532387584,-0.022003184714444374,0.0014852111712035376,0.02205325349695655,0.1,6.0,3.0741950616557676,True
2015-04-15,2012-07-11,2014-12-11,605,606,2016-08-20,618,2016-08-20,True,0.021483470578258824,8.312519770486267,-1.2922537227230257,-0.02171325559748069,-0.0008603959602174194,0.021730295668717557,0.1,6.0,-3.1019879956275775,True
2015-04-15,2012-06-27,2014-12-11,615,616,2016-08-20,618,2016-08-20,True,0.022101875327239236,6.020593431203622,-0.0005492041335834438,-6.869922214328651e-05,1.026504375272285e-05,6.946189060440223e-05,0.9,6.0,2.9932699062048953,True
2015-04-15,2012-06-13,2014-12-11,625,626,2016-08-20,618,2016-08-20,True,0.023285317801958277,6.043281835700968,-0.0005981604001194837,-6.546530869848694e-05,-2.78238185124797e-06,6.552440989245414e-05,0.9,6.0,-3.099116594646098,True
2015-04-15,2012-05-30,2014-12-11,635,636,2016-08-20,618,2016-08-20,True,0.024750011903446882,6.067851460562121,-0.0006509566106586195,-6.144636191232932e-05,-1.6904403283208083e-05,6.37292259691132e-05,0.9,6.0,-2.873125773193535,True
2015-04-15,2012-05-14,2014-12-11,645,646,2016-08-20,618,2016-08-20,True,0.02510081691988254,6.081348002836121,-0.0006798382946563518,-5.89496711969682e-05,-2.4648176274332477e-05,6.389519800330247e-05,0.9,6.0,-2.7455618120148086,True
2015-04-15,2012-04-27,2014-12-11,655,656,2016-08-20,618,2016-08-20,True,0.025022397938935625,6.076929242050669,-0.0006704354121620214,-5.989721597625222e-05,-2.2124242267416354e-05,6.385263172033817e-05,0.9,6.0,-2.7877668748109112,True
2015-04-15,2012-04-13,2014-12-11,665,666,2016-08-20,618,2016-08-20,True,0.025003890752222514,6.0700982841018645,-0.0006559425774310564,-6.146990347829914e-05,-1.823598350062658e-05,6.411786122342616e-05,0.9,6.0,-2.8531980754711004,True
2015-04-15,2012-03-28,2014-12-11,675,676,2016-08-20,618,2016-08-20,True,0.025349858183158186,6.058520580134081,-0.0006314938214562949,-6.442795415247922e-05,-1.1692224330186476e-05,6.548029769374425e-05,0.9,6.0,-2.962068949345567,True
2015-04-15,2012-03-14,2014-12-11,685,686,2016-08-20,618,2016-08-20,True,0.02646210364314846,6.0395000369441965,-0.000591466689533644,-6.964632312492179e-05,-1.0118212470502713e-06,6.965367260279244e-05,0.9,6.0,-3.127065683251562,True
2015-04-15,2012-02-29,2014-12-11,695,696,2016-08-20,618,2016-08-20,True,0.02686236174079386,6.027408171861131,-0.0005661092224505238,-7.31965078046763e-05,5.724840487635166e-06,7.342004190552404e-05,0.9,6.0,3.063539613044425,True
2015-04-15,2012-02-14,2014-12-11,705,706,2016-08-20,618,2016-08-20,True,0.02711190900612579,6.017048464562294,-0.0005444657862406211,-7.645448850343717e-05,1.1439598264310633e-05,7.730558337384841e-05,0.9,6.0,2.9930682535482753,True
2015-04-15,2012-01-31,2014-12-11,715,716,2016-08-20,618,2016-08-20,True,0.027141280129298354,6.0105425399627554,-0.0005309212619550992,-7.862821833481173e-05,1.4990463719089268e-05,8.004442966890422e-05,0.9,6.0,2.9532035042943634,True
2015-04-15,2012-01-17,2014-12-11,725,726,2016-08-20,618,2016-08-20,True,0.026964935518070304,6.010206014195641,-0.0005302233289963779,-7.874789332537694e-05,1.5171737901728999e-05,8.019608677575051e-05,0.9,6.0,2.9512625781462902,True
2015-04-15,2012-01-03,2014-12-11,735,736,2016-08-20,618,2016-08-20,True,0.026890060112354664,6.014567730615043,-0.0005392374692082505,-7.710968826885192e-05,1.2855267531484838e-05,7.817392102373762e-05,0.9,6.0,2.9763978851077577,True
2015-04-15,2011-12-16,2014-12-11,745,746,2016-08-20,618,2016-08-20,True,0.02746264605012543,6.025997973023115,-0.0005627602224423328,-7.25417727635532e-05,6.8993734504201e-06,7.286913029319996e-05,0.9,6.0,3.0467689111694622,True
2015-04-15,2014-06-25,2014-12-18,125,126,2015-03-18,90,2016-08-20,False,0.018868233447004345,5.6056556006803735,0.1304755532026693,0.0021291237913791897,-0.013868528427952944,0.014031010258564985,0.1,13.0,-1.4184637030630085,True
2015-04-15,2014-06-11,2014-12-18,135,136,2015-03-18,90,2016-08-20,False,0.01819948822165104,5.603784239646953,0.13165466346005097,0.0017766924235115798,-0.013950899115783108,0.01406357785581327,0.1,13.0,-1.4441249554388722,True
2015-04-15,2014-05-26,2014-12-18,145,146,2015-03-15,87,2016-08-20,False,0.017943845445672575,5.671566725742462,0.09084058132123728,-0.002055334485466633,-0.012688450486564291,0.012853838943955302,0.1,13.0,-1.7313861198329892,True
2015-04-15,2014-05-12,2014-12-18,155,156,2015-03-08,80,2016-08-20,False,0.017839402480537888,5.748270334020227,0.044683028059032494,-0.009101595942198261,-0.008393908215213103,0.012381306224323096,0.1,13.0,-2.3966221412916133,True
2015-04-15,2014-04-25,2014-12-18,165,166,2015-03-06,78,2016-08-20,False,0.017400406975168623,5.766883026425217,0.03344109689742486,-0.010674973206621214,-0.006724016615796671,0.012616158385641427,0.1,13.0,-2.579487493481182,True
2015-04-15,2014-04-09,2014-12-18,175,176,2015-03-06,78,2016-08-20,False,0.017045785354457485,5.775854980808656,0.027999575369604505,-0.01114341528918213,-0.006505258794794969,0.012903259134592135,0.1,13.0,-2.6131879628378405,True
2015-04-15,2014-03-26,2014-12-18,185,186,2015-01-10,23,2016-08-20,False,0.016925036690639533,5.775135269183867,0.02695059408042254,0.007736422457163489,0.008087912664222503,0.01119225462986767,0.12409437679577018,10.758090955664237,0.8076065163039948,True
2015-04-15,2014-03-12,2014-12-18,195,196,2015-03-07,79,2016-08-20,False,0.01681874829403021,5.789306203345667,0.01978211203814516,-0.010095716492885227,-0.00846091762707791,0.013172342942579065,0.1,13.0,-2.444065442148576,True
2015-04-15,2014-02-26,2014-12-18,205,206,2015-03-06,78,2016-08-20,False,0.01653699723941974,5.7795239018167575,0.025749239559718192,-0.010710533764288557,-0.0074231095494603746,0.013031426970951991,0.1,13.0,-2.535535382090221,True
2015-04-15,2014-02-11,2014-12-18,215,216,2015-03-07,79,2016-08-20,False,0.016396828653891284,5.7885713673526995,0.020228320583885573,-0.009762236013228879,-0.008434513632078044,0.012901250799348613,0.1,13.0,-2.429030227381954,True
2015-04-15,2014-01-28,2014-12-18,225,226,2015-03-09,81,2016-08-20,True,0.01880883897664268,5.845032612846996,-0.013992741208021776,-0.0058079946335467475,0.010649576343092732,0.012130386554049636,0.1,12.61176185014116,2.070080433287019,True
2015-04-15,2014-01-14,2014-12-18,235,236,2015-03-02,74,2016-08-20,True,0.018765903167515346,5.857587929400308,-0.021619649873460194,0.0004425377404409334,-0.011938804206016146,0.011947003202531729,0.1,12.014148759053063,-1.5337461146406517,True
2015-04-15,2013-12-23,2014-12-18,245,246,2015-02-27,71,2016-08-20,False,0.019097704390561302,5.818887798411217,0.00017353150296043165,0.0009717658253864119,0.003084355037080667,0.003233817374892067,0.32718463714352425,6.0,1.2655782861573148,True
2015-04-15,2013-12-09,2014-12-18,255,256,2015-05-30,163,2016-08-20,True,0.020174896916573423,5.919431365862693,-0.011968418856904188,-0.0020735436387305716,-0.0015091820899861721,0.0025646079237292884,0.3753576820737332,6.0,-2.5124336092758672,True
2015-04-15,2013-11-25,2014-12-18,265,266,2015-05-14,147,2016-08-20,True,0.019938069263215764,5.8799181004518655,-0.004280161268805547,-0.00135928201976797,-0.00036429446505854596,0.001407251955598849,0.4729821159682869,6.0,-2.879741137390623,True
2015-04-15,2013-11-11,2014-12-18,275,276,2015-05-09,142,2016-08-20,True,0.019614988500683637,5.866237939096632,-0.002700135365871725,-0.0006355826944694923,-0.0009011253905316681,0.001102720422849759,0.5103997751550879,6.145444143713232,-2.1850845365598954,True
2015-04-15,2013-10-28,2014-12-18,285,286,2015-04-22,125,2016-08-20,True,0.019270479908218098,5.847740395586023,-0.0008446299019299475,-0.0005230637025203712,0.00014435131257181278,0.00054261675087996,0.6367621727208979,6.0,2.872322337991542,True
2015-04-15,2013-10-14,2014-12-18,295,296,2015-05-16,149,2016-08-20,True,0.019093621302676975,5.893911994601192,-0.008155534144851236,-0.001915961986813929,-0.0010623843020640552,0.0021907922631295073,0.39416536208607406,6.035374021832607,-2.6353077488450354,True
2015-04-15,2013-09-30,2014-12-18,305,306,2015-07-03,197,2016-08-20,True,0.01938220777686542,6.388938965424582,-0.31967632828916653,-0.0027569554379746966,-0.013230450292794774,0.013514644584194272,0.1,6.0,-1.7762360213180335,True
2015-04-15,2013-09-16,2014-12-18,315,316,2015-07-14,208,2016-08-20,True,0.01910703705860929,6.437112011430877,-0.34555865415308634,0.0025608544949935683,-0.013481310975218808,0.013722380309373583,0.1,6.030616427115923,-1.3830769487012502,True
2015-04-15,2013-09-02,2014-12-18,325,326,2015-08-15,240,2016-08-20,True,0.01919759407938253,6.614902284205327,-0.440956538018474,0.008575071059924,-0.012074148255773166,0.014809351767891001,0.1,6.0,-0.9532568738506905,True
2015-04-15,2013-08-19,2014-12-18,335,336,2015-10-05,291,2016-08-20,True,0.019396680469081152,6.9165998482792945,-0.6003306285817936,0.01681916739633614,-0.0018901963851907094,0.01692504754145656,0.1,6.0,-0.11191388678976347,True
2015-04-15,2013-08-05,2014-12-18,345,346,2015-11-15,332,2016-08-20,True,0.019142635795140726,7.094426507576314,-0.6916350632876138,0.01593885164971208,0.008020800698506969,0.01784321259629833,0.1,6.006922462594093,0.46622288150126556,True
2015-04-15,2013-07-19,2014-12-18,355,356,2015-12-24,371,2016-08-20,True,0.018958589216001992,7.32034717024828,-0.807786831526948,0.011797421256316144,0.015493362423182166,0.019473659837715488,0.1,6.0,0.9200073836336249,True
2015-04-15,2013-07-05,2014-12-18,365,366,2016-03-08,446,2016-08-20,True,0.01890724468651765,7.794361967097291,-1.0485082052167687,-0.004545352443400069,0.022612349292687905,0.02306466061682344,0.1,6.0,1.769164726628773,True
2015-04-15,2013-06-21,2014-12-18,375,376,2016-08-15,606,2016-08-20,True,0.01952627105474044,6.779827945458826,-0.11231589771243812,-0.007180746926490247,-0.000695842512716989,0.0072143830799870495,0.32669697507630635,6.0,-3.044990358994178,True
2015-04-15,2013-06-07,2014-12-18,385,386,2016-08-11,602,2016-08-20,True,0.019406897301178266,9.12791964956752,-1.7150734109775918,-0.0336745093435844,-0.00338744779305733,0.03384445866137974,0.1,6.0,-3.041336087448184,True
2015-04-15,2013-05-24,2014-12-18,395,396,2016-01-23,401,2016-08-20,True,0.020217772704824298,7.636803895228128,-0.9718322325630162,0.0052914235835039986,0.02170914345156899,0.022344710178045787,0.1,6.0,1.3317164439489588,True
2015-04-15,2013-05-08,2014-12-18,405,406,2015-11-19,336,2016-08-20,True,0.02128614711988564,7.177733277004244,-0.7355312934383132,-0.006536962667425136,0.017712132455439258,0.018879923650119316,0.1,6.226598064150106,1.9243552984011083,True
2015-04-15,2013-04-23,2014-12-18,415,416,2015-11-08,325,2016-08-20,True,0.021130836916238495,7.116525650230793,-0.7038890749030247,-0.008772601910210565,0.01632442217941331,0.018532277349714774,0.1,6.272418536468658,2.0639076188263235,True
2015-04-15,2013-04-09,2014-12-18,425,426,2015-11-16,333,2016-08-20,True,0.02114636510861315,7.185040584655921,-0.7400886295836316,0.008216138902815681,0.01724325791886911,0.019100651353474926,0.1,6.103891199538267,1.126137762863582,True
2015-04-15,2013-03-22,2014-12-18,435,436,2015-11-24,341,2016-08-20,True,0.02096940472933153,7.197645482495576,-0.7455732865756948,-0.008093761043989109,0.01711226206879285,0.01892983045217897,0.1,6.2306440062738115,2.012595393778645,True
2015-04-15,2013-03-08,2014-12-18,445,446,2015-11-16,333,2016-08-20,True,0.020840068556510487,7.151570794982639,-0.7215840749490098,-0.015302649374250294,0.01068387040923953,0.018663230288261112,0.1,6.3296142872461365,2.53209506802896,True
2015-04-15,2013-02-22,2014-12-18,455,456,2015-11-21,338,2016-08-20,True,0.020690003875699865,7.1757736990786265,-0.7340409626796107,-0.013254384018036138,0.013263895747636367,0.0187512566539349,0.1,6.291286252924151,2.3558358044375987,True
2015-04-15,2013-02-08,2014-12-18,465,466,2015-11-25,342,2016-08-20,True,0.02055253861282485,7.202393509064557,-0.7479934201256455,-0.005046340986944106,0.018229311815904703,0.01891489800760223,0.1,6.200638850312419,1.840859031116665,True
2015-04-15,2013-01-25,2014-12-18,475,476,2015-11-12,329,2016-08-20,True,0.020409860280785713,7.1836963896395325,-0.740053815526054,0.017372707062404902,0.008104486771761954,0.019170124060886973,0.1,6.0,0.43649591187480646,True
2015-04-15,2013-01-11,2014-12-18,485,486,2015-12-26,373,2016-08-20,True,0.020234280703340577,7.292766150631559,-0.7921311191444964,-0.018863854156282514,-0.000360517870724289,0.018867298873039794,0.1,6.353377914670437,-3.1224834098451075,True
2015-04-15,2012-12-20,2014-12-18,495,496,2015-12-02,349,2016-08-20,True,0.020154878348582213,7.247780951782295,-0.7719634753061538,0.01519785200997445,0.011799418376127288,0.01924060757179915,0.1,6.0,0.6601761728271334,True
2015-04-15,2012-12-06,2014-12-18,505,506,2015-12-24,371,2016-08-20,True,0.020213844573462845,7.323423592210995,-0.8095555197292801,0.01190572974339621,0.015252920371515901,0.019349366412949907,0.1,6.0,0.9080256130952681,True
2015-04-15,2012-11-22,2014-12-18,515,516,2016-02-06,415,2016-08-20,True,0.02060127376746457,7.455850503370437,-0.874351203080111,0.004163744999310465,0.019278310084964608,0.019722829719675903,0.1,6.0,1.3580828821587743,True
2015-04-15,2012-11-08,2014-12-18,525,526,2016-07-16,576,2016-08-20,True,0.021345233539806007,7.71311426870506,-0.9919757598079185,-0.019451886637492588,0.011630392602449163,0.02266366973473111,0.1,6.0,2.6027145517083405,True
2015-04-15,2012-10-25,2014-12-18,535,536,2016-07-02,562,2016-08-20,True,0.02133429138712602,7.801431243865558,-1.0382422732521621,-0.018768766074611087,0.011825655779288319,0.02218361365002752,0.1,6.0,2.5793550627512327,True
2015-04-15,2012-10-11,2014-12-18,545,546,2016-08-02,593,2016-08-20,True,0.021243767895211874,7.874962237265703,-1.0727871052526532,-0.021615185771537204,0.007423001598492546,0.022854260186435424,0.1,6.0,2.810795271687743,True
2015-04-15,2012-09-27,2014-12-18,555,556,2016-08-19,610,2016-08-20,True,0.0211156493167136,7.933722498397188,-1.1011081233795137,-0.022708461501404237,0.004625679669095606,0.023174795277668424,0.1,6.0,2.940643381043851,True
2015-04-15,2012-09-13,2014-12-18,565,566,2016-08-07,598,2016-08-20,True,0.020954713997564555,7.911537262685469,-1.0909108276204706,-0.022039205285428964,0.006320581956074767,0.022927632365264797,0.1,6.0,2.8623004985785165,True
2015-04-15,2012-08-30,2014-12-18,575,576,2016-08-20,611,2016-08-20,True,0.020875747353063925,7.96477459402897,-1.1167476870425712,-0.022751151450060597,0.004053042586860567,0.023109349763991625,0.1,6.0,2.9652954297289944,True
2015-04-15,2012-08-16,2014-12-18,585,586,2016-08-20,611,2016-08-20,True,0.020739046063104078,7.986513943268908,-1.127757267183089,-0.022751321043250672,0.0037317958256770922,0.023055344484470445,0.1,6.0,2.9790148975194715,True
2015-04-15,2012-08-02,2014-12-18,595,596,2016-08-20,611,2016-08-20,True,0.02064960737864992,8.019512181827963,-1.1444555924007056,-0.02272577680484579,0.0032346114554494265,0.02295481741707809,0.1,6.0,3.000210009755323,True
2015-04-15,2012-07-18,2014-12-18,605,606,2016-08-20,611,2016-08-20,True,0.02130946254217862,8.172092489549007,-1.2216385888577654,-0.022550290178472363,0.0009165496787449379,0.022568908933462306,0.1,6.0,3.1009703174477328,True
2015-04-15,2012-07-04,2014-12-18,615,616,2016-08-20,611,2016-08-20,True,0.02175811986887347,7.103683527634335,-0.379358126139231,-0.012149979203987341,-0.0002673166538816468,0.012152919519636726,0.18578133709314848,6.0,-3.1195947942265208,True
2015-04-15,2012-06-20,2014-12-18,625,626,2016-08-20,611,2016-08-20,True,0.022836737736054828,6.023678538393565,-0.0005576867120467173,-7.042308520216118e-05,6.090487032185107e-06,7.068596014542116e-05,0.9,6.0,3.0553230709736368,True
2015-04-15,2012-06-06,2014-12-18,635,636,2016-08-20,611,2016-08-20,True,0.024020424062252403,6.045433402629939,-0.0006047774317357582,-6.737255613777302e-05,-6.757658363796588e-06,6.77106141391375e-05,0.9,6.0,-3.041624173728668,True
2015-04-15,2012-05-22,2014-12-18,645,646,2016-08-20,611,2016-08-20,True,0.02515951762469021,6.065737629565631,-0.000648562473077293,-6.41208187262717e-05,-1.874808289754136e-05,6.680546389675382e-05,0.9,6.0,-2.857134970791056,True
2015-04-15,2012-05-07,2014-12-18,655,656,2016-08-20,611,2016-08-20,True,0.025210908082878555,6.0713738802067265,-0.0006606761039930498,-6.311722229732111e-05,-2.207358861646853e-05,6.686573909662958e-05,0.9,6.0,-2.80516400097438,True
2015-04-15,2012-04-20,2014-12-18,665,666,2016-08-20,611,2016-08-20,True,0.025180405508817363,6.064922572752314,-0.0006468887186699649,-6.446419733966989e-05,-1.828106427671097e-05,6.700619411470211e-05,0.9,6.0,-2.8652629019767915,True
2015-04-15,2012-04-04,2014-12-18,675,676,2016-08-20,611,2016-08-20,True,0.02517533428166862,6.058303954251534,-0.0006328012782415995,-6.599562583559844e-05,-1.440699308158971e-05,6.754986364964242e-05,0.9,6.0,-2.9266623043434805,True
2015-04-15,2012-03-21,2014-12-18,685,686,2016-08-20,611,2016-08-20,True,0.02591359820322875,6.042776351327643,-0.0005998886745570721,-6.995137220367616e-05,-5.371777495633467e-06,7.015732653572135e-05,0.9,6.0,-3.0649500502153844,True
2015-04-15,2012-03-07,2014-12-18,695,696,2016-08-20,611,2016-08-20,True,0.026741135729519326,6.027350152270075,-0.0005672993497375483,-7.417250642719013e-05,3.551111163189216e-06,7.425746494585503e-05,0.9,6.0,3.0937528024703815,True
2015-04-15,2012-02-22,2014-12-18,705,706,2016-08-20,611,2016-08-20,True,0.027022573308713372,6.0170915612850315,-0.0005457107963439678,-7.720784092694109e-05,9.435267637628443e-06,7.77822278929674e-05,0.9,6.0,3.0199895343215175,True
2015-04-15,2012-02-07,2014-12-18,715,716,2016-08-20,611,2016-08-20,True,0.027167057363260277,6.008677491826214,-0.000528069495022024,-7.987871769668122e-05,1.421527084910245e-05,8.113373814991784e-05,0.9,6.0,2.96547573586596,True
2015-04-15,2012-01-24,2014-12-18,725,726,2016-08-20,611,2016-08-20,True,0.02706655989025579,6.006230670544362,-0.0005229532335638295,-8.069410813503615e-05,1.5594253780988994e-05,8.218710262988224e-05,0.9,6.0,2.950694420527764,True
2015-04-15,2012-01-10,2014-12-18,735,736,2016-08-20,611,2016-08-20,True,0.02692988030184203,6.008096204428883,-0.0005268322641374406,-8.001082563430909e-05,1.4563100346751297e-05,8.132537187368626e-05,0.9,6.0,2.961549488206671,True
2015-04-15,2011-12-23,2014-12-18,745,746,2016-08-20,611,2016-08-20,True,0.0270791843127008,6.01511762297505,-0.0005413892656763821,-7.73166380761892e-05,1.0728492152673212e-05,7.805743441386221e-05,0.9,6.0,3.003712631928173,True
2015-04-15,2014-07-02,2015-01-05,125,126,2015-03-06,60,2016-08-20,False,0.019798469303299936,5.786047654615061,0.007645630518647789,-0.0032869141091602236,-0.0028728233879835694,0.00436542306993743,0.31843554827458975,13.0,-2.4233188788359694,True
2015-04-15,2014-06-18,2015-01-05,135,136,2015-03-06,60,2016-08-20,False,0.01911131511563283,5.780029752915871,0.011918334259549041,-0.0041137629957917485,-0.004136187375322713,0.005833617401692066,0.25885814608933017,13.0,-2.353476373925305,True
2015-04-15,2014-06-03,2015-01-05,145,146,2015-03-06,60,2016-08-20,False,0.018550493342798492,5.755681341228845,0.03466311088252336,-0.008017938138255073,-0.007077951235346546,0.010695079507831108,0.13398084073229333,13.0,-2.418381939811987,True
2015-04-15,2014-05-19,2015-01-05,155,156,2015-01-10,5,2016-08-20,False,0.018055464429454608,5.803158345803736,0.00834251323620643,0.002908568439711158,0.008705730845728885,0.00917875372404986,0.18170668413788463,10.84651218153945,1.248357608864234,True
2015-04-15,2014-05-05,2015-01-05,165,166,2015-03-02,56,2016-08-20,False,0.01768659051380324,5.778921092803262,0.026662286113315337,-0.012002908331584922,-0.0034449206650107936,0.012487485207384599,0.1,13.0,-2.8620981018155094,True
2015-04-15,2014-04-16,2015-01-05,175,176,2015-03-02,56,2016-08-20,False,0.017215281437237964,5.779810110119711,0.026117538128629825,-0.012036319573465445,-0.0034792349810255996,0.01252908875089404,0.1,13.0,-2.860201267225054,True
2015-04-15,2014-04-02,2015-01-05,185,186,2015-01-10,5,2016-08-20,False,0.01694895873435992,5.772210020460615,0.03219379752634148,0.006591243847979836,0.010854852866275126,0.012699304162512737,0.1,10.793582768192953,1.0250875950728031,True
2015-04-15,2014-03-19,2015-01-05,195,196,2015-03-02,56,2016-08-20,False,0.01681299893023051,5.782561930002016,0.024429355229978588,-0.01187894869276189,-0.00397958214492113,0.012527828865906672,0.1,13.0,-2.818332682537732,True
2015-04-15,2014-03-05,2015-01-05,205,206,2015-03-03,57,2016-08-20,False,0.01675578633765582,5.801303668193784,0.011124046303090987,-0.010057144156593756,-0.004361018425594568,0.010961962885126152,0.1307247353375002,13.0,-2.732440190487361,True
2015-04-15,2014-02-19,2015-01-05,215,216,2015-03-02,56,2016-08-20,False,0.01645155249294744,5.79857230477076,0.012580878659595693,-0.010196619105264959,-0.0040001510549188424,0.010953184452022284,0.13039103424886497,13.0,-2.767740303866699,True
2015-04-15,2014-02-04,2015-01-05,225,226,2015-03-03,57,2016-08-20,True,0.017972526457271227,5.832007947055695,-0.005733081789911689,-0.005495840954671183,0.010826367956550583,0.012141437762047224,0.1,12.686898507163173,2.0405330914237036,True
2015-04-15,2014-01-21,2015-01-05,235,236,2015-02-16,42,2016-08-20,True,0.018921815376318527,5.857574356169153,-0.0215590321524417,0.01181631408467246,-0.000925763520421161,0.011852523640278948,0.1,11.267349695424505,-0.07818650613441168,True
2015-04-15,2014-01-07,2015-01-05,245,246,2015-02-13,39,2016-08-20,True,0.0187912594379892,5.8666291741170244,-0.02720579658798313,-0.005773134827320401,-0.010057640445681438,0.011596776149819693,0.1,10.917176118796636,-2.09188243566639,True
2015-04-15,2013-12-16,2015-01-05,255,256,2015-03-20,74,2016-08-20,True,0.019621463047669242,5.828981925265325,-0.000373656450175147,-0.00026464158295671293,0.0006256663127298335,0.000679333130588212,0.6007299389436441,6.0,1.9709510389775893,True
2015-04-15,2013-12-02,2015-01-05,265,266,2015-06-13,159,2016-08-20,True,0.01999410032851502,5.863993139724187,-0.0007020311299067424,0.00027550718579340825,-0.00011435412933565552,0.0002982969599575554,0.7282373173496111,6.322481162764257,-0.39342789928362415,True
2015-04-15,2013-11-18,2015-01-05,275,276,2015-04-17,102,2016-08-20,True,0.019669828674186696,5.836210285813947,-0.00017045590755030885,-0.00015751652817058974,6.456509000084546e-05,0.00017023544723039754,0.8369524333894404,6.0,2.752586116109884,True
2015-04-15,2013-11-04,2015-01-05,285,286,2015-04-13,98,2016-08-20,True,0.01933484471403788,5.834496982414234,-0.00015012330188094477,-0.0001461580534897042,7.916628983952568e-05,0.00016622117207761177,0.843257908571198,6.0,2.645183949082643,True
2015-04-15,2013-10-21,2015-01-05,295,296,2015-04-18,103,2016-08-20,True,0.01902912819983992,5.836488565564175,-0.0001731765768345307,-0.0001581239771546595,6.209765609525904e-05,0.0001698802844468196,0.8368382908090629,6.0,2.7673821903887523,True
2015-04-15,2013-10-07,2015-01-05,305,306,2015-06-03,149,2016-08-20,True,0.01936170455848373,5.875487709156149,-0.0021152155999489995,-0.0005594607936909495,-0.0004470803237895486,0.000716154449540792,0.5790639579729939,6.0,-2.467384148154024,True
2015-04-15,2013-09-23,2015-01-05,315,316,2015-08-20,227,2016-08-20,True,0.019247505201535883,6.491896790885572,-0.3722863067108689,-0.006537863689373015,0.011602611686575066,0.013317817372612919,0.1,6.511311878333792,2.083931500079423,True
2015-04-15,2013-09-09,2015-01-05,325,326,2015-08-13,220,2016-08-20,True,0.0190205952852159,6.52824313150743,-0.39342093034986836,0.01341105258118133,-0.0038139251222461673,0.013942824540720251,0.1,6.13270709853672,-0.27707184780403205,True
2015-04-15,2013-08-26,2015-01-05,335,336,2015-10-11,279,2016-08-20,True,0.01940401051040939,6.897870631620926,-0.589605661927305,0.016574618444943248,-0.001128987637095763,0.01661302469992048,0.1,6.0,-0.06801039947161644,True
2015-04-15,2013-08-12,2015-01-05,345,346,2015-11-21,320,2016-08-20,True,0.019204822194122968,7.107861655880768,-0.6980967407697739,0.01427576313747498,0.010741831689265069,0.017865731476706705,0.1,6.024537338591026,0.6450687737072747,True
2015-04-15,2013-07-26,2015-01-05,355,356,2015-11-28,327,2016-08-20,True,0.018992597439477087,7.175320281784051,-0.7335194067025347,0.015307877520020684,0.010395689437785599,0.01850409341348129,0.1,6.0,0.5965658833282083,True
2015-04-15,2013-07-12,2015-01-05,365,366,2015-12-21,350,2016-08-20,True,0.018809389001029148,7.335427436775858,-0.816205916199513,0.0122579504231402,0.015465648483977579,0.019734326226302255,0.1,6.0,0.9005887629819869,True
2015-04-15,2013-06-28,2015-01-05,375,376,2016-05-07,488,2016-08-20,True,0.01901574249440403,8.301532078844074,-1.3045524039210463,-0.019777527839210662,0.018387506034332812,0.027004647481375838,0.1,6.0,2.3925997419286027,True
2015-04-15,2013-06-14,2015-01-05,385,386,2016-08-18,591,2016-08-20,True,0.019379338346812432,9.320450027169425,-1.8123251410594616,-0.03462550952422605,-0.006531881226186323,0.035236222586498604,0.1,6.0,-2.955140159319824,True
2015-04-15,2013-05-31,2015-01-05,395,396,2016-06-11,523,2016-08-20,True,0.019525241994219095,8.5673209346095,-1.4367905966532564,-0.026434484041054473,0.012204096794656616,0.029115664599835455,0.1,6.0,2.709073683247451,True
2015-04-15,2013-05-16,2015-01-05,405,406,2015-12-09,338,2016-08-20,True,0.02090005035469441,7.325576969588249,-0.8126327335677724,0.01448525801294965,0.014082344009834769,0.02020235413294825,0.1,6.0,0.7712952194339592,True
2015-04-15,2013-04-30,2015-01-05,415,416,2015-11-15,314,2016-08-20,True,0.02117275715516758,5.970750941934913,-0.0028158716128158304,-0.00036122814712510464,-0.00032854927578879114,0.000488293355368241,0.6516075081414854,6.567505241321327,-2.403535058434915,True
2015-04-15,2013-04-16,2015-01-05,425,426,2015-11-25,324,2016-08-20,True,0.021180071941047842,7.19744643797175,-0.7454906012374826,-0.0014668753722129196,0.01899910618573788,0.019055649010583403,0.1,6.171351941352191,1.6478510603452035,True
2015-04-15,2013-04-02,2015-01-05,435,436,2016-01-21,381,2016-08-20,True,0.02101705377399401,7.340164678696542,-0.8130741897953572,0.018520689476320087,0.00011379921318660502,0.018521039089079087,0.1,6.797443194243551,0.0061443598649644,True
2015-04-15,2013-03-15,2015-01-05,445,446,2015-11-18,317,2016-08-20,True,0.020843488822703697,6.163026671857554,-0.041666048072446706,-0.003077426475478996,0.002141195616776637,0.0037490361936479834,0.34446651981356163,6.335368297139112,2.5337080643376635,True
2015-04-15,2013-03-01,2015-01-05,455,456,2015-12-03,332,2016-08-20,True,0.0206751049866507,6.027713871148449,-0.007919907381633277,-0.00013501582147454035,-0.0010617439683227488,0.0010702941307501332,0.5312292558655894,6.638734258609922,-1.6972816544921623,True
2015-04-15,2013-02-15,2015-01-05,465,466,2015-11-09,308,2016-08-20,True,0.020564470336513735,7.14604500255827,-0.7202815129603809,0.016092588041893147,0.010273121053301013,0.01909210323829878,0.1,6.031176113935461,0.5681602005225982,True
2015-04-15,2013-02-01,2015-01-05,475,476,2015-12-14,343,2016-08-20,True,0.020459706243355025,7.251553732149192,-0.7719006021750647,-0.014801593733523556,0.011820971738319003,0.01894261201340566,0.1,6.267077669917235,2.4676886696127407,True
2015-04-15,2013-01-18,2015-01-05,485,486,2015-12-14,343,2016-08-20,True,0.020256855359664174,7.254451545345208,-0.7735090164911359,-0.012682223833244894,0.014119510062857249,0.01897891898322062,0.1,6.240878412761407,2.3026191947086927,True
2015-04-15,2013-01-04,2015-01-05,495,496,2015-11-28,327,2016-08-20,True,0.02006772632722064,7.222426777798404,-0.7588432273782585,0.0141666930483543,0.01298593740850786,0.019217954165414535,0.1,6.021283084247424,0.7419396775856276,True
2015-04-15,2012-12-13,2015-01-05,505,506,2015-12-10,339,2016-08-20,True,0.020136677793947073,7.281089789233157,-0.7886742599105978,0.013960745224447235,0.013325285999905224,0.0192993692695175,0.1,6.0,0.762113561386711,True
2015-04-15,2012-11-29,2015-01-05,515,516,2016-01-15,375,2016-08-20,True,0.02027751805504297,7.3868867178963376,-0.8405798363255234,0.008296808185374094,0.017600773404816777,0.01945826946345939,0.1,6.0,1.1302984923519614,True
2015-04-15,2012-11-15,2015-01-05,525,526,2016-03-21,441,2016-08-20,True,0.021083593504765106,7.587993552066568,-0.93847761363707,-0.0039884192869311386,0.019742546366351713,0.02014139085157506,0.1,6.0,1.7701349010609693,True
2015-04-15,2012-11-01,2015-01-05,535,536,2016-07-17,559,2016-08-20,True,0.021260861437678344,7.791640246795568,-1.0317002762944947,-0.01960515906273172,0.010465394328913302,0.0222235627282095,0.1,6.0,2.6512657078927604,True
2015-04-15,2012-10-18,2015-01-05,545,546,2016-07-29,571,2016-08-20,True,0.021251180555701462,7.88226985335808,-1.0766812667581926,-0.021037102518874612,0.007825955767173959,0.02244560683205967,0.1,6.0,2.785448295831668,True
2015-04-15,2012-10-04,2015-01-05,555,556,2016-08-03,576,2016-08-20,True,0.02113976680903863,7.935333372454056,-1.10324427650951,-0.021525014526481895,0.006561094405678786,0.022502760056612746,0.1,6.0,2.845726551459525,True
2015-04-15,2012-09-20,2015-01-05,565,566,2016-07-23,565,2016-08-20,True,0.020994613917789735,7.940696553114742,-1.1070628370650726,-0.020874760015932553,0.007722519173651576,0.02225742366290835,0.1,6.0,2.787260856319131,True
2015-04-15,2012-09-06,2015-01-05,575,576,2016-07-23,565,2016-08-20,True,0.020821470106519153,7.93567166864176,-1.1045054884180094,-0.02085253814486787,0.007795951758364256,0.02226219241004606,0.1,6.0,2.7838208905378226,True
2015-04-15,2012-08-23,2015-01-05,585,586,2016-08-20,593,2016-08-20,True,0.02077322191367044,8.017583581144741,-1.1433422216931575,-0.022502200809537992,0.003377269863976573,0.022754230222244317,0.1,6.0,2.9926184015717374,True
2015-04-15,2012-08-09,2015-01-05,595,596,2016-08-20,593,2016-08-20,True,0.020606274247505007,8.015868305729063,-1.142473055789649,-0.022501372966222746,0.003403083139959323,0.02275725730887919,0.1,6.0,2.9914912779972984,True
2015-04-15,2012-07-25,2015-01-05,605,606,2016-08-20,593,2016-08-20,True,0.020899400357808837,8.11202244799103,-1.1911525944664931,-0.02245992961151677,0.0019210865419168055,0.022541938950671962,0.1,6.0,3.0562663811065494,True
2015-04-15,2012-07-11,2015-01-05,615,616,2016-08-20,593,2016-08-20,True,0.02150725155872603,8.254108311612853,-1.2630599614115054,-0.022344918710681436,-0.00028815115126928914,0.022346776574551842,0.1,6.0,-3.1286977675645167,True
2015-04-15,2012-06-27,2015-01-05,625,626,2016-08-20,593,2016-08-20,True,0.022142118987104345,6.012846521844877,-0.0005340997711445536,-7.16947686463457e-05,1.2572649278485984e-05,7.278881343402192e-05,0.9,6.0,2.9679942600172127,True
2015-04-15,2012-06-13,2015-01-05,635,636,2016-08-20,593,2016-08-20,True,0.023353140082086533,6.033599059221288,-0.0005793725404780852,-6.932808647328433e-05,-1.4559870890483353e-08,6.932808800217289e-05,0.9,6.0,-3.141382639562044,True
2015-04-15,2012-05-30,2015-01-05,645,646,2016-08-20,593,2016-08-20,True,0.024856015890014158,6.056145556047453,-0.0006283561708759343,-6.625372292455657e-05,-1.3711147190508362e-05,6.765760384940999e-05,0.9,6.0,-2.9375242998079742,True
2015-04-15,2012-05-14,2015-01-05,655,656,2016-08-20,593,2016-08-20,True,0.025241794791185868,6.068823599687278,-0.0006557858721429224,-6.423543176724478e-05,-2.141513107728276e-05,6.771114039345049e-05,0.9,6.0,-2.81979557669064,True
2015-04-15,2012-04-27,2015-01-05,665,666,2016-08-20,593,2016-08-20,True,0.0251488777397241,6.065385403575783,-0.0006483898196888554,-6.489387985895818e-05,-1.9329567450802036e-05,6.771150434737073e-05,0.9,6.0,-2.8520964042756733,True
2015-04-15,2012-04-13,2015-01-05,675,676,2016-08-20,593,2016-08-20,True,0.025107316748979317,6.059711121017062,-0.0006362175877090975,-6.607097031578159e-05,-1.5894163577954832e-05,6.795585003744474e-05,0.9,6.0,-2.905516365777931,True
2015-04-15,2012-03-28,2015-01-05,685,686,2016-08-20,593,2016-08-20,True,0.025410753333613083,6.049693612011295,-0.0006148289236626665,-6.842125289977857e-05,-9.85785603406641e-06,6.91277453267777e-05,0.9,6.0,-2.998501386326183,True
2015-04-15,2012-03-14,2015-01-05,695,696,2016-08-20,593,2016-08-20,True,0.026456760593972145,6.032844278218091,-0.0005789763938703222,-7.271381060377592e-05,2.468288406805752e-07,7.2714229535892e-05,0.9,6.0,3.1381981417276785,True
2015-04-15,2012-02-29,2015-01-05,705,706,2016-08-20,593,2016-08-20,True,0.026827415514892344,6.022151694456427,-0.0005563032323662451,-7.565889159893108e-05,6.6204712512677865e-06,7.594799877263171e-05,0.9,6.0,3.054310766401788,True
2015-04-15,2012-02-14,2015-01-05,715,716,2016-08-20,593,2016-08-20,True,0.027057220405212114,6.01295724265986,-0.0005368794472190234,-7.839802686352225e-05,1.205768135501456e-05,7.931984805679233e-05,0.9,6.0,2.9889876044693033,True
2015-04-15,2012-01-31,2015-01-05,725,726,2016-08-20,593,2016-08-20,True,0.027078017550605554,6.007203728047109,-0.0005247669777643695,-8.023360467533712e-05,1.543030130509278e-05,8.170388924380667e-05,0.9,6.0,2.9515952077916903,True
2015-04-15,2012-01-17,2015-01-05,735,736,2016-08-20,593,2016-08-20,True,0.026904183062662797,6.007024072005167,-0.0005243901966969878,-8.029510828988359e-05,1.553446031764166e-05,8.178400743815697e-05,0.9,6.0,2.9504865642721083,True
2015-04-15,2012-01-03,2015-01-05,745,746,2016-08-20,593,2016-08-20,True,0.026837275251056437,6.011114046723181,-0.0005329381229874901,-7.880684763731989e-05,1.3192278437302435e-05,7.990341322433646e-05,0.9,6.0,2.9757303977397536,True
2015-04-15,2014-07-09,2015-01-12,125,126,2015-01-16,4,2016-08-20,True,0.018671002437912032,5.90405416801069,-0.05584735227984376,-0.00048684027542202253,-0.015517936719210269,0.015525571598984282,0.1,6.024304643782754,-1.602158785248329,True
2015-04-15,2014-06-25,2015-01-12,135,136,2015-03-08,55,2016-08-20,False,0.019398799297031845,5.78825171327555,0.006617728677435053,-0.0022679800464206388,-0.003147819081057524,0.0038797549481935064,0.33368019824816,13.0,-2.195143660111195,True
2015-04-15,2014-06-11,2015-01-12,145,146,2015-03-08,55,2016-08-20,False,0.01874578647023827,5.786779467673705,0.007677405143898245,-0.0025389973643896563,-0.0034774310170454297,0.004305697863841265,0.3121304394055957,13.0,-2.201462759847997,True
2015-04-15,2014-05-26,2015-01-12,155,156,2015-03-06,53,2016-08-20,False,0.01831070525967997,5.777496089879484,0.019919035845443408,-0.006456116836873565,-0.005812380671366862,0.008687071640100675,0.16649479068312958,13.0,-2.4086170763578663,True
2015-04-15,2014-05-12,2015-01-12,165,166,2015-01-16,4,2016-08-20,False,0.017909709395045607,5.8093751632404205,0.003964758664989953,0.004771202822499661,-0.0033196025431865275,0.0058124123578905855,0.2660740878225993,11.623716324229424,-0.6078733086111644,True
2015-04-15,2014-04-25,2015-01-12,175,176,2015-01-13,1,2016-08-20,False,0.017510925230133974,5.807117450576762,0.004539896895292344,-0.005471572238034385,-0.00030053017920478927,0.005479819444529306,0.27223747346186294,11.176324439968923,-3.0867220432579576,True
2015-04-15,2014-04-09,2015-01-12,185,186,2015-03-02,49,2016-08-20,False,0.01712967036915132,5.810045940194771,0.004224266225178191,-0.0062507880005122285,-0.0017713427265868185,0.0064969227856254905,0.2252761664821695,13.0,-2.8654532618427346,True
2015-04-15,2014-03-26,2015-01-12,195,196,2015-03-02,49,2016-08-20,False,0.01690789582899519,5.786986462340626,0.020538186325695675,-0.010444341732075804,-0.0034776189024000427,0.011008092816047215,0.11419053116922502,13.0,-2.8201720277180704,True
2015-04-15,2014-03-12,2015-01-12,205,206,2015-03-03,50,2016-08-20,False,0.01694882231594224,5.812591579629678,0.003539256194962469,-0.006324216466860228,-0.003013926535094464,0.0070056739203771526,0.2126854468645881,13.0,-2.696864801514074,True
2015-04-15,2014-02-26,2015-01-12,215,216,2015-03-03,50,2016-08-20,False,0.01665770807836405,5.8098377098439515,0.004532579994963195,-0.006450905918603267,-0.0026174637015842217,0.00696170262218817,0.2125254031664081,13.0,-2.756138081129872,True
2015-04-15,2014-02-11,2015-01-12,225,226,2015-03-04,51,2016-08-20,False,0.016552127014527043,5.811525035869035,0.005393350826704213,-0.008497380598170519,-0.004676614625348678,0.009699288705064405,0.1476666581199086,13.0,-2.6384734328031403,True
2015-04-15,2014-01-28,2015-01-12,235,236,2015-02-16,35,2016-08-20,True,0.018793560550092205,5.858296370052574,-0.02175368142214405,0.011488415861453743,0.002367748813917457,0.011729873547976104,0.1,11.332999217529604,0.20325286144692378,True
2015-04-15,2014-01-14,2015-01-12,245,246,2015-02-12,31,2016-08-20,True,0.01868855764526356,5.865002241885161,-0.025981160571344492,-0.002863382617283623,-0.011305011417461118,0.011661999964066552,0.1,10.98485139941502,-1.818863758436171,True
2015-04-15,2013-12-23,2015-01-12,255,256,2015-03-06,53,2016-08-20,True,0.018876117713790587,5.824654089067084,-0.0005433722863364571,0.0002135907871385141,0.0021308334370344147,0.00214151165318668,0.39435717988137203,6.0,1.4708918945479943,True
2015-04-15,2013-12-09,2015-01-12,265,266,2015-04-03,81,2016-08-20,True,0.02001783546500115,5.82941170222193,-7.800041107969649e-05,-9.253906001763565e-05,8.145500077457075e-05,0.00012328176986129335,0.9,6.0,2.4198121905786087,True
2015-04-15,2013-11-25,2015-01-12,275,276,2015-04-06,84,2016-08-20,True,0.01980053789137949,5.830575273672609,-8.670039656175928e-05,-9.959489994541763e-05,7.310229463415696e-05,0.00012354387712839858,0.9,6.0,2.508412792024026,True
2015-04-15,2013-11-11,2015-01-12,285,286,2015-04-04,82,2016-08-20,True,0.019464744946582128,5.830071052576389,-8.33145854196416e-05,-9.641210695910974e-05,7.838529646791596e-05,0.00012425598203168287,0.9,6.0,2.4589609237529366,True
2015-04-15,2013-10-28,2015-01-12,295,296,2015-04-07,85,2016-08-20,True,0.01914928835409858,5.830848926838745,-8.838487010002308e-05,-0.00010097272357055418,6.972967850172129e-05,0.0001227098976008413,0.9,6.0,2.5372172900298042,True
2015-04-15,2013-10-14,2015-01-12,305,306,2015-04-20,98,2016-08-20,True,0.01904073567268496,5.83458643481668,-0.0001120128878372015,-0.0001120007280555697,3.4693187979961215e-05,0.00011725092911013799,0.9,6.0,2.8412072400019426,True
2015-04-15,2013-09-30,2015-01-12,315,316,2015-06-25,164,2016-08-20,True,0.019416326203257818,5.85390711616513,-0.00020186564775952236,-3.3243422893440515e-05,-9.191718484173172e-05,9.774402301369225e-05,0.9,6.030555157148426,-1.9178269664235619,True
2015-04-15,2013-09-16,2015-01-12,325,326,2015-08-11,211,2016-08-20,True,0.019165948179018108,5.877058947324942,-0.0006669970865818771,9.083005663815426e-06,0.00021232146835403444,0.00021251566275430655,0.7607682566736934,6.46875375254542,1.528042897674118,True
2015-04-15,2013-09-02,2015-01-12,335,336,2015-09-13,244,2016-08-20,True,0.019210308647010566,5.979792955666654,-0.011514019067169305,0.0013357721439047183,-0.001032250964010669,0.0016881437359220223,0.4431907290945099,6.0,-0.6579183219036184,True
2015-04-15,2013-08-19,2015-01-12,345,346,2016-01-11,364,2016-08-20,True,0.01932323317158219,7.318580409301885,-0.8050568509849555,0.009654071499311828,0.017042220472306413,0.019586688723225394,0.1,6.0,1.0553888725711462,True
2015-04-15,2013-08-05,2015-01-12,355,356,2015-12-07,329,2016-08-20,True,0.019069586611810397,7.126509715101427,-0.7066741459592563,0.014709369185591063,0.010832965888355542,0.018267969010710816,0.1,6.0,0.6347836198593355,True
2015-04-15,2013-07-19,2015-01-12,365,366,2015-12-31,353,2016-08-20,True,0.01886892679757778,7.2848168894999406,-0.788420983474336,0.011473208251328672,0.01576271497898038,0.019496094252104156,0.1,6.0,0.9416094653999345,True
2015-04-15,2013-07-05,2015-01-12,375,376,2016-03-11,424,2016-08-20,True,0.018792897920920613,7.752068534111817,-1.0262332785452992,-0.0043007077882168815,0.022565415123520116,0.022971592177653245,0.1,6.0,1.7591261717432558,True
2015-04-15,2013-06-21,2015-01-12,385,386,2016-08-19,585,2016-08-20,True,0.019380924049736514,6.1977920479649,-0.0037434073560158707,-0.000518030854191514,-1.420134495404569e-05,0.0005182254761133357,0.7039280132888026,6.0,-3.1141854270659493,True
2015-04-15,2013-06-07,2015-01-12,395,396,2016-08-19,585,2016-08-20,True,0.019271246890420247,9.150196131748041,-1.7252165167002762,-0.03373841206028583,-0.005070437322477472,0.034117294485213986,0.1,6.0,-2.992422248012044,True
2015-04-15,2013-05-24,2015-01-12,405,406,2016-03-19,432,2016-08-20,True,0.020096505531698287,7.841878187022676,-1.0723827370981511,-0.006534635508786246,0.022971557628922612,0.023882921118062648,0.1,6.0,1.8479418683217477,True
2015-04-15,2013-05-08,2015-01-12,415,416,2016-07-24,559,2016-08-20,True,0.021173388718673455,5.9779233570520285,-0.0004346612485409587,4.659817963299877e-05,-5.133550058563411e-05,6.933054136155914e-05,0.9,9.243660653400553,-0.833733231916138,True
2015-04-15,2013-04-23,2015-01-12,425,426,2016-07-09,544,2016-08-20,True,0.02100704401638204,5.972300525596001,-0.0004268910047093525,4.123137210956018e-05,-5.639158501763555e-05,6.985726094571869e-05,0.9,9.256503425226267,-0.9394610870326017,True
2015-04-15,2013-04-09,2015-01-12,435,436,2016-05-07,481,2016-08-20,True,0.02105708520505065,6.121935775859445,-0.012845709193410274,-0.001086617231592869,0.0006143449302902881,0.0012482614715547099,0.49092453275257564,7.997974153777172,2.6270227977054863,True
2015-04-15,2013-03-22,2015-01-12,445,446,2015-12-06,328,2016-08-20,True,0.02087512560367096,5.919612061999827,-0.00039982211662040266,-7.853817635456066e-05,-5.379312624872261e-05,9.5194251804986e-05,0.9,6.517633903119806,-2.5410527808648036,True
2015-04-15,2013-03-08,2015-01-12,455,456,2016-07-14,549,2016-08-20,True,0.020727680177673583,5.975639890448248,-0.0004343577354212596,-1.3701273269567988e-05,-6.904049778716731e-05,7.038689667762908e-05,0.9,9.122346637279762,-1.7667036574835417,True
2015-04-15,2013-02-22,2015-01-12,465,466,2016-04-02,446,2016-08-20,True,0.020604796515190378,5.980514303097908,-0.0011932190136689702,0.000113943508194861,0.00015596399108231947,0.0001931525034113671,0.7695938221405018,7.8103018852352974,0.9398430838093393,True
2015-04-15,2013-02-08,2015-01-12,475,476,2015-12-18,340,2016-08-20,True,0.020481407586445174,6.045631342726465,-0.010100498682854881,-0.001288836287477677,-0.0001721511180143734,0.0013002826551764966,0.5039208794747813,6.408162148127473,-3.008807639003896,True
2015-04-15,2013-01-25,2015-01-12,485,486,2016-01-18,371,2016-08-20,True,0.020348700816071055,6.765661562245654,-0.3642309436526278,-0.005723723689877072,-0.012024508793176958,0.013317275419366004,0.15300421539474038,6.495493457849197,-2.015064156056426,True
2015-04-15,2013-01-11,2015-01-12,495,496,2015-12-29,351,2016-08-20,True,0.020160382529137183,7.261836624627116,-0.776033381688163,-0.010859922575671956,0.015941470653207696,0.019289074755847454,0.1,6.199288227261607,2.168818493867512,True
2015-04-15,2012-12-20,2015-01-12,505,506,2016-01-16,369,2016-08-20,True,0.020088836111478037,7.316525466690975,-0.8028735808312063,-0.01728361910444747,0.008546940380842166,0.019281433536469533,0.1,6.2496302074736345,2.6823458501725486,True
2015-04-15,2012-12-06,2015-01-12,515,516,2016-01-10,363,2016-08-20,True,0.020126003228460473,7.32917451745642,-0.8109253938504174,0.009947038844268452,0.016928552266835463,0.019634649567037494,0.1,6.0,1.0395522066732772,True
2015-04-15,2012-11-22,2015-01-12,525,526,2016-03-01,414,2016-08-20,True,0.020492757974032747,7.479069937928572,-0.8840405802325086,0.0005903590769525957,0.02001441297111472,0.02002311789951968,0.1,6.0,1.5413081798207275,True
2015-04-15,2012-11-08,2015-01-12,535,536,2016-05-26,500,2016-08-20,True,0.02121077469047838,7.713752881762954,-0.9967838188446525,-0.013917435055356142,0.01602459835305918,0.02122457893332452,0.1,6.0,2.2859355695792685,True
2015-04-15,2012-10-25,2015-01-12,545,546,2016-07-21,556,2016-08-20,True,0.021215484025434318,7.84755021236128,-1.0598030055169314,-0.020259801058490484,0.009245032584635826,0.022269489585991644,0.1,6.0,2.7134921841345947,True
2015-04-15,2012-10-11,2015-01-12,555,556,2016-07-14,549,2016-08-20,True,0.021131443985027074,7.8899208790769855,-1.0820592814730792,-0.020073485164833593,0.009355616123748078,0.022146610569514457,0.1,6.0,2.7054569242614543,True
2015-04-15,2012-09-27,2015-01-12,565,566,2016-08-07,573,2016-08-20,True,0.021006396194130892,7.956130067542822,-1.1134622624579564,-0.02183353343860911,0.005817593347854505,0.02259529983814915,0.1,6.0,2.881190486661928,True
2015-04-15,2012-09-13,2015-01-12,575,576,2016-08-05,571,2016-08-20,True,0.02084598144593913,7.938650772659935,-1.1047138451806222,-0.021699094837859867,0.0062385240802068365,0.02257808449540743,0.1,6.0,2.8616413704265184,True
2015-04-15,2012-08-30,2015-01-12,585,586,2016-08-20,586,2016-08-20,True,0.02076802927084662,7.991386716296614,-1.1300798694302634,-0.02250971714096746,0.003761869377683996,0.022821897970614118,0.1,6.0,2.976000963318114,True
2015-04-15,2012-08-16,2015-01-12,595,596,2016-08-20,586,2016-08-20,True,0.020633399532011397,8.009345546872638,-1.1391879705399575,-0.02253253915310112,0.0034883718788465967,0.022800966186790474,0.1,6.0,2.9879971555777574,True
2015-04-15,2012-08-02,2015-01-12,605,606,2016-08-20,586,2016-08-20,True,0.020544850522935428,8.037357419513727,-1.153383173787608,-0.02254529807548729,0.0030512619984696954,0.022750838777853357,0.1,6.0,3.0070708383335103,True
2015-04-15,2012-07-18,2015-01-12,615,616,2016-08-20,586,2016-08-20,True,0.021195776073108238,8.171075316540131,-1.2211210244230637,-0.022555208283123115,0.0009432945263345427,0.02257492470105888,0.1,6.0,3.099795427152848,True
2015-04-15,2012-07-04,2015-01-12,625,626,2016-08-20,586,2016-08-20,True,0.021644933249958368,6.606844253608149,-0.12047068795133624,-0.0059866393325434565,0.0001309377207929681,0.005988071073783512,0.28630777858026635,6.0,3.119724483378351,True
2015-04-15,2012-06-20,2015-01-12,635,636,2016-08-20,586,2016-08-20,True,0.022724304241332843,6.020298495799105,-0.0005510337907145281,-7.17408087513891e-05,7.2180122497199535e-06,7.210300507704581e-05,0.9,6.0,3.0413177385142034,True
2015-04-15,2012-06-06,2015-01-12,645,646,2016-08-20,586,2016-08-20,True,0.023925644650386435,6.0398505214574145,-0.0005938659378767586,-6.962638574257724e-05,-5.0055425498122706e-06,6.980608173928791e-05,0.9,6.0,-3.0698246647564598,True
2015-04-15,2012-05-22,2015-01-12,655,656,2016-08-20,586,2016-08-20,True,0.025092399203417142,6.0582356888672,-0.0006339895568153726,-6.724553295815391e-05,-1.6520958949101995e-05,6.924524378918798e-05,0.9,6.0,-2.9006829157676584,True
2015-04-15,2012-05-07,2015-01-12,665,666,2016-08-20,586,2016-08-20,True,0.0251578278551902,6.063618624667908,-0.0006456968304635822,-6.644235416276578e-05,-1.9895320159332448e-05,6.935712069378845e-05,0.9,6.0,-2.8506521634286983,True
2015-04-15,2012-04-20,2015-01-12,675,676,2016-08-20,586,2016-08-20,True,0.025113416482131112,6.058192961390221,-0.0006339619782545404,-6.742814755758921e-05,-1.6496885799406006e-05,6.941687348279716e-05,0.9,6.0,-2.901647339512776,True
2015-04-15,2012-04-04,2015-01-12,685,686,2016-08-20,586,2016-08-20,True,0.025095015548390394,6.052559487089251,-0.0006218272595987659,-6.858893376976014e-05,-1.2976324297563839e-05,6.980563607580757e-05,0.9,6.0,-2.954612827250076,True
2015-04-15,2012-03-21,2015-01-12,695,696,2016-08-20,586,2016-08-20,True,0.02579859500770625,6.038878555478813,-0.0005924801796935484,-7.175271955356971e-05,-4.4591278766764305e-06,7.18911439939147e-05,0.9,6.0,-3.07952670483293,True
2015-04-15,2012-03-07,2015-01-12,705,706,2016-08-20,586,2016-08-20,True,0.02660166152187867,6.025174465958188,-0.0005631805753512346,-7.520123284447844e-05,4.036058646899498e-06,7.530946282327789e-05,0.9,6.0,3.0879739838581277,True
2015-04-15,2012-02-22,2015-01-12,715,716,2016-08-20,586,2016-08-20,True,0.026875642225489847,6.016029494026912,-0.0005437037968157314,-7.772278966898424e-05,9.668624064599655e-06,7.832186364759025e-05,0.9,6.0,3.0178296244420952,True
2015-04-15,2012-02-07,2015-01-12,725,726,2016-08-20,586,2016-08-20,True,0.027018433174214797,6.008488095252087,-0.0005277015107849233,-7.99782441192578e-05,1.4277834098742832e-05,8.124269861932712e-05,0.9,6.0,2.9649322079400995,True
2015-04-15,2012-01-24,2015-01-12,735,736,2016-08-20,586,2016-08-20,True,0.026920622772705426,6.006287596210949,-0.0005230447555171229,-8.067409723018245e-05,1.5613932936566922e-05,8.217119243173085e-05,0.9,6.0,2.950413074298853,True
2015-04-15,2012-01-10,2015-01-12,745,746,2016-08-20,586,2016-08-20,True,0.026787121737585226,6.007974294025581,-0.0005265943884255226,-8.008020917733318e-05,1.4606545322341688e-05,8.140141932508952e-05,0.9,6.0,2.961177036746801,True
2015-04-15,2014-07-16,2015-01-19,125,126,2015-01-20,1,2016-08-20,True,0.018553595153534864,5.929344787420822,-0.07140280620427782,-0.006839880348463315,0.014529568551016702,0.016059026292399806,0.1,6.764376613279827,2.010776180195954,True
2015-04-15,2014-07-02,2015-01-19,135,136,2015-01-20,1,2016-08-20,True,0.020108743118100212,5.8623406733259165,-0.025277118684612028,0.012267040461220093,-0.00047578337329129785,0.012276263743318297,0.10383698066512154,12.993595926174573,-0.038766075142631834,True
2015-04-15,2014-06-18,2015-01-19,145,146,2015-01-20,1,2016-08-20,True,0.019434581635049467,5.855638660051078,-0.0213314136624563,0.011506377225482868,-0.005970576943021973,0.012963198135015003,0.1,12.908529557047556,-0.47864740480759144,True
2015-04-15,2014-06-03,2015-01-19,155,156,2015-02-24,36,2016-08-20,True,0.01919566066217482,5.827854920209926,-0.0011398278269372781,-0.0068252675276015825,0.001356696418895113,0.0069588003273822596,0.22005202121933495,12.984068243106332,2.9453747104494434,True
2015-04-15,2014-05-19,2015-01-19,165,166,2015-02-24,36,2016-08-20,True,0.018639214358713088,5.830396294847949,-0.002196099181775912,-0.007373167022127623,0.0010781509678781036,0.007451577111305151,0.20617724194580914,13.0,2.99639538897906,True
2015-04-15,2014-05-05,2015-01-19,175,176,2015-02-24,36,2016-08-20,True,0.01814272008199177,5.829158382622997,-0.001796364234413015,-0.007413743541543785,0.002542277111429623,0.007837522963990672,0.19528504656967263,12.962835688133508,2.8112443436048076,True
2015-04-15,2014-04-16,2015-01-19,185,186,2015-02-22,34,2016-08-20,True,0.01771506214432927,5.830008361660695,-0.0028892871998834253,0.0007227603662549675,0.010957195872536326,0.01098100741900105,0.12560106344388997,12.730429278227422,1.5049295797250046,True
2015-04-15,2014-04-02,2015-01-19,195,196,2015-02-23,35,2016-08-20,False,0.01753962548349448,5.8214384354579,0.002108802380531851,-0.0046218316955037725,0.011086832369965733,0.012011626876542714,0.1,12.815213464756178,1.965765597577577,True
2015-04-15,2014-03-19,2015-01-19,205,206,2015-02-22,34,2016-08-20,True,0.01730695706916512,5.829920906136906,-0.003179739804959567,0.008920427032494823,0.00840428013258551,0.012255853417409817,0.1,12.59751726103385,0.7556144408521112,True
2015-04-15,2014-03-05,2015-01-19,215,216,2015-02-20,32,2016-08-20,True,0.01720185407080097,5.839470890469132,-0.009144941717525723,0.012066963917646556,-0.0035837375503995125,0.012587882785438043,0.1,12.408512566497143,-0.28869075456255777,True
2015-04-15,2014-02-19,2015-01-19,225,226,2015-02-21,33,2016-08-20,True,0.01691135369592818,5.8339825241136225,-0.005465517711872716,0.009706698943726425,0.006973576219465306,0.011952019480942612,0.10938955130121694,12.570571833215975,0.6229877900591252,True
2015-04-15,2014-02-04,2015-01-19,235,236,2015-02-16,28,2016-08-20,True,0.01808333722626482,5.858180134510966,-0.020947338296628964,-0.0022448099417326124,0.011799256462306033,0.012010896083880347,0.1,11.646072763177662,1.758799666182097,True
2015-04-15,2014-01-21,2015-01-19,245,246,2015-02-12,24,2016-08-20,True,0.01882367446580193,5.87662494030141,-0.03266388176499516,-0.0024667811032207327,-0.011555463574471101,0.011815826142599396,0.1,10.998174377154928,-1.7811126313355132,True
2015-04-15,2014-01-07,2015-01-19,255,256,2015-02-11,23,2016-08-20,True,0.018670192528073427,5.882856786013706,-0.0366365073199482,-0.011230534096040933,-0.002897010591439867,0.011598170823420937,0.1,10.794087571919848,-2.889137871969697,True
2015-04-15,2013-12-16,2015-01-19,265,266,2015-04-15,86,2016-08-20,True,0.01978373977993066,5.836955451014937,-0.0004457948790963352,-0.00042685581155668456,-2.096790126602114e-06,0.00042686096142485416,0.6661976822334308,6.092942504973175,-3.136680518847155,True
2015-04-15,2013-12-02,2015-01-19,275,276,2015-05-15,116,2016-08-20,True,0.019981170326620307,5.843640402226292,-0.00016012489211544934,-0.00010932062216854635,-2.654713662891316e-05,0.00011249777284245342,0.9,6.0,-2.903366530356211,True
2015-04-15,2013-11-18,2015-01-19,285,286,2015-06-29,161,2016-08-20,True,0.019766497815891574,5.846686230483373,-0.00017017821748163662,-1.0103914601324087e-06,-0.00010650565083912567,0.00010651044339203767,0.8793484941829905,7.155371762374636,-1.5802827826088048,True
2015-04-15,2013-11-04,2015-01-19,295,296,2015-04-27,98,2016-08-20,True,0.01940734335724962,5.838180046128617,-0.00019510352930162517,-0.00017340562183829457,-8.66937425717671e-06,0.0001736221982787242,0.8262535886528832,6.044608517219445,-3.0916394743858104,True
2015-04-15,2013-10-21,2015-01-19,305,306,2015-04-29,100,2016-08-20,True,0.01910133260771048,5.838887236763448,-0.00019860114153599526,-0.00016945202593467932,1.1604662008871373e-05,0.00016984892485296272,0.8293614448220488,6.01667107449387,3.0732159497499647,True
2015-04-15,2013-10-07,2015-01-19,315,316,2015-06-23,155,2016-08-20,True,0.019404158257421606,5.862607476622941,-0.0006417895775381649,0.00022641509034540056,-0.00013547862449287524,0.0002638527066956058,0.7354755821796323,6.2709713036925425,-0.539215643238968,True
2015-04-15,2013-09-23,2015-01-19,325,326,2015-07-05,167,2016-08-20,True,0.019259240530301095,5.8814050508888425,-0.001466428738043453,-0.00013386414419630293,-0.0004310507917881858,0.00045135838776146666,0.6511464565686875,6.0,-1.8719064924238868,True
2015-04-15,2013-09-09,2015-01-19,335,336,2015-07-28,190,2016-08-20,True,0.019048263444525343,5.92500884979347,-0.005876656642741128,0.00017483752284429104,-0.0011622595398386028,0.0011753362911695396,0.49609267080827035,6.0,-1.4214868604126256,True
2015-04-15,2013-08-26,2015-01-19,345,346,2015-11-06,291,2016-08-20,True,0.019386881558437964,6.989522589064206,-0.6364899610314547,0.016689793280670953,0.004279956764169035,0.017229835450598058,0.1,6.0,0.2510320667088306,True
2015-04-15,2013-08-12,2015-01-19,355,356,2015-11-10,295,2016-08-20,True,0.019180008693460114,7.025968699161622,-0.6556940308085718,0.016731012907257835,0.005424857142498962,0.01758851522782268,0.1,6.0,0.31354400098629615,True
2015-04-15,2013-07-26,2015-01-19,365,366,2015-12-20,335,2016-08-20,True,0.018982461999807656,7.269453170592732,-0.7812837189361023,0.0125671558271983,0.014434685089426302,0.019138796702405043,0.1,6.000893736967989,0.8544512325673669,True
2015-04-15,2013-07-12,2015-01-19,375,376,2016-02-01,378,2016-08-20,True,0.01880890400211015,7.524527894700345,-0.9108893935851189,-0.008696194684838121,0.01873819757497608,0.020657779414918878,0.1,6.099999211765064,2.0053048451365525,True
2015-04-15,2013-06-28,2015-01-19,385,386,2016-03-30,436,2016-08-20,True,0.019013077064478297,8.080921488112859,-1.1953723482920078,-0.01166403388466375,0.02255852479545578,0.025395604489946235,0.1,6.0,2.047995911485274,True
2015-04-15,2013-06-14,2015-01-19,395,396,2016-08-18,577,2016-08-20,True,0.01937985878978208,9.433807975239613,-1.8698970189456547,-0.03494940181282269,-0.007958145991799892,0.03584400611958622,0.1,6.0,-2.9177052549333315,True
2015-04-15,2013-05-31,2015-01-19,405,406,2016-05-01,468,2016-08-20,True,0.01950945272111143,8.353485488025774,-1.3323798360201382,-0.01973324613160654,0.019108787260449733,0.02746901442454189,0.1,6.0,2.3722699894508787,True
2015-04-15,2013-05-16,2015-01-19,415,416,2015-12-19,334,2016-08-20,True,0.02084595965309153,7.341620276525587,-0.8200619549227075,0.011327075151065819,0.016917224593630417,0.020359153210023902,0.1,6.018727768423944,0.9807942079205382,True
2015-04-15,2013-04-30,2015-01-19,425,426,2016-01-30,376,2016-08-20,True,0.02111877692400563,6.10754724247523,-0.018055563860633457,-0.0017392217674894231,-0.0005488426060764671,0.0018237654900654966,0.4414093631307435,7.332187870336815,-2.8359152526881326,True
2015-04-15,2013-04-16,2015-01-19,435,436,2015-12-05,320,2016-08-20,True,0.021126936287176924,6.4968514674467475,-0.20421159159732344,-0.005754251807220393,0.008422291294865346,0.010200313942054125,0.19481504630236696,6.243730998691878,2.1701694406829573,True
2015-04-15,2013-04-02,2015-01-19,445,446,2015-12-05,320,2016-08-20,True,0.020961410015079646,6.687145724558359,-0.3326830050605108,-0.0035729009257615407,0.0127959372971564,0.01328539168929791,0.15574605471400416,6.190305443979249,1.843082989919483,True
2015-04-15,2013-03-15,2015-01-19,455,456,2015-10-16,270,2016-08-20,True,0.020795040849375335,5.982075247151684,-0.004759763289792586,0.0008046536990661097,-1.171890089332584e-05,0.0008047390310274015,0.5851870165162221,6.005568989735964,-0.014562876498687326,True
2015-04-15,2013-03-01,2015-01-19,465,466,2016-02-20,397,2016-08-20,True,0.0206346646052336,6.247178285048475,-0.053735302876249134,-0.0016346263347342491,-0.0035153297069978823,0.0038767958681246734,0.3285314034307355,7.417547242938586,-2.006053536771097,True
2015-04-15,2013-02-15,2015-01-19,475,476,2015-12-12,327,2016-08-20,True,0.02052939762736667,6.533628833937886,-0.22552632418763557,-0.010570287295313997,0.0011242477844718782,0.0106299062360101,0.1867564987472175,6.367203283831207,3.0356317630081624,True
2015-04-15,2013-02-01,2015-01-19,485,486,2015-12-24,339,2016-08-20,True,0.020422880077879218,7.262289862530824,-0.7764254086024364,-0.018292633667819205,0.005205464430928508,0.0190188671178568,0.1,6.314075343406147,2.8643547953836466,True
2015-04-15,2013-01-18,2015-01-19,495,496,2015-11-30,315,2016-08-20,True,0.02021998976540317,7.203412170696143,-0.7487017839258214,0.01450865922602057,0.012779462006018684,0.019334317720055883,0.1,6.019345404269461,0.7221146480590172,True
2015-04-15,2013-01-04,2015-01-19,505,506,2016-02-13,390,2016-08-20,True,0.020058183042488596,7.406427973184068,-0.8452959140599002,0.017700351062608255,0.0056328856574046,0.018575032397521455,0.1,6.803717450066692,0.308101813591793,True
2015-04-15,2012-12-13,2015-01-19,515,516,2015-12-15,330,2016-08-20,True,0.02010338320221757,7.280368208753103,-0.7878520084146559,0.01354562569028711,0.013908382996625657,0.019414610295398458,0.1,6.0,0.7986106673108291,True
2015-04-15,2012-11-29,2015-01-19,525,526,2016-01-08,354,2016-08-20,True,0.02024295961648802,7.375396479393919,-0.8352939295349252,0.009305091091494133,0.01708746190578898,0.019456774516933506,0.1,6.0,1.072141871337336,True
2015-04-15,2012-11-15,2015-01-19,535,536,2016-03-04,410,2016-08-20,True,0.02105500114993834,7.581848822847726,-0.9370061063229187,-0.0016177481167912733,0.019716878304079977,0.019783134206370876,0.1,6.0,1.6526618456003994,True
2015-04-15,2012-11-01,2015-01-19,545,546,2016-04-23,460,2016-08-20,True,0.021241504161070585,7.74757082615739,-1.0173581656973028,-0.010352980534081485,0.01745815458484226,0.0202970778056182,0.1,6.0,2.1060653651775567,True
2015-04-15,2012-10-18,2015-01-19,555,556,2016-04-28,465,2016-08-20,True,0.02126801443503795,7.81209847227109,-1.0500632151360976,-0.011965089082862312,0.016650693585498796,0.020503876551496346,0.1,6.0,2.1938928103979634,True
2015-04-15,2012-10-04,2015-01-19,565,566,2016-06-01,499,2016-08-20,True,0.02116855567199957,7.912735481434447,-1.0980153785599795,-0.01632713241415204,0.013065837316659307,0.020911512562573304,0.1,6.0,2.4666974389312304,True
2015-04-15,2012-09-20,2015-01-19,575,576,2016-06-01,499,2016-08-20,True,0.0210261006575312,7.925186636283835,-1.10440915885131,-0.016480909252995835,0.012918159368290938,0.0209403727586222,0.1,6.0,2.4767922264640503,True
2015-04-15,2012-09-06,2015-01-19,585,586,2016-06-01,499,2016-08-20,True,0.02085497536313224,7.9242562127705085,-1.103931092961804,-0.016469061450228736,0.012928502287246263,0.020937434332858027,0.1,6.0,2.476054350689505,True
2015-04-15,2012-08-23,2015-01-19,595,596,2016-08-14,573,2016-08-20,True,0.020816001211070637,8.08183558523635,-1.1761580395471858,-0.02169011528936618,0.0032626807704790872,0.021934132922822605,0.1,6.0,2.9922895555773596,True
2015-04-15,2012-08-09,2015-01-19,605,606,2016-08-14,573,2016-08-20,True,0.020652109955013084,8.077534797588578,-1.173974382010666,-0.021680226936762664,0.003330117239949665,0.021934491579732124,0.1,6.0,2.989182247177139,True
2015-04-15,2012-07-25,2015-01-19,615,616,2016-08-20,579,2016-08-20,True,0.020919537980438056,8.164875035345693,-1.2176378147248366,-0.02195055636296943,0.0012899518441503444,0.021988426510419625,0.1,6.0,3.0828939147198953,True
2015-04-15,2012-07-11,2015-01-19,625,626,2016-08-20,579,2016-08-20,True,0.021493695329217483,8.286922181474278,-1.2794974195905897,-0.02201443150393259,-0.0006796284279900755,0.022024919732917803,0.1,6.0,-3.110730505800704,True
2015-04-15,2012-06-27,2015-01-19,635,636,2016-08-20,579,2016-08-20,True,0.0221174674336828,6.079998425307578,-0.002119449351142953,-0.00023491987085993215,2.3724776120568995e-05,0.00023611482530078097,0.7339855886840034,6.0,3.040942979327825,True
2015-04-15,2012-06-13,2015-01-19,645,646,2016-08-20,579,2016-08-20,True,0.023302348433066864,6.0337815060169655,-0.0005797629676145807,-6.926234921724115e-05,-1.3471751645591397e-07,6.926248023208746e-05,0.9,6.0,-3.1396476235974062,True
2015-04-15,2012-05-30,2015-01-19,655,656,2016-08-20,579,2016-08-20,True,0.02479326275974462,6.0537900402226414,-0.0006237838999361609,-6.722260334442978e-05,-1.3025248243851261e-05,6.84728814364964e-05,0.9,6.0,-2.9502014110631825,True
2015-04-15,2012-05-14,2015-01-19,665,666,2016-08-20,579,2016-08-20,True,0.025186965616927667,6.065163031603216,-0.0006487016221630894,-6.578394931486603e-05,-2.0370335468374728e-05,6.886565584204502e-05,0.9,6.0,-2.8413016744046335,True
2015-04-15,2012-04-27,2015-01-19,675,676,2016-08-20,579,2016-08-20,True,0.02509221655114853,6.062258747911348,-0.0006423754765532099,-6.62535373761816e-05,-1.8492434198097587e-05,6.878590943956517e-05,0.9,6.0,-2.869403705380923,True
2015-04-15,2012-04-13,2015-01-19,685,686,2016-08-20,579,2016-08-20,True,0.025046551324750126,6.057326741536048,-0.0006316617893241342,-6.713392198623197e-05,-1.530498177632658e-05,6.885641544857798e-05,0.9,6.0,-2.9174465910535283,True
2015-04-15,2012-03-28,2015-01-19,695,696,2016-08-20,579,2016-08-20,True,0.025340720701221595,6.048479436198351,-0.0006125330427312416,-6.89734891539636e-05,-9.600713339292654e-06,6.963846568309217e-05,0.9,6.0,-3.0032870567635053,True
2015-04-15,2012-03-14,2015-01-19,705,706,2016-08-20,579,2016-08-20,True,0.026374872378532865,6.033447885379261,-0.0005801443414204555,-7.24266347773358e-05,6.12965716247733e-08,7.242666071578394e-05,0.9,6.0,3.140746327411885,True
2015-04-15,2012-02-29,2015-01-19,715,716,2016-08-20,579,2016-08-20,True,0.026748479394759973,6.02383075361083,-0.0005594939268706944,-7.485159721401391e-05,6.216309247588376e-06,7.510928109195713e-05,0.9,6.0,3.058734345406766,True
2015-04-15,2012-02-14,2015-01-19,725,726,2016-08-20,579,2016-08-20,True,0.026986169418328945,6.015500570138607,-0.0005416734490259831,-7.715543930829389e-05,1.1515332912925459e-05,7.801002952794805e-05,0.9,6.0,2.9934377587108507,True
2015-04-15,2012-01-31,2015-01-19,735,736,2016-08-20,579,2016-08-20,True,0.027015716492997083,6.010217893065953,-0.0005304115419412565,-7.873800638925232e-05,1.4852151693320529e-05,8.012652532136498e-05,0.9,6.0,2.955155738583548,True
2015-04-15,2012-01-17,2015-01-19,745,746,2016-08-20,579,2016-08-20,True,0.02684504964331124,6.009933183488729,-0.0005298068669270937,-7.883049422894247e-05,1.5030346075271125e-05,8.025059578297067e-05,0.9,6.0,2.9531873655334167,True
2015-04-15,2014-07-23,2015-01-26,125,126,2015-01-28,2,2016-08-20,True,0.01897383563289667,6.022082314719708,-0.12983040931373055,0.01778399920339333,-0.00014732709315602374,0.01778460944015,0.1,7.562285992432786,-0.008284060368885614,True
2015-04-15,2014-07-09,2015-01-26,135,136,2015-03-11,44,2016-08-20,True,0.02122089358070394,6.058886708315987,-0.14626354867522695,-0.014953841518946902,-0.0032809176702748508,0.015309532877684478,0.1,8.934857266540439,-2.9256118603521903,True
2015-04-15,2014-06-25,2015-01-26,145,146,2015-02-19,24,2016-08-20,True,0.022514912055204377,6.013559548692064,-0.11947521968482579,-0.01281040814188903,0.003428158007562217,0.01326117732656455,0.1,6.494656240679311,2.8801123359999363,True
2015-04-15,2014-06-11,2015-01-26,155,156,2015-03-01,34,2016-08-20,True,0.021706173056069058,5.935635266186162,-0.06632695572348947,-0.013607874941832408,-0.0034812991667598223,0.014046127734042325,0.1,13.0,-2.8911347431207073,True
2015-04-15,2014-05-26,2015-01-26,165,166,2015-03-01,34,2016-08-20,True,0.02107696726768853,5.932896315399709,-0.06457732555789913,-0.013694505733835658,-0.003638937699607501,0.014169733761637247,0.1,13.0,-2.881871993209455,True
2015-04-15,2014-05-12,2015-01-26,175,176,2015-03-01,34,2016-08-20,True,0.020519498786524912,5.933683969255169,-0.06508339833858814,-0.013648712095444012,-0.00355810731987315,0.014104873964841181,0.1,13.0,-2.8865767090507344,True
2015-04-15,2014-04-25,2015-01-26,185,186,2015-03-01,34,2016-08-20,True,0.020017158977433194,5.927762479907762,-0.06133855202292166,-0.013340710692264517,-0.0040517470628760825,0.013942425041441886,0.1,13.0,-2.8467329417613096,True
2015-04-15,2014-04-09,2015-01-26,195,196,2015-03-01,34,2016-08-20,True,0.019631325381265295,5.921154500011506,-0.05718595436230766,-0.012940616950702859,-0.004274096341997067,0.013628186475297836,0.1,13.0,-2.8225877779649915,True
2015-04-15,2014-03-26,2015-01-26,205,206,2015-03-01,34,2016-08-20,True,0.019551759240940145,5.901307966281737,-0.044783531746387745,-0.011963853774607682,-0.0038196754645476077,0.01255881036542321,0.1,13.0,-2.832553871224326,True
2015-04-15,2014-03-12,2015-01-26,215,216,2015-03-01,34,2016-08-20,True,0.01927925734324089,5.9138525601506355,-0.052588494394578,-0.012187051019635024,-0.004735262636074713,0.013074667291667208,0.1,13.0,-2.7709969117876043,True
2015-04-15,2014-02-26,2015-01-26,225,226,2015-03-01,34,2016-08-20,True,0.019014920012174606,5.903579686158897,-0.046212386180944254,-0.012322007467612354,-0.003737753979952336,0.012876438670942528,0.1,13.0,-2.8470747425639122,True
2015-04-15,2014-02-11,2015-01-26,235,236,2015-03-01,34,2016-08-20,True,0.018776408648230606,5.9076766377878895,-0.04875001233726155,-0.01206204545281231,-0.0041103591386668645,0.012743154741057349,0.1,13.0,-2.8131658867142035,True
2015-04-15,2014-01-28,2015-01-26,245,246,2015-08-24,210,2016-08-20,True,0.02055697792896441,6.844979370766621,-0.5684154130620186,0.011990320216096681,-0.01471461393899233,0.018981244486548404,0.1,6.0,-0.8870610891988466,True
2015-04-15,2014-01-14,2015-01-26,255,256,2016-01-30,369,2016-08-20,True,0.020824162288747994,6.231162731669353,-0.21780859469208158,0.0035951020520472027,0.009006078560510812,0.009697123790213596,0.1,13.0,1.1909917198065914,True
2015-04-15,2013-12-23,2015-01-26,265,266,2016-01-07,346,2016-08-20,True,0.020469512437202745,6.184929949407362,-0.19399670841518996,-0.0003226824540968759,-0.009625314612731342,0.00963072195425875,0.1,12.648160075857371,-1.604308130078825,True
2015-04-15,2013-12-09,2015-01-26,275,276,2015-08-16,202,2016-08-20,True,0.02075508889119025,6.664793872080865,-0.4691439273178552,0.008887411637548956,-0.013854133807531907,0.016459742074900176,0.1,6.0,-1.0004205059317604,True
2015-04-15,2013-11-25,2015-01-26,285,286,2015-07-29,184,2016-08-20,True,0.020585342799031008,6.475614462881206,-0.3659026775522361,0.011823600434835962,-0.00811259557581702,0.014339167835666721,0.1,6.128339530642343,-0.6013604046176597,True
2015-04-15,2013-11-11,2015-01-26,295,296,2015-08-26,212,2016-08-20,True,0.02034857828133084,6.345495146996172,-0.29021343101443436,-0.0039334788286874076,0.011418562178235607,0.012077078202693098,0.1,7.529069580408627,1.9025460937160659,True
2015-04-15,2013-10-28,2015-01-26,305,306,2015-10-30,277,2016-08-20,True,0.020061428203507925,6.386330745538051,-0.30729119677958394,0.007763135035889511,0.008412677780713416,0.011447244778878646,0.1,9.211810836344307,0.8255317859592549,True
2015-04-15,2013-10-14,2015-01-26,315,316,2015-07-12,167,2016-08-20,True,0.0198079652112944,6.287849062946439,-0.26220385080526615,0.005557514255544897,0.011030938232373177,0.012351824277693439,0.1,6.485595347856211,1.1041041170011012,True
2015-04-15,2013-09-30,2015-01-26,325,326,2015-07-18,173,2016-08-20,True,0.019935432817737776,6.4198228475974,-0.3358376699974713,0.00032456360810499685,-0.013733734731036111,0.013737569333698508,0.1,6.0,-1.5471681432096067,True
2015-04-15,2013-09-16,2015-01-26,335,336,2015-07-24,179,2016-08-20,True,0.019653569355844704,6.457216142339639,-0.3560388775999627,0.002170482571751564,-0.013799132019546599,0.013968788032150587,0.1,6.0,-1.4147833227093993,True
2015-04-15,2013-09-02,2015-01-26,345,346,2015-08-15,201,2016-08-20,True,0.019693672978505314,6.598350510887588,-0.4320059875218445,0.008398740018090711,-0.012438828288192615,0.01500877353665579,0.1,6.0,-0.9769068916587323,True
2015-04-15,2013-08-19,2015-01-26,355,356,2015-09-16,233,2016-08-20,True,0.019872455455343104,6.820847868310409,-0.5505830992444435,0.015400480581578842,-0.006548453228427745,0.016734904894515915,0.1,6.0,-0.40204932416069034,True
2015-04-15,2013-08-05,2015-01-26,365,366,2015-09-30,247,2016-08-20,True,0.01961608426245018,6.906834240737424,-0.595663980698693,0.01688485998520374,-0.002935768650456083,0.01713818060031272,0.1,6.0,-0.17214892200636023,True
2015-04-15,2013-07-19,2015-01-26,375,376,2015-10-09,256,2016-08-20,True,0.019456462857696668,6.98646377835995,-0.637796534425031,0.017880194197644233,-0.00028843793165936327,0.017882520543421456,0.1,6.0,-0.016130301054971177,True
2015-04-15,2013-07-05,2015-01-26,385,386,2015-11-26,304,2016-08-20,True,0.01945713874218095,7.336392832130942,-0.819691256434333,0.015418771888875714,0.012943206311614414,0.02013119758450051,0.1,6.0,0.698334159911901,True
2015-04-15,2013-06-21,2015-01-26,395,396,2016-02-26,396,2016-08-20,True,0.020198391765318766,8.184429754737764,-1.254496330582382,-0.007538645315535053,0.025593044251287167,0.0266802377658405,0.1,6.0,1.8572533506722788,True
2015-04-15,2013-06-07,2015-01-26,405,406,2016-03-11,410,2016-08-20,True,0.020049611980875504,8.282202231413041,-1.303220402294549,-0.011340479873712506,0.024654359857685326,0.0271375006910792,0.1,6.0,2.0019174698047273,True
2015-04-15,2013-05-24,2015-01-26,415,416,2015-12-15,323,2016-08-20,True,0.020640466328959488,7.516483313332793,-0.913145757805384,0.012360186707788115,0.017801406306868633,0.021671739246161215,0.1,6.0,0.9638807118191252,True
2015-04-15,2013-05-08,2015-01-26,425,426,2015-10-17,264,2016-08-20,True,0.0215559615857629,7.0854720162444105,-0.690507095464964,0.01908190424396434,0.0022118868093183863,0.019209672377036028,0.1,6.0,0.11540039724181342,True
2015-04-15,2013-04-23,2015-01-26,435,436,2015-10-11,258,2016-08-20,True,0.021398403557672255,7.043463147127509,-0.6685420557142107,0.0189608042266987,0.00044012403429782854,0.018965911686200636,0.1,6.0,0.023208140680824815,True
2015-04-15,2013-04-09,2015-01-26,445,446,2015-10-24,271,2016-08-20,True,0.021419119939777333,7.126027323099859,-0.711444508299863,0.018849553467440203,0.0041707933845662876,0.01930547029674825,0.1,6.0,0.2177589585589927,True
2015-04-15,2013-03-22,2015-01-26,455,456,2015-10-22,269,2016-08-20,True,0.021242370138733955,7.113891786805277,-0.7052237497505527,0.018968680574465657,0.0035489662453355303,0.019297823818934655,0.1,6.0,0.18495774329384554,True
2015-04-15,2013-03-08,2015-01-26,465,466,2015-10-13,260,2016-08-20,True,0.021107462982822813,7.062567131302194,-0.6786495199456811,0.019140488554923174,0.001089105997739287,0.019171448927909875,0.1,6.0,0.05683934762304002,True
2015-04-15,2013-02-22,2015-01-26,475,476,2015-10-18,265,2016-08-20,True,0.02096282871569305,7.090304754555747,-0.6929971853461196,0.01905402073715516,0.002460731187719681,0.019212259217233022,0.1,6.0,0.1284341051588426,True
2015-04-15,2013-02-08,2015-01-26,485,486,2015-10-24,271,2016-08-20,True,0.020834867428590923,7.128727172320044,-0.7128396315908615,0.018777861431723775,0.004319420327819068,0.019268250359526572,0.1,6.0,0.22609429412015475,True
2015-04-15,2013-01-25,2015-01-26,495,496,2015-10-30,277,2016-08-20,True,0.020706697849955387,7.158974241243212,-0.7283898793781145,0.018409621070182847,0.005778825691076961,0.019295309645496007,0.1,6.0,0.30416206099306997,True
2015-04-15,2013-01-11,2015-01-26,505,506,2015-11-02,280,2016-08-20,True,0.02052825232538934,7.1784882722714,-0.7384056897524047,0.01810360932755073,0.006699131363082922,0.019303342500831898,0.1,6.0,0.35441858887149447,True
2015-04-15,2012-12-20,2015-01-26,515,516,2015-11-10,288,2016-08-20,True,0.020473835884285405,7.218752659765223,-0.7589395303595102,0.01724639527698557,0.008597214097375058,0.019270449924330635,0.1,6.0,0.4624415971319012,True
2015-04-15,2012-12-06,2015-01-26,525,526,2015-11-23,301,2016-08-20,True,0.020556835324737874,7.288434375419391,-0.7943974506514013,0.01538189802638218,0.01154558499072564,0.019232870812026195,0.1,6.0,0.6438821843487865,True
2015-04-15,2012-11-22,2015-01-26,535,536,2015-12-16,324,2016-08-20,True,0.020983095952844137,7.404409959154683,-0.8529704455242452,0.01130661485880155,0.015519144274262094,0.019201129617046855,0.1,6.0,0.9411591525984054,True
2015-04-15,2012-11-08,2015-01-26,545,546,2016-01-24,363,2016-08-20,True,0.02179017734140675,7.591896633484728,-0.9466574344664586,0.0032342602708549106,0.01901957622475789,0.019292607891858635,0.1,6.0,1.4023585282979674,True
2015-04-15,2012-10-25,2015-01-26,555,556,2016-02-21,391,2016-08-20,True,0.02186081510936602,7.7173532180384266,-1.0086371180936045,-0.002515216974083745,0.019257117459021325,0.01942068199773795,0.1,6.0,1.70067343691867,True
2015-04-15,2012-10-11,2015-01-26,565,566,2016-03-05,404,2016-08-20,True,0.021817223918327196,7.784810227319401,-1.0420870969001752,-0.005268277327418913,0.01884235487182509,0.019564996373993705,0.1,6.0,1.8434318517546833,True
2015-04-15,2012-09-27,2015-01-26,575,576,2016-03-27,426,2016-08-20,True,0.021727345894437963,7.877227227506452,-1.0870866751771748,-0.00924576006767669,0.017372712970971982,0.01967981796665871,0.1,6.0,2.059870984700804,True
2015-04-15,2012-09-13,2015-01-26,585,586,2016-03-20,419,2016-08-20,True,0.021555236034127557,7.8537521601091855,-1.075922110829071,-0.008113183353033043,0.017932874103236462,0.01968277718520589,0.1,6.0,1.995660553932919,True
2015-04-15,2012-08-30,2015-01-26,595,596,2016-04-15,445,2016-08-20,True,0.021505086274113232,7.949645940251424,-1.1220824261026996,-0.012101222876201828,0.015622836234788773,0.019761391831511755,0.1,6.0,2.2298474002047715,True
2015-04-15,2012-08-16,2015-01-26,605,606,2016-04-13,443,2016-08-20,True,0.02137664164854525,7.958427092035708,-1.1268468480382836,-0.012137818809483919,0.01567061705444253,0.019821576231946005,0.1,6.0,2.229830872139066,True
2015-04-15,2012-08-02,2015-01-26,615,616,2016-05-01,461,2016-08-20,True,0.02129497840097458,8.021779387308491,-1.1571337066625158,-0.014431323754161257,0.013672920919242215,0.019879936412405104,0.1,6.0,2.38317329115967,True
2015-04-15,2012-07-18,2015-01-26,625,626,2016-07-17,538,2016-08-20,True,0.021914032269584122,8.290693897402564,-1.2848589197296303,-0.020183082776883313,0.0030422579787682813,0.020411079442006565,0.1,6.0,2.991985846754362,True
2015-04-15,2012-07-04,2015-01-26,635,636,2016-08-20,572,2016-08-20,True,0.022259582603197357,8.465800110720398,-1.3693842381844408,-0.020711422612873263,-0.0030328575544417147,0.020932301631559107,0.1,6.0,-2.9961919959809844,True
2015-04-15,2012-06-20,2015-01-26,645,646,2016-08-20,572,2016-08-20,True,0.023269147280276646,8.606277861438048,-1.4405891318218977,-0.02076920406409295,-0.00538800966400782,0.021456711900833658,0.1,6.0,-2.88776511577143,True
2015-04-15,2012-06-06,2015-01-26,655,656,2016-08-20,572,2016-08-20,True,0.024316599358802732,6.054847111186985,-0.0006233848569747492,-6.361122740381394e-05,-1.0109076793802878e-05,6.440948443702009e-05,0.9,6.0,-2.9839909090540497,True
2015-04-15,2012-05-22,2015-01-26,665,666,2016-08-20,572,2016-08-20,True,0.025358026922597993,6.070582807773934,-0.0006581639856542196,-6.212381467140563e-05,-2.0552531752247204e-05,6.543527268036928e-05,0.9,6.0,-2.822095190571413,True
2015-04-15,2012-05-07,2015-01-26,675,676,2016-08-20,572,2016-08-20,True,0.025395910625244413,6.074849036575242,-0.0006675621827261677,-6.163432045508296e-05,-2.339112140532822e-05,6.592369845934512e-05,0.9,6.0,-2.778869907904474,True
2015-04-15,2012-04-20,2015-01-26,685,686,2016-08-20,572,2016-08-20,True,0.02537470613467322,6.069510403689808,-0.0006558685770449278,-6.243876846622838e-05,-1.9831502039358213e-05,6.551250476600894e-05,0.9,6.0,-2.83405448281863,True
2015-04-15,2012-04-04,2015-01-26,695,696,2016-08-20,572,2016-08-20,True,0.025381560153469963,6.063981408361898,-0.0006438071631181733,-6.341683569126207e-05,-1.614580728866169e-05,6.543991245482479e-05,0.9,6.0,-2.8922910499488665,True
2015-04-15,2012-03-21,2015-01-26,705,706,2016-08-20,572,2016-08-20,True,0.026136902079772113,6.0512303788249575,-0.0006161063516013128,-6.602030989789347e-05,-7.660666761595227e-06,6.646327658373533e-05,0.9,6.0,-3.0260742548417108,True
2015-04-15,2012-03-07,2015-01-26,715,716,2016-08-20,572,2016-08-20,True,0.02698805875163253,6.30416246584571,-0.01860798226586107,-0.0012758871728042079,-0.00020797607332693558,0.0012927266241564012,0.4947154707513595,6.0,-2.9800087158242046,True
2015-04-15,2012-02-22,2015-01-26,725,726,2016-08-20,572,2016-08-20,True,0.027265816158935585,8.630220887181107,-1.453077355206954,-0.021716985809472233,-0.005530876048520428,0.022410222277186708,0.1,6.0,-2.89221441301323,True
2015-04-15,2012-02-07,2015-01-26,735,736,2016-08-20,572,2016-08-20,True,0.027428121816601415,8.568972666216844,-1.4221506945388274,-0.02201040450994962,-0.004419748170328502,0.02244976794046506,0.1,6.0,-2.943425407204425,True
2015-04-15,2012-01-24,2015-01-26,745,746,2016-08-18,570,2016-08-20,True,0.027341552360201308,8.545607353264177,-1.410551812731653,-0.022142031137840384,-0.003853243902618597,0.022474808819702128,0.1,6.0,-2.9692941825108012,True
2015-04-15,2014-07-30,2015-02-02,125,126,2015-04-22,79,2016-08-20,True,0.018412859714693457,6.351419155928002,-0.3179947490726016,-0.000810578593392005,0.020444243272682093,0.020460305976418642,0.1,13.0,1.6104238270075146,True
2015-04-15,2014-07-16,2015-02-02,135,136,2015-03-30,56,2016-08-20,True,0.02207962343848476,6.22239052155236,-0.24249437687399109,0.011188068688067251,-0.012833084290065418,0.017025302739300547,0.1,10.35585246393448,-0.8537733670813792,True
2015-04-15,2014-07-02,2015-02-02,145,146,2016-06-05,489,2016-08-20,True,0.02404257300042964,18.371397724165572,-6.587763089329563,-0.10369914852124085,0.06935055551550873,0.12475180541515231,0.1,6.0,2.5521374685811917,True
2015-04-15,2014-06-18,2015-02-02,155,156,2016-06-05,489,2016-08-20,True,0.023486763601269656,15.475358781528644,-5.0538184220703855,-0.09179041252647702,0.04348365094028672,0.101569226298508,0.1,6.0,2.699183001107882,True
2015-04-15,2014-06-03,2015-02-02,165,166,2016-07-16,530,2016-08-20,True,0.022890402278827736,15.80800551345906,-5.185738158858228,-0.10683963804941832,-0.002816156626348487,0.10687674675379506,0.1,6.0,-3.115240030685328,True
2015-04-15,2014-05-19,2015-02-02,175,176,2016-06-17,501,2016-08-20,True,0.022315239738070668,15.46146586335325,-5.0323146885418195,-0.09874049529427231,0.028641234861034093,0.10281053324111848,0.1,6.0,2.8592745922738754,True
2015-04-15,2014-05-05,2015-02-02,185,186,2016-07-09,523,2016-08-20,True,0.02179196428782774,17.662084255871743,-6.167001097206557,-0.12096835773908876,0.016836173097617646,0.12213435347462687,0.1,6.0,3.0033026851402265,True
2015-04-15,2014-04-16,2015-02-02,195,196,2016-08-07,552,2016-08-20,True,0.021288965037156184,14.815301858145482,-3.1004812967104,-0.09718955769976045,-0.008023610824959837,0.09752019512155151,0.16236240576966948,6.0,-3.0592231401121297,True
2015-04-15,2014-04-02,2015-02-02,205,206,2016-07-27,541,2016-08-20,True,0.021021441195640814,19.149380482095662,-6.925177617261378,-0.13514306975215606,-0.0008358121704876709,0.13514565432902553,0.1,6.0,-3.1354080855190847,True
2015-04-15,2014-03-19,2015-02-02,215,216,2016-07-27,541,2016-08-20,True,0.02060287998907124,18.973153633974043,-6.8330409892749175,-0.13348053068110208,-0.0014642922491874266,0.13348856214185417,0.1,6.0,-3.130623012496775,True
2015-04-15,2014-03-05,2015-02-02,225,226,2016-03-03,395,2016-08-20,True,0.020595838798215103,11.53763673080079,-3.0401135909960395,-0.01134949216383907,0.06487180892142697,0.06585713754115931,0.1,6.0,1.743996009239578,True
2015-04-15,2014-02-19,2015-02-02,235,236,2015-09-11,221,2016-08-20,True,0.021023346546228144,7.1566330561019456,-0.7373524572985174,0.019446306906369074,-0.011690520317856473,0.022689802061695304,0.1,6.0,-0.5412787457914927,True
2015-04-15,2014-02-04,2015-02-02,245,246,2015-10-20,260,2016-08-20,True,0.020848340303841004,7.678630884848147,-1.0150502869036968,0.027669769165761277,0.0024490522537198856,0.02777794057571518,0.1,6.0,0.08827998597271496,True
2015-04-15,2014-01-21,2015-02-02,255,256,2015-08-19,198,2016-08-20,True,0.020857536642942022,6.85178751694722,-0.5724458208079518,0.011787663768657579,-0.015300833314099593,0.019314878131346896,0.1,6.0,-0.9143705712654498,True
2015-04-15,2014-01-07,2015-02-02,265,266,2015-07-11,159,2016-08-20,True,0.021091049471265236,6.438202097112649,-0.34643808945524085,-0.0008126001779939496,-0.014420542634643423,0.014443419571792702,0.1,6.0,-1.6270869767929836,True
2015-04-15,2013-12-16,2015-02-02,275,276,2015-08-03,182,2016-08-20,True,0.020946694192689946,6.613747086237676,-0.4419328795530025,0.0062360196363986375,-0.014926610349173447,0.01617688589999946,0.1,6.0,-1.1750580631177132,True
2015-04-15,2013-12-02,2015-02-02,285,286,2015-08-24,203,2016-08-20,True,0.02082438534019363,6.81528390644831,-0.5509683210206178,0.012887880232706775,-0.01300049570250536,0.018306019376244917,0.1,6.0,-0.7897481759186413,True
2015-04-15,2013-11-18,2015-02-02,295,296,2015-07-13,161,2016-08-20,True,0.020768503039220745,6.450490224603356,-0.3531762494907639,-0.00042861605551393345,-0.014534663035757671,0.014540981441638137,0.1,6.0,-1.6002770155195412,True
2015-04-15,2013-11-04,2015-02-02,305,306,2015-06-26,144,2016-08-20,True,0.02057813848197946,6.328192740712714,-0.28608884416785113,-0.005359574019689416,-0.012167256097114276,0.013295380949987641,0.1,6.0,-1.9857149840738377,True
2015-04-15,2013-10-21,2015-02-02,315,316,2015-06-21,139,2016-08-20,True,0.020292127648115277,6.295027170632747,-0.26775884652527404,-0.006558059365708219,-0.011142616827547306,0.01292927114765924,0.1,6.0,-2.1027589812241136,True
2015-04-15,2013-10-07,2015-02-02,325,326,2015-07-05,153,2016-08-20,True,0.02029009854022863,6.384151950401424,-0.3167271567498356,-0.0027815179629550046,-0.013459639167098686,0.0137440433892919,0.1,6.0,-1.7745838155322833,True
2015-04-15,2013-09-23,2015-02-02,335,336,2015-07-17,165,2016-08-20,True,0.020074691658195955,6.462209116329096,-0.35916737130634246,0.00098992649345013,-0.014284171881171426,0.014318432902845301,0.1,6.0,-1.5016046199124615,True
2015-04-15,2013-09-09,2015-02-02,345,346,2015-07-20,168,2016-08-20,True,0.01983970433885644,6.482898871398395,-0.37044743221023013,0.0018890390748513841,-0.014409583548060687,0.014532878815116316,0.1,6.0,-1.4404436675748895,True
2015-04-15,2013-08-26,2015-02-02,355,356,2015-08-22,201,2016-08-20,True,0.020186073830072798,6.713720198094389,-0.4945006389139699,0.011678974431843889,-0.011321079306157,0.016265462810383217,0.1,6.0,-0.7698387978458037,True
2015-04-15,2013-08-12,2015-02-02,365,366,2015-09-01,211,2016-08-20,True,0.01998977006417478,6.787147322399975,-0.5335999126235965,0.014021597872687266,-0.009256122791454782,0.016801220670946405,0.1,6.0,-0.583465810579659,True
2015-04-15,2013-07-26,2015-02-02,375,376,2015-09-13,223,2016-08-20,True,0.019813431994246275,6.877396879867489,-0.5814620830484173,0.016294615844634347,-0.006279381735910139,0.01746267850329641,0.1,6.0,-0.3678270646552885,True
2015-04-15,2013-07-12,2015-02-02,385,386,2015-10-04,244,2016-08-20,True,0.019676621246564406,7.034759056339911,-0.6642896420959775,0.018507621223033566,-0.00023939037552597742,0.018509169378639792,0.1,6.0,-0.012933970469744599,True
2015-04-15,2013-06-28,2015-02-02,395,396,2015-11-21,292,2016-08-20,True,0.02000074669639879,7.43312321435191,-0.8719737563215952,0.016082566633180393,0.01409489206966652,0.021384923005852405,0.1,6.0,0.7196269654810548,True
2015-04-15,2013-06-14,2015-02-02,405,406,2016-01-04,336,2016-08-20,True,0.020463681869736263,7.865192929596602,-1.0949549859694867,0.0061538911633362905,0.024038899535380825,0.024814090096602796,0.1,6.0,1.3201812460186146,True
2015-04-15,2013-05-31,2015-02-02,415,416,2015-12-12,313,2016-08-20,True,0.020446728934125424,7.6398185226382385,-0.9790086556729851,0.01208408931073797,0.01963022072828058,0.023051481087142927,0.1,6.0,1.0189952793616608,True
2015-04-15,2013-05-16,2015-02-02,425,426,2015-10-15,255,2016-08-20,True,0.02148656826832383,7.148700768138272,-0.7247026189342645,0.019602839674703713,0.0030969959730162144,0.01984597458854104,0.1,6.0,0.1566920011967518,True
2015-04-15,2013-04-30,2015-02-02,435,436,2015-09-25,235,2016-08-20,True,0.021669705970002534,7.006615277838117,-0.6504111416153908,0.018860358370565558,-0.0029841474304669047,0.019094979804988654,0.1,6.0,-0.15692239509555936,True
2015-04-15,2013-04-16,2015-02-02,445,446,2015-10-06,246,2016-08-20,True,0.021687316015984396,7.079483535803112,-0.6884157244329719,0.019344382280803055,0.0003622944276487905,0.01934777462857557,0.1,6.0,0.018726474254681352,True
2015-04-15,2013-04-02,2015-02-02,455,456,2015-10-07,247,2016-08-20,True,0.02152345210521939,7.089875081001879,-0.6938911904082875,0.01941103554184595,0.0007667951689811492,0.019426175013058527,0.1,6.0,0.03948252432605416,True
2015-04-15,2013-03-15,2015-02-02,465,466,2015-10-03,243,2016-08-20,True,0.02133993788928007,7.058736738989656,-0.677683932490888,0.019326238195222695,-0.0006908495880161569,0.019338582055873348,0.1,6.0,-0.035731503677175445,True
2015-04-15,2013-03-01,2015-02-02,475,476,2015-10-01,241,2016-08-20,True,0.021168277732695806,7.048099192611356,-0.6721044785498662,0.019256805514580227,-0.0011548355798947918,0.019291402329611976,0.1,6.0,-0.05989851897585057,True
2015-04-15,2013-02-15,2015-02-02,485,486,2015-10-08,248,2016-08-20,True,0.021072558121609044,7.090085245950909,-0.6939257591453178,0.019332658282224677,0.0008765508675057376,0.019352519672657498,0.1,6.0,0.04530938978626567,True
2015-04-15,2013-02-01,2015-02-02,495,496,2015-10-14,254,2016-08-20,True,0.020988662250435698,7.1322506493865685,-0.7157856575709268,0.019188850593706508,0.0028934879264847363,0.019405779022968996,0.1,6.0,0.14966253242965769,True
2015-04-15,2013-01-18,2015-02-02,505,506,2015-10-16,256,2016-08-20,True,0.02079559356680543,7.145492192347921,-0.7226115227290489,0.019079862548308096,0.0035421836277966245,0.01940588106001272,0.1,6.0,0.18356054505524244,True
2015-04-15,2013-01-04,2015-02-02,515,516,2015-10-20,260,2016-08-20,True,0.020627133147756643,7.16518750503323,-0.7327711403011301,0.01888149076417997,0.004483329835032759,0.01940646644516998,0.1,6.0,0.23312845165457702,True
2015-04-15,2012-12-13,2015-02-02,525,526,2015-10-31,271,2016-08-20,True,0.020739292404183284,7.23004003889728,-0.7660507082854254,0.017822588877145357,0.007515728299563831,0.019342462256822682,0.1,6.0,0.399069464875092,True
2015-04-15,2012-11-29,2015-02-02,535,536,2015-11-13,284,2016-08-20,True,0.020936145742221062,7.309434554041587,-0.806570153306489,0.015908329257832005,0.010871434196139798,0.019268186766185122,0.1,6.0,0.5994843026453537,True
2015-04-15,2012-11-15,2015-02-02,545,546,2015-12-10,311,2016-08-20,True,0.021836758164143568,7.4586667861584,-0.8822280254905861,0.01101427601413943,0.015763041317674614,0.019229866034332226,0.1,6.0,0.9609161373086156,True
2015-04-15,2012-11-01,2015-02-02,555,556,2015-12-31,332,2016-08-20,True,0.022098540968877645,7.5768127199368935,-0.9416154460821718,0.006336868657224021,0.018192723870387673,0.019264763331094458,0.1,6.0,1.235619975493972,True
2015-04-15,2012-10-18,2015-02-02,565,566,2016-01-19,351,2016-08-20,True,0.02219150857433149,7.676708704563621,-0.9915497148540192,0.0021652560049637837,0.01921488906248628,0.019336501629061205,0.1,6.0,1.458583332248885,True
2015-04-15,2012-10-04,2015-02-02,575,576,2016-02-07,370,2016-08-20,True,0.022141069294264033,7.770361136637579,-1.0378285280339938,-0.00195377564515431,0.0192386895604406,0.01933764244355046,0.1,6.0,1.67200385765414,True
2015-04-15,2012-09-20,2015-02-02,585,586,2016-02-12,375,2016-08-20,True,0.022010525940861343,7.79662185824732,-1.050951977920754,-0.0029583769407406646,0.01916710355984369,0.019394067469132893,0.1,6.0,1.7239344769388436,True
2015-04-15,2012-09-06,2015-02-02,595,596,2016-02-11,374,2016-08-20,True,0.021838297559677308,7.798874858952389,-1.0522196545099083,-0.002954222377696908,0.01920763692394334,0.01943349546682008,0.1,6.0,1.7234050345953396,True
2015-04-15,2012-08-23,2015-02-02,605,606,2016-03-03,395,2016-08-20,True,0.02185374810725126,7.896949331963617,-1.1003326958371076,-0.007024480033231528,0.018114623051537132,0.019428918859178676,0.1,6.0,1.9407236302115098,True
2015-04-15,2012-08-09,2015-02-02,615,616,2016-03-06,398,2016-08-20,True,0.021688189019869596,7.911662813894131,-1.1075412056293343,-0.007596292479342431,0.017885263697836024,0.01943158040337547,0.1,6.0,1.972432785298436,True
2015-04-15,2012-07-25,2015-02-02,625,626,2016-04-03,426,2016-08-20,True,0.02201434726923588,8.042228637081177,-1.1711745644160094,-0.012240266002036648,0.015119192136137438,0.019452868237102065,0.1,6.0,2.251354309806503,True
2015-04-15,2012-07-11,2015-02-02,635,636,2016-05-31,484,2016-08-20,True,0.022599247362596196,8.296891663323548,-1.2938384451912306,-0.01833182551412251,0.007089796563052475,0.01965505130966856,0.1,6.0,2.772562368405851,True
2015-04-15,2012-06-27,2015-02-02,645,646,2016-08-18,563,2016-08-20,True,0.023138616944901214,8.637560215487971,-1.4559744470634144,-0.019611132656962432,-0.005276008774717067,0.020308441414344673,0.1,6.0,-2.8787839066460634,True
2015-04-15,2012-06-13,2015-02-02,655,656,2016-08-20,565,2016-08-20,True,0.02422300742569456,8.783292048278762,-1.529673672136064,-0.019687121696274644,-0.007886896143937172,0.021208156248697783,0.1,6.0,-2.7605588477268594,True
2015-04-15,2012-05-30,2015-02-02,665,666,2016-08-20,565,2016-08-20,True,0.025503358742285452,6.075930124425228,-0.0006673337496378647,-5.820955936457194e-05,-2.057783318551757e-05,6.173977664381863e-05,0.9,6.0,-2.801791689704396,True
2015-04-15,2012-05-14,2015-02-02,675,676,2016-08-20,565,2016-08-20,True,0.025783780205914944,6.085156262632411,-0.0006878073131733524,-5.7367934383808724e-05,-2.688902472004935e-05,6.335692184647553e-05,0.9,6.0,-2.7032874565225824,True
2015-04-15,2012-04-27,2015-02-02,685,686,2016-08-20,565,2016-08-20,True,0.025711409279044306,6.081714895721686,-0.0006802126528534749,-5.78049566579812e-05,-2.452555406651767e-05,6.279264142000053e-05,0.9,6.0,-2.7403310275898627,True
2015-04-15,2012-04-13,2015-02-02,695,696,2016-08-20,565,2016-08-20,True,0.02570404224890332,6.076481250201081,-0.0006686977656211884,-5.8575350203891955e-05,-2.092740453532105e-05,6.220151052903427e-05,0.9,6.0,-2.798453093608016,True
2015-04-15,2012-03-28,2015-02-02,705,706,2016-08-20,565,2016-08-20,True,0.02606003366044735,6.067743547388426,-0.0006495623356669656,-6.0136054352451015e-05,-1.4920470120110212e-05,6.195938558189586e-05,0.9,6.0,-2.8983918228432115,True
2015-04-15,2012-03-14,2015-02-02,715,716,2016-08-20,565,2016-08-20,True,0.027087769057014155,8.817004712296239,-1.546958533221244,-0.02022449540129448,-0.008303894734302153,0.02186286536562288,0.1,6.0,-2.7519938535933126,True
2015-04-15,2012-02-29,2015-02-02,725,726,2016-08-16,561,2016-08-20,True,0.027454846939212563,8.732066703089519,-1.5045277041219434,-0.02060953745417704,-0.00646772656664199,0.021600567608652622,0.1,6.0,-2.8375038411639526,True
2015-04-15,2012-02-14,2015-02-02,735,736,2016-07-10,524,2016-08-20,True,0.027690951125519864,8.57830969424678,-1.4319977388037366,-0.02146875095597675,-0.0005425023270184126,0.021475604214656524,0.1,6.0,-3.1163286360357763,True
2015-04-15,2012-01-31,2015-02-02,745,746,2016-06-19,503,2016-08-20,True,0.02771529905348292,8.492391949307617,-1.3914692260662853,-0.02127728610833962,0.003027264499600474,0.02149156193687847,0.1,6.0,3.000264366422249,True
2015-04-15,2014-08-07,2015-02-09,125,126,2015-02-10,1,2016-08-20,True,0.018644681226683685,6.016847372384411,-0.08222312878612557,0.004817703867315344,-0.012914171052696901,0.013783543975750932,0.1896632460228699,9.749967929902462,-1.213731422245575,True
2015-04-15,2014-07-23,2015-02-09,135,136,2015-05-02,82,2016-08-20,True,0.02240047368568121,6.458297595699427,-0.37727992507907127,-0.01406711913808359,0.011844388289012901,0.018389490878921676,0.1,13.0,2.4417666176899995,True
2015-04-15,2014-07-09,2015-02-09,145,146,2015-02-12,3,2016-08-20,True,0.023428954795480565,6.150767686161665,-0.20651480595605765,0.013208880929148917,-0.0030509254121910898,0.013556647124978482,0.1,6.0,-0.226994501933594,True
2015-04-15,2014-06-25,2015-02-09,155,156,2016-06-06,483,2016-08-20,True,0.023360098924358662,18.203733820015845,-6.495459416087288,-0.10586082272799047,0.06525392533538543,0.12435669889605094,0.1,6.0,2.5891925278687387,True
2015-04-15,2014-06-11,2015-02-09,165,166,2016-07-16,523,2016-08-20,True,0.022929206300942476,17.460181694227053,-6.050454668392199,-0.1210668241514028,0.0035197944979263873,0.1211179791088603,0.1,6.0,3.1125276861629287,True
2015-04-15,2014-05-26,2015-02-09,175,176,2016-07-16,523,2016-08-20,True,0.02231761410950173,16.914830291154736,-5.763705980649221,-0.1170060568514506,8.858238998987744e-05,0.11700609038321341,0.1,6.0,3.14083557848232,True
2015-04-15,2014-05-12,2015-02-09,185,186,2016-07-16,523,2016-08-20,True,0.021798002389925998,18.083773823863314,-6.37765643352717,-0.12632114515468928,0.006944691028133665,0.1265118984391125,0.1,6.0,3.0866714675415254,True
2015-04-15,2014-04-25,2015-02-09,195,196,2016-08-09,547,2016-08-20,True,0.021312513552284654,20.60681212072017,-7.6685227140276035,-0.14769852211078127,-0.017166029660811155,0.1486927234535194,0.1,6.0,-3.02588832828181,True
2015-04-15,2014-04-09,2015-02-09,205,206,2016-08-13,551,2016-08-20,True,0.0209073746936232,18.61041634531102,-5.68982775114712,-0.1340734285817016,-0.01773433461112095,0.13524123215850942,0.12331931537600778,6.0,-3.01008278472193,True
2015-04-15,2014-03-26,2015-02-09,215,216,2016-06-19,496,2016-08-20,True,0.0206296673404994,16.9449424046529,-5.811378445306866,-0.10988461577146258,0.0366757870608887,0.11584361069898337,0.1,6.0,2.8194524353751467,True
2015-04-15,2014-03-12,2015-02-09,225,226,2016-07-13,520,2016-08-20,True,0.020218926032583115,18.533743240247528,-6.617946617328504,-0.12932793768734457,0.014120348370181723,0.13009650150775376,0.1,6.0,3.0328409187050624,True
2015-04-15,2014-02-26,2015-02-09,235,236,2015-11-13,277,2016-08-20,True,0.02072745435930955,8.397306961968402,-1.401009554255647,0.03321151421192742,0.013667926760950022,0.03591402091372881,0.1,6.0,0.3904164484690839,True
2015-04-15,2014-02-11,2015-02-09,245,246,2015-09-24,227,2016-08-20,True,0.02088396933399699,7.357828524243479,-0.8450504725011282,0.023904062972667825,-0.0072448495272532665,0.024977831596714132,0.1,6.0,-0.29428031626634915,True
2015-04-15,2014-01-28,2015-02-09,255,256,2015-11-20,284,2016-08-20,True,0.02061615092758809,8.317390057188595,-1.353895766042805,0.029387906944256026,0.01803868205177761,0.034482504617985264,0.1,6.0,0.5505143231615053,True
2015-04-15,2014-01-14,2015-02-09,265,266,2015-08-18,190,2016-08-20,True,0.021211595242305967,6.840283490406556,-0.5657334111855148,0.012148381235598457,-0.014851851615429026,0.019187513206566465,0.1,6.0,-0.885193219313968,True
2015-04-15,2013-12-23,2015-02-09,275,276,2015-08-05,177,2016-08-20,True,0.021114555048828428,6.675524138040869,-0.4756147585595974,0.008030162846615424,-0.015043233684514344,0.017052342801799104,0.1,6.0,-1.080471366994354,True
2015-04-15,2013-12-09,2015-02-09,285,286,2015-09-13,216,2016-08-20,True,0.02100114403240945,7.084607884648204,-0.6959787167648328,0.01960371135432938,-0.008418826072665815,0.02133499780421035,0.1,6.0,-0.40563431828028046,True
2015-04-15,2013-11-25,2015-02-09,295,296,2015-08-13,185,2016-08-20,True,0.02095782942099115,6.744147407655675,-0.5127844090594434,0.01030421004940342,-0.014404082494371521,0.017710289022116115,0.1,6.0,-0.9498310014826374,True
2015-04-15,2013-11-11,2015-02-09,305,306,2015-07-17,158,2016-08-20,True,0.020906444110897003,6.505978967970997,-0.38340813402600943,0.001322996051958028,-0.015096352103796,0.015154212793651884,0.1,6.0,-1.4833828508063127,True
2015-04-15,2013-10-28,2015-02-09,315,316,2015-07-05,146,2016-08-20,True,0.020775806319894966,6.412384752109413,-0.33201992372332984,-0.0023441008854336726,-0.013821994455545793,0.014019355894270948,0.1,6.0,-1.73879000174829,True
2015-04-15,2013-10-14,2015-02-09,325,326,2015-07-02,143,2016-08-20,True,0.02051194994068667,6.394083467292563,-0.32195832684942377,-0.003113738050484288,-0.013462182516098545,0.013817587442957727,0.1,6.0,-1.7980944821806741,True
2015-04-15,2013-09-30,2015-02-09,335,336,2015-07-16,157,2016-08-20,True,0.020449032634193547,6.4915902598133925,-0.37526145123318255,0.0013546466266918383,-0.014700492291884476,0.014762775521796789,0.1,6.0,-1.478906092332934,True
2015-04-15,2013-09-16,2015-02-09,345,346,2015-07-16,157,2016-08-20,True,0.020158369343855224,6.487327141334083,-0.37296489986336523,0.0011177141065772667,-0.0147026938056883,0.014745117495899004,0.1,6.0,-1.4949212257592728,True
2015-04-15,2013-09-02,2015-02-09,355,356,2015-07-31,172,2016-08-20,True,0.02012595122901265,6.592997565739411,-0.4301309157133915,0.0061270055574725035,-0.014332557090390188,0.015587250875333757,0.1,6.0,-1.16681965575069,True
2015-04-15,2013-08-19,2015-02-09,365,366,2015-08-24,196,2016-08-20,True,0.020256259897119152,6.77529214180906,-0.52786304354157,0.013224849632943528,-0.01074624212173518,0.01704049199855808,0.1,6.0,-0.6823644591723902,True
2015-04-15,2013-08-05,2015-02-09,375,376,2015-08-26,198,2016-08-20,True,0.020002075572464192,6.787461702000571,-0.5343461317919302,0.013616827207781484,-0.010395703742514306,0.01713151013509037,0.1,6.0,-0.6520507610172219,True
2015-04-15,2013-07-19,2015-02-09,385,386,2015-09-10,213,2016-08-20,True,0.019850581117738905,6.905552812893321,-0.5969882766693848,0.016760234441986023,-0.006459750874673265,0.017962011020851106,0.1,6.0,-0.36787567995772236,True
2015-04-15,2013-07-05,2015-02-09,395,396,2015-10-05,238,2016-08-20,True,0.01987247165284231,7.102675763126266,-0.7008376791835483,0.01935168870879234,0.0010100364823649177,0.019378029558696337,0.1,6.0,0.05214639501558595,True
2015-04-15,2013-06-21,2015-02-09,405,406,2015-12-19,313,2016-08-20,True,0.02068398631682173,7.791099544168131,-1.0582194253547557,0.009795188612387783,0.02244218028537373,0.024486673435023157,0.1,6.0,1.1592563441270305,True
2015-04-15,2013-06-07,2015-02-09,415,416,2015-12-05,299,2016-08-20,True,0.020520328160557846,7.6667420288850705,-0.994462760168265,0.013356507448946522,0.0196164764549627,0.02373188656095149,0.1,6.0,0.9730167376993398,True
2015-04-15,2013-05-24,2015-02-09,425,426,2015-10-25,258,2016-08-20,True,0.020986086109135493,7.2943325479551016,-0.8014708770902218,0.019570696436561688,0.00776740967362502,0.021055754843984385,0.1,6.0,0.3778222926871892,True
2015-04-15,2013-05-08,2015-02-09,435,436,2015-09-22,225,2016-08-20,True,0.021785727916926078,7.022346222938868,-0.6592655883508897,0.019100933801979764,-0.0033457940133287123,0.019391751073258943,0.1,6.0,-0.17340468945107626,True
2015-04-15,2013-04-23,2015-02-09,445,446,2015-09-17,220,2016-08-20,True,0.021615852138619808,6.986163972312448,-0.6402725796817123,0.01858790154856519,-0.004909401833196103,0.019225303907583396,0.1,6.0,-0.2582215481963512,True
2015-04-15,2013-04-09,2015-02-09,455,456,2015-09-27,230,2016-08-20,True,0.02165758634333868,7.062096193981679,-0.6800571689427498,0.019470899949639492,-0.0015343854599696172,0.019531264259863908,0.1,6.0,-0.07864151270679666,True
2015-04-15,2013-03-22,2015-02-09,465,466,2015-09-28,231,2016-08-20,True,0.021480403615858318,7.064173324000623,-0.6811407291209818,0.019487217192777184,-0.0014416951342530737,0.01954047386269329,0.1,6.0,-0.07384704854340544,True
2015-04-15,2013-03-08,2015-02-09,475,476,2015-09-23,226,2016-08-20,True,0.021326024416755282,7.028764138826498,-0.6626238186676725,0.019192636697197632,-0.003077076557894548,0.01943773915695345,0.1,6.0,-0.1589730013786476,True
2015-04-15,2013-02-22,2015-02-09,485,486,2015-09-26,229,2016-08-20,True,0.021194891712652302,7.054522709428086,-0.6760840308566628,0.01939755243218136,-0.001858146685286749,0.01948634777127995,0.1,6.0,-0.09550143828763498,True
2015-04-15,2013-02-08,2015-02-09,495,496,2015-10-02,235,2016-08-20,True,0.021086400787068922,7.093003365670464,-0.696106498151854,0.019527967304975274,9.814870406715803e-06,0.01952796977148071,0.1,6.0,0.0005026057974688394,True
2015-04-15,2013-01-25,2015-02-09,505,506,2015-10-06,239,2016-08-20,True,0.020973426770589238,7.122972914067955,-0.7116573889243241,0.01949532693188913,0.0014649646155752427,0.019550291391847056,0.1,6.0,0.07500343695075799,True
2015-04-15,2013-01-11,2015-02-09,515,516,2015-10-10,243,2016-08-20,True,0.02080796111173591,7.145963639780691,-0.7235337515050454,0.019365869867885965,0.002599709636149139,0.019539585613113197,0.1,6.0,0.13344404471463245,True
2015-04-15,2012-12-20,2015-02-09,525,526,2015-10-15,248,2016-08-20,True,0.020774641665757012,7.180828378863098,-0.7415532923992598,0.019047211982425122,0.004264520964666771,0.019518771051516576,0.1,6.0,0.22025971104496025,True
2015-04-15,2012-12-06,2015-02-09,535,536,2015-10-26,259,2016-08-20,True,0.02089571755104534,7.246802759932819,-0.7754563468129401,0.018010857594930346,0.0073169620362055765,0.019440394150945957,0.1,6.0,0.38588510648309793,True
2015-04-15,2012-11-22,2015-02-09,545,546,2015-11-12,276,2016-08-20,True,0.02137529565490617,7.349295750480737,-0.82784274658024,0.015554675556358616,0.01150863840956716,0.01934933305583799,0.1,6.0,0.6369946574302842,True
2015-04-15,2012-11-08,2015-02-09,555,556,2015-12-06,300,2016-08-20,True,0.022253555199679212,7.4984807425704485,-0.9035815325977036,0.01068929114491296,0.016114619869499112,0.019337577891741516,0.1,6.0,0.9851081289357649,True
2015-04-15,2012-10-25,2015-02-09,565,566,2015-12-25,319,2016-08-20,True,0.02237783904345408,7.605744390418554,-0.9575096133845502,0.006469093742843601,0.018208582622038297,0.019323603570692845,0.1,6.0,1.229427997884038,True
2015-04-15,2012-10-11,2015-02-09,575,576,2016-01-05,330,2016-08-20,True,0.0223742572609543,7.670256493890599,-0.9899551119018091,0.003930225606824239,0.018988696161170535,0.019391164359619812,0.1,6.0,1.366701089288339,True
2015-04-15,2012-09-27,2015-02-09,585,586,2016-01-17,342,2016-08-20,True,0.02232120531780805,7.740930590191185,-1.0252212584915248,0.000999658345779142,0.019384721229269902,0.019410480002946685,0.1,6.0,1.5192725735950179,True
2015-04-15,2012-09-13,2015-02-09,595,596,2016-01-18,343,2016-08-20,True,0.02214817692392765,7.74445793319064,-1.0270352656413437,0.0008909373404245857,0.019411401164930897,0.019431836365368133,0.1,6.0,1.524930883676171,True
2015-04-15,2012-08-30,2015-02-09,605,606,2016-01-28,353,2016-08-20,True,0.022130411533661624,7.802280257574581,-1.0558208652047514,-0.0014796035214532932,0.019388149351629663,0.01944452524135765,0.1,6.0,1.6469635312509814,True
2015-04-15,2012-08-16,2015-02-09,615,616,2016-02-06,362,2016-08-20,True,0.022020612414140772,7.847409651236199,-1.0780875944444122,-0.003367904092909768,0.01911916659183721,0.019413534174525317,0.1,6.0,1.7451607934813165,True
2015-04-15,2012-08-02,2015-02-09,625,626,2016-02-14,370,2016-08-20,True,0.021962345155240624,7.891792517140687,-1.100026248148913,-0.005125190160293641,0.018716335018408303,0.019405379942182725,0.1,6.0,1.8380792514678719,True
2015-04-15,2012-07-18,2015-02-09,635,636,2016-03-20,405,2016-08-20,True,0.022656299339272757,8.073356095431055,-1.189043898139931,-0.01159047642564319,0.015526058146956179,0.01937518065350759,0.1,6.0,2.2120650030570794,True
2015-04-15,2012-07-04,2015-02-09,645,646,2016-04-26,442,2016-08-20,True,0.02308777249525779,8.267589560278024,-1.2836176346494266,-0.01656398589147546,0.010323442660557375,0.019517661155446214,0.1,6.0,2.5842554312504387,True
2015-04-15,2012-06-20,2015-02-09,655,656,2016-07-19,526,2016-08-20,True,0.02406330785557722,8.687312425669841,-1.4852341520198282,-0.019810728708163968,-0.0035765296083066778,0.020130984476362954,0.1,6.0,-2.962981568359325,True
2015-04-15,2012-06-06,2015-02-09,665,666,2016-08-20,558,2016-08-20,True,0.02508360242840427,8.941979441868035,-1.6095793792944069,-0.018774256208451162,-0.010202328980416508,0.02136726966192016,0.1,6.0,-2.643814366075872,True
2015-04-15,2012-05-22,2015-02-09,675,676,2016-08-20,558,2016-08-20,True,0.02602963129974494,6.091472252928274,-0.0006992650346024573,-5.3504493340942935e-05,-2.7778862834724707e-05,6.028595216185489e-05,0.9,6.0,-2.6627131557876567,True
2015-04-15,2012-05-07,2015-02-09,685,686,2016-08-20,558,2016-08-20,True,0.02602426216214886,6.094430756807391,-0.0007058694602329249,-5.328009391301893e-05,-2.9860773380119076e-05,6.107728050788562e-05,0.9,6.0,-2.630762616514914,True
2015-04-15,2012-04-20,2015-02-09,695,696,2016-08-20,558,2016-08-20,True,0.026046092195431077,6.088832965470023,-0.0006934493621033481,-5.393631328098913e-05,-2.5900162391199072e-05,5.983263576206122e-05,0.9,6.0,-2.6939109747054113,True
2015-04-15,2012-04-04,2015-02-09,705,706,2016-08-20,558,2016-08-20,True,0.026094366344252346,6.316510161189756,-0.013310106141424586,-0.0007379432893176905,-0.00037694673862590606,0.0008286429520666424,0.5464851002282863,6.0,-2.6693367181969223,True
2015-04-15,2012-03-21,2015-02-09,715,716,2016-08-20,558,2016-08-20,True,0.026756224406203094,8.948279283640467,-1.6128950492801037,-0.01911108057867622,-0.010194199106671908,0.021659988372829883,0.1,6.0,-2.6515692201616763,True
2015-04-15,2012-03-07,2015-02-09,725,726,2016-07-14,521,2016-08-20,True,0.02754725975800868,8.729193847555504,-1.5077229633988702,-0.020866150525432475,-0.0035289423384657903,0.02116245902011915,0.1,6.0,-2.974055155816132,True
2015-04-15,2012-02-22,2015-02-09,735,736,2016-06-16,493,2016-08-20,True,0.027805833364672922,8.587568151902872,-1.4400212922473001,-0.02101189837635517,0.001461734633713574,0.021062681251865223,0.1,6.0,3.0721375583373915,True
2015-04-15,2012-02-07,2015-02-09,745,746,2016-05-23,469,2016-08-20,True,0.027931320696981538,8.477250366310964,-1.3874153694154614,-0.02036275970278628,0.005642420965752987,0.02113004725664819,0.1,6.0,2.8712796887681127,True
2015-04-15,2014-08-14,2015-02-16,125,126,2015-02-17,1,2016-08-20,True,0.019797349941797632,6.048464623049106,-0.09299656554193873,0.009097985944196012,0.009521437231954772,0.01316932478158401,0.1921886241650722,10.043320512029494,0.8081366929811516,True
2015-04-15,2014-07-30,2015-02-16,135,136,2015-02-17,1,2016-08-20,True,0.020129119049720482,6.209902915393819,-0.24343746673753883,0.017043213426014718,0.006029715067480207,0.01807840113726007,0.1,9.933997978642948,0.3400470354369534,True
2015-04-15,2014-07-16,2015-02-16,145,146,2016-06-19,489,2016-08-20,True,0.02374262359821167,22.197631619323968,-8.593511849780832,-0.1317310038904438,0.0838842580769934,0.15617178406841536,0.1,6.0,2.5745639554863766,True
2015-04-15,2014-07-02,2015-02-16,155,156,2016-06-03,473,2016-08-20,True,0.023340193052675075,18.156029316237603,-6.476119192979879,-0.10120066610560574,0.0696133252722726,0.12283155081525889,0.1,6.0,2.53905126634558,True
2015-04-15,2014-06-18,2015-02-16,165,166,2016-06-07,477,2016-08-20,True,0.02285122136807576,16.173492099256592,-5.419465136377147,-0.09761656509714145,0.04618910914603802,0.10799272005588648,0.1,6.0,2.699639503993535,True
2015-04-15,2014-06-03,2015-02-16,175,176,2016-07-16,516,2016-08-20,True,0.022324725010578663,16.85344829630311,-5.731219524556222,-0.11638949409097865,-0.0006050660468193136,0.11639106683794495,0.1,6.0,-3.1363940692945156,True
2015-04-15,2014-05-19,2015-02-16,185,186,2016-07-16,516,2016-08-20,True,0.021785437312984168,17.607629303589558,-6.127621771158779,-0.12225898645873712,0.004123630229675879,0.12232850892653258,0.1,6.0,3.107876787744547,True
2015-04-15,2014-05-05,2015-02-16,195,196,2016-06-19,489,2016-08-20,True,0.021302090965966865,16.810464766958553,-5.740602844020985,-0.1090530472687965,0.03591067593703601,0.11481351734384407,0.1,6.0,2.8234805553901303,True
2015-04-15,2014-04-16,2015-02-16,205,206,2016-08-13,544,2016-08-20,True,0.020831006871171225,18.687028829108886,-5.946156424316469,-0.13356642499848698,-0.019258505301768203,0.13494769324940195,0.11748193366822542,6.0,-2.998392852368807,True
2015-04-15,2014-04-02,2015-02-16,215,216,2016-08-10,541,2016-08-20,True,0.020593988367354422,20.249029551709654,-7.481574143473249,-0.14385854558784722,-0.01832675110033577,0.1450212086025502,0.1,6.0,-3.0148809453720444,True
2015-04-15,2014-03-19,2015-02-16,225,226,2016-07-14,514,2016-08-20,True,0.020207488330255333,18.37648030138019,-6.535530703681966,-0.12776205700091497,0.013330926440599189,0.1284556608673581,0.1,6.0,3.037627036201616,True
2015-04-15,2014-03-05,2015-02-16,235,236,2015-12-28,315,2016-08-20,True,0.020222678083708676,9.663463420881241,-2.0702270654944597,0.028033384708926468,0.039750504087886884,0.048641270886766355,0.1,6.0,0.9565666159888735,True
2015-04-15,2014-02-19,2015-02-16,245,246,2015-12-28,315,2016-08-20,True,0.02079246168902333,9.184759128791073,-1.8096862783780885,0.021718017047761773,0.03713689830786082,0.04302117479120331,0.1,6.0,1.0416210746401897,True
2015-04-15,2014-02-04,2015-02-16,255,256,2015-12-24,311,2016-08-20,True,0.020629843066117096,9.007884808196525,-1.7157252317286953,0.02230033171050172,0.034627681088960055,0.041187147169925845,0.1,6.0,0.9986484578923484,True
2015-04-15,2014-01-21,2015-02-16,265,266,2015-10-13,239,2016-08-20,True,0.020697772120667368,7.630993201088359,-0.9902346837529223,0.02765204426233331,0.0005048662120840375,0.027656652758028123,0.1,6.0,0.018255797646034525,True
2015-04-15,2014-01-07,2015-02-16,275,276,2015-09-21,217,2016-08-20,True,0.02115159782448192,7.199645325882005,-0.7576378544368927,0.02182457690518859,-0.005887603743434999,0.02260477902856387,0.1,6.0,-0.2634969215265634,True
2015-04-15,2013-12-16,2015-02-16,285,286,2015-09-17,213,2016-08-20,True,0.02099176653148723,7.141008901358657,-0.7260925458451343,0.020840597786801557,-0.00696823976099694,0.021974687289651625,0.1,6.0,-0.3226732979198518,True
2015-04-15,2013-12-02,2015-02-16,295,296,2015-09-12,208,2016-08-20,True,0.020815108582045688,7.103529953346644,-0.7063633681594725,0.019998104681660717,-0.008472787701381875,0.021718939253364752,0.1,6.0,-0.4007516706552712,True
2015-04-15,2013-11-18,2015-02-16,305,306,2015-08-11,176,2016-08-20,True,0.02100619034036836,6.7446136743283756,-0.5129512077815528,0.01029713577766675,-0.014449765085792207,0.017743356961361173,0.1,6.0,-0.9516532448781865,True
2015-04-15,2013-11-04,2015-02-16,315,316,2015-07-31,165,2016-08-20,True,0.021044708134923845,6.624099383180832,-0.44714866190399666,0.006522989811803784,-0.014696717240312622,0.01607926906692584,0.1,6.0,-1.1530769190970311,True
2015-04-15,2013-10-21,2015-02-16,325,326,2015-07-20,154,2016-08-20,True,0.02091744238385615,6.5275474317253455,-0.39445533613852385,0.002762409205426669,-0.014648213189063251,0.014906409837733316,0.1,6.0,-1.384402019544443,True
2015-04-15,2013-10-07,2015-02-16,335,336,2015-07-24,158,2016-08-20,True,0.02074602227501651,6.567233486088543,-0.41611943448250294,0.004429187049454941,-0.014726933497512956,0.015378565217835783,0.1,6.0,-1.2786477527237863,True
2015-04-15,2013-09-23,2015-02-16,345,346,2015-07-26,160,2016-08-20,True,0.02046873084302792,6.583169409347642,-0.4247777013830927,0.005120055392351386,-0.014677792369581237,0.01554517790394448,0.1,6.0,-1.2351641380728722,True
2015-04-15,2013-09-09,2015-02-16,355,356,2015-07-28,162,2016-08-20,True,0.02021656412933149,6.5898070709426655,-0.42830917639279487,0.005500666639444596,-0.01454514202293283,0.015550514137660697,0.1,6.0,-1.2092415427222676,True
2015-04-15,2013-08-26,2015-02-16,365,366,2015-08-19,184,2016-08-20,True,0.020396094237768305,6.7614949636803345,-0.5206666983651642,0.012460558574929795,-0.011641944471618898,0.017052870464514598,0.1,6.0,-0.7514473513058105,True
2015-04-15,2013-08-12,2015-02-16,375,376,2015-08-23,188,2016-08-20,True,0.020183690405697785,6.795492837943864,-0.538848964432876,0.013594354328944985,-0.010777916543602231,0.01734848565845907,0.1,6.0,-0.6703493653042147,True
2015-04-15,2013-07-26,2015-02-16,385,386,2015-09-01,197,2016-08-20,True,0.01999247274876404,6.864423042918347,-0.5755271473376087,0.015647880581908066,-0.008633516721324758,0.017871591358439506,0.1,6.0,-0.5041759215413851,True
2015-04-15,2013-07-12,2015-02-16,395,396,2015-09-15,211,2016-08-20,True,0.01984487090742149,6.971163971636662,-0.6320665321483298,0.018024973966537752,-0.004853080063869919,0.01866687099116227,0.1,6.0,-0.2630052045741586,True
2015-04-15,2013-06-28,2015-02-16,405,406,2015-10-22,248,2016-08-20,True,0.020160354642893084,7.2943837765414665,-0.8017243924264221,0.01965967155501651,0.00751750960622477,0.021047936628819628,0.1,6.0,0.3652270273268403,True
2015-04-15,2013-06-14,2015-02-16,415,416,2015-12-12,299,2016-08-20,True,0.02063291450255072,7.77424227319147,-1.0504519357788202,0.011363015535687873,0.021861398629790002,0.02463815886211606,0.1,6.0,1.0914539063278945,True
2015-04-15,2013-05-31,2015-02-16,425,426,2015-11-13,270,2016-08-20,True,0.02059199657468548,7.499170988132799,-0.9084375822094358,0.017515651881680083,0.014405492812936321,0.022678542369909117,0.1,6.0,0.6882721646586915,True
2015-04-15,2013-05-16,2015-02-16,435,436,2015-09-30,226,2016-08-20,True,0.021557993787992603,7.114650123546379,-0.7080165569649188,0.02005046809744346,-6.429801705290505e-05,0.020050571192901087,0.1,6.0,-0.003206797783287221,True
2015-04-15,2013-04-30,2015-02-16,445,446,2015-09-13,209,2016-08-20,True,0.021719845495522062,6.980380302475501,-0.6375535772147432,0.018472846183296664,-0.005817459309695905,0.019367211439226498,0.1,6.0,-0.3050875809464486,True
2015-04-15,2013-04-16,2015-02-16,455,456,2015-09-21,217,2016-08-20,True,0.021746148593293345,7.041025810748925,-0.6693950902694252,0.019362768105308036,-0.0031460071203307793,0.01961668038943149,0.1,6.0,-0.16106962935847663,True
2015-04-15,2013-04-02,2015-02-16,465,466,2015-09-23,219,2016-08-20,True,0.02158844642299924,7.057493876188035,-0.6780396960276398,0.019545121716429414,-0.00242618833486552,0.01969513068619445,0.1,6.0,-0.12350092673191723,True
2015-04-15,2013-03-15,2015-02-16,475,476,2015-09-20,216,2016-08-20,True,0.021401161695782007,7.033663693178141,-0.6655658482413268,0.0193038662460239,-0.0035256794390607638,0.019623192083639107,0.1,6.0,-0.1806499727598631,True
2015-04-15,2013-03-01,2015-02-16,485,486,2015-09-19,215,2016-08-20,True,0.021229348003243217,7.02634699601319,-0.6617068040078432,0.019207093199106864,-0.003839196179211274,0.019587032865180157,0.1,6.0,-0.19728429736585656,True
2015-04-15,2013-02-15,2015-02-16,495,496,2015-09-24,220,2016-08-20,True,0.021147701850421256,7.065332629064653,-0.6820907487102226,0.019551885009651354,-0.0019840137162434324,0.01965229039722524,0.1,6.0,-0.10112813486296529,True
2015-04-15,2013-02-01,2015-02-16,505,506,2015-10-01,227,2016-08-20,True,0.021079475524379082,7.108902465297256,-0.7047617872282587,0.019686471859140117,0.00014066915090324428,0.019686974426527087,0.1,6.0,0.0071453512797058655,True
2015-04-15,2013-01-18,2015-02-16,515,516,2015-10-03,229,2016-08-20,True,0.020894333479321594,7.122603206579144,-0.7118773555365886,0.01967530588463956,0.0008084082131705889,0.01969190659873375,0.1,6.0,0.041064355776458505,True
2015-04-15,2013-01-04,2015-02-16,525,526,2015-10-06,232,2016-08-20,True,0.02073664731724321,7.143271994703615,-0.7225941776963666,0.019603700392256035,0.0018173915498753274,0.01968776221704482,0.1,6.0,0.09244232829287062,True
2015-04-15,2012-12-13,2015-02-16,535,536,2015-10-15,241,2016-08-20,True,0.020874124916132844,7.203994994003559,-0.7539614059125822,0.01903948462376015,0.004740591625979951,0.019620784482347043,0.1,6.0,0.24402539368716827,True
2015-04-15,2012-11-29,2015-02-16,545,546,2015-10-26,252,2016-08-20,True,0.021101849113601766,7.277867786121714,-0.7919337769729866,0.01779126040349502,0.008072688466533945,0.019537073624846683,0.1,6.0,0.42596357712462435,True
2015-04-15,2012-11-15,2015-02-16,555,556,2015-11-16,273,2016-08-20,True,0.022048378800601145,7.41170518908508,-0.8603385620477972,0.014331374135672675,0.013175991760273105,0.01946779503393778,0.1,6.0,0.743420183848917,True
2015-04-15,2012-11-01,2015-02-16,565,566,2015-12-03,290,2016-08-20,True,0.022353342966917943,7.515244845734447,-0.9129017672161837,0.010865657537796614,0.016160328776790498,0.019473539480603916,0.1,6.0,0.9788583212193646,True
2015-04-15,2012-10-18,2015-02-16,575,576,2015-12-18,305,2016-08-20,True,0.02248574053128391,7.611108474956723,-0.961243586359882,0.007207938584810392,0.018091146226564603,0.019474186772066786,0.1,6.0,1.1916497022742971,True
2015-04-15,2012-10-04,2015-02-16,585,586,2015-12-28,315,2016-08-20,True,0.02246595302726077,7.6737467188833675,-0.9927821537706241,0.004755284501822388,0.018928235553244674,0.019516424668785722,0.1,6.0,1.324663140739413,True
2015-04-15,2012-09-20,2015-02-16,595,596,2016-01-03,321,2016-08-20,True,0.022352883958359156,7.708612755302109,-1.010287739447819,0.003362181552440918,0.019246200367520575,0.019537668575813318,0.1,6.0,1.397848297653942,True
2015-04-15,2012-09-06,2015-02-16,605,606,2016-01-06,324,2016-08-20,True,0.022188321364907747,7.7289118841097055,-1.0204168741720006,0.0025117307904390096,0.01936269645757667,0.019524927801963608,0.1,6.0,1.4417965875112844,True
2015-04-15,2012-08-23,2015-02-16,615,616,2016-01-19,337,2016-08-20,True,0.02224016282006432,7.802628081782824,-1.0572129317653376,-0.0005005577210902556,0.019513471008508837,0.019519890082478897,0.1,6.0,1.5964426083725223,True
2015-04-15,2012-08-09,2015-02-16,625,626,2016-01-23,341,2016-08-20,True,0.022082983679676066,7.827522891744681,-1.0695225884883914,-0.0015509665527386474,0.01942337689929116,0.01948520124144556,0.1,6.0,1.650477771466951,True
2015-04-15,2012-07-25,2015-02-16,635,636,2016-02-10,359,2016-08-20,True,0.022452596596002836,7.9297008893859235,-1.120170361524096,-0.005562856567450203,0.0186353580833592,0.019447929043603714,0.1,6.0,1.8608863685958121,True
2015-04-15,2012-07-11,2015-02-16,645,646,2016-03-14,392,2016-08-20,True,0.023104064457819203,8.112514384666802,-1.2100366409754355,-0.01181354514489108,0.015427102365867695,0.019430783213688022,0.1,6.0,2.2243113370467356,True
2015-04-15,2012-06-27,2015-02-16,655,656,2016-04-24,433,2016-08-20,True,0.023725299165805284,8.338146611319928,-1.320068655665228,-0.017188651468550663,0.009386769296348463,0.019584717948701206,0.1,6.0,2.641746520561288,True
2015-04-15,2012-06-13,2015-02-16,665,666,2016-07-14,514,2016-08-20,True,0.02483490689115734,8.791266143489947,-1.5386209194181115,-0.01978200535686978,-0.00489502411879883,0.020378640706947233,0.1,6.0,-2.8990170037281886,True
2015-04-15,2012-05-30,2015-02-16,675,676,2016-08-20,551,2016-08-20,True,0.02611570391312855,9.093150700185971,-1.6857986386631305,-0.01806241945175703,-0.012524797395329634,0.021980026074717628,0.1,6.0,-2.535298162478251,True
2015-04-15,2012-05-14,2015-02-16,685,686,2016-08-20,551,2016-08-20,True,0.026424788952587548,6.1044534365855885,-0.0007257903179857441,-4.930224303558505e-05,-3.36737801211289e-05,5.970456126617153e-05,0.9,6.0,-2.5423626187733235,True
2015-04-15,2012-04-27,2015-02-16,695,696,2016-08-20,551,2016-08-20,True,0.026357535516262274,7.6007264153312235,-0.5322072430530783,-0.009988933444691421,-0.007390750652089731,0.012425859590540994,0.18197631623263993,6.0,-2.504590903100611,True
2015-04-15,2012-04-13,2015-02-16,705,706,2016-08-20,551,2016-08-20,True,0.026292067781902156,9.121904259982061,-1.7004111571078706,-0.01815210895658806,-0.0130266348004624,0.022342611167821512,0.1,6.0,-2.519127232667681,True
2015-04-15,2012-03-28,2015-02-16,715,716,2016-08-20,551,2016-08-20,True,0.026556232589724095,9.06065833039312,-1.6693731180926605,-0.018206176173501176,-0.011858329684988067,0.021727513290260143,0.1,6.0,-2.5642791340023203,True
2015-04-15,2012-03-14,2015-02-16,725,726,2016-07-05,505,2016-08-20,True,0.027539341346200636,8.77860631661014,-1.5339052381395428,-0.02068656254077547,-0.003692513985609297,0.021013532051688388,0.1,6.0,-2.964954773055335,True
2015-04-15,2012-02-29,2015-02-16,735,736,2016-05-31,470,2016-08-20,True,0.027857770869608424,8.595288533303835,-1.4462568118176844,-0.020766987880302068,0.0026447748630386014,0.02093472282350005,0.1,6.0,3.0149197970207338,True
2015-04-15,2012-02-14,2015-02-16,745,746,2016-05-08,447,2016-08-20,True,0.028038682756678677,8.47612832442702,-1.3890299646948607,-0.019831491030782467,0.0069031567343718625,0.020998609701675705,0.1,6.0,2.8066198198931573,True
2015-04-15,2014-08-21,2015-02-23,125,126,2016-08-07,531,2016-08-20,True,0.023229524024850772,11.94545918503831,-3.1038275018515105,-0.09703565912516088,-0.07520894152523594,0.1227693122372231,0.1,6.0,-2.4822419877927726,True
2015-04-15,2014-08-07,2015-02-23,135,136,2016-08-17,541,2016-08-20,True,0.023925801390836384,6.722841172351068,-0.0025835667549368863,-3.6204098344498636e-05,-0.00021670955789003993,0.00021971292455801207,0.9,13.0,-1.7363303742126157,True
2015-04-15,2014-07-23,2015-02-23,145,146,2016-07-08,501,2016-08-20,True,0.02367933126908412,7.06796191622442,-0.0037331990969980064,0.0002910095537853629,0.00033314959019934234,0.00044235190724619436,0.9,8.640068586812465,0.8528107503081925,True
2015-04-15,2014-07-09,2015-02-23,155,156,2016-05-22,454,2016-08-20,True,0.023039776981355037,12.562841094611391,-2.7458843131323176,-0.05595907795842008,-0.02642872067869595,0.061886150976361964,0.14022492880027576,7.176605450228865,-2.700360564055727,True
2015-04-15,2014-06-25,2015-02-23,165,166,2016-03-12,383,2016-08-20,True,0.02269407043118011,12.819018797010898,-3.723023752231275,-0.013025235403637536,0.07454554659716339,0.07567493161404265,0.1,6.0,1.743778599037066,True
2015-04-15,2014-06-11,2015-02-23,175,176,2016-06-07,470,2016-08-20,True,0.02228705729180659,15.095090401392868,-4.847427141384517,-0.09342921728279041,0.03540657202148756,0.09991318223531691,0.1,6.0,2.7793487795426906,True
2015-04-15,2014-05-26,2015-02-23,185,186,2016-07-17,510,2016-08-20,True,0.02172218465994732,16.728718923158073,-5.665476575863505,-0.11525899485540969,-0.0016492180905154363,0.11527079341875565,0.1,6.0,-3.127284828402004,True
2015-04-15,2014-05-12,2015-02-23,195,196,2016-07-17,510,2016-08-20,True,0.02125501934219268,17.706822225525734,-6.179930984573888,-0.12272115579963772,0.004874279642082424,0.12281791678264281,0.1,6.0,3.101895187408292,True
2015-04-15,2014-04-25,2015-02-23,205,206,2016-08-09,533,2016-08-20,True,0.020821696805144712,17.615569249782816,-5.344192371157037,-0.12419144737256899,-0.014536971189029302,0.12503935033358196,0.12057203949331281,6.0,-3.025069979974215,True
2015-04-15,2014-04-09,2015-02-23,215,216,2016-08-15,539,2016-08-20,True,0.020445433113267537,8.408476077405245,-0.042387671848266154,-0.005063229363701153,-0.0004257860670290048,0.005081100802416895,0.6269790632675939,6.0,-3.0576962728835477,True
2015-04-15,2014-03-26,2015-02-23,225,226,2016-08-12,536,2016-08-20,True,0.020190772413829952,19.875497918064738,-7.284000225900357,-0.13952683260569052,-0.02225786580926492,0.1412910103557888,0.1,6.0,-2.9834016327133877,True
2015-04-15,2014-03-12,2015-02-23,235,236,2016-05-27,459,2016-08-20,True,0.019816480976810626,15.677860081811424,-5.16859267835671,-0.08907777759035262,0.05418091603974329,0.10426131652411665,0.1,6.0,2.5951343118072354,True
2015-04-15,2014-02-26,2015-02-23,245,246,2015-12-24,304,2016-08-20,True,0.020324944182401907,9.339569036659599,-1.895878321109315,0.026210378716664984,0.03667888538020886,0.0450813108195126,0.1,6.0,0.9503451304219176,True
2015-04-15,2014-02-11,2015-02-23,255,256,2015-10-24,243,2016-08-20,True,0.02054723844981597,7.885728386281232,-1.1267590013822553,0.03019994785742036,0.005320699302578585,0.030665072829839633,0.1,6.0,0.17439270096160783,True
2015-04-15,2014-01-28,2015-02-23,265,266,2015-11-01,251,2016-08-20,True,0.020260599143321643,8.044468868421761,-1.2114453631227404,0.03111493441805871,0.008697163377584666,0.03230758107095755,0.1,6.0,0.272561066850458,True
2015-04-15,2014-01-14,2015-02-23,275,276,2015-10-03,222,2016-08-20,True,0.021019092287450143,7.447118314482597,-0.8912411365684314,0.02562602428025329,-0.0023631156683389526,0.02573475152540005,0.1,6.0,-0.09195539701644005,True
2015-04-15,2013-12-23,2015-02-23,285,286,2015-10-05,224,2016-08-20,True,0.02105575110958428,7.382474773918121,-0.8546072673643139,0.02449105280255645,-0.00016597001718823834,0.024491615165689127,0.1,6.0,-0.006776657496105393,True
2015-04-15,2013-12-09,2015-02-23,295,296,2015-10-25,244,2016-08-20,True,0.020855789647254017,7.673578688273849,-1.0091699603052433,0.02634672740756619,0.007691841330925967,0.02744657479811899,0.1,6.0,0.28405221076384624,True
2015-04-15,2013-11-25,2015-02-23,305,306,2015-09-16,205,2016-08-20,True,0.02096963420349659,7.145789056119537,-0.7284650331970582,0.021039976489739626,-0.006541484812801975,0.022033420847542378,0.1,6.0,-0.3014333201078943,True
2015-04-15,2013-11-11,2015-02-23,315,316,2015-09-03,192,2016-08-20,True,0.0211562956324995,6.965593385847932,-0.6310526485941405,0.017430103366357558,-0.009111776805775134,0.01966807006089237,0.1,6.0,-0.4816901006465513,True
2015-04-15,2013-10-28,2015-02-23,325,326,2015-08-22,180,2016-08-20,True,0.02127769810071788,6.818786146336423,-0.551568402057541,0.013825693719119334,-0.011104949172014456,0.017733293628875612,0.1,6.0,-0.6766957999247131,True
2015-04-15,2013-10-14,2015-02-23,335,336,2015-08-09,167,2016-08-20,True,0.021126515716241384,6.701936442021038,-0.48855919905849976,0.009928142495078188,-0.013169350478098437,0.016492416603323144,0.1,6.0,-0.9248150629023559,True
2015-04-15,2013-09-30,2015-02-23,345,346,2015-08-18,176,2016-08-20,True,0.020894231450263395,6.772016399164738,-0.5262823601760995,0.012464261672468724,-0.01181922591381817,0.017177075427488923,0.1,6.0,-0.7588416767016617,True
2015-04-15,2013-09-16,2015-02-23,355,356,2015-08-09,167,2016-08-20,True,0.020659291543384906,6.701705474740689,-0.488441436291047,0.009878219537429178,-0.013196220497365154,0.016483915088495442,0.1,6.0,-0.9282147004504162,True
2015-04-15,2013-09-02,2015-02-23,365,366,2015-08-15,173,2016-08-20,True,0.02049255623820789,6.749023577428798,-0.5139535541845399,0.011667187961331885,-0.012342917379734475,0.016984430645976892,0.1,6.0,-0.8135342789076361,True
2015-04-15,2013-08-19,2015-02-23,375,376,2015-09-02,191,2016-08-20,True,0.020465799007837047,6.8965857854875825,-0.5927922394110632,0.016317592177713197,-0.008217913367346036,0.0182701372351543,0.1,6.0,-0.46654174025298945,True
2015-04-15,2013-08-05,2015-02-23,385,386,2015-08-31,189,2016-08-20,True,0.02022084655448161,6.878593152887379,-0.5831753662919902,0.015840360541818782,-0.008724764766371212,0.018084206986299454,0.1,6.0,-0.5034520814296819,True
2015-04-15,2013-07-19,2015-02-23,395,396,2015-09-06,195,2016-08-20,True,0.02002711810551177,6.935218757329779,-0.6133220452494035,0.017266599270016225,-0.006903721026734422,0.018595612772003504,0.1,6.0,-0.38036064770984096,True
2015-04-15,2013-07-05,2015-02-23,405,406,2015-09-26,215,2016-08-20,True,0.019999638033000238,7.096302764035557,-0.6983824410166357,0.01979730765715277,-0.0007827480219795291,0.01981277580092887,0.1,6.0,-0.039517521153330445,True
2015-04-15,2013-06-21,2015-02-23,415,416,2015-11-22,272,2016-08-20,True,0.020753193410354667,7.631585876550626,-0.9777117461576575,0.015859819784224606,0.017960511568934467,0.023960673183487793,0.1,6.0,0.8474317510550439,True
2015-04-15,2013-06-07,2015-02-23,425,426,2015-11-19,269,2016-08-20,True,0.020590537241805245,7.606432889254017,-0.9647239133302951,0.01641687695990178,0.017220430332520492,0.023791953891047823,0.1,6.0,0.8092823751346534,True
2015-04-15,2013-05-24,2015-02-23,435,436,2015-10-14,233,2016-08-20,True,0.021040704535924954,7.268456101272906,-0.7889483910195876,0.02058346601005829,0.005498022215012638,0.021305100827360507,0.1,6.0,0.2610150043559172,True
2015-04-15,2013-05-08,2015-02-23,445,446,2015-09-13,202,2016-08-20,True,0.021828119664151657,7.009646243430102,-0.6532469534766866,0.01898681095300206,-0.005295274154533874,0.019711390578462835,0.1,6.0,-0.2719811783535074,True
2015-04-15,2013-04-23,2015-02-23,455,456,2015-09-09,198,2016-08-20,True,0.021663288820026126,6.976410532814786,-0.6357393381826345,0.018360767988015118,-0.006711937453481143,0.019549115209880053,0.1,6.0,-0.35046773514223667,True
2015-04-15,2013-04-09,2015-02-23,465,466,2015-09-18,207,2016-08-20,True,0.02170309949734873,7.045993615730121,-0.6723209178715039,0.01950335282450749,-0.003637837508709385,0.01983972361543873,0.1,6.0,-0.18440463970383858,True
2015-04-15,2013-03-22,2015-02-23,475,476,2015-09-18,207,2016-08-20,True,0.021528856888199402,7.048785209947508,-0.6737821981486718,0.019538217334467187,-0.003512229149324725,0.01985139013284058,0.1,6.0,-0.1778624040566964,True
2015-04-15,2013-03-08,2015-02-23,485,486,2015-09-14,203,2016-08-20,True,0.021373382039998133,7.0146186135780555,-0.6558798551943422,0.019093576269087788,-0.005115813511808287,0.019767048404632205,0.1,6.0,-0.26178498079121215,True
2015-04-15,2013-02-22,2015-02-23,495,496,2015-09-17,206,2016-08-20,True,0.021248346175588764,7.041716158450057,-0.6700650846797963,0.019434751449779394,-0.0038122691575346312,0.01980512459047385,0.1,6.0,-0.1936979793662683,True
2015-04-15,2013-02-08,2015-02-23,505,506,2015-09-23,212,2016-08-20,True,0.021148283566417566,7.078531015920224,-0.6892941900212274,0.01974299260103321,-0.0020195818537254995,0.019846018938526423,0.1,6.0,-0.10193902739970429,True
2015-04-15,2013-01-25,2015-02-23,515,516,2015-09-26,215,2016-08-20,True,0.02104324464331434,7.1063154594907605,-0.7037866414649295,0.019863915367730384,-0.0006687303062382077,0.01987516877812203,0.1,6.0,-0.03365287384495396,True
2015-04-15,2013-01-11,2015-02-23,525,526,2015-09-29,218,2016-08-20,True,0.020886083094239293,7.127155571005997,-0.7146273975050476,0.019874420222538075,0.0003569224713831365,0.019877624929367406,0.1,6.0,0.017956956885868045,True
2015-04-15,2012-12-20,2015-02-23,535,536,2015-10-04,223,2016-08-20,True,0.02086447265792132,7.161766290989385,-0.7325878983013988,0.019743308422341593,0.0020603638720431694,0.01985052459621471,0.1,6.0,0.1039811999597821,True
2015-04-15,2012-12-06,2015-02-23,545,546,2015-10-14,233,2016-08-20,True,0.02100512038419924,7.224343209142204,-0.7649077819984381,0.019110624236533674,0.005070314613578056,0.01977179933619223,0.1,6.0,0.2593390283853162,True
2015-04-15,2012-11-22,2015-02-23,555,556,2015-10-28,247,2016-08-20,True,0.021511481779131682,7.318558977885485,-0.8133488320962633,0.017392225633751618,0.009216986692491158,0.01968355547620617,0.1,6.0,0.48731849851425896,True
2015-04-15,2012-11-08,2015-02-23,565,566,2015-11-17,267,2016-08-20,True,0.022425776845282738,7.455569477646269,-0.8833384995341689,0.013614928716096486,0.014164013555790767,0.019646515313230827,0.1,6.0,0.8051618153485618,True
2015-04-15,2012-10-25,2015-02-23,575,576,2015-12-01,281,2016-08-20,True,0.022582309892731987,7.542665433423005,-0.927573783825337,0.010643845828440801,0.01653478580745748,0.019664450048707538,0.1,6.0,0.9988454018503057,True
2015-04-15,2012-10-11,2015-02-23,585,586,2015-12-11,291,2016-08-20,True,0.0226054203193703,7.6092073217107465,-0.9612338404415333,0.008165712722930901,0.017913070988504927,0.019686466836704154,0.1,6.0,1.1430863837106522,True
2015-04-15,2012-09-27,2015-02-23,595,596,2015-12-21,301,2016-08-20,True,0.022578208702154802,7.6722296026815,-0.9929886103284725,0.005693603761493943,0.01885896324783004,0.019699685748150963,0.1,6.0,1.2775933042259768,True
2015-04-15,2012-09-13,2015-02-23,605,606,2015-12-23,303,2016-08-20,True,0.022410476856403842,7.687608692373193,-1.0006919966342964,0.0050583322326581415,0.019026871967011902,0.019687777472965597,0.1,6.0,1.310954657026051,True
2015-04-15,2012-08-30,2015-02-23,615,616,2016-01-01,312,2016-08-20,True,0.02241667459562615,7.741495703755645,-1.0277514545061008,0.0028789209388442594,0.019473502497028256,0.01968515901063239,0.1,6.0,1.4240216091471194,True
2015-04-15,2012-08-16,2015-02-23,625,626,2016-01-08,319,2016-08-20,True,0.02232371096349907,7.78548646680272,-1.0496747243616282,0.001035472133592813,0.01961081934576897,0.019638137334071014,0.1,6.0,1.5180442495106679,True
2015-04-15,2012-08-02,2015-02-23,635,636,2016-01-15,326,2016-08-20,True,0.022284556309281917,7.828507226159097,-1.0711348988275706,-0.0007198899604299036,0.01959855309283659,0.01961177006003952,0.1,6.0,1.6075116115651658,True
2015-04-15,2012-07-18,2015-02-23,645,646,2016-02-09,351,2016-08-20,True,0.023028984274812245,7.978602714852865,-1.1455910049557736,-0.00654559219762596,0.018407348482099878,0.019536510828678865,0.1,6.0,1.9124483351091208,True
2015-04-15,2012-07-04,2015-02-23,655,656,2016-03-06,377,2016-08-20,True,0.023519711361453984,8.132387898773807,-1.2214817246982277,-0.011635477844991318,0.0157650051791621,0.019593869780630154,0.1,6.0,2.206610219298207,True
2015-04-15,2012-06-20,2015-02-23,665,666,2016-04-29,431,2016-08-20,True,0.024584005593867697,8.446585328401527,-1.374809948578603,-0.018456273903039326,0.007221923408712139,0.019818935998315218,0.1,6.0,2.7686094808502824,True
2015-04-15,2012-06-06,2015-02-23,675,676,2016-07-30,523,2016-08-20,True,0.025646961556729544,8.995525935188162,-1.6393729356778233,-0.018686548543077712,-0.009409678695201096,0.020921977669420288,0.1,6.0,-2.675106211528347,True
2015-04-15,2012-05-22,2015-02-23,685,686,2016-08-20,544,2016-08-20,True,0.026577544958753786,9.20977413505261,-1.7444986267483586,-0.017313746028898583,-0.014273758230905431,0.022438938824898606,0.1,6.0,-2.4521392015807746,True
2015-04-15,2012-05-07,2015-02-23,695,696,2016-08-20,544,2016-08-20,True,0.02660479773245723,9.241356964457342,-1.7605370661232425,-0.017367422306572955,-0.014863363436758537,0.022859285426889846,0.1,6.0,-2.433730263400805,True
2015-04-15,2012-04-20,2015-02-23,705,706,2016-08-20,544,2016-08-20,True,0.026555776533734206,9.206428031575712,-1.742809746162736,-0.017337477295233272,-0.0141978117033989,0.022409060134862865,0.1,6.0,-2.4554278638391356,True
2015-04-15,2012-04-04,2015-02-23,715,716,2016-08-20,544,2016-08-20,True,0.026541812187968916,9.168919059612909,-1.72378099637556,-0.017329311823833293,-0.013473295682874753,0.02195073449444961,0.1,6.0,-2.480731369782385,True
2015-04-15,2012-03-21,2015-02-23,725,726,2016-07-04,497,2016-08-20,True,0.02721443734095031,8.871083930868014,-1.5808166770338674,-0.020460194256573916,-0.005316037053882006,0.021139531664040874,0.1,6.0,-2.8873900282658402,True
2015-04-15,2012-03-07,2015-02-23,735,736,2016-05-19,451,2016-08-20,True,0.027912414554106056,8.609688851724734,-1.4553118448722928,-0.020666148864325995,0.0032932800507674,0.02092690618259816,0.1,6.0,2.98356513261653,True
2015-04-15,2012-02-22,2015-02-23,745,746,2016-04-28,430,2016-08-20,True,0.02811594633575781,8.488189297843917,-1.3966536845233226,-0.01958478171469366,0.007448877455655256,0.02095350687024891,0.1,6.0,2.778148507870763,True
2015-04-15,2014-08-28,2015-03-02,125,126,2016-08-18,535,2016-08-20,True,0.022840065255789334,6.456390350490174,-0.005643369398036368,-0.0022533288167742717,-0.003064116586579765,0.0038034591114745235,0.6549299223984638,6.0,-2.204882998250552,True
2015-04-15,2014-08-14,2015-03-02,135,136,2016-08-19,536,2016-08-20,True,0.023247077948003524,6.913889808549565,-0.0030468039235366806,-1.6524221780761473e-05,0.0003561756584408341,0.0003565587603344244,0.9,9.616682498289707,1.6171565464084496,True
2015-04-15,2014-07-30,2015-03-02,145,146,2016-08-05,522,2016-08-20,True,0.023249923608056503,6.678276391601241,-0.002494726985612459,-0.00014615943265874838,-0.00015712246433245626,0.00021459275046709103,0.9,12.944161756607516,-2.320062230158952,True
2015-04-15,2014-07-16,2015-03-02,155,156,2016-04-07,402,2016-08-20,True,0.02304466584687879,10.758197541675994,-2.207800995496714,-0.008830785216171755,0.04201211641731539,0.04293018394319106,0.12723719634280828,7.973117300950153,1.777976380843133,True
2015-04-15,2014-07-02,2015-03-02,165,166,2016-05-08,433,2016-08-20,True,0.022676358763670704,15.663179900684796,-5.185605095194064,-0.06887147755281608,0.07304605077474857,0.10039425259493293,0.1,6.0,2.326787482824941,True
2015-04-15,2014-06-18,2015-03-02,175,176,2016-06-08,464,2016-08-20,True,0.022216256717179608,15.845994284085076,-5.244784594601989,-0.09643210570782879,0.04156505244661468,0.1050085929633175,0.1,6.0,2.7346263314223207,True
2015-04-15,2014-06-03,2015-03-02,185,186,2016-07-17,503,2016-08-20,True,0.021733044630704867,16.773180642032898,-5.688289908239072,-0.11564293476026788,-0.0020209309391368002,0.11566059191370384,0.1,6.0,-3.124118821294888,True
2015-04-15,2014-05-19,2015-03-02,195,196,2016-07-17,503,2016-08-20,True,0.021242013623736535,17.389034345326635,-6.012439223356196,-0.12019727151794624,0.0023142049851196944,0.12021954759968131,0.1,6.0,3.122341641763527,True
2015-04-15,2014-05-05,2015-03-02,205,206,2016-08-02,519,2016-08-20,True,0.020801314960676748,19.040166282905858,-6.860163852757311,-0.13377874942358525,-0.010316882679671124,0.13417597350332328,0.1,6.0,-3.064625999832552,True
2015-04-15,2014-04-16,2015-03-02,215,216,2016-08-13,530,2016-08-20,True,0.02037020506874369,8.782339342562299,-0.09444970630294061,-0.009496627440153206,-0.0008028130183903442,0.009530500589138425,0.5253381358442245,6.0,-3.057256528738036,True
2015-04-15,2014-04-02,2015-03-02,225,226,2016-08-16,533,2016-08-20,True,0.020162207195233282,20.3002298753229,-7.50127838256269,-0.14260007487505844,-0.026121714125168616,0.14497284333008478,0.1,6.0,-2.960419653553511,True
2015-04-15,2014-03-19,2015-03-02,235,236,2016-05-16,441,2016-08-20,True,0.01980517070664768,13.865367620752457,-3.8416243224186,-0.07143883379500138,0.05401354734839092,0.08955986975842863,0.11478336395645462,6.0,2.494211029171847,True
2015-04-15,2014-03-05,2015-03-02,245,246,2016-02-21,356,2016-08-20,True,0.019822136059076366,11.302313153820602,-2.9206107327347186,-0.003644815729238582,0.06382423054398878,0.0639282182313283,0.1,6.0,1.6278414529518483,True
2015-04-15,2014-02-19,2015-03-02,255,256,2015-12-22,295,2016-08-20,True,0.020419574603664933,9.141220193733917,-1.7886936566130613,0.024657493817746623,0.035292431069699204,0.043052847666347024,0.1,6.0,0.9609686595290965,True
2015-04-15,2014-02-04,2015-03-02,265,266,2015-12-03,276,2016-08-20,True,0.02028224270767651,8.684992826206315,-1.5487765179638695,0.02880304567631653,0.025795135474290853,0.03866528746005899,0.1,6.0,0.7303620328342276,True
2015-04-15,2014-01-21,2015-03-02,275,276,2015-10-26,238,2016-08-20,True,0.020458967942311064,7.930137404107547,-1.1500774601150159,0.03045021857099478,0.0069850067614159045,0.031241096819388102,0.1,6.0,0.22548992959736944,True
2015-04-15,2014-01-07,2015-03-02,285,286,2015-11-13,256,2016-08-20,True,0.021069115989734315,8.024928112188716,-1.1952807499088418,0.026502338651784224,0.016523204491251636,0.031231238218706193,0.1,6.0,0.5574926664635919,True
2015-04-15,2013-12-16,2015-03-02,295,296,2015-10-23,235,2016-08-20,True,0.020945638524042104,7.687381332670005,-1.017060674411025,0.02700784941226611,0.00732495879049847,0.02798354786581115,0.1,6.0,0.26484479180686477,True
2015-04-15,2013-12-02,2015-03-02,305,306,2015-10-18,230,2016-08-20,True,0.020785288834831227,7.620704297106551,-0.9817377679760978,0.026747038000400652,0.005457874123219254,0.027298212977039046,0.1,6.0,0.20129180191317037,True
2015-04-15,2013-11-18,2015-03-02,315,316,2015-10-16,228,2016-08-20,True,0.021234044711073482,7.487942767293326,-0.9091039198442891,0.02453006202050456,0.00539670438511089,0.025116694865170364,0.1,6.0,0.2165538333585162,True
2015-04-15,2013-11-04,2015-03-02,325,326,2015-09-26,208,2016-08-20,True,0.021539643386185303,7.199553757776836,-0.7550927570251277,0.021770073643452847,-0.0013328121909191928,0.02181083434391319,0.1,6.0,-0.06114589917420567,True
2015-04-15,2013-10-21,2015-03-02,335,336,2015-09-17,199,2016-08-20,True,0.021662822573542545,7.070468245823636,-0.6854758169194756,0.01974234595230534,-0.0034472816676543033,0.020041057222528268,0.1,6.0,-0.17287070252646586,True
2015-04-15,2013-10-07,2015-03-02,345,346,2015-09-23,205,2016-08-20,True,0.021439125753734783,7.1179303401888605,-0.7103874092799088,0.020284972640981988,-0.0013785566641168617,0.020331761692523567,0.1,6.0,-0.06785516869746694,True
2015-04-15,2013-09-23,2015-03-02,355,356,2015-09-12,194,2016-08-20,True,0.021198439464769896,7.010591375068153,-0.6533606724910709,0.018677894752538088,-0.0048521245868029805,0.019297846133513135,0.1,6.0,-0.25416102930276047,True
2015-04-15,2013-09-09,2015-03-02,365,366,2015-09-05,187,2016-08-20,True,0.021024652205590116,6.9389535429891005,-0.6150191157647036,0.017183155445261403,-0.006783438395657246,0.018473653334511113,0.1,6.0,-0.3759918628432463,True
2015-04-15,2013-08-26,2015-03-02,375,376,2015-09-17,199,2016-08-20,True,0.0209264363202167,7.053646952003853,-0.6761199055081175,0.01939428052083901,-0.003180491145112138,0.019653336633893296,0.1,6.0,-0.16254438707902258,True
2015-04-15,2013-08-12,2015-03-02,385,386,2015-09-16,198,2016-08-20,True,0.020709644812748413,7.038251917014042,-0.6678758195249752,0.019111597977987366,-0.0035880890056372433,0.019445502307335383,0.1,6.0,-0.1855837111513754,True
2015-04-15,2013-07-26,2015-03-02,395,396,2015-09-14,196,2016-08-20,True,0.020476935622427722,7.025549321831284,-0.661212714501163,0.01894002688306254,-0.004153003352327045,0.019389998844135378,0.1,6.0,-0.21585509106989714,True
2015-04-15,2013-07-12,2015-03-02,405,406,2015-09-20,202,2016-08-20,True,0.020262382775094838,7.077509925263794,-0.6887055266193721,0.019714586028892853,-0.0022107574477071845,0.019838153915705214,0.1,6.0,-0.11167163264671387,True
2015-04-15,2013-06-28,2015-03-02,415,416,2015-10-22,234,2016-08-20,True,0.020440098768544794,7.367113393065419,-0.8406316745170012,0.02016603048289731,0.00898436160628932,0.02207685527673063,0.1,6.0,0.4191217721047986,True
2015-04-15,2013-06-14,2015-03-02,425,426,2015-11-24,267,2016-08-20,True,0.020832171468586756,7.704398758569322,-1.0160417162879498,0.015165649306474807,0.019634693640668582,0.024809637507426242,0.1,6.0,0.9131186690086427,True
2015-04-15,2013-05-31,2015-03-02,435,436,2015-10-31,243,2016-08-20,True,0.020805797321141985,7.466027287559671,-0.8924633201619774,0.019523325355645375,0.012226914098789121,0.02303600792936037,0.1,6.0,0.5595135656840876,True
2015-04-15,2013-05-16,2015-03-02,445,446,2015-09-22,204,2016-08-20,True,0.021801215760693844,7.110481112731977,-0.7065648355806708,0.02044111685327958,-0.001833714685822968,0.020523200719147913,0.1,6.0,-0.08946768661888543,True
2015-04-15,2013-04-30,2015-03-02,455,456,2015-09-08,190,2016-08-20,True,0.021992922560230967,6.993563341248529,-0.6449545423260689,0.018617908991649806,-0.006840438099661672,0.01983477069735513,0.1,6.0,-0.3521013982674182,True
2015-04-15,2013-04-16,2015-03-02,465,466,2015-09-13,195,2016-08-20,True,0.021997045705229135,7.040296275287728,-0.6695984487780496,0.0194823216052343,-0.004785374768534301,0.020061422352492954,0.1,6.0,-0.24085822549990962,True
2015-04-15,2013-04-02,2015-03-02,475,476,2015-09-16,198,2016-08-20,True,0.021835634932338106,7.057639834953584,-0.6786899323604845,0.0197233824693755,-0.003973945130513357,0.02011974293905366,0.1,6.0,-0.19882203280788865,True
2015-04-15,2013-03-15,2015-03-02,485,486,2015-09-13,195,2016-08-20,True,0.02165246615705294,7.033662603513507,-0.6661006987798044,0.019385633186287186,-0.005100167139619527,0.02004531064576785,0.1,6.0,-0.25726026014532904,True
2015-04-15,2013-03-01,2015-03-02,495,496,2015-09-11,193,2016-08-20,True,0.021482378236975262,7.023622286939514,-0.660828227933821,0.01922682459842573,-0.0055752279341052535,0.020018839892857333,0.1,6.0,-0.28223097749196885,True
2015-04-15,2013-02-15,2015-03-02,505,506,2015-09-16,198,2016-08-20,True,0.02139709600753577,7.059611310815731,-0.6797086813881251,0.01970890164545011,-0.003829552457426777,0.020077506720063865,0.1,6.0,-0.1919143497172433,True
2015-04-15,2013-02-01,2015-03-02,515,516,2015-09-22,204,2016-08-20,True,0.021328398647944335,7.099818516350763,-0.7007101433653822,0.02002788738554756,-0.0018279056913704517,0.020111129066880347,0.1,6.0,-0.0910158659287809,True
2015-04-15,2013-01-18,2015-03-02,525,526,2015-09-23,205,2016-08-20,True,0.02114590018213452,7.11311196093493,-0.707641186406389,0.020082059602281863,-0.0011625618096086643,0.020115682136849392,0.1,6.0,-0.05782602647021945,True
2015-04-15,2013-01-04,2015-03-02,535,536,2015-09-26,208,2016-08-20,True,0.02099202980503064,7.133204555928475,-0.7180982303886102,0.020109027171001992,-0.00015056294641570267,0.020109590820425207,0.1,6.0,-0.007487191284987274,True
2015-04-15,2012-12-13,2015-03-02,545,546,2015-10-04,216,2016-08-20,True,0.02113705199439251,7.189590070894692,-0.7473575179365085,0.019866378698400772,0.0026664360175581436,0.020044522534198795,0.1,6.0,0.13342115962945048,True
2015-04-15,2012-11-29,2015-03-02,555,556,2015-10-14,226,2016-08-20,True,0.021377111763473733,7.257058474504269,-0.7822220058272172,0.019081906295694367,0.005884954215340715,0.019968771469329724,0.1,6.0,0.2991498027147655,True
2015-04-15,2012-11-15,2015-03-02,565,566,2015-11-01,244,2016-08-20,True,0.022339250856237978,7.379047284810818,-0.844910317794029,0.016543684542057208,0.011050211109441287,0.019894739600967947,0.1,6.0,0.5888845626465647,True
2015-04-15,2012-11-01,2015-03-02,575,576,2015-11-15,258,2016-08-20,True,0.0226689810865958,7.474019285465838,-0.8934137087963422,0.01377853460681644,0.014343501276099227,0.019889294727785056,0.1,6.0,0.8054852823746969,True
2015-04-15,2012-10-18,2015-03-02,585,586,2015-11-26,269,2016-08-20,True,0.022827191823075504,7.553311444885309,-0.9337562540256429,0.011096984481020311,0.016539741011392394,0.019917482202726856,0.1,6.0,0.9798489883992892,True
2015-04-15,2012-10-04,2015-03-02,595,596,2015-12-05,278,2016-08-20,True,0.022830362192724628,7.616188304965313,-0.9655992745728735,0.008757411298357554,0.01790009240404234,0.019927507639488057,0.1,6.0,1.1157950596105284,True
2015-04-15,2012-09-20,2015-03-02,605,606,2015-12-11,284,2016-08-20,True,0.022731387271237868,7.652501661684405,-0.9839476805984577,0.007352788473086264,0.01852919776468953,0.019934760297854744,0.1,6.0,1.1930328293360128,True
2015-04-15,2012-09-06,2015-03-02,615,616,2015-12-13,286,2016-08-20,True,0.022575519427518696,7.669722501002303,-0.9926640744931081,0.00668672405028084,0.018790019750753686,0.01994435059755814,0.1,6.0,1.2289055021304345,True
2015-04-15,2012-08-23,2015-03-02,625,626,2015-12-24,297,2016-08-20,True,0.02265493932080116,7.740033481169533,-1.028011665110165,0.003820452917277062,0.019540365204771676,0.019910342358407163,0.1,6.0,1.3777160552103864,True
2015-04-15,2012-08-09,2015-03-02,635,636,2015-12-27,300,2016-08-20,True,0.022507024086444935,7.761580702095073,-1.0388168323933726,0.002931901773446932,0.019679247603452743,0.01989645280564206,0.1,6.0,1.422899735109965,True
2015-04-15,2012-07-25,2015-03-02,645,646,2016-01-11,315,2016-08-20,True,0.022909014784868398,7.855273863621609,-1.085641432731445,-0.0009217153517328824,0.01979884277860519,0.01982028593541342,0.1,6.0,1.6173167399496011,True
2015-04-15,2012-07-11,2015-03-02,655,656,2016-02-04,339,2016-08-20,True,0.02360977157390539,8.003431462260385,-1.1592874527082568,-0.006626923018521025,0.0186368298152573,0.019779978115667046,0.1,6.0,1.9124353794935967,True
2015-04-15,2012-06-27,2015-03-02,665,666,2016-03-02,366,2016-08-20,True,0.024290237718531667,8.176825684932073,-1.244946115264107,-0.01228876112131183,0.015594438543494848,0.01985447464385555,0.1,6.0,2.238190835743019,True
2015-04-15,2012-06-13,2015-03-02,675,676,2016-04-29,424,2016-08-20,True,0.025494290058566564,8.53383447196696,-1.4194455764874965,-0.019384803541833574,0.005775619624949713,0.0202269224156219,0.1,6.0,2.8520215657691224,True
2015-04-15,2012-05-30,2015-03-02,685,686,2016-08-14,531,2016-08-20,True,0.026798689292492472,9.223635095243957,-1.7520370157618075,-0.016909198745508294,-0.013954551762757395,0.021923743227710336,0.1,6.0,-2.451635588091904,True
2015-04-15,2012-05-14,2015-03-02,695,696,2016-08-20,537,2016-08-20,True,0.027049550431808404,9.320491776211538,-1.8001747738897829,-0.016495145688013094,-0.01592851613274332,0.02293049187130187,0.1,6.0,-2.3736685153465062,True
2015-04-15,2012-04-27,2015-03-02,705,706,2016-08-20,537,2016-08-20,True,0.02695636778150451,9.298747017647013,-1.7891288573987782,-0.016457380236188757,-0.015508450509650551,0.022613212983757455,0.1,6.0,-2.385871526750662,True
2015-04-15,2012-04-13,2015-03-02,715,716,2016-08-08,525,2016-08-20,True,0.026923919392641216,9.198114390277928,-1.740347966604018,-0.01765656799693341,-0.013235642858483998,0.022066640779866597,0.1,6.0,-2.4983374595001413,True
2015-04-15,2012-03-28,2015-03-02,725,726,2016-06-25,481,2016-08-20,True,0.027181673810171517,8.920383398948136,-1.6071870749384864,-0.020669808574820314,-0.005619656230656411,0.02142011957647461,0.1,6.0,-2.8761317014727896,True
2015-04-15,2012-03-14,2015-03-02,735,736,2016-05-07,432,2016-08-20,True,0.028032281925195805,8.619334898050823,-1.4620242736854248,-0.020662634477989883,0.00403324653915943,0.021052589893328037,0.1,6.0,2.948821358329427,True
2015-04-15,2012-02-29,2015-03-02,745,746,2016-04-16,411,2016-08-20,True,0.028283451916613186,8.490295785207142,-1.3994556288040148,-0.01932671857600314,0.008306515773370715,0.021036165411245495,0.1,6.0,2.7356681092900508,True
2015-04-15,2014-09-04,2015-03-09,125,126,2016-08-03,513,2016-08-20,False,0.02271741376244697,5.794172175851577,0.0009015820261002764,-0.0004155814673070805,-0.0007658165426167182,0.0008713110425758013,0.9,6.0,-2.067990253244035,True
2015-04-15,2014-08-21,2015-03-09,135,136,2016-08-08,518,2016-08-20,True,0.022491513747600472,7.516487225550298,-0.35535867988209036,-0.00983387724865023,-0.05181675235108421,0.052741643565166904,0.2221215078905653,6.083300669271776,-1.7583476808137393,True
2015-04-15,2014-08-07,2015-03-09,145,146,2016-06-07,456,2016-08-20,True,0.023181886728870064,6.4860696987353865,-0.0021121794854889854,-0.00018974453240178457,9.9127303727054e-06,0.00019000328891841274,0.9,13.0,3.089397595413856,True
2015-04-15,2014-07-23,2015-03-09,155,156,2016-07-01,480,2016-08-20,True,0.02302203085900561,6.695507690598924,-0.008415405053589455,-0.0005644564976212277,0.0003453085582716944,0.0006617016987453631,0.7202078855775059,11.838631267268513,2.5925752551091352,True
2015-04-15,2014-07-09,2015-03-09,165,166,2015-10-09,214,2016-08-20,True,0.0224421140805902,8.323973282370888,-1.384042663701343,-0.02887387960297269,-0.0018154890735993523,0.028930899120202278,0.1,6.6242283849294985,-3.078798797279576,True
2015-04-15,2014-06-25,2015-03-09,175,176,2015-11-21,257,2016-08-20,True,0.022168922098914877,8.95874493555996,-1.7077714760198812,0.03675974247942668,0.014884616336900303,0.039658926746074276,0.1,6.0,0.38473730855503036,True
2015-04-15,2014-06-11,2015-03-09,185,186,2016-06-22,471,2016-08-20,True,0.021804879418396365,14.84245376315586,-4.700480617137552,-0.09632553172039993,0.017567682978191668,0.09791440928913384,0.1,6.0,2.9611970505077974,True
2015-04-15,2014-05-26,2015-03-09,195,196,2016-05-30,448,2016-08-20,True,0.02128023870676514,13.762357212353304,-4.151243801193878,-0.08211695685295561,0.03303109909090862,0.08851128803685775,0.1,6.0,2.759152810759212,True
2015-04-15,2014-05-12,2015-03-09,205,206,2016-02-14,342,2016-08-20,True,0.020864452637024078,10.589094134924899,-2.5412245424675293,-0.0015578781694993715,0.057809775849573586,0.05783076316433101,0.1,6.0,1.5977381578844994,True
2015-04-15,2014-04-25,2015-03-09,215,216,2016-07-09,488,2016-08-20,True,0.020467941944338656,7.301855274527184,-0.004266894220320588,-0.000718194525210519,0.00018998201012677615,0.0007428973954821576,0.9,6.0,2.8829887207154585,True
2015-04-15,2014-04-09,2015-03-09,225,226,2016-08-16,526,2016-08-20,True,0.020108798053940717,7.370656204567458,-0.00424759319542261,0.0006896253681068624,-3.1526167888563765e-05,0.0006903456001150898,0.9,6.461156742390882,-0.04568311310510633,True
2015-04-15,2014-03-26,2015-03-09,235,236,2015-12-18,284,2016-08-20,True,0.019878696582528527,7.572537421866345,-0.4815862007391153,0.016374537173942397,0.01749111889211946,0.02395964748820566,0.20958475240065033,6.0,0.8183571403223325,True
2015-04-15,2014-03-12,2015-03-09,245,246,2016-02-18,346,2016-08-20,True,0.019533191001026302,7.059298532162957,-0.06514093102964842,0.0003062028310531102,0.006639571333654763,0.006646628293235228,0.4693018547364865,6.0,1.5247111190227662,True
2015-04-15,2014-02-26,2015-03-09,255,256,2015-11-30,266,2016-08-20,True,0.01997247329841838,8.790400483808279,-1.608333408910124,0.032080949233401435,0.023601066721469638,0.039827096983176435,0.1,6.0,0.6342681640085086,True
2015-04-15,2014-02-11,2015-03-09,265,266,2015-11-02,238,2016-08-20,True,0.020234139074894388,8.098925750592699,-1.240363642833676,0.03150655409673353,0.010133618462572297,0.03309612022874256,0.1,6.0,0.31118559587835315,True
2015-04-15,2014-01-28,2015-03-09,275,276,2016-01-08,305,2016-08-20,True,0.01998050463440787,9.41798704156558,-1.9301281969211073,0.01639028540008658,0.04221043907094969,0.04528093000434783,0.1,6.0,1.2004172461725389,True
2015-04-15,2014-01-14,2015-03-09,285,286,2015-10-30,235,2016-08-20,True,0.020798454141921382,7.9056084994361715,-1.1348381197303743,0.02904276695601382,0.009842676007674349,0.03066529933741682,0.1,6.0,0.3267547013288895,True
2015-04-15,2013-12-23,2015-03-09,295,296,2015-11-24,260,2016-08-20,True,0.020925846377799012,8.159949484220581,-1.2648376453751007,0.023962071993902406,0.021730144066654796,0.03234779830836304,0.1,6.0,0.7365899525558135,True
2015-04-15,2013-12-09,2015-03-09,305,306,2015-11-12,248,2016-08-20,True,0.020686859962126446,8.001348186995306,-1.1826900626650652,0.026555733307408597,0.01622182610639633,0.031118396708705476,0.1,6.0,0.5483662998619999,True
2015-04-15,2013-11-25,2015-03-09,315,316,2015-10-29,234,2016-08-20,True,0.02094704979356649,7.721891379392595,-1.0338816588300046,0.02589654088094956,0.010516530600709492,0.027950460559252883,0.1,6.0,0.38575210001776566,True
2015-04-15,2013-11-11,2015-03-09,325,326,2015-10-27,232,2016-08-20,True,0.021330876033220664,7.607146411276817,-0.9711511155133283,0.023934668943854737,0.010378445511837475,0.026087937992376933,0.1,6.0,0.40914543577243034,True
2015-04-15,2013-10-28,2015-03-09,335,336,2015-10-17,222,2016-08-20,True,0.02166612749268321,7.419492353293925,-0.870621615660665,0.02262750956559939,0.00704766117277196,0.023699656477415225,0.1,6.0,0.3019410242175885,True
2015-04-15,2013-10-14,2015-03-09,345,346,2015-10-10,215,2016-08-20,True,0.02166792530569418,7.311384171952398,-0.8126760425333585,0.02171658766648052,0.005016452373635211,0.022288449346979794,0.1,6.0,0.22701446810841722,True
2015-04-15,2013-09-30,2015-03-09,355,356,2015-10-13,218,2016-08-20,True,0.021403419794927783,7.336783702390635,-0.8259314046930119,0.0216155700346623,0.006066053501138063,0.022450609635421042,0.1,6.0,0.27359606911871864,True
2015-04-15,2013-09-16,2015-03-09,365,366,2015-10-05,210,2016-08-20,True,0.021330173180264714,7.233686694062188,-0.7709917405817773,0.020877487897161803,0.0034708058119666263,0.021164025937437304,0.1,6.0,0.16473967657919947,True
2015-04-15,2013-09-02,2015-03-09,375,376,2015-10-02,207,2016-08-20,True,0.02110960665590056,7.205577561620146,-0.7561638605837692,0.020765457082214098,0.0024837390979939034,0.020913468572672952,0.1,6.0,0.11904362683987942,True
2015-04-15,2013-08-19,2015-03-09,385,386,2015-10-11,216,2016-08-20,True,0.020935097121764678,7.289512332054468,-0.8004145282843669,0.02100682347035583,0.00542154063527972,0.021695154647401845,0.1,6.0,0.25257323955150834,True
2015-04-15,2013-08-05,2015-03-09,395,396,2015-09-28,203,2016-08-20,True,0.02076929448458585,7.163442609575641,-0.7339528756604146,0.020510617968827083,0.0008810455487053559,0.02052953216033103,0.1,6.0,0.04292919173387336,True
2015-04-15,2013-07-19,2015-03-09,405,406,2015-10-01,206,2016-08-20,True,0.02052478840718434,7.186438310882234,-0.7460137957148488,0.02060010884261814,0.001842889435368672,0.020682377179587156,0.1,6.0,0.08922266537445013,True
2015-04-15,2013-07-05,2015-03-09,415,416,2015-10-08,213,2016-08-20,True,0.02038004417272699,7.253947644902257,-0.781623653654254,0.02090394031166365,0.004303784057073934,0.021342382195142142,0.1,6.0,0.20304666929325904,True
2015-04-15,2013-06-21,2015-03-09,425,426,2015-11-17,253,2016-08-20,True,0.020923193333141698,7.657550730549215,-0.9923052696227213,0.01689458689385006,0.018089030996965044,0.024751567803333437,0.1,6.0,0.8195278607193043,True
2015-04-15,2013-06-07,2015-03-09,435,436,2015-11-13,249,2016-08-20,True,0.020766771105190974,7.620552393512892,-0.9731017497700518,0.017578818963930154,0.01698777640307575,0.024445846749244087,0.1,6.0,0.7683011665780527,True
2015-04-15,2013-05-24,2015-03-09,445,446,2015-10-14,219,2016-08-20,True,0.021284341279188,7.321205560857171,-0.8170958975056185,0.02105452061933183,0.006516478341247883,0.022039903096017048,0.1,6.0,0.3001539596344435,True
2015-04-15,2013-05-08,2015-03-09,455,456,2015-09-13,188,2016-08-20,True,0.02216847367022763,7.053797868616066,-0.676756270085159,0.019680949376297868,-0.004882211723861829,0.020277469261942266,0.1,6.0,-0.24315938823926395,True
2015-04-15,2013-04-23,2015-03-09,465,466,2015-09-07,182,2016-08-20,True,0.022029290287509298,7.010073414537514,-0.6536968096858697,0.01885139419315802,-0.00683958490872566,0.020053802251680346,0.1,6.0,-0.348046139565397,True
2015-04-15,2013-04-09,2015-03-09,475,476,2015-09-15,190,2016-08-20,True,0.02202186142611542,7.071137624793523,-0.6858393789433755,0.019913020580323532,-0.004015616384637655,0.02031387613383913,0.1,6.0,-0.1989891112780118,True
2015-04-15,2013-03-22,2015-03-09,485,486,2015-09-15,190,2016-08-20,True,0.021847153504769665,7.066550193440183,-0.6834371190973958,0.019856235068133873,-0.004243879773989684,0.02030469370901881,0.1,6.0,-0.21056227611584974,True
2015-04-15,2013-03-08,2015-03-09,495,496,2015-09-10,185,2016-08-20,True,0.021705486984415275,7.030439133836207,-0.6644704971447087,0.019300190166135496,-0.005997837031783831,0.020210675137382988,0.1,6.0,-0.3013040827722803,True
2015-04-15,2013-02-22,2015-03-09,505,506,2015-09-12,187,2016-08-20,True,0.021569442214450153,7.05096857812016,-0.6752704965403312,0.019626126502341905,-0.004993877247315315,0.020251509855988042,0.1,6.0,-0.24916294112450527,True
2015-04-15,2013-02-08,2015-03-09,515,516,2015-09-17,192,2016-08-20,True,0.02145745597777449,7.084098673590848,-0.6926196122441279,0.020012804958778274,-0.003321768239726297,0.020286609045292774,0.1,6.0,-0.16448257982841907,True
2015-04-15,2013-01-25,2015-03-09,525,526,2015-09-20,195,2016-08-20,True,0.021345323884400694,7.109901310677894,-0.7061067995413292,0.020207964269863793,-0.002014083840267744,0.02030808591787319,0.1,6.0,-0.09933975524427313,True
2015-04-15,2013-01-11,2015-03-09,535,536,2015-09-23,198,2016-08-20,True,0.021186204410405623,7.12870147007228,-0.7159169656195523,0.02028173310996123,-0.001054267324452629,0.020309115626612258,0.1,6.0,-0.05193438344829201,True
2015-04-15,2012-12-20,2015-03-09,545,546,2015-09-28,203,2016-08-20,True,0.021160960038112235,7.1613852446255,-0.7329228006896629,0.020266855680746626,0.0006236778173196872,0.02027644971892339,0.1,6.0,0.030763580971707317,True
2015-04-15,2012-12-06,2015-03-09,555,556,2015-10-05,210,2016-08-20,True,0.02129937644900184,7.217621349107057,-0.7620956148886681,0.019913142249291804,0.003443461465510042,0.0202086778663272,0.1,6.0,0.1712307083743575,True
2015-04-15,2012-11-22,2015-03-09,565,566,2015-10-18,223,2016-08-20,True,0.021803689470793627,7.303864779551277,-0.8066255600673737,0.018678453428409514,0.007493179486213045,0.020125415804148422,0.1,6.0,0.38151202316465455,True
2015-04-15,2012-11-08,2015-03-09,575,576,2015-11-04,240,2016-08-20,True,0.022720216573085605,7.425471596903555,-0.8690736766037561,0.0158169744960088,0.012407676230810669,0.02010291301418819,0.1,6.0,0.6651890335790861,True
2015-04-15,2012-10-25,2015-03-09,585,586,2015-11-15,251,2016-08-20,True,0.02289259077402877,7.505467025422668,-0.9099164246042225,0.013353666074766735,0.015044347831214897,0.02011598367723926,0.1,6.0,0.8448631841515466,True
2015-04-15,2012-10-11,2015-03-09,595,596,2015-11-24,260,2016-08-20,True,0.022931176619689627,7.569321128247568,-0.9423772305744307,0.011124537057137729,0.016770323412754837,0.020124588743724022,0.1,6.0,0.9850957526979351,True
2015-04-15,2012-09-27,2015-03-09,605,606,2015-12-03,269,2016-08-20,True,0.022920927934646455,7.626935189669728,-0.9715897534361884,0.00897605956976677,0.018027509322642743,0.020138538620713586,0.1,6.0,1.1088228973976229,True
2015-04-15,2012-09-13,2015-03-09,615,616,2015-12-05,271,2016-08-20,True,0.022758164555465987,7.64149318333082,-0.9789585427038261,0.00841420418873326,0.018298304584218397,0.020140178320623786,0.1,6.0,1.1397936292877195,True
2015-04-15,2012-08-30,2015-03-09,625,626,2015-12-13,279,2016-08-20,True,0.022781473212330976,7.694262903566554,-1.0055990453385297,0.006305705784969029,0.019106922022933556,0.020120546578983763,0.1,6.0,1.2520288720339818,True
2015-04-15,2012-08-16,2015-03-09,635,636,2015-12-18,284,2016-08-20,True,0.02270118227541603,7.729444274230039,-1.0233246588540639,0.004876740161700116,0.01950935977693595,0.02010964230190744,0.1,6.0,1.3258465987688313,True
2015-04-15,2012-08-02,2015-03-09,645,646,2015-12-25,291,2016-08-20,True,0.02267710323616122,7.774669175260524,-1.046000287630063,0.0029834363773131034,0.019833538387728306,0.020056673143743643,0.1,6.0,1.4214919224842295,True
2015-04-15,2012-07-18,2015-03-09,655,656,2016-01-13,310,2016-08-20,True,0.02345384891868668,7.90134098535798,-1.1093754190848422,-0.0021781371079349354,0.01987154184103626,0.01999055918179924,0.1,6.0,1.6799713654005362,True
2015-04-15,2012-07-04,2015-03-09,665,666,2016-02-02,330,2016-08-20,True,0.02398695268754184,8.03676851432397,-1.1767501592096354,-0.007291386845291681,0.01862263086728641,0.019999167546348052,0.1,6.0,1.9439828967141042,True
2015-04-15,2012-06-20,2015-03-09,675,676,2016-03-10,367,2016-08-20,True,0.02510854529856129,8.272607624343456,-1.2931709378408243,-0.014515783903937513,0.01397322656254063,0.02014842532095008,0.1,6.0,2.375236631469379,True
2015-04-15,2012-06-06,2015-03-09,685,686,2016-05-06,424,2016-08-20,True,0.026260592156544277,8.64764081268849,-1.4765121318180356,-0.020517745510375617,0.003223120255738232,0.020769361690034887,0.1,6.0,2.98577662511703,True
2015-04-15,2012-05-22,2015-03-09,695,696,2016-08-01,511,2016-08-20,True,0.02722174399440889,9.244231135303057,-1.764698301356597,-0.017793500582896193,-0.013694700075999211,0.022453362179528927,0.1,6.0,-2.485636085344466,True
2015-04-15,2012-05-07,2015-03-09,705,706,2016-08-20,530,2016-08-20,True,0.027211926583111206,9.383012650460966,-1.8314778713922968,-0.01577511190273831,-0.01678337938156671,0.023033366645141443,0.1,6.0,-2.3252365031463516,True
2015-04-15,2012-04-20,2015-03-09,715,716,2016-07-18,497,2016-08-20,True,0.0271847687395501,9.155264808077591,-1.7221379998809594,-0.01908777187110111,-0.011436844503625976,0.022251841433987403,0.1,6.0,-2.60178273679108,True
2015-04-15,2012-04-04,2015-03-09,725,726,2016-06-26,475,2016-08-20,True,0.02715522237114909,9.000389765340032,-1.647513783424365,-0.02054987085384638,-0.007219119184164402,0.02178102095644131,0.1,6.0,-2.8037623599693053,True
2015-04-15,2012-03-21,2015-03-09,735,736,2016-05-10,428,2016-08-20,True,0.027712448469440584,8.696724537975806,-1.500972013027897,-0.02116888996390494,0.002241698769527234,0.02128725242198286,0.1,6.0,3.0360899428552712,True
2015-04-15,2012-03-07,2015-03-09,745,746,2016-04-10,398,2016-08-20,True,0.028315190229207143,8.503570745516644,-1.4071797992404775,-0.019374972737960766,0.008543818586178087,0.021175136472529405,0.1,6.0,2.726271809460146,True
2015-04-15,2014-09-11,2015-03-16,125,126,2016-08-04,507,2016-08-20,False,0.02278952040658875,5.620696498516269,0.0014377068105127732,-0.0003469238099823908,-0.0008256809453932881,0.0008956032344281993,0.9,6.0,-1.968566190341524,True
2015-04-15,2014-08-28,2015-03-16,135,136,2016-08-04,507,2016-08-20,False,0.02216624770176805,5.895049867364018,0.0005342979890079029,-0.00040618310391493575,-0.0006925088006851651,0.0008028406771784656,0.9,6.0,-2.10125889201002,True
2015-04-15,2014-08-14,2015-03-16,145,146,2016-06-15,457,2016-08-20,True,0.02263236236351819,6.43030517886567,-0.0018704457199763675,-0.00017967518336363319,-9.139885072185995e-05,0.00020158601496639603,0.9,12.035077221626544,-2.671017759943757,True
2015-04-15,2014-07-30,2015-03-16,155,156,2016-04-30,411,2016-08-20,True,0.022638092230266495,6.397346688094259,-0.0019424135974976577,0.00012909179020637203,0.00013041789793458004,0.00018350345609922586,0.9,12.769217803697906,0.7905081698683919,True
2015-04-15,2014-07-16,2015-03-16,165,166,2015-10-09,207,2016-08-20,True,0.022497428765293627,8.152447022380448,-1.2904424953292006,0.025184935031625846,0.005389258395032903,0.025755097720561018,0.1,7.187317226062515,0.21080808412945884,True
2015-04-15,2014-07-02,2015-03-16,175,176,2015-09-16,184,2016-08-20,True,0.02220292990609906,7.86521547603397,-1.1339801570265844,0.02146082890245382,-0.018638650592089315,0.02842475106442251,0.1,6.0,-0.7151345968584608,True
2015-04-15,2014-06-18,2015-03-16,185,186,2015-11-26,255,2016-08-20,True,0.0218543841381821,8.53205494890173,-1.4698918404175014,-0.0029454866463807794,0.03635117271132832,0.036470311886146904,0.1,6.1760526945367715,1.651648342434744,True
2015-04-15,2014-06-03,2015-03-16,195,196,2016-01-15,305,2016-08-20,True,0.02142469085685279,9.226083764673989,-1.8208616594562266,0.01006670144694255,0.045145728040853816,0.04625446182111095,0.1,6.0,1.3514031212411044,True
2015-04-15,2014-05-19,2015-03-16,205,206,2015-12-06,265,2016-08-20,True,0.02096004167437371,8.628825837459225,-1.5163322560611054,0.015780653086176877,0.03579078191483975,0.039115330522723236,0.1,6.061018824569079,1.1555240468851447,True
2015-04-15,2014-05-05,2015-03-16,215,216,2015-10-24,222,2016-08-20,True,0.02054388357635722,8.078253445772072,-1.2331099314037834,0.03339194127716432,0.0034882921452379367,0.033573649255749946,0.1,6.0,0.10408755119694545,True
2015-04-15,2014-04-16,2015-03-16,225,226,2015-12-10,269,2016-08-20,True,0.02016528326104192,6.385812362519063,-0.00756610582342738,0.0010003351719918819,0.000752526342575318,0.0012517852661674098,0.7040950904746802,6.0,0.6449550095185116,True
2015-04-15,2014-04-02,2015-03-16,235,236,2015-11-03,232,2016-08-20,True,0.01995043992431363,7.02954386366194,-0.3395958453516953,0.007510874699367856,0.016690487575248457,0.018302612224737957,0.2095530958250018,6.157019957980341,1.147934663364663,True
2015-04-15,2014-03-19,2015-03-16,245,246,2015-11-28,257,2016-08-20,True,0.019613515896378584,6.809299945158224,-0.15853914088429977,-0.009144743351504022,0.0069933737604469595,0.011512324157970235,0.29936222158543924,6.31943598027019,2.4887229261128088,True
2015-04-15,2014-03-05,2015-03-16,255,256,2015-10-31,229,2016-08-20,True,0.01957235548205565,8.169173805460535,-1.2816357680088943,0.01569101594958594,0.02953885800264123,0.03344775199666432,0.1,6.151017656138332,1.0825020424265652,True
2015-04-15,2014-02-19,2015-03-16,265,266,2015-11-01,230,2016-08-20,True,0.020079404691025825,8.107047631058188,-1.2457035481068501,0.03192004186356889,0.00871193331801251,0.033087563444736866,0.1,6.0,0.2664406236400596,True
2015-04-15,2014-02-04,2015-03-16,275,276,2015-11-14,243,2016-08-20,True,0.01996075047819232,8.285019378036822,-1.3381911420842856,0.03086727795135244,0.015656787805020694,0.03461103657068787,0.1,6.0,0.46941430964342895,True
2015-04-15,2014-01-21,2015-03-16,285,286,2015-10-27,225,2016-08-20,True,0.020123784669582107,7.949387761345743,-1.1602178807924477,0.03048043473761941,0.0075981546706200415,0.03141319557435922,0.1,6.0,0.24430065113019134,True
2015-04-15,2014-01-07,2015-03-16,295,296,2015-11-28,257,2016-08-20,True,0.020749279667624607,8.267947783001677,-1.3226456951999168,0.02425979653212601,0.02316307591405402,0.0335420007390791,0.1,6.0,0.7622758786372111,True
2015-04-15,2013-12-16,2015-03-16,305,306,2015-11-07,236,2016-08-20,True,0.020642864699148014,7.923077758501265,-1.141445962176737,0.026908259267351797,0.014140220394555997,0.030397372412852418,0.1,6.0,0.48383685148154787,True
2015-04-15,2013-12-02,2015-03-16,315,316,2015-11-23,252,2016-08-20,True,0.02050120242699933,8.138082462182547,-1.2533513406928107,0.02413877265309522,0.021188243604586113,0.032118873147187185,0.1,6.0,0.7203956005859484,True
2015-04-15,2013-11-18,2015-03-16,325,326,2015-11-06,235,2016-08-20,True,0.02103948082549811,7.791064615695407,-1.0690107847176094,0.024370225629464615,0.014348191248254469,0.028280355183899302,0.1,6.0,0.5321131033820848,True
2015-04-15,2013-11-04,2015-03-16,335,336,2015-11-11,240,2016-08-20,True,0.021467449153852507,7.76177049786675,-1.051061109526543,0.021515774370953172,0.016635130679919397,0.027196619634060424,0.1,6.0,0.6581593348015009,True
2015-04-15,2013-10-21,2015-03-16,345,346,2015-11-02,231,2016-08-20,True,0.02171347909331175,7.59107582295991,-0.9599898144883512,0.02109424622254555,0.01360122334676811,0.025099013929356807,0.1,6.0,0.5726993879498549,True
2015-04-15,2013-10-07,2015-03-16,355,356,2015-11-02,231,2016-08-20,True,0.02151526694026486,7.576201279063534,-0.951795548771372,0.020731752099216974,0.013639760794377287,0.02481629746016152,0.1,6.0,0.5819202737890913,True
2015-04-15,2013-09-23,2015-03-16,365,366,2015-11-05,234,2016-08-20,True,0.021356096901061477,7.574328028626332,-0.9500323912353509,0.019713401192190713,0.014456617204386318,0.024446103320538117,0.1,6.0,0.6327528923039298,True
2015-04-15,2013-09-09,2015-03-16,375,376,2015-10-24,222,2016-08-20,True,0.021297451365134716,7.426114376039273,-0.871891289527865,0.020357588833858242,0.010403281988112884,0.022861751885028928,0.1,6.0,0.47243041664067165,True
2015-04-15,2013-08-26,2015-03-16,385,386,2015-10-28,226,2016-08-20,True,0.021098470373193654,7.478278871375096,-0.8994324893406545,0.020227491293143246,0.011865652198444404,0.023450908428217326,0.1,6.0,0.5305158587372324,True
2015-04-15,2013-08-12,2015-03-16,395,396,2015-10-20,218,2016-08-20,True,0.02095082213782478,7.393045090834233,-0.854567762675947,0.020571282978645605,0.009242080072648928,0.022552022691030814,0.1,6.0,0.4222474913134093,True
2015-04-15,2013-07-26,2015-03-16,405,406,2015-10-15,213,2016-08-20,True,0.020747101522870345,7.336396550176062,-0.8247702923795042,0.020731431957307908,0.007339513449699603,0.02199228793642919,0.1,6.0,0.3402589811544262,True
2015-04-15,2013-07-12,2015-03-16,415,416,2015-10-15,213,2016-08-20,True,0.020510757478601815,7.334818188988377,-0.8239103880978189,0.020699227345978326,0.007321232784484211,0.021955829799966645,0.1,6.0,0.33996361913041695,True
2015-04-15,2013-06-28,2015-03-16,425,426,2015-10-29,227,2016-08-20,True,0.020533585765137037,7.482659559312104,-0.9013882838346686,0.01973951507699098,0.012458724351500056,0.023342413498638366,0.1,6.0,0.5630142567526929,True
2015-04-15,2013-06-14,2015-03-16,435,436,2015-11-29,258,2016-08-20,True,0.020819398565407283,7.79769701303831,-1.0649144235562502,0.013934589220755578,0.02181858997773678,0.025888677937812767,0.1,6.0,1.0024366645471297,True
2015-04-15,2013-05-31,2015-03-16,445,446,2015-11-08,237,2016-08-20,True,0.020846376311223824,7.5769411869840235,-0.9504630874817046,0.018391613217144637,0.01554751688465078,0.024082705786675016,0.1,6.0,0.7017935822129482,True
2015-04-15,2013-05-16,2015-03-16,455,456,2015-09-28,196,2016-08-20,True,0.0219952933288226,7.192706874874821,-0.7498153577115254,0.021193045244415367,0.0007442584165698596,0.02120610966967944,0.1,6.0,0.03510362362548149,True
2015-04-15,2013-04-30,2015-03-16,465,466,2015-09-12,180,2016-08-20,True,0.022293128245565202,7.060557096264502,-0.6801893045584653,0.019674299211991632,-0.005163389602266172,0.020340566404792294,0.1,6.0,-0.25665536051635496,True
2015-04-15,2013-04-16,2015-03-16,475,476,2015-09-16,184,2016-08-20,True,0.022250720309319273,7.093122816007811,-0.6973733885479845,0.020191424452483696,-0.0036506350763226836,0.020518790361052818,0.1,6.0,-0.17886894809018478,True
2015-04-15,2013-04-02,2015-03-16,485,486,2015-09-17,185,2016-08-20,True,0.022082237325818512,7.098638317525233,-0.7002603596349527,0.020256658239558772,-0.0033764880469837333,0.020536135823608793,0.1,6.0,-0.16516684990168373,True
2015-04-15,2013-03-15,2015-03-16,495,496,2015-09-13,181,2016-08-20,True,0.021920737593485843,7.068982785391652,-0.6846613659798588,0.01984947209576119,-0.004827911920858741,0.02042817358443902,0.1,6.0,-0.23859324321172062,True
2015-04-15,2013-03-01,2015-03-16,505,506,2015-09-11,179,2016-08-20,True,0.021760528335452892,7.053768639486723,-0.6766630737661384,0.01960736096842032,-0.005589263431111546,0.020388439612885865,0.1,6.0,-0.277694135353599,True
2015-04-15,2013-02-15,2015-03-16,515,516,2015-09-15,183,2016-08-20,True,0.021649697953152976,7.084783972272441,-0.6929529223916716,0.020042644724321185,-0.004005414693564302,0.020438956783866948,0.1,6.0,-0.1972461503331615,True
2015-04-15,2013-02-01,2015-03-16,525,526,2015-09-19,187,2016-08-20,True,0.02155936161970585,7.117606901676518,-0.7101533386009699,0.02034772082423396,-0.002315316790823252,0.020479024258563502,0.1,6.0,-0.11330021327072112,True
2015-04-15,2013-01-18,2015-03-16,535,536,2015-09-21,189,2016-08-20,True,0.021373040349123233,7.128382468852489,-0.7157777818920765,0.02040583310144012,-0.0017499966189139515,0.02048073516087837,0.1,6.0,-0.08555030329795285,True
2015-04-15,2013-01-04,2015-03-16,545,546,2015-09-23,191,2016-08-20,True,0.021213193872046808,7.145132319831803,-0.7245219503808116,0.020459292247567512,-0.000875135799271759,0.020478000437995483,0.1,6.0,-0.04274843142492969,True
2015-04-15,2012-12-13,2015-03-16,555,556,2015-09-30,198,2016-08-20,True,0.021339359067052543,7.19665848662715,-0.7513277884458167,0.020336104495421975,0.001806522579876943,0.02041618646761258,0.1,6.0,0.08860069474385994,True
2015-04-15,2012-11-29,2015-03-16,565,566,2015-10-09,207,2016-08-20,True,0.021564194341413816,7.25871006525495,-0.7834828609307903,0.01974492270362388,0.004904413542254224,0.020344907096507676,0.1,6.0,0.24346146939950972,True
2015-04-15,2012-11-15,2015-03-16,575,576,2015-10-25,223,2016-08-20,True,0.02250234246587392,7.371740862286422,-0.8417403707160646,0.01764067310720005,0.009994440543353272,0.020275161884673442,0.1,6.0,0.5154657226889735,True
2015-04-15,2012-11-01,2015-03-16,585,586,2015-11-06,235,2016-08-20,True,0.022830681922972256,7.458691079883627,-0.8863062908868857,0.015301865056263075,0.013304954915895256,0.020277300104158107,0.1,6.0,0.71570582838427,True
2015-04-15,2012-10-18,2015-03-16,595,596,2015-11-16,245,2016-08-20,True,0.022994403666321783,7.5324657669553,-0.9239775721820058,0.012940342481069483,0.015646379408975737,0.020304227444967994,0.1,6.0,0.8797775579748753,True
2015-04-15,2012-10-04,2015-03-16,605,606,2015-11-24,253,2016-08-20,True,0.023006272754729,7.590575606951861,-0.953530107464243,0.010867383626432303,0.017167603881575032,0.020318135985338787,0.1,6.0,1.0064528001478557,True
2015-04-15,2012-09-20,2015-03-16,615,616,2015-11-29,258,2016-08-20,True,0.022914643920395918,7.6249813425112825,-0.9709923437455937,0.009577195971438829,0.017930257326579546,0.020327735005964232,0.1,6.0,1.080214293422532,True
2015-04-15,2012-09-06,2015-03-16,625,626,2015-12-02,261,2016-08-20,True,0.022764699326924178,7.645777975866785,-0.981519064600722,0.008762479408461837,0.01833353649021062,0.020319931240572693,0.1,6.0,1.1249453339800777,True
2015-04-15,2012-08-23,2015-03-16,635,636,2015-12-11,270,2016-08-20,True,0.022857758303696133,7.709922345819722,-1.013924435611241,0.006183720115431779,0.019330101647604236,0.020295103453116657,0.1,6.0,1.261183129377202,True
2015-04-15,2012-08-09,2015-03-16,645,646,2015-12-15,274,2016-08-20,True,0.02271681611404397,7.732237096100913,-1.0251597123796337,0.005260429720117504,0.019583199437828505,0.02027742145989135,0.1,6.0,1.3083716155866278,True
2015-04-15,2012-07-25,2015-03-16,655,656,2015-12-27,286,2016-08-20,True,0.023135010730886515,7.817176085547281,-1.0678345066211554,0.0017256313154122016,0.020136477962554106,0.02021028322842504,0.1,6.0,1.485308411502886,True
2015-04-15,2012-07-11,2015-03-16,665,666,2016-01-16,306,2016-08-20,True,0.02386087305797466,7.950656068342656,-1.1345532636095794,-0.0036630791856916978,0.019831160047524554,0.020166632290771355,0.1,6.0,1.753450874727257,True
2015-04-15,2012-06-27,2015-03-16,675,676,2016-02-08,329,2016-08-20,True,0.024573499733275404,8.104326973871396,-1.2109391775128953,-0.00925444341278453,0.017977043654242714,0.0202192685680511,0.1,6.0,2.0462076146794983,True
2015-04-15,2012-06-13,2015-03-16,685,686,2016-03-19,369,2016-08-20,True,0.02582779246502102,8.377172417645262,-1.3455225139698548,-0.01675852393445553,0.011867106098364888,0.0205347591077073,0.1,6.0,2.5254353985681504,True
2015-04-15,2012-05-30,2015-03-16,695,696,2016-05-27,438,2016-08-20,True,0.027212304422312643,8.849706945995615,-1.5761051724806998,-0.021489639443690686,-0.002211357725806107,0.02160311797892399,0.1,6.0,-3.03905014657043,True
2015-04-15,2012-05-14,2015-03-16,705,706,2016-07-23,495,2016-08-20,True,0.027495175880542427,9.265208471190544,-1.7768316061338076,-0.01842390455721829,-0.013667133400290299,0.02293972089008102,0.1,6.0,-2.50335039562213,True
2015-04-15,2012-04-27,2015-03-16,715,716,2016-07-03,475,2016-08-20,True,0.02739613533501008,9.117812297704367,-1.7058814430462437,-0.02018135068905813,-0.009873917572996105,0.022467335486725352,0.1,6.0,-2.686574303317271,True
2015-04-15,2012-04-13,2015-03-16,725,726,2016-06-11,453,2016-08-20,True,0.0273301334770844,8.961010364478891,-1.6301989047882475,-0.02134809529780482,-0.005412322004299475,0.02202349659618973,0.1,6.0,-2.8932970740012762,True
2015-04-15,2012-03-28,2015-03-16,735,736,2016-05-12,423,2016-08-20,True,0.027524614110163544,8.758847565929885,-1.5323647731060366,-0.021595944110537543,0.0008718233429940159,0.02161353460142164,0.1,6.0,3.10124479048053,True
2015-04-15,2012-03-14,2015-03-16,745,746,2016-04-09,390,2016-08-20,True,0.028283920081263327,8.534449356890526,-1.4231608838990484,-0.019741827695229974,0.008069955058922773,0.021327539365833613,0.1,6.0,2.7535450430419743,True
2015-04-15,2014-09-18,2015-03-23,125,126,2016-07-28,493,2016-08-20,False,0.022805085064846988,5.594493331133534,0.0014946991499321565,-0.00036160668344107673,-0.0007941053283805062,0.0008725609812910308,0.9,6.0,-1.9981016862486611,True
2015-04-15,2014-09-04,2015-03-23,135,136,2016-08-04,500,2016-08-20,False,0.021999616637412914,5.351586678532209,0.0023046587774035125,-0.00027143061936071855,-0.0009427216948485158,0.0009810192531569406,0.9,6.0,-1.8511361850297912,True
2015-04-15,2014-08-21,2015-03-23,145,146,2015-11-14,236,2016-08-20,True,0.021886210563040798,7.022073489197207,-0.6276183612879103,0.03262933597022258,0.03153108941813007,0.04537491780435283,0.1,6.0,0.7682826392591775,True
2015-04-15,2014-08-07,2015-03-23,155,156,2016-03-22,365,2016-08-20,True,0.022522391927698258,6.346911709613974,-0.0018966071747692518,-9.68319921436156e-05,0.00016420375133804942,0.00019062871414346055,0.9,12.126664386289239,2.1036125716261957,True
2015-04-15,2014-07-23,2015-03-23,165,166,2015-08-08,138,2016-08-20,True,0.022388679593050978,7.663098733420744,-1.0406006822992973,0.018299382791993363,-0.014949335797265623,0.023629431887950886,0.1,6.1820595018583235,-0.6849798879157141,True
2015-04-15,2014-07-09,2015-03-23,175,176,2015-08-28,158,2016-08-20,True,0.02186900932149695,7.750269374787456,-1.080571305438346,0.020872610641559014,0.013741797189437743,0.02499005532186277,0.1,6.313965567937915,0.5822332836977231,True
2015-04-15,2014-06-25,2015-03-23,185,186,2015-09-16,177,2016-08-20,True,0.021679421923721517,7.773381773766941,-1.0816117640665204,0.023967380789247483,-0.014784046190292527,0.02816031540401301,0.1,6.016763609281417,-0.5527101314511541,True
2015-04-15,2014-06-11,2015-03-23,195,196,2015-10-26,217,2016-08-20,True,0.02142528658668788,7.965844915502787,-1.1694341140544262,0.032230294452065905,0.006584244246132853,0.03289595952027549,0.1,6.0,0.20151467583367866,True
2015-04-15,2014-05-26,2015-03-23,205,206,2015-11-28,250,2016-08-20,True,0.020968517768600876,8.249844835625346,-1.3124071410250766,-0.002007905515006625,0.03580036777774312,0.03585663143100397,0.1,6.14827643627097,1.6268237982797502,True
2015-04-15,2014-05-12,2015-03-23,215,216,2015-11-06,228,2016-08-20,True,0.020547764167961186,8.069893087624829,-1.2236106472669612,-0.0009307382376380069,0.03297553977055677,0.03298867225013115,0.1,6.208242517109152,1.5990139451425105,True
2015-04-15,2014-04-25,2015-03-23,225,226,2015-11-14,236,2016-08-20,True,0.020186020427766252,8.133288942938773,-1.2574281091132482,-0.0216568651087449,-0.023477980487172923,0.03194112355717069,0.1,6.588955752772442,-2.315868040246311,True
2015-04-15,2014-04-09,2015-03-23,235,236,2015-11-03,225,2016-08-20,True,0.019881361955697684,6.278958565862454,-0.007712207019229996,0.001296626081467348,0.00016388948968493774,0.001306942600105513,0.6763958646229501,6.0,0.12573014562861223,True
2015-04-15,2014-03-26,2015-03-23,245,246,2015-10-03,194,2016-08-20,True,0.01959306013778084,7.797171013987431,-1.086197553043131,0.030404129233375016,-0.002822759057292068,0.030534882399237982,0.1,6.027198762202875,-0.09257592803459135,True
2015-04-15,2014-03-12,2015-03-23,255,256,2015-10-19,210,2016-08-20,True,0.01929947831002596,6.491566490732537,-0.07318006076944591,0.0070283084524364655,0.0012535693234414051,0.0071392265513333586,0.36827071497043384,6.036052995436095,0.17650398506526077,True
2015-04-15,2014-02-26,2015-03-23,265,266,2015-10-14,205,2016-08-20,True,0.019669787252469373,7.883878940893737,-1.129973095849449,0.03106589076846178,-0.0015075072336907247,0.03110244600184411,0.1,6.0,-0.048488087111285785,True
2015-04-15,2014-02-11,2015-03-23,275,276,2015-10-20,211,2016-08-20,True,0.019911469152353783,7.8628670787604875,-1.1155203972534227,0.030593123095538216,0.0033413731116349044,0.03077505410246927,0.1,6.0,0.108788535030086,True
2015-04-15,2014-01-28,2015-03-23,285,286,2015-10-30,221,2016-08-20,True,0.019659062384257433,8.023591563062098,-1.200546480597573,0.031127220643320852,0.007933811688128442,0.03212241013499241,0.1,6.0,0.24956949270073442,True
2015-04-15,2014-01-14,2015-03-23,295,296,2015-11-14,236,2016-08-20,True,0.020465452458885612,8.113460678442246,-1.243505771338132,0.027634980676636806,0.016804870633109197,0.0323434047990255,0.1,6.0,0.5463551324167538,True
2015-04-15,2013-12-23,2015-03-23,305,306,2015-11-14,236,2016-08-20,True,0.02059737206235441,8.009883916927535,-1.1865766352409348,0.025871084840120295,0.01723342564104945,0.031085430512223615,0.1,6.0,0.5876288284262703,True
2015-04-15,2013-12-09,2015-03-23,315,316,2015-11-13,235,2016-08-20,True,0.02037512921815634,8.018479214593613,-1.1916869333451188,0.02644850779006383,0.016713610044154406,0.031286871448406695,0.1,6.0,0.5635672942438509,True
2015-04-15,2013-11-25,2015-03-23,325,326,2015-11-15,237,2016-08-20,True,0.020657452128457147,7.969529028668718,-1.163799687924683,0.024322760186478998,0.018041615931039312,0.03028360230375672,0.1,6.0,0.6382056979330395,True
2015-04-15,2013-11-11,2015-03-23,335,336,2015-11-19,241,2016-08-20,True,0.02109826192094263,7.922537989142427,-1.136522127310296,0.021466090705813234,0.019707607952815925,0.029140742293429913,0.1,6.0,0.7427152179071346,True
2015-04-15,2013-10-28,2015-03-23,345,346,2015-11-16,238,2016-08-20,True,0.021511847435965223,7.809574126912962,-1.075232753074532,0.019921111800943442,0.0189450911497126,0.027491219944858883,0.1,6.0,0.7602911170218998,True
2015-04-15,2013-10-14,2015-03-23,355,356,2015-11-21,243,2016-08-20,True,0.021581985490157905,7.802201130553111,-1.0697336953686523,0.017695451144717045,0.02026178370279963,0.026901094216297307,0.1,6.0,0.8529065789568674,True
2015-04-15,2013-09-30,2015-03-23,365,366,2015-11-21,243,2016-08-20,True,0.02133846901387507,7.793022238624788,-1.0647015186460933,0.017475784410419776,0.020221020956745633,0.026726255429682193,0.1,6.0,0.8580939507045483,True
2015-04-15,2013-09-16,2015-03-23,375,376,2015-11-15,237,2016-08-20,True,0.02136491112380399,7.69138199383375,-1.0106996750260206,0.017581348285084245,0.018344289585456086,0.025408989903506738,0.1,6.0,0.8066316524032914,True
2015-04-15,2013-09-02,2015-03-23,385,386,2015-11-18,240,2016-08-20,True,0.021171041893027237,7.70736201107476,-1.018614634332372,0.016700088173631264,0.01909423804585092,0.025366964177029137,0.1,6.0,0.8521849807698102,True
2015-04-15,2013-08-19,2015-03-23,395,396,2015-11-15,237,2016-08-20,True,0.02097353508448405,7.67516589563103,-1.0020304479229623,0.017515640110805662,0.018077796184622907,0.02517149902933933,0.1,6.0,0.8011906632812568,True
2015-04-15,2013-08-05,2015-03-23,405,406,2015-11-04,226,2016-08-20,True,0.02091649549323781,7.545797404629835,-0.9341751210582956,0.018827986507955415,0.014557456263423613,0.02379942454777515,0.1,6.0,0.6581731288340222,True
2015-04-15,2013-07-19,2015-03-23,415,416,2015-11-04,226,2016-08-20,True,0.020699252167171153,7.542266468662044,-0.9320889036580332,0.018518348347081114,0.014646260298519703,0.023610213176416605,0.1,6.0,0.6691707536655287,True
2015-04-15,2013-07-05,2015-03-23,425,426,2015-11-04,226,2016-08-20,True,0.020500427094284783,7.537450546326952,-0.9297162537289196,0.01878853879380965,0.014391499541313135,0.0236669484525172,0.1,6.0,0.6536452334038545,True
2015-04-15,2013-06-21,2015-03-23,435,436,2015-12-06,258,2016-08-20,True,0.020851618441530332,7.889149451638972,-1.1123189685452657,0.011943052292224837,0.02392246015958374,0.026737999142450584,0.1,6.0,1.1077567927808354,True
2015-04-15,2013-06-07,2015-03-23,445,446,2015-11-25,247,2016-08-20,True,0.020719641222581728,7.7744375327017705,-1.053047042664556,0.014749048304200374,0.02118474544333923,0.025813327282214478,0.1,6.0,0.9626179878635814,True
2015-04-15,2013-05-24,2015-03-23,455,456,2015-10-23,214,2016-08-20,True,0.0213794674085756,7.431981555101218,-0.8750395957853169,0.020575926789863308,0.01027604430694637,0.02299925759367331,0.1,6.0,0.46318408287504775,True
2015-04-15,2013-05-08,2015-03-23,465,466,2015-09-23,184,2016-08-20,True,0.022488433352136235,7.16617577559622,-0.7356330179502824,0.02092940424305398,-0.0008776037768210565,0.020947795835320155,0.1,6.0,-0.041907067995704525,True
2015-04-15,2013-04-23,2015-03-23,475,476,2015-09-16,177,2016-08-20,True,0.02241975593263024,7.106791854895933,-0.704300681922764,0.020223003261541365,-0.0036376168775398843,0.02054755745737375,0.1,6.0,-0.17797205803156202,True
2015-04-15,2013-04-09,2015-03-23,485,486,2015-09-21,182,2016-08-20,True,0.02234151059919238,7.143468787199083,-0.7236453612164772,0.020682935962610317,-0.0018895305298873566,0.020769067520156403,0.1,6.0,-0.09110408531883639,True
2015-04-15,2013-03-22,2015-03-23,495,496,2015-09-19,180,2016-08-20,True,0.022178016787158094,7.127521227527581,-0.7152580003205319,0.02052199219343625,-0.002681684758968239,0.02069646338710894,0.1,6.0,-0.1299374557443859,True
2015-04-15,2013-03-08,2015-03-23,505,506,2015-09-13,174,2016-08-20,True,0.022081221677775913,7.085456639879546,-0.6931202521768889,0.019972303604192512,-0.004821986958825575,0.020546154615623945,0.1,6.0,-0.23690014611686355,True
2015-04-15,2013-02-22,2015-03-23,515,516,2015-09-15,176,2016-08-20,True,0.021922319951991273,7.0990820212822605,-0.7002857998729164,0.02016008348297124,-0.004106745791705141,0.020574117892100688,0.1,6.0,-0.20095722222049647,True
2015-04-15,2013-02-08,2015-03-23,525,526,2015-09-18,179,2016-08-20,True,0.0217791288986231,7.123190510353197,-0.7129436276108888,0.02041955425573569,-0.0028340366432422215,0.020615284613562167,0.1,6.0,-0.13790932724400307,True
2015-04-15,2013-01-25,2015-03-23,535,536,2015-09-21,182,2016-08-20,True,0.021645153864862744,7.141201691731115,-0.7223975640108127,0.020558841926005628,-0.0018887754718677208,0.02064542211052164,0.1,6.0,-0.09161450911753972,True
2015-04-15,2013-01-11,2015-03-23,545,546,2015-09-23,184,2016-08-20,True,0.02147328716269414,7.156416003743908,-0.7303394168160807,0.02061647894422479,-0.0010668400063360006,0.02064406335140403,0.1,6.0,-0.05170084055355338,True
2015-04-15,2012-12-20,2015-03-23,555,556,2015-09-27,188,2016-08-20,True,0.02142573543828249,7.1841373403043525,-0.7447942478292948,0.02061358956202604,0.00042273775394666147,0.020617923800428616,0.1,6.0,0.020504847275257438,True
2015-04-15,2012-12-06,2015-03-23,565,566,2015-10-03,194,2016-08-20,True,0.02153169979579305,7.233682739679998,-0.7705648327989123,0.0203395696375141,0.003018449700925921,0.02056232310893653,0.1,6.0,0.14732755863305752,True
2015-04-15,2012-11-22,2015-03-23,575,576,2015-10-14,205,2016-08-20,True,0.02199570374782663,7.311530305832864,-0.8108678044627943,0.01931048380884104,0.006857379567952168,0.020491911562137873,0.1,6.0,0.34122143285123324,True
2015-04-15,2012-11-08,2015-03-23,585,586,2015-10-30,221,2016-08-20,True,0.022871985944928095,7.4279795975016105,-0.8707660470321114,0.016663563010630267,0.01186541043117706,0.020456351016482157,0.1,6.0,0.6187723086145877,True
2015-04-15,2012-10-25,2015-03-23,595,596,2015-11-09,231,2016-08-20,True,0.023036593291956002,7.500873114232985,-0.9080901304579772,0.014491176330191008,0.014466851348344162,0.020476424965500582,0.1,6.0,0.7845581553556185,True
2015-04-15,2012-10-11,2015-03-23,605,606,2015-11-17,239,2016-08-20,True,0.023074471986197505,7.557685941641065,-0.9370781771423602,0.01257348741355252,0.016188244321110268,0.020497605712344127,0.1,6.0,0.9104220400275913,True
2015-04-15,2012-09-27,2015-03-23,615,616,2015-11-25,247,2016-08-20,True,0.023066993677675163,7.611580704851925,-0.9644889096864653,0.010601227199920515,0.017560332256150463,0.020512222870540702,0.1,6.0,1.027658399216547,True
2015-04-15,2012-09-13,2015-03-23,625,626,2015-11-27,249,2016-08-20,True,0.022907318667942496,7.6260981220259385,-0.9718593912425383,0.010047340131078303,0.017884447856892846,0.020513471643178675,0.1,6.0,1.0589448400544457,True
2015-04-15,2012-08-30,2015-03-23,635,636,2015-12-03,255,2016-08-20,True,0.022936018754978475,7.675285733784186,-0.9967802720822428,0.008099708226480179,0.018829327471541556,0.020497532690171766,0.1,6.0,1.1645594469617635,True
2015-04-15,2012-08-16,2015-03-23,645,646,2015-12-08,260,2016-08-20,True,0.022861565282582114,7.709573740428835,-1.0141090922431548,0.006704049747498386,0.01935577814425163,0.020483906624138428,0.1,6.0,1.2373687528357666,True
2015-04-15,2012-08-02,2015-03-23,655,656,2015-12-14,266,2016-08-20,True,0.022844559757773764,7.7495483282645345,-1.0342592020029546,0.005036141457529286,0.019819858202267934,0.020449682147609352,0.1,6.0,1.3219665836576606,True
2015-04-15,2012-07-18,2015-03-23,665,666,2015-12-31,283,2016-08-20,True,0.02363150685487377,7.866148820358511,-1.0928368740379635,0.00017269949020182196,0.020385334759280782,0.02038606627973767,0.1,6.0,1.562324777966363,True
2015-04-15,2012-07-04,2015-03-23,675,676,2016-01-19,302,2016-08-20,True,0.024183260893205098,7.993963853850141,-1.1566738998518937,-0.004929132310994289,0.019768729933659412,0.020373979202140402,0.1,6.0,1.815153583195632,True
2015-04-15,2012-06-20,2015-03-23,685,686,2016-02-18,332,2016-08-20,True,0.02533092842427725,8.200390779786762,-1.2591348741230328,-0.01203960181022884,0.016605013181505923,0.020510447935304852,0.1,6.0,2.198142699545733,True
2015-04-15,2012-06-06,2015-03-23,695,696,2016-04-02,376,2016-08-20,True,0.026527035137743703,8.50658352307719,-1.4098828085095196,-0.01910118390612698,0.008786923807072189,0.021025347954480477,0.1,6.0,2.7104375274634602,True
2015-04-15,2012-05-22,2015-03-23,705,706,2016-06-03,438,2016-08-20,True,0.027551234585184502,8.955875919519256,-1.6288986453277687,-0.021726225773603794,-0.004785141347379507,0.022246942803001196,0.1,6.0,-2.9248065310950286,True
2015-04-15,2012-05-07,2015-03-23,715,716,2016-06-24,459,2016-08-20,True,0.027564125857840502,9.113579839927121,-1.7053010722977322,-0.020824966552019014,-0.009266035389979943,0.02279339035205319,0.1,6.0,-2.722947580173375,True
2015-04-15,2012-04-20,2015-03-23,725,726,2016-06-01,436,2016-08-20,True,0.0274998590164531,8.946873039326192,-1.6246402175881594,-0.021833944799347638,-0.004454025544722573,0.022283614811201547,0.1,6.0,-2.940358276737148,True
2015-04-15,2012-04-04,2015-03-23,735,736,2016-05-16,420,2016-08-20,True,0.02743945224652546,8.827224926555022,-1.5665991075821288,-0.021960716931998234,-0.0007778748833317528,0.02197448924324459,0.1,6.0,-3.106186259195834,True
2015-04-15,2012-03-21,2015-03-23,745,746,2016-04-14,388,2016-08-20,True,0.027928386753141573,8.6057900339242,-1.4588510141845412,-0.020651755636541605,0.006296847758796076,0.02159039838837818,0.1,6.0,2.8456408837493314,True
2015-04-15,2014-09-25,2015-03-30,125,126,2015-05-26,57,2016-08-20,True,0.021456719173633152,7.593199417170431,-1.0529028695551934,-0.012023009366508686,-0.0008732432766237752,0.012054679923055783,0.1,6.329056960372631,-3.0690889598272513,True
2015-04-15,2014-09-11,2015-03-30,135,136,2016-07-23,481,2016-08-20,False,0.022322669612332268,-6.050925181399295,6.389136726910843,-0.007713734722059051,-0.19688975323487523,0.19704079941030578,0.1,6.0,-1.6099542392520934,True
2015-04-15,2014-08-28,2015-03-30,145,146,2015-12-13,258,2016-08-20,False,0.021754811572590384,5.618494048826168,0.16343607324865833,0.004464315624848884,0.06111273606711577,0.06127557934126142,0.1,6.0,1.4978753588606226,True
2015-04-15,2014-08-14,2015-03-30,155,156,2015-08-08,131,2016-08-20,True,0.022012683504717922,7.457710140519125,-0.9204167512136855,4.9570356375761015e-06,-0.025711967690021924,0.025711968167857816,0.1,6.0,-1.5706035358099388,True
2015-04-15,2014-07-30,2015-03-30,165,166,2015-09-26,180,2016-08-20,True,0.02210781959068969,6.162648465395651,-0.0018133003072723993,-0.00027686424804044846,-3.4473761360436915e-05,0.0002790022438356712,0.9,7.820795386660936,-3.0177151921305865,True
2015-04-15,2014-07-16,2015-03-30,175,176,2015-07-30,122,2016-08-20,True,0.021923249121324595,7.515471475030966,-0.9594315819526263,-0.006991075289351306,-0.022571412407618632,0.023629299434731,0.1,6.0,-1.8711569326186994,True
2015-04-15,2014-07-02,2015-03-30,185,186,2015-08-17,140,2016-08-20,True,0.02173340175627628,7.526556496060837,-0.9561201656802158,0.006330919339944535,-0.024485827321024403,0.025291031597859125,0.1,6.0,-1.3177827731744913,True
2015-04-15,2014-06-18,2015-03-30,195,196,2015-09-01,155,2016-08-20,True,0.02147692336601955,7.509395442645007,-0.9387451512933157,0.016986388583256906,-0.020959406369260136,0.02697840085055419,0.1,6.0,-0.8897205089344102,True
2015-04-15,2014-06-03,2015-03-30,205,206,2015-09-25,179,2016-08-20,True,0.021150857286917787,7.55145526455212,-0.9514289569700524,0.027854009945445304,-0.008819845210529864,0.029217041937517778,0.1,6.0,-0.3066570263893745,True
2015-04-15,2014-05-19,2015-03-30,215,216,2015-09-24,178,2016-08-20,True,0.020700718643874596,7.560196599990859,-0.9566123082197096,0.02761380638024695,-0.009284060651371995,0.029132732192228745,0.1,6.0,-0.3243380583360284,True
2015-04-15,2014-05-05,2015-03-30,225,226,2015-09-15,169,2016-08-20,True,0.020289785356182498,7.516892303450266,-0.9364145974402608,0.02443524410082114,-0.01459588056882008,0.028462622574983738,0.1,6.0,-0.538453234642244,True
2015-04-15,2014-04-16,2015-03-30,235,236,2015-09-09,163,2016-08-20,True,0.019922905583467206,7.494583403393519,-0.926360283794219,0.021957734913782598,-0.017602124147079817,0.02814208409185712,0.1,6.0,-0.6757380778587222,True
2015-04-15,2014-04-02,2015-03-30,245,246,2015-09-10,164,2016-08-20,True,0.01971281049539655,7.509945560524054,-0.9343170664918413,0.02261045737677292,-0.01683068628470108,0.02818696123389128,0.1,6.0,-0.6398921486687393,True
2015-04-15,2014-03-19,2015-03-30,255,256,2015-09-09,163,2016-08-20,True,0.01939744556707656,7.502170789546182,-0.9304744946413239,0.02208621201159007,-0.01746448403818021,0.02815686352811259,0.1,6.0,-0.669069953330946,True
2015-04-15,2014-03-05,2015-03-30,265,266,2015-09-13,167,2016-08-20,True,0.019357109796332112,7.5223323049906154,-0.9402110192531241,0.023597588079946025,-0.015446825634218675,0.028203733535912687,0.1,6.0,-0.5795975562639409,True
2015-04-15,2014-02-19,2015-03-30,275,276,2015-09-27,181,2016-08-20,True,0.0198768157858454,7.584252513161731,-0.9692987855159504,0.02738163632929666,-0.007471273487205415,0.02838263440187463,0.1,6.0,-0.2663728709774248,True
2015-04-15,2014-02-04,2015-03-30,285,286,2015-09-30,184,2016-08-20,True,0.0197680784312659,7.602328011935419,-0.9781140080508122,0.02791339031602713,-0.0055954407029766146,0.028468690092721242,0.1,6.0,-0.19783515852100844,True
2015-04-15,2014-01-21,2015-03-30,295,296,2015-10-06,190,2016-08-20,True,0.019924306111980743,7.629581243298671,-0.9912052801855044,0.028357231294277807,-0.0023651155263598664,0.028455690786382205,0.1,6.0,-0.0832117262374612,True
2015-04-15,2014-01-07,2015-03-30,305,306,2015-10-24,208,2016-08-20,True,0.020523410593873196,7.745470228198298,-1.0487536046834995,0.02779421215399902,0.007524598055619769,0.02879475308385442,0.1,6.0,0.2643877839663528,True
2015-04-15,2013-12-16,2015-03-30,315,316,2015-10-24,208,2016-08-20,True,0.02042537098810044,7.732931108428746,-1.041440923448123,0.027379759504652795,0.00825933588906786,0.028598389113043927,0.1,6.0,0.29297761541069883,True
2015-04-15,2013-12-02,2015-03-30,325,326,2015-10-27,211,2016-08-20,True,0.02028808935869012,7.7554290315355825,-1.0529594758415861,0.027075632929554533,0.009463429905553794,0.028681813124579618,0.1,6.0,0.33624564699989,True
2015-04-15,2013-11-18,2015-03-30,335,336,2015-11-03,218,2016-08-20,True,0.020804179055543166,7.755171596816906,-1.0502408809630324,0.02466455656052327,0.013188726454144165,0.02796931990251986,0.1,6.0,0.49103927737256126,True
2015-04-15,2013-11-04,2015-03-30,345,346,2015-11-06,221,2016-08-20,True,0.021237561643285684,7.71404600734891,-1.026485705596203,0.022557480048775058,0.01481963450824389,0.02699002543735033,0.1,6.0,0.5812609006317186,True
2015-04-15,2013-10-21,2015-03-30,355,356,2015-11-11,226,2016-08-20,True,0.021509067558776487,7.715562115555552,-1.0252703373571628,0.020007008949740862,0.01719130052531956,0.026378423396155874,0.1,6.0,0.7098477098714935,True
2015-04-15,2013-10-07,2015-03-30,365,366,2015-11-15,230,2016-08-20,True,0.021326307733608968,7.736978993478265,-1.0358793979747956,0.01892209464623376,0.018368388156344256,0.026371259910424386,0.1,6.0,0.7705507878612244,True
2015-04-15,2013-09-23,2015-03-30,375,376,2015-11-16,231,2016-08-20,True,0.021196012335364892,7.723681225452642,-1.0281391631232364,0.017961507452973813,0.018722368677498602,0.0259449964131702,0.1,6.0,0.8061362158586781,True
2015-04-15,2013-09-09,2015-03-30,385,386,2015-11-12,227,2016-08-20,True,0.02118563711958801,7.651825532235165,-0.9898672378679628,0.01790006973726868,0.017436392542101775,0.024988803122225452,0.1,6.0,0.7722771389409262,True
2015-04-15,2013-08-26,2015-03-30,395,396,2015-11-19,234,2016-08-20,True,0.020974109546178198,7.722353229477487,-1.0266405610427398,0.01678496177315838,0.01934545480779276,0.025612137033967707,0.1,6.0,0.8561479537280116,True
2015-04-15,2013-08-12,2015-03-30,405,406,2015-11-16,231,2016-08-20,True,0.02087436508136245,7.67812449901471,-1.003132457301177,0.016802493964526155,0.018468450149500687,0.024968128771546534,0.1,6.0,0.8325961895697063,True
2015-04-15,2013-07-26,2015-03-30,415,416,2015-11-10,225,2016-08-20,True,0.020710483828320622,7.607839807321408,-0.9663264320526574,0.017657874201580544,0.01660699942019017,0.024240316645230534,0.1,6.0,0.7547386169615299,True
2015-04-15,2013-07-12,2015-03-30,425,426,2015-11-05,220,2016-08-20,True,0.020494238071029666,7.553733779358392,-0.9381220577552047,0.01847571521819371,0.014952511728127699,0.023768248984803047,0.1,6.0,0.6803897785606267,True
2015-04-15,2013-06-28,2015-03-30,435,436,2015-11-16,231,2016-08-20,True,0.020446907961435123,7.675684085483455,-1.0016743574385105,0.016551408379318913,0.018580116312187228,0.02488312362854379,0.1,6.0,0.8430801874010679,True
2015-04-15,2013-06-14,2015-03-30,445,446,2015-12-01,246,2016-08-20,True,0.020681834185034484,7.83612744424624,-1.0849939837317029,0.01335638974976476,0.022709002091542058,0.026345624364233287,0.1,6.0,1.0391326793711355,True
2015-04-15,2013-05-31,2015-03-30,455,456,2015-11-11,226,2016-08-20,True,0.020753258662053346,7.624602705995911,-0.9754137225446001,0.017937812223436767,0.016872414295830057,0.02462607300268169,0.1,6.0,0.754801825454833,True
2015-04-15,2013-05-16,2015-03-30,465,466,2015-10-10,194,2016-08-20,True,0.022082741087152222,7.313226441071555,-0.8127673328333096,0.02129103519495488,0.005439058612047132,0.021974793247220584,0.1,6.0,0.25011308628676654,True
2015-04-15,2013-04-30,2015-03-30,475,476,2015-09-23,177,2016-08-20,True,0.022541641033690548,7.166950458648836,-0.735810506193749,0.020821174840913018,-0.0011616609562679348,0.020853555522576638,0.1,6.0,-0.05573450489340999,True
2015-04-15,2013-04-16,2015-03-30,485,486,2015-09-25,179,2016-08-20,True,0.022460772878623962,7.185277357266973,-0.7454401120828223,0.020949297455383077,-0.0002448463346010066,0.020950728235593324,0.1,6.0,-0.011687035683570858,True
2015-04-15,2013-04-02,2015-03-30,495,496,2015-09-24,178,2016-08-20,True,0.02229857185674894,7.174265498251739,-0.7396442534551066,0.020871322241394402,-0.0007877064404377687,0.02088618140159737,0.1,6.0,-0.037723185445131036,True
2015-04-15,2013-03-15,2015-03-30,505,506,2015-09-19,173,2016-08-20,True,0.022183410257088643,7.133970947550136,-0.7184457187970249,0.020505377410730788,-0.002855099929414684,0.020703190535843796,0.1,6.0,-0.13834718105513705,True
2015-04-15,2013-03-01,2015-03-30,515,516,2015-09-16,170,2016-08-20,True,0.0220486603747308,7.111615543666639,-0.7066720430324939,0.02022453234311801,-0.004032733388995374,0.020622673131399444,0.1,6.0,-0.19681674607353147,True
2015-04-15,2013-02-15,2015-03-30,525,526,2015-09-19,173,2016-08-20,True,0.021902308762928466,7.133980369189734,-0.718431507799097,0.020479953295079657,-0.002824603038598106,0.02067382086829384,0.1,6.0,-0.1370557234134511,True
2015-04-15,2013-02-01,2015-03-30,535,536,2015-09-22,176,2016-08-20,True,0.02177784023940479,7.159537045517148,-0.7318391390507104,0.020666219005462394,-0.0014384672733966652,0.0207162206031498,0.1,6.0,-0.069492680919615,True
2015-04-15,2013-01-18,2015-03-30,545,546,2015-09-23,177,2016-08-20,True,0.021585583073175648,7.164706367902461,-0.7345432477780586,0.020686983577982904,-0.0011549174148108576,0.020719196987112404,0.1,6.0,-0.05577032393572036,True
2015-04-15,2013-01-04,2015-03-30,555,556,2015-09-25,179,2016-08-20,True,0.021413609594189847,7.176796013428353,-0.7408665269299293,0.020714719819262387,-0.0004931387027142797,0.020720588866406684,0.1,6.0,-0.023801701351691913,True
2015-04-15,2012-12-13,2015-03-30,565,566,2015-09-30,184,2016-08-20,True,0.021499441072195747,7.22085816476059,-0.7638457889626242,0.02058889726086871,0.0018993066282968624,0.020676316308445745,0.1,6.0,0.09198872170349467,True
2015-04-15,2012-11-29,2015-03-30,575,576,2015-10-08,192,2016-08-20,True,0.021686225127544378,7.277662504874567,-0.7933192183503419,0.02002662775254585,0.0048647752339231465,0.020609023684193088,0.1,6.0,0.23829972012017048,True
2015-04-15,2012-11-15,2015-03-30,585,586,2015-10-22,206,2016-08-20,True,0.022568571267077116,7.380779371796415,-0.8465747358540165,0.018113392591602107,0.00971162417794219,0.02055263086203558,0.1,6.0,0.49215318812210973,True
2015-04-15,2012-11-01,2015-03-30,595,596,2015-11-03,218,2016-08-20,True,0.022875371502177194,7.462627806374825,-0.8885869781036821,0.01592282573397638,0.012994999321434261,0.02055252750195599,0.1,6.0,0.6844955794153011,True
2015-04-15,2012-10-18,2015-03-30,605,606,2015-11-12,227,2016-08-20,True,0.023029085516274066,7.531873979777992,-0.9240064406111678,0.013719273033098334,0.015337677607354168,0.02057821194719873,0.1,6.0,0.8410383490287484,True
2015-04-15,2012-10-04,2015-03-30,615,616,2015-11-20,235,2016-08-20,True,0.023038555507914792,7.584301031398861,-0.9507420134619786,0.011873939226963504,0.01683511638954866,0.020601251821558628,0.1,6.0,0.9565169434512161,True
2015-04-15,2012-09-20,2015-03-30,625,626,2015-11-24,239,2016-08-20,True,0.022948095726456657,7.6192198058956455,-0.9684768650611584,0.010556764310186179,0.01769124101490706,0.020601584437813285,0.1,6.0,1.0327901236386765,True
2015-04-15,2012-09-06,2015-03-30,635,636,2015-11-27,242,2016-08-20,True,0.022800989119842543,7.638764295323628,-0.9783940695865522,0.009794593730787282,0.018118078501143026,0.02059608785485143,0.1,6.0,1.075200327146361,True
2015-04-15,2012-08-23,2015-03-30,645,646,2015-12-06,251,2016-08-20,True,0.022896016670332735,7.700175467487932,-1.0094815515521778,0.007320287166916517,0.01922477638166574,0.020571306014231946,0.1,6.0,1.2069735097274068,True
2015-04-15,2012-08-09,2015-03-30,655,656,2015-12-09,254,2016-08-20,True,0.022758907738258314,7.720014929261422,-1.01951389185772,0.006504972907264428,0.019507643338786504,0.02056362859899842,0.1,6.0,1.248933891457161,True
2015-04-15,2012-07-25,2015-03-30,665,666,2015-12-20,265,2016-08-20,True,0.023179660990444387,7.801903381285945,-1.0607456196250997,0.0030571824871499786,0.020265129357794703,0.020494434187063797,0.1,6.0,1.421066129918754,True
2015-04-15,2012-07-11,2015-03-30,675,676,2016-01-07,283,2016-08-20,True,0.023910969330246837,7.9263251782879545,-1.1231226702101005,-0.002083544390132669,0.02035467879416969,0.020461038733150246,0.1,6.0,1.672802981786516,True
2015-04-15,2012-06-27,2015-03-30,685,686,2016-01-28,304,2016-08-20,True,0.024634324384625383,8.070997505537662,-1.195253843852762,-0.007616216704870948,0.019040802837815368,0.02050753348416413,0.1,6.0,1.9512979758370697,True
2015-04-15,2012-06-13,2015-03-30,695,696,2016-03-04,340,2016-08-20,True,0.025906713422549587,8.322864838168949,-1.3199364065606516,-0.01533009617955651,0.014049398792520318,0.020794168781312815,0.1,6.0,2.39975844895554,True
2015-04-15,2012-05-30,2015-03-30,705,706,2016-04-28,395,2016-08-20,True,0.027325294730121897,8.7195929183877,-1.514567979826724,-0.021556970649920935,0.0026873309591116668,0.02172382865162936,0.1,6.0,3.017570660892097,True
2015-04-15,2012-05-14,2015-03-30,715,716,2016-06-16,444,2016-08-20,True,0.02764548134074532,9.079921794811295,-1.6896802295718585,-0.021357388353710455,-0.008091770332991965,0.02283888754762578,0.1,6.0,-2.779429475372643,True
2015-04-15,2012-04-27,2015-03-30,725,726,2016-06-01,429,2016-08-20,True,0.027532661136513394,8.969931620411062,-1.636436523066243,-0.02197893137611623,-0.004878863472082606,0.022513923096947105,0.1,6.0,-2.923155397944104,True
2015-04-15,2012-04-13,2015-03-30,735,736,2016-05-15,412,2016-08-20,True,0.027448753574365613,8.849387119489744,-1.577928367034019,-0.022149060418789793,-0.0011967285165909725,0.02218136687802676,0.1,6.0,-3.087614471769626,True
2015-04-15,2012-03-28,2015-03-30,745,746,2016-04-23,390,2016-08-20,True,0.02761242017290076,8.691208632574927,-1.500941984572731,-0.021497966143800062,0.003813828659301244,0.02183364003922574,0.1,6.0,2.9660152212889535,True
2015-04-15,2014-10-02,2015-04-08,125,126,2015-08-09,123,2016-08-20,True,0.01822680131322375,8.785505832352348,-1.7058408377531353,-0.013376015833561683,-0.00036906954439312745,0.013381106527798491,0.1,11.709994116852515,-3.11400776338951,True
2015-04-15,2014-09-18,2015-04-08,135,136,2015-10-23,198,2016-08-20,True,0.022358399659647896,6.675289832794927,-0.44127627154899407,0.03833874074063351,0.02010587046395286,0.04329093517921233,0.1,6.0,0.48299769739090703,True
2015-04-15,2014-09-04,2015-04-08,145,146,2016-02-02,300,2016-08-20,False,0.021671196797193242,3.2122751111425085,1.492189263260029,-0.06902939814102427,0.058695287641896576,0.0906101241533032,0.1,6.0,2.4369278934612035,True
2015-04-15,2014-08-21,2015-04-08,155,156,2015-10-01,176,2016-08-20,True,0.021416363717036063,6.969451813930621,-0.6150871415071988,0.037577729736211374,-0.001867784204958832,0.03762411978989061,0.1,6.0,-0.049663679720910854,True
2015-04-15,2014-08-07,2015-04-08,165,166,2015-09-17,162,2016-08-20,True,0.02202127893807551,6.152681218893077,-0.0018113394677078528,-0.00011225259321895407,0.0002626229809647424,0.0002856072037172512,0.9,7.640487589700026,1.9747222854402815,True
2015-04-15,2014-07-23,2015-04-08,175,176,2015-07-31,114,2016-08-20,True,0.021872958512880132,7.572285260501087,-0.9925333958238762,0.010030850074414233,-0.020707567930396076,0.023009157368477102,0.1,6.139624536712744,-1.1197023474166492,True
2015-04-15,2014-07-09,2015-04-08,185,186,2015-08-01,115,2016-08-20,True,0.021400196678813137,7.517208883102493,-0.9590122527328636,-0.0051836235350457005,-0.023269857094657023,0.02384022235967692,0.1,6.0,-1.7899789200338536,True
2015-04-15,2014-06-25,2015-04-08,195,196,2015-08-19,133,2016-08-20,True,0.02128944402687347,7.496210988748565,-0.9375158668617508,0.008482565913456336,-0.024187019325845077,0.025631344645666458,0.1,6.0,-1.2334914735596507,True
2015-04-15,2014-06-11,2015-04-08,205,206,2015-09-09,154,2016-08-20,True,0.021142537088923753,7.472105564164559,-0.9134476984966615,0.022288927915501883,-0.01655916081590017,0.02776692483061966,0.1,6.0,-0.6389623084017332,True
2015-04-15,2014-05-26,2015-04-08,215,216,2015-09-16,161,2016-08-20,True,0.02073315513136195,7.455433570351153,-0.9010884901285737,0.02539670499506605,-0.012938642665167088,0.028502650729770644,0.1,6.0,-0.4711881040384168,True
2015-04-15,2014-05-12,2015-04-08,225,226,2015-09-15,160,2016-08-20,True,0.020312432365802737,7.472073587128732,-0.9110567580926393,0.024690206686101075,-0.01375695879847641,0.028264115439641264,0.1,6.0,-0.5083411151388623,True
2015-04-15,2014-04-25,2015-04-08,235,236,2015-09-08,153,2016-08-20,True,0.019940911661630447,7.460717958356334,-0.9074602092171247,0.02189078533503209,-0.017303765996771803,0.02790388503874491,0.1,6.0,-0.6688960585634476,True
2015-04-15,2014-04-09,2015-04-08,245,246,2015-09-03,148,2016-08-20,True,0.019671979740838775,7.455025078205248,-0.9062058132514598,0.01960539562300648,-0.019618769549387044,0.0277356747919815,0.1,6.0,-0.7857391247870286,True
2015-04-15,2014-03-26,2015-04-08,255,256,2015-09-08,153,2016-08-20,True,0.019396688258114116,7.465662707826462,-0.9102804245108995,0.021795517129219066,-0.01731018677324872,0.027833201990695153,0.1,6.0,-0.6711996005301593,True
2015-04-15,2014-03-12,2015-04-08,265,266,2015-09-04,149,2016-08-20,True,0.01912100455879206,7.454562045750162,-0.9055587310453438,0.020105823870411946,-0.0192093659883934,0.027807263353017534,0.1,6.0,-0.7626002939056992,True
2015-04-15,2014-02-26,2015-04-08,275,276,2015-09-15,160,2016-08-20,True,0.019496644731839853,7.484893088293889,-0.9184466597643887,0.024185104864925616,-0.013584160149127056,0.027738938413078833,0.1,6.0,-0.5117622620293139,True
2015-04-15,2014-02-11,2015-04-08,285,286,2015-09-25,170,2016-08-20,True,0.019759995671187348,7.518335858913636,-0.9331500458357589,0.026688867804915778,-0.0074764544062055766,0.02771629548111256,0.1,6.0,-0.27313278712127814,True
2015-04-15,2014-01-28,2015-04-08,295,296,2015-09-24,169,2016-08-20,True,0.019515805856760528,7.519225287321898,-0.9340794278419321,0.026512577784781055,-0.008228497438564394,0.027760132400450232,0.1,6.0,-0.30093592462284074,True
2015-04-15,2014-01-14,2015-04-08,305,306,2015-10-05,180,2016-08-20,True,0.02030115798033142,7.557428310257927,-0.9511457713530409,0.02747764488591381,-0.0013752847914654948,0.02751204057742758,0.1,6.0,-0.050009311511445595,True
2015-04-15,2013-12-23,2015-04-08,315,316,2015-10-14,189,2016-08-20,True,0.020432723478442622,7.592399743685529,-0.9673399473771251,0.027114108573903895,0.003761663950699286,0.027373801333308447,0.1,6.0,0.13785461327854295,True
2015-04-15,2013-12-09,2015-04-08,325,326,2015-10-11,186,2016-08-20,True,0.020228520977659776,7.580043275175335,-0.9614005134602598,0.02732437849465122,0.002349949477319667,0.027425242435845723,0.1,6.0,0.08579084000452739,True
2015-04-15,2013-11-25,2015-04-08,335,336,2015-10-18,193,2016-08-20,True,0.020469779454776824,7.60705648627253,-0.9738307882727469,0.026360080676977926,0.00629052800365365,0.027100269295000295,0.1,6.0,0.2342571591558654,True
2015-04-15,2013-11-11,2015-04-08,345,346,2015-10-26,201,2016-08-20,True,0.02087137189883415,7.6289603677127165,-0.9831354397881841,0.02448466884168854,0.010429364807240757,0.026613354891288427,0.1,6.0,0.4026791830440682,True
2015-04-15,2013-10-28,2015-04-08,355,356,2015-11-06,212,2016-08-20,True,0.02125939937559648,7.678327261755443,-1.006700516361689,0.021555633560716297,0.015058292129130985,0.026294438576439066,0.1,6.0,0.6097709875782679,True
2015-04-15,2013-10-14,2015-04-08,365,366,2015-11-12,218,2016-08-20,True,0.021324261923067935,7.697913831582137,-1.0154389175412382,0.019379269798164733,0.01730582810212203,0.0259816817048138,0.1,6.0,0.72893823389282,True
2015-04-15,2013-09-30,2015-04-08,375,376,2015-11-12,218,2016-08-20,True,0.02108923103460593,7.691128917450621,-1.0117126996915276,0.019221046158597155,0.017296909381858766,0.025857913481082656,0.1,6.0,0.7327566866600381,True
2015-04-15,2013-09-16,2015-04-08,385,386,2015-11-14,220,2016-08-20,True,0.021115283444217925,7.679410010723476,-1.004492415532051,0.017817956146126163,0.017986997603558708,0.02531820775678448,0.1,6.0,0.7901193034576075,True
2015-04-15,2013-09-02,2015-04-08,395,396,2015-11-15,221,2016-08-20,True,0.02092982006491582,7.6822358784709195,-1.005623404420553,0.01726855147370674,0.018349458434344795,0.025197331105373175,0.1,6.0,0.8157360549659797,True
2015-04-15,2013-08-19,2015-04-08,405,406,2015-11-15,221,2016-08-20,True,0.02074153244280938,7.681790752727096,-1.0054769040475362,0.017402795253985977,0.01826733296859448,0.025229996758574024,0.1,6.0,0.8096304420924265,True
2015-04-15,2013-08-05,2015-04-08,415,416,2015-11-11,217,2016-08-20,True,0.020700179686210397,7.620791847838851,-0.973180729123541,0.017629340132045437,0.016907489458474118,0.024426559996850995,0.1,6.0,0.7645003103866878,True
2015-04-15,2013-07-19,2015-04-08,425,426,2015-11-13,219,2016-08-20,True,0.020499268265480805,7.626470959514882,-0.9758270957724379,0.01706451435601831,0.017280771161899744,0.024286265710411325,0.1,6.0,0.791694630139348,True
2015-04-15,2013-07-05,2015-04-08,435,436,2015-11-10,216,2016-08-20,True,0.020303489874783486,7.6060560984886765,-0.965359650761336,0.017653284219943534,0.016580558413403335,0.024218863743998963,0.1,6.0,0.7540731695174563,True
2015-04-15,2013-06-21,2015-04-08,445,446,2015-11-27,233,2016-08-20,True,0.020648124362177972,7.797525511089902,-1.0650813343836012,0.014331742827076832,0.021760366886198174,0.02605594787152097,0.1,6.0,0.988387444299383,True
2015-04-15,2013-06-07,2015-04-08,455,456,2015-11-21,227,2016-08-20,True,0.020518131092317354,7.732821637834078,-1.0315945070466628,0.015813068266223515,0.020053639201697254,0.02553823747293642,0.1,6.0,0.9030832298433792,True
2015-04-15,2013-05-24,2015-04-08,465,466,2015-10-31,206,2016-08-20,True,0.021209271478136445,7.5100116336222325,-0.9155532909930787,0.019518562277647304,0.013111829145263626,0.02351370529969662,0.1,6.0,0.5915218764116279,True
2015-04-15,2013-05-08,2015-04-08,475,476,2015-10-06,181,2016-08-20,True,0.02248359567888298,7.278942173011232,-0.7944315926481135,0.02113108823339393,0.0038522008566899413,0.021479346856172376,0.1,6.0,0.18032001922231544,True
2015-04-15,2013-04-23,2015-04-08,485,486,2015-09-28,173,2016-08-20,True,0.022503558053820025,7.208867912036499,-0.7574997333468846,0.02089701422492958,0.0005841631924867752,0.020905177591983418,0.1,6.0,0.027947107332355774,True
2015-04-15,2013-04-09,2015-04-08,495,496,2015-09-30,175,2016-08-20,True,0.02238607594196853,7.227612373082386,-0.767395423225046,0.021005319717283377,0.0014799855267886852,0.021057393323600092,0.1,6.0,0.07034140847234001,True
2015-04-15,2013-03-22,2015-04-08,505,506,2015-09-27,172,2016-08-20,True,0.022253304114219868,7.203387528757594,-0.7546295667412588,0.020894626644125558,0.0002716726515297474,0.020896392718050424,0.1,6.0,0.01300130165966286,True
2015-04-15,2013-03-08,2015-04-08,515,516,2015-09-21,166,2016-08-20,True,0.022221413658692044,7.152168510550016,-0.7276839228273446,0.020516395160917522,-0.0024504319858033863,0.02066221399840705,0.1,6.0,-0.11887461633312621,True
2015-04-15,2013-02-22,2015-04-08,525,526,2015-09-21,166,2016-08-20,True,0.022050947172524784,7.157162983891736,-0.7303097005131968,0.02056012326091204,-0.002171994087380863,0.02067453087302137,0.1,6.0,-0.10525072668255854,True
2015-04-15,2013-02-08,2015-04-08,535,536,2015-09-23,168,2016-08-20,True,0.021882535426813773,7.173395325540951,-0.7388393070958502,0.020676765034065625,-0.0012733254179478903,0.020715935168221372,0.1,6.0,-0.061504757508794396,True
2015-04-15,2013-01-25,2015-04-08,545,546,2015-09-25,170,2016-08-20,True,0.021730885495647483,7.185907325547654,-0.7454060105963809,0.02073514560003306,-0.0005819960628392351,0.020743311752748902,0.1,6.0,-0.028060728899736233,True
2015-04-15,2013-01-11,2015-04-08,555,556,2015-09-26,171,2016-08-20,True,0.02154896972867766,7.1951434568289345,-0.7502371885955943,0.020748083436165868,-6.308790803910558e-05,0.020748179350445213,0.1,6.0,-0.0030406525887189417,True
2015-04-15,2012-12-20,2015-04-08,565,566,2015-09-29,174,2016-08-20,True,0.021477987221928584,7.217342875874437,-0.7618280886252328,0.020699852311372016,0.0011807825001743932,0.020733502671409176,0.1,6.0,0.056981289415888876,True
2015-04-15,2012-12-06,2015-04-08,575,576,2015-10-05,180,2016-08-20,True,0.021545161028583962,7.26147588324898,-0.7848016292801794,0.020376216707273603,0.003586851738400579,0.020689507309142072,0.1,6.0,0.17424613740526307,True
2015-04-15,2012-11-22,2015-04-08,585,586,2015-10-15,190,2016-08-20,True,0.0219603570566132,7.333448851035172,-0.8220901803734183,0.019310289330115582,0.0072520709876588985,0.020627161889674003,0.1,6.0,0.35925694251384793,True
2015-04-15,2012-11-08,2015-04-08,595,596,2015-10-30,205,2016-08-20,True,0.02278842627577254,7.439359909200582,-0.8766522212151353,0.016810196228809304,0.011926240317214162,0.020611111211068147,0.1,6.0,0.6170498878548677,True
2015-04-15,2012-10-25,2015-04-08,605,606,2015-11-08,214,2016-08-20,True,0.02293835595088418,7.508494905816953,-0.912075625389758,0.014702445377728829,0.014468987078199817,0.02062797826143447,0.1,6.0,0.7773953573671901,True
2015-04-15,2012-10-11,2015-04-08,615,616,2015-11-16,222,2016-08-20,True,0.022970083076969305,7.561123069100642,-0.93896275568639,0.012908089452531218,0.01612108687111168,0.020652075324782183,0.1,6.0,0.8956311505159721,True
2015-04-15,2012-09-27,2015-04-08,625,626,2015-11-23,229,2016-08-20,True,0.022959697681449565,7.613884291149616,-0.9658069872389211,0.01095128428551806,0.017519456399502607,0.020660638422766796,0.1,6.0,1.0121303542841442,True
2015-04-15,2012-09-13,2015-04-08,635,636,2015-11-25,231,2016-08-20,True,0.022802627052868025,7.6277161915046685,-0.9728331570010827,0.010417606687663783,0.01784208986932944,0.020660752648538373,0.1,6.0,1.042315468443185,True
2015-04-15,2012-08-30,2015-04-08,645,646,2015-12-02,238,2016-08-20,True,0.02283086531702414,7.675991821045564,-0.9973046948092058,0.008486360949831268,0.018815944842736784,0.020641174930118054,0.1,6.0,1.1470947784235175,True
2015-04-15,2012-08-16,2015-04-08,655,656,2015-12-06,242,2016-08-20,True,0.022758284625610834,7.709059659706564,-1.014032968704387,0.007130576617549705,0.01935669499934088,0.02062830008013881,0.1,6.0,1.2178440275376294,True
2015-04-15,2012-08-02,2015-04-08,665,666,2015-12-12,248,2016-08-20,True,0.022743289156809718,7.747567810354911,-1.033466735513354,0.005514003603721951,0.01984499441490757,0.020596796815756845,0.1,6.0,1.2997790653170658,True
2015-04-15,2012-07-18,2015-04-08,675,676,2015-12-28,264,2016-08-20,True,0.023526841021545196,7.861993928511637,-1.0910052830999946,0.0006949955670278729,0.02052054928984423,0.020532315066624,0.1,6.0,1.5369409944595125,True
2015-04-15,2012-07-04,2015-04-08,685,686,2016-01-14,281,2016-08-20,True,0.024080563553995384,7.9821976836147845,-1.151156396068129,-0.0041677615697214565,0.020112834115021933,0.020540115205140333,0.1,6.0,1.7751235080866499,True
2015-04-15,2012-06-20,2015-04-08,695,696,2016-02-12,310,2016-08-20,True,0.025230576234105222,8.181664400552437,-1.2503264208322147,-0.011267973953069832,0.017336618213840582,0.020676691420522995,0.1,6.0,2.147137976460435,True
2015-04-15,2012-06-06,2015-04-08,705,706,2016-03-23,350,2016-08-20,True,0.02643636377184853,8.470336863151218,-1.3927702992806028,-0.018505095316969075,0.010302055920778541,0.021179492649375693,0.1,6.0,2.633608933793781,True
2015-04-15,2012-05-22,2015-04-08,715,716,2016-05-14,402,2016-08-20,True,0.02747998950261527,8.851693646126867,-1.5794045484658943,-0.022261754038984005,-0.0011181454163461946,0.022289817003831966,0.1,6.0,-3.0914076340186845,True
2015-04-15,2012-05-07,2015-04-08,725,726,2016-06-06,425,2016-08-20,True,0.027503687644476856,9.024492382573179,-1.6633375105129542,-0.02194009644941282,-0.006306681042608786,0.022828536045544797,0.1,6.0,-2.8616890009922322,True
2015-04-15,2012-04-20,2015-04-08,735,736,2016-05-18,406,2016-08-20,True,0.027430396974163617,8.88277879916449,-1.5945330390909505,-0.022298017982864543,-0.002047517340555971,0.02239182737571965,0.1,6.0,-3.050024358214376,True
2015-04-15,2012-04-04,2015-04-08,745,746,2016-05-03,391,2016-08-20,True,0.02736296904435848,8.772399259070504,-1.5408518393348283,-0.022076386905669446,0.0014208161793968777,0.02212206087651983,0.1,6.0,3.0773222034885817,True
