t1,t2,observations,tc_predicted,tc_days_after_t2,global_tc_upper_date,positive_lppls_valid,RMSE,SSE,A,B,C1,C2,C,m,omega,phi,damping,optimizer_success,window_dt_requested,positive_bubble_confidence,event_date,tc_error_days,abs_tc_error_days,hit_pm_60d,hit_pm_120d,ci_bin
2009-02-26,2010-02-23,251,2011-07-08,500,2011-07-08,True,0.0304612901076666,0.2329004389508804,6.177303581681632,-0.0024035604854487,9.496940299612312e-05,0.000334467556895,0.0003476891343151,0.9,6.0,1.2941359179140308,1.03694374438103,True,250,0.0384615384615384,2011-02-17,141,141,0,0,Low CI
2009-02-27,2010-02-24,251,2011-07-09,500,2011-07-09,True,0.0303141945055975,0.2306565475193226,6.197084012193455,-0.0024624491331972,8.372283578791037e-05,0.0003432532187555,0.0003533161267454,0.9,6.0,1.3315577465838664,1.0454302592467275,True,250,0.0384615384615384,2011-02-17,142,142,0,0,Low CI
2009-03-02,2010-02-25,251,2011-07-10,500,2011-07-10,True,0.0302963782169024,0.2303855037984614,6.197845537500769,-0.0024651729871974,8.169603122816507e-05,0.0003480700120486,0.0003575289845676,0.9,6.0,1.3402577946308596,1.0342544633878106,True,250,0.0384615384615384,2011-02-17,143,143,0,0,Low CI
2009-03-03,2010-02-26,251,2011-07-11,500,2011-07-11,True,0.0302498700494556,0.2296787141402482,6.176703907977922,-0.0023995606670856,8.928926623154627e-05,0.0003437408130688,0.0003551483065331,0.9,6.0,1.3166553940001855,1.0134754789523543,True,250,0.0384615384615384,2011-02-17,144,144,0,0,Low CI
2009-02-06,2010-03-11,276,2011-07-17,493,2011-07-24,True,0.0369042640742727,0.3758912190943694,6.03581279169707,-0.0017773255994497,0.0001630928995411,-2.510992050476583e-05,0.0001650145508387,0.9,9.69140384227136,-0.1527613650676005,1.000231604695697,True,275,0.0384615384615384,2011-02-17,150,150,0,0,Low CI
2009-03-17,2010-03-12,251,2011-07-22,497,2011-07-25,True,0.0284450244993786,0.2030889741113338,13.029749237042935,-4.008682922875362,0.0034554466337756,0.065663944807595,0.0657548002744572,0.1,6.0,1.5182216250379448,1.0160685116380148,True,250,0.0769230769230769,2011-02-17,155,155,0,0,Low CI
2009-02-09,2010-03-12,276,2011-06-11,456,2011-07-25,True,0.0360124153676147,0.3579427607282532,6.01057581814061,-0.0017988162836857,0.0001770929922325,1.929392489151199e-05,0.0001781409089333,0.9,8.835233809262629,0.1085199717692042,1.0286025793410607,True,275,0.0769230769230769,2011-02-17,114,114,0,1,Low CI
2009-03-18,2010-03-15,251,2011-06-18,460,2011-07-28,True,0.0283728902431728,0.2020602460885346,12.46712843803161,-3.7292222358028297,0.0229629629604158,0.0557155049923407,0.0602620541010094,0.1,6.0,1.1798626886797488,1.031390397444253,True,250,0.0769230769230769,2011-02-17,121,121,0,0,Low CI
2009-02-10,2010-03-15,276,2011-03-03,353,2011-07-28,True,0.0349267464253833,0.3366862219781954,10.698507770709025,-2.83500933237174,-0.0420387909766195,-0.0098691723969024,0.0431817150027148,0.1,6.5528839775719785,-2.91100485730668,1.0018948114102737,True,275,0.0769230769230769,2011-02-17,14,14,1,1,Low CI
2009-03-19,2010-03-16,251,2011-05-04,414,2011-07-29,True,0.0282358110890316,0.2001125179917256,11.755566155515458,-3.3738333107335565,0.0408428591580147,0.0348962465655835,0.0537204539125223,0.1,6.0,0.7070444753654812,1.0467252430602638,True,250,0.0769230769230769,2011-02-17,76,76,0,1,Low CI
2009-02-11,2010-03-16,276,2011-02-22,343,2011-07-29,True,0.0341200137216263,0.3213123928364554,10.867298577108649,-2.9338041032845883,0.0404270100804362,0.024071575803684,0.0470508650899874,0.1,6.105623801896943,0.5370546433853667,1.021253262718539,True,275,0.0769230769230769,2011-02-17,5,5,1,1,Low CI
2009-03-20,2010-03-17,251,2011-03-18,366,2011-07-30,True,0.02811230757499,0.1983657611349015,11.038862410458403,-3.013983460701969,0.0469862829604785,0.0074240863104307,0.0475691900707473,0.1,6.0,0.1567098439329982,1.0559998520819258,True,250,0.0769230769230769,2011-02-17,29,29,1,1,Low CI
2009-02-12,2010-03-17,276,2011-03-11,359,2011-07-30,True,0.0332848413287408,0.3057750627891303,11.350600244846364,-3.1857279424699385,0.0501820729194026,0.007384588536927,0.0507225057577793,0.1,6.0,0.1461072863284172,1.0467831767102511,True,275,0.0769230769230769,2011-02-17,22,22,1,1,Low CI
2009-07-13,2010-03-18,176,2011-07-09,478,2011-07-31,True,0.0208631881135434,0.0766079808139534,7.19878909753534,-0.0057535114743454,-0.0001428105306554,0.0008473257822286,0.0008592763402395,0.9,6.0,1.7377697257552591,1.0043645806787025,True,175,0.1153846153846153,2011-02-17,142,142,0,0,Medium CI
2009-03-23,2010-03-18,251,2011-01-07,295,2011-07-31,True,0.0279241747391368,0.1957196432503235,10.005357014423248,-2.4889914793409225,0.0288756482803141,-0.0281074333778351,0.0402967849176314,0.1,6.0,-0.7719175241573426,1.02944171370352,True,250,0.1153846153846153,2011-02-17,-41,41,1,1,Medium CI
2009-02-13,2010-03-18,276,2011-04-04,382,2011-07-31,True,0.0325218066383242,0.2919163423376716,11.957179927498151,-3.497334843390745,0.0482896727621799,0.025293092225178,0.054512686686585,0.1,6.0,0.482488948136044,1.0692724501296067,True,275,0.1153846153846153,2011-02-17,46,46,1,1,Medium CI
2009-07-14,2010-03-19,176,2011-07-30,498,2011-08-01,True,0.0204111001352829,0.073323889536928,7.297863991450331,-0.0058922868272815,-0.0003300084090574,0.0008081108013328,0.0008728966819042,0.9,6.0,1.9584975447681336,1.012540249510512,True,175,0.1153846153846153,2011-02-17,163,163,0,0,Medium CI
2009-03-24,2010-03-19,251,2010-12-13,269,2011-08-01,True,0.0278580351816903,0.1947936011702584,9.64003248162748,-2.301067586876833,0.0157063511628298,-0.034601005861701,0.0379989351626015,0.1,6.0,-1.1446810196076005,1.0092684514405117,True,250,0.1153846153846153,2011-02-17,-66,66,0,1,Medium CI
2009-02-17,2010-03-19,276,2011-06-05,443,2011-08-01,True,0.0315886477256842,0.2754045755779151,13.333374434304377,-4.192842135635365,0.0224200070246578,0.0598625133763954,0.0639232134887228,0.1,6.0,1.2124421715847815,1.0931975795133893,True,275,0.1153846153846153,2011-02-17,108,108,0,1,Medium CI
2009-07-15,2010-03-22,176,2011-07-30,495,2011-08-04,True,0.020066715184043,0.0708704582568404,7.224306545021776,-0.0056523045167815,-0.000310977130773,0.0007715719409738,0.0008318834269066,0.9,6.0,1.9539237379764487,1.0191880858474418,True,175,0.1153846153846153,2011-02-17,163,163,0,0,Medium CI
2009-03-25,2010-03-22,251,2010-12-08,261,2011-08-04,True,0.0277709490827171,0.1935776288516725,9.54287137465389,-2.25013623026377,0.0123456584321509,-0.0351480757352272,0.0372532214716071,0.1,6.0,-1.2330109688993411,1.0066853019135242,True,250,0.1153846153846153,2011-02-17,-71,71,0,1,Medium CI
2009-02-18,2010-03-22,276,2011-06-05,440,2011-08-04,True,0.0311273019834699,0.267418864340557,13.621989725094815,-4.345034004993325,0.0202855279261425,0.0625591409490289,0.0657658631778126,0.1,6.0,1.2572324187614887,1.1011371236892196,True,275,0.1153846153846153,2011-02-17,108,108,0,1,Medium CI
2009-07-16,2010-03-23,176,2011-08-02,497,2011-08-05,True,0.0199773755488993,0.0702408139526302,7.232721562848729,-0.0056431978416441,-0.0003423812371359,0.000753251538645,0.0008274133138969,0.9,6.0,1.997417409957249,1.0230433352104205,True,175,0.0769230769230769,2011-02-17,166,166,0,0,Low CI
2009-02-19,2010-03-23,276,2011-07-27,491,2011-08-05,True,0.0306620262785654,0.2594841201200524,15.088199622587249,-5.082577220285462,-0.019131661492205,0.0735646287125848,0.0760116771889213,0.1,6.0,1.8252262404207145,1.1144290386798283,True,275,0.0769230769230769,2011-02-17,160,160,0,0,Low CI
2009-07-17,2010-03-24,176,2011-08-03,497,2011-08-06,True,0.0198774213930618,0.0695396910977738,22.53946466143409,-9.002067490461286,-0.0762820576503382,0.1283044092371694,0.1492681270367809,0.1,6.0,2.1071911850007328,1.005133923448942,True,175,0.0769230769230769,2011-02-17,167,167,0,0,Low CI
2009-02-20,2010-03-24,276,2011-07-27,490,2011-08-06,True,0.0301561592747657,0.2509927280485912,15.495763004759038,-5.295596357966111,-0.0234682213235266,0.075325997562837,0.0788971692833562,0.1,6.0,1.872820403311092,1.118670544217536,True,275,0.0769230769230769,2011-02-17,160,160,0,0,Low CI
2009-07-20,2010-03-25,176,2011-08-05,498,2011-08-07,True,0.0197850671151131,0.0688950030119175,22.53879208944755,-8.997105141667138,-0.0799602118388027,0.1253108078689928,0.1486486933884245,0.1,6.0,2.1387569690258874,1.0087660304506647,True,175,0.0769230769230769,2011-02-17,169,169,0,0,Low CI
2009-02-23,2010-03-25,276,2011-08-05,498,2011-08-07,True,0.0299795706779928,0.2480618056181479,16.039471093684494,-5.573873053594519,-0.0335348123830193,0.0755617631146723,0.0826690007594271,0.1,6.0,1.9884879327540408,1.1237329999538157,True,275,0.0769230769230769,2011-02-17,169,169,0,0,Low CI
2009-07-21,2010-03-26,176,2011-07-20,481,2011-08-08,True,0.0196988328203252,0.0682957465490295,21.073860974422903,-8.246724111341933,-0.0523022178523642,0.1254199651608254,0.1358885192104867,0.1,6.0,1.965885648192022,1.0114570579932554,True,175,0.0769230769230769,2011-02-17,153,153,0,0,Low CI
2009-02-24,2010-03-26,276,2011-08-08,500,2011-08-08,True,0.0298669399898748,0.2462014128030251,16.365659615426463,-5.742171851015327,-0.0384233171906236,0.0758359836868027,0.0850143971670463,0.1,6.0,2.039760433649288,1.125725375615385,True,275,0.0769230769230769,2011-02-17,172,172,0,0,Low CI
2009-07-22,2010-03-29,176,2011-05-06,403,2011-08-11,True,0.0196273588548994,0.0678010459489442,16.19458851044546,-5.740883263783493,0.0410693253802749,0.0851924836079803,0.0945750958259461,0.1,6.0,1.1215897609202077,1.0116974970431407,True,175,0.0769230769230769,2011-02-17,78,78,0,1,Low CI
2009-02-25,2010-03-29,276,2011-08-11,500,2011-08-11,True,0.0298148552482003,0.2453434637980342,14.604976781172375,-4.189053133940412,-0.036826212523877,0.0655545945821138,0.0751902573454771,0.1216056375023016,6.0,2.082626527883061,1.129163304901853,True,275,0.0769230769230769,2011-02-17,175,175,0,0,Low CI
2009-07-23,2010-03-30,176,2011-03-23,358,2011-08-12,True,0.0195380416235892,0.0671853724053785,13.74242495613234,-4.465614583491028,0.0629240407640203,0.0379644945248029,0.0734897118690493,0.1,6.0,0.5428706430445818,1.012752776299778,True,175,0.0769230769230769,2011-02-17,34,34,1,1,Low CI
2009-02-26,2010-03-30,276,2011-08-12,500,2011-08-12,True,0.0297730730641306,0.2446563027922496,10.899059554341289,-1.4714773235378322,-0.021836560052106,0.038058468958402,0.043878040229332,0.2035731689083407,6.0,2.0917008415460665,1.1378254367626,True,275,0.0769230769230769,2011-02-17,176,176,0,0,Low CI
2009-07-24,2010-03-31,176,2011-01-11,286,2011-08-13,True,0.0195105767579087,0.0669966185550198,10.81620512437484,-2.928444046312228,0.0423177711576446,-0.0239874939982982,0.0486435363030811,0.1,6.0,-0.5156817848639758,1.0033686791965186,True,175,0.0769230769230769,2011-02-17,-37,37,1,1,Low CI
2009-02-27,2010-03-31,276,2011-08-13,500,2011-08-13,True,0.0296086656571022,0.2419617706303617,6.741524947742666,-0.0096518521747262,-0.0004382534434399,0.0009158140483564,0.0010152740772096,0.761401569433446,6.0,2.0171288325890115,1.2063959802810906,True,275,0.0769230769230769,2011-02-17,177,177,0,0,Low CI
2009-07-27,2010-04-01,176,2011-01-06,280,2011-08-14,True,0.0195047404708174,0.0669565425467743,10.672729355196456,-2.8523274098666427,0.0396096100405538,-0.0259473202688043,0.0473517120777765,0.1,6.0,-0.5799355850329072,1.003950819906157,True,175,0.1153846153846153,2011-02-17,-42,42,1,1,Medium CI
2009-06-22,2010-04-01,201,2011-08-13,499,2011-08-14,True,0.0213548007650439,0.0916615306586592,7.684025286326878,-0.0069807187608618,-0.0005597722493799,0.0008777424319241,0.0010410459874452,0.9,6.0,2.1385052212206284,1.0058228231577584,True,200,0.1153846153846153,2011-02-17,177,177,0,0,Medium CI
2009-03-02,2010-04-01,276,2011-08-14,500,2011-08-14,True,0.0295751459696519,0.2414142355188366,6.7942968324954105,-0.0105573808735479,-0.0005112543876374,0.0009736487930231,0.0010997149726333,0.7533371805614113,6.0,2.054314799538849,1.2053528625311245,True,275,0.1153846153846153,2011-02-17,178,178,0,0,Medium CI
2009-06-23,2010-04-06,201,2011-08-17,498,2011-08-19,True,0.0213152334788562,0.0913221748298887,7.751803925381008,-0.0071597845798038,-0.00060775714097,0.0008798801327691,0.0010693726153413,0.9,6.0,2.1752717875543675,1.004296978960688,True,200,0.0769230769230769,2011-02-17,181,181,0,0,Low CI
2009-03-03,2010-04-06,276,2011-08-19,500,2011-08-19,True,0.0295741801142422,0.2413984677225808,17.559261359962075,-6.356116764859547,-0.0568081206765876,0.074583888321023,0.0937545677387964,0.1,6.0,2.221722886560013,1.129921261110874,True,275,0.0769230769230769,2011-02-17,183,183,0,0,Low CI
2009-06-24,2010-04-07,201,2011-08-18,498,2011-08-20,True,0.0212957688553418,0.0911554639991699,7.779880257683877,-0.0072380829265049,-0.0006246484551662,0.0008836718275246,0.0010821559921297,0.9,6.0,2.186123710316704,1.0032864456435635,True,200,0.0769230769230769,2011-02-17,182,182,0,0,Low CI
2009-03-04,2010-04-07,276,2011-08-13,493,2011-08-20,True,0.0294675796091832,0.2396613564545009,17.3024598098163,-6.2259605313371935,-0.0515293028497098,0.075525187896102,0.0914293336895694,0.1,6.0,2.169530211531838,1.1349312596757757,True,275,0.0769230769230769,2011-02-17,177,177,0,0,Low CI
2009-03-05,2010-04-08,276,2011-07-20,468,2011-08-21,True,0.0294743930904813,0.2397721980624105,16.45615119317609,-5.802586622974083,-0.0296957758246972,0.0799998102273762,0.0853335147421391,0.1,6.0,1.926229646345084,1.13331529050228,True,275,0.0384615384615384,2011-02-17,153,153,0,0,Low CI
2009-03-06,2010-04-09,276,2011-07-26,473,2011-08-22,True,0.0293222954754558,0.2373039752981823,16.56006604176347,-5.85214648614285,-0.0341435794993302,0.0783968724997534,0.0855093774902477,0.1,6.0,1.981545520263449,1.140644191687296,True,275,0.0384615384615384,2011-02-17,159,159,0,0,Low CI
2009-03-09,2010-04-12,276,2011-06-01,415,2011-08-25,True,0.0290149098947963,0.2323547389520698,14.635683482422312,-4.881325942649904,0.0136302360906113,0.0702601541345302,0.0715700537577955,0.1,6.0,1.379179805076444,1.1367244832988124,True,275,0.0384615384615384,2011-02-17,104,104,0,1,Low CI
2009-03-10,2010-04-13,276,2011-04-14,366,2011-08-26,True,0.0284550112700361,0.2234737959202961,13.080207159783654,-4.089131934837978,0.0428793058153549,0.0427255887815698,0.0605318990610615,0.1,6.0,0.7836025082623661,1.1258889935902692,True,275,0.0384615384615384,2011-02-17,56,56,1,1,Low CI
2009-03-11,2010-04-14,276,2011-03-10,330,2011-08-27,True,0.0282795562206155,0.2207263908096474,12.10009177607694,-3.587311281260507,0.0513535229282537,0.0167068391503438,0.0540028035525763,0.1,6.0,0.3145303004519221,1.107137359936,True,275,0.0384615384615384,2011-02-17,21,21,1,1,Low CI
2009-03-12,2010-04-15,276,2011-03-03,322,2011-08-28,True,0.0280755678348481,0.2175535525527685,11.893330969381894,-3.479742066424292,0.0509900275689549,0.0116593561740456,0.0523060560344215,0.1,6.0,0.2247949020416,1.1087760290874498,True,275,0.0384615384615384,2011-02-17,14,14,1,1,Low CI
2009-03-13,2010-04-16,276,2011-02-15,305,2011-08-29,True,0.0278804656525972,0.21454042074156,11.417511942436072,-3.2332760561830782,0.0490771696009529,-0.0011385616566017,0.0490903748069475,0.1,6.0,-0.0231952549208246,1.0977291267715374,True,275,0.0384615384615384,2011-02-17,-2,2,1,1,Low CI
2009-03-16,2010-04-19,276,2011-02-11,298,2011-09-01,True,0.0277335598696166,0.2122854946794846,11.2391240630281,-3.139068495512616,0.0474279708018264,-0.0046222867165485,0.0476526803954288,0.1,6.0,-0.0971522689597868,1.0978985405312538,True,275,0.0769230769230769,2011-02-17,-6,6,1,1,Low CI
2009-02-06,2010-04-19,301,2011-03-15,330,2011-09-01,True,0.0356100241088303,0.381690218926476,9.769269153317689,-2.053854463942443,0.030596919360393,-0.0017647876853028,0.0306477723484202,0.1196027076610535,7.989840063597545,-0.0576147721627883,1.0031680202859257,True,300,0.0769230769230769,2011-02-17,26,26,1,1,Low CI
2009-03-17,2010-04-20,276,2011-01-31,286,2011-09-02,True,0.027664138577108,0.2112240594469085,10.94277017153237,-2.984973987025316,0.0440836008528611,-0.0122219664861234,0.0457464788693326,0.1,6.0,-0.270452349710877,1.087505916958623,True,275,0.0769230769230769,2011-02-17,-17,17,1,1,Low CI
2009-02-09,2010-04-20,301,2010-12-18,242,2011-09-02,True,0.0347341118076585,0.3631440154431453,6.740389102621903,-0.181378485979603,0.0017272404389396,0.0089532326657532,0.0091183186334444,0.3260935520958004,6.405858928311826,1.3802194881379029,1.0125951650258724,True,300,0.0769230769230769,2011-02-17,-61,61,0,1,Low CI
2009-03-18,2010-04-21,276,2011-01-19,273,2011-09-03,True,0.0275584575608496,0.2096133289447496,10.61322188512512,-2.812882811218278,0.0388667651966434,-0.0198272027050034,0.0436319080943787,0.1,6.0,-0.4717207658597822,1.07447467311225,True,275,0.0769230769230769,2011-02-17,-29,29,1,1,Low CI
2009-02-10,2010-04-21,301,2011-01-15,269,2011-09-03,True,0.0337209918868088,0.3422686934428993,9.4079828405535,-1.867251221379723,0.009468914632306,0.0341977286111263,0.0354844330161008,0.1237979368930019,6.311073105265543,1.300676413399142,1.0322266753462257,True,300,0.0769230769230769,2011-02-17,-33,33,1,1,Low CI
2009-07-09,2010-04-22,201,2011-09-04,500,2011-09-04,True,0.020792864885368,0.0869009892583752,7.808327964956381,-0.0071816450785214,-0.0007267194335395,0.000787816055026,0.0010718093448187,0.9,6.0,2.315876179511915,1.005073119567127,True,200,0.1153846153846153,2011-02-17,199,199,0,0,Medium CI
2009-03-19,2010-04-22,276,2011-01-22,275,2011-09-04,True,0.027411259070821,0.2073800861819559,10.579404320478217,-2.7931340096914083,0.0385999246673818,-0.0189742645377359,0.0430113577915826,0.1,6.0,-0.4568746260733167,1.082324201910388,True,275,0.1153846153846153,2011-02-17,-26,26,1,1,Medium CI
2009-02-11,2010-04-22,301,2011-01-09,262,2011-09-04,True,0.033002478145198,0.3278382326810076,8.036775498247472,-0.8165767598218625,0.0194927358048495,-0.0149885018748445,0.0245890613405611,0.1905685897349292,6.0,-0.6555051093348813,1.054763602497205,True,300,0.1153846153846153,2011-02-17,-39,39,1,1,Medium CI
2009-07-10,2010-04-23,201,2011-08-10,474,2011-09-05,True,0.0206562518069805,0.0857628284813905,7.484323978547885,-0.0063988850816165,-0.0004539797391985,0.0008352090123665,0.0009506164830997,0.9,6.0,2.0686757770512973,1.009695055058001,True,200,0.1153846153846153,2011-02-17,174,174,0,0,Medium CI
2009-03-20,2010-04-23,276,2010-12-24,245,2011-09-05,True,0.0272582930246138,0.2050720126579362,7.218875329973722,-0.3962717047226392,0.0089953076365102,-0.0123894353595272,0.0153105737320115,0.2484188876728802,6.0,-0.9428024502125582,1.0716055651745573,True,275,0.1153846153846153,2011-02-17,-55,55,1,1,Medium CI
2009-02-12,2010-04-23,301,2011-02-04,287,2011-09-05,True,0.0322123601351631,0.3123284797887115,10.189240780850229,-2.3175820520043464,0.0408896790844715,-0.0104284628829166,0.0421985626974596,0.1172286922582704,6.0,-0.2497155999888776,1.0730504223787372,True,300,0.1153846153846153,2011-02-17,-13,13,1,1,Medium CI
2009-07-13,2010-04-26,201,2011-08-13,474,2011-09-08,True,0.0202037209854139,0.0820462586729474,7.4166444502613,-0.0061512503115368,-0.0004555498787656,0.0007836396689222,0.0009064308152043,0.9,6.0,2.09737154271186,1.0179348840016127,True,200,0.1153846153846153,2011-02-17,177,177,0,0,Medium CI
2009-03-23,2010-04-26,276,2011-01-07,256,2011-09-08,True,0.0270716323314418,0.2022730244764998,9.722782995853512,-2.203274701576302,0.0279593931900408,-0.0250758252226765,0.0375569524609428,0.1095153512704669,6.0,-0.7310808318377432,1.070784444590709,True,275,0.1153846153846153,2011-02-17,-41,41,1,1,Medium CI
2009-02-13,2010-04-26,301,2011-02-19,299,2011-09-08,True,0.0314852231732267,0.2983871027586364,9.139839929608849,-1.3852645520633922,0.0337193969939479,-0.000713565629906,0.0337269463418147,0.1597314625939493,6.0,-0.0211587158915547,1.0934398998460275,True,300,0.1153846153846153,2011-02-17,2,2,1,1,Medium CI
2009-07-14,2010-04-27,201,2011-08-30,490,2011-09-09,True,0.0200938884978956,0.0811566353481386,7.43795698327681,-0.0060680714700354,-0.0005627246288803,0.0006832793730507,0.0008851721355675,0.9,6.0,2.2597416173627205,1.0282866845122332,True,200,0.1153846153846153,2011-02-17,194,194,0,0,Medium CI
2009-03-24,2010-04-27,276,2010-10-25,181,2011-09-09,True,0.0271585830506004,0.2035744627953151,5.8403254197382655,-0.0033071093540239,-0.0001983144024704,-0.0003528174042223,0.0004047329032206,0.8073028903141738,6.0,-2.082872701348843,1.099424220617019,True,275,0.1153846153846153,2011-02-17,-115,115,0,1,Medium CI
2009-02-17,2010-04-27,301,2011-03-26,333,2011-09-09,True,0.0307152813046493,0.283971980192746,9.7287374597939,-1.6096508386063206,0.0337111181440578,0.0170595129782724,0.037781827239805,0.157660698012013,6.0,0.4684759257227159,1.119491800293018,True,300,0.1153846153846153,2011-02-17,37,37,1,1,Medium CI
2009-07-15,2010-04-28,201,2011-09-04,494,2011-09-10,True,0.020217459443203,0.0821578789338491,7.341978729298598,-0.0057277601527722,-0.0005501411520442,0.0006161746180575,0.0008260305364275,0.9,6.0,2.2996377271613406,1.0401116968769115,True,200,0.1153846153846153,2011-02-17,199,199,0,0,Medium CI
2009-03-25,2010-04-28,276,2010-10-21,176,2011-09-10,True,0.0272819214559366,0.2054276937784998,5.7894603376787845,-0.0016690186871451,-0.0001288859443996,-0.0001817276708274,0.0002227925784405,0.9,6.0,-2.1876872735194577,1.1237035130352266,True,275,0.1153846153846153,2011-02-17,-119,119,0,1,Medium CI
2009-02-18,2010-04-28,301,2011-05-24,391,2011-09-10,True,0.0304371680158122,0.2788527802436582,13.787293338164485,-4.438197988002194,0.0232462206273185,0.0604526983404507,0.0647681674134409,0.1,6.0,1.2036919114709828,1.1420728641976794,True,300,0.1153846153846153,2011-02-17,96,96,0,1,Medium CI
2009-07-16,2010-04-29,201,2011-09-02,491,2011-09-11,True,0.0203468805764112,0.083213105387339,7.225511921774865,-0.0053897914464871,-0.000491554372628,0.0005930932322304,0.0007703150546154,0.9,6.0,2.262851923800968,1.0495299450906022,True,200,0.1153846153846153,2011-02-17,197,197,0,0,Medium CI
2009-03-26,2010-04-29,276,2010-10-16,170,2011-09-11,True,0.0273066139146726,0.2057997211218589,5.778751678514198,-0.001631718900289,-0.0001492301105292,-0.0001638333061278,0.0002216099683799,0.9,6.0,-2.309582151861488,1.104453183368014,True,275,0.1153846153846153,2011-02-17,-124,124,0,0,Medium CI
2009-02-19,2010-04-29,301,2011-06-20,417,2011-09-11,True,0.030060211347395,0.2719885081812675,12.386783588389616,-3.016514029111157,0.0034283363492579,0.057285879120537,0.0573883737070186,0.1311473277443818,6.0,1.511021522790709,1.1489195704837318,True,300,0.1153846153846153,2011-02-17,123,123,0,0,Medium CI
2009-06-12,2010-04-30,226,2011-09-09,497,2011-09-12,True,0.0234708941415808,0.124499529027996,6.367776137770953,-0.0026277247149884,-0.0001469352311777,0.0001799525503186,0.0002323206459346,0.9,9.890739888230186,2.255530830684027,1.0292142438991645,True,225,0.1153846153846153,2011-02-17,204,204,0,0,Medium CI
2009-03-27,2010-04-30,276,2010-11-21,205,2011-09-12,True,0.0273829019166293,0.2069512355957046,5.8128167087921145,-0.0016535931480669,-3.2543224167696616e-05,0.0001973675943788,0.0002000325692234,0.9,6.578280085518552,1.7342123151947906,1.1309882676587069,True,275,0.1153846153846153,2011-02-17,-88,88,0,1,Medium CI
2009-02-20,2010-04-30,301,2011-09-09,497,2011-09-12,True,0.0296352103900411,0.2643519541534629,17.25025503912559,-6.176576198650212,-0.0630996851791515,0.0629930769177833,0.0891610790046744,0.1,6.0,2.3570399648587186,1.1545725757622691,True,300,0.1153846153846153,2011-02-17,204,204,0,0,Medium CI
2009-06-15,2010-05-03,226,2011-09-12,497,2011-09-15,True,0.0231727402496071,0.1213565512927222,6.768448921797568,-0.003877875494788,0.0004078908965082,-0.0001735925355356,0.0004432937534502,0.9,7.525601612114901,-0.4023666418535085,1.046173066587016,True,225,0.1153846153846153,2011-02-17,207,207,0,0,Medium CI
2009-03-30,2010-05-03,276,2010-12-14,225,2011-09-15,True,0.027351261431918,0.206473254529128,5.829882118389874,-0.0016378121453601,9.68065317802598e-05,-0.000156766626069,0.0001842478755492,0.9,7.102468252173358,-1.0175939567482477,1.1264056149580597,True,275,0.1153846153846153,2011-02-17,-65,65,0,1,Medium CI
2009-02-23,2010-05-03,301,2011-09-14,499,2011-09-15,True,0.0294975267201434,0.2619013288642779,8.402821478098826,-0.2456316669349727,-0.0094902734535286,0.0092813239686118,0.0132743461169686,0.3837733967205921,6.0,2.3673251814739773,1.1835724126714118,True,300,0.1153846153846153,2011-02-17,209,209,0,0,Medium CI
2009-06-16,2010-05-04,226,2011-09-14,498,2011-09-16,True,0.0235145154637237,0.1249627308735766,7.263425336866767,-0.0054579039034913,-0.00052846544714,0.0005768315357031,0.0007823109032875,0.9,6.0,2.3124639324955787,1.046496453115095,True,225,0.1153846153846153,2011-02-17,209,209,0,0,Medium CI
2009-03-31,2010-05-04,276,2011-04-18,349,2011-09-16,True,0.0270596557255738,0.2020940911642972,5.938074630898876,-0.001660803140638,-9.466685780285162e-05,-9.961652044525536e-05,0.0001374236701295,0.9,9.591284095294103,-2.3307234888126627,1.1340243212408463,True,275,0.1153846153846153,2011-02-17,60,60,1,1,Medium CI
2009-02-24,2010-05-04,301,2011-09-12,496,2011-09-16,True,0.029580858199722,0.2633831787214505,6.571954096503262,-0.0033703885385197,-0.0002562933916895,0.0003074789357793,0.0004002868953285,0.896890595141784,6.0,2.265651567612159,1.2586263408611138,True,300,0.1153846153846153,2011-02-17,207,207,0,0,Medium CI
2009-06-17,2010-05-05,226,2011-09-17,500,2011-09-17,True,0.0239587153665085,0.1297285294950221,7.240288169002113,-0.0053785859636784,-0.0005239843957911,0.0005669578729549,0.0007720109304525,0.9,6.0,2.316823689117784,1.0450472431508764,True,225,0.1153846153846153,2011-02-17,212,212,0,0,Medium CI
2009-04-01,2010-05-05,276,2011-08-08,460,2011-09-17,True,0.0271306172491749,0.2031554282806585,6.033188731822229,-0.0016770331719917,8.035032977792966e-05,7.915367032251339e-05,0.0001127895341817,0.9,11.731397767505342,0.7778959251851163,1.140684654789806,True,275,0.1153846153846153,2011-02-17,172,172,0,0,Medium CI
2009-02-25,2010-05-05,301,2011-09-17,500,2011-09-17,True,0.0297700706660329,0.2667633893456396,6.567653881814037,-0.0032764991623057,-0.0002586064911652,0.0002962417789782,0.00039323848856,0.9,6.0,2.2884683567251387,1.2498137609710755,True,300,0.1153846153846153,2011-02-17,212,212,0,0,Medium CI
2009-06-18,2010-05-06,226,2011-09-18,500,2011-09-18,True,0.0247229618905623,0.1381368148891362,7.178840289377972,-0.0051962190634863,-0.0004958303937521,0.0005561729517031,0.0007451014236831,0.9,6.0,2.298897609683944,1.046076191439984,True,225,0.1153846153846153,2011-02-17,213,213,0,0,Medium CI
2009-04-02,2010-05-06,276,2011-07-01,421,2011-09-18,True,0.02743935072828,0.2078053592755199,5.9879061015179325,-0.0016316549317239,4.209975132129704e-05,0.0001105577208527,0.0001183021500289,0.9,10.940261863310504,1.20695541341907,1.1346200990306057,True,275,0.1153846153846153,2011-02-17,134,134,0,0,Medium CI
2009-02-26,2010-05-06,301,2011-09-18,500,2011-09-18,True,0.0300834639379699,0.2724094555546481,6.550820388922199,-0.0032290669082527,-0.0002516164372752,0.0002986018267235,0.0003904790422413,0.9,6.0,2.27100706288382,1.2404251799473185,True,300,0.1153846153846153,2011-02-17,213,213,0,0,Medium CI
2009-06-19,2010-05-07,226,2011-09-19,500,2011-09-19,True,0.0261232985005762,0.1542284397483471,7.088669888157378,-0.0049303490212305,-0.0004535307379481,0.0005411200029946,0.0007060460239281,0.9,6.0,2.2683607392041,1.0474562962199014,True,225,0.1538461538461538,2011-02-17,214,214,0,0,High CI
2009-04-03,2010-05-07,276,2011-08-06,456,2011-09-19,True,0.0284707721332803,0.2237214229787874,6.017357618497446,-0.0016392604146587,-0.0001003759216982,5.360685301239384e-05,0.0001137937623363,0.9,11.068548351819976,2.651069069864273,1.171335586283757,True,275,0.1538461538461538,2011-02-17,170,170,0,0,High CI
2009-02-27,2010-05-07,301,2011-09-19,500,2011-09-19,True,0.0306999343685964,0.2836882770410756,6.526989632525932,-0.0031637799442792,-0.0002411398880206,0.000303218028359,0.0003874140140942,0.9,6.0,2.242645827569925,1.2249608284084563,True,300,0.1538461538461538,2011-02-17,214,214,0,0,High CI
2009-01-22,2010-05-07,326,2011-09-19,500,2011-09-19,True,0.0389831790532227,0.4954183692051736,6.095458395024789,-0.0017708622981689,-0.0001162754014072,-6.232395893227554e-05,0.0001319251485859,0.9,12.052475465752968,-2.6495592052851693,1.0023593670595985,True,325,0.1538461538461538,2011-02-17,214,214,0,0,High CI
2009-06-22,2010-05-10,226,2011-09-22,500,2011-09-22,True,0.0262924845754482,0.1562326124039418,7.080195219670832,-0.0048936437073446,-0.0004569376210195,0.0005336346461742,0.0007025367784681,0.9,6.0,2.2789216732703514,1.044851427852937,True,225,0.1538461538461538,2011-02-17,217,217,0,0,High CI
2009-04-06,2010-05-10,276,2011-09-08,486,2011-09-22,True,0.0286134161008216,0.2259688123446178,6.0412464551453375,-0.0016372956791988,9.797157542512812e-05,-4.720304182162773e-05,0.0001087499735562,0.9,11.4769957598375,-0.4489846763419532,1.180625730420947,True,275,0.1538461538461538,2011-02-17,203,203,0,0,High CI
2009-03-02,2010-05-10,301,2011-09-22,500,2011-09-22,True,0.0307660406102278,0.2849113257038872,6.527353675906622,-0.0031568788505082,-0.0002465769207191,0.0003011394329901,0.0003892109144576,0.9,6.0,2.256903880807507,1.216645808188731,True,300,0.1538461538461538,2011-02-17,217,217,0,0,High CI
2009-01-23,2010-05-10,326,2011-09-22,500,2011-09-22,True,0.0391215492740788,0.4989415713389628,6.095198548219161,-0.0017651033871599,-0.000122343041422,4.937073819068124e-05,0.0001319291081372,0.9,11.913871826472455,2.758035279233023,1.0106926507396958,True,325,0.1538461538461538,2011-02-17,217,217,0,0,High CI
2009-06-23,2010-05-11,226,2011-09-23,500,2011-09-23,True,0.0266143994802228,0.1600817346905926,7.0297581525513255,-0.0047409089715363,-0.0004354201776415,0.0005216320389205,0.0006794782668532,0.9,6.0,2.2663563399598967,1.0465917460816294,True,225,0.1538461538461538,2011-02-17,218,218,0,0,High CI
2009-04-07,2010-05-11,276,2011-09-09,486,2011-09-23,True,0.0287394820746533,0.2279643610577327,6.035133899196482,-0.0016188976042157,2.8231259095678053e-05,-0.0001046682186815,0.0001084086712034,0.9,11.3483209934631,-1.3073441750883992,1.1843123471118733,True,275,0.1538461538461538,2011-02-17,204,204,0,0,High CI
2009-03-03,2010-05-11,301,2011-09-23,500,2011-09-23,True,0.0308809161168944,0.2870429250458209,6.504843910812489,-0.0030907522819644,-0.0002363360517833,0.000299446190807,0.0003814744428679,0.9,6.0,2.23894411634316,1.2153182237037865,True,300,0.1538461538461538,2011-02-17,218,218,0,0,High CI
2009-01-26,2010-05-11,326,2011-09-23,500,2011-09-23,True,0.0392740346361929,0.5028386336931926,6.092649189052766,-0.0017578075450781,5.266555769994045e-06,0.0001323200420281,0.0001324248093523,0.9,11.727268529030004,1.5310156761261504,1.018703052898758,True,325,0.1538461538461538,2011-02-17,218,218,0,0,High CI
2009-06-24,2010-05-12,226,2011-09-24,500,2011-09-24,True,0.0267824183882596,0.1621093332475759,6.989663073469821,-0.0046174159075048,-0.0004194157435542,0.000510182715198,0.0006604513372141,0.9,6.0,2.2588619709507074,1.04869556180656,True,225,0.1538461538461538,2011-02-17,219,219,0,0,High CI
2009-04-08,2010-05-12,276,2011-08-20,465,2011-09-24,True,0.028707918466474,0.2274639048190506,6.009364729111057,-0.0015871620149902,-8.903757272985636e-05,6.49497363833193e-05,0.0001102096076296,0.9,11.027008710117524,2.5113644119472944,1.1754024638114464,True,275,0.1538461538461538,2011-02-17,184,184,0,0,High CI
2009-03-04,2010-05-12,301,2011-09-24,500,2011-09-24,True,0.0308292654712464,0.2860835264584737,6.482162270169002,-0.0030228944229992,-0.0002258673481837,0.0002960044774228,0.000372336822823,0.9,6.0,2.222599670057741,1.2178063937163437,True,300,0.1538461538461538,2011-02-17,219,219,0,0,High CI
2009-01-27,2010-05-12,326,2011-09-24,500,2011-09-24,True,0.0392489109275581,0.5021955049338033,6.092107144623308,-0.0017562793825997,0.0001300983055954,2.7611237059863524e-05,0.0001329960508089,0.9,11.524998934339814,0.2091305280862899,1.0312322192282055,True,325,0.1538461538461538,2011-02-17,219,219,0,0,High CI
2009-06-25,2010-05-14,226,2011-09-26,500,2011-09-26,True,0.0272385853821047,0.1676785605977153,6.94033470451995,-0.0044645580880077,-0.0004006982637993,0.0004968690567372,0.0006383086699667,0.9,6.0,2.249455660997371,1.0491534029077587,True,225,0.1538461538461538,2011-02-17,221,221,0,0,High CI
2009-04-09,2010-05-14,276,2011-09-25,499,2011-09-26,True,0.0288743635751556,0.2301091686361965,6.031559064167017,-0.0015741292434673,0.0001008194725386,-2.761116598159292e-05,0.0001045320167691,0.9,11.47751483454393,-0.2673129294225468,1.180825448743023,True,275,0.1538461538461538,2011-02-17,220,220,0,0,High CI
2009-03-05,2010-05-14,301,2011-09-26,500,2011-09-26,True,0.0310613192816329,0.2904064722101792,6.459885809246453,-0.0029550703477606,-0.0002174732202808,0.0002938570124634,0.0003655770032609,0.9,6.0,2.207908502142921,1.2124957210388263,True,300,0.1538461538461538,2011-02-17,221,221,0,0,High CI
2009-01-28,2010-05-14,326,2011-09-26,500,2011-09-26,True,0.0393630712846354,0.5051211501927281,6.090457973835078,-0.001750683593217,-1.4831336707154e-05,-0.0001332488960293,0.0001340717600449,0.9,11.235227688725542,-1.6816455748396897,1.0459983088848184,True,325,0.1538461538461538,2011-02-17,221,221,0,0,High CI
2009-04-14,2010-05-17,276,2011-09-29,500,2011-09-29,True,0.0291524445483608,0.2345627463880897,6.027433864607942,-0.0015593749385923,-9.24679824986723e-05,-5.091325147101023e-05,0.0001055579791523,0.9,11.113235607025592,-2.638285750728957,1.1963588609816918,True,275,0.1153846153846153,2011-02-17,224,224,0,0,Medium CI
2009-03-06,2010-05-17,301,2011-09-29,500,2011-09-29,True,0.0311402509812612,0.2918842845839585,6.427717340078703,-0.0028550703205005,-0.0002052737569719,0.0002880768961406,0.0003537309901484,0.9,6.0,2.1899060538788286,1.210695585069626,True,300,0.1153846153846153,2011-02-17,224,224,0,0,Medium CI
2009-01-29,2010-05-17,326,2011-09-29,500,2011-09-29,True,0.0392598437754106,0.5024753186459068,6.090630377102309,-0.001749325734489,-7.430681028753723e-05,0.0001137157772004,0.0001358410101531,0.9,10.857464681249256,2.149588322697853,1.0674655469402998,True,325,0.1153846153846153,2011-02-17,224,224,0,0,Medium CI
2009-04-15,2010-05-18,276,2011-09-30,500,2011-09-30,True,0.0293232342563991,0.2373191705625625,6.023210468971104,-0.0015496077517087,5.938335913715652e-05,8.973907112905184e-05,0.0001076080119206,0.9,10.709434796465947,0.9862166991784936,1.2101888042458648,True,275,0.1153846153846153,2011-02-17,225,225,0,0,Medium CI
2009-03-09,2010-05-18,301,2011-09-30,500,2011-09-30,True,0.0309909916794012,0.2890929111470886,6.390934786719317,-0.0027475428126766,-0.000187203441363,0.0002840274715243,0.000340171622918,0.9,6.0,2.153544453468606,1.2115396880144609,True,300,0.1153846153846153,2011-02-17,225,225,0,0,Medium CI
2009-01-30,2010-05-18,326,2011-09-30,500,2011-09-30,True,0.0391563152020371,0.4998287485856189,6.089489769406343,-0.001748777552534,0.0001343979739391,-3.2581161286043174e-05,0.0001382908076109,0.9,10.49382790820444,-0.2378347627796173,1.0845506245215375,True,325,0.1153846153846153,2011-02-17,225,225,0,0,Medium CI
2009-04-16,2010-05-19,276,2011-09-22,491,2011-10-01,True,0.0297010281732285,0.2434736965749483,6.009105434858364,-0.0015346416203819,3.3956164180076894e-05,0.0001095800444874,0.000114720561521,0.9,9.816834493248397,1.27030430269213,1.2264130091648258,True,275,0.1153846153846153,2011-02-17,217,217,0,0,Medium CI
2009-03-10,2010-05-19,301,2011-10-01,500,2011-10-01,True,0.0308413320310665,0.2863075161965987,6.339768513092338,-0.002599778376402,-0.0001615533496476,0.0002797952928283,0.0003230865064828,0.9,6.0,2.094431186992479,1.2070041572008834,True,300,0.1153846153846153,2011-02-17,226,226,0,0,Medium CI
2009-02-02,2010-05-19,326,2011-10-01,500,2011-10-01,True,0.0391605498527048,0.4999368647137764,6.085891891900321,-0.0017441540372343,-0.0001288153041415,6.163814569502466e-05,0.000142802813648,0.9,9.985200708806833,2.695292364218419,1.1008642885848037,True,325,0.1153846153846153,2011-02-17,226,226,0,0,Medium CI
2009-04-17,2010-05-20,276,2011-09-30,498,2011-10-02,True,0.0302401735514787,0.2523931946129011,6.00608374188215,-0.0015330140234006,9.490366480443407e-05,-9.18763882499432e-05,0.0001320907881389,0.9,8.534986701056898,-0.7691918744038374,1.2238079126655226,True,275,0.1153846153846153,2011-02-17,225,225,0,0,Medium CI
2009-03-11,2010-05-20,301,2011-10-02,500,2011-10-02,True,0.0311931767933013,0.292877297815904,6.293914292043209,-0.0024690942633141,-0.0001389747075044,0.0002786373238054,0.000311372329444,0.9,6.0,2.0334559153866514,1.1894574580803683,True,300,0.1153846153846153,2011-02-17,227,227,0,0,Medium CI
2009-02-03,2010-05-20,326,2011-10-02,500,2011-10-02,True,0.0394217375940134,0.5066279267475879,6.077958383007687,-0.0017298172511869,7.495162412619048e-05,-0.0001294043116439,0.0001495433777577,0.9,9.41906822018754,-1.0458076214232594,1.1052680220950315,True,325,0.1153846153846153,2011-02-17,227,227,0,0,Medium CI
2009-03-12,2010-05-21,301,2011-10-03,500,2011-10-03,True,0.0315157899129116,0.2989667491642708,6.24719346519629,-0.0023358992231789,-0.0001159475556852,0.0002773103984628,0.0003005742716285,0.9,6.0,1.966820644098419,1.1657181487237862,True,300,0.0769230769230769,2011-02-17,228,228,0,0,Low CI
2009-02-04,2010-05-21,326,2011-10-03,500,2011-10-03,True,0.0395223952435954,0.5092184306078591,6.068620539044655,-0.0017164847037396,0.0001325898670038,9.10439520627217e-05,0.0001608386584105,0.9,8.716748033189708,0.6017156686420746,1.1018881503836233,True,325,0.0769230769230769,2011-02-17,228,228,0,0,Low CI
2009-07-03,2010-05-25,226,2011-10-07,500,2011-10-07,True,0.0311083746964573,0.2187072006336728,6.456798583458166,-0.003002660795179,-0.0001960840162371,0.0003857043000988,0.0004326855076593,0.9,6.0,2.041124747720817,1.0409387680056752,True,225,0.1153846153846153,2011-02-17,232,232,0,0,Medium CI
2009-03-13,2010-05-25,301,2011-10-07,500,2011-10-07,True,0.0320179610269717,0.3085700983257287,6.196907517555359,-0.0021864709005872,-9.630961103502958e-05,0.0002749361383548,0.0002913167028359,0.9,6.0,1.9077367028603291,1.1258215951758268,True,300,0.1153846153846153,2011-02-17,232,232,0,0,Medium CI
2009-02-05,2010-05-25,326,2011-10-07,500,2011-10-07,True,0.0394809287687674,0.5081504580809033,6.053075874905323,-0.0016956211296601,0.0001846297897998,-2.657835009795234e-05,0.0001865330211395,0.9,7.647609702286034,-0.1429726228010019,1.0697687064939692,True,325,0.1153846153846153,2011-02-17,232,232,0,0,Medium CI
2009-07-06,2010-05-26,226,2011-10-08,500,2011-10-08,True,0.031578786036714,0.2253716584268802,6.353224377575256,-0.0026933221135443,-0.0001495499774605,0.0003629853116779,0.0003925857005195,0.9,6.0,1.961604605672752,1.0290703825865737,True,225,0.1153846153846153,2011-02-17,233,233,0,0,Medium CI
2009-03-16,2010-05-26,301,2011-10-08,500,2011-10-08,True,0.032227691600211,0.3126258558693715,6.152982022598852,-0.0020615428735269,-7.480586631430984e-05,0.0002741070769163,0.0002841313204323,0.9,6.0,1.8372160816709744,1.0883398231439416,True,300,0.1153846153846153,2011-02-17,233,233,0,0,Medium CI
2009-02-06,2010-05-26,326,2011-10-08,500,2011-10-08,True,0.0391154280170987,0.4987854471212324,6.031145317759642,-0.001683367531058,8.220012864773672e-07,-0.0002332189677852,0.0002332204163895,0.9,6.479030511510715,-1.5672717511976637,1.0026396246733058,True,325,0.1153846153846153,2011-02-17,233,233,0,0,Medium CI
2009-07-07,2010-05-27,226,2011-10-09,500,2011-10-09,True,0.0315993572006437,0.2256653788616164,6.271053664692121,-0.0024441072769304,-0.0001146154156107,0.0003409848512513,0.0003597323481124,0.9,6.0,1.8950622337616907,1.0191357365085598,True,225,0.1153846153846153,2011-02-17,234,234,0,0,Medium CI
2009-06-02,2010-05-27,251,2011-10-09,500,2011-10-09,True,0.0317038999549343,0.2522894553604736,6.097034290842655,-0.0019147503575357,-3.3175268724812733e-05,0.0002847471579749,0.0002866732328449,0.9,6.0,1.686781230600412,1.0018813084851923,True,250,0.1153846153846153,2011-02-17,234,234,0,0,Medium CI
2009-03-17,2010-05-27,301,2011-10-09,500,2011-10-09,True,0.0322934676256459,0.313903283437882,6.127098746234443,-0.0019870547414548,-6.291088431920007e-05,0.0002734004337754,0.0002805451417408,0.9,6.0,1.796964706302442,1.0624251390298882,True,300,0.1153846153846153,2011-02-17,234,234,0,0,Medium CI
2009-07-08,2010-05-28,226,2011-10-10,500,2011-10-10,True,0.0315093618796909,0.2243818142507629,6.18085581242504,-0.0021698341962389,-7.648055495738582e-05,0.000315757078725,0.0003248873774888,0.9,6.0,1.8084329839074504,1.0018090944361049,True,225,0.0769230769230769,2011-02-17,235,235,0,0,Low CI
2009-03-18,2010-05-28,301,2011-10-10,500,2011-10-10,True,0.0323169924907249,0.3143607890973178,6.098354161015825,-0.0019041917743362,-4.946550566066216e-05,0.0002721201797122,0.0002765795156132,0.9,6.0,1.750611085527857,1.0327184409051655,True,300,0.0769230769230769,2011-02-17,235,235,0,0,Low CI
2009-03-19,2010-05-31,301,2011-10-13,500,2011-10-13,True,0.032240745899689,0.3128791745466634,6.070153742618644,-0.0018186921728263,-3.993500348312872e-05,0.0002697996503139,0.0002727391717607,0.9,6.0,1.717746597166517,1.0002370549223345,True,300,0.0384615384615384,2011-02-17,238,238,0,0,Low CI
2010-06-16,2010-12-09,126,2011-02-12,65,2012-04-22,True,0.0178129542862741,0.0399799688910165,5.646164274169964,-0.0009175160062616,5.110463473180156e-05,-1.0367630886510538e-05,5.214567538415612e-05,0.9,12.25158239893087,-0.2001542781936015,1.2925450142081492,True,125,0.0384615384615384,2011-02-17,-5,5,1,1,Low CI
2010-06-17,2010-12-10,126,2011-02-26,78,2012-04-23,True,0.0177816845338755,0.039839726412646,6.337736279098371,-0.4673548517187305,-2.3439968263747057e-05,-0.0047079578145279,0.0047080161655932,0.1,6.0,-1.57577508308586,1.6544649072299895,True,125,0.0769230769230769,2011-02-17,9,9,1,1,Low CI
2010-05-11,2010-12-10,151,2011-04-27,138,2012-04-23,True,0.0189299256978875,0.054109655126059,6.698009215229069,-0.6629442954965131,0.001571041704868,0.003803097051376,0.0041148170336747,0.1,7.264869931096073,1.1790520768550976,2.217678907041115,True,150,0.0769230769230769,2011-02-17,69,69,0,1,Low CI
2010-06-18,2010-12-13,126,2011-04-05,113,2012-04-26,True,0.0176751802040126,0.0393639114007844,6.596350159921495,-0.6101599825328721,-0.0004463686180003,-0.0041126789619051,0.0041368312978453,0.1,6.866387983999422,-1.6789078999750662,2.148065752045929,True,125,0.0769230769230769,2011-02-17,47,47,1,1,Low CI
2010-05-12,2010-12-13,151,2011-04-16,124,2012-04-26,True,0.0187620445762194,0.053154161818687,6.678768796349991,-0.6552046444893369,-0.0006529890099475,-0.0040568310791291,0.0041090477061845,0.1,6.757010406143423,-1.7303878414557643,2.3598325981941675,True,150,0.0769230769230769,2011-02-17,58,58,1,1,Low CI
2010-06-21,2010-12-14,126,2011-04-13,120,2012-04-27,True,0.0174878118218015,0.0385337688516573,6.728020560269687,-0.6857873083466943,-0.0047086464018563,-0.0006127185467042,0.004748344443613,0.1,6.501267522839695,-3.012193489718106,2.2215146988499344,True,125,0.0769230769230769,2011-02-17,55,55,1,1,Low CI
2010-05-14,2010-12-14,151,2011-04-18,125,2012-04-27,True,0.0183199584934811,0.0506787527596334,6.752926423773253,-0.6988981833996472,0.0030118654433431,0.003353552823704,0.0045075103982329,0.1,6.0,0.8390253961381755,2.584198820978229,True,150,0.0769230769230769,2011-02-17,60,60,1,1,Low CI
2010-06-22,2010-12-15,126,2011-04-10,116,2012-04-28,True,0.0170291505207628,0.0365389878998086,6.818862680391527,-0.7411306470424155,0.0046016551376072,0.0043082195880286,0.0063036486279091,0.1,6.0,0.752476316820014,1.9595282319541376,True,125,0.0769230769230769,2011-02-17,52,52,1,1,Low CI
2010-05-17,2010-12-15,151,2011-07-07,204,2012-04-28,True,0.0182591983958378,0.0503431472348437,7.286252132937271,-0.9788107565049416,0.0032989649406751,-0.0022412365138011,0.0039882716545641,0.1,7.566443786851974,-0.596749612007534,3.2435619081306024,True,150,0.0769230769230769,2011-02-17,140,140,0,0,Low CI
2010-06-23,2010-12-16,126,2012-03-18,458,2012-04-29,True,0.0165584190485919,0.0345468364149854,11.422676694221924,-1.924290071522202,-0.0232027397329809,0.0374513854018172,0.0440564796554593,0.177565447868441,6.113859864385837,2.125461803776202,1.2685387214568768,True,125,0.0769230769230769,2011-02-17,395,395,0,0,Low CI
2010-05-18,2010-12-16,151,2011-05-02,137,2012-04-29,True,0.018179188154832,0.0499029151772866,6.936556184044882,-0.8012920835982558,-2.892126869288858e-05,0.0051491252588115,0.0051492064797126,0.1,6.0,1.5764130020769629,2.593577886726404,True,150,0.0769230769230769,2011-02-17,74,74,0,1,Low CI
2010-06-24,2010-12-17,126,2012-04-06,476,2012-04-30,True,0.0161364003831829,0.0328083105831249,7.42924118062094,-0.0288037113909212,-0.0017837684887339,-0.001701411670507,0.002465082492319,0.662044357788699,6.366487838497767,-2.379820670227532,1.2150780298610648,True,125,0.0769230769230769,2011-02-17,414,414,0,0,Low CI
2010-05-19,2010-12-17,151,2012-04-14,484,2012-04-30,True,0.0179204890163203,0.0484927329141926,7.499124096990942,-0.2347014035299867,-0.0055893512381464,-0.0045106171559858,0.0071823752610987,0.3330206003734113,6.322334189232168,-2.462596809326704,1.7212392690312217,True,150,0.0769230769230769,2011-02-17,422,422,0,0,Low CI
2010-06-25,2010-12-20,126,2012-04-27,494,2012-05-03,True,0.0159651480666864,0.0321156300516939,7.410355279153157,-0.0061935736141008,-0.0001816252344766,0.0007827449739245,0.0008035405528053,0.9,6.0,1.7987978284199082,1.1561781653354102,True,125,0.0769230769230769,2011-02-17,435,435,0,0,Low CI
2010-05-20,2010-12-20,151,2012-04-21,488,2012-05-03,True,0.0179130698089564,0.0484525885670628,8.982370400633187,-0.8345004443314774,-0.0148076762741032,0.0129725550990794,0.0196864029837167,0.2221161004105431,6.083299645784919,2.4221571812068983,1.5477507830199302,True,150,0.0769230769230769,2011-02-17,429,429,0,0,Low CI
2010-06-28,2010-12-21,126,2012-04-29,495,2012-05-04,True,0.015872885193016,0.0317455090281841,7.66271027773158,-0.0070251263572563,-0.0002321601319903,0.0009049523457606,0.0009342574992921,0.9,6.0,1.8219245410805245,1.1279213218913382,True,125,0.0769230769230769,2011-02-17,437,437,0,0,Low CI
2010-05-21,2010-12-21,151,2011-08-30,252,2012-05-04,True,0.0179298363064958,0.0485433335266382,8.432342016129555,-1.6027493886092523,0.0016082946321177,-0.0125018830592316,0.0126049074431509,0.1,6.0,-1.4428548297139494,2.119213483369836,True,150,0.0769230769230769,2011-02-17,194,194,0,0,Low CI
2010-06-29,2010-12-22,126,2012-04-26,491,2012-05-05,True,0.0156124539366594,0.0307123384584632,7.901218472574432,-0.0078648984996449,-0.0002348246218334,0.0010414818625909,0.0010676268417032,0.9,6.0,1.792559635912414,1.1050066641867926,True,125,0.0769230769230769,2011-02-17,434,434,0,0,Low CI
2010-05-25,2010-12-22,151,2011-05-02,131,2012-05-05,True,0.0178450099302133,0.0480851012908212,6.9890506028685975,-0.8319745684838882,-0.0009699845341577,0.0053804365416727,0.0054671717894604,0.1,6.0,1.7491603626801189,2.536273477778012,True,150,0.0769230769230769,2011-02-17,74,74,0,1,Low CI
2010-06-30,2010-12-23,126,2012-04-30,494,2012-05-06,True,0.0156216390329587,0.0307484863655837,8.022777209963541,-0.0082173395703489,-0.0002995189364807,0.0010811180705138,0.0011218412881072,0.9,6.0,1.841063260913804,1.0987302291502687,True,125,0.0769230769230769,2011-02-17,438,438,0,0,Low CI
2010-05-26,2010-12-23,151,2011-06-09,168,2012-05-06,True,0.0174265779594351,0.0458565285258166,7.051100768668727,-0.8525734145277821,0.0029378770158972,0.0001765732734661,0.0029431784657815,0.1,10.107634383384134,0.0600301240634941,2.865930568436103,True,150,0.0769230769230769,2011-02-17,112,112,0,1,Low CI
2010-07-01,2010-12-27,126,2012-05-03,493,2012-05-10,True,0.0156406461014555,0.0308233561193431,7.984396619697152,-0.008058060291471,-0.0003177708485489,0.0010491300743644,0.0010961989897475,0.9,6.0,1.8649022445507808,1.1026365240484592,True,125,0.0769230769230769,2011-02-17,441,441,0,0,Low CI
2010-05-27,2010-12-27,151,2011-03-28,91,2012-05-10,True,0.0171334749395319,0.0443269504890388,6.583565025065876,-0.604809439690465,0.0038180444324293,0.0001608332897233,0.0038214304435758,0.1,7.215191101481151,0.042099630364092,2.193535985360285,True,150,0.0769230769230769,2011-02-17,39,39,1,1,Low CI
2010-07-02,2010-12-28,126,2012-05-01,490,2012-05-11,True,0.0154420083255896,0.030045408262075,7.721661862226488,-0.0071989307607048,-0.0002608976311817,0.0009249224236449,0.0009610146011989,0.9,6.0,1.84572827703586,1.1236453772487676,True,125,0.0769230769230769,2011-02-17,439,439,0,0,Low CI
2010-05-28,2010-12-28,151,2011-03-01,63,2012-05-11,True,0.0170860169571681,0.0440817282945562,6.407991111969292,-0.5090234379012608,0.0018796272976503,-0.0040319998229877,0.0044485976836128,0.1,6.0,-1.1345709913154125,1.907055788899996,True,150,0.0769230769230769,2011-02-17,12,12,1,1,Low CI
2010-07-05,2010-12-29,126,2012-05-07,495,2012-05-12,True,0.0151404437574113,0.0288833626835882,7.450705659229295,-0.0124742017579639,0.0012540970859371,-3.87626468789648e-05,0.0012546959965461,0.7894154731989398,6.674874838930744,-0.0308989713491725,1.1758089452086236,True,125,0.0769230769230769,2011-02-17,445,445,0,0,Low CI
2010-05-31,2010-12-29,151,2011-03-06,67,2012-05-12,True,0.0170802192966963,0.0440518175747088,6.439857991287711,-0.5262687112228404,0.0040092636517143,0.0013166946226733,0.0042199383595421,0.1,6.242150744731788,0.3173158090191363,1.9978698387120104,True,150,0.0769230769230769,2011-02-17,17,17,1,1,Low CI
2010-07-06,2010-12-30,126,2012-04-24,481,2012-05-13,True,0.0146303776299442,0.0269700416489414,9.312948704711712,-0.4086796612365354,-0.0118909314180931,0.0152791942832371,0.0193609924315542,0.3494380248528181,6.056126674913974,2.2321295205178058,1.2179532560566482,True,125,0.0769230769230769,2011-02-17,432,432,0,0,Low CI
2010-06-01,2010-12-30,151,2011-02-23,55,2012-05-13,True,0.0171268119762948,0.044292480959175,5.923881008882948,-0.1185569835574494,0.0002193186485436,-0.0021837033847524,0.0021946893042475,0.2209245844493743,6.0,-1.4706977256029352,1.989055449694672,True,150,0.0769230769230769,2011-02-17,6,6,1,1,Low CI
2010-07-07,2011-01-03,126,2011-01-28,25,2012-05-17,True,0.014259631452726,0.0256204732351143,5.843031960285953,-0.1056647916638811,-0.0025644039516383,0.0007247469776397,0.0026648500537133,0.1990582403171785,6.0,2.866157839242628,1.3154866170164663,True,125,0.0769230769230769,2011-02-17,-20,20,1,1,Low CI
2010-06-02,2011-01-03,151,2011-02-26,54,2012-05-17,True,0.0171706923574365,0.0445197340810933,5.829077495186743,-0.0561498249912911,0.0005643729241111,0.0011491003946743,0.0012802142455505,0.3069550811030448,6.487799932987022,1.1142591734385352,2.0751195853529065,True,150,0.0769230769230769,2011-02-17,9,9,1,1,Low CI
2010-07-08,2011-01-04,126,2011-01-26,22,2012-05-18,True,0.0140323937093267,0.0248104172249075,5.887359026848739,-0.1471488023986125,-0.0029299669380183,0.0018049439524491,0.0034412975647803,0.1616990008632305,6.0,2.589470580139842,1.1523664101583853,True,125,0.0769230769230769,2011-02-17,-22,22,1,1,Low CI
2010-06-03,2011-01-04,151,2011-02-24,51,2012-05-18,True,0.0171613246093812,0.0444711704146319,5.800309033091148,-0.0432484101924646,0.0004111822765922,0.0010217981610807,0.0011014274132105,0.3367544383577195,6.531674933067568,1.1882136884641687,2.0244312457581177,True,150,0.0769230769230769,2011-02-17,7,7,1,1,Low CI
2010-07-09,2011-01-05,126,2011-01-25,20,2012-05-19,True,0.0139150718502313,0.0243972822992346,5.921032633839705,-0.1793249756578168,-0.0030732349823269,0.0025399378131666,0.0039869859983892,0.1414369907310003,6.0,2.450918314378731,1.0602488918612685,True,125,0.0769230769230769,2011-02-17,-23,23,1,1,Low CI
2010-06-04,2011-01-05,151,2011-02-28,54,2012-05-19,True,0.0171651585874209,0.0444910430690279,5.799849046053175,-0.0398953281209269,-0.0008467440555871,0.0004923858006994,0.000979499500971,0.3503009209931021,6.766898047697378,2.6148835252204328,2.1084799135603305,True,150,0.0769230769230769,2011-02-17,11,11,1,1,Low CI
2010-07-12,2011-01-06,126,2011-01-24,18,2012-05-20,True,0.0138413320160672,0.024139391469355,5.9524718971393,-0.2093025165982446,-0.0031544181909352,0.0030941619517535,0.004418618823454,0.126962274159827,6.0,2.365837380280239,1.0023314432417918,True,125,0.0769230769230769,2011-02-17,-24,24,1,1,Low CI
2010-06-07,2011-01-06,151,2011-03-01,54,2012-05-20,True,0.0171375309921414,0.044347940244498,5.807420656144575,-0.0433958934712287,-0.0009704718306645,-0.0003797347450583,0.0010421199790417,0.3394494745859771,6.944456430086479,-2.7686184267531,2.0354844814907183,True,150,0.0769230769230769,2011-02-17,12,12,1,1,Low CI
2010-06-08,2011-01-07,151,2011-02-23,47,2012-05-21,True,0.0169978399332313,0.0436279109217587,5.785823161549933,-0.0350514099921915,-0.0009292050364841,-0.0001670561925122,0.0009441026275168,0.3660078193889687,12.727859736764245,-2.963708950479192,1.067631230982871,True,150,0.0384615384615384,2011-02-17,6,6,1,1,Low CI
2010-07-15,2011-01-10,126,2011-02-07,28,2012-05-24,True,0.013920509015412,0.024416351977269,6.068891074921758,-0.286853412693671,-0.0014876319684349,0.0039317834072481,0.004203804186094,0.1137798573170623,7.054161108070031,1.932510025167873,1.1006203877589842,True,125,0.1153846153846153,2011-02-17,-10,10,1,1,Medium CI
2010-06-09,2011-01-10,151,2011-02-04,25,2012-05-24,True,0.0167799757325185,0.0425167054231703,5.747079238510509,-0.031871458984718,-0.0011342223264373,-0.0006032747443388,0.0012846792218083,0.3555101494499598,6.0,-2.6527643549625965,1.4699683981417289,True,150,0.1153846153846153,2011-02-17,-13,13,1,1,Medium CI
2010-05-03,2011-01-10,176,2011-02-27,48,2012-05-24,True,0.0188425598650772,0.0624874029593473,5.772825585376826,-0.0266854929899916,-0.0006785424919955,0.0005328417453609,0.000862751551168,0.4061239159393287,12.406016044723714,2.475895730287183,1.0125482052426855,True,175,0.1153846153846153,2011-02-17,10,10,1,1,Medium CI
2010-07-16,2011-01-11,126,2011-02-07,27,2012-05-25,True,0.0139132055073616,0.0243907382237499,6.076613365740897,-0.2940295093093178,-0.0023490560675969,0.0035946849314095,0.0042941616370157,0.1117641317304175,7.101473707924038,2.1496143205857803,1.077622117601584,True,125,0.0769230769230769,2011-02-17,-10,10,1,1,Low CI
2010-05-04,2011-01-11,176,2011-03-02,50,2012-05-25,True,0.018362152742162,0.0593416829854621,5.756163811273124,-0.0190067988572086,-0.0005615938702415,-0.0001604640675741,0.0005840688247761,0.4552616070618738,12.549051758557992,-2.863278711584052,1.180579042245402,True,175,0.0769230769230769,2011-02-17,13,13,1,1,Low CI
2010-05-05,2011-01-12,176,2011-02-11,30,2012-05-26,True,0.018254910166126,0.0586505471505064,5.735869298191616,-0.0205417099419945,-0.0002829678505138,-0.0007471813588367,0.0007989685772404,0.4283183489816745,6.0,-1.932818901080124,1.835364480791893,True,175,0.0384615384615384,2011-02-17,-6,6,1,1,Low CI
2010-05-06,2011-01-13,176,2011-02-20,38,2012-05-27,True,0.018193062390969,0.0582538033724579,5.753738766301917,-0.0232297159351747,0.0007069894503374,-0.0002681927415126,0.0007561490788782,0.4184232831089177,6.223888306891699,-0.362574321080821,2.0653350918443643,True,175,0.0384615384615384,2011-02-17,3,3,1,1,Low CI
2010-05-07,2011-01-14,176,2011-03-02,47,2012-05-28,True,0.0181935794965036,0.058257114941625,5.775380327001231,-0.0271259512133868,-0.0003890341436855,0.0006427701983738,0.0007513328775387,0.404090806374928,6.623529691104697,2.115064313557036,2.202632612209904,True,175,0.0384615384615384,2011-02-17,13,13,1,1,Low CI
2010-06-16,2011-01-17,151,2011-02-25,39,2012-05-31,True,0.0166141531239465,0.0416805426879176,5.761904260706206,-0.0241978487502363,1.5998198434490334e-05,-0.0007438891990027,0.000744061209005,0.4153041092143582,12.987617605222958,-1.5492934838013153,1.0399317297060815,True,150,0.0769230769230769,2011-02-17,8,8,1,1,Low CI
2010-05-10,2011-01-17,176,2011-02-26,40,2012-05-31,True,0.0179935332985771,0.0569830343397926,5.745318859425571,-0.0163278125860148,-0.0001640619331025,0.0004782929648265,0.0005056485717332,0.4755187795641024,12.3023126613284,1.9012354359179264,1.2481308987244657,True,175,0.0769230769230769,2011-02-17,9,9,1,1,Low CI
2010-06-17,2011-01-18,151,2011-02-27,40,2012-06-01,True,0.0165207549545265,0.0412132369843944,5.776365993748618,-0.028747524380315,0.0002970298564983,-0.0007678412775794,0.0008232903274096,0.394459106450309,13.0,-1.201688111467267,1.0595124692100508,True,150,0.0769230769230769,2011-02-17,10,10,1,1,Low CI
2010-05-11,2011-01-18,176,2011-02-26,39,2012-06-01,True,0.0178192012130353,0.0558842120092324,5.740113497220329,-0.0146142893081752,0.0002285032010307,0.0003676878649929,0.0004329065475878,0.4921021408283237,12.128720948634395,1.014746875773785,1.3696947662933627,True,175,0.0769230769230769,2011-02-17,9,9,1,1,Low CI
2010-06-18,2011-01-19,151,2011-02-28,40,2012-06-02,True,0.0164093024820074,0.0406590463998483,5.754956849950811,-0.0195328819700156,0.0003123206372557,-0.0005223551159056,0.0006086041797166,0.4492666303008666,13.0,-1.031916009723417,1.1091549072702618,True,150,0.0769230769230769,2011-02-17,11,11,1,1,Low CI
2010-05-12,2011-01-19,176,2011-03-20,60,2012-06-02,True,0.0176753894470425,0.0549858130104135,5.813852975335351,-0.032651329617885,0.0006339350153817,-0.0002732743009522,0.0006903277824976,0.3920323310795052,7.173183277772433,-0.4070059704048956,2.584969818131829,True,175,0.0769230769230769,2011-02-17,31,31,1,1,Low CI
2010-06-21,2011-01-20,151,2011-02-28,39,2012-06-03,True,0.0163007428270474,0.0401228467237441,5.727311902858077,-0.0105718502803521,0.0001177357288694,-0.0003611789786766,0.0003798841356128,0.5392220837665781,12.928303153906947,-1.255681797077321,1.1607160500285516,True,150,0.0769230769230769,2011-02-17,11,11,1,1,Low CI
2010-05-14,2011-01-20,176,2011-07-24,185,2012-06-03,True,0.0173439463747153,0.0529429957494241,6.288215090441889,-0.180412750576149,0.0004764126842872,-0.0009599185573266,0.0010716401832937,0.2427971535237218,11.781378216570692,-1.1101088298983417,3.469490721692143,True,175,0.0769230769230769,2011-02-17,157,157,0,0,Low CI
2010-06-22,2011-01-21,151,2011-02-21,31,2012-06-04,True,0.015926967591944,0.0383039127979,5.698955834162454,-0.0051762621411836,0.0002352970504622,-3.299171169186214e-05,0.0002375987268412,0.6477002589408907,11.98717504721187,-0.1393048673118542,1.1771434118959514,True,150,0.0769230769230769,2011-02-17,4,4,1,1,Low CI
2010-05-17,2011-01-21,176,2011-04-17,86,2012-06-04,True,0.0172653120860459,0.0524640162514275,5.799820452498717,-0.0161310603084538,-0.0002102369696661,-0.0002300561365455,0.0003116494976357,0.5026909177426274,7.714356542560728,-2.311211280507917,3.3728561191387127,True,175,0.0769230769230769,2011-02-17,59,59,1,1,Low CI
2010-06-23,2011-01-24,151,2011-08-10,198,2012-06-07,True,0.015619905096527,0.0368411967189011,5.796278166397487,-0.0012825902667014,2.401866801293441e-05,-3.195224631018554e-05,3.997302161936628e-05,0.9,11.642903375187496,-0.9262048167482748,2.4802883738538792,True,150,0.0769230769230769,2011-02-17,174,174,0,0,Low CI
2010-05-18,2011-01-24,176,2011-05-28,124,2012-06-07,True,0.0172229504795581,0.0522068840869506,5.832655380539987,-0.0131930968565204,0.0001173697280597,-0.0001803398155373,0.0002151699378,0.5459302190970652,8.776419364573522,-0.9938410966050218,3.814037195905768,True,175,0.0769230769230769,2011-02-17,100,100,0,1,Low CI
2010-06-24,2011-01-25,151,2011-02-28,34,2012-06-08,True,0.0153162916962636,0.0354229074900803,5.680642508281866,-0.0016195516894806,-6.117505849692194e-05,8.167824405892059e-05,0.000102047652274,0.8423830900946649,12.29284000586828,2.2136418630089403,1.087549935144561,True,150,0.0769230769230769,2011-02-17,11,11,1,1,Low CI
2010-05-19,2011-01-25,176,2011-05-01,96,2012-06-08,True,0.0170216802467671,0.0509938173224799,5.721553423095703,-0.0012119907052171,-2.2010754601163637e-05,-4.192411710439534e-05,4.735087024644531e-05,0.9,6.356395941100578,-2.0542544189376666,3.624122690841434,True,175,0.0769230769230769,2011-02-17,73,73,0,1,Low CI
2010-06-25,2011-01-26,151,2011-05-12,106,2012-06-09,True,0.0152743598409456,0.0352292163511547,5.731069681811399,-0.0012434497576317,-3.161432310089957e-05,-5.424279181499316e-05,6.278332492798355e-05,0.9,8.694685423150446,-2.0984951041501723,2.050088295261534,True,150,0.0769230769230769,2011-02-17,84,84,0,1,Low CI
2010-05-20,2011-01-26,176,2011-05-25,119,2012-06-09,True,0.0170234752798815,0.0510045730664339,5.737985735858119,-0.0012174491956051,-3.4411620047188594e-05,-2.3293221978869336e-05,4.155398638432845e-05,0.9,7.280056133530109,-2.54653892776949,3.6219790617215097,True,175,0.0769230769230769,2011-02-17,97,97,0,1,Low CI
2010-08-03,2011-01-27,126,2011-04-19,82,2012-06-10,True,0.0130458015819411,0.0214443103033378,6.554855935742543,-0.5783737953435972,-0.0009958817799239,-0.0039319110788512,0.004056070173404,0.1,12.92916696816305,-1.818861413003348,1.1028910283551154,True,125,0.1153846153846153,2011-02-17,61,61,0,1,Medium CI
2010-06-28,2011-01-27,151,2011-05-13,106,2012-06-10,True,0.0152396992553374,0.0350695134423628,5.731803973939401,-0.0012449257240827,1.5048326385512512e-05,-6.236659703872977e-05,6.415640695360214e-05,0.9,8.82954493154013,-1.3340336247336244,1.9779148718570083,True,150,0.1153846153846153,2011-02-17,85,85,0,1,Medium CI
2010-05-21,2011-01-27,176,2011-05-26,119,2012-06-10,True,0.016994010668632,0.0508281661545818,5.737495439708649,-0.0012084551719102,-1.3370610316279656e-05,-3.640589043560989e-05,3.878352844493956e-05,0.9,7.382284856941934,-1.922768466232483,3.798699479889158,True,175,0.1153846153846153,2011-02-17,98,98,0,1,Medium CI
2010-08-04,2011-01-28,126,2011-04-24,86,2012-06-11,True,0.0129331531834813,0.0210755728596917,6.58161823565714,-0.5929507029484452,0.00068777165095,-0.0040062546725237,0.0040648624017263,0.1,12.928354700718549,-1.4007791833288803,1.1283127101696893,True,125,0.1153846153846153,2011-02-17,66,66,0,1,Medium CI
2010-06-29,2011-01-28,151,2011-03-21,52,2012-06-11,True,0.015093380525473,0.034399330488696,5.694588890177108,-0.0012372639794178,-8.446858797679088e-05,4.6424961494974806e-05,9.638578424541014e-05,0.9,6.434296225202172,2.6390472717644897,1.795522460850203,True,150,0.1153846153846153,2011-02-17,32,32,1,1,Medium CI
2010-05-25,2011-01-28,176,2011-04-04,66,2012-06-11,True,0.0169181062594276,0.0503751282153299,5.740464462665863,-0.0062845095462068,6.620305220308748e-05,0.0001462638556905,0.0001605489321125,0.6321813674908993,7.251948224925482,1.1457594690121522,3.412329540349655,True,175,0.1153846153846153,2011-02-17,46,46,1,1,Medium CI
2010-08-05,2011-01-31,126,2011-04-29,88,2012-06-14,True,0.0128206807406252,0.020710601686283,6.611423552441492,-0.6091882983304733,0.0002897504940429,-0.0041297379746058,0.0041398902265277,0.1,12.81592160414519,-1.5007491607001593,1.1481876860843097,True,125,0.1153846153846153,2011-02-17,71,71,0,1,Medium CI
2010-06-30,2011-01-31,151,2011-03-15,43,2012-06-14,True,0.0151303125179208,0.0345678798903829,5.6895422051671884,-0.0012274756489556,5.991622327040766e-05,7.980440532521528e-05,9.979327091693404e-05,0.9,6.149319513794615,0.926790821033071,1.8002261987893675,True,150,0.1153846153846153,2011-02-17,26,26,1,1,Medium CI
2010-05-26,2011-01-31,176,2011-04-13,72,2012-06-14,True,0.0164987876676271,0.0479089590322544,5.7844639899363,-0.0150452545672151,-0.0002660755418437,0.000198837564276,0.000332163470199,0.5042986341969737,8.721761017532563,2.499823444973929,2.6189745660354604,True,175,0.1153846153846153,2011-02-17,55,55,1,1,Medium CI
2010-08-06,2011-02-01,126,2011-05-07,95,2012-06-15,True,0.0125931900831472,0.0199821429952552,6.67398071109482,-0.6437831615120732,0.0041278462275253,0.0007695466778138,0.004198966130779,0.1,13.0,0.1843122882032282,1.1793803548871955,True,125,0.1153846153846153,2011-02-17,79,79,0,1,Medium CI
2010-07-01,2011-02-01,151,2011-03-23,50,2012-06-15,True,0.0151145108101467,0.0344957139915366,5.695210931005633,-0.0012235709369575,-8.492169041854217e-05,-3.181317425467525e-05,9.06850128725858e-05,0.9,6.578730556949801,-2.7831571315331094,1.8458399604201623,True,150,0.1153846153846153,2011-02-17,34,34,1,1,Medium CI
2010-05-27,2011-02-01,176,2011-04-14,72,2012-06-15,True,0.0163056242506074,0.0467937152675513,5.80245688534227,-0.020420217270703,-0.0001518111264202,-0.0004210082334637,0.0004475427920872,0.4611461594655551,9.097160756980422,-1.9168736292496809,2.312908853341282,True,175,0.1153846153846153,2011-02-17,56,56,1,1,Medium CI
2010-08-09,2011-02-02,126,2011-05-10,97,2012-06-16,True,0.0124955843782546,0.0196735932482141,6.550964932378715,-0.5241432741163838,0.0034728370850287,0.00186228835727,0.0039406491019595,0.1159921771945441,13.0,0.4922207456633949,1.186772845589639,True,125,0.1153846153846153,2011-02-17,82,82,0,1,Medium CI
2010-07-02,2011-02-02,151,2011-04-03,60,2012-06-16,True,0.0148100705042697,0.0331200664395575,5.701514299334571,-0.0012118020673557,7.630207070701586e-05,-3.888199301184376e-06,7.640107386669495e-05,0.9,7.012420376872072,-0.050913939597221,2.035667263221387,True,150,0.1153846153846153,2011-02-17,45,45,1,1,Medium CI
2010-05-28,2011-02-02,176,2011-04-15,72,2012-06-16,True,0.0162993370721243,0.0467576364623679,5.8064648451073975,-0.0214533012594874,0.0001076334832031,-0.0004563507174207,0.000468871991056,0.4545748053311662,9.202108460097008,-1.3391724305068764,2.2602571667547915,True,175,0.1153846153846153,2011-02-17,57,57,1,1,Medium CI
2010-08-10,2011-02-03,126,2011-05-16,102,2012-06-17,True,0.0121416856039663,0.018574986692501,6.017430066810463,-0.0993591306455448,0.0010996713403595,0.0013001092855696,0.0017028097989008,0.2775653446675351,12.970611971925877,0.8687281929014733,1.2486663739972963,True,125,0.1153846153846153,2011-02-17,88,88,0,1,Medium CI
2010-07-05,2011-02-03,151,2011-04-16,72,2012-06-17,True,0.0144349935371214,0.0314637248009273,5.709688312431893,-0.0012013760507851,-6.257977463520282e-05,2.581238872869843e-06,6.263298641699587e-05,0.9,7.493471803733463,3.100368847103853,2.303749649627568,True,150,0.1153846153846153,2011-02-17,58,58,1,1,Medium CI
2010-05-31,2011-02-03,176,2011-04-16,72,2012-06-17,True,0.0162803646922548,0.046648848314256,5.814506005508191,-0.0237292075171169,0.0004603876223083,-0.0002262836230621,0.0005129922424762,0.4411925645247056,9.363144715831368,-0.4568299510416695,2.1796104699035275,True,175,0.1153846153846153,2011-02-17,58,58,1,1,Medium CI
2010-08-11,2011-02-04,126,2011-05-23,108,2012-06-18,True,0.0118958870791715,0.0178305283044503,5.864463718316196,-0.0231221595493814,-7.328562744824069e-05,0.0006301561547474,0.0006344033122207,0.4669435948376047,13.0,1.686573794667943,1.3091337581939586,True,125,0.1153846153846153,2011-02-17,95,95,0,1,Medium CI
2010-07-06,2011-02-04,151,2011-03-25,49,2012-06-18,True,0.013848940126302,0.0289607645359068,5.693721822492994,-0.0011836779574439,-8.868063122344612e-06,6.557753442408174e-05,6.617443286257552e-05,0.9,6.169513483662054,1.705211127940443,2.6093655478965534,True,150,0.1153846153846153,2011-02-17,36,36,1,1,Medium CI
2010-06-01,2011-02-04,176,2011-05-10,95,2012-06-18,True,0.0162651044719625,0.0465614377331586,5.891348774267256,-0.0414992660155676,-0.0004988642741759,0.0004524851502598,0.0006735045473156,0.3788989876586019,10.842379995261515,2.4049068063390853,2.153271063163133,True,175,0.1153846153846153,2011-02-17,82,82,0,1,Medium CI
2010-08-12,2011-02-07,126,2011-05-04,86,2012-06-21,True,0.0118969099459892,0.0178335947491351,5.803235093466289,-0.0123050063376025,0.0002778399225765,-0.0003510640100359,0.0004477063342413,0.5491753684407725,11.554586407375112,-0.9013075543908606,1.3063069823563982,True,125,0.1153846153846153,2011-02-17,76,76,0,1,Medium CI
2010-07-07,2011-02-07,151,2011-05-08,90,2012-06-21,True,0.0136731124506644,0.0282300546173657,6.306738575221993,-0.3237315857639312,-0.0013635896855459,0.0018189008255379,0.0022732745200855,0.1523020529163994,12.11409750294544,2.214091236607292,1.7903909869583192,True,150,0.1153846153846153,2011-02-17,80,80,0,1,Medium CI
2010-06-02,2011-02-07,176,2011-05-12,94,2012-06-21,True,0.0162662867294969,0.0465682067780524,5.922404077164719,-0.0536373273063133,-0.0007154077627088,-0.0003619695420607,0.0008017669339176,0.3479808149620715,11.049362066153446,-2.673186383235556,2.1068668216012107,True,175,0.1153846153846153,2011-02-17,84,84,0,1,Medium CI
2010-08-13,2011-02-08,126,2011-04-17,68,2012-06-22,True,0.0118714273351377,0.0177572791586552,5.748192845369121,-0.0046758444777634,-0.0002263000099144,-8.029500607477488e-05,0.0002401228487416,0.6906686112992524,10.164879621759622,-2.800633313925291,1.3231042059917657,True,125,0.1538461538461538,2011-02-17,59,59,1,1,High CI
2010-07-08,2011-02-08,151,2011-05-10,91,2012-06-22,True,0.0134956214672698,0.0275019016169628,6.685475351567122,-0.6494325776072193,0.003024163823778,-0.001126854822775,0.0032272850237714,0.1,12.834148246447793,-0.3566798214146074,1.567940926712032,True,150,0.1538461538461538,2011-02-17,82,82,0,1,High CI
2010-06-03,2011-02-08,176,2011-04-23,74,2012-06-22,True,0.0162554344653529,0.0465060903396995,5.8674093377879935,-0.0408076691246394,-0.0007556486880014,-8.280361900386919e-05,0.0007601719404177,0.3733086237201015,10.004969215952771,-3.0324486007797886,2.0030058618307143,True,175,0.1538461538461538,2011-02-17,65,65,0,1,High CI
2010-04-27,2011-02-08,201,2011-04-06,57,2012-06-22,True,0.0194203119564063,0.0758068518133122,5.967417661134154,-0.1136029597140518,-0.0025042266389823,-0.0012115060843336,0.0027818874980427,0.2394005334084452,9.052430181126695,-2.691001376747243,1.0799658266025225,True,200,0.1538461538461538,2011-02-17,48,48,1,1,High CI
2010-08-16,2011-02-09,126,2011-04-02,52,2012-06-23,True,0.0118035943970927,0.017554929927076,5.705786772894134,-0.0013081618068904,-1.1494499724368487e-05,9.933908844962354e-05,0.0001000018900717,0.896408770738319,8.746664559904092,1.685993769532863,1.340654538363144,True,125,0.1538461538461538,2011-02-17,44,44,1,1,High CI
2010-07-09,2011-02-09,151,2011-05-10,90,2012-06-23,True,0.0134115089027816,0.0271601542284579,6.681115572136621,-0.646666532012508,0.0029717234278453,0.0014597072658223,0.0033108738172119,0.1,13.0,0.4565819684829947,1.5024305404506924,True,150,0.1538461538461538,2011-02-17,82,82,0,1,High CI
2010-06-04,2011-02-09,176,2011-04-19,69,2012-06-23,True,0.0162507375244836,0.0464792187357801,5.846086417185087,-0.0339278404466136,-2.3767964475689693e-05,0.0006740691334792,0.0006744880375846,0.3953401114722993,9.728660567683274,1.606042150137674,2.044088969710773,True,175,0.1538461538461538,2011-02-17,61,61,0,1,High CI
2010-04-28,2011-02-09,201,2011-04-05,55,2012-06-23,True,0.0190467539890132,0.072918546341116,5.899362734060258,-0.0725887947241385,-0.0018559147699429,0.0007615666545738,0.0020060915738448,0.2895187628905742,8.90872073249372,2.752199503535353,1.175926563505931,True,200,0.1538461538461538,2011-02-17,47,47,1,1,High CI
2010-08-17,2011-02-10,126,2011-04-05,54,2012-06-24,True,0.0117531826862277,0.0174053002102362,5.708284397309332,-0.0012861130876422,-9.74211741924245e-05,-1.4397157874769658e-05,9.847925332729607e-05,0.9,9.025674411442326,-2.994871979859675,1.3022586688630762,True,125,0.1538461538461538,2011-02-17,47,47,1,1,High CI
2010-07-12,2011-02-10,151,2011-05-09,88,2012-06-24,True,0.0133804532494864,0.0270345159034156,6.58843585498125,-0.5683335412136452,0.0030889754118597,0.0009670440915476,0.0032368106787501,0.1078399132619229,13.0,0.3033977508779286,1.4565391646566634,True,150,0.1538461538461538,2011-02-17,81,81,0,1,High CI
2010-06-07,2011-02-10,176,2011-04-24,73,2012-06-24,True,0.0162274082995293,0.0463458653010554,5.865581764938667,-0.0397295230314957,-0.0006401250304789,-0.0003834831429529,0.000746203307132,0.3767721369013418,10.08203368383409,-2.60185330167343,1.9896964082660344,True,175,0.1538461538461538,2011-02-17,66,66,0,1,High CI
2010-04-29,2011-02-10,201,2011-04-25,74,2012-06-24,True,0.0188097316067925,0.0711150066270336,6.020330916884066,-0.1255964677630429,-0.0019836525927313,-0.0012095035296447,0.0023233115152456,0.2398005899653504,10.060146127835456,-2.594045387109324,1.2885935073503236,True,200,0.1538461538461538,2011-02-17,67,67,0,1,High CI
2010-08-18,2011-02-11,126,2011-04-06,54,2012-06-25,True,0.0115559766961433,0.0168261152726277,5.709787364119684,-0.001296496853453,-5.441709309913767e-05,-8.777492290624306e-05,0.0001032746683003,0.9,9.19053903644128,-2.125764410273649,1.2293602985005467,True,125,0.1153846153846153,2011-02-17,48,48,1,1,Medium CI
2010-07-13,2011-02-11,151,2011-05-10,88,2012-06-25,True,0.0133575567769046,0.026942072780283,6.66759869386871,-0.6386690675407003,0.0031797005109055,0.001197326870739,0.0033976590432894,0.1,13.0,0.3601318130220982,1.445948200948944,True,150,0.1153846153846153,2011-02-17,82,82,0,1,Medium CI
2010-06-08,2011-02-11,176,2011-05-11,89,2012-06-25,True,0.0161420157810103,0.0458593825314921,5.974134052074144,-0.0805433885502029,9.403896729364684e-05,-0.0011198465421024,0.0011237880606361,0.2982987585207303,11.298008408048812,-1.487018016983783,1.8923219868160936,True,175,0.1153846153846153,2011-02-17,83,83,0,1,Medium CI
2010-08-19,2011-02-14,126,2011-04-09,54,2012-06-28,True,0.0114012947253779,0.0163786796982814,5.712271228853067,-0.0013069903125363,7.363198671629081e-05,-7.699433163419244e-05,0.0001065354240221,0.9,9.42622845312676,-0.8077168833033218,1.1713397410040751,True,125,0.1538461538461538,2011-02-17,51,51,1,1,High CI
2010-07-15,2011-02-14,151,2011-05-09,84,2012-06-28,True,0.0133550737946877,0.0269320574052949,6.2339757464775305,-0.2698575389651941,0.0022251320042573,0.0004795070749421,0.0022762116490541,0.1664997423286535,13.0,0.2122502093314111,1.5184207402688057,True,150,0.1538461538461538,2011-02-17,81,81,0,1,High CI
2010-06-09,2011-02-14,176,2011-05-11,86,2012-06-28,True,0.0159232634746587,0.0446248562642787,6.0188462488225465,-0.1072609707803949,0.0011053773581376,-0.0008994710996095,0.0014250990712635,0.2647656854171884,11.469164834284326,-0.6830528568167992,1.7375070286082548,True,175,0.1538461538461538,2011-02-17,83,83,0,1,High CI
2010-05-03,2011-02-14,201,2011-05-03,78,2012-06-28,True,0.0179582943906123,0.0648225678213996,5.941598068838009,-0.0701412859396278,0.0011791817478549,-0.0005242732197281,0.0012904774323475,0.3108535887038295,10.37998228716268,-0.4183606020502181,1.627730805665843,True,200,0.1538461538461538,2011-02-17,75,75,0,1,High CI
2010-08-20,2011-02-15,126,2011-04-10,54,2012-06-29,True,0.0113870812102799,0.0163378679296782,5.713772861640967,-0.0013104677787455,0.0001067073321909,2.4657358483704613e-06,0.0001067358168404,0.9,9.57014665400744,0.0231033526411676,1.154622684083908,True,125,0.1538461538461538,2011-02-17,52,52,1,1,High CI
2010-07-16,2011-02-15,151,2011-05-12,86,2012-06-29,True,0.0133574877251136,0.0269417942273107,6.434293954862556,-0.4286437752591719,0.0023636555606718,0.0014089230433656,0.002751714329581,0.1292735714829523,13.0,0.5375306750499378,1.5490290802468398,True,150,0.1538461538461538,2011-02-17,84,84,0,1,High CI
2010-06-10,2011-02-15,176,2011-05-16,90,2012-06-29,True,0.015864214974877,0.044294503751364,6.092282308699859,-0.14828611462964,-0.0004013831304374,0.0016790359982064,0.0017263459388757,0.2318766534413226,11.88310365713027,1.805448248298928,1.6760995011092716,True,175,0.1538461538461538,2011-02-17,88,88,0,1,High CI
2010-05-04,2011-02-15,201,2011-04-28,72,2012-06-29,True,0.0174816217582663,0.0614270269591171,5.87292668985204,-0.0403313217401975,-0.0007268342257267,-0.0003801014212791,0.0008202225808561,0.3773967007165278,10.00134647937581,-2.6597503217709813,1.855454717728337,True,200,0.1538461538461538,2011-02-17,70,70,0,1,High CI
2010-08-23,2011-02-16,126,2011-04-04,47,2012-06-30,True,0.0113892355422208,0.0163440504657594,5.709200116300627,-0.0013067964492777,-9.050655904901352e-05,-6.400253601627828e-05,0.0001108501774802,0.9,9.139368445839033,-2.526078072646679,1.1609081938887085,True,125,0.1538461538461538,2011-02-17,46,46,1,1,High CI
2010-07-19,2011-02-16,151,2011-05-04,77,2012-06-30,True,0.0132201055136704,0.0263904496586795,6.060329842722468,-0.1493043799839475,0.001677723053967,-0.0004392578776453,0.0017342727954061,0.2205772117787962,13.0,-0.2560700672785251,1.4607383359072856,True,150,0.1538461538461538,2011-02-17,76,76,0,1,High CI
2010-06-11,2011-02-16,176,2011-05-25,98,2012-06-30,True,0.015861931373801,0.0442817525756624,6.223993267967379,-0.2285779096304664,0.0011195946658584,-0.0017997501959329,0.0021195737740355,0.1923189473985404,12.43126629830666,-1.014297113660753,1.668370196057812,True,175,0.1538461538461538,2011-02-17,97,97,0,1,High CI
2010-05-05,2011-02-16,201,2011-04-18,61,2012-06-30,True,0.0173467654877444,0.060482964850247,5.822456473892031,-0.0254747237335424,0.0005718071848572,-0.0001451650312015,0.0005899460508708,0.433077070315633,9.366284474847363,-0.2486182468839731,1.9966182234806096,True,200,0.1538461538461538,2011-02-17,60,60,1,1,High CI
2013-09-23,2014-07-16,201,2014-10-02,78,2015-11-28,True,0.0145564232925187,0.0425897812732673,5.880709752389093,-0.0006383498922697,-2.6373533328182778e-05,-3.0863302629559005e-05,4.059688053799838e-05,0.9,7.4634774049683665,-2.2779128320876176,1.8961269579710591,True,200,0.5769230769230769,2015-07-20,-291,291,0,0,High CI
2013-08-19,2014-07-16,226,2014-09-15,61,2015-11-28,True,0.0145753585961579,0.0480116836746903,5.879283937353342,-0.0006863235212479,-3.8653287246501525e-05,-5.783261153322709e-05,6.956067546907311e-05,0.9,6.3888080558622775,-2.159973704496448,1.3899134623726,True,225,0.5769230769230769,2015-07-20,-308,308,0,0,High CI
2013-07-12,2014-07-16,251,2014-09-06,52,2015-11-28,True,0.0140493219753764,0.0495432454399168,5.875848028025234,-0.0006877711604209,-1.339699051852936e-05,7.202438820976053e-05,7.325975601886658e-05,0.9,6.0,1.7547009242019749,1.4082175490261724,True,250,0.5769230769230769,2015-07-20,-317,317,0,0,High CI
2013-06-07,2014-07-16,276,2015-11-09,481,2015-11-28,True,0.0152022024125962,0.0637855204614187,6.234275925842339,-0.0013618533581658,-6.53073172980333e-05,0.0001025954284973,0.0001216177110506,0.9,6.0,2.137659548651341,1.679673149248171,True,275,0.5769230769230769,2015-07-20,112,112,0,1,High CI
2013-03-22,2014-07-16,326,2014-09-27,73,2015-11-28,True,0.018217150762664,0.1081878537025397,5.884988163962441,-0.0006992502758548,5.158590667339178e-06,8.032602578256837e-05,8.049149940021615e-05,0.9,6.979638685403813,1.5066637338099862,1.1201913046269385,True,325,0.5769230769230769,2015-07-20,-296,296,0,0,High CI
2012-11-29,2014-07-16,401,2015-03-04,231,2015-11-28,True,0.0171461331156011,0.1178899422079842,5.9622587129118365,-0.0007984363838519,-2.1798870294549003e-05,-3.4450452029399084e-05,4.076793336862317e-05,0.9,12.994899028835636,-2.134956462382169,1.3564107486743486,True,400,0.5769230769230769,2015-07-20,-138,138,0,0,High CI
2012-07-11,2014-07-16,501,2015-02-22,221,2015-11-28,True,0.0177576940638687,0.157983184931445,5.9551236364835605,-0.0007847671981465,-5.476275666943387e-06,2.986539349099116e-05,3.0363322011138596e-05,0.9,12.66103140979094,1.7521469902848454,1.83723614035326,True,500,0.5769230769230769,2015-07-20,-148,148,0,0,High CI
2012-06-06,2014-07-16,526,2014-11-18,125,2015-11-28,True,0.019243834272836,0.1947910328557187,5.923275205150606,-0.0008144685756673,-3.8270728577588856e-05,-3.8866102830285225e-05,5.454560124403966e-05,0.9,9.325012696854692,-2.348476226176082,1.4411449927592297,True,525,0.5769230769230769,2015-07-20,-244,244,0,0,High CI
2012-04-27,2014-07-16,551,2014-11-12,119,2015-11-28,True,0.0204088884100101,0.2295040220988679,5.922502661929308,-0.0008216552290063,-5.94433357496378e-05,1.1422529770334236e-05,6.05308545404601e-05,0.9,9.18291012546915,2.951748443447414,1.3303778145900234,True,550,0.5769230769230769,2015-07-20,-250,250,0,0,High CI
2012-03-21,2014-07-16,576,2015-02-15,214,2015-11-28,True,0.0222524308868037,0.2852183118942591,5.95659290130655,-0.0008031433259431,2.8855944668111213e-05,-3.979155329319034e-05,4.9153161202245205e-05,0.9,12.240916361226876,-0.9433717074974688,1.2013517343220748,True,575,0.5769230769230769,2015-07-20,-155,155,0,0,High CI
2011-12-02,2014-07-16,651,2015-02-17,216,2015-11-28,True,0.025219356802512,0.4140463883536007,5.958389698427046,-0.0008058131202232,-3.398746117413127e-05,-2.949827116369017e-05,4.5003283421431326e-05,0.9,13.0,-2.426788779546296,1.2396220437270735,True,650,0.5769230769230769,2015-07-20,-153,153,0,0,High CI
2011-10-27,2014-07-16,676,2014-10-29,105,2015-11-28,True,0.0265531133461317,0.476625851979824,5.916043230064864,-0.0008142803883616,-1.0809504299661932e-05,4.485466052942139e-05,4.613876845359055e-05,0.9,13.0,1.8072767500818876,1.2218197308952543,True,675,0.5769230769230769,2015-07-20,-264,264,0,0,High CI
2011-09-22,2014-07-16,701,2014-10-24,100,2015-11-28,True,0.0269400567504095,0.5087624270584145,5.915841968409912,-0.0008233988012747,3.685391383012306e-07,5.038679181187773e-05,5.038813957857512e-05,0.9,13.0,1.5634822559187644,1.1313085355543595,True,700,0.5769230769230769,2015-07-20,-269,269,0,0,High CI
2011-08-18,2014-07-16,726,2014-10-22,98,2015-11-28,True,0.0268343446806931,0.5227795715250702,5.915843886516188,-0.0008263082278395,3.732934118546319e-06,5.214531673554208e-05,5.227876102762394e-05,0.9,13.0,1.499331099579538,1.0942484693702224,True,725,0.5769230769230769,2015-07-20,-271,271,0,0,High CI
2011-07-13,2014-07-16,751,2014-10-29,105,2015-11-28,True,0.0346657705624568,0.9024884521653642,5.909195364257136,-0.0007840651943711,2.783114263939292e-05,5.083651495427205e-06,2.8291624434471663e-05,0.9,8.84191906893869,0.1806687797966301,2.820916721075502,True,750,0.5769230769230769,2015-07-20,-264,264,0,0,High CI
2013-09-24,2014-07-17,201,2014-10-28,103,2015-11-29,True,0.0146140798966746,0.0429278375765045,5.898624628190127,-0.0012698384249118,3.1882854904141786e-05,6.112175730967973e-05,6.893754893714996e-05,0.7926696274695927,9.08810974294284,1.0899959541052169,1.6066130176498274,True,200,0.6538461538461539,2015-07-20,-265,265,0,0,High CI
2013-08-20,2014-07-17,226,2014-09-20,65,2015-11-29,True,0.0146451837285061,0.0484727978558243,5.880617276156808,-0.0006823325255325,4.880105195301281e-05,-4.755977062810072e-05,6.81430440611381e-05,0.9,6.615160770680487,-0.7725172783973785,1.362312211126964,True,225,0.6538461538461539,2015-07-20,-303,303,0,0,High CI
2013-07-15,2014-07-17,251,2014-09-06,51,2015-11-29,True,0.0140985146935863,0.049890797257883,5.8755351355609,-0.00068319968515,-1.370498757799287e-05,7.190875908442225e-05,7.320311685696463e-05,0.9,6.0,1.7591262750529135,1.3999397453629523,True,250,0.6538461538461539,2015-07-20,-317,317,0,0,High CI
2013-06-10,2014-07-17,276,2015-11-25,496,2015-11-29,True,0.0151419628982913,0.0632810151540518,6.2552232730964725,-0.0013973480384695,-8.344993317452605e-05,9.717310154123156e-05,0.0001280878722205,0.9,6.0,2.280363332267506,1.6363938453876667,True,275,0.6538461538461539,2015-07-20,128,128,0,0,High CI
2013-03-25,2014-07-17,326,2014-09-24,69,2015-11-29,True,0.0182503931582874,0.1085830532408536,5.883241591774075,-0.0006946461172914,5.777148736694949e-05,5.838582516262198e-05,8.21367721091465e-05,0.9,6.868132527481803,0.7906869571404604,1.108229799318793,True,325,0.6538461538461539,2015-07-20,-299,299,0,0,High CI
2013-02-18,2014-07-17,351,2014-09-24,69,2015-11-29,True,0.0179752011884485,0.1134108580755854,5.884371594574782,-0.000704197138923,6.26268189450096e-05,4.099377918091282e-05,7.485057369656197e-05,0.9,6.829578024294391,0.5795827593209311,1.2397889502658328,True,350,0.6538461538461539,2015-07-20,-299,299,0,0,High CI
2013-01-14,2014-07-17,376,2015-03-13,239,2015-11-29,True,0.0176362594901733,0.1169501559505783,5.964524646058655,-0.0007931967385906,-1.0277701448121616e-05,-3.795060782241074e-05,3.93176777181352e-05,0.9,13.0,-1.8352702700979548,1.3966648986147572,True,375,0.6538461538461539,2015-07-20,-129,129,0,0,High CI
2012-09-21,2014-07-17,451,2014-09-07,52,2015-11-29,True,0.016984949594277,0.1301083192367794,5.880109228192125,-0.0007331745875006,-2.112486179184617e-05,-4.694517755783487e-05,5.14792140738497e-05,0.9,12.700660449772595,-1.9936419606717248,1.009233597029289,True,450,0.6538461538461539,2015-07-20,-316,316,0,0,High CI
2012-07-12,2014-07-17,501,2015-03-05,231,2015-11-29,True,0.0177584139562138,0.1579959943863651,5.959143279778314,-0.0007839494260016,-1.5660806709841366e-05,-2.536498787309084e-05,2.981012372676534e-05,0.9,13.0,-2.123925018414666,1.8206372538931372,True,500,0.6538461538461539,2015-07-20,-137,137,0,0,High CI
2012-06-07,2014-07-17,526,2014-11-27,133,2015-11-29,True,0.0191611747650184,0.1931212252655552,5.926327995369581,-0.0008122702472621,4.127171805524991e-05,-3.259294075137383e-05,5.258949037644885e-05,0.9,9.565303379281712,-0.6684387471659438,1.453266772450777,True,525,0.6538461538461539,2015-07-20,-235,235,0,0,High CI
2012-04-30,2014-07-17,551,2014-11-11,117,2015-11-29,True,0.0203392469161444,0.2279404157788562,5.921804821890437,-0.0008222012191571,-5.0868152996098526e-05,3.489712628912297e-05,6.168774929006152e-05,0.9,9.12170769273823,2.5403035567658785,1.3150599443835154,True,550,0.6538461538461539,2015-07-20,-251,251,0,0,High CI
2012-03-22,2014-07-17,576,2015-02-03,201,2015-11-29,True,0.0221006459095329,0.281340604580287,5.951418265399867,-0.0008019759085871,-4.9736392901055847e-05,1.676002686869616e-06,4.976462361773264e-05,0.9,11.932875276482974,3.107907687029646,1.2154525429306973,True,575,0.6538461538461539,2015-07-20,-167,167,0,0,High CI
2011-12-05,2014-07-17,651,2015-02-17,215,2015-11-29,True,0.0251988286802202,0.4133726094226654,5.958224489587918,-0.0008045123439052,-3.3757528221500254e-05,-3.037163782473296e-05,4.540932829036492e-05,0.9,13.0,-2.4089434912740613,1.2265543341240124,True,650,0.6538461538461539,2015-07-20,-153,153,0,0,High CI
2011-10-28,2014-07-17,676,2014-10-30,105,2015-11-29,True,0.0265391786804501,0.4761257314022146,5.916116928715761,-0.0008144225871753,-1.050644956318298e-05,4.490458271563539e-05,4.611731812767356e-05,0.9,13.0,1.8006345937901005,1.2226014971852437,True,675,0.6538461538461539,2015-07-20,-263,263,0,0,High CI
2011-09-23,2014-07-17,701,2014-10-25,100,2015-11-29,True,0.0268082526290917,0.503796368726668,5.915893781404673,-0.0008216754095617,-1.527199903129722e-06,4.9543759185751696e-05,4.9567291773909485e-05,0.9,13.0,1.6016118420078556,1.1476362461244718,True,700,0.6538461538461539,2015-07-20,-268,268,0,0,High CI
2011-08-19,2014-07-17,726,2014-10-23,98,2015-11-29,True,0.026868889570123,0.5241264266070433,5.916014486584338,-0.0008259178988111,3.070357791242525e-06,5.210398393211714e-05,5.219436979756115e-05,0.9,13.0,1.51193688732347,1.095499987411122,True,725,0.6538461538461539,2015-07-20,-270,270,0,0,High CI
2011-07-14,2014-07-17,751,2014-10-31,106,2015-11-29,True,0.0343112136654083,0.8841217967781719,5.91063249381315,-0.0007871542044111,1.5097148816735866e-05,2.166888768514079e-05,2.6409555011508907e-05,0.9,8.961009833445981,0.9622750553402548,2.993534663515984,True,750,0.6538461538461539,2015-07-20,-262,262,0,0,High CI
2013-09-25,2014-07-18,201,2014-10-28,102,2015-11-30,True,0.0146653498737474,0.0432295698708042,5.888244593600985,-0.0006291609284093,3.183179293140035e-05,-1.870915082398884e-05,3.692282987234743e-05,0.9,8.768505892795433,-0.5313637901779599,1.7489753019875065,True,200,0.6923076923076923,2015-07-20,-265,265,0,0,High CI
2013-08-21,2014-07-18,226,2014-09-08,52,2015-11-30,True,0.0146910384301446,0.0487768138952529,5.875004705200822,-0.0006748609268405,-4.716930252647044e-05,5.571427313991008e-05,7.300015981038807e-05,0.9,6.097794306787017,2.2733299175029,1.3644581261049715,True,225,0.6923076923076923,2015-07-20,-315,315,0,0,High CI
2013-07-16,2014-07-18,251,2014-09-10,54,2015-11-30,True,0.0141570541309125,0.0503059675980628,5.876176823804254,-0.0006791531755132,-5.825876554189284e-05,4.28605801431362e-05,7.23264342593456e-05,0.9,6.122180866148002,2.507310921687833,1.380406624459496,True,250,0.6923076923076923,2015-07-20,-313,313,0,0,High CI
2013-06-11,2014-07-18,276,2015-11-18,488,2015-11-30,True,0.0151072804360631,0.0629914585199841,6.246362177647942,-0.0013854126553334,-7.534391892226844e-05,0.000103836727028,0.0001282917456365,0.9,6.0,2.198497623978912,1.6198384180441774,True,275,0.6923076923076923,2015-07-20,121,121,0,0,High CI
2013-03-26,2014-07-18,326,2014-09-24,68,2015-11-30,True,0.0182845371602944,0.1089897215281778,5.882829694660269,-0.0006919491538318,6.030876294598669e-05,5.685327720978528e-05,8.288209708717503e-05,0.9,6.861424692350475,0.7559134912619356,1.0950694413099578,True,325,0.6923076923076923,2015-07-20,-299,299,0,0,High CI
2013-02-19,2014-07-18,351,2014-09-27,71,2015-11-30,True,0.0179797091018036,0.1134677487243034,5.885145873367985,-0.0007026926847897,2.6955183272181667e-05,7.031094597629858e-05,7.530080364324726e-05,0.9,6.924605360356068,1.2047069010104765,1.212867344234077,True,350,0.6923076923076923,2015-07-20,-296,296,0,0,High CI
2013-01-15,2014-07-18,376,2015-02-04,201,2015-11-30,True,0.0176803122938246,0.1175351344954944,5.948343577083022,-0.0007856663997476,-3.907070174658798e-05,1.4874540149519466e-05,4.180635932044908e-05,0.9,11.875580402651194,2.7778268688392638,1.4242410414174016,True,375,0.6923076923076923,2015-07-20,-166,166,0,0,High CI
2012-12-03,2014-07-18,401,2015-03-01,226,2015-11-30,True,0.0172133472000558,0.1188160280536981,5.959923147178075,-0.0007949579772024,-3.7077851010672045e-05,-1.7373938079159156e-05,4.0946559806020953e-05,0.9,12.916088774540428,-2.7033955081353764,1.3528144708280554,True,400,0.6923076923076923,2015-07-20,-141,141,0,0,High CI
2012-09-24,2014-07-18,451,2014-09-09,53,2015-11-30,True,0.0169823150684474,0.1300679603128917,5.88102944531113,-0.0007339245439884,-7.515336921123892e-06,-5.11437703379612e-05,5.169299307856073e-05,0.9,12.731834533405303,-1.7166974669865198,1.0036245041032024,True,450,0.6923076923076923,2015-07-20,-314,314,0,0,High CI
2012-07-13,2014-07-18,501,2015-03-02,227,2015-11-30,True,0.0177298366840132,0.1574879015297328,5.957049869153975,-0.0007810841254092,-1.794401281702155e-05,-2.371372193932821e-05,2.9737656333228577e-05,0.9,13.0,-2.2185673576844045,1.8184033815604663,True,500,0.6923076923076923,2015-07-20,-140,140,0,0,High CI
2012-06-08,2014-07-18,526,2014-11-25,130,2015-11-30,True,0.0191204469971518,0.1923011255130889,5.925114448055539,-0.0008095304001657,3.789542267473421e-05,-3.563962641731101e-05,5.202159196778057e-05,0.9,9.556864187977675,-0.7547313034217134,1.4654689432249972,True,525,0.6923076923076923,2015-07-20,-237,237,0,0,High CI
2012-05-02,2014-07-18,551,2014-11-16,121,2015-11-30,True,0.0203025978631127,0.2271197094751891,5.924190357591779,-0.0008232627215381,-5.9918959815359046e-05,-1.5404148873934587e-05,6.186735446004582e-05,0.9,9.239136352351869,-2.8899587815265817,1.2962478169166167,True,550,0.6923076923076923,2015-07-20,-246,246,0,0,High CI
2012-03-23,2014-07-18,576,2015-01-28,194,2015-11-30,True,0.0220003541241965,0.2787929749958697,5.948918812907416,-0.0008015857457903,-1.650788002450884e-05,4.725159580674788e-05,5.005220683634091e-05,0.9,11.763923956623811,1.9069020556228344,1.2252284033090692,True,575,0.6923076923076923,2015-07-20,-173,173,0,0,High CI
2011-12-06,2014-07-18,651,2015-02-19,216,2015-11-30,True,0.0251916900638575,0.4131384326260219,5.958308985538859,-0.0008033062683958,-3.317499807906359e-05,-3.1471239405867734e-05,4.572766566628254e-05,0.9,13.0,-2.382543500305132,1.2161895884825866,True,650,0.6923076923076923,2015-07-20,-151,151,0,0,High CI
2011-10-31,2014-07-18,676,2014-10-30,104,2015-11-30,True,0.0265309323132551,0.4758298897215139,5.916314570690294,-0.0008145611235647,-1.0483062766606414e-05,4.484713548034703e-05,4.605605460480969e-05,0.9,13.0,1.8004243246244538,1.2244360411188524,True,675,0.6923076923076923,2015-07-20,-263,263,0,0,High CI
2011-09-26,2014-07-18,701,2014-10-26,100,2015-11-30,True,0.0266930244033029,0.4994748038085242,5.916031059163226,-0.0008200508096457,-3.498489465462843e-06,4.866542813643704e-05,4.879101683960554e-05,0.9,13.0,1.6425614693392987,1.16359018601162,True,700,0.6923076923076923,2015-07-20,-267,267,0,0,High CI
2011-08-22,2014-07-18,726,2014-10-24,98,2015-11-30,True,0.026898229533402,0.5252717099749289,5.916141940841918,-0.0008252628852049,2.2652094415027485e-06,5.1864914928367325e-05,5.191435807501286e-05,0.9,13.0,1.527148886533578,1.100535313906558,True,725,0.6923076923076923,2015-07-20,-269,269,0,0,High CI
2011-07-15,2014-07-18,751,2015-03-06,231,2015-11-30,True,0.0339435646199795,0.8652763499121559,5.967320026816265,-0.0008159815035422,-1.2052501008661288e-05,-1.98272203499145e-05,2.320304823439897e-05,0.9,13.0,-2.116987240467266,2.4346381819161533,True,750,0.6923076923076923,2015-07-20,-136,136,0,0,High CI
2013-09-26,2014-07-21,201,2014-11-12,114,2015-12-03,True,0.0147554401554229,0.0437623258502339,5.892427376791879,-0.0006235812359151,-1.615309942797759e-05,-3.156713229847389e-05,3.545992756167846e-05,0.9,9.532392494819916,-2.0437650320684817,1.6603352476217532,True,200,0.6923076923076923,2015-07-20,-250,250,0,0,High CI
2013-08-22,2014-07-21,226,2014-09-09,50,2015-12-03,True,0.0147720120688589,0.049315988967128,5.874576512153832,-0.0006659362024828,-6.574759340803538e-05,2.7179808605295303e-05,7.11441356316093e-05,0.9,6.181394348505369,2.749591392599878,1.3628547640358826,True,225,0.6923076923076923,2015-07-20,-314,314,0,0,High CI
2013-07-17,2014-07-21,251,2014-09-08,49,2015-12-03,True,0.0142260223356476,0.0507973075850805,5.874629968461324,-0.0006706275265891,-4.41577263311629e-05,5.773713639646337e-05,7.268756230608984e-05,0.9,6.084175869033405,2.2237063261338967,1.36477802585061,True,250,0.6923076923076923,2015-07-20,-315,315,0,0,High CI
2013-06-12,2014-07-21,276,2015-11-21,488,2015-12-03,True,0.015169830233716,0.0635141548122551,6.242728773166911,-0.0013722822010002,-7.439123765778692e-05,0.0001038320482219,0.000127730773419,0.9,6.0,2.1924823338770905,1.611532793861289,True,275,0.6923076923076923,2015-07-20,124,124,0,0,High CI
2013-03-27,2014-07-21,326,2014-09-27,68,2015-12-03,True,0.0183425757206985,0.1096827274066766,5.883365420821976,-0.0006901832967063,2.9600898343766757e-05,7.745455885658524e-05,8.291816369424881e-05,0.9,6.927968876379381,1.2057534850736518,1.0813128161456684,True,325,0.6923076923076923,2015-07-20,-296,296,0,0,High CI
2013-02-20,2014-07-21,351,2014-10-06,77,2015-12-03,True,0.0180336997332152,0.1141502284497862,5.888999527244224,-0.0007061298516003,-7.165550943323216e-05,-1.4274051028582368e-05,7.30634009946334e-05,0.9,7.249293008471362,-2.944962770859425,1.1998626737138305,True,350,0.6923076923076923,2015-07-20,-287,287,0,0,High CI
2013-01-16,2014-07-21,376,2015-02-05,199,2015-12-03,True,0.0177416092054983,0.118351526147435,5.9479784759258365,-0.0007838026290732,-4.07536135108337e-05,9.722368270644827e-06,4.18972726914348e-05,0.9,11.89350738962657,2.9074053668506616,1.4156422807115376,True,375,0.6923076923076923,2015-07-20,-165,165,0,0,High CI
2012-12-04,2014-07-21,401,2015-02-24,218,2015-12-03,True,0.0172673191982274,0.1195622852296829,5.957438720074322,-0.0007925061022424,-3.393083005699202e-05,2.339174768239502e-05,4.121255983305703e-05,0.9,12.768142141081752,2.5380195932543184,1.3554634923137592,True,400,0.6923076923076923,2015-07-20,-146,146,0,0,High CI
2012-09-25,2014-07-21,451,2014-09-09,50,2015-12-03,True,0.0170186823991665,0.1306256333222694,5.880675413229208,-0.0007338722723945,-4.134039840008691e-05,-3.1874571179229524e-05,5.22016937247986e-05,0.9,12.606854984773554,-2.4847694009245243,1.00362538424233,True,450,0.6923076923076923,2015-07-20,-314,314,0,0,High CI
2012-07-16,2014-07-21,501,2014-10-25,96,2015-12-03,True,0.017731885438102,0.1575243003561772,5.901326603137579,-0.0007500808158575,1.1531293081367444e-05,3.779343632265663e-05,3.9513473008621935e-05,0.9,13.0,1.2746547434755835,1.3142016611835825,True,500,0.6923076923076923,2015-07-20,-268,268,0,0,High CI
2012-06-11,2014-07-21,526,2014-11-30,132,2015-12-03,True,0.019080108287291,0.1914905799660003,5.926481088047403,-0.0008069633634722,4.893254139506407e-05,1.3270942565289804e-05,5.070021226731581e-05,0.9,9.704224212040003,0.2648382855661034,1.4761338101426569,True,525,0.6923076923076923,2015-07-20,-232,232,0,0,High CI
2012-05-03,2014-07-21,551,2014-11-14,116,2015-12-03,True,0.0202816846296704,0.2266520490109924,5.923094165416828,-0.0008232186359598,-6.10637516752076e-05,1.570124923510165e-05,6.305006737660317e-05,0.9,9.16586543409417,2.8899158665089284,1.282031425430601,True,550,0.6923076923076923,2015-07-20,-248,248,0,0,High CI
2012-03-26,2014-07-21,576,2015-01-31,194,2015-12-03,True,0.0219038588761722,0.2763527233923464,5.95020720690896,-0.0008025677962028,-2.639603527338952e-05,4.224076337286656e-05,4.980996655767327e-05,0.9,11.787121088079957,2.1293200213638324,1.2302694606981217,True,575,0.6923076923076923,2015-07-20,-170,170,0,0,High CI
2011-12-07,2014-07-21,651,2015-02-20,214,2015-12-03,True,0.0251863551095998,0.41296346689317,5.958254689068641,-0.0008018833690741,-3.267753978255166e-05,-3.254132732526498e-05,4.61168037740072e-05,0.9,13.0,-2.3582830309057004,1.2037911982455527,True,650,0.6923076923076923,2015-07-20,-150,150,0,0,High CI
2011-11-01,2014-07-21,676,2014-10-31,102,2015-12-03,True,0.0265717402523178,0.4772947889047742,5.916307897971129,-0.0008140682645037,-1.069266517346094e-05,4.467217567844717e-05,4.593404367522841e-05,0.9,13.0,1.8057346617242624,1.2269455865115324,True,675,0.6923076923076923,2015-07-20,-262,262,0,0,High CI
2011-09-27,2014-07-21,701,2014-10-28,99,2015-12-03,True,0.0266473295629968,0.4977662011601158,5.916153705429683,-0.0008185470424661,-5.231830628824895e-06,4.786611700206508e-05,4.815119114397996e-05,0.9,13.0,1.6796654919084784,1.1768897104134983,True,700,0.6923076923076923,2015-07-20,-265,265,0,0,High CI
2011-08-23,2014-07-21,726,2014-10-25,96,2015-12-03,True,0.0269459457212668,0.52713697733057,5.91620057621355,-0.0008245388932297,1.5801879120158445e-06,5.165036191808884e-05,5.167452834914744e-05,0.9,13.0,1.540211929760307,1.1046731080599406,True,725,0.6923076923076923,2015-07-20,-268,268,0,0,High CI
2011-07-18,2014-07-21,751,2015-02-22,216,2015-12-03,True,0.0335385672669285,0.8447514562330365,5.962704790841895,-0.0008163362435406,-1.7682413889267895e-05,-1.6557914094871964e-05,2.4224621361840392e-05,0.9,13.0,-2.389024075745892,2.3329811949218238,True,750,0.6923076923076923,2015-07-20,-148,148,0,0,High CI
2013-09-27,2014-07-22,201,2014-11-05,106,2015-12-04,True,0.0147706718078477,0.0438527218766848,5.8897860920353375,-0.0006211185799216,-2.2523986183486206e-05,2.9517203343212733e-05,3.7129439085427166e-05,0.9,9.216768734433767,2.222616185099232,1.633503056515858,True,200,0.6923076923076923,2015-07-20,-257,257,0,0,High CI
2013-08-23,2014-07-22,226,2014-09-17,57,2015-12-04,True,0.0147937275720035,0.0494610888572729,5.876882342907105,-0.0006626538776944,2.88524443870075e-06,-6.781956350877e-05,6.788090917180721e-05,0.9,6.508611931614674,-1.5282790131067758,1.3498739757936085,True,225,0.6923076923076923,2015-07-20,-306,306,0,0,High CI
2013-07-18,2014-07-22,251,2014-09-19,59,2015-12-04,True,0.0142379838982987,0.0508827665575419,5.878268026366924,-0.0006690715529423,2.1685866126860815e-05,-6.544276016831493e-05,6.8942234139312e-05,0.9,6.539843468672144,-1.2508124531066656,1.335556815984002,True,250,0.6923076923076923,2015-07-20,-304,304,0,0,High CI
2013-06-13,2014-07-22,276,2015-11-16,482,2015-12-04,True,0.0151810120622231,0.0636078231164086,6.234310708198291,-0.0013571983477083,-6.714630619471655e-05,0.0001073479689241,0.0001266183749213,0.9,6.0,2.129756127202927,1.6078215526198978,True,275,0.6923076923076923,2015-07-20,119,119,0,1,High CI
2013-03-28,2014-07-22,326,2014-10-03,73,2015-12-04,True,0.0183550028593871,0.1098313983696041,5.88597821016875,-0.0006928137895977,-7.257795179684665e-05,3.6689543523598e-05,8.132454543983255e-05,0.9,7.152595695957402,2.673539489872122,1.0719479822009208,True,325,0.6923076923076923,2015-07-20,-290,290,0,0,High CI
2013-02-21,2014-07-22,351,2014-09-24,64,2015-12-04,True,0.0180342067804617,0.1141566475843594,5.882824459854922,-0.0006938734372027,7.283682989722954e-05,2.9294877384768565e-05,7.850728393255352e-05,0.9,6.794139118729218,0.3824003591294094,1.1707883266822523,True,350,0.6923076923076923,2015-07-20,-299,299,0,0,High CI
2013-01-17,2014-07-22,376,2015-03-08,229,2015-12-04,True,0.0177522275596475,0.1184932353318959,5.961214698397699,-0.0007890645071298,-2.293395904002374e-05,-3.271107778406614e-05,3.994973200216382e-05,0.9,12.963106512604371,-2.1822647231855283,1.371298681910617,True,375,0.6923076923076923,2015-07-20,-134,134,0,0,High CI
2012-12-05,2014-07-22,401,2015-03-04,225,2015-12-04,True,0.0172713134550544,0.119617605653561,5.9604665522488185,-0.0007918845156818,-1.9383062859259817e-05,-3.5739134625777165e-05,4.065696581897673e-05,0.9,13.0,-2.067746022973234,1.3484226640690775,True,400,0.6923076923076923,2015-07-20,-138,138,0,0,High CI
2012-08-22,2014-07-22,476,2014-09-12,52,2015-12-04,True,0.0169152835576023,0.1361963652890284,5.880821523619376,-0.0007267208105549,5.0088710941952734e-05,-3.281543761465113e-06,5.019609041832746e-05,0.9,13.0,-0.0654211453054945,1.0022979939560572,True,475,0.6923076923076923,2015-07-20,-311,311,0,0,High CI
2012-07-17,2014-07-22,501,2014-09-02,42,2015-12-04,True,0.0177350794296362,0.157581054230129,5.878397925335797,-0.0007347358199473,2.844334292668768e-05,-3.43486274275299e-05,4.459654653670409e-05,0.9,11.862974485672709,-0.8791675818079447,1.2499104443880535,True,500,0.6923076923076923,2015-07-20,-321,321,0,0,High CI
2012-06-12,2014-07-22,526,2014-12-15,146,2015-12-04,True,0.0189949379964335,0.1897848341508755,5.93202464380291,-0.0008056605285259,-4.798664016948833e-05,5.54986909402755e-06,4.830650765390512e-05,0.9,10.096120986380232,3.02644975431172,1.4867378876358828,True,525,0.6923076923076923,2015-07-20,-217,217,0,0,High CI
2012-05-04,2014-07-22,551,2014-11-12,113,2015-12-04,True,0.0202240200052053,0.2253650528291913,5.9221631533748464,-0.0008236734034004,-4.671711854647952e-05,4.404993635361029e-05,6.420970376853437e-05,0.9,9.092180551866525,2.385570951873748,1.269781029836784,True,550,0.6923076923076923,2015-07-20,-250,250,0,0,High CI
2012-03-27,2014-07-22,576,2015-01-31,193,2015-12-04,True,0.0217328207226825,0.2720537260210128,5.950270538406713,-0.0008036465713447,-8.812888091951773e-06,4.893959686804274e-05,4.972676480656876e-05,0.9,11.727170425967609,1.7489636952579617,1.2402926320856966,True,575,0.6923076923076923,2015-07-20,-170,170,0,0,High CI
2011-12-08,2014-07-22,651,2015-02-20,213,2015-12-04,True,0.0251566862444394,0.4119911196835616,5.9579498046938735,-0.0008007686967884,-3.2753395994414454e-05,-3.308240639657198e-05,4.655352362770053e-05,0.9,13.0,-2.351197092859822,1.1908407470491953,True,650,0.6923076923076923,2015-07-20,-150,150,0,0,High CI
2011-11-02,2014-07-22,676,2014-11-01,102,2015-12-04,True,0.0265788164772259,0.47754903608312,5.916412094038011,-0.0008132134454793,-1.1729744844741936e-05,4.424039378698433e-05,4.57689781025335e-05,0.9,13.0,1.8299696316723697,1.230077548448055,True,675,0.6923076923076923,2015-07-20,-261,261,0,0,High CI
2011-09-28,2014-07-22,701,2014-10-29,99,2015-12-04,True,0.0266618527254687,0.4983089279189636,5.91624305673563,-0.0008178586021251,-6.0263165060362096e-06,4.751340972589631e-05,4.789405594029203e-05,0.9,13.0,1.6969567109147297,1.182213095873843,True,700,0.6923076923076923,2015-07-20,-264,264,0,0,High CI
2011-08-24,2014-07-22,726,2014-10-25,95,2015-12-04,True,0.0269709550508579,0.5281159342740205,5.916214439258383,-0.0008240606185364,1.1952569008624311e-06,5.153507998035307e-05,5.154893895746494e-05,0.9,13.0,1.54760741055638,1.1067221104422271,True,725,0.6923076923076923,2015-07-20,-268,268,0,0,High CI
2011-07-19,2014-07-22,751,2014-11-05,106,2015-12-04,True,0.0332426097800267,0.8299083998453325,5.913419788229548,-0.0007947270133647,-1.065679680231128e-05,2.556102993336329e-05,2.7693565486228855e-05,0.9,13.0,1.9657996923029728,1.9867272955903932,True,750,0.6923076923076923,2015-07-20,-257,257,0,0,High CI
2013-09-30,2014-07-23,201,2014-11-24,124,2015-12-05,True,0.0147820289101755,0.0439201841189544,5.895658035795355,-0.0006186277298654,-1.4353609996005886e-05,3.119862092535043e-05,3.4342103423657e-05,0.9,10.179017058875855,2.00199444037755,1.592718991945549,True,200,0.7307692307692307,2015-07-20,-238,238,0,0,High CI
2013-08-26,2014-07-23,226,2014-09-14,53,2015-12-05,True,0.0148166952660462,0.0496147876451542,5.8753847074450585,-0.0006591147386404,-4.688291984125403e-05,-5.05948774233904e-05,6.897716864535213e-05,0.9,6.382870006267784,-2.318132849254546,1.3473554062173274,True,225,0.7307692307692307,2015-07-20,-309,309,0,0,High CI
2013-07-19,2014-07-23,251,2014-09-21,60,2015-12-05,True,0.014258705798312,0.0510309834517472,5.878672585591392,-0.0006668624056374,5.0900828557503305e-05,-4.595817321502682e-05,6.857877246716182e-05,0.9,6.624036665544416,-0.7344130022781942,1.32119313787279,True,250,0.7307692307692307,2015-07-20,-302,302,0,0,High CI
2013-06-14,2014-07-23,276,2015-11-25,490,2015-12-05,True,0.0151795212240379,0.0635953306271209,6.243807655087031,-0.0013706589952546,-7.665610741917534e-05,0.0001039326144726,0.0001291439009623,0.9,6.0,2.2062854906941927,1.5920136201255384,True,275,0.7307692307692307,2015-07-20,128,128,0,0,High CI
2013-04-02,2014-07-23,326,2014-10-09,78,2015-12-05,True,0.0183692787590755,0.1100023110939316,5.888448237092746,-0.0006954295826841,-5.00750866738123e-05,-6.20201918760114e-05,7.971209761213842e-05,0.9,7.359455091943614,-2.2500330459252584,1.066905056165057,True,325,0.7307692307692307,2015-07-20,-284,284,0,0,High CI
2013-02-22,2014-07-23,351,2014-09-30,69,2015-12-05,True,0.0179830354454617,0.1135097369052899,5.884872906172919,-0.0006948617034084,-5.758935991280001e-06,7.798755088142203e-05,7.819989409349638e-05,0.9,6.98861865076151,1.6445068389656767,1.144309170246372,True,350,0.7307692307692307,2015-07-20,-293,293,0,0,High CI
2013-01-18,2014-07-23,376,2015-02-17,209,2015-12-05,True,0.0177708127637068,0.1187414716423047,5.952931397314117,-0.0007846210040067,3.9154350073841055e-05,-1.270242074609751e-05,4.116326787945517e-05,0.9,12.333075377838687,-0.3137064452885306,1.3909810329396275,True,375,0.7307692307692307,2015-07-20,-153,153,0,0,High CI
2012-12-06,2014-07-23,401,2015-03-04,224,2015-12-05,True,0.0172799947810539,0.1197378860729334,5.959960289827697,-0.0007905886618152,-2.5158997540664785e-05,-3.191753500474339e-05,4.064116383705314e-05,0.9,12.9735949588217,-2.238331468349509,1.3494805200428108,True,400,0.7307692307692307,2015-07-20,-138,138,0,0,High CI
2012-09-27,2014-07-23,451,2014-10-24,93,2015-12-05,True,0.0170034627817485,0.1303921037032085,5.900927202309496,-0.0007514543978701,1.6507398927551525e-05,4.530772437083881e-05,4.822119976750091e-05,0.9,13.0,1.2214043422917402,1.078856732251129,True,450,0.7307692307692307,2015-07-20,-269,269,0,0,High CI
2012-08-23,2014-07-23,476,2014-09-13,52,2015-12-05,True,0.0169373961377547,0.1365526846533611,5.880922773262182,-0.0007261703276609,5.009923826073872e-05,-2.2561975554019267e-06,5.015001596924241e-05,0.9,13.0,-0.045004160003776,1.0024589106285042,True,475,0.7307692307692307,2015-07-20,-310,310,0,0,High CI
2012-07-18,2014-07-23,501,2014-10-25,94,2015-12-05,True,0.0176562051975568,0.1561825325710953,5.900619639662587,-0.0007465476291884,1.2987973603308688e-05,3.7775869391650126e-05,3.994626098416787e-05,0.9,13.0,1.2396406271980107,1.2938399079855605,True,500,0.7307692307692307,2015-07-20,-268,268,0,0,High CI
2012-06-13,2014-07-23,526,2014-12-09,139,2015-12-05,True,0.0189233847450452,0.1883577018499393,5.928972216291768,-0.000802844400964,-2.338009001940077e-05,4.213075623786305e-05,4.818328787546072e-05,0.9,9.966348078611796,2.077425204743667,1.504670511722209,True,525,0.7307692307692307,2015-07-20,-223,223,0,0,High CI
2012-05-07,2014-07-23,551,2014-11-12,112,2015-12-05,True,0.0202186655171431,0.225245733847057,5.922287371438246,-0.0008238374096832,-4.73426974531574e-05,4.412597888418964e-05,6.4718104226168e-05,0.9,9.091539731641056,2.3913474364292853,1.260145782645216,True,550,0.7307692307692307,2015-07-20,-250,250,0,0,High CI
2012-03-28,2014-07-23,576,2015-01-21,182,2015-12-05,True,0.0215752155649542,0.2681221977643634,5.94625682871046,-0.00080307661955,4.935881825520487e-05,-9.982188638129558e-06,5.03580880252373e-05,0.9,11.453749175673956,-0.1995457743662876,1.2530909420363932,True,575,0.7307692307692307,2015-07-20,-180,180,0,0,High CI
2011-12-09,2014-07-23,651,2015-02-21,213,2015-12-05,True,0.0250817600371224,0.4095406409504239,5.957939795295815,-0.0007992344402421,-3.227950716804001e-05,-3.438166012026369e-05,4.71599950767266e-05,0.9,13.0,-2.3246700416299646,1.1732744035207363,True,650,0.7307692307692307,2015-07-20,-149,149,0,0,High CI
2011-11-03,2014-07-23,676,2014-11-01,101,2015-12-05,True,0.0265928612096563,0.4780538607056451,5.916473886187378,-0.0008124996787159,-1.2497454175109626e-05,4.3889295055147184e-05,4.563394111072078e-05,0.9,13.0,1.848203773322409,1.232634665955731,True,675,0.7307692307692307,2015-07-20,-261,261,0,0,High CI
2011-09-29,2014-07-23,701,2014-10-30,99,2015-12-05,True,0.0266593816101118,0.4982165621113307,5.916312095214888,-0.0008169861751432,-6.986704657444249e-06,4.703772216853174e-05,4.755377323382799e-05,0.9,13.0,1.7182523017137157,1.189402596465977,True,700,0.7307692307692307,2015-07-20,-263,263,0,0,High CI
2011-08-25,2014-07-23,726,2014-10-26,95,2015-12-05,True,0.026992452402278,0.5289581453363912,5.916310457536007,-0.0008238271719649,8.456133936937579e-07,5.155310175468888e-05,5.156003648700124e-05,0.9,13.0,1.554395032992329,1.1061704512703174,True,725,0.7307692307692307,2015-07-20,-267,267,0,0,High CI
2011-07-20,2014-07-23,751,2014-11-05,105,2015-12-05,True,0.0328207481544949,0.8089783335750087,5.9137485167239925,-0.0007965312821603,-1.0488450563941408e-05,2.730740530860667e-05,2.925238417498243e-05,0.9,13.0,1.9375107803910705,1.8851274839843888,True,750,0.7307692307692307,2015-07-20,-257,257,0,0,High CI
2013-10-01,2014-07-24,201,2015-01-01,161,2015-12-06,True,0.014761211610713,0.043796567011466,5.94702877622358,-0.0038319875096404,0.0001617745433971,-1.2487102497376652e-05,0.0001622557568166,0.6365027425858016,12.922612049588748,-0.0770355519867873,1.1632523621770554,True,200,0.7307692307692307,2015-07-20,-200,200,0,0,High CI
2013-08-27,2014-07-24,226,2014-09-26,64,2015-12-06,True,0.0148205725799691,0.0496407579811779,5.87973516782159,-0.000658270303849,3.317292489381826e-05,5.491036707836025e-05,6.415287490589317e-05,0.9,6.922432056592847,1.0273465971129725,1.3340495101520982,True,225,0.7307692307692307,2015-07-20,-297,297,0,0,High CI
2013-07-22,2014-07-24,251,2014-09-20,58,2015-12-06,True,0.0142665553731682,0.0510871851561345,5.8780669823993765,-0.0006644783107136,4.062122806425253e-05,-5.5670831441075454e-05,6.891535128538963e-05,0.9,6.59293428266981,-0.9404351418975222,1.3162203408035702,True,250,0.7307692307692307,2015-07-20,-303,303,0,0,High CI
2013-06-17,2014-07-24,276,2015-12-04,498,2015-12-06,True,0.0151601124305715,0.0634328064584896,6.256425906569842,-0.0013922982002689,-8.764639764945284e-05,9.97892820716362e-05,0.000132814878072,0.9,6.0,2.291500621941917,1.572449811887958,True,275,0.7307692307692307,2015-07-20,137,137,0,0,High CI
2013-04-03,2014-07-24,326,2014-10-04,72,2015-12-06,True,0.0183623010537029,0.1099187565957032,5.885843306135609,-0.0006911825426891,-7.216709635181004e-05,3.765630537635157e-05,8.140078089581498e-05,0.9,7.147213029517542,2.6606628168614184,1.0692271353456424,True,325,0.7307692307692307,2015-07-20,-289,289,0,0,High CI
2013-02-25,2014-07-24,351,2014-10-03,71,2015-12-06,True,0.0179685807692879,0.1133273330967114,5.886168678722389,-0.0006954570833955,-5.9487203707591887e-05,5.037505035145386e-05,7.795109430187651e-05,0.9,7.1104896165310985,2.4389466978768524,1.129252657905139,True,350,0.7307692307692307,2015-07-20,-290,290,0,0,High CI
2013-01-21,2014-07-24,376,2015-03-06,225,2015-12-06,True,0.0177744725213232,0.1187903844026394,5.960158612662386,-0.0007876059973088,-3.101984041260506e-05,-2.540944650509085e-05,4.009826019815024e-05,0.9,12.925641202377989,-2.455292260170133,1.3676466243776573,True,375,0.7307692307692307,2015-07-20,-136,136,0,0,High CI
2012-12-07,2014-07-24,401,2015-02-23,214,2015-12-06,True,0.0172921536571304,0.1199064498188255,5.955912380490208,-0.0007888963567478,-1.5980351496909777e-05,3.7962555191444494e-05,4.118892121224172e-05,0.9,12.681037320065911,1.9692319035815344,1.3593373868551215,True,400,0.7307692307692307,2015-07-20,-147,147,0,0,High CI
2012-09-28,2014-07-24,451,2014-10-25,93,2015-12-06,True,0.0170046465291354,0.1304102596149586,5.901219584777764,-0.0007517760379046,1.5432562020456945e-05,4.601555819053979e-05,4.853447811713034e-05,0.9,13.0,1.2472075592345533,1.072351767495968,True,450,0.7307692307692307,2015-07-20,-268,268,0,0,High CI
2012-08-24,2014-07-24,476,2014-09-13,51,2015-12-06,True,0.0169501003871395,0.1367576098918354,5.881083497664887,-0.0007256081770472,5.007684780512016e-05,-1.2302371720943894e-06,5.009195713482126e-05,0.9,13.0,-0.0245620444937586,1.0028438721592725,True,475,0.7307692307692307,2015-07-20,-310,310,0,0,High CI
2012-07-19,2014-07-24,501,2014-09-07,45,2015-12-06,True,0.0176647017068372,0.1563328848821617,5.879906201676837,-0.0007332719889098,1.8435398481259595e-05,4.103503410690849e-05,4.4985974940174094e-05,0.9,12.175492266372885,1.1485579747538883,1.2048803966589403,True,500,0.7307692307692307,2015-07-20,-316,316,0,0,High CI
2012-06-14,2014-07-24,526,2014-12-06,135,2015-12-06,True,0.0188254277525808,0.1864126800155788,5.927409922137728,-0.0008002930047164,-8.760533500903086e-06,4.675021206524502e-05,4.756394932473361e-05,0.9,9.924759650353057,1.7560382432478232,1.5257859952387989,True,525,0.7307692307692307,2015-07-20,-226,226,0,0,High CI
2012-05-08,2014-07-24,551,2014-11-12,111,2015-12-06,True,0.0201898325823907,0.2246037661774373,5.922334782631744,-0.0008243014398823,-4.473526954978351e-05,4.7674400845831074e-05,6.537654654156003e-05,0.9,9.080349473150088,2.32439975677894,1.2496949902960022,True,550,0.7307692307692307,2015-07-20,-250,250,0,0,High CI
2012-03-29,2014-07-24,576,2015-01-13,173,2015-12-06,True,0.021458431935415,0.2652274374490594,5.942906123067122,-0.0008026819379036,-1.494046883423412e-05,-4.868737244329973e-05,5.092816356810152e-05,0.9,11.21841176723704,-1.8685396693042964,1.2644352867995696,True,575,0.7307692307692307,2015-07-20,-188,188,0,0,High CI
2011-12-12,2014-07-24,651,2015-02-23,214,2015-12-06,True,0.0250338599955664,0.4079778892267336,5.95821436089131,-0.0007979634892828,-3.1408930141966265e-05,-3.579839391803277e-05,4.7624005499050186e-05,0.9,13.0,-2.290974837529658,1.159995376328116,True,650,0.7307692307692307,2015-07-20,-147,147,0,0,High CI
2011-11-04,2014-07-24,676,2014-11-02,101,2015-12-06,True,0.026606679066214,0.4785507907503802,5.916551208033185,-0.0008122096317556,-1.2807734907084989e-05,4.369519746961895e-05,4.553359589752557e-05,0.9,13.0,1.855925060167016,1.2349101026334797,True,675,0.7307692307692307,2015-07-20,-260,260,0,0,High CI
2011-09-30,2014-07-24,701,2014-10-30,98,2015-12-06,True,0.0266592403898862,0.4982112838141872,5.916452538725367,-0.0008162943057095,-7.931296979892849e-06,4.6587603285426165e-05,4.725791205357584e-05,0.9,13.0,1.7394243936405784,1.1958353690891097,True,700,0.7307692307692307,2015-07-20,-263,263,0,0,High CI
2011-08-26,2014-07-24,726,2014-10-27,95,2015-12-06,True,0.0270107172200313,0.5296742412816016,5.916593322122173,-0.0008235975995826,4.094981647042196e-08,5.141220883229446e-05,5.141222514055316e-05,0.9,13.0,1.5699998271163025,1.1090415791155472,True,725,0.7307692307692307,2015-07-20,-266,266,0,0,High CI
2011-07-21,2014-07-24,751,2014-11-04,103,2015-12-06,True,0.0323004532783746,0.7835327807733345,5.913851939683009,-0.0007984280371279,-9.928008988275136e-06,2.936818835283855e-05,3.1000900786897684e-05,0.9,13.0,1.8967886969549796,1.783038098336372,True,750,0.7307692307692307,2015-07-20,-258,258,0,0,High CI
2013-10-02,2014-07-25,201,2014-12-30,158,2015-12-07,True,0.0147756977032826,0.0438825697663769,5.947967176526723,-0.0041942008079547,0.0001788373124936,-2.796801799015636e-05,0.0001810110338355,0.6225627055493744,12.933261622816897,-0.1551314958929094,1.1153706409458848,True,200,0.6923076923076923,2015-07-20,-202,202,0,0,High CI
2013-08-28,2014-07-25,226,2014-10-07,74,2015-12-07,True,0.014766319981039,0.04927799050683,5.882774232032877,-0.0006520607047674,-4.028237929710927e-05,-4.263623207868496e-05,5.8655932075994335e-05,0.9,7.3956750984495585,-2.3278146034156157,1.3528223646125068,True,225,0.6923076923076923,2015-07-20,-286,286,0,0,High CI
2013-07-23,2014-07-25,251,2014-09-22,59,2015-12-07,True,0.0142987256593892,0.0513178424261013,5.878189642103177,-0.0006616167963799,5.767860173266911e-05,-3.74618676594688e-05,6.877654125042502e-05,0.9,6.652831133463407,-0.5760189620584185,1.3013742223105265,True,250,0.6923076923076923,2015-07-20,-301,301,0,0,High CI
2013-06-18,2014-07-25,276,2015-12-05,498,2015-12-07,True,0.0151492860870312,0.063342239829294,6.256991868548276,-0.0013936474776134,-8.83078257535495e-05,0.0001009786543262,0.0001341452970433,0.9,6.0,2.2893542516657504,1.558363403336093,True,275,0.6923076923076923,2015-07-20,138,138,0,0,High CI
2013-04-04,2014-07-25,326,2014-10-05,72,2015-12-07,True,0.0183820682638654,0.110155541372315,5.885952452419247,-0.0006899855409851,-7.656116334915468e-05,2.787477239610063e-05,8.147769430654232e-05,0.9,7.165455006121897,2.79242545195696,1.0636530639850594,True,325,0.6923076923076923,2015-07-20,-288,288,0,0,High CI
2013-02-26,2014-07-25,351,2014-10-01,68,2015-12-07,True,0.0179643921884415,0.1132745047317496,5.884538384087255,-0.0006904326071578,-1.7410339011901706e-05,7.819223691868241e-05,8.010708969159163e-05,0.9,7.010073242756792,1.7898830871881573,1.1065480916123578,True,350,0.6923076923076923,2015-07-20,-292,292,0,0,High CI
2013-01-22,2014-07-25,376,2015-03-01,219,2015-12-07,True,0.0177977628791753,0.11910189667726,5.957597637093508,-0.0007856035201176,-3.435369110276033e-05,2.139077830346089e-05,4.046901887631682e-05,0.9,12.748322062025103,2.5846755183675287,1.3704721929573107,True,375,0.6923076923076923,2015-07-20,-141,141,0,0,High CI
2012-12-10,2014-07-25,401,2015-02-25,215,2015-12-07,True,0.0173122571889384,0.1201854138393566,5.95651827756482,-0.0007880529346269,-3.115975295772502e-05,2.6766693487954312e-05,4.107780525617877e-05,0.9,12.745238000176451,2.431888175393999,1.354698714474881,True,400,0.6923076923076923,2015-07-20,-145,145,0,0,High CI
2012-08-27,2014-07-25,476,2014-09-14,51,2015-12-07,True,0.0169805408525795,0.1372492533995545,5.88128127191554,-0.0007248876180936,5.000220951318256e-05,1.6120562014265294e-07,5.000246937354364e-05,0.9,13.0,0.0032239587648793,1.003640980839991,True,475,0.6923076923076923,2015-07-20,-309,309,0,0,High CI
2012-07-20,2014-07-25,501,2014-09-10,47,2015-12-07,True,0.0176812093928463,0.1566252079624323,5.880584815504508,-0.0007327084245265,-1.182909513320486e-05,4.34619931389235e-05,4.504300544233526e-05,0.9,12.278322334909385,1.8365305627229729,1.1923597392160246,True,500,0.6923076923076923,2015-07-20,-313,313,0,0,High CI
2012-06-15,2014-07-25,526,2014-12-13,141,2015-12-07,True,0.0187162513819138,0.1842567826060608,5.929423855103839,-0.000798034829989,-4.596367053320779e-05,2.2316502438485112e-06,4.601781472099847e-05,0.9,10.117585408407152,3.093078270264307,1.5426289787547036,True,525,0.6923076923076923,2015-07-20,-219,219,0,0,High CI
2012-05-09,2014-07-25,551,2014-11-14,112,2015-12-07,True,0.0202110416723079,0.2250758992193525,5.922898976787572,-0.0008241181998945,-5.5166183849161975e-05,3.538408481197454e-05,6.553885335021163e-05,0.9,9.11439415532287,2.5712805532652654,1.2416676605373744,True,550,0.6923076923076923,2015-07-20,-248,248,0,0,High CI
2012-03-30,2014-07-25,576,2015-01-11,170,2015-12-07,True,0.0213979158650437,0.2637335827396738,5.942165162676397,-0.0008028827875823,-3.812297868498135e-05,-3.411599071004234e-05,5.115918613448847e-05,0.9,11.13820756834052,-2.411606217002364,1.268106483614105,True,575,0.6923076923076923,2015-07-20,-190,190,0,0,High CI
2011-12-13,2014-07-25,651,2015-02-23,213,2015-12-07,True,0.0249275592574624,0.4045204700578291,5.957673761714986,-0.0007962836555881,-3.174043226431811e-05,-3.654456650841397e-05,4.8404135996975074e-05,0.9,13.0,-2.285956056686364,1.1388970976716102,True,650,0.6923076923076923,2015-07-20,-147,147,0,0,High CI
2011-11-07,2014-07-25,676,2014-11-03,101,2015-12-07,True,0.0266313436476462,0.4794384419878221,5.916624441791093,-0.0008115933983181,-1.3438859533818748e-05,4.3357586849880606e-05,4.53925465579389e-05,0.9,13.0,1.8713600726512716,1.2378075153034662,True,675,0.6923076923076923,2015-07-20,-259,259,0,0,High CI
2011-10-03,2014-07-25,701,2014-10-31,98,2015-12-07,True,0.0266479053767865,0.4977877135400874,5.916525754752222,-0.0008152468530882,-9.064408580925556e-06,4.597321199571999e-05,4.685829408040127e-05,0.9,13.0,1.7654665436492514,1.2044861610929185,True,700,0.6923076923076923,2015-07-20,-262,262,0,0,High CI
2011-08-29,2014-07-25,726,2014-10-27,94,2015-12-07,True,0.027037768613798,0.5307357163512422,5.916501280424173,-0.0008229140822457,-2.797048683884581e-07,5.1198734119256846e-05,5.119949814429586e-05,0.9,13.0,1.576259393227854,1.1127252607855898,True,725,0.6923076923076923,2015-07-20,-266,266,0,0,High CI
2011-07-22,2014-07-25,751,2014-11-04,102,2015-12-07,True,0.0316982206241281,0.7545876702426648,5.914160620238628,-0.000800502677572,-9.553485986368574e-06,3.146070140824142e-05,3.287924615301063e-05,0.9,13.0,1.8656112935422495,1.6855440018818284,True,750,0.6923076923076923,2015-07-20,-258,258,0,0,High CI
2013-10-03,2014-07-28,201,2014-12-31,156,2015-12-10,True,0.0147754108316021,0.0438808658137679,5.951501528395457,-0.0048210724763687,0.0002036451225108,4.488338263240423e-05,0.000208532620851,0.6020544715963994,13.0,0.21693179560702,1.0706859233980213,True,200,0.6923076923076923,2015-07-20,-201,201,0,0,High CI
2013-08-29,2014-07-28,226,2014-10-06,70,2015-12-10,True,0.0146782431188885,0.0486918855589272,5.881357470627044,-0.0006418671981234,-3.952455756587128e-05,-3.989710282396357e-05,5.616021246864896e-05,0.9,7.403317287583018,-2.3515037984598925,1.3894169313325004,True,225,0.6923076923076923,2015-07-20,-287,287,0,0,High CI
2013-07-24,2014-07-28,251,2014-10-01,65,2015-12-10,True,0.0143398022399053,0.0516131119981785,5.881501293018243,-0.0006603618598777,-2.683102137536029e-05,6.0298967991419074e-05,6.599900945374274e-05,0.9,7.062609040867296,1.9894565239816744,1.275034417358702,True,250,0.6923076923076923,2015-07-20,-292,292,0,0,High CI
2013-06-19,2014-07-28,276,2015-12-08,498,2015-12-10,True,0.0151527654097295,0.0633713386791934,6.258365021410832,-0.0013940017475689,-9.0319239000195e-05,0.000100745320204,0.0001353040445684,0.9,6.0,2.3016801883627385,1.5454102854218734,True,275,0.6923076923076923,2015-07-20,141,141,0,0,High CI
2013-04-05,2014-07-28,326,2014-10-01,65,2015-12-10,True,0.0184054258602558,0.110435662557744,5.883821756640639,-0.000684183002501,-2.369841540344933e-05,8.02467835770105e-05,8.367294166628783e-05,0.9,7.021182459640487,1.8579532903560056,1.0481404778359733,True,325,0.6923076923076923,2015-07-20,-292,292,0,0,High CI
2013-02-27,2014-07-28,351,2014-10-09,73,2015-12-10,True,0.0179144903491111,0.1126460665284069,5.887775391709372,-0.0006925916956848,-6.695885183733669e-05,-4.193142727337235e-05,7.900463551309203e-05,0.9,7.302334888444871,-2.582111633985625,1.080451979694364,True,350,0.6923076923076923,2015-07-20,-284,284,0,0,High CI
2013-01-23,2014-07-28,376,2015-03-03,218,2015-12-10,True,0.0178271579520983,0.1194956428040483,5.957992597154629,-0.0007846487945441,-3.9576661154493866e-05,8.168050395130594e-06,4.041075544202331e-05,0.9,12.797015828515043,2.938064763405816,1.3655642700002466,True,375,0.6923076923076923,2015-07-20,-139,139,0,0,High CI
2012-12-11,2014-07-28,401,2015-03-03,218,2015-12-10,True,0.0173372345368997,0.1205324602563756,5.958609792899136,-0.0007874380694895,-3.5179188070532275e-05,-2.05698418975077e-05,4.075160940368299e-05,0.9,12.9176887976106,-2.612487034523993,1.3462612147783055,True,400,0.6923076923076923,2015-07-20,-139,139,0,0,High CI
2012-08-28,2014-07-28,476,2014-09-14,48,2015-12-10,True,0.0170216374110147,0.1379144027123796,5.880943761043877,-0.0007238561570774,5.010804228196675e-05,-6.582944488678077e-08,5.010808552366755e-05,0.9,13.0,-0.0013137493307729,1.0001004437343992,True,475,0.6923076923076923,2015-07-20,-309,309,0,0,High CI
2012-07-23,2014-07-28,501,2014-09-11,45,2015-12-10,True,0.0176678178269359,0.1563880451696636,5.880836795446686,-0.0007313743695458,-3.762825007810998e-05,2.5345093794257936e-05,4.536803922785859e-05,0.9,12.389530975489144,2.548829080221652,1.1710552099853622,True,500,0.6923076923076923,2015-07-20,-312,312,0,0,High CI
2012-06-18,2014-07-28,526,2014-12-17,142,2015-12-10,True,0.018653345149745,0.1830202720549212,5.930569633954035,-0.0007958045888005,-2.880948854111441e-05,-3.4427157605051054e-05,4.489115515069341e-05,0.9,10.251449926011198,-2.267591422265895,1.5563342424093227,True,525,0.6923076923076923,2015-07-20,-215,215,0,0,High CI
2012-05-10,2014-07-28,551,2014-11-15,110,2015-12-10,True,0.0202450120798232,0.225833143275816,5.923090308665698,-0.0008236379949498,-5.8688024727192046e-05,2.9627657783745068e-05,6.574254598150436e-05,0.9,9.12808837288344,2.674086039704437,1.2352433579558098,True,550,0.6923076923076923,2015-07-20,-247,247,0,0,High CI
2012-04-02,2014-07-28,576,2015-01-08,164,2015-12-10,True,0.0213001136094759,0.2613282277113116,5.9407963468620535,-0.0008030334304807,-5.095304069930937e-05,7.838819644962784e-06,5.155249217963892e-05,0.9,11.009573576565623,2.9889454282518195,1.2733739811127531,True,575,0.6923076923076923,2015-07-20,-193,193,0,0,High CI
2011-12-14,2014-07-28,651,2015-02-25,212,2015-12-10,True,0.0248395732792333,0.4016698648520569,5.9578588634668765,-0.000794427855395,-3.07260562961014e-05,-3.828090601868754e-05,4.908684448121289e-05,0.9,13.0,-2.2471492411904204,1.1204397452845156,True,650,0.6923076923076923,2015-07-20,-145,145,0,0,High CI
2011-11-08,2014-07-28,676,2014-11-04,99,2015-12-10,True,0.0266586408493922,0.4804217971893342,5.916788266163553,-0.000810794307656,-1.444796823362019e-05,4.282986111122144e-05,4.52011149075575e-05,0.9,13.0,1.8961431466091112,1.241825864732673,True,675,0.6923076923076923,2015-07-20,-258,258,0,0,High CI
2011-10-04,2014-07-28,701,2014-11-02,97,2015-12-10,True,0.0266088414099362,0.4963293392665772,5.916598472335189,-0.0008139205735375,-1.0480533963408633e-05,4.516366978702107e-05,4.636376452348581e-05,0.9,13.0,1.79881723966155,1.2153531530039647,True,700,0.6923076923076923,2015-07-20,-260,260,0,0,High CI
2011-08-30,2014-07-28,726,2014-10-28,92,2015-12-10,True,0.0270743110512556,0.5321712995215041,5.9164958927681015,-0.0008223719393917,-6.661553773106645e-07,5.105708605361589e-05,5.106143162185191e-05,0.9,13.0,1.5838428524101693,1.1149989365658215,True,725,0.6923076923076923,2015-07-20,-265,265,0,0,High CI
2011-07-25,2014-07-28,751,2014-11-03,98,2015-12-10,True,0.0310356615777119,0.7233724294642674,5.914377789599682,-0.0008025560944701,-9.002606728975905e-06,3.366201368054804e-05,3.484505837197013e-05,0.9,13.0,1.8321216188405431,1.5945324349264534,True,750,0.6923076923076923,2015-07-20,-259,259,0,0,High CI
2013-08-30,2014-07-29,226,2014-11-10,104,2015-12-11,True,0.0146211370137056,0.0483137483516228,5.893141268562933,-0.0006408152994326,2.829198667485192e-05,3.688007770372424e-05,4.648200341468445e-05,0.9,8.907747259692094,0.9164189078650564,1.39290871898214,True,225,0.6538461538461539,2015-07-20,-252,252,0,0,High CI
2013-07-25,2014-07-29,251,2014-09-30,63,2015-12-11,True,0.01437240573982,0.0518480777342532,5.880601446903936,-0.0006569174143071,-4.566631760953295e-06,6.651787761175967e-05,6.6674449136181e-05,0.9,7.008258621762913,1.6393414709458505,1.265271506590986,True,250,0.6538461538461539,2015-07-20,-293,293,0,0,High CI
2013-06-20,2014-07-29,276,2015-12-05,494,2015-12-11,True,0.0151601256620027,0.0634329171842087,6.252829966050706,-0.0013838081586516,-8.604726006121381e-05,0.0001039139196533,0.0001349156538795,0.9,6.0,2.262416101099458,1.5385258702671774,True,275,0.6538461538461539,2015-07-20,138,138,0,0,High CI
2013-04-08,2014-07-29,326,2014-10-04,67,2015-12-11,True,0.0183743684333391,0.1100632773956535,5.884574597394891,-0.0006824643010047,-6.945105030657729e-05,4.759035707965618e-05,8.41919858160853e-05,0.9,7.128002185683333,2.5408443186456764,1.02349062939395,True,325,0.6538461538461539,2015-07-20,-289,289,0,0,High CI
2013-02-28,2014-07-29,351,2014-10-03,66,2015-12-11,True,0.0178922811090649,0.1123669368733168,5.884186276274432,-0.0006839129905603,-3.992403176462594e-05,7.270552162781592e-05,8.294589313230445e-05,0.9,7.052503485562652,2.0729634063811364,1.0522166389901195,True,350,0.6538461538461539,2015-07-20,-290,290,0,0,High CI
2013-01-24,2014-07-29,376,2015-02-05,191,2015-12-11,True,0.0178613801870979,0.1199548672227092,5.94596997654023,-0.0007766757521349,-3.385834209870972e-05,2.533973935977044e-05,4.2290539373414927e-05,0.9,11.825153165836264,2.4991133756733417,1.3977588711257165,True,375,0.6538461538461539,2015-07-20,-165,165,0,0,High CI
2012-12-12,2014-07-29,401,2015-03-08,222,2015-12-11,True,0.0173573300203728,0.12081203907989,5.960149335735996,-0.000786809218481,-1.6069962556080697e-05,-3.712217585270314e-05,4.045120068172083e-05,0.9,13.0,-1.9793341128684572,1.3465955649103656,True,400,0.6538461538461539,2015-07-20,-134,134,0,0,High CI
2012-10-03,2014-07-29,451,2014-10-27,90,2015-12-11,True,0.0170962713637335,0.1318194050386293,5.901582827689827,-0.0007509410104814,1.277574724479661e-05,4.74890156342167e-05,4.917749814264453e-05,0.9,13.0,1.307993176203062,1.05715471030608,True,450,0.6538461538461539,2015-07-20,-266,266,0,0,High CI
2012-07-24,2014-07-29,501,2014-09-17,50,2015-12-11,True,0.017510093274787,0.153608286612363,5.882953806598576,-0.0007309786228289,1.8329223145113336e-06,-4.556205990387192e-05,4.559891343985125e-05,0.9,12.72348157888609,-1.5305888715774831,1.1339312555647298,True,500,0.6538461538461539,2015-07-20,-306,306,0,0,High CI
2012-06-19,2014-07-29,526,2014-12-24,148,2015-12-11,True,0.0185750172559479,0.1814864459469095,5.932989392133825,-0.0007938860935196,3.200276605390947e-05,-2.944249128355791e-05,4.348605900841836e-05,0.9,10.470203879732937,-0.7437546791344106,1.5692622032080057,True,525,0.6538461538461539,2015-07-20,-208,208,0,0,High CI
2012-05-11,2014-07-29,551,2014-11-18,112,2015-12-11,True,0.020266255113133,0.2263073240671358,5.924298672548408,-0.0008236443434907,-6.56862835404601e-05,-2.2181388677358718e-06,6.572372467681879e-05,0.9,9.197856986019676,-3.107836803926113,1.2262341570541675,True,550,0.6538461538461539,2015-07-20,-244,244,0,0,High CI
2012-04-03,2014-07-29,576,2015-01-10,165,2015-12-11,True,0.0211186179411991,0.2568937096778907,5.941653362928389,-0.0008045550796922,-4.991430909195595e-05,1.3342621365475873e-05,5.166685394941103e-05,0.9,10.98561163702747,2.88038922332031,1.2757395839529804,True,575,0.6538461538461539,2015-07-20,-191,191,0,0,High CI
2011-12-15,2014-07-29,651,2015-02-25,211,2015-12-11,True,0.0246542051761448,0.3956972211967069,5.9574528223866,-0.0007922964817773,-3.069512479687562e-05,-3.957685719361359e-05,5.008511067791957e-05,0.9,13.0,-2.230470322534452,1.0951616987533022,True,650,0.6538461538461539,2015-07-20,-145,145,0,0,High CI
2011-11-09,2014-07-29,676,2014-11-04,98,2015-12-11,True,0.0266854726446862,0.4813893683827218,5.9167919794804025,-0.0008101208224215,-1.496348051177521e-05,4.250196394281703e-05,4.505910216618608e-05,0.9,13.0,1.909310160360661,1.244704954378733,True,675,0.6538461538461539,2015-07-20,-258,258,0,0,High CI
2011-10-05,2014-07-29,701,2014-11-03,97,2015-12-11,True,0.0264579891835403,0.4907176593370732,5.916722682879268,-0.0008121971759996,-1.2460007525143302e-05,4.398560391396015e-05,4.571635527032327e-05,0.9,13.0,1.8468390433498567,1.2299544644149325,True,700,0.6538461538461539,2015-07-20,-259,259,0,0,High CI
2011-08-31,2014-07-29,726,2014-10-28,91,2015-12-11,True,0.0271043565586736,0.5333531008777521,5.916522175965207,-0.000822014040409,-9.550236916584782e-07,5.101826955299907e-05,5.1027207433232135e-05,0.9,13.0,1.5895133897888265,1.1152611949315885,True,725,0.6538461538461539,2015-07-20,-265,265,0,0,High CI
2011-07-26,2014-07-29,751,2014-11-03,97,2015-12-11,True,0.0303741892211982,0.6928661195047112,5.914594484997454,-0.0008045754600167,-8.377670174844999e-06,3.579629998899111e-05,3.676357505004556e-05,0.9,13.0,1.8006957950721605,1.5151240847858831,True,750,0.6538461538461539,2015-07-20,-259,259,0,0,High CI
2013-09-02,2014-07-30,226,2014-11-16,109,2015-12-12,True,0.0144778882859302,0.0473716903236922,5.893656718345859,-0.0006297361145278,-4.274996218059004e-05,5.8672769093632405e-06,4.315071499723992e-05,0.9,9.254075717361744,3.0051984283935096,1.4193191575862687,True,225,0.6153846153846154,2015-07-20,-246,246,0,0,High CI
2013-07-26,2014-07-30,251,2014-10-12,74,2015-12-12,True,0.0144227878403366,0.0522122190809276,5.884626756134797,-0.0006558698580929,2.8380821339943645e-06,-6.352095043705279e-05,6.358432082381485e-05,0.9,7.502040646159238,-1.5261465559450875,1.237458754041482,True,250,0.6153846153846154,2015-07-20,-281,281,0,0,High CI
2013-06-21,2014-07-30,276,2015-12-08,496,2015-12-12,True,0.0151792501279319,0.0635930591071847,6.241942261207228,-0.0013475497625444,-8.182424699957401e-05,0.0001004361788925,0.0001295478036385,0.9,6.0,2.254430001586577,1.5602924843525192,True,275,0.6153846153846154,2015-07-20,141,141,0,0,High CI
2013-03-01,2014-07-30,351,2014-10-04,66,2015-12-12,True,0.0179137274661,0.1126364727371275,5.8840588836132905,-0.000681041398777,-4.7889170493088304e-05,6.878271718170985e-05,8.38119015022041e-05,0.9,7.066937669795621,2.1789932785530244,1.0348539627013935,True,350,0.6153846153846154,2015-07-20,-289,289,0,0,High CI
2013-01-25,2014-07-30,376,2015-03-01,214,2015-12-12,True,0.0178894249570668,0.1203318535107411,5.95645270145568,-0.0007818226939367,-2.827398311913396e-05,2.9114806797636884e-05,4.05843577783953e-05,0.9,12.708983839232506,2.34154418090555,1.3642101504639466,True,375,0.6153846153846154,2015-07-20,-141,141,0,0,High CI
2012-12-13,2014-07-30,401,2015-03-06,219,2015-12-12,True,0.0173964308783517,0.1213569587294127,5.9593055863084645,-0.0007855376910955,-1.7194608756558087e-05,-3.680386473616848e-05,4.062239566802147e-05,0.9,13.0,-2.007857855122019,1.3387536042616877,True,400,0.6153846153846154,2015-07-20,-136,136,0,0,High CI
2012-10-04,2014-07-30,451,2015-02-25,210,2015-12-12,True,0.0171435288943193,0.132549162910614,5.957590114642277,-0.0007942494950584,-3.050830146839408e-05,-2.949900574723008e-05,4.243757531435472e-05,0.9,13.0,-2.373012451345949,1.2957032322590225,True,450,0.6153846153846154,2015-07-20,-145,145,0,0,High CI
2012-07-25,2014-07-30,501,2014-09-21,53,2015-12-12,True,0.0173169295051302,0.1502378997903113,5.884344714700759,-0.0007297242642129,4.485012570097416e-05,1.0834266568669182e-05,4.614016804774518e-05,0.9,12.993070783933543,0.23702518791884,1.0954947999121043,True,500,0.6153846153846154,2015-07-20,-302,302,0,0,High CI
2012-06-20,2014-07-30,526,2015-01-09,163,2015-12-12,True,0.01856481658945,0.1812871702899574,5.938997416732972,-0.0007930293447082,-3.15416697837022e-05,2.7272835625128265e-05,4.1697535847809725e-05,0.9,10.919481951419296,2.4286487528618834,1.5675425627773356,True,525,0.6153846153846154,2015-07-20,-192,192,0,0,High CI
2012-05-14,2014-07-30,551,2014-11-20,113,2015-12-12,True,0.0202974904353489,0.2270054530031687,5.924960963648642,-0.0008234692426234,-6.292441096167879e-05,-1.9753186676370988e-05,6.595202710111192e-05,0.9,9.234765784822995,-2.8374152857301684,1.2168466705897627,True,550,0.6153846153846154,2015-07-20,-242,242,0,0,High CI
2012-04-04,2014-07-30,576,2015-01-06,160,2015-12-12,True,0.0209989953206828,0.2539916953793616,5.940358297652168,-0.0008048627019556,-2.1472722826244847e-05,4.759577758929564e-05,5.221528387265967e-05,0.9,10.855678623068512,1.9946042229368728,1.277937724171862,True,575,0.6153846153846154,2015-07-20,-195,195,0,0,High CI
2011-12-16,2014-07-30,651,2015-02-26,211,2015-12-12,True,0.0245141344791797,0.3912137558104129,5.957173368056109,-0.0007901851053907,-3.036489038297565e-05,-4.096170310767889e-05,5.0989093828501774e-05,0.9,13.0,-2.2087058272159847,1.072878895728067,True,650,0.6153846153846154,2015-07-20,-144,144,0,0,High CI
2011-11-10,2014-07-30,676,2014-11-06,99,2015-12-12,True,0.0267077626843131,0.4821939012186744,5.916951646563027,-0.0008090669288271,-1.622247541275474e-05,4.183185709877055e-05,4.486728180812152e-05,0.9,13.0,1.9407431113149167,1.2484002503522105,True,675,0.6153846153846154,2015-07-20,-256,256,0,0,High CI
2011-10-06,2014-07-30,701,2014-11-05,98,2015-12-12,True,0.0264204338738397,0.4893255675834382,5.916866026327731,-0.0008108278454764,-1.4005117074136232e-05,4.301061177262274e-05,4.523335085217031e-05,0.9,13.0,1.8855889275138624,1.2409921970963005,True,700,0.6153846153846154,2015-07-20,-257,257,0,0,High CI
2011-09-01,2014-07-30,726,2014-10-29,91,2015-12-12,True,0.0271119263188823,0.5336510543710872,5.916510125764684,-0.0008219414404955,-8.522188148715477e-07,5.127475789090784e-05,5.128183960896525e-05,0.9,13.0,1.5874154272859486,1.1096255247872313,True,725,0.6153846153846154,2015-07-20,-264,264,0,0,High CI
2011-07-27,2014-07-30,751,2014-11-03,96,2015-12-12,True,0.0297312285949784,0.663843411278914,5.914949781414571,-0.0008065681421089,-7.968996671570404e-06,3.780872071905662e-05,3.8639413431923645e-05,0.9,13.0,1.7785272161193937,1.4451392491662325,True,750,0.6153846153846154,2015-07-20,-259,259,0,0,High CI
2013-09-03,2014-07-31,226,2014-11-28,120,2015-12-13,True,0.01456208154635,0.0479242534855362,5.896270787171752,-0.0006211095832319,3.9053884554541234e-05,1.2276084866091736e-05,4.093785727708426e-05,0.9,9.821513198986874,0.3045576500591438,1.3902958530624905,True,225,0.6153846153846154,2015-07-20,-234,234,0,0,High CI
2013-07-29,2014-07-31,251,2014-10-21,82,2015-12-13,True,0.0145556913384482,0.0531789057353843,5.886917651364137,-0.0006508984131569,4.554271931584782e-05,4.182102846990387e-05,6.183152678822194e-05,0.9,7.861291196627055,0.7428239599207263,1.2051798670647444,True,250,0.6153846153846154,2015-07-20,-272,272,0,0,High CI
2013-06-24,2014-07-31,276,2015-12-08,495,2015-12-13,True,0.0152016528219677,0.0637809085914209,6.216724261313822,-0.0012754977245868,-6.845548590861511e-05,9.75451223274008e-05,0.0001191688064925,0.9,6.0,2.182717777637548,1.605492782207525,True,275,0.6153846153846154,2015-07-20,141,141,0,0,High CI
2013-03-04,2014-07-31,351,2014-10-17,78,2015-12-13,True,0.0179805211812235,0.1134779988238981,5.889403380536936,-0.0006860483470954,3.686693901367637e-05,-7.167227772983098e-05,8.059830387309748e-05,0.9,7.523240620457002,-1.0957093233429658,1.0182780375054512,True,350,0.6153846153846154,2015-07-20,-276,276,0,0,High CI
2013-01-28,2014-07-31,376,2015-03-01,213,2015-12-13,True,0.0179855207775561,0.1216280880726044,5.95564365303663,-0.000779574150187,-2.035867038106789e-05,3.51684830336584e-05,4.063616195673122e-05,0.9,12.670900267020173,2.0955488587666693,1.3626357669303166,True,375,0.6153846153846154,2015-07-20,-141,141,0,0,High CI
2012-12-14,2014-07-31,401,2015-03-11,223,2015-12-13,True,0.0174882728070169,0.1226417139948323,5.960199940985116,-0.0007833277525425,-1.312440115307627e-05,-3.807580335840124e-05,4.027426854723136e-05,0.9,13.0,-1.902734056444421,1.3465268228206475,True,400,0.6153846153846154,2015-07-20,-131,131,0,0,High CI
2012-10-05,2014-07-31,451,2015-02-26,210,2015-12-13,True,0.0172247654110186,0.1338083371025452,5.95738422414431,-0.0007932327849153,-3.0674669057724484e-05,-2.994506661183634e-05,4.2867730709570286e-05,0.9,13.0,-2.3682296337169007,1.2810595515497545,True,450,0.6153846153846154,2015-07-20,-144,144,0,0,High CI
2012-07-26,2014-07-31,501,2014-09-04,35,2015-12-13,True,0.0171623232928261,0.1475672157445484,5.87621910625785,-0.0007213083903962,-4.18406119280093e-05,-2.609607302889925e-05,4.931168050310106e-05,0.9,12.619297316838804,-2.583927281430789,1.0432262769257945,True,500,0.6153846153846154,2015-07-20,-319,319,0,0,High CI
2012-06-21,2014-07-31,526,2015-01-11,164,2015-12-13,True,0.0186127560191563,0.1822246451666657,5.939022685773963,-0.0007906949977583,-3.96420660710139e-05,1.1612102170477872e-05,4.130779973801858e-05,0.9,10.982746069601376,2.8566404194081567,1.5685865810809416,True,525,0.6153846153846154,2015-07-20,-190,190,0,0,High CI
2012-05-15,2014-07-31,551,2014-11-24,116,2015-12-13,True,0.020391286031348,0.2291083048527495,5.926095016916711,-0.0008223711499928,-4.0659869380027405e-05,-5.150998422930789e-05,6.562395487399733e-05,0.9,9.31882914867871,-2.2390150883894906,1.210282145019706,True,550,0.6153846153846154,2015-07-20,-238,238,0,0,High CI
2012-04-05,2014-07-31,576,2015-01-08,161,2015-12-13,True,0.0210016935073398,0.2540569709815137,5.940930986273918,-0.000805029629819,-2.457729725169688e-05,4.635103116173871e-05,5.246390787917671e-05,0.9,10.859122668191878,2.0583443859990624,1.2717419546197204,True,575,0.6153846153846154,2015-07-20,-193,193,0,0,High CI
2011-12-19,2014-07-31,651,2015-02-28,212,2015-12-13,True,0.0243710524705456,0.3866602772378815,5.956914381462652,-0.0007876078451568,-2.968060878666056e-05,-4.268249126316874e-05,5.198782163523749e-05,0.9,13.0,-2.178415801640083,1.0488359630640465,True,650,0.6153846153846154,2015-07-20,-142,142,0,0,High CI
2011-11-11,2014-07-31,676,2014-11-07,99,2015-12-13,True,0.0267538646339403,0.483860028447415,5.917080746303948,-0.0008076609048357,-1.768484615734155e-05,4.0989447295478485e-05,4.464178057826152e-05,0.9,13.0,1.978116426411248,1.252525884834973,True,675,0.6153846153846154,2015-07-20,-255,255,0,0,High CI
2011-10-07,2014-07-31,701,2014-11-06,98,2015-12-13,True,0.0264699628677638,0.4911619128887768,5.91699373184067,-0.0008096288366639,-1.5192295779771113e-05,4.219351442386384e-05,4.484527300058343e-05,0.9,13.0,1.9164070990657045,1.2498803865667445,True,700,0.6153846153846154,2015-07-20,-256,256,0,0,High CI
2011-09-02,2014-07-31,726,2014-10-29,90,2015-12-13,True,0.0271403324549746,0.5347698908265155,5.916281894779312,-0.0008216233921969,-4.356237872022762e-07,5.157555552746944e-05,5.1577395204208014e-05,0.9,13.0,1.5792424486835228,1.102840095638444,True,725,0.6153846153846154,2015-07-20,-264,264,0,0,High CI
2011-07-28,2014-07-31,751,2014-11-03,95,2015-12-13,True,0.0291793956489815,0.6394292849602944,5.9152254648222655,-0.000808202849517,-7.58901736727015e-06,3.966548118948453e-05,4.038494252309986e-05,0.9,13.0,1.759837262484359,1.385479375996582,True,750,0.6153846153846154,2015-07-20,-259,259,0,0,High CI
2013-09-04,2014-08-04,226,2015-01-07,156,2015-12-17,True,0.0147684464288354,0.0492921842422323,5.907627835817512,-0.0006134376184621,2.6328688287158455e-05,-2.490929291237265e-05,3.62446230538646e-05,0.9,11.586318045381631,-0.7577032303318859,1.3146915797954783,True,225,0.5769230769230769,2015-07-20,-194,194,0,0,High CI
2013-07-30,2014-08-04,251,2014-11-18,106,2015-12-17,True,0.0148474791882205,0.0553323571994054,5.895806730565266,-0.0006488829112971,7.133216730995158e-06,5.635512525616761e-05,5.6804779055724615e-05,0.9,8.94101729288633,1.4448896990068425,1.149839004386093,True,250,0.5769230769230769,2015-07-20,-244,244,0,0,High CI
2013-06-25,2014-08-04,276,2015-12-12,495,2015-12-17,True,0.0151316557136429,0.0631948932795978,6.181812964184272,-0.0011689140366217,-5.199001331245823e-05,9.066378965282256e-05,0.0001045126032516,0.9,6.0,2.0914555239344157,1.6776647029932086,True,275,0.5769230769230769,2015-07-20,145,145,0,0,High CI
2013-01-29,2014-08-04,376,2015-03-13,221,2015-12-17,True,0.018177613729456,0.1242400409773882,5.959829741650112,-0.0007782459332215,-9.326164282125931e-06,-3.88405708638126e-05,3.994455263542264e-05,0.9,13.0,-1.8064490825572317,1.348833847243286,True,375,0.5769230769230769,2015-07-20,-129,129,0,0,High CI
2012-12-17,2014-08-04,401,2015-03-12,220,2015-12-17,True,0.0176774216211325,0.1253089853036853,5.959718846266316,-0.0007801368193259,-1.1750936877853904e-05,-3.8485161590990285e-05,4.0239187121411145e-05,0.9,13.0,-1.8671420667633112,1.342210814155494,True,400,0.5769230769230769,2015-07-20,-130,130,0,0,High CI
2012-10-08,2014-08-04,451,2015-02-28,208,2015-12-17,True,0.0173784219184529,0.1362063063174704,5.957786549367724,-0.0007923826238466,-2.9930361791410483e-05,-3.153838581285227e-05,4.347983827758615e-05,0.9,13.0,-2.3300404294834496,1.2616711732867931,True,450,0.5769230769230769,2015-07-20,-142,142,0,0,High CI
2012-07-27,2014-08-04,501,2014-09-07,34,2015-12-17,True,0.0172264142589848,0.1486714234592999,5.876929696608676,-0.0007190776308699,7.33654467698943e-06,-4.945298805684575e-05,4.999422882241499e-05,0.9,12.79419870015788,-1.42351662397314,1.0117782132657442,True,500,0.5769230769230769,2015-07-20,-316,316,0,0,High CI
2012-06-22,2014-08-04,526,2015-01-28,177,2015-12-17,True,0.018716854825069,0.1842686642894666,5.945034152876125,-0.000788818101943,3.971690434635291e-05,-5.749482456115194e-07,3.9721065649633294e-05,0.9,11.464628516905638,-0.0144751485098031,1.5589726613775443,True,525,0.5769230769230769,2015-07-20,-173,173,0,0,High CI
2012-05-16,2014-08-04,551,2014-11-30,118,2015-12-17,True,0.020559817379863,0.2329110559720182,5.928074194268907,-0.000820767408383,2.1552449225695528e-05,-6.118880686641375e-05,6.487355511579018e-05,0.9,9.460227880654529,-1.232137477873887,1.203630865518286,True,550,0.5769230769230769,2015-07-20,-232,232,0,0,High CI
2012-04-10,2014-08-04,576,2015-01-15,164,2015-12-17,True,0.0210662277254169,0.2556207075335761,5.943641394980245,-0.0008056197398593,-5.1966388600805137e-05,6.7818777375861335e-06,5.2407054962642735e-05,0.9,10.984714207963613,3.011820994964761,1.2594881658617283,True,575,0.5769230769230769,2015-07-20,-186,186,0,0,High CI
2011-12-20,2014-08-04,651,2015-03-02,210,2015-12-17,True,0.0242634724016069,0.3832541765322861,5.956697271620567,-0.0007845915186768,-2.855272179386866e-05,-4.46669229393931e-05,5.301312975774722e-05,0.9,13.0,-2.1395675966421863,1.0246117257771443,True,650,0.5769230769230769,2015-07-20,-140,140,0,0,High CI
2011-11-14,2014-08-04,676,2014-11-09,97,2015-12-17,True,0.026876529729811,0.4883071468145726,5.917207210194815,-0.0008063170231477,-1.8844984649401424e-05,4.008325876356888e-05,4.4292223691562346e-05,0.9,13.0,2.01027680914432,1.260310345786929,True,675,0.5769230769230769,2015-07-20,-253,253,0,0,High CI
2011-10-10,2014-08-04,701,2014-11-07,95,2015-12-17,True,0.0265806607894949,0.4952786011323412,5.916849822731887,-0.0008081046359594,-1.600460484809482e-05,4.145806944059693e-05,4.444005960937741e-05,0.9,13.0,1.9392133639524889,1.258902577048272,True,700,0.5769230769230769,2015-07-20,-255,255,0,0,High CI
2011-09-05,2014-08-04,726,2014-10-26,83,2015-12-17,True,0.0272590087767327,0.5394568841897346,5.91450348140549,-0.0008197632048318,2.0796917585451315e-06,5.172524869060123e-05,5.176704038203367e-05,0.9,13.0,1.5306114606876415,1.096312187035697,True,725,0.5769230769230769,2015-07-20,-267,267,0,0,High CI
2011-07-29,2014-08-04,751,2014-11-02,90,2015-12-17,True,0.0286544076406783,0.616627383005863,5.914895804924981,-0.0008092400609946,-6.443422050789044e-06,4.165264646796947e-05,4.21480799741844e-05,0.9,13.0,1.724273969466567,1.3292257191627417,True,750,0.5769230769230769,2015-07-20,-260,260,0,0,High CI
2013-07-31,2014-08-05,251,2014-11-24,111,2015-12-18,True,0.0150786422840625,0.0570687287358108,5.896493746176425,-0.0006406979452704,-5.573144879745769e-05,9.372768907585732e-06,5.651409719759004e-05,0.9,9.179336074031934,2.9749744563461045,1.1115468592417412,True,250,0.5,2015-07-20,-238,238,0,0,High CI
2013-06-26,2014-08-05,276,2015-12-13,495,2015-12-18,True,0.0151263418816195,0.0631505163666198,6.150395787024956,-0.0010765937560555,-3.614780946633259e-05,8.621466317301047e-05,9.348600042385987e-05,0.9,6.0,1.967809416333615,1.7274144008316623,True,275,0.5,2015-07-20,146,146,0,0,High CI
2013-01-30,2014-08-05,376,2015-03-15,222,2015-12-18,True,0.0183491176483994,0.1265954845465269,5.959606020312004,-0.0007752213352098,-7.336636239753914e-06,-3.922225658539713e-05,3.9902526774193126e-05,0.9,13.0,-1.755712311606773,1.3450067877755452,True,375,0.5,2015-07-20,-127,127,0,0,High CI
2012-12-18,2014-08-05,401,2015-03-15,222,2015-12-18,True,0.0178383574245897,0.1276010052385735,5.9598986214701775,-0.0007768349515755,-8.407827761915126e-06,-3.912727362664857e-05,4.002043364493517e-05,0.9,13.0,-1.7824616752207756,1.3438355451134885,True,400,0.5,2015-07-20,-127,127,0,0,High CI
2012-10-09,2014-08-05,451,2015-02-28,207,2015-12-18,True,0.0175365003872319,0.1386955094699551,5.957135405000735,-0.0007904595775069,-3.048801199570272e-05,-3.156951452888499e-05,4.388796102622669e-05,0.9,13.0,-2.3387688349302307,1.2469051493172831,True,450,0.5,2015-07-20,-142,142,0,0,High CI
2012-06-25,2014-08-05,526,2015-02-09,188,2015-12-18,True,0.018767616757692,0.1852695287896562,5.948989165673058,-0.0007862836879384,-3.245881547062582e-05,2.0644777516101986e-05,3.846792872569939e-05,0.9,11.8321596444723,2.5751010058823622,1.5547442238560558,True,525,0.5,2015-07-20,-161,161,0,0,High CI
2012-05-18,2014-08-05,551,2014-12-05,122,2015-12-18,True,0.0207023052618303,0.236150579177858,5.929616997132106,-0.0008189270242862,5.999889066325784e-05,-2.266975714252997e-05,6.413879301735305e-05,0.9,9.582852684569213,-0.3612549428330255,1.199146150139384,True,550,0.5,2015-07-20,-227,227,0,0,High CI
2012-04-11,2014-08-05,576,2015-01-12,160,2015-12-18,True,0.0211758335769459,0.2582875743428238,5.9415381131581775,-0.000803740951415,-2.991545789398562e-05,4.387940435940744e-05,5.310684276007388e-05,0.9,10.865484797699027,2.169179160242909,1.2536000896151334,True,575,0.5,2015-07-20,-189,189,0,0,High CI
2011-12-21,2014-08-05,651,2015-03-04,211,2015-12-18,True,0.024227192469698,0.3821089125814285,5.95650963393406,-0.0007820545074331,-2.74857402683074e-05,-4.62686999236703e-05,5.3816898003540704e-05,0.9,13.0,-2.106826450324524,1.0060452597328484,True,650,0.5,2015-07-20,-138,138,0,0,High CI
2011-11-15,2014-08-05,676,2014-11-11,98,2015-12-18,True,0.0269782623895288,0.492010809693387,5.917418003327097,-0.0008048268985485,-2.0339460698007588e-05,3.899270121945218e-05,4.397868131123605e-05,0.9,13.0,2.0515917338556164,1.2669498862371815,True,675,0.5,2015-07-20,-251,251,0,0,High CI
2011-10-11,2014-08-05,701,2014-11-09,96,2015-12-18,True,0.0266913942620148,0.4994137998828728,5.91721740695987,-0.0008070872431936,-1.7312325521727777e-05,4.047536303677887e-05,4.402239916144181e-05,0.9,13.0,1.9749728258825725,1.2692463779115188,True,700,0.5,2015-07-20,-253,253,0,0,High CI
2011-09-06,2014-08-05,726,2014-10-13,69,2015-12-18,True,0.0273476430681842,0.5429707400853672,5.907680840102869,-0.0008145016690714,1.2866112612926424e-05,5.081829308575504e-05,5.24217108259374e-05,0.9,13.0,1.32282813105663,1.0756722014814877,True,725,0.5,2015-07-20,-280,280,0,0,High CI
2011-08-02,2014-08-05,751,2014-11-01,88,2015-12-18,True,0.0281565276033662,0.5953853250560214,5.91471691310559,-0.0008103449813661,-5.510550486596512e-06,4.3511397511530966e-05,4.385895438871967e-05,0.9,13.0,1.6967718051518974,1.2791186471307734,True,750,0.5,2015-07-20,-261,261,0,0,High CI
2013-08-02,2014-08-06,251,2015-12-16,497,2015-12-19,True,0.0152658606065637,0.0584946715148173,6.000718241030839,-0.0006260605404494,3.772527401019884e-05,4.693029802274563e-05,6.02133637297262e-05,0.9,6.0,0.8937076469878297,1.5596052977364678,True,250,0.5,2015-07-20,149,149,0,0,High CI
2013-06-27,2014-08-06,276,2015-12-18,499,2015-12-19,True,0.01529617538261,0.0645765428486164,6.123576653934116,-0.0009944325051164,-2.421184270186726e-05,8.291597119696202e-05,8.63786524932833e-05,0.9,6.0,1.8549018214937536,1.7268719928116436,True,275,0.5,2015-07-20,151,151,0,0,High CI
2013-05-23,2014-08-06,301,2015-12-08,489,2015-12-19,True,0.0177524890067402,0.0948604106462646,6.014279237528767,-0.000680349482719,3.980749621464927e-05,5.696509618582273e-05,6.949574762774591e-05,0.9,6.0,0.96087280051897,1.4684700271807192,True,300,0.5,2015-07-20,141,141,0,0,High CI
2012-12-19,2014-08-06,401,2015-12-15,496,2015-12-19,True,0.0182955779722567,0.1342259975089089,5.971693207984414,-0.0005364004843976,-1.8204475626750377e-05,-6.263282572515152e-05,6.522479429758403e-05,0.9,6.594768347946667,-1.8536568246233172,1.122326992014307,True,400,0.5,2015-07-20,148,148,0,0,High CI
2012-11-14,2014-08-06,426,2015-03-02,208,2015-12-19,True,0.0180827131883528,0.1392954039234502,5.957690449372066,-0.0007912548172955,-3.0974899901106126e-05,-3.357923166573901e-05,4.56837960675874e-05,0.9,13.0,-2.31587297779477,1.1990943042010338,True,425,0.5,2015-07-20,-140,140,0,0,High CI
2012-10-10,2014-08-06,451,2015-03-02,208,2015-12-19,True,0.0177588634346178,0.142235130950722,5.957364422755006,-0.0007887188902565,-2.925652645802452e-05,-3.3048695237113023e-05,4.4137972283110896e-05,0.9,13.0,-2.295405098958927,1.237112007073108,True,450,0.5,2015-07-20,-140,140,0,0,High CI
2012-06-26,2014-08-06,526,2015-03-04,210,2015-12-19,True,0.0187713664893201,0.1853435691349717,5.956994636183095,-0.0007836977029329,1.1599617347109666e-05,3.4561281946136926e-05,3.6455909429881705e-05,0.9,12.531557011346187,1.2469850279312364,1.5438962502127442,True,525,0.5,2015-07-20,-138,138,0,0,High CI
2012-05-21,2014-08-06,551,2014-12-12,128,2015-12-19,True,0.0208312611829769,0.2391017348028449,5.931313437109871,-0.0008160857397207,4.678650075297004e-05,4.2022139738912646e-05,6.288749383577285e-05,0.9,9.737766483415443,0.7318020474244832,1.199374069112721,True,550,0.5,2015-07-20,-220,220,0,0,High CI
2012-04-12,2014-08-06,576,2015-01-18,165,2015-12-19,True,0.0213163875621077,0.2617277061300369,5.9437274531707,-0.0008034491570881,-5.308610343542937e-05,1.360181661976803e-06,5.310352598566957e-05,0.9,10.99301646615848,3.115976079008965,1.2386844109061257,True,575,0.5,2015-07-20,-183,183,0,0,High CI
2011-11-16,2014-08-06,676,2014-11-13,99,2015-12-19,True,0.0271016401071551,0.4965212540324875,5.917791775636203,-0.0008030879614912,-2.228269653005717e-05,3.751467011538112e-05,4.363334778029863e-05,0.9,13.0,2.106772332623804,1.2742180044023816,True,675,0.5,2015-07-20,-249,249,0,0,High CI
2011-10-12,2014-08-06,701,2014-11-11,97,2015-12-19,True,0.0268315963608002,0.5046741288515035,5.91761787408192,-0.0008058699316462,-1.876284665687393e-05,3.9296430420178216e-05,4.354599704263611e-05,0.9,13.0,2.01625761751508,1.2811968735770418,True,700,0.5,2015-07-20,-251,251,0,0,High CI
2011-09-07,2014-08-06,726,2014-10-13,68,2015-12-19,True,0.027451284585213,0.5470940164246867,5.907077905811417,-0.0008127120871789,1.2643427106323386e-05,5.049991123562196e-05,5.205859471594109e-05,0.9,13.0,1.325473850163784,1.0807952705129673,True,725,0.5,2015-07-20,-280,280,0,0,High CI
2011-08-03,2014-08-06,751,2014-10-16,71,2015-12-19,True,0.0278983084920606,0.584515028155357,5.907124358220551,-0.0008062704240146,6.709183157686005e-06,4.553838892702833e-05,4.602996854998571e-05,0.9,13.0,1.4245183786492628,1.212660434515398,True,750,0.5,2015-07-20,-277,277,0,0,High CI
2013-08-05,2014-08-07,251,2015-12-17,497,2015-12-20,True,0.0155366560563194,0.0605883080345046,5.974246245922509,-0.0005503830486517,5.133314603675712e-05,4.54292791747328e-05,6.854860529848032e-05,0.9,6.0,0.724459663411074,1.2043637786397927,True,250,0.4615384615384615,2015-07-20,150,150,0,0,Medium CI
2013-06-28,2014-08-07,276,2015-12-20,500,2015-12-20,True,0.0155345439399402,0.0666048872964534,6.093903095246872,-0.0009082303718955,-9.549087764074856e-06,8.093652531767173e-05,8.149789081702741e-05,0.9,6.0,1.6882358491519278,1.6716329026256982,True,275,0.4615384615384615,2015-07-20,153,153,0,0,Medium CI
2013-05-24,2014-08-07,301,2015-12-11,491,2015-12-20,True,0.0177510726992222,0.094845275173895,6.010881154186106,-0.0006715254631791,4.059318339846179e-05,6.169945552512296e-05,7.385546256383328e-05,0.9,6.0,0.9888749614474884,1.3638641744313154,True,300,0.4615384615384615,2015-07-20,144,144,0,0,Medium CI
2012-11-15,2014-08-07,426,2015-03-04,209,2015-12-20,True,0.0183348293207006,0.1432067016093891,5.957429919954492,-0.0007874133260116,-2.874725471569332e-05,-3.490781752920793e-05,4.522123813366269e-05,0.9,13.0,-2.259714574557787,1.205478498868596,True,425,0.4615384615384615,2015-07-20,-138,138,0,0,Medium CI
2012-10-11,2014-08-07,451,2015-03-04,209,2015-12-20,True,0.0180324881020368,0.1466519528446959,5.957040113232478,-0.0007861264811062,-2.855353638706344e-05,-3.386488205707151e-05,4.429598940024616e-05,0.9,13.0,-2.271306378131159,1.228647146988924,True,450,0.4615384615384615,2015-07-20,-138,138,0,0,Medium CI
2012-06-27,2014-08-07,526,2015-03-12,217,2015-12-20,True,0.0187910607249792,0.1857326846273459,5.958658248173125,-0.0007794163839979,-3.551516379222719e-05,-2.763477144410639e-06,3.562251626592941e-05,0.9,12.81672210556268,-3.0639379339963715,1.5364218642322656,True,525,0.4615384615384615,2015-07-20,-130,130,0,0,Medium CI
2012-05-22,2014-08-07,551,2014-12-20,135,2015-12-20,True,0.0210056083217956,0.2431208051137477,5.933979533233573,-0.0008133994323174,-4.026698915995936e-05,4.643860698127131e-05,6.146523110156883e-05,0.9,9.957029508810413,2.285135332153193,1.1961539020272605,True,550,0.4615384615384615,2015-07-20,-212,212,0,0,Medium CI
2012-04-13,2014-08-07,576,2015-01-18,164,2015-12-20,True,0.0214641776410397,0.2653694909603196,5.943284355132729,-0.0008023123390084,-5.2227783455561385e-05,1.2469818979976804e-05,5.369578894172616e-05,0.9,10.959580167171524,2.9072220369648534,1.227020547152618,True,575,0.4615384615384615,2015-07-20,-183,183,0,0,Medium CI
2011-11-17,2014-08-07,676,2014-11-16,101,2015-12-20,True,0.0272478925259234,0.5018946094424899,5.918257904061511,-0.0008012244543625,-2.437352684590422e-05,3.576876431574568e-05,4.328363791992737e-05,0.9,13.0,2.1689428820191874,1.2815324212036163,True,675,0.4615384615384615,2015-07-20,-246,246,0,0,Medium CI
2011-10-13,2014-08-07,701,2014-11-13,98,2015-12-20,True,0.0270001452126519,0.5110344968945103,5.917830685454208,-0.0008047010135382,-1.9689850765306214e-05,3.839066643185647e-05,4.314549214277316e-05,0.9,13.0,2.0446957064541325,1.2912141547414315,True,700,0.4615384615384615,2015-07-20,-249,249,0,0,Medium CI
2011-09-08,2014-08-07,726,2014-10-13,67,2015-12-20,True,0.0276065289071831,0.5532994382080788,5.906791498042383,-0.0008114158040562,1.2247483913235327e-05,5.049908671618488e-05,5.1963050539529705e-05,0.9,13.0,1.3328616289369823,1.081055474949101,True,725,0.4615384615384615,2015-07-20,-280,280,0,0,Medium CI
2011-08-04,2014-08-07,751,2014-10-14,68,2015-12-20,True,0.0277587837601144,0.5786831069564347,5.906035419500302,-0.0008060221575683,8.94314080515234e-06,4.660277533046399e-05,4.74531182954554e-05,0.9,13.0,1.3811998093698492,1.1759297595168705,True,750,0.4615384615384615,2015-07-20,-279,279,0,0,Medium CI
2013-07-01,2014-08-08,276,2015-12-21,500,2015-12-21,True,0.0157613436713548,0.0685639073941297,6.059553650975188,-0.0008095316332337,7.941111875481234e-06,7.843926671969995e-05,7.884021703003575e-05,0.9,6.0,1.4699011059389782,1.5402005417971982,True,275,0.4230769230769231,2015-07-20,154,154,0,0,Medium CI
2013-05-27,2014-08-08,301,2015-12-12,491,2015-12-21,True,0.0178020382506121,0.0953906823287537,6.005749331794813,-0.0006591277422408,4.282386212693133e-05,6.584619564710696e-05,7.854683092692863e-05,0.9,6.0,0.9941666813345716,1.2587288394627196,True,300,0.4230769230769231,2015-07-20,145,145,0,0,Medium CI
2012-11-16,2014-08-08,426,2015-03-07,211,2015-12-21,True,0.0185929140908339,0.1472666895697697,5.956984058037254,-0.0007827537507375,-2.608120352235811e-05,-3.615313665742553e-05,4.457890159419757e-05,0.9,13.0,-2.195746807908529,1.215611922768538,True,425,0.4230769230769231,2015-07-20,-135,135,0,0,Medium CI
2012-10-12,2014-08-08,451,2015-03-05,209,2015-12-21,True,0.0183490827623516,0.1518466660370533,5.9563450150646,-0.0007833096089097,-2.8622470259327123e-05,-3.4267653963216725e-05,4.4648828785185714e-05,0.9,13.0,-2.266671771867704,1.2145699729680102,True,450,0.4230769230769231,2015-07-20,-137,137,0,0,Medium CI
2012-06-28,2014-08-08,526,2015-03-18,222,2015-12-21,True,0.0189149600488104,0.1881900253788987,5.959784314168674,-0.0007755672793712,-7.098891796235592e-06,-3.444471503394239e-05,3.51686317405747e-05,0.9,13.0,-1.7740457652698638,1.526733247319909,True,525,0.4230769230769231,2015-07-20,-124,124,0,0,Medium CI
2012-05-23,2014-08-08,551,2014-12-27,141,2015-12-21,True,0.0212556234727886,0.2489426425985473,5.93582243559099,-0.0008108875766383,-5.7682802046341e-05,-1.8815781447498712e-05,6.0674041264756696e-05,0.9,10.121864295472744,-2.826281240568445,1.18833728380306,True,550,0.4230769230769231,2015-07-20,-205,205,0,0,Medium CI
2012-04-16,2014-08-08,576,2015-01-23,168,2015-12-21,True,0.021679857829952,0.2707293516635142,5.944573146158395,-0.0008012282390133,-4.870074038583622e-05,-2.306620158158384e-05,5.388702784094591e-05,0.9,11.05046183760741,-2.699261535032206,1.2109719879515246,True,575,0.4230769230769231,2015-07-20,-178,178,0,0,Medium CI
2011-11-18,2014-08-08,676,2015-02-27,203,2015-12-21,True,0.0273441461518554,0.505446774251245,5.960917811811062,-0.0008074796817202,-2.677346589751746e-05,-2.65763929102422e-05,3.772430431810641e-05,0.9,13.0,-2.3598884473143302,1.4818680029807818,True,675,0.4230769230769231,2015-07-20,-143,143,0,0,Medium CI
2011-10-14,2014-08-08,701,2014-11-16,100,2015-12-21,True,0.0271916845568457,0.518310784036341,5.918489835089368,-0.0008034253548423,-2.1445368372222376e-05,3.681015461151303e-05,4.260154113578298e-05,0.9,13.0,2.098318831971084,1.3056277743088074,True,700,0.4230769230769231,2015-07-20,-246,246,0,0,Medium CI
2011-09-09,2014-08-08,726,2014-10-13,66,2015-12-21,True,0.0277865815805654,0.5605403281676609,5.906253479728235,-0.0008099724309929,1.2352951700850058e-05,5.047739353143633e-05,5.196693827281943e-05,0.9,13.0,1.330790898902865,1.0790517262913089,True,725,0.4230769230769231,2015-07-20,-280,280,0,0,Medium CI
2011-08-05,2014-08-08,751,2014-10-14,67,2015-12-21,True,0.0277980982558116,0.5803234342464592,5.905664118261887,-0.0008056759095518,9.600569952366434e-06,4.7408927009054335e-05,4.8371244593871295e-05,0.9,13.0,1.3709927671428843,1.153114075052012,True,750,0.4230769230769231,2015-07-20,-279,279,0,0,Medium CI
2013-07-02,2014-08-11,276,2015-12-24,500,2015-12-24,True,0.0158606819540259,0.0694309000449072,6.0352681619361785,-0.0007378907073157,1.919842704013824e-05,7.71656331006628e-05,7.951801388768219e-05,0.9,6.0,1.3269520615579296,1.3919312201849825,True,275,0.4230769230769231,2015-07-20,157,157,0,0,Medium CI
2013-05-28,2014-08-11,301,2015-12-19,495,2015-12-24,True,0.0177018705547239,0.0943202225619972,6.006033137816333,-0.0006572111663328,3.912925393776915e-05,7.24792182128585e-05,8.236707829268671e-05,0.9,6.0,1.0757648045648451,1.19685773725796,True,300,0.4230769230769231,2015-07-20,152,152,0,0,Medium CI
2012-11-19,2014-08-11,426,2015-03-09,210,2015-12-24,True,0.0186805463668119,0.1486581581516724,5.956638686430654,-0.0007780982684023,-2.2819920664189006e-05,-3.725843150100366e-05,4.3691412165720417e-05,0.9,13.0,-2.1203393866871285,1.2329274561852597,True,425,0.4230769230769231,2015-07-20,-133,133,0,0,Medium CI
2012-10-15,2014-08-11,451,2015-03-07,208,2015-12-24,True,0.0185639434221952,0.1554236179174916,5.956332210181053,-0.0007812368753558,-2.745364587240355e-05,-3.534562732396603e-05,4.475506722832661e-05,0.9,13.0,-2.2311799081649277,1.2084805851458646,True,450,0.4230769230769231,2015-07-20,-135,135,0,0,Medium CI
2012-06-29,2014-08-11,526,2015-03-17,218,2015-12-24,True,0.0189205309880697,0.1883008952498861,5.958058157662756,-0.000771111550589,-8.96097400238353e-06,-3.3795820474440786e-05,3.496364592847869e-05,0.9,13.0,-1.8299825468993824,1.5268615269476324,True,525,0.4230769230769231,2015-07-20,-125,125,0,0,Medium CI
2012-05-24,2014-08-11,551,2015-01-02,144,2015-12-24,True,0.0213656974113499,0.2515276572562254,5.937528399817411,-0.0008080082083038,-4.647133001656304e-06,-5.929348105648636e-05,5.947531202886615e-05,0.9,10.288303254816082,-1.6490115468540327,1.1884414649707653,True,550,0.4230769230769231,2015-07-20,-199,199,0,0,Medium CI
2012-04-17,2014-08-11,576,2015-02-01,174,2015-12-24,True,0.021820601219929,0.2742558552571221,5.94802045447237,-0.000801339225077,2.246912310213314e-05,-4.868895946105229e-05,5.3623467496785456e-05,0.9,11.26334315408192,-1.138434341478053,1.194089011344754,True,575,0.4230769230769231,2015-07-20,-169,169,0,0,Medium CI
2011-11-21,2014-08-11,676,2015-03-02,203,2015-12-24,True,0.0273638985761397,0.5061772710128376,5.961102391772073,-0.0008048391513021,-2.520526645132315e-05,-2.8680822748381915e-05,3.818239188953853e-05,0.9,13.0,-2.291785495547923,1.4593018088779026,True,675,0.4230769230769231,2015-07-20,-140,140,0,0,Medium CI
2011-10-17,2014-08-11,701,2014-11-18,99,2015-12-24,True,0.0273316478360811,0.5236603003783287,5.918998420479725,-0.0008023844775106,-2.271502982264267e-05,3.550855239517664e-05,4.2152459869437634e-05,0.9,13.0,2.139900836395864,1.317828064339478,True,700,0.4230769230769231,2015-07-20,-244,244,0,0,Medium CI
2011-09-12,2014-08-11,726,2014-10-14,64,2015-12-24,True,0.02790362104725,0.5652723610402368,5.906185062290334,-0.0008085826260906,1.1280345728315314e-05,5.033664527773347e-05,5.158511468986658e-05,0.9,13.0,1.3503405073463848,1.085173456091728,True,725,0.4230769230769231,2015-07-20,-279,279,0,0,Medium CI
2011-08-08,2014-08-11,751,2014-10-15,65,2015-12-24,True,0.027846886434505,0.582362262156263,5.905784258189142,-0.0008055538775471,9.344361736843588e-06,4.810515696875279e-05,4.900431841437376e-05,0.9,13.0,1.378936979135194,1.138044898978899,True,750,0.4230769230769231,2015-07-20,-278,278,0,0,Medium CI
2013-07-03,2014-08-12,276,2015-12-25,500,2015-12-25,True,0.0159188101344508,0.0699407504426877,6.00833036220608,-0.0006602136913873,3.277728703985944e-05,7.507376516948251e-05,8.191715792442962e-05,0.9,6.0,1.15914063656311,1.2089293161202972,True,275,0.4230769230769231,2015-07-20,158,158,0,0,Medium CI
2013-05-29,2014-08-12,301,2015-12-25,500,2015-12-25,True,0.0174632009886628,0.0917939800199006,6.009733857572163,-0.000667182759178,3.4185971408411066e-05,7.879387100498034e-05,8.589036470458244e-05,0.9,6.0,1.161440237758969,1.1651762595364346,True,300,0.4230769230769231,2015-07-20,158,158,0,0,Medium CI
2012-11-20,2014-08-12,426,2015-12-25,500,2015-12-25,True,0.0193468977833543,0.1594528453356527,7.751506567543536,-1.03089045278182,0.006183082558343,0.0133701819488848,0.0147306576658875,0.1,6.0,1.1376347657885446,1.166377492170743,True,425,0.4230769230769231,2015-07-20,158,158,0,0,Medium CI
2012-10-16,2014-08-12,451,2015-03-07,207,2015-12-25,True,0.0187876950474997,0.1591928458242282,5.95569197663568,-0.0007787207105117,-2.7500022968731088e-05,-3.558354925051344e-05,4.4971549234426575e-05,0.9,13.0,-2.2287490490581323,1.1987897842619228,True,450,0.4230769230769231,2015-07-20,-135,135,0,0,Medium CI
2012-07-02,2014-08-12,526,2015-03-17,217,2015-12-25,True,0.0190493107773261,0.190872902813947,5.9570038796191565,-0.000767731161765,-9.660396356802182e-06,-3.3623902280076696e-05,3.49841401539421e-05,0.9,13.0,-1.8505682558187704,1.5192775542731336,True,525,0.4230769230769231,2015-07-20,-125,125,0,0,Medium CI
2012-05-25,2014-08-12,551,2015-01-06,147,2015-12-25,True,0.0215095498785403,0.2549260655235547,5.937992618306212,-0.0008050588466246,2.933212575447943e-05,-5.0975891725740834e-05,5.881254235714563e-05,0.9,10.373573942689331,-1.0486526803112834,1.1876043390997184,True,550,0.4230769230769231,2015-07-20,-195,195,0,0,Medium CI
2012-04-18,2014-08-12,576,2015-02-02,174,2015-12-25,True,0.0219163218652306,0.2766672945218221,5.948162598410369,-0.0008007689285923,2.300302003093156e-05,-4.903220168974802e-05,5.4159908909520585e-05,0.9,11.259446719255845,-1.1321391863010288,1.181829285137265,True,575,0.4230769230769231,2015-07-20,-168,168,0,0,Medium CI
2011-11-22,2014-08-12,676,2015-03-05,205,2015-12-25,True,0.0272416449442734,0.5016644802264233,5.961167425595535,-0.0008014549522249,-2.3397380571478024e-05,-3.123855633108876e-05,3.9029281562144885e-05,0.9,13.0,-2.213651014690381,1.4216337228241718,True,675,0.4230769230769231,2015-07-20,-137,137,0,0,Medium CI
2011-10-18,2014-08-12,701,2014-11-20,100,2015-12-25,True,0.0274722683001485,0.5290625934142998,5.919287530227066,-0.0008010368563139,-2.3843223979872987e-05,3.424660542983536e-05,4.172923810976207e-05,0.9,13.0,2.178981900256622,1.328957830453153,True,700,0.4230769230769231,2015-07-20,-242,242,0,0,Medium CI
2011-09-13,2014-08-12,726,2014-10-16,65,2015-12-25,True,0.0279737617496574,0.5681177575057086,5.906030935698552,-0.0008067348792284,9.87141772410505e-06,4.995068890493522e-05,5.091675765365852e-05,0.9,13.0,1.3756871398482862,1.0969055931286695,True,725,0.4230769230769231,2015-07-20,-277,277,0,0,Medium CI
2011-08-09,2014-08-12,751,2014-10-16,65,2015-12-25,True,0.02797454384804,0.5877139027329416,5.905636542054285,-0.0008046717393364,9.04063804124444e-06,4.8278741405976056e-05,4.911791941784488e-05,0.9,13.0,1.3856810178624437,1.1341694467678662,True,750,0.4230769230769231,2015-07-20,-277,277,0,0,Medium CI
2013-07-04,2014-08-13,276,2015-12-26,500,2015-12-26,True,0.0158640632089258,0.0694605064131153,5.981353803281379,-0.0005818780047684,4.634644261965472e-05,7.221678776360516e-05,8.58094235989879e-05,0.9,6.0,1.000229697822326,1.0171575225019724,True,275,0.4230769230769231,2015-07-20,159,159,0,0,Medium CI
2013-05-30,2014-08-13,301,2015-12-26,500,2015-12-26,True,0.0173705183787577,0.0908222075327748,6.010524253390996,-0.0006710685401426,3.284820518546948e-05,8.246533947684983e-05,8.876675503215599e-05,0.9,6.0,1.19173266769485,1.1339862652964916,True,300,0.4230769230769231,2015-07-20,159,159,0,0,Medium CI
2012-11-21,2014-08-13,426,2015-12-26,500,2015-12-26,True,0.0192925961961456,0.1585590181626897,7.686311728727651,-0.9971824406847606,0.0068249458748352,0.0138965525829247,0.0154820560612737,0.1,6.0,1.1142738057686647,1.0734819250731131,True,425,0.4230769230769231,2015-07-20,159,159,0,0,Medium CI
2012-10-17,2014-08-13,451,2015-03-10,209,2015-12-26,True,0.0189646402075292,0.1622055677686675,5.956058138809639,-0.0007776357867081,-2.615941510006521e-05,-3.706624524225616e-05,4.536762650543443e-05,0.9,13.0,-2.185369360618106,1.1866682884265023,True,450,0.4230769230769231,2015-07-20,-132,132,0,0,Medium CI
2012-07-03,2014-08-13,526,2015-03-18,217,2015-12-26,True,0.0191877201313172,0.19365668561866,5.95629082382106,-0.0007650706120302,-9.853127667424852e-06,-3.367640836022248e-05,3.508824026472453e-05,0.9,13.0,-1.8554342578408505,1.5095207564444302,True,525,0.4230769230769231,2015-07-20,-124,124,0,0,Medium CI
2012-05-29,2014-08-13,551,2015-01-16,156,2015-12-26,True,0.0216302404659158,0.2577948837399532,5.94133015737014,-0.0008029567774946,3.701314184155415e-05,4.388388397434313e-05,5.7408779308191326e-05,0.9,10.643124746518252,0.8701267754346004,1.1827343568103947,True,550,0.4230769230769231,2015-07-20,-185,185,0,0,Medium CI
2012-04-19,2014-08-13,576,2015-01-31,171,2015-12-26,True,0.0220112161563528,0.2790683347286526,5.946808222559167,-0.000799618609623,-1.00173111945481e-05,-5.402439749791028e-05,5.494526411421309e-05,0.9,11.169447380034027,-1.7541360857878798,1.1726366147418117,True,575,0.4230769230769231,2015-07-20,-170,170,0,0,Medium CI
2011-11-23,2014-08-13,676,2015-03-08,207,2015-12-26,True,0.0270556026473547,0.4948358089974068,5.961191900005972,-0.0007979501893709,-2.145274113266992e-05,-3.379090429788191e-05,4.002555827685558e-05,0.9,13.0,-2.136459803162786,1.3801857562079594,True,675,0.4230769230769231,2015-07-20,-134,134,0,0,Medium CI
2011-10-19,2014-08-13,701,2014-11-22,101,2015-12-26,True,0.0275921203215703,0.5336888977918497,5.919407555341799,-0.0007996149267357,-2.476679176085148e-05,3.3135389340527714e-05,4.1368442089033744e-05,0.9,13.0,2.2126584996610634,1.338168750642828,True,700,0.4230769230769231,2015-07-20,-240,240,0,0,Medium CI
2011-09-14,2014-08-13,726,2014-10-16,64,2015-12-26,True,0.0280470419338129,0.571098143458109,5.905768197180115,-0.0008049780315664,8.828145393095537e-06,4.957430034695657e-05,5.035421934626624e-05,0.9,13.0,1.3945646530947688,1.1067443615000463,True,725,0.4230769230769231,2015-07-20,-277,277,0,0,Medium CI
2011-08-10,2014-08-13,751,2014-10-16,64,2015-12-26,True,0.0280767574997034,0.5920165380845616,5.905593059120418,-0.0008040786292334,8.74016156603746e-06,4.8598175815936094e-05,4.937786059396533e-05,0.9,13.0,1.392853077032464,1.1273672320801265,True,750,0.4230769230769231,2015-07-20,-277,277,0,0,Medium CI
2013-05-31,2014-08-14,301,2015-12-27,500,2015-12-27,True,0.0172160578263329,0.0892141867709716,6.014034846681184,-0.0006826323714061,3.001778826019564e-05,8.624979473406262e-05,9.1324118959352e-05,0.9,6.0,1.2358747804531725,1.121224676216195,True,300,0.3461538461538461,2015-07-20,160,160,0,0,Medium CI
2012-10-18,2014-08-14,451,2015-03-10,208,2015-12-27,True,0.0191100313933353,0.1647021782342718,5.955598532934464,-0.0007761358618001,-2.664012828351811e-05,-3.739969406612396e-05,4.591768233700357e-05,0.9,13.0,-2.1897354988146547,1.170191525470506,True,450,0.3461538461538461,2015-07-20,-132,132,0,0,Medium CI
2012-07-04,2014-08-14,526,2015-03-19,217,2015-12-27,True,0.0193219660301332,0.1963759832878213,5.955953342874863,-0.0007630274078474,-9.433119334248486e-06,-3.395043541229202e-05,3.52365691442624e-05,0.9,13.0,-1.8418099745349288,1.4991520364302808,True,525,0.3461538461538461,2015-07-20,-123,123,0,0,Medium CI
2012-05-30,2014-08-14,551,2015-01-16,155,2015-12-27,True,0.0217461699591845,0.2605656452494505,5.940742075403798,-0.0008002079797949,3.3329687305067994e-05,4.644322929626853e-05,5.716503829544232e-05,0.9,10.655089776246438,0.9483268905354552,1.182381906576195,True,550,0.3461538461538461,2015-07-20,-185,185,0,0,Medium CI
2012-04-20,2014-08-14,576,2015-01-27,166,2015-12-27,True,0.0221046319633855,0.2814420984403546,5.944547521450676,-0.0007981430430695,-5.208317533075283e-05,-2.0257957609208407e-05,5.588418380034216e-05,0.9,11.025124947718089,-2.77064483787192,1.165871831727931,True,575,0.3461538461538461,2015-07-20,-174,174,0,0,Medium CI
2011-11-25,2014-08-14,676,2015-03-10,208,2015-12-27,True,0.0267605888231058,0.484103281171714,5.960798612039509,-0.0007942765735345,-2.004429360318453e-05,-3.607256467582601e-05,4.126746452524452e-05,0.9,13.0,-2.07797913618841,1.332487440175513,True,675,0.3461538461538461,2015-07-20,-132,132,0,0,Medium CI
2011-10-20,2014-08-14,701,2014-10-21,68,2015-12-27,True,0.0277039107159773,0.5380221749401481,5.904865525459591,-0.0007925451194714,-4.116257936682361e-06,4.4082564148835126e-05,4.4274327113322286e-05,0.9,13.0,1.6639024531054951,1.2392849727713278,True,700,0.3461538461538461,2015-07-20,-272,272,0,0,Medium CI
2011-09-15,2014-08-14,726,2014-10-17,64,2015-12-27,True,0.0281349441813018,0.5746835110456892,5.905541861404808,-0.0008034707894719,7.971756463306927e-06,4.9290726407005006e-05,4.993119877231566e-05,0.9,13.0,1.410455350734365,1.1140309501329122,True,725,0.3461538461538461,2015-07-20,-276,276,0,0,Medium CI
2011-08-11,2014-08-14,751,2014-10-17,64,2015-12-27,True,0.0281807921387809,0.5964119412224529,5.905373749988684,-0.0008029139517551,8.32721886447284e-06,4.847357002667776e-05,4.918363106916838e-05,0.9,13.0,1.4006680804932377,1.1301798850100324,True,750,0.3461538461538461,2015-07-20,-276,276,0,0,Medium CI
2013-06-03,2014-08-15,301,2015-12-28,500,2015-12-28,True,0.0171456752276726,0.088486227882861,6.014630957977714,-0.000685839034516,2.8745337743753422e-05,8.97062705023917e-05,9.419930684166802e-05,0.9,6.0,1.2606957151075426,1.0921084095694766,True,300,0.4615384615384615,2015-07-20,161,161,0,0,Medium CI
2012-10-19,2014-08-15,451,2015-03-10,207,2015-12-28,True,0.0192764723802031,0.1675836567285556,5.955164696073342,-0.0007745803586407,-2.7037611301599684e-05,-3.7822473806620814e-05,4.649270856541818e-05,0.9,13.0,-2.191423139485467,1.1534022369183456,True,450,0.4615384615384615,2015-07-20,-132,132,0,0,Medium CI
2012-09-14,2014-08-15,476,2015-12-28,500,2015-12-28,True,0.0197612916728044,0.1858821167229621,6.012060119144012,-0.000648017526737,1.736460138175458e-05,4.040510955390361e-05,4.3978429476394286e-05,0.9,6.0,1.164898714431403,2.210234202718176,True,475,0.4615384615384615,2015-07-20,161,161,0,0,Medium CI
2012-08-10,2014-08-15,501,2015-12-28,500,2015-12-28,True,0.0194069493910484,0.1886914720180253,6.017451861598284,-0.0006622105521945,1.3989265327119004e-05,3.865143300664445e-05,4.110514344774457e-05,0.9,6.0,1.2235297475399165,2.4165244175698835,True,500,0.4615384615384615,2015-07-20,161,161,0,0,Medium CI
2012-07-05,2014-08-15,526,2015-03-19,216,2015-12-28,True,0.0194754342164184,0.1995078749448896,5.955220496652736,-0.0007605763382679,-9.700617675080116e-06,-3.407811901084955e-05,3.543190904531821e-05,0.9,13.0,-1.848119377533133,1.4860978811405154,True,525,0.4615384615384615,2015-07-20,-123,123,0,0,Medium CI
2012-05-31,2014-08-15,551,2015-01-22,160,2015-12-28,True,0.0218297334948467,0.2625720327152744,5.9421983723181775,-0.000797315122833,-2.761928647829655e-05,4.8825333158372805e-05,5.609579434856336e-05,0.9,10.815798110885943,2.0855946346827143,1.1827246180857611,True,550,0.4615384615384615,2015-07-20,-179,179,0,0,Medium CI
2012-04-23,2014-08-15,576,2015-02-06,175,2015-12-28,True,0.0222021604643216,0.2839310952672884,5.94831747089809,-0.0007987957389886,2.5798446366572047e-05,-4.931846088793398e-05,5.565851614338608e-05,0.9,11.25435920953523,-1.0888406008454514,1.147693316465778,True,575,0.4615384615384615,2015-07-20,-164,164,0,0,Medium CI
2012-03-15,2014-08-15,601,2015-03-23,220,2015-12-28,True,0.023943712937618,0.344554134932673,5.9604994081405085,-0.000776965549949,-2.8733009342373864e-06,-5.36884416568472e-05,5.3765273418809794e-05,0.9,13.0,-1.624263373541066,1.0004584607945062,True,600,0.4615384615384615,2015-07-20,-119,119,0,1,Medium CI
2011-11-28,2014-08-15,676,2015-03-12,209,2015-12-28,True,0.0264933273036241,0.4744819607330611,5.960503748837533,-0.0007905472311945,-1.830794375596208e-05,-3.837436535772703e-05,4.2517910592828896e-05,0.9,13.0,-2.0159467887004565,1.2872267749225077,True,675,0.4615384615384615,2015-07-20,-130,130,0,0,Medium CI
2011-10-21,2014-08-15,701,2015-03-03,200,2015-12-28,True,0.0277811839225384,0.5410277202766733,5.96162285251805,-0.0008080444960835,-2.476762592962691e-05,-2.3879056553336544e-05,3.440413690339248e-05,0.9,13.0,-2.374458234612037,1.6260120750489708,True,700,0.4615384615384615,2015-07-20,-139,139,0,0,Medium CI
2011-09-16,2014-08-15,726,2014-10-18,64,2015-12-28,True,0.0282567315466915,0.5796695292115004,5.905348050092284,-0.0008021870145298,7.322558421493781e-06,4.914238923608706e-05,4.968495025324343e-05,0.9,13.0,1.4228777007964923,1.1177635038329852,True,725,0.4615384615384615,2015-07-20,-275,275,0,0,Medium CI
2011-08-12,2014-08-15,751,2014-10-18,64,2015-12-28,True,0.0282951264100528,0.6012612480992129,5.9052385234481655,-0.0008021405583638,8.081654268565506e-06,4.86703678516627e-05,4.933677981519249e-05,0.9,13.0,1.4062489152810025,1.1255863900064655,True,750,0.4615384615384615,2015-07-20,-275,275,0,0,Medium CI
2013-06-04,2014-08-18,301,2015-12-31,500,2015-12-31,True,0.0170717922526367,0.0877252733058734,6.017099763754336,-0.0006922648235925,2.5294833355905773e-05,9.290588000168904e-05,9.628775173089924e-05,0.9,6.0,1.3049764618357245,1.0784312819878166,True,300,0.4615384615384615,2015-07-20,164,164,0,0,Medium CI
2012-10-22,2014-08-18,451,2015-03-11,205,2015-12-31,True,0.019396243028784,0.1696726238778765,5.954934968310645,-0.0007732378271712,-2.69224633161364e-05,-3.8307662638661794e-05,4.682196117044047e-05,0.9,13.0,-2.183396184393428,1.143306436450407,True,450,0.4615384615384615,2015-07-20,-131,131,0,0,Medium CI
2012-09-17,2014-08-18,476,2015-03-13,207,2015-12-31,True,0.019361428652282,0.1784357016617256,5.952081061364376,-0.0007576843940531,-1.957140988862046e-05,-3.3008525275416906e-05,3.837450750024328e-05,0.9,13.0,-2.1059935702769144,1.3669249939980654,True,475,0.4615384615384615,2015-07-20,-129,129,0,0,Medium CI
2012-08-13,2014-08-18,501,2015-12-31,500,2015-12-31,True,0.0194475298433214,0.1894814149204461,6.015958403608708,-0.0006566200750376,1.352220277652365e-05,4.021652634065453e-05,4.242898724737586e-05,0.9,6.0,1.2464365710462362,2.321361353298381,True,500,0.4615384615384615,2015-07-20,164,164,0,0,Medium CI
2012-07-06,2014-08-18,526,2015-03-20,214,2015-12-31,True,0.0195718735595477,0.2014886314158652,5.954675545230299,-0.0007584937488534,-9.80906675714567e-06,-3.4130433215309566e-05,3.551202982245379e-05,0.9,13.0,-1.8506532469617936,1.4786849963910236,True,525,0.4615384615384615,2015-07-20,-122,122,0,0,Medium CI
2012-06-01,2014-08-18,551,2015-02-05,171,2015-12-31,True,0.0218413653212427,0.262851926741888,5.946998038510771,-0.0007954068137103,4.4823225091785584e-06,-5.392327028075428e-05,5.410924406095105e-05,0.9,11.195540913211495,-1.487862903616719,1.1817218573871051,True,550,0.4615384615384615,2015-07-20,-165,165,0,0,Medium CI
2012-04-24,2014-08-18,576,2015-02-10,176,2015-12-31,True,0.0223002258925631,0.2864448431189816,5.949849443956337,-0.0007982688870387,5.296723707439351e-05,-1.6935319028455752e-05,5.560875141459825e-05,0.9,11.360429713881668,-0.3094597920063788,1.137244405685029,True,575,0.4615384615384615,2015-07-20,-160,160,0,0,Medium CI
2012-03-16,2014-08-18,601,2015-03-25,219,2015-12-31,True,0.0238638037321414,0.3422581582682665,5.96107832093452,-0.0007773496248346,-3.949344843298799e-07,-5.3422070760716965e-05,5.3423530561073584e-05,0.9,13.0,-1.578188913496341,1.0073559707370725,True,600,0.4615384615384615,2015-07-20,-117,117,0,1,Medium CI
2011-11-29,2014-08-18,676,2015-03-14,208,2015-12-31,True,0.0263794808926062,0.4704128602224434,5.960232621252022,-0.0007877773831564,-1.704054579445511e-05,-3.993040584644772e-05,4.34144850485981e-05,0.9,13.0,-1.9741534982314644,1.2562266754395894,True,675,0.4615384615384615,2015-07-20,-128,128,0,0,Medium CI
2011-10-24,2014-08-18,701,2015-03-04,198,2015-12-31,True,0.0278551361779886,0.5439119366574969,5.961632099945579,-0.000806720694204,-2.396723997135779e-05,-2.4611206491639345e-05,3.4353166911054376e-05,0.9,13.0,-2.3429390477008365,1.6257567856474322,True,700,0.4615384615384615,2015-07-20,-138,138,0,0,Medium CI
2011-09-19,2014-08-18,726,2014-10-19,62,2015-12-31,True,0.0283486342026316,0.5834463143982517,5.905259006096738,-0.0008011619529189,6.671759753374767e-06,4.900964106505539e-05,4.946167501745482e-05,0.9,13.0,1.4354964423286154,1.121374443130549,True,725,0.4615384615384615,2015-07-20,-274,274,0,0,Medium CI
2011-08-15,2014-08-18,751,2014-10-18,61,2015-12-31,True,0.0283349263405992,0.6029539060961175,5.905279709368529,-0.000801969999295,7.960745267220995e-06,4.915995155111451e-05,4.980034439356325e-05,0.9,13.0,1.4102543705677448,1.114871807159084,True,750,0.4615384615384615,2015-07-20,-275,275,0,0,Medium CI
2013-06-05,2014-08-19,301,2016-01-01,500,2016-01-01,True,0.016956970204948,0.0865491903979799,6.022469198119917,-0.0007081714996077,2.1527133805024626e-05,9.546569922803552e-05,9.786274683942391e-05,0.9,6.0,1.349009829780654,1.0854561962731786,True,300,0.4615384615384615,2015-07-20,165,165,0,0,Medium CI
2012-10-23,2014-08-19,451,2015-03-12,205,2016-01-01,True,0.0194947809695385,0.1714009647576778,5.954724261087352,-0.0007718964704284,-2.6655963705637723e-05,-3.871711260066985e-05,4.700590610986266e-05,0.9,13.0,-2.173748938234445,1.1368568513365434,True,450,0.4615384615384615,2015-07-20,-130,130,0,0,Medium CI
2012-09-18,2014-08-19,476,2015-03-15,208,2016-01-01,True,0.0194083495103193,0.1793015986202037,5.952347081268696,-0.0007575524094666,-1.9046496648189053e-05,-3.408810049289222e-05,3.9048273070431626e-05,0.9,13.0,-2.080327427411671,1.3431051341348643,True,475,0.4615384615384615,2015-07-20,-127,127,0,0,Medium CI
2012-08-14,2014-08-19,501,2016-01-01,500,2016-01-01,True,0.0194726935563842,0.1899720829647651,6.014361138339849,-0.0006521439221478,1.3625211005946323e-05,4.131303473072676e-05,4.35018759781552e-05,0.9,6.0,1.252225377793949,2.248675169119084,True,500,0.4615384615384615,2015-07-20,165,165,0,0,Medium CI
2012-07-09,2014-08-19,526,2015-03-20,213,2016-01-01,True,0.0196250448947575,0.2025848956257776,5.953979438441237,-0.0007561718122599,-1.0265621424313763e-05,-3.393191080726862e-05,3.545077649727524e-05,0.9,13.0,-1.864578014914989,1.476705488733305,True,525,0.4615384615384615,2015-07-20,-122,122,0,0,Medium CI
2012-06-04,2014-08-19,551,2015-02-06,171,2016-01-01,True,0.0217247296981326,0.2600520981317663,5.946577420693646,-0.0007917186627609,2.279798823323444e-05,-4.793202454095071e-05,5.3077558761467136e-05,0.9,11.249610443676918,-1.1268327415183272,1.1933421162667417,True,550,0.4615384615384615,2015-07-20,-164,164,0,0,Medium CI
2012-04-25,2014-08-19,576,2015-02-08,173,2016-01-01,True,0.0223613817023621,0.2880180815839131,5.948418933973145,-0.0007971823951936,3.2930468115778106e-05,-4.5629219031103536e-05,5.627114144668384e-05,0.9,11.269998721849,-0.9456565832556644,1.1313334215108262,True,575,0.4615384615384615,2015-07-20,-162,162,0,0,Medium CI
2012-03-19,2014-08-19,601,2015-03-26,219,2016-01-01,True,0.0237365241480118,0.33861696975612,5.961745436732036,-0.0007780737332015,2.117298242841504e-06,-5.3001046678101545e-05,5.304332098222583e-05,0.9,13.0,-1.5308693225595549,1.015521691898784,True,600,0.4615384615384615,2015-07-20,-116,116,0,1,Medium CI
2011-11-30,2014-08-19,676,2015-03-16,209,2016-01-01,True,0.026277427550333,0.4667801622961898,5.960134364958516,-0.00078520146932,-1.5508114372513076e-05,-4.1442895822083865e-05,4.424946582175928e-05,0.9,13.0,-1.9288693109734747,1.228491705213422,True,675,0.4615384615384615,2015-07-20,-126,126,0,0,Medium CI
2011-10-25,2014-08-19,701,2015-03-06,199,2016-01-01,True,0.0279189591047475,0.5464072625222883,5.961732249917873,-0.000805697169961,-2.319612310758929e-05,-2.520188495398558e-05,3.425193618551165e-05,0.9,13.0,-2.314775126226756,1.6284928986598892,True,700,0.4615384615384615,2015-07-20,-136,136,0,0,Medium CI
2011-09-20,2014-08-19,726,2014-10-20,62,2016-01-01,True,0.0283999106002757,0.5855588734472543,5.905158665747489,-0.0007998590188981,5.669691362478114e-06,4.867324105889451e-05,4.9002344794132186e-05,0.9,13.0,1.454834156296008,1.1300450088078215,True,725,0.4615384615384615,2015-07-20,-273,273,0,0,Medium CI
2011-08-16,2014-08-19,751,2014-10-19,61,2016-01-01,True,0.0283598672151472,0.6040158334140473,5.905346868676983,-0.0008018805822875,7.849581744268411e-06,4.963396992415743e-05,5.0250839833699466e-05,0.9,13.0,1.4139460070121714,1.1047538653424864,True,750,0.4615384615384615,2015-07-20,-274,274,0,0,Medium CI
2013-06-06,2014-08-20,301,2016-01-02,500,2016-01-02,True,0.0169246944923174,0.0862200303811424,6.024081065830745,-0.0007130528090662,1.982884696736934e-05,9.725800902339692e-05,9.925877034927695e-05,0.9,6.0,1.3696739408766772,1.0775664556750442,True,300,0.4615384615384615,2015-07-20,166,166,0,0,Medium CI
2012-10-24,2014-08-20,451,2016-01-02,500,2016-01-02,True,0.020191291800958,0.1838674073307368,5.999432876931027,-0.0006123003459622,2.2152893673828083e-05,4.612485383281007e-05,5.116886591690328e-05,0.9,6.0,1.1230479472119528,1.7949401505887446,True,450,0.4615384615384615,2015-07-20,166,166,0,0,Medium CI
2012-09-19,2014-08-20,476,2015-03-15,207,2016-01-02,True,0.0194715216309473,0.1804707136012379,5.952338594346677,-0.000757005039433,-1.888523791964093e-05,-3.484113292021405e-05,3.9630250496880114e-05,0.9,13.0,-2.067506575305755,1.322425181128872,True,475,0.4615384615384615,2015-07-20,-127,127,0,0,Medium CI
2012-08-15,2014-08-20,501,2016-01-02,500,2016-01-02,True,0.019498329023863,0.1904726021961338,6.013046578217771,-0.0006484091528795,1.3548943220404694e-05,4.229987131999671e-05,4.441680961165526e-05,0.9,6.0,1.260814959410606,2.189742437205954,True,500,0.4615384615384615,2015-07-20,166,166,0,0,Medium CI
2012-07-10,2014-08-20,526,2015-03-20,212,2016-01-02,True,0.0196675260645138,0.2034628918681226,5.953220183564702,-0.0007536597685164,-1.080167225176663e-05,-3.3633987770892005e-05,3.532592895886955e-05,0.9,13.0,-1.881545256885897,1.4770013712428007,True,525,0.4615384615384615,2015-07-20,-122,122,0,0,Medium CI
2012-06-05,2014-08-20,551,2015-02-20,184,2016-01-02,True,0.0215574500858223,0.2560627334656993,5.951077838911891,-0.0007890385244991,-4.027305701113546e-06,5.0659741138694473e-05,5.081956870586128e-05,0.9,11.639737155826394,1.650126653312921,1.2005121758005224,True,550,0.4615384615384615,2015-07-20,-150,150,0,0,Medium CI
2012-04-26,2014-08-20,576,2015-02-08,172,2016-01-02,True,0.0224039885739949,0.2891166935176485,5.948071154844939,-0.0007967533699367,2.3024860729976065e-05,-5.194959543420784e-05,5.68234518259201e-05,0.9,11.237969767019353,-1.1535987805190124,1.122925507439554,True,575,0.4615384615384615,2015-07-20,-162,162,0,0,Medium CI
2012-03-20,2014-08-20,601,2015-03-28,220,2016-01-02,True,0.0236117768302804,0.3350671190548642,5.962441948197069,-0.0007787744438546,4.715795470524625e-06,-5.2510172429879264e-05,5.27215035401635e-05,0.9,13.0,-1.481229332838367,1.0226406719271617,True,600,0.4615384615384615,2015-07-20,-114,114,0,1,Medium CI
2011-12-01,2014-08-20,676,2015-03-17,209,2016-01-02,True,0.0262884624298711,0.4671722816824822,5.959787878267849,-0.0007834244088765,-1.4911953648965074e-05,-4.217558237130856e-05,4.473417161396773e-05,0.9,13.0,-1.910646587804944,1.2124305090238774,True,675,0.4615384615384615,2015-07-20,-125,125,0,0,Medium CI
2011-10-26,2014-08-20,701,2015-03-07,199,2016-01-02,True,0.0279809657927538,0.5488370471333761,5.961841988887554,-0.0008045075208482,-2.2295985273812057e-05,-2.593085920330372e-05,3.4198251685599445e-05,0.9,13.0,-2.2809663787340533,1.628640991133397,True,700,0.4615384615384615,2015-07-20,-135,135,0,0,Medium CI
2011-09-21,2014-08-20,726,2014-10-20,61,2016-01-02,True,0.0284730755010484,0.5885798366825827,5.9050290243350165,-0.0007987620585019,5.008670029179604e-06,4.845222900720642e-05,4.871042261393322e-05,0.9,13.0,1.4677888349979742,1.1352583035611392,True,725,0.4615384615384615,2015-07-20,-273,273,0,0,Medium CI
2011-08-17,2014-08-20,751,2014-10-19,60,2016-01-02,True,0.0283906464324464,0.605327632443989,5.905355257544048,-0.0008017219407664,7.821404884376506e-06,5.007604291730861e-05,5.068317717568111e-05,0.9,13.0,1.4158576146864368,1.0951134037247232,True,750,0.4615384615384615,2015-07-20,-274,274,0,0,Medium CI
2013-06-07,2014-08-21,301,2016-01-03,500,2016-01-03,True,0.0169165464842512,0.0861370330311036,6.0250248350938,-0.0007154689601896,1.8569230666346068e-05,9.820083503960122e-05,9.994108429477308e-05,0.9,6.0,1.38390854574306,1.0738360983948014,True,300,0.4615384615384615,2015-07-20,167,167,0,0,Medium CI
2012-10-25,2014-08-21,451,2016-01-03,500,2016-01-03,True,0.0201692019041676,0.1834653141584369,5.996715906990607,-0.0006046689698231,2.3202903703312597e-05,4.732623895192928e-05,5.270813631309976e-05,0.9,6.0,1.114958397928884,1.7208035005200788,True,450,0.4615384615384615,2015-07-20,167,167,0,0,Medium CI
2012-09-20,2014-08-21,476,2016-01-03,500,2016-01-03,True,0.019843263086366,0.1874274227994143,6.007727685261997,-0.0006340547321301,1.6154102032112626e-05,4.459802968219206e-05,4.7433524684526544e-05,0.9,6.0,1.2232807313874083,2.0050841773211543,True,475,0.4615384615384615,2015-07-20,167,167,0,0,Medium CI
2012-08-16,2014-08-21,501,2016-01-03,500,2016-01-03,True,0.019510310188495,0.1907067540292979,6.012161346716634,-0.0006456695428014,1.3412243074355457e-05,4.303671323966374e-05,4.50782314510967e-05,0.9,6.0,1.2686891702677203,2.1484966979080853,True,500,0.4615384615384615,2015-07-20,167,167,0,0,Medium CI
2012-07-11,2014-08-21,526,2015-03-20,211,2016-01-03,True,0.0197045157585198,0.2042289371120998,5.952629785762899,-0.0007516604033997,-1.1178360425752497e-05,-3.34270432946272e-05,3.524660217991105e-05,0.9,13.0,-1.8935161835676269,1.4763984245078157,True,525,0.4615384615384615,2015-07-20,-122,122,0,0,Medium CI
2012-06-06,2014-08-21,551,2015-02-23,186,2016-01-03,True,0.0213714656734984,0.2516634893134697,5.951245095594381,-0.0007854932150975,-3.480441421978311e-05,3.5366850222710486e-05,4.962017073587995e-05,0.9,11.741491384044137,2.348179472027604,1.2133984321846782,True,550,0.4615384615384615,2015-07-20,-147,147,0,0,Medium CI
2012-04-27,2014-08-21,576,2015-02-10,173,2016-01-03,True,0.0224223314481746,0.289590305801358,5.948854010045173,-0.0007969161905125,3.6790117796505465e-05,-4.37135867223042e-05,5.713484428620733e-05,0.9,11.273900011929246,-0.8711889343889198,1.113473621221301,True,575,0.4615384615384615,2015-07-20,-160,160,0,0,Medium CI
2012-03-21,2014-08-21,601,2015-03-30,221,2016-01-03,True,0.0235192285503164,0.3324456210728146,5.963052350688994,-0.0007794084006048,6.943312122319016e-06,-5.20090331050167e-05,5.247045938189092e-05,0.9,13.0,-1.4380790363661815,1.028369939094099,True,600,0.4615384615384615,2015-07-20,-112,112,0,1,Medium CI
2011-12-02,2014-08-21,676,2015-03-18,209,2016-01-03,True,0.0262645535286187,0.4663228979109918,5.959595545238132,-0.0007815736652234,-1.3978351280953606e-05,-4.309142802118476e-05,4.530193675151962e-05,0.9,13.0,-1.8844747849297616,1.1944069047360382,True,675,0.4615384615384615,2015-07-20,-124,124,0,0,Medium CI
2011-10-27,2014-08-21,701,2015-03-09,200,2016-01-03,True,0.0280278465178606,0.5506776864805569,5.96191524497871,-0.0008034608967357,-2.1519689351921783e-05,-2.6532629020939024e-05,3.416251502108695e-05,0.9,13.0,-2.252247956928068,1.628223680063465,True,700,0.4615384615384615,2015-07-20,-133,133,0,0,Medium CI
2011-09-22,2014-08-21,726,2014-10-21,61,2016-01-03,True,0.0285083603172197,0.5900395173908867,5.904913074255202,-0.0007975146443205,4.084270684508238e-06,4.808627515741187e-05,4.825941489013992e-05,0.9,13.0,1.4860633875897649,1.1440783611820615,True,725,0.4615384615384615,2015-07-20,-272,272,0,0,Medium CI
2011-08-18,2014-08-21,751,2014-10-20,60,2016-01-03,True,0.0284018455160793,0.605805286368148,5.905321959520413,-0.0008016360988178,7.956850107223199e-06,5.052544552959599e-05,5.1148138867342856e-05,0.9,13.0,1.4145971361097684,1.0850420952412594,True,750,0.4615384615384615,2015-07-20,-273,273,0,0,Medium CI
2013-06-10,2014-08-22,301,2016-01-04,500,2016-01-04,True,0.0168714879460635,0.0856787787597641,6.028613530233259,-0.0007258036523034,1.5806952807267347e-05,9.989003292357255e-05,0.0001011329740219,0.9,6.0,1.413854145578224,1.0765089121367648,True,300,0.4615384615384615,2015-07-20,168,168,0,0,Medium CI
2012-10-26,2014-08-22,451,2016-01-04,500,2016-01-04,True,0.0201540891128727,0.1831904758942969,5.993944665232776,-0.0005969387905338,2.422565289512913e-05,4.858239639012696e-05,5.428748932491444e-05,0.9,6.0,1.1082286260865426,1.6493822000897496,True,450,0.4615384615384615,2015-07-20,168,168,0,0,Medium CI
2012-09-21,2014-08-22,476,2016-01-04,500,2016-01-04,True,0.0198555880432678,0.1876603232349251,6.006849834179175,-0.000631381210515,1.595040643229492e-05,4.537825975673139e-05,4.8099916048833e-05,0.9,6.0,1.232786847416428,1.9689677104863852,True,475,0.4615384615384615,2015-07-20,168,168,0,0,Medium CI
2012-08-17,2014-08-22,501,2016-01-04,500,2016-01-04,True,0.0195247719690833,0.1909895769427965,6.011278773954048,-0.0006429748816655,1.3212298854177918e-05,4.379272432287314e-05,4.574240422880367e-05,0.9,6.0,1.277779919885512,2.108464429796972,True,500,0.4615384615384615,2015-07-20,168,168,0,0,Medium CI
2012-07-12,2014-08-22,526,2015-03-20,210,2016-01-04,True,0.0197480917785316,0.2051332297978801,5.952027202382255,-0.0007495656653517,-1.153353295929452e-05,-3.3213637793526165e-05,3.5159182555950906e-05,0.9,13.0,-1.9050217725144007,1.4759446559571192,True,525,0.4615384615384615,2015-07-20,-122,122,0,0,Medium CI
2012-06-07,2014-08-22,551,2015-03-11,201,2016-01-04,True,0.0213073137346714,0.250154891841834,5.956805092081046,-0.000783928588912,3.638583856835592e-05,-3.079071959486939e-05,4.76654766208451e-05,0.9,12.192666546972935,-0.7023002109021038,1.2139935400246775,True,550,0.4615384615384615,2015-07-20,-131,131,0,0,Medium CI
2012-04-30,2014-08-22,576,2015-02-09,171,2016-01-04,True,0.0224260700412753,0.2896868836778037,5.948441307565684,-0.0007968532143783,2.258338670445349e-05,-5.322482467800273e-05,5.781774223408429e-05,0.9,11.228903579391185,-1.1695172448472655,1.104644048530426,True,575,0.4615384615384615,2015-07-20,-161,161,0,0,Medium CI
2012-03-22,2014-08-22,601,2015-03-31,221,2016-01-04,True,0.023433923112564,0.3300384002197825,5.963653903184183,-0.0007799929800273,9.18885476812314e-06,-5.144348468591806e-05,5.225769961048749e-05,0.9,13.0,-1.3940400326948543,1.0333312488759787,True,600,0.4615384615384615,2015-07-20,-111,111,0,1,Medium CI
2011-12-05,2014-08-22,676,2015-03-19,209,2016-01-04,True,0.026266561312387,0.466394196387915,5.959372900825529,-0.0007798567167678,-1.3157924654973516e-05,-4.385346405041856e-05,4.578490242915576e-05,0.9,13.0,-1.8622925649266808,1.179211432746048,True,675,0.4615384615384615,2015-07-20,-123,123,0,0,Medium CI
2011-10-28,2014-08-22,701,2015-03-09,199,2016-01-04,True,0.0280687432012726,0.5522858957741912,5.961962051611206,-0.000803007631026,-2.1118268001867792e-05,-2.653856696064512e-05,3.391573056449408e-05,0.9,13.0,-2.2429451191700123,1.6391460560873623,True,700,0.4615384615384615,2015-07-20,-133,133,0,0,Medium CI
2011-09-23,2014-08-22,726,2014-10-22,61,2016-01-04,True,0.0284118505285105,0.5860513398299139,5.904750762687066,-0.0007955190012828,2.3717987755994785e-06,4.729335438839844e-05,4.735279082312447e-05,0.9,13.0,1.5206875247517837,1.1630653957064525,True,725,0.4615384615384615,2015-07-20,-271,271,0,0,Medium CI
2011-08-19,2014-08-22,751,2014-10-20,59,2016-01-04,True,0.0284710370756933,0.6087605640762923,5.905280307378644,-0.000800890038151,7.461300323206599e-06,5.046023591275998e-05,5.100888560716137e-05,0.9,13.0,1.4239950975955498,1.086991663324505,True,750,0.4615384615384615,2015-07-20,-273,273,0,0,Medium CI
2013-06-11,2014-08-25,301,2016-01-07,500,2016-01-07,True,0.0168245398887564,0.0852026078829756,6.035835802438681,-0.000744478199503,9.7598187473822e-06,0.0001014963520292,0.0001019645209729,0.9,6.0,1.4749317701052953,1.0952018296162112,True,300,0.4615384615384615,2015-07-20,171,171,0,0,Medium CI
2012-10-29,2014-08-25,451,2016-01-07,500,2016-01-07,True,0.0201256631526184,0.1826740851170313,5.992313143924801,-0.0005906924420965,2.42828389822538e-05,4.9847729116149454e-05,5.54477444723866e-05,0.9,6.0,1.117489281301707,1.5979706146316164,True,450,0.4615384615384615,2015-07-20,171,171,0,0,Medium CI
2012-09-24,2014-08-25,476,2016-01-07,500,2016-01-07,True,0.0198479766874272,0.1875164770062958,6.00728520173843,-0.0006305500557078,1.4776824780503969e-05,4.598400334158744e-05,4.8299928715401233e-05,0.9,6.0,1.259871916661298,1.9582328767707728,True,475,0.4615384615384615,2015-07-20,171,171,0,0,Medium CI
2012-08-20,2014-08-25,501,2016-01-07,500,2016-01-07,True,0.019518677297424,0.1908703604839284,6.011629398012955,-0.0006418746394403,1.2136899769330732e-05,4.434977369805463e-05,4.598050416295409e-05,0.9,6.0,1.303673378067495,2.093956942595331,True,500,0.4615384615384615,2015-07-20,171,171,0,0,Medium CI
2012-07-13,2014-08-25,526,2015-03-20,207,2016-01-07,True,0.0197306634226292,0.2047713156050633,5.951218296763045,-0.0007472550726637,-1.2399202730860312e-05,-3.262658577482388e-05,3.490321371568689e-05,0.9,13.0,-1.9339728007748755,1.482185678187513,True,525,0.4615384615384615,2015-07-20,-122,122,0,0,Medium CI
2012-06-08,2014-08-25,551,2015-03-14,201,2016-01-07,True,0.0212548494648253,0.248924512800586,5.957391651357566,-0.0007816759284189,4.690401625753784e-05,7.694709441324112e-07,4.691032750494541e-05,0.9,12.295306459679372,0.0164037536029414,1.2197235935617603,True,550,0.4615384615384615,2015-07-20,-128,128,0,0,Medium CI
2012-05-02,2014-08-25,576,2015-02-07,166,2016-01-07,True,0.0224246590927347,0.289650433205013,5.947354009884172,-0.0007966036479357,-1.1422665913750249e-05,-5.743301078199294e-05,5.855790317336908e-05,0.9,11.14313030485263,-1.7671212428444143,1.098732760776192,True,575,0.4615384615384615,2015-07-20,-163,163,0,0,Medium CI
2012-03-23,2014-08-25,601,2015-04-01,219,2016-01-07,True,0.0233708434047349,0.3282639891906355,5.964171918397231,-0.0007805651952964,1.0997222287967931e-05,-5.091001839207084e-05,5.208424781766527e-05,0.9,13.0,-1.3580521915924222,1.0375330578703708,True,600,0.4615384615384615,2015-07-20,-110,110,0,1,Medium CI
2011-12-06,2014-08-25,676,2015-03-20,207,2016-01-07,True,0.0262636609527825,0.4662912033704767,5.959075952342056,-0.0007785370834201,-1.2810774110942768e-05,-4.43699935074321e-05,4.6182380375757685e-05,0.9,13.0,-1.8518782503575608,1.167084085344217,True,675,0.4615384615384615,2015-07-20,-122,122,0,0,Medium CI
2011-10-31,2014-08-25,701,2015-03-10,197,2016-01-07,True,0.0280921658612309,0.5532080177252134,5.961841769134374,-0.0008027048962349,-2.106414490025641e-05,-2.6315680787823414e-05,3.3707762543746755e-05,0.9,13.0,-2.245805999080837,1.648637383140682,True,700,0.4615384615384615,2015-07-20,-132,132,0,0,Medium CI
2011-09-26,2014-08-25,726,2014-10-23,59,2016-01-07,True,0.0283094188933809,0.581833241806745,5.904577082471461,-0.0007936873859955,8.476660835590437e-07,4.650622209639411e-05,4.651394663397584e-05,0.9,13.0,1.5525714056306663,1.1813142559933392,True,725,0.4615384615384615,2015-07-20,-270,270,0,0,Medium CI
2011-08-22,2014-08-25,751,2014-10-21,57,2016-01-07,True,0.0285108581656669,0.610464644040424,5.905168374849438,-0.0007999904012558,6.962089385968495e-06,5.01929564565372e-05,5.067349964691658e-05,0.9,13.0,1.4329692433590726,1.092956895459746,True,750,0.4615384615384615,2015-07-20,-272,272,0,0,Medium CI
2013-06-12,2014-08-26,301,2016-01-08,500,2016-01-08,True,0.0168244025691712,0.0852012170646705,6.041840086737417,-0.0007605850965175,5.845503655434479e-06,0.0001018068523669,0.0001019745316334,0.9,6.0,1.5134417144250436,1.118786844618767,True,300,0.4615384615384615,2015-07-20,172,172,0,0,Medium CI
2012-10-30,2014-08-26,451,2016-01-08,500,2016-01-08,True,0.0200845554104543,0.1819286040820614,5.9909348186251234,-0.0005862729524547,2.4976800740532813e-05,5.03492944135767e-05,5.620402141463995e-05,0.9,6.0,1.1102972389671342,1.564673499417932,True,450,0.4615384615384615,2015-07-20,172,172,0,0,Medium CI
2012-09-25,2014-08-26,476,2016-01-08,500,2016-01-08,True,0.0198445686173805,0.1874520861183251,6.0078207295744965,-0.0006312437498626,1.423041192143826e-05,4.600842445229713e-05,4.8158900984517336e-05,0.9,6.0,1.2708292872328493,1.9661279751761451,True,475,0.4615384615384615,2015-07-20,172,172,0,0,Medium CI
2012-08-21,2014-08-26,501,2016-01-08,500,2016-01-08,True,0.019516341045157,0.1908246714632308,6.011974373257599,-0.0006420601348006,1.1708850660549952e-05,4.441401946818985e-05,4.5931495829243445e-05,0.9,6.0,1.3130314986836829,2.096796946873658,True,500,0.4615384615384615,2015-07-20,172,172,0,0,Medium CI
2012-07-16,2014-08-26,526,2015-03-20,206,2016-01-08,True,0.0197295786109871,0.2047487991599057,5.950715602042442,-0.0007457126234187,-1.2869978582245036e-05,-3.227249790063334e-05,3.474407099713316e-05,0.9,13.0,-1.950259944591168,1.4859012505653562,True,525,0.4615384615384615,2015-07-20,-122,122,0,0,Medium CI
2012-06-11,2014-08-26,551,2015-03-17,203,2016-01-08,True,0.021167093161018,0.2468732539208563,5.957746637579727,-0.0007794253668542,3.712094128149238e-05,2.7395189126255216e-05,4.613524324079474e-05,0.9,12.38485464663538,0.6357756263163724,1.2277029994463573,True,550,0.4615384615384615,2015-07-20,-125,125,0,0,Medium CI
2012-05-03,2014-08-26,576,2015-02-10,168,2016-01-08,True,0.0224054519892047,0.2891544646121625,5.948511522185005,-0.0007972761505214,1.2531052736687758e-05,-5.743414059604717e-05,5.878526846665041e-05,0.9,11.197293846085604,-1.3559814662843137,1.0901084373986485,True,575,0.4615384615384615,2015-07-20,-160,160,0,0,Medium CI
2012-03-26,2014-08-26,601,2015-04-02,219,2016-01-08,True,0.0232897611557793,0.3259901977906415,5.964687516656984,-0.000781371104638,1.2604200038810798e-05,-5.035896442178391e-05,5.191234107852252e-05,0.9,13.0,-1.325547453817287,1.042043597050788,True,600,0.4615384615384615,2015-07-20,-109,109,0,1,Medium CI
2011-12-07,2014-08-26,676,2015-03-21,207,2016-01-08,True,0.0262409215725254,0.4654841123233916,5.959019284614473,-0.0007772010143614,-1.1967459884786737e-05,-4.505693865386151e-05,4.661917863875144e-05,0.9,13.0,-1.830409589827476,1.154164994799981,True,675,0.4615384615384615,2015-07-20,-121,121,0,0,Medium CI
2011-11-01,2014-08-26,701,2015-03-11,197,2016-01-08,True,0.0281155233535784,0.5541283400653769,5.962135118226892,-0.0008020512400719,-2.0183716725416883e-05,-2.687738829181455e-05,3.361214694482998e-05,0.9,13.0,-2.214908536288084,1.6519808866660703,True,700,0.4615384615384615,2015-07-20,-131,131,0,0,Medium CI
2011-09-27,2014-08-26,726,2014-10-23,58,2016-01-08,True,0.0282464827622326,0.5792491104053397,5.904397596320169,-0.0007921823660855,-3.086226715330799e-07,4.5882840548065536e-05,4.588387848376149e-05,0.9,13.0,1.5775225454333948,1.1952650121886548,True,725,0.4615384615384615,2015-07-20,-270,270,0,0,Medium CI
2011-08-23,2014-08-26,751,2014-10-21,56,2016-01-08,True,0.0285413537197861,0.6117712629906196,5.905034532258832,-0.000799238040526,6.644130892613493e-06,4.998795524829844e-05,5.042757326328591e-05,0.9,13.0,1.4386562005615176,1.0972541560788602,True,750,0.4615384615384615,2015-07-20,-272,272,0,0,Medium CI
2013-06-13,2014-08-27,301,2016-01-09,500,2016-01-09,True,0.0168303780671647,0.0852617493909933,6.046990448309019,-0.0007741444358443,2.4132214456049008e-06,0.000101881607905,0.0001019101843147,0.9,6.0,1.547114228198296,1.1394510387500938,True,300,0.4615384615384615,2015-07-20,173,173,0,0,Medium CI
2012-10-31,2014-08-27,451,2016-01-09,500,2016-01-09,True,0.0200638792180639,0.1815542214239525,5.990144988504142,-0.0005834061781962,2.532534813467696e-05,5.069131050097392e-05,5.666552936705643e-05,0.9,6.0,1.1074692519365428,1.5443414666186324,True,450,0.4615384615384615,2015-07-20,173,173,0,0,Medium CI
2012-09-26,2014-08-27,476,2016-01-09,500,2016-01-09,True,0.0198377078607628,0.1873224949084305,6.008634324881734,-0.0006326538789928,1.3535945610904126e-05,4.592939078798829e-05,4.788246820849045e-05,0.9,6.0,1.2841978813262145,1.981896201250907,True,475,0.4615384615384615,2015-07-20,173,173,0,0,Medium CI
2012-08-22,2014-08-27,501,2016-01-09,500,2016-01-09,True,0.0195113259203254,0.1907266114237517,6.012556815200034,-0.0006428486799487,1.1162467558099684e-05,4.437437947277062e-05,4.575681627450794e-05,0.9,6.0,1.3243574146217918,2.1073866112935304,True,500,0.4615384615384615,2015-07-20,173,173,0,0,Medium CI
2012-07-17,2014-08-27,526,2015-03-20,205,2016-01-09,True,0.0197281944572857,0.2047200713423966,5.950310601660069,-0.0007442962833753,-1.315879876771126e-05,-3.1967383400314745e-05,3.456974958647861e-05,0.9,13.0,-1.9612899192389337,1.4905576363743656,True,525,0.4615384615384615,2015-07-20,-122,122,0,0,Medium CI
2012-06-12,2014-08-27,551,2015-04-01,217,2016-01-09,True,0.0210664623280468,0.2445315050954774,5.963205523338322,-0.0007785180667917,-3.4856155579064e-05,-2.7488475022370165e-05,4.439107839203034e-05,0.9,12.826528146719983,-2.4738255791677863,1.2305701919990308,True,550,0.4615384615384615,2015-07-20,-110,110,0,1,Medium CI
2012-05-04,2014-08-27,576,2015-02-15,172,2016-01-09,True,0.0223839510185643,0.2885997676040559,5.950594646040934,-0.0007982865966583,5.091076114180274e-05,-2.941916344589531e-05,5.879959845010844e-05,0.9,11.309714987654084,-0.5239790899619856,1.0803769904040876,True,575,0.4615384615384615,2015-07-20,-155,155,0,0,Medium CI
2012-03-27,2014-08-27,601,2015-04-04,220,2016-01-09,True,0.0231656554227399,0.3225252022902385,5.965464893617176,-0.0007824948915924,1.4760068779068626e-05,-4.95541502172412e-05,5.170564218840863e-05,0.9,13.0,-1.2813064067037443,1.0477139625631815,True,600,0.4615384615384615,2015-07-20,-107,107,0,1,Medium CI
2011-12-08,2014-08-27,676,2015-03-21,206,2016-01-09,True,0.0262108968057276,0.4644195112797011,5.958826191848715,-0.0007758726029949,-1.1436930233561516e-05,-4.5689910677752896e-05,4.7099589285984136e-05,0.9,13.0,-1.816072679288308,1.1404400323806485,True,675,0.4615384615384615,2015-07-20,-121,121,0,0,Medium CI
2011-11-02,2014-08-27,701,2015-03-12,197,2016-01-09,True,0.028101047870589,0.5535578928890208,5.962121728846437,-0.0008007745458135,-1.9399293995448732e-05,-2.7689711363285547e-05,3.380906273329561e-05,0.9,13.0,-2.1819220089739124,1.6397448880620873,True,700,0.4615384615384615,2015-07-20,-130,130,0,0,Medium CI
2011-09-28,2014-08-27,726,2014-10-24,58,2016-01-09,True,0.0282668213372066,0.5800835748579396,5.90435301338133,-0.0007913420291722,-9.87369427121126e-07,4.556510005974326e-05,4.557579666709106e-05,0.9,13.0,1.5924623590215168,1.2020682338129711,True,725,0.4615384615384615,2015-07-20,-269,269,0,0,Medium CI
2011-08-24,2014-08-27,751,2014-10-21,55,2016-01-09,True,0.0285738220715336,0.613163944139523,5.904834752796723,-0.0007985337647609,6.537713171247638e-06,4.984221778067277e-05,5.026915920129874e-05,0.9,13.0,1.4403727254186265,1.0997420221365957,True,750,0.4615384615384615,2015-07-20,-272,272,0,0,Medium CI
2013-06-14,2014-08-28,301,2016-01-10,500,2016-01-10,True,0.0168277996385684,0.085235627043417,6.04949331184631,-0.000780433895406,3.744995047129895e-07,0.0001021129293886,0.0001021136161254,0.9,6.0,1.5671288399458745,1.146419926673911,True,300,0.4615384615384615,2015-07-20,174,174,0,0,Medium CI
2012-11-01,2014-08-28,451,2016-01-10,500,2016-01-10,True,0.0200270342254271,0.1808880270397607,5.988341065807438,-0.0005779842763591,2.6110321941163567e-05,5.142409234246505e-05,5.767309758559514e-05,0.9,6.0,1.100971991413814,1.5032596666965128,True,450,0.4615384615384615,2015-07-20,174,174,0,0,Medium CI
2012-09-27,2014-08-28,476,2016-01-10,500,2016-01-10,True,0.0198344708361216,0.1872613670741057,6.007921730833018,-0.0006301725891569,1.3591930230151667e-05,4.6428937159762746e-05,4.837754410019704e-05,0.9,6.0,1.2860069081913192,1.953920773195153,True,475,0.4615384615384615,2015-07-20,174,174,0,0,Medium CI
2012-08-23,2014-08-28,501,2016-01-10,500,2016-01-10,True,0.0195113156508199,0.1907264106513914,6.012125218616193,-0.0006411167570123,1.1033699985194536e-05,4.479698917022624e-05,4.613580793787672e-05,0.9,6.0,1.3292987949239998,2.08444411944278,True,500,0.4615384615384615,2015-07-20,174,174,0,0,Medium CI
2012-07-18,2014-08-28,526,2015-03-20,204,2016-01-10,True,0.01973561432773,0.2048740927416668,5.9497638684247605,-0.0007424911440237,-1.3579316676193243e-05,-3.158311378634856e-05,3.437864043026979e-05,0.9,13.0,-1.976856379565605,1.4952084318768328,True,525,0.4615384615384615,2015-07-20,-122,122,0,0,Medium CI
2012-06-13,2014-08-28,551,2015-04-02,217,2016-01-10,True,0.021000578324849,0.2430043837779439,5.962831669056188,-0.0007760131219056,-2.5389840406463384e-05,-3.575997688542766e-05,4.385681181654682e-05,0.9,12.869963009312762,-2.1882069932864363,1.2373632648230168,True,550,0.4615384615384615,2015-07-20,-109,109,0,1,Medium CI
2012-05-07,2014-08-28,576,2015-02-12,168,2016-01-10,True,0.0224141907608508,0.2893800657391542,5.949120602311225,-0.0007974716841512,2.110168967278691e-05,-5.557137612705808e-05,5.944290665589597e-05,0.9,11.21334545474488,-1.2078920161846909,1.0767689944133991,True,575,0.4615384615384615,2015-07-20,-158,158,0,0,Medium CI
2012-03-28,2014-08-28,601,2015-04-05,220,2016-01-10,True,0.0230695197695654,0.31985384818142,5.966089001343972,-0.0007833385570393,1.6708721627710437e-05,-4.88073437468533e-05,5.158815932029188e-05,0.9,13.0,-1.2409615063583483,1.0512321351737977,True,600,0.4615384615384615,2015-07-20,-106,106,0,1,Medium CI
2011-12-09,2014-08-28,676,2015-03-22,206,2016-01-10,True,0.0261459333973723,0.4621202472566064,5.958599871929205,-0.0007740489836295,-1.0629116578693187e-05,-4.6581678587915806e-05,4.777897968051792e-05,0.9,13.0,-1.7951376972057602,1.1215812249926074,True,675,0.4615384615384615,2015-07-20,-120,120,0,1,Medium CI
2011-11-03,2014-08-28,701,2015-03-14,198,2016-01-10,True,0.0281118423447463,0.5539832516911277,5.962192485325228,-0.0007995007474329,-1.8452079642582912e-05,-2.848310909438055e-05,3.3937689179120704e-05,0.9,13.0,-2.14564126400772,1.630931659879009,True,700,0.4615384615384615,2015-07-20,-128,128,0,0,Medium CI
2011-09-29,2014-08-28,726,2014-10-25,58,2016-01-10,True,0.0282841622548998,0.5807955238190496,5.904306115038239,-0.0007902263476265,-1.946954035972433e-06,4.510007472684179e-05,4.514207981899929e-05,0.9,13.0,1.6139391805235,1.211906454730574,True,725,0.4615384615384615,2015-07-20,-268,268,0,0,Medium CI
2011-08-25,2014-08-28,751,2014-10-22,55,2016-01-10,True,0.0286199207783297,0.6151439988837624,5.904853475004456,-0.0007980596860723,6.130318319670519e-06,4.9827942553645874e-05,5.0203631958553766e-05,0.9,13.0,1.448381758493782,1.1005236833157517,True,750,0.4615384615384615,2015-07-20,-271,271,0,0,Medium CI
2013-06-17,2014-08-29,301,2016-01-11,500,2016-01-11,True,0.0168255829217956,0.085213172438125,6.05327907643693,-0.0007903131716644,-2.3498948155870384e-06,0.0001023534421679,0.000102380413797,0.9,6.0,1.593750924323355,1.1579067846376032,True,300,0.4615384615384615,2015-07-20,175,175,0,0,Medium CI
2012-11-02,2014-08-29,451,2016-01-11,500,2016-01-11,True,0.0200157330333826,0.1806839355575045,5.987559239798842,-0.0005752354160876,2.632591438217588e-05,5.18563739137677e-05,5.81561457074155e-05,0.9,6.0,1.101031729848191,1.4836834759864812,True,450,0.4615384615384615,2015-07-20,175,175,0,0,Medium CI
2012-09-28,2014-08-29,476,2016-01-11,500,2016-01-11,True,0.0198322583215216,0.1872195917826246,6.0075895626932,-0.0006286406313937,1.3492182222532106e-05,4.6762441928091714e-05,4.8669959484307785e-05,0.9,6.0,1.28989905590157,1.937459897402764,True,475,0.4615384615384615,2015-07-20,175,175,0,0,Medium CI
2012-08-24,2014-08-29,501,2016-01-11,500,2016-01-11,True,0.0195056416895779,0.190615498918823,6.01159936235129,-0.0006390896739977,1.104283729498189e-05,4.521930010027486e-05,4.6548140210777066e-05,0.9,6.0,1.331277961186071,2.0594475024260404,True,500,0.4615384615384615,2015-07-20,175,175,0,0,Medium CI
2012-07-19,2014-08-29,526,2015-03-19,202,2016-01-11,True,0.0197557420086663,0.2052921940566299,5.949060074860309,-0.0007408810334241,-1.4422425352996713e-05,-3.1150789340291654e-05,3.432751126408657e-05,0.9,13.0,-2.0043979975037707,1.4941882462100595,True,525,0.4615384615384615,2015-07-20,-123,123,0,0,Medium CI
2012-06-14,2014-08-29,551,2015-04-02,216,2016-01-11,True,0.0209064659756308,0.2408312560942058,5.962166855244651,-0.0007733294839354,-1.840993725105797e-05,-3.919609404790233e-05,4.330426743636124e-05,0.9,12.899408853365092,-2.0099016808112107,1.2459670960983336,True,550,0.4615384615384615,2015-07-20,-109,109,0,1,Medium CI
2012-05-08,2014-08-29,576,2015-02-13,168,2016-01-11,True,0.0224283697391447,0.2897462990337325,5.949598726309878,-0.0007975270356567,3.0481121871766173e-05,-5.133849645767602e-05,5.970544371408922e-05,0.9,11.2353012015853,-1.035001080386126,1.0700135411848604,True,575,0.4615384615384615,2015-07-20,-157,157,0,0,Medium CI
2012-03-29,2014-08-29,601,2015-04-07,221,2016-01-11,True,0.0230067735106862,0.3181162880505795,5.966729193505557,-0.0007840370546069,1.8620841443555547e-05,-4.8003698126503216e-05,5.148874410865431e-05,0.9,13.0,-1.20076055893685,1.054201055697146,True,600,0.4615384615384615,2015-07-20,-104,104,0,1,Medium CI
2011-12-12,2014-08-29,676,2015-03-23,206,2016-01-11,True,0.0261077599959742,0.4607718292369962,5.958294915944926,-0.0007725385492282,-1.0206720054761764e-05,-4.725133817855757e-05,4.834114286961665e-05,0.9,13.0,-1.7835368224712,1.1063751257959438,True,675,0.4615384615384615,2015-07-20,-119,119,0,1,Medium CI
2011-11-04,2014-08-29,701,2015-03-15,198,2016-01-11,True,0.0281381544421704,0.5550207705234165,5.962272950542858,-0.0007986449812418,-1.7731753754556855e-05,-2.8930329862896024e-05,3.393197720717457e-05,0.9,13.0,-2.1206560740417744,1.62946020080368,True,700,0.4615384615384615,2015-07-20,-127,127,0,0,Medium CI
2011-09-30,2014-08-29,726,2014-10-26,58,2016-01-11,True,0.0283043677955532,0.5816256335581197,5.904328518286857,-0.0007892586148924,-2.905491591123433e-06,4.465306772779075e-05,4.474749533648511e-05,0.9,13.0,1.6357728590003096,1.2210958539721088,True,725,0.4615384615384615,2015-07-20,-267,267,0,0,Medium CI
2011-08-26,2014-08-29,751,2014-10-22,54,2016-01-11,True,0.0286609133115667,0.6169074118417092,5.904602013641281,-0.0007972691428001,6.069440744182049e-06,4.9668733790017314e-05,5.003819768187844e-05,0.9,13.0,1.449200756451564,1.103068427662443,True,750,0.4615384615384615,2015-07-20,-271,271,0,0,Medium CI
2013-06-18,2014-09-01,301,2016-01-14,500,2016-01-14,True,0.0168120592122818,0.0850762458221388,6.060093354070803,-0.0008071756904304,-8.086839538738228e-06,0.0001028931653618,0.0001032104667749,0.9,6.0,1.6492296209964827,1.1731015016969135,True,300,0.4615384615384615,2015-07-20,178,178,0,0,Medium CI
2012-11-05,2014-09-01,451,2016-01-14,500,2016-01-14,True,0.0200085295216679,0.1805539053823751,5.9873214991078285,-0.0005726308717302,2.562259437194334e-05,5.264936657285485e-05,5.855316509696114e-05,0.9,6.0,1.1178736624377428,1.4669511138689588,True,450,0.4615384615384615,2015-07-20,178,178,0,0,Medium CI
2012-10-01,2014-09-01,476,2016-01-14,500,2016-01-14,True,0.0198130596871437,0.186857291063169,6.007010036409388,-0.0006250210356509,1.3121619419168273e-05,4.751286070316021e-05,4.9291468109393946e-05,0.9,6.0,1.3013428450776872,1.902015885174692,True,475,0.4615384615384615,2015-07-20,178,178,0,0,Medium CI
2012-08-27,2014-09-01,501,2016-01-14,500,2016-01-14,True,0.0194980365121472,0.1904668873423419,6.011505950389696,-0.0006367412210748,1.0392441446713322e-05,4.581753934622597e-05,4.6981376639753e-05,0.9,6.0,1.3477480342547548,2.032958376115534,True,500,0.4615384615384615,2015-07-20,178,178,0,0,Medium CI
2012-07-20,2014-09-01,526,2016-01-14,500,2016-01-14,True,0.0199463580587828,0.2092728870996233,6.027389222330216,-0.0006776749249386,1.1484401946299026e-06,3.8778370478872326e-05,3.879537255752699e-05,0.9,6.0,1.5411894970014932,2.620189781398849,True,525,0.4615384615384615,2015-07-20,178,178,0,0,Medium CI
2012-06-15,2014-09-01,551,2015-04-05,216,2016-01-14,True,0.0207868920850875,0.2380842802889493,5.96276474415825,-0.0007710237602383,1.1222735328826782e-05,-4.098300211407429e-05,4.249183745783553e-05,0.9,13.0,-1.3035100124011538,1.256207573265607,True,550,0.4615384615384615,2015-07-20,-106,106,0,1,Medium CI
2012-05-09,2014-09-01,576,2015-02-15,167,2016-01-14,True,0.0224624005794753,0.2906262373206604,5.950043632737393,-0.0007971084958358,4.175420585249853e-05,-4.269946927932175e-05,5.972150687238697e-05,0.9,11.267293892044306,-0.7965903815609366,1.066128536009667,True,575,0.4615384615384615,2015-07-20,-155,155,0,0,Medium CI
2012-03-30,2014-09-01,601,2015-04-07,218,2016-01-14,True,0.022980931590768,0.3174020532845167,5.966632142409914,-0.0007841965557643,9.267557414772974e-06,-5.070008111220689e-05,5.154013819558957e-05,0.9,12.970454478256883,-1.390000558260553,1.0557635583773664,True,600,0.4615384615384615,2015-07-20,-104,104,0,1,Medium CI
2011-12-13,2014-09-01,676,2015-03-23,203,2016-01-14,True,0.0260036466071303,0.4571041945231219,5.95792417107085,-0.0007706521781339,-9.734357436200428e-06,-4.816038316415854e-05,4.913430798550312e-05,0.9,13.0,-1.7702331212329532,1.0858572205255277,True,675,0.4615384615384615,2015-07-20,-119,119,0,1,Medium CI
2011-11-07,2014-09-01,701,2015-03-16,196,2016-01-14,True,0.0281543108605994,0.5556583192447233,5.9622909145729865,-0.0007976009625607,-1.698695612741547e-05,-2.947004496702237e-05,3.4015294043019214e-05,0.9,13.0,-2.093692861038741,1.623344137711999,True,700,0.4615384615384615,2015-07-20,-126,126,0,0,Medium CI
2011-10-03,2014-09-01,726,2014-10-26,55,2016-01-14,True,0.0283002638031795,0.5814569801452579,5.904105652583442,-0.0007879741507603,-3.6604580184056753e-06,4.4157492503624015e-05,4.430895053047546e-05,0.9,13.0,1.6535027426246818,1.2311746484174115,True,725,0.4615384615384615,2015-07-20,-267,267,0,0,Medium CI
2011-08-29,2014-09-01,751,2014-10-22,51,2016-01-14,True,0.02869516127512,0.6183826227344663,5.9041565764023005,-0.0007962734841983,6.250564451660938e-06,4.9431752592576185e-05,4.982537225488666e-05,0.9,13.0,1.4450155017904218,1.1063966676878707,True,750,0.4615384615384615,2015-07-20,-271,271,0,0,Medium CI
2013-06-19,2014-09-02,301,2016-01-15,500,2016-01-15,True,0.0168029910469912,0.084984492945706,6.065511850051706,-0.0008217202027944,-1.1699209051274146e-05,0.0001032636945604,0.0001039243095079,0.9,6.0,1.6836097939989512,1.1860365587490964,True,300,0.4615384615384615,2015-07-20,179,179,0,0,Medium CI
2012-11-06,2014-09-02,451,2016-01-15,500,2016-01-15,True,0.0199922172810857,0.1802596270681785,5.986523870328591,-0.0005698027321562,2.589861774913142e-05,5.30338377907357e-05,5.9019711555798805e-05,0.9,6.0,1.116519035536966,1.448167189746906,True,450,0.4615384615384615,2015-07-20,179,179,0,0,Medium CI
2012-10-02,2014-09-02,476,2016-01-15,500,2016-01-15,True,0.0198111437782491,0.1868211548739715,6.006881757982851,-0.0006239972696,1.2941028901971782e-05,4.774642886187782e-05,4.946909841612265e-05,0.9,6.0,1.3061185945089366,1.8920819953635448,True,475,0.4615384615384615,2015-07-20,179,179,0,0,Medium CI
2012-08-28,2014-09-02,501,2016-01-15,500,2016-01-15,True,0.019495438798363,0.1904161391042999,6.011299622791669,-0.0006355220477931,1.0250145153203076e-05,4.609078315988955e-05,4.721679540114609e-05,0.9,6.0,1.3519671758194236,2.018949112473344,True,500,0.4615384615384615,2015-07-20,179,179,0,0,Medium CI
2012-07-23,2014-09-02,526,2016-01-15,500,2016-01-15,True,0.0199001616877523,0.2083046449145094,6.026088785343859,-0.000673653592146,1.6155898222349754e-06,3.954762922160679e-05,3.958061529995961e-05,0.9,6.0,1.5299672804302575,2.552967862073831,True,525,0.4615384615384615,2015-07-20,179,179,0,0,Medium CI
2012-06-18,2014-09-02,551,2015-04-05,215,2016-01-15,True,0.0207091535863811,0.2363068422876424,5.961994820768702,-0.0007685795583484,1.02128757657424e-05,-4.076288922643072e-05,4.202280297044392e-05,0.9,13.0,-1.325306226742136,1.2662019255815509,True,550,0.4615384615384615,2015-07-20,-106,106,0,1,Medium CI
2012-05-10,2014-09-02,576,2015-02-17,168,2016-01-15,True,0.0224995592873917,0.2915885768410701,5.9507118702857,-0.0007966438187909,5.4018880270267245e-05,-2.524204270995691e-05,5.962549912432396e-05,0.9,11.316207892133551,-0.4371322156163044,1.0626096492899286,True,575,0.4615384615384615,2015-07-20,-153,153,0,0,Medium CI
2012-04-02,2014-09-02,601,2015-04-05,215,2016-01-15,True,0.0229238626049681,0.3158275895156061,5.966036389933319,-0.0007843747010357,-1.66517390882752e-05,-4.8928506102978506e-05,5.168441858174664e-05,0.9,12.896000685320274,-1.8988287882222956,1.0591352061774133,True,600,0.4615384615384615,2015-07-20,-106,106,0,1,Medium CI
2011-12-14,2014-09-02,676,2015-03-24,203,2016-01-15,True,0.0259152324272257,0.4540011077078227,5.957618626417596,-0.0007688200028072,-9.132855104181724e-06,-4.903470972481958e-05,4.98779690860734e-05,0.9,13.0,-1.7549392243747637,1.0671244473186108,True,675,0.4615384615384615,2015-07-20,-118,118,0,1,Medium CI
2011-11-08,2014-09-02,701,2015-03-17,196,2016-01-15,True,0.0281623021769152,0.5559737999966243,5.962350657137486,-0.0007964079699728,-1.6074728443001606e-05,-3.0143199450773865e-05,3.4161518813503864e-05,0.9,13.0,-2.0607111749793354,1.6139778996284415,True,700,0.4615384615384615,2015-07-20,-125,125,0,0,Medium CI
2011-10-04,2014-09-02,726,2014-10-27,55,2016-01-15,True,0.0282637502397183,0.5799575333471678,5.903967829690116,-0.0007865351132047,-4.812451869012606e-06,4.351161604548395e-05,4.377693940742294e-05,0.9,13.0,1.6809501659004424,1.243861075060508,True,725,0.4615384615384615,2015-07-20,-266,266,0,0,Medium CI
2011-08-30,2014-09-02,751,2016-01-15,500,2016-01-15,True,0.029967246639765,0.6744249392475521,6.078286529637777,-0.0008031090304247,-1.5630945227247396e-05,6.652865296214377e-06,1.698785052167524e-05,0.9,6.0,2.739195765147519,7.091324144275967,True,750,0.4615384615384615,2015-07-20,179,179,0,0,Medium CI
2013-06-20,2014-09-03,301,2016-01-16,500,2016-01-16,True,0.0168089199807348,0.0850444770665425,6.0722730548879404,-0.0008397785308657,-1.5989940664413305e-05,0.0001033055873241,0.0001045357478322,0.9,6.0,1.72436063488784,1.2050115127315066,True,300,0.4615384615384615,2015-07-20,180,180,0,0,Medium CI
2012-11-07,2014-09-03,451,2016-01-16,500,2016-01-16,True,0.0199882957827787,0.1801889177032326,5.986635400395636,-0.0005692598043625,2.5793017123137898e-05,5.305790110793896e-05,5.89950896456164e-05,0.9,6.0,1.1183064689460462,1.4473911501331655,True,450,0.4615384615384615,2015-07-20,180,180,0,0,Medium CI
2012-10-03,2014-09-03,476,2016-01-16,500,2016-01-16,True,0.0198093640614583,0.1867875905512334,6.0070931343710265,-0.0006237409292209,1.2741483415790422e-05,4.776387868277242e-05,4.9434133010071735e-05,0.9,6.0,1.3101069733475137,1.89264246556282,True,475,0.4615384615384615,2015-07-20,180,180,0,0,Medium CI
2012-08-29,2014-09-03,501,2016-01-16,500,2016-01-16,True,0.0194870814185389,0.190252917448596,6.011190398844594,-0.0006344416598508,1.0234766739127888e-05,4.624863537830331e-05,4.736757038902889e-05,0.9,6.0,1.3530075357696425,2.0091013365479315,True,500,0.4615384615384615,2015-07-20,180,180,0,0,Medium CI
2012-07-24,2014-09-03,526,2016-01-16,500,2016-01-16,True,0.0197386829067197,0.2049378071212071,6.024155864262344,-0.0006678989537422,2.630694763789055e-06,4.0550751892797e-05,4.063599431552533e-05,0.9,6.0,1.5060129782173404,2.4654212293522284,True,525,0.4615384615384615,2015-07-20,180,180,0,0,Medium CI
2012-06-19,2014-09-03,551,2015-04-05,214,2016-01-16,True,0.0206138247553342,0.2341363038450406,5.961165512437108,-0.0007662311045331,8.965895816620027e-06,-4.055014159440212e-05,4.152952288578025e-05,0.9,13.0,-1.3531909450267046,1.277326708550713,True,550,0.4615384615384615,2015-07-20,-106,106,0,1,Medium CI
2012-05-11,2014-09-03,576,2015-02-17,167,2016-01-16,True,0.0225211628431706,0.2921487988657597,5.950128253144261,-0.0007960824641894,4.618498309226828e-05,-3.815732043557382e-05,5.990854501701879e-05,0.9,11.280190508867593,-0.6905044744728086,1.060218456981472,True,575,0.4615384615384615,2015-07-20,-153,153,0,0,Medium CI
2012-04-03,2014-09-03,601,2015-04-10,219,2016-01-16,True,0.0227951810483897,0.3122917876963478,5.968195706006131,-0.000786221004571,1.4736626406231608e-05,-4.923801953969578e-05,5.139601858148456e-05,0.9,12.973574914982327,-1.2799876891214892,1.0612018787838182,True,600,0.4615384615384615,2015-07-20,-101,101,0,1,Medium CI
2011-12-15,2014-09-03,676,2015-03-25,203,2016-01-16,True,0.0257256026381143,0.4473812826196509,5.957160434305442,-0.0007667108038989,-8.782449413883452e-06,-5.013662258210469e-05,5.09000230024293e-05,0.9,13.0,-1.7442072704874387,1.0428281875026022,True,675,0.4615384615384615,2015-07-20,-117,117,0,1,Medium CI
2011-11-09,2014-09-03,701,2015-03-18,196,2016-01-16,True,0.0281702760962374,0.5562886831921126,5.962339272322116,-0.0007954916493035,-1.545903634961363e-05,-3.058854411079856e-05,3.427303365150136e-05,0.9,13.0,-2.038743821252902,1.6068755207938386,True,700,0.4615384615384615,2015-07-20,-124,124,0,0,Medium CI
2011-10-05,2014-09-03,726,2014-10-28,55,2016-01-16,True,0.0281138385662375,0.5738216291420674,5.903877386889343,-0.0007847882736786,-6.484911022293148e-06,4.2602782317603896e-05,4.309351612677019e-05,0.9,13.0,1.7218547747176094,1.2607812207810738,True,725,0.4615384615384615,2015-07-20,-265,265,0,0,Medium CI
2011-08-31,2014-09-03,751,2016-01-16,500,2016-01-16,True,0.0299665551059578,0.6743938131137253,6.078167692553005,-0.0008020969461666,-1.581845965581511e-05,6.848813588831233e-06,1.723745669921203e-05,0.9,6.0,2.7329963425222545,6.979831423188021,True,750,0.4615384615384615,2015-07-20,180,180,0,0,Medium CI
2013-06-21,2014-09-04,301,2016-01-17,500,2016-01-17,True,0.0168065536843419,0.0850205342701446,6.074434122813462,-0.0008435700026918,-1.7596256211889092e-05,0.0001013385926968,0.0001028549396113,0.9,6.0,1.7427204058554486,1.2302326060553972,True,300,0.4615384615384615,2015-07-20,181,181,0,0,Medium CI
2012-11-08,2014-09-04,451,2016-01-12,495,2016-01-17,True,0.0199746723454424,0.1799433784238099,5.986635078441494,-0.0005707524899395,2.742389925416714e-05,5.1715324200304815e-05,5.853669795474752e-05,0.9,6.0,1.0832146917453818,1.4625504424099247,True,450,0.4615384615384615,2015-07-20,176,176,0,0,Medium CI
2012-10-04,2014-09-04,476,2016-01-17,500,2016-01-17,True,0.0198198172717101,0.1869847745815752,6.0080909119882815,-0.0006253374723956,1.238401500852537e-05,4.7350450378053725e-05,4.894311983043081e-05,0.9,6.0,1.3149867528070114,1.9165231228481123,True,475,0.4615384615384615,2015-07-20,181,181,0,0,Medium CI
2012-08-30,2014-09-04,501,2016-01-17,500,2016-01-17,True,0.0194884979806333,0.1902805783241164,6.011747986600346,-0.0006349017417355,1.0135639020157627e-05,4.60211153063463e-05,4.712403030712636e-05,0.9,6.0,1.3540181786109735,2.020948985891984,True,500,0.4615384615384615,2015-07-20,181,181,0,0,Medium CI
2012-07-25,2014-09-04,526,2016-01-17,500,2016-01-17,True,0.0195486715635871,0.2010111945079265,6.022641148843625,-0.00066304256175,3.711808580496984e-06,4.1284181848273845e-05,4.145070800142737e-05,0.9,6.0,1.4811286846749967,2.399389276030675,True,525,0.4615384615384615,2015-07-20,181,181,0,0,Medium CI
2012-06-20,2014-09-04,551,2015-04-05,213,2016-01-17,True,0.0205609750091462,0.2329372850230324,5.960831946047072,-0.0007648993919728,8.494766978228734e-06,-4.025057222458632e-05,4.113720494176829e-05,0.9,13.0,-1.3628014603957266,1.2872671676500114,True,550,0.4615384615384615,2015-07-20,-106,106,0,1,Medium CI
2012-05-14,2014-09-04,576,2015-02-18,167,2016-01-17,True,0.0225233018771748,0.2922042974113993,5.95083189948162,-0.0007963023616599,5.521759299948447e-05,-2.326554031819989e-05,5.991884463968327e-05,0.9,11.319562082936384,-0.3987689706016304,1.0566409964126997,True,575,0.4615384615384615,2015-07-20,-152,152,0,0,Medium CI
2012-04-04,2014-09-04,601,2015-04-02,210,2016-01-17,True,0.0226923195620287,0.3094797616302437,5.965075149051503,-0.0007858971051115,-5.1437742366603454e-05,-7.82036643817445e-06,5.2028833073598695e-05,0.9,12.735698597389588,-2.990712526202496,1.0674347585718984,True,600,0.4615384615384615,2015-07-20,-109,109,0,1,Medium CI
2011-12-16,2014-09-04,676,2015-03-25,202,2016-01-17,True,0.0255638227022543,0.4417721050589497,5.956755406871968,-0.0007650032987403,-8.64522817097652e-06,-5.110232418695362e-05,5.182844303504352e-05,0.9,13.0,-1.7383844044827264,1.021866830922561,True,675,0.4615384615384615,2015-07-20,-117,117,0,1,Medium CI
2011-11-10,2014-09-04,701,2015-03-19,196,2016-01-17,True,0.0281387215275433,0.5550431420924472,5.962352610242079,-0.0007944401886277,-1.4740113021567063e-05,-3.127316671086423e-05,3.457284900053911e-05,0.9,13.0,-2.0112494532671628,1.5908352061376425,True,700,0.4615384615384615,2015-07-20,-123,123,0,0,Medium CI
2011-10-06,2014-09-04,726,2014-10-28,54,2016-01-17,True,0.028047391291843,0.5711123709096468,5.903861721794357,-0.0007836460890688,-7.664905796773612e-06,4.195889745457091e-05,4.265325141740792e-05,0.9,13.0,1.7514805820994446,1.2719410536843174,True,725,0.4615384615384615,2015-07-20,-265,265,0,0,Medium CI
2011-09-01,2014-09-04,751,2016-01-17,500,2016-01-17,True,0.0299600688112957,0.6741018981063601,6.0786387159976485,-0.0008023827602045,-1.5907614732613807e-05,6.621280422364152e-06,1.7230599551752533e-05,0.9,6.0,2.7471707723322405,6.985097278198856,True,750,0.4615384615384615,2015-07-20,181,181,0,0,Medium CI
2013-06-24,2014-09-05,301,2016-01-18,500,2016-01-18,True,0.016709129344481,0.0840376960386294,6.071463738925323,-0.0008326159627487,-1.6381056048419342e-05,9.876614428024336e-05,0.000100115384698,0.9,6.0,1.735157113756811,1.247484537855399,True,300,0.4230769230769231,2015-07-20,182,182,0,0,Medium CI
2012-11-09,2014-09-05,451,2016-01-15,497,2016-01-18,True,0.0199423556097427,0.1793615938167124,5.986341149192276,-0.0005680845344147,2.7357572098216093e-05,5.2051760557660925e-05,5.880325270136983e-05,0.9,6.0,1.086891626836973,1.4491150786329576,True,450,0.4230769230769231,2015-07-20,179,179,0,0,Medium CI
2012-10-05,2014-09-05,476,2016-01-18,500,2016-01-18,True,0.0198232840128853,0.1870501923904263,6.008729317116073,-0.000626071406923,1.212394236419081e-05,4.711891620309328e-05,4.865369711136398e-05,0.9,6.0,1.3189540827648976,1.9301865349204392,True,475,0.4230769230769231,2015-07-20,182,182,0,0,Medium CI
2012-08-31,2014-09-05,501,2016-01-18,500,2016-01-18,True,0.0194684128704655,0.1898885689471497,6.011653399321029,-0.0006337359359025,1.0313703652175477e-05,4.608943882306134e-05,4.722932197321503e-05,0.9,6.0,1.350647346782557,2.0127409501938245,True,500,0.4230769230769231,2015-07-20,182,182,0,0,Medium CI
2012-07-26,2014-09-05,526,2016-01-18,500,2016-01-18,True,0.0193387807988814,0.1967179209060605,6.020808869255444,-0.0006574325411,4.869373513511933e-06,4.219327617663535e-05,4.247332519278324e-05,0.9,6.0,1.4558982369358022,2.3218074101192645,True,525,0.4230769230769231,2015-07-20,182,182,0,0,Medium CI
2012-06-21,2014-09-05,551,2015-04-04,211,2016-01-18,True,0.0205260045793721,0.2321455920598149,5.960129428228046,-0.0007632723792034,7.350226269726645e-06,-4.018714442132258e-05,4.085379300574695e-05,0.9,13.0,-1.389895885603289,1.2934400959397507,True,550,0.4230769230769231,2015-07-20,-107,107,0,1,Medium CI
2012-05-15,2014-09-05,576,2015-02-22,170,2016-01-18,True,0.0225348775188601,0.2925047259590574,5.952054398134981,-0.0007960293981083,5.7812926780713176e-05,1.4089920895224734e-05,5.95051289704156e-05,0.9,11.407768281238608,0.2390553870169845,1.0553986261652335,True,575,0.4230769230769231,2015-07-20,-148,148,0,0,Medium CI
2012-04-05,2014-09-05,601,2015-04-01,208,2016-01-18,True,0.0226597766297589,0.3085927516232536,5.964773616141816,-0.0007862066740128,-5.146177606782452e-05,8.576698508392004e-06,5.2171583772766285e-05,0.9,12.689090876246423,2.976448970757437,1.0688449437143064,True,600,0.4230769230769231,2015-07-20,-110,110,0,1,Medium CI
2011-11-11,2014-09-05,701,2015-03-20,196,2016-01-18,True,0.0280999519838191,0.5535147183465527,5.96248281545876,-0.0007931868530209,-1.3666565968938435e-05,-3.2126126882285444e-05,3.491221926260274e-05,0.9,13.0,-1.9730086703610497,1.572885858825806,True,700,0.4230769230769231,2015-07-20,-122,122,0,0,Medium CI
2011-10-07,2014-09-05,726,2015-03-12,188,2016-01-18,True,0.0280250982135705,0.5702048502930815,5.961597748681012,-0.000802051092379,-2.1011094977428245e-05,-2.394227924669748e-05,3.185433797267417e-05,0.9,13.0,-2.291081676700839,1.7431413622664609,True,725,0.4230769230769231,2015-07-20,-130,130,0,0,Medium CI
2011-09-02,2014-09-05,751,2014-10-19,44,2016-01-18,True,0.0287218804753684,0.6195347599490534,5.902151691243492,-0.0007944028985254,9.63808516393308e-06,4.9862379676184296e-05,5.078532851719267e-05,0.9,13.0,1.379857344390724,1.082933306721725,True,750,0.4230769230769231,2015-07-20,-274,274,0,0,Medium CI
2013-06-25,2014-09-08,301,2016-01-21,500,2016-01-21,True,0.0163997737373684,0.0809547261697005,6.0630511115818,-0.0008041486183417,-1.3417738779886873e-05,9.521566079551786e-05,9.615642347078222e-05,0.9,6.0,1.7107939317654148,1.2544382205305438,True,300,0.4230769230769231,2015-07-20,185,185,0,0,Medium CI
2012-11-12,2014-09-08,451,2016-01-18,497,2016-01-21,True,0.0198963043055585,0.1785341791837434,5.9855506581844224,-0.0005634592601976,2.707701013765162e-05,5.293618332257103e-05,5.945926322075758e-05,0.9,6.0,1.0979888185779596,1.4214587341228189,True,450,0.4230769230769231,2015-07-20,182,182,0,0,Medium CI
2012-10-08,2014-09-08,476,2016-01-21,500,2016-01-21,True,0.0198236774025734,0.1870576164223789,6.00979967943148,-0.0006266522509952,1.0964938954060091e-05,4.71846409301924e-05,4.844192632397531e-05,0.9,6.0,1.3424652332355054,1.9404231991239045,True,475,0.4230769230769231,2015-07-20,185,185,0,0,Medium CI
2012-09-03,2014-09-08,501,2016-01-21,500,2016-01-21,True,0.0194507057801393,0.1895433076281193,6.011689343717266,-0.0006315989083318,9.806685513091884e-06,4.651558078450431e-05,4.7538093530056846e-05,0.9,6.0,1.3630133234674222,1.9929246045568252,True,500,0.4230769230769231,2015-07-20,185,185,0,0,Medium CI
2012-07-27,2014-09-08,526,2016-01-21,500,2016-01-21,True,0.0192462533212743,0.1948400083929045,6.019924320801615,-0.0006528969204539,4.950526953958806e-06,4.302786472252043e-05,4.3311717348789005e-05,0.9,6.0,1.456246027978292,2.261155734819413,True,525,0.4230769230769231,2015-07-20,185,185,0,0,Medium CI
2012-06-22,2014-09-08,551,2015-04-04,208,2016-01-21,True,0.0204817068043236,0.2311446728036701,5.9594769450225735,-0.0007613935691685,6.420167485625218e-06,-3.996767157957591e-05,4.048003609232975e-05,0.9,13.0,-1.4115229381910916,1.3021693548066149,True,550,0.4230769230769231,2015-07-20,-107,107,0,1,Medium CI
2012-05-16,2014-09-08,576,2015-02-19,164,2016-01-21,True,0.0225519119473518,0.2929471099091207,5.950654048073443,-0.0007945446408189,5.742353373926563e-05,-1.6011861809555814e-05,5.9614108612918886e-05,0.9,11.33747809604142,-0.2719308319600395,1.0580234576202383,True,575,0.4230769230769231,2015-07-20,-151,151,0,0,Medium CI
2012-04-10,2014-09-08,601,2015-03-28,201,2016-01-21,True,0.0226311936929646,0.3078147277090584,5.963002732647028,-0.0007858179663638,-2.1677722976241556e-05,4.792084037717238e-05,5.2595918243615686e-05,0.9,12.551395264163869,1.9956154554861807,1.0713229668600637,True,600,0.4230769230769231,2015-07-20,-114,114,0,1,Medium CI
2011-11-14,2014-09-08,701,2015-03-21,194,2016-01-21,True,0.0281056725220955,0.5537401083714114,5.962364725633009,-0.0007922824454757,-1.322350649007451e-05,-3.24640917914289e-05,3.505393529598872e-05,0.9,13.0,-1.9576032233642773,1.5647408111293866,True,700,0.4230769230769231,2015-07-20,-121,121,0,0,Medium CI
2011-10-10,2014-09-08,726,2015-03-13,186,2016-01-21,True,0.0280105251383382,0.5696119904494965,5.961933483719286,-0.0008009592775607,-1.9743820012921932e-05,-2.4939002291404188e-05,3.1808367829760145e-05,0.9,13.0,-2.240446196900094,1.743284257929562,True,725,0.4230769230769231,2015-07-20,-129,129,0,0,Medium CI
2011-09-05,2014-09-08,751,2014-10-19,41,2016-01-21,True,0.02873905691093,0.6202759774893885,5.901887312628491,-0.000794038138013,1.0034432745166311e-05,4.9964771120383054e-05,5.096241942480293e-05,0.9,13.0,1.3726026682477066,1.0786746727032153,True,750,0.4230769230769231,2015-07-20,-274,274,0,0,Medium CI
2013-06-26,2014-09-09,301,2016-01-22,500,2016-01-22,True,0.0162041565981264,0.0790349820080382,6.055240806171382,-0.0007796277545589,-9.565533712465696e-06,9.252755949422328e-05,9.302068964032328e-05,0.9,6.0,1.673810752020664,1.2571844353769823,True,300,0.4230769230769231,2015-07-20,186,186,0,0,Medium CI
2012-11-13,2014-09-09,451,2016-01-06,484,2016-01-22,True,0.0198374137279609,0.1774788655198456,5.983548175540647,-0.000565470626264,3.242860722192905e-05,4.955784747377784e-05,5.922495092938767e-05,0.9,6.0,0.991363113982862,1.432176685815117,True,450,0.4230769230769231,2015-07-20,170,170,0,0,Medium CI
2012-10-09,2014-09-09,476,2016-01-22,500,2016-01-22,True,0.0198190478198545,0.1869702564871848,6.009745246391922,-0.000625732276039,1.0878869046335737e-05,4.730254161274041e-05,4.853741067210281e-05,0.9,6.0,1.3447423054142116,1.9337628461464396,True,475,0.4230769230769231,2015-07-20,186,186,0,0,Medium CI
2012-09-04,2014-09-09,501,2016-01-22,500,2016-01-22,True,0.019444146876817,0.1894154987313843,6.01156092641724,-0.0006305020375914,9.754227317269068e-06,4.6693502970983786e-05,4.770144830357072e-05,0.9,6.0,1.3648588369952157,1.9826506112945528,True,500,0.4230769230769231,2015-07-20,186,186,0,0,Medium CI
2012-07-30,2014-09-09,526,2016-01-22,500,2016-01-22,True,0.0191968000254012,0.1938400110192197,6.01895517967318,-0.0006496549766341,5.362144795005732e-06,4.3614257740199e-05,4.3942645289412366e-05,0.9,6.0,1.4484654546340645,2.2176235830435265,True,525,0.4230769230769231,2015-07-20,186,186,0,0,Medium CI
2012-06-25,2014-09-09,551,2015-04-04,207,2016-01-22,True,0.020413800484446,0.2296145108705415,5.958716899443058,-0.0007591332010566,5.348552029427856e-06,-3.965211557410444e-05,4.001121440688388e-05,0.9,13.0,-1.4367186493742126,1.3135161288362118,True,550,0.4230769230769231,2015-07-20,-107,107,0,1,Medium CI
2012-05-18,2014-09-09,576,2015-02-28,172,2016-01-22,True,0.0225663607108462,0.2933226061816473,5.953923918259454,-0.0007942958996178,1.0136935811764911e-05,5.7581409916958426e-05,5.8466881528576845e-05,0.9,11.568536550061564,1.3965366147400724,1.0569062757409171,True,575,0.4230769230769231,2015-07-20,-142,142,0,0,Medium CI
2012-04-11,2014-09-09,601,2015-03-23,195,2016-01-22,True,0.0226535638613543,0.3084235573278966,5.960506629629411,-0.0007844270330317,3.481599064744039e-05,4.008528945487886e-05,5.309410170107485e-05,0.9,12.394028648084875,0.8556323668866926,1.0728432877334342,True,600,0.4230769230769231,2015-07-20,-119,119,0,1,Medium CI
2011-11-15,2014-09-09,701,2015-03-22,194,2016-01-22,True,0.0281001112589487,0.5535209931884753,5.9623823191187615,-0.0007910578398864,-1.232684085530836e-05,-3.3073137585414206e-05,3.52956574554978e-05,0.9,13.0,-1.927561844432842,1.5516226841905365,True,700,0.4230769230769231,2015-07-20,-120,120,0,1,Medium CI
2011-10-11,2014-09-09,726,2015-03-14,186,2016-01-22,True,0.0280233461395655,0.5701335563508371,5.9619821585462,-0.0008000230945062,-1.8999718592832847e-05,-2.5448088076731507e-05,3.175837674327708e-05,0.9,13.0,-2.212122323591736,1.743987568469486,True,725,0.4230769230769231,2015-07-20,-128,128,0,0,Medium CI
2011-09-06,2014-09-09,751,2016-01-22,500,2016-01-22,True,0.0299036313391699,0.671564602619011,6.079277832530152,-0.0007999408740857,-1.6510357773260578e-05,6.836585259318792e-06,1.7869829652489722e-05,0.9,6.0,2.749008804601095,6.714732789640606,True,750,0.4230769230769231,2015-07-20,186,186,0,0,Medium CI
2013-06-27,2014-09-10,301,2016-01-23,500,2016-01-23,True,0.0161215590722913,0.0782313047433355,6.05103671517189,-0.0007657629820188,-7.712111312230344e-06,9.066737557354682e-05,9.099477817043583e-05,0.9,6.0,1.6556514612085078,1.262319108989713,True,300,0.4230769230769231,2015-07-20,187,187,0,0,Medium CI
2012-11-14,2014-09-10,451,2016-01-23,500,2016-01-23,True,0.0197685584428046,0.1762489522108696,7.855419226541499,-1.08137142120637,0.0017230367365086,0.0149747513949087,0.0150735541573538,0.1,6.0,1.4562373259780168,1.1956607467598113,True,450,0.4230769230769231,2015-07-20,187,187,0,0,Medium CI
2012-10-10,2014-09-10,476,2016-01-23,500,2016-01-23,True,0.0198079298894975,0.1867605451774516,6.009370956525264,-0.0006239816656843,1.097341864445003e-05,4.752736585289055e-05,4.877772464620373e-05,0.9,6.0,1.3438863117380109,1.9188523148943175,True,475,0.4230769230769231,2015-07-20,187,187,0,0,Medium CI
2012-09-05,2014-09-10,501,2016-01-23,500,2016-01-23,True,0.0194164574614483,0.1888764089964695,6.010854027276285,-0.000627908879625,1.003504612462084e-05,4.709605742757543e-05,4.8153304932732816e-05,0.9,6.0,1.3608597507684514,1.955968174465524,True,500,0.4230769230769231,2015-07-20,187,187,0,0,Medium CI
2012-07-31,2014-09-10,526,2016-01-23,500,2016-01-23,True,0.0191820506614362,0.1935422615459784,6.018543049396506,-0.0006478550851604,5.43634699032278e-06,4.3947548875364e-05,4.428251258399527e-05,0.9,6.0,1.4477207476226583,2.194506524211777,True,525,0.4230769230769231,2015-07-20,187,187,0,0,Medium CI
2012-06-26,2014-09-10,551,2015-04-03,205,2016-01-23,True,0.0202642014843467,0.2262614618508095,5.957726780679889,-0.0007562774963653,3.857243770767055e-06,-3.91605765486221e-05,3.935008367370535e-05,0.9,13.0,-1.4726148890205797,1.3305606478361272,True,550,0.4230769230769231,2015-07-20,-108,108,0,1,Medium CI
2012-05-21,2014-09-10,576,2015-03-04,175,2016-01-23,True,0.0225213359233399,0.2921532893406282,5.955087025339271,-0.000792659079767,-3.5241403638043125e-05,4.540482729390073e-05,5.747655932611513e-05,0.9,11.685591345383752,2.2308306073138886,1.0621540053850376,True,575,0.4230769230769231,2015-07-20,-138,138,0,0,Medium CI
2012-04-12,2014-09-10,601,2015-04-03,205,2016-01-23,True,0.0226683835951992,0.3088272245062779,5.965199660041738,-0.0007861892730381,-5.087366381659933e-05,1.2337044262428696e-05,5.234818364812186e-05,0.9,12.671080104026062,2.9036818186301647,1.0667296573234557,True,600,0.4230769230769231,2015-07-20,-108,108,0,1,Medium CI
2011-11-16,2014-09-10,701,2015-03-23,194,2016-01-23,True,0.0280824879811791,0.5528269179803625,5.962322910338477,-0.0007896984757963,-1.1473799415606266e-05,-3.372014485928953e-05,3.5618762504627205e-05,0.9,13.0,-1.898772735464742,1.5349054569946343,True,700,0.4230769230769231,2015-07-20,-119,119,0,1,Medium CI
2011-10-12,2014-09-10,726,2014-10-26,46,2016-01-23,True,0.0280988131281635,0.5732084352275153,5.9016186645803925,-0.0007796308849476,-6.618188447084035e-06,4.177738809371533e-05,4.229835190943052e-05,0.9,13.0,1.7279063201804208,1.276041345453803,True,725,0.4230769230769231,2015-07-20,-267,267,0,0,Medium CI
2011-09-07,2014-09-10,751,2014-10-20,40,2016-01-23,True,0.0287472293359158,0.6206287990632968,5.901719024355747,-0.0007921886219051,8.641038596995948e-06,4.936420579267393e-05,5.011479184408767e-05,0.9,13.0,1.397505401954752,1.094364072008499,True,750,0.4230769230769231,2015-07-20,-273,273,0,0,Medium CI
2013-06-28,2014-09-11,301,2016-01-14,490,2016-01-24,True,0.0160732664679915,0.077763318380269,6.043447289390098,-0.0007499594937971,1.3352791190313816e-06,8.856438906064309e-05,8.857445444376545e-05,0.9,6.0,1.5557205387587816,1.270049302318765,True,300,0.4615384615384615,2015-07-20,178,178,0,0,Medium CI
2013-05-24,2014-09-11,326,2016-01-22,498,2016-01-24,True,0.0179837886601881,0.1054338293912253,5.992641043444531,-0.0005972809043377,2.77239434052332e-05,8.157593168051102e-05,8.615828264003395e-05,0.9,6.0,1.2431882935931844,1.0398551701056038,True,325,0.4615384615384615,2015-07-20,186,186,0,0,Medium CI
2012-11-15,2014-09-11,451,2016-01-24,500,2016-01-24,True,0.0196666586215063,0.1744366350620256,7.836599904916853,-1.071477830249745,0.001931285183878,0.0150538584407875,0.0151772367846303,0.1,6.0,1.4432015915724892,1.1766281366566098,True,450,0.4615384615384615,2015-07-20,188,188,0,0,Medium CI
2012-10-11,2014-09-11,476,2016-01-24,500,2016-01-24,True,0.0197851413675557,0.1863310658126622,6.008560898733566,-0.0006211084141556,1.1300462886157547e-05,4.790650981906337e-05,4.92212773552804e-05,0.9,6.0,1.3391451399141276,1.8928046391577664,True,475,0.4615384615384615,2015-07-20,188,188,0,0,Medium CI
2012-09-06,2014-09-11,501,2016-01-24,500,2016-01-24,True,0.0193873390097363,0.1883103258531014,6.01003610072062,-0.0006250513664533,1.0343973298646191e-05,4.755596233118383e-05,4.866792924347697e-05,0.9,6.0,1.3566207821151222,1.9264782049582243,True,500,0.4615384615384615,2015-07-20,188,188,0,0,Medium CI
2012-08-02,2014-09-11,526,2016-01-24,500,2016-01-24,True,0.0191445608489005,0.1927864745111561,6.01764949304266,-0.0006448375867425,5.753511449451012e-06,4.450732387510904e-05,4.487766451724972e-05,0.9,6.0,1.442238159511347,2.1553179973126584,True,525,0.4615384615384615,2015-07-20,188,188,0,0,Medium CI
2012-06-27,2014-09-11,551,2015-04-02,203,2016-01-24,True,0.020103007890526,0.2226761403618508,5.956288010139115,-0.0007529462533392,1.4814625365050906e-06,-3.869440175190658e-05,3.872275117014569e-05,0.9,13.0,-1.5325287933643046,1.3461607642250686,True,550,0.4615384615384615,2015-07-20,-109,109,0,1,Medium CI
2012-05-22,2014-09-11,576,2015-03-03,173,2016-01-24,True,0.0224917141428375,0.2913852701278756,5.954016024322061,-0.0007903842029141,-2.4827782579759223e-05,5.139062904748311e-05,5.707377280085671e-05,0.9,11.658377575698458,2.020848057558298,1.0690698025113323,True,575,0.4615384615384615,2015-07-20,-139,139,0,0,Medium CI
2012-04-13,2014-09-11,601,2015-03-31,201,2016-01-24,True,0.0226675152355789,0.3088035644200783,5.96378876492652,-0.0007856749073357,-2.835158776041529e-05,4.447411027401748e-05,5.27423834615198e-05,0.9,12.563266022114911,2.1383234390665486,1.0671441417752587,True,600,0.4615384615384615,2015-07-20,-111,111,0,1,Medium CI
2011-11-17,2014-09-11,701,2015-03-24,194,2016-01-24,True,0.0280651772876803,0.552145577508439,5.962382746963875,-0.0007882720229249,-1.0344893130659309e-05,-3.443020737872767e-05,3.595074399823953e-05,0.9,13.0,-1.862674900274371,1.517984676836247,True,700,0.4615384615384615,2015-07-20,-118,118,0,1,Medium CI
2011-10-13,2014-09-11,726,2015-03-16,186,2016-01-24,True,0.0280586005618236,0.5715689575442666,5.961953809262727,-0.0007982151296873,-1.7727636742808966e-05,-2.622519532316929e-05,3.1654857040008425e-05,0.9,13.0,-2.1652170851465367,1.745736755975427,True,725,0.4615384615384615,2015-07-20,-126,126,0,0,Medium CI
2011-09-08,2014-09-11,751,2014-10-20,39,2016-01-24,True,0.0287788310354109,0.621994057939315,5.901683369596128,-0.0007915936956795,8.212133290664349e-06,4.927819005780693e-05,4.995777365492762e-05,0.9,13.0,1.4056653876033454,1.096979237879235,True,750,0.4615384615384615,2015-07-20,-273,273,0,0,Medium CI
2013-07-01,2014-09-12,301,2016-01-15,490,2016-01-25,True,0.0159762658191219,0.0768275619264968,6.038285652050344,-0.0007332307070912,3.621067176628421e-06,8.647979880811534e-05,8.655557595781893e-05,0.9,6.0,1.528948944654971,1.270681927150253,True,300,0.5,2015-07-20,179,179,0,0,High CI
2013-05-27,2014-09-12,326,2016-01-23,498,2016-01-25,True,0.0178228855716509,0.103555611532653,6.004305291630636,-0.0006298548412214,2.0477742596456604e-05,8.281550264137977e-05,8.530970296274107e-05,0.9,6.0,1.3283892531841694,1.1074733928505571,True,325,0.5,2015-07-20,187,187,0,0,High CI
2013-02-04,2014-09-12,401,2016-01-18,493,2016-01-25,True,0.0189325298348259,0.1437347150645762,5.980351780814402,-0.0005374469800419,3.807366113839087e-05,-4.995310089300527e-05,6.280856598671697e-05,0.9,7.629768066265564,-0.9195403321958492,1.0093642580908972,True,400,0.5,2015-07-20,182,182,0,0,High CI
2012-11-16,2014-09-12,451,2016-01-25,500,2016-01-25,True,0.0195039474442349,0.1715621886242739,7.811149150283209,-1.058154968367155,0.0022326598611479,0.0151628637797604,0.0153263566466121,0.1,6.0,1.4246015814107655,1.1506920102470013,True,450,0.5,2015-07-20,189,189,0,0,High CI
2012-10-12,2014-09-12,476,2016-01-25,500,2016-01-25,True,0.0197753791455506,0.1861472352867335,6.008133295523519,-0.000619249652681,1.138223621136421e-05,4.817153347285912e-05,4.949799933631739e-05,0.9,6.0,1.3387664657231613,1.8765899460104147,True,475,0.5,2015-07-20,189,189,0,0,High CI
2012-09-07,2014-09-12,501,2016-01-25,500,2016-01-25,True,0.019386658081,0.1882970982863515,6.010227122463476,-0.0006248302856884,1.0031388762499595e-05,4.763709660213462e-05,4.86818419247414e-05,0.9,6.0,1.3632493190058617,1.9252464398976417,True,500,0.5,2015-07-20,189,189,0,0,High CI
2012-08-03,2014-09-12,526,2016-01-25,500,2016-01-25,True,0.0190781502409115,0.1914512795393813,6.016412335572503,-0.0006409352408101,6.270887411967456e-06,4.521921854243526e-05,4.565196331508748e-05,0.9,6.0,1.4329977141018986,2.1059397918544733,True,525,0.5,2015-07-20,189,189,0,0,High CI
2012-06-28,2014-09-12,551,2015-04-02,202,2016-01-25,True,0.0200054501112345,0.2205201368183552,5.955599120096411,-0.0007505343141965,6.195835138459544e-07,-3.814697657287161e-05,3.815200788139263e-05,0.9,13.0,-1.5545557464004078,1.3619222366342232,True,550,0.5,2015-07-20,-109,109,0,1,High CI
2012-05-23,2014-09-12,576,2015-03-07,176,2016-01-25,True,0.022506327353669,0.2917640280674957,5.955170081319582,-0.0007893394460181,-5.199840414189399e-05,2.188353033937019e-05,5.641562667752503e-05,0.9,11.758682038604766,2.7432423060823905,1.0708983570407284,True,575,0.5,2015-07-20,-135,135,0,0,High CI
2012-04-16,2014-09-12,601,2015-04-02,202,2016-01-25,True,0.0226917091417805,0.3094631119288744,5.9643768210267165,-0.0007856130203177,-3.74833624143344e-05,3.706479180641778e-05,5.2714336280915376e-05,0.9,12.591582137044588,2.361809199420344,1.0652269280001998,True,600,0.5,2015-07-20,-109,109,0,1,High CI
2011-11-18,2014-09-12,701,2015-03-25,194,2016-01-25,True,0.0280132716327532,0.5501051146868627,5.962118777791479,-0.0007866258299283,-9.664493342480794e-06,-3.51537018704403e-05,3.645799208352887e-05,0.9,13.0,-1.8390891558865732,1.4937386342605543,True,700,0.5,2015-07-20,-117,117,0,1,High CI
2011-10-14,2014-09-12,726,2015-03-17,186,2016-01-25,True,0.0280749716272778,0.5722361271394042,5.962077157939281,-0.0007972274664626,-1.6810399694756008e-05,-2.6771204603636983e-05,3.1611500024947364e-05,0.9,13.0,-2.131498687461121,1.745968103745498,True,725,0.5,2015-07-20,-125,125,0,0,High CI
2011-09-09,2014-09-12,751,2016-01-25,500,2016-01-25,True,0.029831310021495,0.6683202002565123,6.07799076164997,-0.0007948117201356,-1.715954544550288e-05,8.147612660511884e-06,1.8995620336330484e-05,0.9,6.0,2.6982951244516697,6.27627610519924,True,750,0.5,2015-07-20,189,189,0,0,High CI
2013-08-07,2014-09-15,276,2016-01-12,484,2016-01-28,True,0.0161104616547388,0.0716349650251516,5.968434628169611,-0.0005252604725999,4.250702094518372e-05,6.43081215856819e-05,7.70868427911867e-05,0.9,6.0,0.9867340734888176,1.022081953770148,True,275,0.6153846153846154,2015-07-20,176,176,0,0,High CI
2013-07-02,2014-09-15,301,2016-01-19,491,2016-01-28,True,0.0159230610295706,0.0763167056379811,6.036232957091072,-0.0007235562553006,2.659284379993447e-06,8.533260489289909e-05,8.537403148042913e-05,0.9,6.0,1.5396426546001232,1.2712699214629704,True,300,0.6153846153846154,2015-07-20,183,183,0,0,High CI
2013-05-28,2014-09-15,326,2016-01-26,498,2016-01-28,True,0.0176269931913928,0.1012917498040277,6.016506913185206,-0.0006622349641816,1.1425536891373964e-05,8.462100807302768e-05,8.538886286016205e-05,0.9,6.0,1.436587859597989,1.1633278778982126,True,325,0.6153846153846154,2015-07-20,190,190,0,0,High CI
2013-04-18,2014-09-15,351,2016-01-23,495,2016-01-28,True,0.0195566802149132,0.1342447731009617,5.990739664431263,-0.0005582554083474,-4.125279491408321e-05,-4.14558994136691e-05,5.8484054958763416e-05,0.9,8.356016323265504,-2.3537388343150534,1.028107890737729,True,350,0.6153846153846154,2015-07-20,187,187,0,0,High CI
2013-03-12,2014-09-15,376,2016-01-18,490,2016-01-28,True,0.0192165772687221,0.1388480925637128,5.990523935065874,-0.0005605799948731,-3.826142807872827e-06,-5.8521167508367736e-05,5.864611168124169e-05,0.9,8.47527341064713,-1.6360838997490776,1.0150493659686013,True,375,0.6153846153846154,2015-07-20,182,182,0,0,High CI
2013-02-05,2014-09-15,401,2016-01-16,488,2016-01-28,True,0.018912217470787,0.1434264598345995,5.985038948066649,-0.0005503096788824,5.8741994480472336e-05,1.4524104055365327e-05,6.051092061896697e-05,0.9,7.806624978023102,0.242391098771822,1.0484617315683142,True,400,0.6153846153846154,2015-07-20,180,180,0,0,High CI
2012-11-19,2014-09-15,451,2016-01-27,499,2016-01-28,True,0.019259531561233,0.1672892297371182,7.778581019694308,-1.0409266878310952,0.0024410456982925,0.0153970112486443,0.0155893123482735,0.1,6.0,1.4135647209481803,1.1128635916028455,True,450,0.6153846153846154,2015-07-20,191,191,0,0,High CI
2012-10-15,2014-09-15,476,2016-01-28,500,2016-01-28,True,0.0197541213102847,0.1857472469609292,6.007535713235331,-0.0006156073133203,1.1017730555011717e-05,4.885001052886951e-05,5.007707973967233e-05,0.9,6.0,1.3489660321274208,1.8439792711176064,True,475,0.6153846153846154,2015-07-20,192,192,0,0,High CI
2012-09-10,2014-09-15,501,2016-01-28,500,2016-01-28,True,0.0193843099450873,0.1882514874956534,6.010666500992925,-0.0006239091760988,9.031206274620298e-06,4.797358425918531e-05,4.8816262387117406e-05,0.9,6.0,1.384720342759708,1.9171147449321848,True,500,0.6153846153846154,2015-07-20,192,192,0,0,High CI
2012-08-06,2014-09-15,526,2016-01-28,500,2016-01-28,True,0.0190671756465419,0.1912310804335799,6.016275433096801,-0.0006384894777516,5.657367579192673e-06,4.576173298036355e-05,4.6110107495994776e-05,0.9,6.0,1.447793828212498,2.077059171268953,True,525,0.6153846153846154,2015-07-20,192,192,0,0,High CI
2012-06-29,2014-09-15,551,2015-04-01,198,2016-01-28,True,0.0198819416595183,0.2178056738880234,5.954492446487346,-0.0007475624575487,-1.0301675002506575e-06,-3.7536040727607736e-05,3.75501744148173e-05,0.9,13.0,-1.5982341958763917,1.3782712008847906,True,550,0.6153846153846154,2015-07-20,-110,110,0,1,High CI
2012-05-24,2014-09-15,576,2015-03-18,184,2016-01-28,True,0.0224643486055619,0.2906766479647949,5.95924076941937,-0.0007885312959645,1.2504578757484513e-05,-5.329642014227635e-05,5.474370182846766e-05,0.9,12.06335179545006,-1.3403414389710795,1.0746308144139165,True,575,0.6153846153846154,2015-07-20,-124,124,0,0,High CI
2012-04-17,2014-09-15,601,2015-04-03,200,2016-01-28,True,0.0227191839928962,0.3102129541031456,5.9646855635965474,-0.0007854516424692,-4.060497454316352e-05,3.3668342107726415e-05,5.274771291661716e-05,0.9,12.601065080330786,2.449317697973419,1.063533252752506,True,600,0.6153846153846154,2015-07-20,-108,108,0,1,High CI
2011-11-21,2014-09-15,701,2015-03-27,193,2016-01-28,True,0.0279382586803503,0.5471629549612084,5.962126691728329,-0.0007847063918099,-8.271597761841547e-06,-3.610628554395855e-05,3.704164123409723e-05,0.9,13.0,-1.7960004953005502,1.4666150126009707,True,700,0.6153846153846154,2015-07-20,-115,115,0,1,High CI
2011-10-17,2014-09-15,726,2015-03-19,185,2016-01-28,True,0.0281025221631716,0.5733597719023078,5.962217208338532,-0.0007963076438678,-1.5899564077291717e-05,-2.7216004156307976e-05,3.151994638453686e-05,0.9,13.0,-2.099516463500876,1.749019178419578,True,725,0.6153846153846154,2015-07-20,-123,123,0,0,High CI
2011-09-12,2014-09-15,751,2016-01-28,500,2016-01-28,True,0.0297892159675945,0.666435438360957,6.078046463936159,-0.0007925900913929,-1.7528735246816093e-05,8.558486064847885e-06,1.9506517963879875e-05,0.9,6.0,2.687385417272286,6.094809638966914,True,750,0.6153846153846154,2015-07-20,192,192,0,0,High CI
2013-08-08,2014-09-16,276,2016-01-09,480,2016-01-29,True,0.0161145180142231,0.0716710426692795,5.969675749364752,-0.000530038107251,4.2963754368059896e-05,6.298944008930403e-05,7.624666387562808e-05,0.9,6.0,0.9721996230085314,1.0427435384890398,True,275,0.6538461538461539,2015-07-20,173,173,0,0,High CI
2013-07-03,2014-09-16,301,2016-01-26,497,2016-01-29,True,0.0158351883701594,0.0754767104062483,6.032874179486499,-0.0007076529346385,6.331482293463512e-07,8.421578919949873e-05,8.421816922241145e-05,0.9,6.0,1.56327830307674,1.260392397220792,True,300,0.6538461538461539,2015-07-20,190,190,0,0,High CI
2013-05-29,2014-09-16,326,2016-01-24,495,2016-01-29,True,0.0172864725782756,0.097416015749029,6.029124007158864,-0.0007003773525945,5.435848548258898e-06,8.606382310187615e-05,8.623531814952989e-05,0.9,6.0,1.5077194467635031,1.218254946390012,True,325,0.6538461538461539,2015-07-20,188,188,0,0,High CI
2013-04-19,2014-09-16,351,2016-01-19,490,2016-01-29,True,0.0194729041245935,0.1330970922610098,5.991986403819051,-0.000563584833955,9.246160843569772e-06,-5.66257776534301e-05,5.737569333089464e-05,0.9,8.507599549649482,-1.4089393563180546,1.039122673059747,True,350,0.6538461538461539,2015-07-20,183,183,0,0,High CI
2013-03-13,2014-09-16,376,2016-01-28,499,2016-01-29,True,0.0192106755389193,0.1387628205527749,5.995571724989011,-0.0005667063505226,5.241187536993568e-05,-2.26412924328058e-05,5.7093194014886734e-05,0.9,8.640743931072558,-0.4077744846634124,1.0338680491835814,True,375,0.6538461538461539,2015-07-20,192,192,0,0,High CI
2013-02-06,2014-09-16,401,2016-01-16,487,2016-01-29,True,0.0189000032275682,0.1432412589228374,5.987503108643583,-0.0005565746681144,3.499800813158852e-05,4.796543476418805e-05,5.937628739906458e-05,0.9,7.911800597470876,0.9404465431683702,1.066295492157523,True,400,0.6538461538461539,2015-07-20,180,180,0,0,High CI
2012-12-28,2014-09-16,426,2015-09-19,368,2016-01-29,True,0.0184795332057132,0.1454760808354517,7.427340871573487,-0.8733003420113153,0.0127284871128247,0.0065787114606735,0.0143280783311699,0.1,6.060496559628934,0.4770361215232803,1.0056977397803628,True,425,0.6538461538461539,2015-07-20,61,61,0,1,High CI
2012-11-20,2014-09-16,451,2016-01-28,499,2016-01-29,True,0.0191399450627582,0.1652182111494376,7.754950812249197,-1.0286404072092692,0.002754198194611,0.0154958146034574,0.0157386745922242,0.1,6.0,1.3948950668844071,1.089291648185627,True,450,0.6538461538461539,2015-07-20,192,192,0,0,High CI
2012-10-16,2014-09-16,476,2016-01-29,500,2016-01-29,True,0.0197417708641472,0.1855150580217862,6.006667376222093,-0.0006126848617078,1.1229149289488754e-05,4.932297625125857e-05,5.0585074676705206e-05,0.9,6.0,1.3469460979343888,1.81679536589672,True,475,0.6538461538461539,2015-07-20,193,193,0,0,High CI
2012-09-11,2014-09-16,501,2016-01-29,500,2016-01-29,True,0.019383856537518,0.1882426810278074,6.010509023982187,-0.000622867208002,8.790424246696315e-06,4.823277811893561e-05,4.9027262247726834e-05,0.9,6.0,1.3905248500731349,1.9056760854443209,True,500,0.6538461538461539,2015-07-20,193,193,0,0,High CI
2012-08-07,2014-09-16,526,2016-01-29,500,2016-01-29,True,0.0190628363252579,0.1911440493296399,6.015819556003652,-0.0006366816763216,5.582801081498379e-06,4.615192357659724e-05,4.6488361099695175e-05,0.9,6.0,1.450415489871609,2.054326054718017,True,525,0.6538461538461539,2015-07-20,193,193,0,0,High CI
2012-07-02,2014-09-16,551,2015-04-01,197,2016-01-29,True,0.0198738088914046,0.2176275221984925,5.95382542250646,-0.0007454802953931,-1.7742144933630263e-06,-3.7147819872958426e-05,3.719016480713986e-05,0.9,13.0,-1.618520992343482,1.3877371763230963,True,550,0.6538461538461539,2015-07-20,-110,110,0,1,High CI
2012-05-25,2014-09-16,576,2015-03-24,189,2016-01-29,True,0.0224599302383435,0.2905623165952851,5.960904335736228,-0.0007871093490309,5.164145976293643e-05,-1.4980928977315113e-05,5.3770517939390746e-05,0.9,12.210186502818694,-0.2823450448203729,1.078974206907976,True,575,0.6538461538461539,2015-07-20,-118,118,0,1,High CI
2012-04-18,2014-09-16,601,2015-04-11,207,2016-01-29,True,0.0227163772550452,0.3101363111517156,5.968204045709263,-0.0007870189690686,-3.98270978051545e-05,-3.391200683081317e-05,5.230890867600337e-05,0.9,12.78699013652277,-2.436239569637766,1.0589701534164653,True,600,0.6538461538461539,2015-07-20,-100,100,0,1,High CI
2011-11-22,2014-09-16,701,2015-03-27,192,2016-01-29,True,0.0277239952785831,0.5388025598590384,5.961668324655101,-0.0007821603092549,-7.34947232332913e-06,-3.730714551471976e-05,3.802417454577884e-05,0.9,13.0,-1.7653047021513302,1.4240824559203744,True,700,0.6538461538461539,2015-07-20,-115,115,0,1,High CI
2011-10-18,2014-09-16,726,2015-03-20,185,2016-01-29,True,0.0281245182804026,0.5742576716944157,5.962491271901939,-0.0007951391474413,-1.458456843868323e-05,-2.7887916598897076e-05,3.147134456564692e-05,0.9,13.0,-2.0526513176037327,1.7491497609209885,True,725,0.6538461538461539,2015-07-20,-122,122,0,0,High CI
2011-09-13,2014-09-16,751,2014-10-22,36,2016-01-29,True,0.0288079577237268,0.6232537195872377,5.901481073758183,-0.0007887794720496,6.01709639238046e-06,4.835750884687257e-05,4.873042284723741e-05,0.9,13.0,1.4470031813527633,1.120610214580415,True,750,0.6538461538461539,2015-07-20,-271,271,0,0,High CI
2013-08-09,2014-09-17,276,2016-01-14,484,2016-01-30,True,0.0161247325752411,0.0717619321719597,5.975137073895013,-0.0005431405961117,3.796162138636978e-05,6.543665253726759e-05,7.565077787812348e-05,0.9,6.0,1.0451169072324271,1.076936572258686,True,275,0.6538461538461539,2015-07-20,178,178,0,0,High CI
2013-07-04,2014-09-17,301,2016-01-23,493,2016-01-30,True,0.0157075288142603,0.0742646648966963,6.025098095153725,-0.0006864313389188,6.562811398326399e-06,8.161227104689104e-05,8.187571849383193e-05,0.9,6.0,1.4905544732184044,1.2575730965412786,True,300,0.6538461538461539,2015-07-20,187,187,0,0,High CI
2013-05-30,2014-09-17,326,2016-01-25,495,2016-01-30,True,0.0171087913137841,0.0954237013112691,6.040146482348708,-0.0007312230615135,-1.4632495846764895e-06,8.73416868072035e-05,8.735394297726167e-05,0.9,6.0,1.5875479234858838,1.255621160175775,True,325,0.6538461538461539,2015-07-20,189,189,0,0,High CI
2013-04-22,2014-09-17,351,2016-01-18,488,2016-01-30,True,0.019410958028919,0.1322516373517606,5.994790445783213,-0.0005702244560641,5.5596915584952826e-05,-6.1256328527457935e-06,5.593335677757066e-05,0.9,8.704716833373586,-0.1097367439057512,1.054053894610622,True,350,0.6538461538461539,2015-07-20,182,182,0,0,High CI
2013-03-14,2014-09-17,376,2016-01-29,499,2016-01-30,True,0.0192102732843452,0.1387570094718705,5.998768092964836,-0.0005742554516122,5.445326880038206e-05,1.230990780471838e-05,5.582734377710737e-05,0.9,8.732036934563263,0.222326663077524,1.060193426844741,True,375,0.6538461538461539,2015-07-20,193,193,0,0,High CI
2013-02-07,2014-09-17,401,2016-01-28,498,2016-01-30,True,0.0188814363472613,0.142959964052809,5.994782169255155,-0.0005671497196014,-5.624525870286122e-05,8.50873636593426e-06,5.688521531203655e-05,0.9,8.20041060492006,2.991451913902848,1.0942214558176897,True,400,0.6538461538461539,2015-07-20,192,192,0,0,High CI
2013-01-03,2014-09-17,426,2015-12-19,458,2016-01-30,True,0.0184235874901561,0.1445965733791689,5.982436829060213,-0.0006447507222163,-7.091747952748539e-05,2.985890336735069e-06,7.098031025315624e-05,0.8796305868609989,7.329133540599919,3.09951377762822,1.090188587987461,True,425,0.6538461538461539,2015-07-20,152,152,0,0,High CI
2012-11-21,2014-09-17,451,2016-01-06,476,2016-01-30,True,0.0190413736803645,0.1635208341475109,7.730990755961375,-1.0187946215557089,0.0051912032552854,0.0143145835937665,0.015226814988717,0.1,6.0,1.222895562096651,1.1151321121221889,True,450,0.6538461538461539,2015-07-20,170,170,0,0,High CI
2012-10-17,2014-09-17,476,2016-01-30,500,2016-01-30,True,0.0197410439053037,0.1855013956882572,6.006827444773255,-0.0006123894597161,1.0929402936829967e-05,4.94054403890608e-05,5.059989514408728e-05,0.9,6.0,1.3530839656550822,1.8153875358013227,True,475,0.6538461538461539,2015-07-20,194,194,0,0,High CI
2012-09-12,2014-09-17,501,2016-01-30,500,2016-01-30,True,0.0193831280894122,0.1882285329198118,6.010786657498834,-0.0006228810350753,8.413325227268269e-06,4.827174091049586e-05,4.8999438893826416e-05,0.9,6.0,1.398238771000182,1.906800513854068,True,500,0.6538461538461539,2015-07-20,194,194,0,0,High CI
2012-08-08,2014-09-17,526,2016-01-30,500,2016-01-30,True,0.0190617584926233,0.1911224349731581,6.015898520566098,-0.0006361810469574,5.319201049764667e-06,4.626576245594263e-05,4.657053441219596e-05,0.9,6.0,1.456328346660117,2.0490887263392072,True,525,0.6538461538461539,2015-07-20,194,194,0,0,High CI
2012-07-03,2014-09-17,551,2015-04-01,196,2016-01-30,True,0.0198872305172228,0.2179215676424828,5.95340396862337,-0.0007440208032257,-2.11360157577838e-06,-3.6891312887189285e-05,3.6951810214949296e-05,0.9,13.0,-1.6280264267240103,1.3939542401679863,True,550,0.6538461538461539,2015-07-20,-110,110,0,1,High CI
2012-05-29,2014-09-17,576,2015-04-05,200,2016-01-30,True,0.0224481243595677,0.2902569334632697,5.965585903789316,-0.0007868135930529,-2.8979460364954567e-05,4.339736361866429e-05,5.218371673323528e-05,0.9,12.546335077595204,2.1595624331714447,1.0815895272298444,True,575,0.6538461538461539,2015-07-20,-106,106,0,1,High CI
2012-04-19,2014-09-17,601,2015-04-04,199,2016-01-30,True,0.022716470691324,0.3101388624425396,5.965052018658168,-0.0007858521725552,-3.5106839204008245e-05,3.980599147823536e-05,5.307548507985053e-05,0.9,12.571814025712325,2.2935483015789284,1.059964810890886,True,600,0.6538461538461539,2015-07-20,-107,107,0,1,High CI
2011-11-23,2014-09-17,701,2015-03-29,193,2016-01-30,True,0.0274550521691819,0.5283997026183656,5.9613093014488205,-0.0007795270582803,-6.183683297620029e-06,-3.863216630068724e-05,3.912393400732114e-05,0.9,13.0,-1.7295156119472412,1.3793924166942455,True,700,0.6538461538461539,2015-07-20,-113,113,0,1,High CI
2011-10-19,2014-09-17,726,2015-03-21,185,2016-01-30,True,0.0281314541221994,0.5745409442073536,5.96234532843709,-0.0007939569177024,-1.3919116856380394e-05,-2.8297956228818285e-05,3.1535949974429e-05,0.9,13.0,-2.027924531246464,1.7429710597968116,True,725,0.6538461538461539,2015-07-20,-121,121,0,0,High CI
2011-09-14,2014-09-17,751,2015-10-23,401,2016-01-30,True,0.0300342717594483,0.6774451675704157,6.055012316814985,-0.0008229286428248,6.579000722054326e-06,5.8681036419578415e-06,8.81577511359893e-06,0.9,13.0,0.7283466918831338,6.462504116843208,True,750,0.6538461538461539,2015-07-20,95,95,0,1,High CI
2013-08-12,2014-09-18,276,2016-01-29,498,2016-01-31,True,0.0161567133430844,0.072046870549966,5.989044236193349,-0.0005741292232006,2.3322483385274745e-05,7.167842257381463e-05,7.537728101972606e-05,0.9,6.0,1.2562238189453607,1.1425111428145565,True,275,0.6538461538461539,2015-07-20,193,193,0,0,High CI
2013-07-05,2014-09-18,301,2016-01-24,493,2016-01-31,True,0.0157158328712044,0.0743432082535243,6.02746986703769,-0.0006912228666547,4.6398742659022616e-06,8.054838952658151e-05,8.068191549863753e-05,0.9,6.0,1.513256349626394,1.2850888499289588,True,300,0.6538461538461539,2015-07-20,188,188,0,0,High CI
2013-05-31,2014-09-18,326,2016-01-26,495,2016-01-31,True,0.0169058739378036,0.0931735949938961,6.054385242075264,-0.0007709085074788,-1.010566991107873e-05,8.842218834418541e-05,8.899779747795043e-05,0.9,6.0,1.6845914257711083,1.299316156115813,True,325,0.6538461538461539,2015-07-20,190,190,0,0,High CI
2013-04-23,2014-09-18,351,2016-01-15,484,2016-01-31,True,0.0193675341857234,0.1316605845327432,5.998674191891582,-0.0005821328875062,3.3673235342277663e-06,5.3819945495910034e-05,5.392518336516707e-05,0.9,8.95526419201936,1.508311314429251,1.084912246758937,True,350,0.6538461538461539,2015-07-20,179,179,0,0,High CI
2013-03-15,2014-09-18,376,2016-01-24,493,2016-01-31,True,0.0192035685466469,0.1386601688920885,6.002056238560634,-0.0005861963047146,4.296059377727765e-05,3.303313935638663e-05,5.419225879620379e-05,0.9,8.802735785920461,0.6554985938701706,1.105937707590481,True,375,0.6538461538461539,2015-07-20,188,188,0,0,High CI
2013-02-08,2014-09-18,401,2016-01-29,498,2016-01-31,True,0.0188714962089504,0.1428094810349369,6.001444769935888,-0.0005831507218211,9.786461876866717e-06,-5.3258769406326856e-05,5.4150451103787335e-05,0.9,8.48324249446049,-1.3890705042254752,1.1425083072557043,True,400,0.6538461538461539,2015-07-20,193,193,0,0,High CI
2013-01-04,2014-09-18,426,2015-11-17,425,2016-01-31,True,0.018443242940235,0.1449052675249781,7.648886641745484,-0.9801122034170948,0.0112436012931892,0.0069176707371579,0.0132012400352368,0.1,6.946821082662474,0.5515602431380786,1.0687471145146357,True,425,0.6538461538461539,2015-07-20,120,120,0,1,High CI
2012-11-22,2014-09-18,451,2016-01-30,499,2016-01-31,True,0.0189512819255125,0.161977140065736,7.726747170427981,-1.013653691860049,0.0030549693813197,0.015570073877888,0.0158669479889389,0.1,6.0,1.3770497926511052,1.0647434030441565,True,450,0.6538461538461539,2015-07-20,194,194,0,0,High CI
2012-10-18,2014-09-18,476,2016-01-31,500,2016-01-31,True,0.0197472185671468,0.185617457182006,6.0079676051194735,-0.0006144901023912,1.0303207495118795e-05,4.9023752728578376e-05,5.009475437887951e-05,0.9,6.0,1.363643557554208,1.839983377531934,True,475,0.6538461538461539,2015-07-20,195,195,0,0,High CI
2012-09-13,2014-09-18,501,2016-01-31,500,2016-01-31,True,0.0193882279115402,0.1883275941564647,6.011750376267898,-0.0006245135784029,7.895610845642817e-06,4.793481221517106e-05,4.858072552699831e-05,0.9,6.0,1.4075465933792306,1.928275787243548,True,500,0.6538461538461539,2015-07-20,195,195,0,0,High CI
2012-08-09,2014-09-18,526,2016-01-31,500,2016-01-31,True,0.0190657992975791,0.1912034737020287,6.016582886868614,-0.0006370878835222,4.965449720022321e-06,4.603333331793094e-05,4.630036141631942e-05,0.9,6.0,1.4633453827720375,2.0639835112530625,True,525,0.6538461538461539,2015-07-20,195,195,0,0,High CI
2012-07-04,2014-09-18,551,2015-04-01,195,2016-01-31,True,0.0198953636530331,0.2180998476824233,5.953202062052124,-0.0007431810746377,-2.192799425807963e-06,-3.674138323174253e-05,3.680676039946459e-05,0.9,13.0,-1.6304076217970689,1.3978681339114063,True,550,0.6538461538461539,2015-07-20,-110,110,0,1,High CI
2012-05-30,2014-09-18,576,2015-04-04,198,2016-01-31,True,0.022427692501617,0.2897288011855244,5.964701870094067,-0.0007851072223474,-2.050861342577436e-05,4.76745235372761e-05,5.189858783391071e-05,0.9,12.522883379342382,1.9770460547035036,1.0872054104243385,True,575,0.6538461538461539,2015-07-20,-107,107,0,1,High CI
2012-04-20,2014-09-18,601,2015-04-04,198,2016-01-31,True,0.022708858906991,0.3099310559874336,5.965021718487261,-0.0007860402970823,-2.90172035163938e-05,4.465052279781905e-05,5.325098389729879e-05,0.9,12.548866741445392,2.147082803080344,1.0586567638555002,True,600,0.6538461538461539,2015-07-20,-107,107,0,1,High CI
2011-11-25,2014-09-18,701,2015-03-30,193,2016-01-31,True,0.0270773495197249,0.5139611827663579,5.9608657357509625,-0.0007768070997203,-5.150570846515555e-06,-4.010917527452798e-05,4.043852521108779e-05,0.9,13.0,-1.6985111582444268,1.3298940249883369,True,700,0.6538461538461539,2015-07-20,-112,112,0,1,High CI
2011-10-20,2014-09-18,726,2015-03-22,185,2016-01-31,True,0.0281308301213734,0.5745154560085589,5.962398368503617,-0.0007930333705518,-1.3128433624713082e-05,-2.87376929180462e-05,3.159447362578493e-05,0.9,13.0,-1.9993211127298265,1.7377187833306889,True,725,0.6538461538461539,2015-07-20,-120,120,0,1,High CI
2011-09-15,2014-09-18,751,2014-10-23,35,2016-01-31,True,0.0287845900264859,0.6222430198676475,5.901383265903627,-0.0007867191093959,4.18857786221398e-06,4.745616015700135e-05,4.7640647784793936e-05,0.9,13.0,1.482762406619854,1.1432499691872295,True,750,0.6538461538461539,2015-07-20,-270,270,0,0,High CI
2013-08-13,2014-09-19,276,2016-01-30,498,2016-02-01,True,0.0161966554459557,0.0724035347472624,6.000363499352041,-0.0006056847522589,1.6944557394454708e-05,7.254682420459768e-05,7.449939414160876e-05,0.9,6.0,1.3413426293760091,1.2195094186424456,True,275,0.6538461538461539,2015-07-20,194,194,0,0,High CI
2013-07-08,2014-09-19,301,2016-01-29,497,2016-02-01,True,0.0156632087397165,0.0738461685152039,6.027511637768331,-0.0006868434399758,2.639376701944377e-06,7.880320019013054e-05,7.884738847660433e-05,0.9,6.0,1.537315574626278,1.3066573032655673,True,300,0.6538461538461539,2015-07-20,193,193,0,0,High CI
2013-06-03,2014-09-19,326,2016-01-30,498,2016-02-01,True,0.0167637739962255,0.0916138626624681,6.06890629931058,-0.0008085029354513,-2.0515448389495946e-05,8.88753801625009e-05,9.12124817207115e-05,0.9,6.0,1.797656549622778,1.3295925955511034,True,325,0.6538461538461539,2015-07-20,194,194,0,0,High CI
2013-04-24,2014-09-19,351,2016-01-24,492,2016-02-01,True,0.0193879519120078,0.1319383304491573,6.005875392532377,-0.0005935814420834,-4.2623796840827386e-05,-2.912110130667846e-05,5.162195849095573e-05,0.9,9.271671923085451,-2.5422226959787357,1.116169859757994,True,350,0.6538461538461539,2015-07-20,188,188,0,0,High CI
2013-03-18,2014-09-19,376,2016-01-11,479,2016-02-01,True,0.0192078159477161,0.1387215127489836,6.002016993644035,-0.0005949788663693,5.2006229117755126e-05,1.2199849859860264e-05,5.341801384974524e-05,0.9,8.758239176033987,0.2304180707785378,1.14456249782387,True,375,0.6538461538461539,2015-07-20,175,175,0,0,High CI
2013-02-11,2014-09-19,401,2016-01-30,498,2016-02-01,True,0.0188878901803224,0.1430577105810327,6.006800724123305,-0.0005957402205907,5.158225284305244e-05,6.931662733906727e-06,5.204591008543537e-05,0.9,8.708286184492241,0.1335805292518661,1.182987433286539,True,400,0.6538461538461539,2015-07-20,194,194,0,0,High CI
2013-01-07,2014-09-19,426,2015-08-23,338,2016-02-01,True,0.0184632190813912,0.1452193354690129,7.428657321169268,-0.8772801702534035,0.0112083167311199,0.0074199506841616,0.0134418016686936,0.1,6.113795044863585,0.5847676640438774,1.0675050889226805,True,425,0.6538461538461539,2015-07-20,34,34,1,1,High CI
2012-11-23,2014-09-19,451,2016-01-29,497,2016-02-01,True,0.0188949710549568,0.1610159889566126,7.720990233877767,-1.0107093175061572,0.0033481385793828,0.0154174248761694,0.01577678743468,0.1,6.0,1.3569509088594252,1.0677177062511949,True,450,0.6538461538461539,2015-07-20,193,193,0,0,High CI
2012-10-19,2014-09-19,476,2016-02-01,500,2016-02-01,True,0.0197549519130234,0.1857628675408734,6.009334081325097,-0.0006171546521378,9.586177189461032e-06,4.854264281132861e-05,4.94801269624076e-05,0.9,6.0,1.3758254880753618,1.8709167397853903,True,475,0.6538461538461539,2015-07-20,196,196,0,0,High CI
2012-09-14,2014-09-19,501,2016-02-01,500,2016-02-01,True,0.0193956544397249,0.1884718969837558,6.012741133268473,-0.0006261857703013,7.412140863181921e-06,4.756498800591927e-05,4.813904772821016e-05,0.9,6.0,1.4162077792868506,1.9511783048870324,True,500,0.6538461538461539,2015-07-20,196,196,0,0,High CI
2012-08-10,2014-09-19,526,2016-02-01,500,2016-02-01,True,0.0190713054495071,0.1913139277544586,6.017515655492167,-0.0006386072780116,4.514965170062394e-06,4.56745701915279e-05,4.58971815329404e-05,0.9,6.0,1.4722656821629787,2.087080045056919,True,525,0.6538461538461539,2015-07-20,196,196,0,0,High CI
2012-07-05,2014-09-19,551,2015-04-01,194,2016-02-01,True,0.0198999809355999,0.2182010919217203,5.952892731603735,-0.0007422678661108,-2.5127352359755013e-06,-3.657749039899292e-05,3.666369651650706e-05,0.9,13.0,-1.6393847861961433,1.4015983173710205,True,550,0.6538461538461539,2015-07-20,-110,110,0,1,High CI
2012-05-31,2014-09-19,576,2015-04-07,200,2016-02-01,True,0.0223536307330554,0.2878184488030861,5.965168979006264,-0.0007834154952252,-4.132815446477389e-05,3.0038102908692485e-05,5.10911340431724e-05,0.9,12.598870856479484,2.513092955761722,1.095361569686265,True,575,0.6538461538461539,2015-07-20,-104,104,0,1,High CI
2012-04-23,2014-09-19,601,2015-04-05,198,2016-02-01,True,0.0226874799798821,0.3093477704503702,5.965228746986706,-0.0007864995483986,-2.576237087477415e-05,4.680861301135315e-05,5.34298231808419e-05,0.9,12.5355737250533,2.073928719756321,1.0568492283790476,True,600,0.6538461538461539,2015-07-20,-106,106,0,1,High CI
2011-11-28,2014-09-19,701,2015-03-30,192,2016-02-01,True,0.0267139495687611,0.500258206195183,5.9604024092597605,-0.0007742041613086,-4.248688134134043e-06,-4.151926052126699e-05,4.173607965650309e-05,0.9,13.0,-1.6727719030889725,1.284230576282972,True,700,0.6538461538461539,2015-07-20,-112,112,0,1,High CI
2011-10-21,2014-09-19,726,2015-03-23,185,2016-02-01,True,0.02809968051787,0.5732438248198202,5.962492725737007,-0.0007918614081084,-1.2075794523738734e-05,-2.939152529479959e-05,3.177556565246955e-05,0.9,13.0,-1.9606293538451915,1.7252619514971477,True,725,0.6538461538461539,2015-07-20,-119,119,0,1,High CI
2011-09-16,2014-09-19,751,2016-02-01,500,2016-02-01,True,0.0295071528811246,0.6538747254336961,6.07549601016883,-0.0007837211186431,-1.830176680109617e-05,1.116735390510246e-05,2.143978687588832e-05,0.9,6.0,2.593722187710436,5.483178003447259,True,750,0.6538461538461539,2015-07-20,196,196,0,0,High CI
2013-08-14,2014-09-22,276,2016-01-31,496,2016-02-04,True,0.0161995261803043,0.0724292029767173,6.011061962492824,-0.000635988577297,1.096367381092582e-05,7.395073900597152e-05,7.475903920571545e-05,0.9,6.0,1.4236120001943988,1.2760769481272012,True,275,0.6538461538461539,2015-07-20,195,195,0,0,High CI
2013-07-09,2014-09-22,301,2016-01-31,496,2016-02-04,True,0.0156479187003708,0.0737020652556776,6.02832365021315,-0.0006863879325049,1.0322547123237691e-06,7.772286766632389e-05,7.772972216641463e-05,0.9,6.0,1.5575158849339474,1.3245665493993766,True,300,0.6538461538461539,2015-07-20,195,195,0,0,High CI
2013-06-04,2014-09-22,326,2016-01-25,490,2016-02-04,True,0.0166658087693695,0.0905462333115258,6.0756645727483445,-0.0008321210736036,-2.182271664894644e-05,9.024163095767752e-05,9.284278604092976e-05,0.9,6.0,1.8080665550838628,1.3444034411625978,True,325,0.6538461538461539,2015-07-20,189,189,0,0,High CI
2013-04-25,2014-09-22,351,2016-02-02,498,2016-02-04,True,0.0193967408844197,0.132057978484999,6.011082899977093,-0.0006008675191488,2.9273814263572275e-05,-4.072573404384487e-05,5.015517535557136e-05,0.9,9.494252017659695,-0.9475614933583988,1.1356505848546987,True,350,0.6538461538461539,2015-07-20,197,197,0,0,High CI
2013-03-19,2014-09-22,376,2016-02-02,498,2016-02-04,True,0.0191976266529423,0.1385743747837665,6.011687621073484,-0.0006046444585553,-4.6866669090081146e-05,1.9972696678988944e-05,5.094500254421491e-05,0.9,9.094395597556266,2.738739940677056,1.174538228172732,True,375,0.6538461538461539,2015-07-20,197,197,0,0,High CI
2013-02-12,2014-09-22,401,2016-01-27,492,2016-02-04,True,0.0188784619338598,0.1429149263202663,6.0086655391711465,-0.0006021689645171,3.367266544087971e-05,3.852684386689795e-05,5.1168018295002864e-05,0.9,8.820516153496042,0.8525299791575323,1.2007933686941232,True,400,0.6538461538461539,2015-07-20,191,191,0,0,High CI
2013-01-08,2014-09-22,426,2015-08-26,338,2016-02-04,True,0.0184692676418073,0.1453144989177278,7.449425959520846,-0.8877921065442584,0.0048230785855082,0.0123208112534156,0.0132311933318307,0.1,6.204884841916702,1.1976754715773985,1.0813805109862378,True,425,0.6538461538461539,2015-07-20,37,37,1,1,High CI
2012-11-26,2014-09-22,451,2015-12-06,440,2016-02-04,True,0.0188470256120936,0.1601998788647343,7.693619121214623,-1.0030759036498256,0.008320011051152,0.0117080696602132,0.0143631987753319,0.1,6.0,0.9529770670459626,1.1639420987620963,True,450,0.6538461538461539,2015-07-20,139,139,0,0,High CI
2012-10-22,2014-09-22,476,2016-02-04,500,2016-02-04,True,0.0197552055208623,0.1857676371016389,6.010112558124357,-0.0006170159083269,8.566756372198055e-06,4.863551352960888e-05,4.938423322305778e-05,0.9,6.0,1.3964428151506372,1.874128243138067,True,475,0.6538461538461539,2015-07-20,199,199,0,0,High CI
2012-09-17,2014-09-22,501,2016-02-04,500,2016-02-04,True,0.0193866803042746,0.1882975299832947,6.014211901245649,-0.0006278325241634,5.993876657290172e-06,4.737188834909683e-05,4.774957971691588e-05,0.9,6.0,1.4449369916460084,1.97226612637912,True,500,0.6538461538461539,2015-07-20,199,199,0,0,High CI
2012-08-13,2014-09-22,526,2016-02-04,500,2016-02-04,True,0.0190705100286176,0.1912979695473449,6.018351322594931,-0.0006385676477534,3.523049210565269e-06,4.5682508046420215e-05,4.58181559772031e-05,0.9,6.0,1.493828364983461,2.090550025860332,True,525,0.6538461538461539,2015-07-20,199,199,0,0,High CI
2012-07-06,2014-09-22,551,2015-04-01,191,2016-02-04,True,0.0199141393046477,0.2185116922789485,5.952536508742838,-0.0007411207260958,-2.7977141289531093e-06,-3.6366852570481706e-05,3.647430835849387e-05,0.9,13.0,-1.647575432836451,1.406698585102404,True,550,0.6538461538461539,2015-07-20,-110,110,0,1,High CI
2012-06-01,2014-09-22,576,2015-04-06,196,2016-02-04,True,0.0222738494004463,0.2857676354575286,5.964312486336311,-0.0007809780109083,-4.010186015184579e-05,3.0642082262622626e-05,5.046876650986755e-05,0.9,12.59860720676454,2.4891244981435445,1.105442326169788,True,575,0.6538461538461539,2015-07-20,-105,105,0,1,High CI
2012-04-24,2014-09-22,601,2015-04-12,202,2016-02-04,True,0.0227149422834179,0.3100971303663441,5.968002574485986,-0.0007872077552351,-5.22324219997176e-05,-8.608995400496291e-06,5.293713922911163e-05,0.9,12.701777679696132,-2.978240381882829,1.05367553998318,True,600,0.6538461538461539,2015-07-20,-99,99,0,1,High CI
2011-11-29,2014-09-22,701,2015-03-31,190,2016-02-04,True,0.0265447062903167,0.4939396238594679,5.959986762897611,-0.0007721286341761,-3.5855621366651118e-06,-4.2476487200197847e-05,4.262755236586377e-05,0.9,13.0,-1.655009552790233,1.2540025481717638,True,700,0.6538461538461539,2015-07-20,-111,111,0,1,High CI
2011-10-24,2014-09-22,726,2015-03-24,183,2016-02-04,True,0.0281138390725317,0.5738216498096496,5.962510399232119,-0.0007909635403293,-1.1340794804646126e-05,-2.96944367556204e-05,3.178636816364254e-05,0.9,13.0,-1.935616930636884,1.7227200681934736,True,725,0.6538461538461539,2015-07-20,-118,118,0,1,High CI
2011-09-19,2014-09-22,751,2016-02-04,500,2016-02-04,True,0.0294897030612892,0.6531015825689037,6.075915982209212,-0.0007823331572077,-1.8647013559063705e-05,1.1275837112569113e-05,2.179118209875491e-05,0.9,6.0,2.597724906383967,5.385204577216202,True,750,0.6538461538461539,2015-07-20,199,199,0,0,High CI
2013-08-15,2014-09-23,276,2016-02-01,496,2016-02-05,True,0.0161727683769252,0.0721901286047342,6.016257456950937,-0.0006509631296098,7.826809136459978e-06,7.561136026829356e-05,7.601537175387787e-05,0.9,6.0,1.4676500203598444,1.284535840430073,True,275,0.6538461538461539,2015-07-20,196,196,0,0,High CI
2013-07-10,2014-09-23,301,2016-02-01,496,2016-02-05,True,0.0156363437066407,0.0735930685981735,6.025400632643595,-0.000677117808736,2.1442900994213444e-06,7.724682725924646e-05,7.727658313907479e-05,0.9,6.0,1.5430445127361687,1.3143395733169134,True,300,0.6538461538461539,2015-07-20,196,196,0,0,High CI
2013-06-05,2014-09-23,326,2016-02-02,497,2016-02-05,True,0.0165226921079624,0.0889977895652147,6.086323076212305,-0.0008555103034957,-3.238210781516046e-05,9.03637478746777e-05,9.599066536133082e-05,0.9,6.0,1.9148929835600617,1.336864840360369,True,325,0.6538461538461539,2015-07-20,197,197,0,0,High CI
2013-04-26,2014-09-23,351,2016-02-02,497,2016-02-05,True,0.0193938855231962,0.1320191012860806,6.010522056896519,-0.0005997305702461,1.4636004143682712e-05,-4.8214668982046594e-05,5.0387170215663264e-05,0.9,9.445055663935548,-1.2760774601475415,1.1341596851707707,True,350,0.6538461538461539,2015-07-20,197,197,0,0,High CI
2013-03-20,2014-09-23,376,2016-01-18,482,2016-02-05,True,0.0191898539200848,0.1384621855462979,6.0060445251554055,-0.0006010414683591,3.283047111299506e-05,4.060882194169693e-05,5.221988369379665e-05,0.9,8.843343739026077,0.8909201353693509,1.1713711939552256,True,375,0.6538461538461539,2015-07-20,182,182,0,0,High CI
2013-02-13,2014-09-23,401,2016-01-25,489,2016-02-05,True,0.0188687662767723,0.1427681666637913,6.00800092131683,-0.0006013860114373,3.378500491084592e-05,3.873109397190777e-05,5.1395760497210594e-05,0.9,8.823790077282634,0.8534994604888613,1.1934751130101355,True,400,0.6538461538461539,2015-07-20,189,189,0,0,High CI
2013-01-09,2014-09-23,426,2015-08-01,312,2016-02-05,True,0.01846773952349,0.1452904537237846,7.38311700221545,-0.8564439189519795,0.0124552002731062,-0.0048038967458797,0.0133495107696222,0.1,6.0,-0.368113163793168,1.069257560235687,True,425,0.6538461538461539,2015-07-20,12,12,1,1,High CI
2012-11-27,2014-09-23,451,2015-12-22,455,2016-02-05,True,0.0187593857165088,0.1587134631598008,7.684072543812609,-0.9961040165997757,0.0073594635241057,0.0129078815918218,0.014858502971401,0.1,6.0,1.0526125529077537,1.117322091057925,True,450,0.6538461538461539,2015-07-20,155,155,0,0,High CI
2012-10-23,2014-09-23,476,2016-02-05,500,2016-02-05,True,0.0197530348954731,0.1857268164889263,6.009248154352397,-0.0006141918935381,8.648098487423067e-06,4.916410929834591e-05,4.991892677680353e-05,0.9,6.0,1.396674939842668,1.8455682038729195,True,475,0.6538461538461539,2015-07-20,200,200,0,0,High CI
2012-09-18,2014-09-23,501,2016-02-05,500,2016-02-05,True,0.019384318591604,0.1882516554376636,6.014269070041726,-0.0006274285666989,5.499646404055644e-06,4.7583908547001015e-05,4.790067288858267e-05,0.9,6.0,1.4557290182045577,1.9647800193485223,True,500,0.6538461538461539,2015-07-20,200,200,0,0,High CI
2012-08-14,2014-09-23,526,2016-02-05,500,2016-02-05,True,0.019072609982046,0.1913401015033297,6.017873862809199,-0.0006367736265035,3.3472800140235584e-06,4.609873339387327e-05,4.622009848552562e-05,0.9,6.0,1.4983124296222077,2.066547824545299,True,525,0.6538461538461539,2015-07-20,200,200,0,0,High CI
2012-07-09,2014-09-23,551,2016-02-05,500,2016-02-05,True,0.0199713013491109,0.2197679355449272,6.042474275087522,-0.0006996394188439,-1.0402864729520504e-05,3.389467162298875e-05,3.5455159836206355e-05,0.9,6.0,1.8685872221324864,2.9599616335510373,True,550,0.6538461538461539,2015-07-20,200,200,0,0,High CI
2012-06-04,2014-09-23,576,2015-04-15,204,2016-02-05,True,0.022123590124088,0.2819250662277009,5.966977197041122,-0.0007787614355209,-2.057140336361068e-05,-4.429611857002852e-05,4.883982756642777e-05,0.9,12.847433816125626,-2.005565865965559,1.1170083905758976,True,575,0.6538461538461539,2015-07-20,-96,96,0,1,High CI
2012-04-25,2014-09-23,601,2015-04-12,201,2016-02-05,True,0.022767996533839,0.3115473813651095,5.967713628727315,-0.0007866763270151,-5.3092159739145033e-05,5.67772658228275e-07,5.309519556003466e-05,0.9,12.675393403745208,3.1308989651372894,1.0520149675220345,True,600,0.6538461538461539,2015-07-20,-99,99,0,1,High CI
2011-11-30,2014-09-23,701,2015-04-01,190,2016-02-05,True,0.0264299993473246,0.489679950715207,5.959633824906047,-0.0007698910765182,-2.609812422427172e-06,-4.3336685683288055e-05,4.341519833989428e-05,0.9,13.0,-1.6309454650772874,1.2276841633655615,True,700,0.6538461538461539,2015-07-20,-110,110,0,1,High CI
2011-10-25,2014-09-23,726,2016-02-05,500,2016-02-05,True,0.02843618869285,0.5870558166745203,6.061187831884444,-0.0007471188051335,-1.852200584428763e-05,2.4487736707925524e-05,3.0703647170531846e-05,0.9,6.0,2.2183674079590747,3.649983995308272,True,725,0.6538461538461539,2015-07-20,200,200,0,0,High CI
2011-09-20,2014-09-23,751,2014-10-23,30,2016-02-05,True,0.0288524067965368,0.6251784948425849,5.900275299974885,-0.0007837346868019,4.009251535649353e-06,4.669941938834872e-05,4.687120511662771e-05,0.9,13.0,1.4851540488694772,1.1576095623128877,True,750,0.6538461538461539,2015-07-20,-270,270,0,0,High CI
2013-08-16,2014-09-24,276,2016-02-02,496,2016-02-06,True,0.0161737378704043,0.0721987838893524,6.020852092335265,-0.0006634572146988,4.903879741282728e-06,7.624488966275926e-05,7.6402429517675e-05,0.9,6.0,1.5065673079939252,1.3025578222195238,True,275,0.6538461538461539,2015-07-20,197,197,0,0,High CI
2013-07-11,2014-09-24,301,2016-02-02,496,2016-02-06,True,0.0156273287551835,0.0735082346107984,6.024819867414572,-0.0006742550958758,2.018258427647276e-06,7.658317837298687e-05,7.660976815517387e-05,0.9,6.0,1.544448616727602,1.3201745262629865,True,300,0.6538461538461539,2015-07-20,197,197,0,0,High CI
2013-06-06,2014-09-24,326,2016-02-03,497,2016-02-06,True,0.016467321022194,0.0884022876972459,6.092160209133887,-0.0008713269965553,-3.629045332021448e-05,9.08057481923475e-05,9.778896106902192e-05,0.9,6.0,1.9510003361487236,1.336541957850014,True,325,0.6538461538461539,2015-07-20,198,198,0,0,High CI
2013-04-29,2014-09-24,351,2016-02-04,498,2016-02-06,True,0.0193938197267581,0.1320182055014911,6.012117030940406,-0.0006019918248849,3.181747658200557e-05,-3.853166412757291e-05,4.997040080374143e-05,0.9,9.498854294152077,-0.8805508792705043,1.1414293726901847,True,350,0.6538461538461539,2015-07-20,199,199,0,0,High CI
2013-03-21,2014-09-24,376,2016-01-19,482,2016-02-06,True,0.019174431131002,0.1382397122582749,6.007121149902825,-0.0006033048881814,3.166426648118346e-05,4.108538935347945e-05,5.187133110031398e-05,0.9,8.843732389656473,0.914182019394364,1.1836311016047405,True,375,0.6538461538461539,2015-07-20,183,183,0,0,High CI
2013-02-14,2014-09-24,401,2016-02-04,498,2016-02-06,True,0.0188642016979517,0.1426991003861037,6.01229964414167,-0.0006050016253669,-2.9032883289114745e-05,4.118944837481846e-05,5.039324329214377e-05,0.9,9.00538924569016,2.1847780331491164,1.1998425277394742,True,400,0.6538461538461539,2015-07-20,199,199,0,0,High CI
2013-01-10,2014-09-24,426,2015-10-29,400,2016-02-06,True,0.0184700297748317,0.145326491950231,7.641794861829617,-0.978981097205006,0.0118861921862376,0.0045726120006552,0.0127353973317173,0.1,6.945938688203332,0.3672470935804134,1.106702425345523,True,425,0.6538461538461539,2015-07-20,101,101,0,1,High CI
2012-11-28,2014-09-24,451,2015-11-07,409,2016-02-06,True,0.018683186864184,0.1574267236023099,7.641478115507152,-0.9796692930615836,0.0107227164477579,0.0088616810984041,0.0139106448415892,0.1,6.0,0.6906562255493899,1.1737645333457454,True,450,0.6538461538461539,2015-07-20,110,110,0,1,High CI
2012-10-24,2014-09-24,476,2016-02-05,499,2016-02-06,True,0.0197160516105743,0.1850320009687555,6.007978658948884,-0.0006103101614221,9.26763904915206e-06,4.964958476954804e-05,5.050713218283043e-05,0.9,6.0,1.3862590462192843,1.8125464712969013,True,475,0.6538461538461539,2015-07-20,200,200,0,0,High CI
2012-09-19,2014-09-24,501,2016-02-06,500,2016-02-06,True,0.0193823663164848,0.1882137381372302,6.014603691657045,-0.0006276206347354,5.043686875102463e-06,4.760118242766828e-05,4.7867644038601225e-05,0.9,6.0,1.465233025112976,1.966737596995637,True,500,0.6538461538461539,2015-07-20,201,201,0,0,High CI
2012-08-15,2014-09-24,526,2016-02-06,500,2016-02-06,True,0.0190714975233398,0.1913177813537301,6.018064237017127,-0.0006365865615069,2.9789236783276426e-06,4.6157993147978447e-05,4.625401947647497e-05,0.9,6.0,1.5063481576466833,2.064425650069231,True,525,0.6538461538461539,2015-07-20,201,201,0,0,High CI
2012-07-10,2014-09-24,551,2016-02-06,500,2016-02-06,True,0.0198973150951126,0.2181426345448024,6.041031546080357,-0.0006952942840385,-9.889683333379123e-06,3.475410213329546e-05,3.613382697038952e-05,0.9,6.0,1.8480299823341133,2.8863298285909997,True,550,0.6538461538461539,2015-07-20,201,201,0,0,High CI
2012-06-05,2014-09-24,576,2015-04-20,208,2016-02-06,True,0.0219028995324956,0.276328516568025,5.968300963825825,-0.0007762204529442,2.8942538678363568e-05,-3.759359265377255e-05,4.7444164591299874e-05,0.9,13.0,-0.914693221936018,1.132664881190551,True,575,0.6538461538461539,2015-07-20,-91,91,0,1,High CI
2012-04-26,2014-09-24,601,2015-04-10,198,2016-02-06,True,0.0227843653936784,0.3119955111419851,5.966708058729516,-0.0007862828593688,-4.476099370224527e-05,2.9279350952488345e-05,5.348669880831515e-05,0.9,12.59464066278008,2.5623220405632634,1.0504847267508346,True,600,0.6538461538461539,2015-07-20,-101,101,0,1,High CI
2011-12-01,2014-09-24,701,2015-04-02,190,2016-02-06,True,0.0264130415172628,0.489051782297048,5.959324830900386,-0.0007684305326765,-2.095553120385241e-06,-4.378299615810275e-05,4.3833116424237925e-05,0.9,13.0,-1.6186220888129803,1.2136722464065643,True,700,0.6538461538461539,2015-07-20,-109,109,0,1,High CI
2011-10-26,2014-09-24,726,2016-02-06,500,2016-02-06,True,0.0284367482595979,0.5870789210468943,6.06107736588049,-0.0007461722198908,-1.87746530286157e-05,2.4625797995488904e-05,3.096639344934334e-05,0.9,6.0,2.222184894568455,3.614429079922615,True,725,0.6538461538461539,2015-07-20,201,201,0,0,High CI
2011-09-21,2014-09-24,751,2014-10-22,28,2016-02-06,True,0.0288848997173715,0.6265874111936418,5.899523097732168,-0.0007825013672066,4.634178141493219e-06,4.651896846986427e-05,4.674922496199611e-05,0.9,13.0,1.4715048093548588,1.1588036297902615,True,750,0.6538461538461539,2015-07-20,-271,271,0,0,High CI
2013-08-19,2014-09-25,276,2016-02-02,495,2016-02-07,True,0.0161676162970106,0.0721441414167523,6.022672393694691,-0.0006684639346534,3.518626401151309e-06,7.713100396376186e-05,7.721122006683179e-05,0.9,6.0,1.5252090996303913,1.2986401472638966,True,275,0.6538461538461539,2015-07-20,197,197,0,0,High CI
2013-07-12,2014-09-25,301,2016-02-03,496,2016-02-07,True,0.0156248010511534,0.0734844567743255,6.0226511200648725,-0.0006673220000579,2.711778154738015e-06,7.64126656421081e-05,7.646076909953968e-05,0.9,6.0,1.5353226189940832,1.309145869019129,True,300,0.6538461538461539,2015-07-20,198,198,0,0,High CI
2013-06-07,2014-09-25,326,2016-02-07,500,2016-02-07,True,0.0164540783696153,0.0882601625678623,6.094839263792961,-0.0008762151029977,-3.9628035355119054e-05,9.063846463077816e-05,9.89227600541523e-05,0.9,6.0,1.9829632607049297,1.3286352440804652,True,325,0.6538461538461539,2015-07-20,202,202,0,0,High CI
2013-04-30,2014-09-25,351,2016-02-04,497,2016-02-07,True,0.0193903277681825,0.131970668646101,6.011147714994515,-0.0006001632518633,9.562889818964875e-06,-4.942982658960028e-05,5.034636648624821e-05,0.9,9.424856747849852,-1.3796932504712256,1.138332194022821,True,350,0.6538461538461539,2015-07-20,199,199,0,0,High CI
2013-03-22,2014-09-25,376,2016-02-01,494,2016-02-07,True,0.0191689368271788,0.1381605002957249,6.010489205236746,-0.0006031127789624,-6.937897809779705e-06,5.089128302195232e-05,5.136202014757012e-05,0.9,8.940055758964233,1.7062888807663823,1.1821122439119276,True,375,0.6538461538461539,2015-07-20,196,196,0,0,High CI
2013-02-15,2014-09-25,401,2016-02-05,498,2016-02-07,True,0.0188578321771983,0.1426027516037745,6.011872737111221,-0.0006031572295096,-3.0239850711055805e-05,4.064298233087595e-05,5.065866741017609e-05,0.9,9.008282874562347,2.2104696739609504,1.189535124819879,True,400,0.6538461538461539,2015-07-20,200,200,0,0,High CI
2013-01-11,2014-09-25,426,2015-10-11,381,2016-02-07,True,0.0184709220322129,0.1453405332667578,7.581224532707467,-0.9500676268444868,0.003417248876993,-0.0124748542750224,0.0129344338519456,0.1,6.718359665621408,-1.3034242600688457,1.0933113227257605,True,425,0.6538461538461539,2015-07-20,83,83,0,1,High CI
2012-11-29,2014-09-25,451,2015-11-15,416,2016-02-07,True,0.0186032702381856,0.1560828302632889,7.632554433159426,-0.9739029728764736,0.0104868563778006,0.0095547257941771,0.0141868580626766,0.1,6.0,0.7389218258796318,1.1441374928047638,True,450,0.6538461538461539,2015-07-20,118,118,0,1,High CI
2012-10-25,2014-09-25,476,2016-02-07,500,2016-02-07,True,0.0196907084157752,0.1845566230075795,6.006297521144048,-0.0006051944432138,9.764683442081732e-06,5.047736903266724e-05,5.1413167838445227e-05,0.9,6.0,1.3797098275338695,1.7656793054910125,True,475,0.6538461538461539,2015-07-20,202,202,0,0,High CI
2012-09-20,2014-09-25,501,2016-02-07,500,2016-02-07,True,0.0193818450031297,0.1882036137783986,6.01454525904408,-0.0006269414798577,4.577988197233834e-06,4.786668085992085e-05,4.808510281240464e-05,0.9,6.0,1.475445953424756,1.9557246730978397,True,500,0.6538461538461539,2015-07-20,202,202,0,0,High CI
2012-08-16,2014-09-25,526,2016-02-07,500,2016-02-07,True,0.0190752588272251,0.1913932526452828,6.017726518560319,-0.0006351755060331,2.684039855200388e-06,4.651601156944889e-05,4.659338367486748e-05,0.9,6.0,1.5131588186380314,2.0448466797307066,True,525,0.6538461538461539,2015-07-20,202,202,0,0,High CI
2012-07-11,2014-09-25,551,2016-02-07,500,2016-02-07,True,0.0198559453875183,0.2172364705448934,6.039413734284701,-0.0006906237895286,-9.494282308326727e-06,3.5735115298214806e-05,3.6974854454438514e-05,0.9,6.0,1.830481953937692,2.801730255813597,True,550,0.6538461538461539,2015-07-20,202,202,0,0,High CI
2012-06-06,2014-09-25,576,2015-04-20,207,2016-02-07,True,0.0217156162534361,0.2716231618175032,5.9671674941407495,-0.0007726929026241,2.732799143497475e-05,-3.765239672423538e-05,4.652442471379162e-05,0.9,13.0,-0.942966013093816,1.1498073185624444,True,575,0.6538461538461539,2015-07-20,-91,91,0,1,High CI
2012-04-27,2014-09-25,601,2015-04-05,192,2016-02-07,True,0.0228252904467731,0.3131173242717126,5.96440423595142,-0.0007852404260512,7.363673635368045e-06,5.363957493503195e-05,5.41426605240186e-05,0.9,12.437436297623522,1.4343684885513786,1.0494812823002009,True,600,0.6538461538461539,2015-07-20,-106,106,0,1,High CI
2011-12-02,2014-09-25,701,2015-04-02,189,2016-02-07,True,0.0263953747783577,0.4883977825926654,5.959001772038041,-0.0007666624521716,-1.360797268638804e-06,-4.429972733866531e-05,4.432062286889057e-05,0.9,13.0,-1.6015046308761316,1.1975605907255618,True,700,0.6538461538461539,2015-07-20,-109,109,0,1,High CI
2011-10-27,2014-09-25,726,2016-02-07,500,2016-02-07,True,0.028444534269807,0.58740045065384,6.060799326372088,-0.0007448975135929,-1.9102887733951407e-05,2.482954101868152e-05,3.1327726169869706e-05,0.9,6.0,2.2265739485519034,3.566636992199259,True,725,0.6538461538461539,2015-07-20,202,202,0,0,High CI
2011-09-22,2014-09-25,751,2014-10-22,27,2016-02-07,True,0.0289122274059158,0.627773587072115,5.899011200864238,-0.0007810839399986,4.458789494020679e-06,4.6172189279853934e-05,4.6386979494753135e-05,0.9,13.0,1.4745261167973809,1.1657375105879582,True,750,0.6538461538461539,2015-07-20,-271,271,0,0,High CI
2013-08-20,2014-09-26,276,2016-02-04,496,2016-02-08,True,0.0161672110731542,0.0721405250319623,6.023303545486777,-0.0006695694431118,2.648822052689441e-06,7.73672419053413e-05,7.741257248216477e-05,0.9,6.0,1.5365726973048397,1.2974044557157256,True,275,0.6923076923076923,2015-07-20,199,199,0,0,High CI
2013-07-15,2014-09-26,301,2016-01-28,489,2016-02-08,True,0.0156202771415522,0.0734419104516491,6.018303243708904,-0.0006591276031384,8.099887625404362e-06,7.525278409655753e-05,7.568744739933617e-05,0.9,6.0,1.463573410059635,1.3062818719346698,True,300,0.6923076923076923,2015-07-20,192,192,0,0,High CI
2013-06-10,2014-09-26,326,2016-02-08,500,2016-02-08,True,0.0163956657939451,0.0876346213255177,6.099352939441061,-0.0008885106018478,-4.287886978141865e-05,9.129517161393056e-05,0.0001008633027108,0.9,6.0,2.009889279150197,1.3213585783443988,True,325,0.6923076923076923,2015-07-20,203,203,0,0,High CI
2013-05-02,2014-09-26,351,2016-01-08,469,2016-02-08,True,0.0193917958546006,0.1319906530097445,6.001965096130761,-0.0005955453722891,-2.051607036987156e-05,4.816131499315327e-05,5.234903442558661e-05,0.9,9.033368030327726,1.973502258132276,1.133441171098282,True,350,0.6923076923076923,2015-07-20,172,172,0,0,High CI
2013-03-25,2014-09-26,376,2016-02-02,494,2016-02-08,True,0.0191650946310475,0.1381051204335945,6.0104378304970885,-0.0006024315322067,1.5278430771068529e-06,5.143757557216136e-05,5.146026122368672e-05,0.9,8.91322690742847,1.5411021979482191,1.1820701642211295,True,375,0.6923076923076923,2015-07-20,197,197,0,0,High CI
2013-02-18,2014-09-26,401,2016-02-06,498,2016-02-08,True,0.0188474258029031,0.1424454092177723,6.011773684989989,-0.0006022486912877,-3.563426675265891e-05,3.618581201837469e-05,5.078596221820359e-05,0.9,9.02828044895538,2.348515099790509,1.1821420008649866,True,400,0.6923076923076923,2015-07-20,201,201,0,0,High CI
2013-01-14,2014-09-26,426,2016-02-05,497,2016-02-08,True,0.0184702886024406,0.1453305650104731,6.008733657553163,-0.0005974205067149,1.1593739291847837e-05,-4.977022533860084e-05,5.110274083669526e-05,0.9,8.470137399771938,-1.3419324378741866,1.2421898786408023,True,425,0.6923076923076923,2015-07-20,200,200,0,0,High CI
2012-11-30,2014-09-26,451,2015-10-12,381,2016-02-08,True,0.0185661189677732,0.1554600488600041,7.589803259609871,-0.9560670562779084,0.0122819239055625,0.0059132891980216,0.0136313111607602,0.1,6.0,0.4487081600254882,1.1689595190105253,True,450,0.6923076923076923,2015-07-20,84,84,0,1,High CI
2012-10-26,2014-09-26,476,2016-02-08,500,2016-02-08,True,0.0196678685280285,0.184128724959449,6.004890701469355,-0.0006009118066544,1.022974376303952e-05,5.1139557691019226e-05,5.215267987640261e-05,0.9,6.0,1.3733663172432555,1.7283248188164182,True,475,0.6923076923076923,2015-07-20,203,203,0,0,High CI
2012-09-21,2014-09-26,501,2016-02-08,500,2016-02-08,True,0.0193805944433949,0.1881793279306541,6.014587508373477,-0.0006264806722643,4.123074959447965e-06,4.805991908061359e-05,4.82364547739192e-05,0.9,6.0,1.485215571992679,1.948155213315131,True,500,0.6923076923076923,2015-07-20,203,203,0,0,High CI
2012-08-17,2014-09-26,526,2016-02-08,500,2016-02-08,True,0.0190758053883564,0.1914042207387992,6.017654045216685,-0.0006344088532875,2.302567693000931e-06,4.6732737372776254e-05,4.678942786927117e-05,0.9,6.0,1.5215651609922058,2.033821149918905,True,525,0.6923076923076923,2015-07-20,203,203,0,0,High CI
2012-07-12,2014-09-26,551,2016-02-08,500,2016-02-08,True,0.0198077615535273,0.2161834271865287,6.037900323914039,-0.0006861822447681,-9.08861043482452e-06,3.6651156319211006e-05,3.776122481026327e-05,0.9,6.0,1.813869228124588,2.725741477730014,True,550,0.6923076923076923,2015-07-20,203,203,0,0,High CI
2012-06-07,2014-09-26,576,2015-04-21,207,2016-02-08,True,0.0216371288991916,0.269663239872134,5.966431291423374,-0.0007699978805391,2.639037707290773e-05,-3.745268111123258e-05,4.581653985702032e-05,0.9,13.0,-0.9569680502633944,1.1635000316947637,True,575,0.6923076923076923,2015-07-20,-90,90,0,1,High CI
2012-04-30,2014-09-26,601,2015-04-12,198,2016-02-08,True,0.0228385334520007,0.3134807647531318,5.96723323018706,-0.0007864535448092,-4.361141596873487e-05,3.165058104505079e-05,5.3886128857873535e-05,0.9,12.5802450161516,2.513799103838666,1.0441177980015317,True,600,0.6923076923076923,2015-07-20,-99,99,0,1,High CI
2012-03-22,2014-09-26,626,2015-04-14,200,2016-02-08,True,0.0236259521096507,0.3494241937927831,5.9623812265166585,-0.0007648773479199,2.0030996991681937e-05,-4.866180346525687e-05,5.2623302414159226e-05,0.9,13.0,-1.1802985119681824,1.006266135616812,True,625,0.6923076923076923,2015-07-20,-97,97,0,1,High CI
2011-12-05,2014-09-26,701,2015-04-03,189,2016-02-08,True,0.0263935054523739,0.4883286081752081,5.958850666683195,-0.0007650875048414,-4.088077626805827e-07,-4.470989431110672e-05,4.471176325193585e-05,0.9,13.0,-1.5799396356036766,1.184645664510435,True,700,0.6923076923076923,2015-07-20,-108,108,0,1,High CI
2011-10-28,2014-09-26,726,2016-02-08,500,2016-02-08,True,0.0284317867624398,0.5868740779145223,6.061069768677815,-0.000744900913849,-1.9453329239091263e-05,2.4567028381099524e-05,3.133641495069646e-05,0.9,6.0,2.2405461566087657,3.565664331837269,True,725,0.6923076923076923,2015-07-20,203,203,0,0,High CI
2011-09-23,2014-09-26,751,2016-02-08,500,2016-02-08,True,0.0291642372788488,0.6387651047788065,6.07233091640468,-0.0007713806704993,-1.9813542538203607e-05,1.4367892660752872e-05,2.447473814822377e-05,0.9,6.0,2.5141827645352093,4.727613422221455,True,750,0.6923076923076923,2015-07-20,203,203,0,0,High CI
2013-08-21,2014-09-29,276,2016-02-06,495,2016-02-11,True,0.0161619937355001,0.0720939714557511,6.0198520347740985,-0.0006573752629341,2.971779379769106e-06,7.689238246511205e-05,7.694978852370611e-05,0.9,6.0,1.532166999029548,1.2814367827630575,True,275,0.6923076923076923,2015-07-20,201,201,0,0,High CI
2013-07-16,2014-09-29,301,2016-02-10,499,2016-02-11,True,0.0156160408617591,0.0734020803910354,6.019785721553392,-0.0006542992631537,1.023285555211645e-06,7.632730108197847e-05,7.633416013677295e-05,0.9,6.0,1.5573905828421784,1.2857269837934344,True,300,0.6923076923076923,2015-07-20,205,205,0,0,High CI
2013-06-11,2014-09-29,326,2016-02-11,500,2016-02-11,True,0.0163492489639898,0.0871391289898067,6.103438518693011,-0.0008977459127725,-4.695916846662754e-05,9.141445573951168e-05,0.0001027704540285,0.9,6.0,2.045339984465376,1.3103171352975973,True,325,0.6923076923076923,2015-07-20,206,206,0,0,High CI
2013-05-03,2014-09-29,351,2016-01-31,489,2016-02-11,True,0.0193839287471786,0.1318835794801701,6.008586470338254,-0.0005966142535062,-4.277792425707814e-05,-2.8180177029944246e-05,5.1225708205776045e-05,0.9,9.253965178760138,-2.559087286008666,1.132714087557878,True,350,0.6923076923076923,2015-07-20,195,195,0,0,High CI
2013-03-26,2014-09-29,376,2016-02-07,496,2016-02-11,True,0.0191655893246737,0.1381122501249297,6.010881377352865,-0.0006000027179245,9.862578719715184e-07,5.161284290145346e-05,5.162226512814157e-05,0.9,8.905847143398688,1.5516898835060036,1.1745822492737723,True,375,0.6923076923076923,2015-07-20,202,202,0,0,High CI
2013-02-19,2014-09-29,401,2016-01-23,481,2016-02-11,True,0.0188359640793957,0.1422722106629146,6.006114269574647,-0.0005976058303839,3.052895764674256e-05,4.231134432154368e-05,5.217534967101637e-05,0.9,8.843899947918176,0.9457655354063332,1.165596262831026,True,400,0.6923076923076923,2015-07-20,187,187,0,0,High CI
2013-01-15,2014-09-29,426,2015-12-18,445,2016-02-11,True,0.018468330865362,0.1452997583497579,5.991746361825116,-0.0005876260117559,4.8669090016947365e-05,2.583056323183871e-05,5.509898656011509e-05,0.9,7.881854249801811,0.4879350055633267,1.217787496833355,True,425,0.6923076923076923,2015-07-20,151,151,0,0,High CI
2012-12-03,2014-09-29,451,2015-12-05,432,2016-02-11,True,0.0185192247196644,0.1546757195820617,7.637971137225328,-0.9739783971562436,0.0030049494559026,0.014248886501802,0.0145622967890977,0.1,6.074375567319607,1.3629517568610805,1.101077292525318,True,450,0.6923076923076923,2015-07-20,138,138,0,0,High CI
2012-10-29,2014-09-29,476,2016-02-10,499,2016-02-11,True,0.0196475882459759,0.183749196568504,6.00337886203409,-0.000595288651464,1.0131901432091787e-05,5.217973581493547e-05,5.315430609410759e-05,0.9,6.0,1.3790097750096304,1.6798883153797843,True,475,0.6923076923076923,2015-07-20,205,205,0,0,High CI
2012-09-24,2014-09-29,501,2016-02-11,500,2016-02-11,True,0.0193769891079144,0.1881093211510054,6.0148490328486215,-0.0006252972884206,2.9262958124411846e-06,4.846299543486663e-05,4.855126294651679e-05,0.9,6.0,1.5104874844075384,1.9318672176749896,True,500,0.6923076923076923,2015-07-20,206,206,0,0,High CI
2012-08-20,2014-09-29,526,2016-02-11,500,2016-02-11,True,0.0190739791897305,0.1913675748005243,6.017856750552665,-0.0006330378052605,1.1820575144046326e-06,4.7101076097471215e-05,4.711590633222643e-05,0.9,6.0,1.5457054043486975,2.0153633492587684,True,525,0.6923076923076923,2015-07-20,206,206,0,0,High CI
2012-07-13,2014-09-29,551,2016-02-11,500,2016-02-11,True,0.0197184945050235,0.2142392830750996,6.036223105864817,-0.0006798929271436,-8.9771834967653e-06,3.783914076119582e-05,3.888946383122537e-05,0.9,6.0,1.803735643578811,2.622405377305887,True,550,0.6923076923076923,2015-07-20,206,206,0,0,High CI
2012-06-08,2014-09-29,576,2015-04-20,203,2016-02-11,True,0.0216195273941942,0.2692246836950295,5.965531082262073,-0.0007672722566281,2.5298869003199167e-05,-3.74873685269002e-05,4.522538636554319e-05,0.9,13.0,-0.9771402152232382,1.174536091443252,True,575,0.6923076923076923,2015-07-20,-91,91,0,1,High CI
2012-05-02,2014-09-29,601,2015-04-15,198,2016-02-11,True,0.0228889906149686,0.3148674407146457,5.968449812634903,-0.0007867187975044,-5.282811656610642e-05,1.0507295932779e-05,5.3862910873263446e-05,0.9,12.635371913733875,2.945258950812735,1.040361295981459,True,600,0.6923076923076923,2015-07-20,-96,96,0,1,High CI
2012-03-23,2014-09-29,626,2015-04-16,199,2016-02-11,True,0.0236109349470507,0.3489801319202388,5.963116652737123,-0.0007653845754497,2.22012923841156e-05,-4.731897572566072e-05,5.226837329830208e-05,0.9,13.0,-1.132104249981993,1.0137710353704523,True,625,0.6923076923076923,2015-07-20,-95,95,0,1,High CI
2011-12-06,2014-09-29,701,2015-04-03,186,2016-02-11,True,0.0264185218342105,0.4892547454291665,5.958341686913142,-0.0007635665365616,-2.0819312169322013e-07,-4.502035501973266e-05,4.502083640358859e-05,0.9,13.0,-1.5754207158636115,1.1741740693387075,True,700,0.6923076923076923,2015-07-20,-108,108,0,1,High CI
2011-10-31,2014-09-29,726,2016-02-11,500,2016-02-11,True,0.0284232461721833,0.5865215500722543,6.06176018942889,-0.0007443814947523,-2.0156816849422075e-05,2.417515453801997e-05,3.147594895214906e-05,0.9,6.0,2.26579953028783,3.54738230077203,True,725,0.6923076923076923,2015-07-20,206,206,0,0,High CI
2011-09-26,2014-09-29,751,2016-02-11,500,2016-02-11,True,0.0289679763675401,0.6301968847776036,6.071496785964573,-0.0007672257208944,-2.0360631312568603e-05,1.5388793192057848e-05,2.552195649542321e-05,0.9,6.0,2.4943827388856223,4.509209870129209,True,750,0.6923076923076923,2015-07-20,206,206,0,0,High CI
2013-08-22,2014-09-30,276,2016-02-08,496,2016-02-12,True,0.0161392754532552,0.0718914345550688,6.016184047639554,-0.0006454001534611,4.293221737452016e-06,7.562859511999045e-05,7.575035414247497e-05,0.9,6.0,1.5140900112317712,1.2780141309582171,True,275,0.6923076923076923,2015-07-20,203,203,0,0,High CI
2013-07-17,2014-09-30,301,2016-02-02,490,2016-02-12,True,0.0155990021075991,0.073241988892618,6.014142357500947,-0.0006435155123553,8.145989774542041e-06,7.46432132608461e-05,7.508639314357225e-05,0.9,6.0,1.4620941509915335,1.2855501884173677,True,300,0.6923076923076923,2015-07-20,197,197,0,0,High CI
2013-06-12,2014-09-30,326,2016-02-12,500,2016-02-12,True,0.0163369347845495,0.0870079128384076,6.105505104147046,-0.0009028566695772,-4.873512373697469e-05,9.153672724729366e-05,0.0001037019031686,0.9,6.0,2.0600349856363387,1.3059403569123629,True,325,0.6923076923076923,2015-07-20,207,207,0,0,High CI
2013-05-06,2014-09-30,351,2016-02-09,497,2016-02-12,True,0.019350095363286,0.1314235928894606,6.011672213432926,-0.0005986714019455,-2.846423791349628e-05,-4.206804629771758e-05,5.07930443988449e-05,0.9,9.29471681195789,-2.165660632312374,1.1412758191981498,True,350,0.6923076923076923,2015-07-20,204,204,0,0,High CI
2013-03-27,2014-09-30,376,2016-02-08,496,2016-02-12,True,0.0191625872331534,0.1380689858000495,6.011223972345493,-0.0006002875535976,2.4952603926732124e-06,5.1515382196893495e-05,5.157577849455357e-05,0.9,8.899283376852338,1.522396963325985,1.1770665555443849,True,375,0.6923076923076923,2015-07-20,203,203,0,0,High CI
2013-02-20,2014-09-30,401,2016-02-11,499,2016-02-12,True,0.018832779749791,0.1422241108347594,6.012430200775283,-0.0006003968213409,-4.822325730315696e-05,1.6278529846332928e-05,5.089669025471531e-05,0.9,9.091014048936405,2.816037590075621,1.1678283749670153,True,400,0.6923076923076923,2015-07-20,206,206,0,0,High CI
2013-01-16,2014-09-30,426,2015-12-19,445,2016-02-12,True,0.0184626521476403,0.1452104173623514,5.992343935358939,-0.0005883963977093,3.9880920645385466e-05,3.779626131480302e-05,5.494583879512996e-05,0.9,7.921266925493507,0.758567130110626,1.2166987417103814,True,425,0.6923076923076923,2015-07-20,152,152,0,0,High CI
2012-12-04,2014-09-30,451,2015-11-08,404,2016-02-12,True,0.0184664429264652,0.1537952909747358,7.593761551517627,-0.9544956053500532,0.0113932561843008,0.0085820351444937,0.0142638569013585,0.1,6.0,0.6455815016789553,1.1152846105496426,True,450,0.6923076923076923,2015-07-20,111,111,0,1,High CI
2012-10-30,2014-09-30,476,2016-02-06,494,2016-02-12,True,0.0196134966735828,0.183112083839971,6.001363728288396,-0.0005925640684501,1.2487482089597047e-05,5.217125955832635e-05,5.364492084848542e-05,0.9,6.0,1.335860758136839,1.656906355003689,True,475,0.6923076923076923,2015-07-20,201,201,0,0,High CI
2012-09-25,2014-09-30,501,2016-02-12,500,2016-02-12,True,0.0193745010077511,0.1880610159389751,6.01502028501452,-0.0006251427286582,2.444179043823e-06,4.857221705190124e-05,4.863367434746494e-05,0.9,6.0,1.52051821910641,1.9281168975384964,True,500,0.6923076923076923,2015-07-20,207,207,0,0,High CI
2012-08-21,2014-09-30,526,2016-02-12,500,2016-02-12,True,0.0190730896773198,0.1913497264153589,6.017905450015308,-0.0006325577177326,7.774678718721142e-07,4.7237701363307975e-05,4.724409895829173e-05,0.9,6.0,1.554339182205109,2.008370563774908,True,525,0.6923076923076923,2015-07-20,207,207,0,0,High CI
2012-07-16,2014-09-30,551,2016-02-12,500,2016-02-12,True,0.0196686710557723,0.213157998226197,6.034820505068574,-0.0006757182339434,-8.598419479219821e-06,3.8691823380688405e-05,3.963571639396736e-05,0.9,6.0,1.789471097562589,2.5572323225863838,True,550,0.6923076923076923,2015-07-20,207,207,0,0,High CI
2012-06-11,2014-09-30,576,2015-04-20,202,2016-02-12,True,0.021563963476552,0.267842603991209,5.964605397477337,-0.00076456264775,2.4063202425748523e-05,-3.754307780918813e-05,4.4592829046488e-05,0.9,13.0,-1.000810104933656,1.1869904054229676,True,575,0.6923076923076923,2015-07-20,-91,91,0,1,High CI
2012-05-03,2014-09-30,601,2015-04-23,205,2016-02-12,True,0.0229203708948125,0.3157313845754183,5.971702606923624,-0.0007878821334083,-2.3847948834102044e-05,-4.784198667834393e-05,5.345634062414661e-05,0.9,12.809088586997197,-2.033221760708713,1.0355863247453447,True,600,0.6923076923076923,2015-07-20,-88,88,0,1,High CI
2012-03-26,2014-09-30,626,2015-04-17,199,2016-02-12,True,0.0235739453064774,0.3478875417178079,5.963563691718789,-0.000765911407772,2.3683833237316103e-05,-4.6321053726303645e-05,5.202464776553617e-05,0.9,13.0,-1.098151717621476,1.019221430612063,True,625,0.6923076923076923,2015-07-20,-94,94,0,1,High CI
2011-12-07,2014-09-30,701,2015-04-04,186,2016-02-12,True,0.0264211646839293,0.4893526382219749,5.958161165940841,-0.0007620680355586,6.242498048478272e-07,-4.537458065047735e-05,4.537887456763913e-05,0.9,13.0,-1.5570394960856635,1.1626237276833469,True,700,0.6923076923076923,2015-07-20,-107,107,0,1,High CI
2011-11-01,2014-09-30,726,2016-02-12,500,2016-02-12,True,0.0284282669212464,0.5867287774657306,6.061710719945853,-0.0007436202086486,-2.0461929753656165e-05,2.4202810179874845e-05,3.169332090278033e-05,0.9,6.0,2.272634844857457,3.5194491495370737,True,725,0.6923076923076923,2015-07-20,207,207,0,0,High CI
2011-09-27,2014-09-30,751,2016-02-12,500,2016-02-12,True,0.0288334011431792,0.6243551311341011,6.070385170852716,-0.0007639809905565,-2.0650795675191303e-05,1.6361283050030356e-05,2.6346668576154185e-05,0.9,6.0,2.4715746854443115,4.349587814195044,True,750,0.6923076923076923,2015-07-20,207,207,0,0,High CI
2013-08-23,2014-10-01,276,2016-02-09,496,2016-02-13,True,0.0161402964833276,0.0719005310772424,6.0118237925885385,-0.0006321367662559,6.068408391604907e-06,7.518211216759235e-05,7.54266237504221e-05,0.9,6.0,1.4902548156754931,1.2571226209481148,True,275,0.6923076923076923,2015-07-20,204,204,0,0,High CI
2013-07-18,2014-10-01,301,2016-02-11,498,2016-02-13,True,0.0155936994646146,0.0731922023608094,6.012801997312056,-0.0006332966470771,4.322384407394049e-06,7.533139762449186e-05,7.545530117244633e-05,0.9,6.0,1.5134809123198436,1.2589506050007602,True,300,0.6923076923076923,2015-07-20,206,206,0,0,High CI
2013-06-13,2014-10-01,326,2016-02-13,500,2016-02-13,True,0.0163434582952587,0.0870774130699294,6.104583602501441,-0.0008998121745231,-4.892524998798307e-05,9.190350253990688e-05,0.0001041150030758,0.9,6.0,2.059991333899081,1.2963724937904453,True,325,0.6923076923076923,2015-07-20,208,208,0,0,High CI
2013-05-07,2014-10-01,351,2016-01-24,480,2016-02-13,True,0.0193251585299201,0.1310850750244973,6.005113154343436,-0.0005936110300113,-1.7644073784833558e-06,5.259323049934811e-05,5.262281850827459e-05,0.9,8.944898195193424,1.6043319334294024,1.1349976543286038,True,350,0.6923076923076923,2015-07-20,188,188,0,0,High CI
2013-03-28,2014-10-01,376,2016-01-19,475,2016-02-13,True,0.0191690086584267,0.1381615357480111,6.002994844538411,-0.000593454220383,3.4431215044076326e-05,-4.108946897645291e-05,5.3608329858132256e-05,0.9,8.575136129728474,-0.8733354283725833,1.1618670400407929,True,375,0.6923076923076923,2015-07-20,183,183,0,0,High CI
2013-02-21,2014-10-01,401,2016-01-25,481,2016-02-13,True,0.018835312043416,0.142262360888914,6.005311442196915,-0.0005941180955121,3.362432244549294e-05,4.051309796994606e-05,5.264889521196934e-05,0.9,8.831526246566286,0.8780511286450645,1.1499799364650658,True,400,0.6923076923076923,2015-07-20,189,189,0,0,High CI
2013-01-17,2014-10-01,426,2016-02-03,490,2016-02-13,True,0.0184594872128374,0.1451606366365467,6.005603743096013,-0.0005909654910804,-1.3923550220850132e-05,-5.048481810187673e-05,5.236966783866512e-05,0.9,8.40132457881842,-1.8399031457896795,1.2088628958442418,True,425,0.6923076923076923,2015-07-20,198,198,0,0,High CI
2012-12-05,2014-10-01,451,2015-11-27,422,2016-02-13,True,0.0184228604027311,0.1530702052237517,7.630095853175288,-0.9706317940200389,-0.0049873451406881,0.0133731646990736,0.0142728814757531,0.1,6.172650894620031,1.9277569312854916,1.1017197585257197,True,450,0.6923076923076923,2015-07-20,130,130,0,0,High CI
2012-10-31,2014-10-01,476,2016-01-27,483,2016-02-13,True,0.0196063338398871,0.1829783634811663,5.998469176485305,-0.0005918152682597,1.7057003550209588e-05,5.123457645219451e-05,5.399928883186913e-05,0.9,6.0,1.249418023076426,1.6439529512204645,True,475,0.6923076923076923,2015-07-20,191,191,0,0,High CI
2012-09-26,2014-10-01,501,2016-02-13,500,2016-02-13,True,0.0193758844578865,0.1880878741612101,6.014807526456805,-0.0006241375979987,1.951390732929636e-06,4.89239174008465e-05,4.89628187468554e-05,0.9,6.0,1.5309312261812122,1.912076185479585,True,500,0.6923076923076923,2015-07-20,208,208,0,0,High CI
2012-08-22,2014-10-01,526,2016-02-13,500,2016-02-13,True,0.0190772357887051,0.1914329267277111,6.017617912744571,-0.0006313456648981,3.384466507927496e-07,4.758555621600706e-05,4.758675978171031e-05,0.9,6.0,1.5636840647768837,1.9900882129638,True,525,0.6923076923076923,2015-07-20,208,208,0,0,High CI
2012-07-17,2014-10-01,551,2016-02-13,500,2016-02-13,True,0.0196295806335934,0.2123115601537621,6.033036706951017,-0.0006706894679828,-8.21850155506302e-06,3.976797238856641e-05,4.060831682929438e-05,0.9,6.0,1.7745887174605268,2.477409261268709,True,550,0.6923076923076923,2015-07-20,208,208,0,0,High CI
2012-06-12,2014-10-01,576,2015-04-20,201,2016-02-13,True,0.0215289682666463,0.266973969384729,5.963530637769705,-0.0007615388271495,2.2686686253125865e-05,-3.761881474893048e-05,4.393018274787984e-05,0.9,13.0,-1.028124330976532,1.2001297400749644,True,575,0.6923076923076923,2015-07-20,-91,91,0,1,High CI
2012-05-04,2014-10-01,601,2015-04-16,197,2016-02-13,True,0.0229778804435893,0.3173177767976118,5.968485240184847,-0.000786430144584,-5.012734142610377e-05,2.096450259310656e-05,5.433471015313831e-05,0.9,12.601324002078233,2.745474539302354,1.0337347806644457,True,600,0.6923076923076923,2015-07-20,-95,95,0,1,High CI
2012-03-27,2014-10-01,626,2015-04-19,200,2016-02-13,True,0.0235240416739165,0.3464162159592777,5.964450968287247,-0.0007666976058564,2.6041634241659467e-05,-4.465666176583255e-05,5.169510764128789e-05,0.9,13.0,-1.0428569735044708,1.026771534922491,True,625,0.6923076923076923,2015-07-20,-92,92,0,1,High CI
2011-12-08,2014-10-01,701,2015-04-05,186,2016-02-13,True,0.0264381321550495,0.4899813571253534,5.957647480301154,-0.0007603674441083,9.439209096034922e-07,-4.57598828119768e-05,4.576961723293561e-05,0.9,13.0,-1.5501715566740024,1.1501259183739745,True,700,0.6923076923076923,2015-07-20,-106,106,0,1,High CI
2011-11-02,2014-10-01,726,2016-02-13,500,2016-02-13,True,0.0284166269113257,0.5862484013226928,6.060970297758258,-0.0007412928137426,-2.0795758468694446e-05,2.476224213418505e-05,3.23362367290983e-05,0.9,6.0,2.269349003725127,3.438678501550521,True,725,0.6923076923076923,2015-07-20,208,208,0,0,High CI
2011-09-28,2014-10-01,751,2016-02-13,500,2016-02-13,True,0.0288191677464318,0.6237388666273284,6.069631704392831,-0.000761636958168,-2.101403326909584e-05,1.6925357319956384e-05,2.6982537216556708e-05,0.9,6.0,2.463548787374673,4.234054892921598,True,750,0.6923076923076923,2015-07-20,208,208,0,0,High CI
2013-08-26,2014-10-02,276,2016-02-10,496,2016-02-14,True,0.0162384498923972,0.0727776823545796,5.998219641374785,-0.0005932363049875,1.2783978055959318e-05,7.493325966661493e-05,7.601594240157515e-05,0.9,6.0,1.401818360755884,1.1706155700607732,True,275,0.6923076923076923,2015-07-20,205,205,0,0,High CI
2013-07-19,2014-10-02,301,2016-02-09,495,2016-02-14,True,0.0156889617037142,0.0740891993215238,6.002296259128561,-0.0006055180908819,1.0708773598004442e-05,7.584194296693896e-05,7.659424354985e-05,0.9,6.0,1.430525053477501,1.1858295013146811,True,300,0.6923076923076923,2015-07-20,204,204,0,0,High CI
2013-06-14,2014-10-02,326,2016-02-14,500,2016-02-14,True,0.0164547390866244,0.0882672509212967,6.097290213807217,-0.0008797008271783,-4.5849774918955895e-05,9.32540231900524e-05,0.0001039159020614,0.9,6.0,2.027754037631891,1.269826094553834,True,325,0.6923076923076923,2015-07-20,209,209,0,0,High CI
2013-05-08,2014-10-02,351,2016-02-11,497,2016-02-14,True,0.0193539019467672,0.131475305718343,6.005114143497564,-0.0005825964433432,3.0230799695463224e-05,4.472605613625958e-05,5.398445468587288e-05,0.9,8.820344426638648,0.9764215926136108,1.1011743213440537,True,350,0.6923076923076923,2015-07-20,206,206,0,0,High CI
2013-04-02,2014-10-02,376,2016-01-31,486,2016-02-14,True,0.0192334332811903,0.1390917833740316,6.000478252125676,-0.0005793306214743,-6.421668270728873e-06,-5.504693857950549e-05,5.542024242418231e-05,0.9,8.435185263093617,-1.6869294483624315,1.115336582847016,True,375,0.6923076923076923,2015-07-20,195,195,0,0,High CI
2013-02-22,2014-10-02,401,2016-02-07,493,2016-02-14,True,0.0188657900763684,0.1427231321174466,6.003656411994121,-0.0005811808302711,3.894504674338289e-05,3.756131610221198e-05,5.410701556336818e-05,0.9,8.796436615262122,0.7673136572594919,1.0989892216340973,True,400,0.6923076923076923,2015-07-20,202,202,0,0,High CI
2013-01-18,2014-10-02,426,2016-02-09,495,2016-02-14,True,0.0185194334752159,0.1461049713194967,6.000550589745572,-0.0005744944553203,-5.463361756024238e-05,-5.372839736085904e-06,5.489717273729575e-05,0.9,8.214408318363581,-3.0435647562103094,1.1465739904177914,True,425,0.6923076923076923,2015-07-20,204,204,0,0,High CI
2012-12-06,2014-10-02,451,2015-11-03,397,2016-02-14,True,0.0184291449056549,0.1531746552610855,7.550972434536372,-0.932749302725937,0.0122369861848153,0.0079144433323202,0.0145733401850045,0.1,6.0,0.5740970567068977,1.066730174054061,True,450,0.6923076923076923,2015-07-20,106,106,0,1,High CI
2012-11-01,2014-10-02,476,2016-02-06,492,2016-02-14,True,0.0196317632043847,0.1834533162202037,5.995677768004393,-0.000578512867712,1.500300604148649e-05,5.4504585747169896e-05,5.653176149521148e-05,0.9,6.0,1.3021871539150025,1.5350119625081495,True,475,0.6923076923076923,2015-07-20,201,201,0,0,High CI
2012-09-27,2014-10-02,501,2016-02-14,500,2016-02-14,True,0.0194414093305614,0.1893621667759795,6.012155504605136,-0.000617196386284,2.2524410509553382e-06,5.047491449933239e-05,5.05251470497904e-05,0.9,6.0,1.5262009531018923,1.8323441562944904,True,500,0.6923076923076923,2015-07-20,209,209,0,0,High CI
2012-08-23,2014-10-02,526,2016-02-14,500,2016-02-14,True,0.0191454064469964,0.1928035052988836,6.015467465599197,-0.0006257147440595,3.294432745083297e-07,4.8945742565060574e-05,4.8946851258444616e-05,0.9,6.0,1.5640656433400206,1.9175331854005957,True,525,0.6923076923076923,2015-07-20,209,209,0,0,High CI
2012-07-18,2014-10-02,551,2016-02-14,500,2016-02-14,True,0.019642052789671,0.2125814410235144,6.029933026181617,-0.0006626408540489,-7.723270376567252e-06,4.1617325396583706e-05,4.232789480324639e-05,0.9,6.0,1.75428714852346,2.3482417108001483,True,550,0.6923076923076923,2015-07-20,209,209,0,0,High CI
2012-06-13,2014-10-02,576,2015-04-21,201,2016-02-14,True,0.021630320082199,0.269493550190429,5.962968741557159,-0.0007585664259663,2.2436232307510685e-05,-3.6920969407297225e-05,4.320350104020696e-05,0.9,13.0,-1.0247469651467351,1.2155528121068262,True,575,0.6923076923076923,2015-07-20,-90,90,0,1,High CI
2012-05-07,2014-10-02,601,2015-04-27,207,2016-02-14,True,0.0231726855230197,0.3227209859636108,5.972424849511151,-0.0007867494528771,-1.302659418316573e-05,-5.195857012708779e-05,5.3566642284768856e-05,0.9,12.831617808770252,-1.816444219289414,1.0301562909404698,True,600,0.6923076923076923,2015-07-20,-84,84,0,1,High CI
2012-03-28,2014-10-02,626,2015-04-21,201,2016-02-14,True,0.0235895452145071,0.3483481187854769,5.96518118577686,-0.0007669084901142,2.836569227388909e-05,-4.286141991425069e-05,5.139760515085014e-05,0.9,13.0,-0.9861704518060522,1.0329988049908696,True,625,0.6923076923076923,2015-07-20,-90,90,0,1,High CI
2011-12-09,2014-10-02,701,2015-04-05,185,2016-02-14,True,0.0264903898145764,0.4919202675222806,5.956957757947103,-0.0007579003603686,1.5353441429182557e-06,-4.627856156271147e-05,4.630402295644374e-05,0.9,13.0,-1.5376323483276253,1.1331634186073445,True,700,0.6923076923076923,2015-07-20,-106,106,0,1,High CI
2011-11-03,2014-10-02,726,2016-02-14,500,2016-02-14,True,0.028458800808417,0.587989827346993,6.059808316247307,-0.0007381593182111,-2.1347704495127068e-05,2.5464938089976815e-05,3.3229317765154626e-05,0.9,6.0,2.268468906388949,3.332114686019285,True,725,0.6923076923076923,2015-07-20,209,209,0,0,High CI
2011-09-29,2014-10-02,751,2016-02-14,500,2016-02-14,True,0.0288256999363848,0.6240216535936944,6.068236476918065,-0.0007579686076242,-2.1587057939477565e-05,1.7831603184758976e-05,2.7999413254942823e-05,0.9,6.0,2.451178792619817,4.060631203532814,True,750,0.6923076923076923,2015-07-20,209,209,0,0,High CI
2013-08-27,2014-10-03,276,2016-02-11,496,2016-02-15,True,0.0162751660860756,0.0731071645916993,5.988463560373425,-0.0005649536778358,1.7418019481766042e-05,7.451037420014159e-05,7.651916927223078e-05,0.9,6.0,1.341153758164401,1.1074747998620629,True,275,0.6923076923076923,2015-07-20,206,206,0,0,High CI
2013-07-22,2014-10-03,301,2016-02-10,495,2016-02-15,True,0.0157280657461056,0.07445898768626,5.995989426390133,-0.0005875588688266,1.3549816472439435e-05,7.637810561309948e-05,7.75706938442771e-05,0.9,6.0,1.3952186065664112,1.1361743199168526,True,300,0.6923076923076923,2015-07-20,205,205,0,0,High CI
2013-06-17,2014-10-03,326,2016-02-15,500,2016-02-15,True,0.0165054389609712,0.0888120219859575,6.093029626394864,-0.0008677712135929,-4.435978053230719e-05,9.420130329083144e-05,0.0001041233675529,0.9,6.0,2.010897480692684,1.250110182738284,True,325,0.6923076923076923,2015-07-20,210,210,0,0,High CI
2013-05-10,2014-10-03,351,2016-02-10,495,2016-02-15,True,0.0193124988991619,0.1309133874192756,6.000396030232911,-0.0005726933950816,2.0210779771408117e-05,-5.2650731222318825e-05,5.6396587815338776e-05,0.9,8.494112579890057,-1.2042762297646568,1.0759543421911717,True,350,0.6923076923076923,2015-07-20,205,205,0,0,High CI
2013-04-03,2014-10-03,376,2016-01-27,481,2016-02-15,True,0.0192376789295519,0.1391531972642942,5.994204446285207,-0.0005668383513346,-4.826824525836122e-05,3.213303409570682e-05,5.798582051258021e-05,0.9,8.136280997268805,2.554247187276212,1.0813193872319986,True,375,0.6923076923076923,2015-07-20,191,191,0,0,High CI
2013-02-25,2014-10-03,401,2016-02-14,499,2016-02-15,True,0.0188863459593882,0.1430343195427781,6.001636186459527,-0.0005715082358229,5.019040461627528e-05,2.325358659771682e-05,5.531551324179269e-05,0.9,8.736847215036956,0.4338651012634003,1.0642981697051588,True,400,0.6923076923076923,2015-07-20,209,209,0,0,High CI
2013-01-21,2014-10-03,426,2016-02-12,497,2016-02-15,True,0.0185426372969368,0.1464713235163702,5.996582247372413,-0.0005625801305542,-4.196444643996062e-05,3.8308440645442606e-05,5.682034309732495e-05,0.9,8.085985095259096,2.401707753247278,1.102021609545916,True,425,0.6923076923076923,2015-07-20,207,207,0,0,High CI
2012-12-07,2014-10-03,451,2015-11-15,408,2016-02-15,True,0.0184256821277768,0.1531170986051181,7.539919422175829,-0.9255450476319412,0.0119292856494009,0.0091273836977091,0.0150205522292028,0.1,6.0,0.6531104618759531,1.0269762761368395,True,450,0.6923076923076923,2015-07-20,118,118,0,1,High CI
2012-11-02,2014-10-03,476,2016-02-13,498,2016-02-15,True,0.0196494968450278,0.1837848977010734,5.993778561866519,-0.0005693763417245,1.3129263090886847e-05,5.677292919772428e-05,5.827128829019947e-05,0.9,6.0,1.3435323181062029,1.465669522069677,True,475,0.6923076923076923,2015-07-20,208,208,0,0,High CI
2012-09-28,2014-10-03,501,2016-02-15,500,2016-02-15,True,0.01947552225632,0.1900272795453661,6.010306686448924,-0.0006121753579124,2.348902908114891e-06,5.159911499982175e-05,5.16525508918638e-05,0.9,6.0,1.5253055774895792,1.7777689988458614,True,500,0.6923076923076923,2015-07-20,210,210,0,0,High CI
2012-08-24,2014-10-03,526,2016-02-15,500,2016-02-15,True,0.019176545366469,0.1934311832931204,6.013651345957927,-0.0006207894537385,3.9474603488954185e-07,5.007554188902338e-05,5.0077097758470354e-05,0.9,6.0,1.5629134793297914,1.8595010938914207,True,525,0.6923076923076923,2015-07-20,210,210,0,0,High CI
2012-07-19,2014-10-03,551,2016-02-15,500,2016-02-15,True,0.0196498577278844,0.212750416708082,6.027674637165316,-0.0006566050302005,-7.439975163961741e-06,4.298732269240764e-05,4.3626404191745536e-05,0.9,6.0,1.7421723277429244,2.257595058653107,True,550,0.6923076923076923,2015-07-20,210,210,0,0,High CI
2012-06-14,2014-10-03,576,2015-04-21,200,2016-02-15,True,0.0216584464550517,0.2701948624394947,5.9620664729165975,-0.0007553985948144,2.149734719102955e-05,-3.663713972467486e-05,4.247841738409065e-05,0.9,13.0,-1.0401661833021043,1.2311387526982316,True,575,0.6923076923076923,2015-07-20,-90,90,0,1,High CI
2012-05-08,2014-10-03,601,2015-05-03,212,2016-02-15,True,0.0233104724977071,0.3265702549678818,5.974510444038537,-0.0007867104034316,3.061083945898214e-05,-4.359257549845912e-05,5.3266651208541696e-05,0.9,12.944298145338635,-0.958593335348008,1.0268889983847067,True,600,0.6923076923076923,2015-07-20,-78,78,0,1,High CI
2012-03-29,2014-10-03,626,2015-04-23,202,2016-02-15,True,0.0236468179543883,0.3500416716043568,5.965638233595199,-0.0007669635532471,3.0016810313254466e-05,-4.149757531457272e-05,5.121579500867417e-05,0.9,13.0,-0.9445777965647442,1.03674026253568,True,625,0.6923076923076923,2015-07-20,-88,88,0,1,High CI
2011-12-12,2014-10-03,701,2015-04-06,185,2016-02-15,True,0.0265382959791624,0.49370108858782,5.9564334501903,-0.0007558107675229,2.1693161080161725e-06,-4.668176174903648e-05,4.67321389663506e-05,0.9,13.0,-1.524359420643336,1.1196868362090475,True,700,0.6923076923076923,2015-07-20,-105,105,0,1,High CI
2011-11-04,2014-10-03,726,2016-02-15,500,2016-02-15,True,0.0284935412537806,0.5894262544493312,6.059148896335334,-0.000736139021006,-2.184242694230906e-05,2.581024845715139e-05,3.381213598916807e-05,0.9,6.0,2.273120672729505,3.265716581356668,True,725,0.6923076923076923,2015-07-20,210,210,0,0,High CI
2011-09-30,2014-10-03,751,2014-10-27,24,2016-02-15,True,0.0289195347928125,0.6280909589671522,5.898207844168461,-0.0007717765884632,-2.9051212829508795e-06,4.247284367427547e-05,4.257208216012104e-05,0.9,13.0,1.6390894566811336,1.255063980489488,True,750,0.6923076923076923,2015-07-20,-266,266,0,0,High CI
2013-08-28,2014-10-06,276,2016-02-13,495,2016-02-18,True,0.0162315267218743,0.0727156388835264,5.973715418828519,-0.0005203569823665,2.358628698354173e-05,7.272300977003297e-05,7.6452266700748e-05,0.9,6.0,1.257170125710129,1.0209448421000409,True,275,0.6538461538461539,2015-07-20,208,208,0,0,High CI
2013-07-23,2014-10-06,301,2016-02-13,495,2016-02-18,True,0.0157544800957137,0.0747092965689582,5.990891004662268,-0.0005717814498712,1.4694031234532435e-05,7.722571318756225e-05,7.861122904044333e-05,0.9,6.0,1.3827701167452733,1.0910301050829447,True,300,0.6538461538461539,2015-07-20,208,208,0,0,High CI
2013-06-18,2014-10-06,326,2016-02-18,500,2016-02-18,True,0.0165318087195009,0.0890960280494428,6.091510415946304,-0.0008616862537513,-4.551188918601335e-05,9.458504456182694e-05,0.0001049650547184,0.9,6.0,2.0192702403346496,1.231390184184837,True,325,0.6538461538461539,2015-07-20,213,213,0,0,High CI
2013-05-13,2014-10-06,351,2016-02-15,497,2016-02-18,True,0.0192341159123626,0.1298528764405003,5.997648183045841,-0.0005637646250179,-5.757362084090496e-05,-1.149731575890492e-05,5.871039163889345e-05,0.9,8.222174450895821,-2.944487848911095,1.051087004010016,True,350,0.6538461538461539,2015-07-20,210,210,0,0,High CI
2013-04-04,2014-10-06,376,2016-02-10,492,2016-02-18,True,0.0192492333644261,0.1393204024044192,5.994064331834311,-0.0005574049306921,-4.616743670569063e-05,3.675648326585335e-05,5.901246710693349e-05,0.9,8.100985576701081,2.46919999259162,1.0493773479641275,True,375,0.6538461538461539,2015-07-20,205,205,0,0,High CI
2013-02-26,2014-10-06,401,2016-02-16,498,2016-02-18,True,0.0188978819001729,0.1432091060654669,5.998319003755158,-0.0005618714745183,5.522733988849164e-05,-1.3114436460033027e-05,5.676308232313695e-05,0.9,8.63571776717964,-0.2331445470931328,1.0316089064225564,True,400,0.6538461538461539,2015-07-20,211,211,0,0,High CI
2013-01-22,2014-10-06,426,2016-02-05,487,2016-02-18,True,0.0185601615656607,0.1467483084683006,5.989647336862237,-0.000549941569053,4.27216201052495e-05,4.133658085538054e-05,5.944619198258767e-05,0.9,7.854839965664363,0.7689225083144965,1.0599800147500396,True,425,0.6538461538461539,2015-07-20,200,200,0,0,High CI
2012-11-05,2014-10-06,476,2016-02-14,496,2016-02-18,True,0.0196678680533851,0.1841287160723147,5.991659708120618,-0.0005639337185312,1.3712113557436356e-05,5.784102113106247e-05,5.9444140028231925e-05,0.9,6.0,1.3380278179171596,1.4230176050912386,True,475,0.6538461538461539,2015-07-20,209,209,0,0,High CI
2012-10-01,2014-10-06,501,2016-02-18,500,2016-02-18,True,0.0194862951114073,0.1902375642815985,6.008291103176297,-0.0006053703040052,2.0391509940218227e-06,5.297602843763571e-05,5.301525936748408e-05,0.9,6.0,1.532323363477873,1.712819038974318,True,500,0.6538461538461539,2015-07-20,213,213,0,0,High CI
2012-08-27,2014-10-06,526,2016-02-18,500,2016-02-18,True,0.0191990977281827,0.1938864159811411,6.012240818408976,-0.0006155489717805,-2.590132261490836e-07,5.121814187127415e-05,5.121879678982401e-05,0.9,6.0,1.5758533438738216,1.8027043108016163,True,525,0.6538461538461539,2015-07-20,213,213,0,0,High CI
2012-07-20,2014-10-06,551,2016-02-18,500,2016-02-18,True,0.019668548309704,0.2131553377287497,6.026234098620546,-0.0006512140060621,-7.95397323126844e-06,4.4082245529985614e-05,4.479408511321189e-05,0.9,6.0,1.749310433266298,2.180691952128033,True,550,0.6538461538461539,2015-07-20,213,213,0,0,High CI
2012-06-15,2014-10-06,576,2015-04-21,197,2016-02-18,True,0.0216590457960312,0.2702098165216781,5.960961068253827,-0.0007520113040878,2.0207936843444823e-05,-3.64903458063861e-05,4.171218105707605e-05,0.9,13.0,-1.0650490700658837,1.2481323136998388,True,575,0.6538461538461539,2015-07-20,-90,90,0,1,High CI
2012-05-09,2014-10-06,601,2015-05-06,212,2016-02-18,True,0.0234553936535338,0.3306434503567846,5.975443723229612,-0.0007858465466565,4.578157133574437e-05,-2.668956748277273e-05,5.299325698980324e-05,0.9,13.0,-0.5278079610600238,1.0266355384203498,True,600,0.6538461538461539,2015-07-20,-75,75,0,1,High CI
2012-03-30,2014-10-06,626,2015-04-25,201,2016-02-18,True,0.0237344773690114,0.3526417104035528,5.966184344976098,-0.0007668586779394,3.169666482458379e-05,-3.996324366882677e-05,5.1007248558768885e-05,0.9,13.0,-0.9002489867013598,1.0408366980208728,True,625,0.6538461538461539,2015-07-20,-86,86,0,1,High CI
2011-12-13,2014-10-06,701,2015-04-06,182,2016-02-18,True,0.0265180578910646,0.4929483834140131,5.955608183930237,-0.0007533710379204,2.3906528318672825e-06,-4.735833837257248e-05,4.741864015736413e-05,0.9,13.0,-1.5203590572099297,1.0999146390181,True,700,0.6538461538461539,2015-07-20,-105,105,0,1,High CI
2011-11-07,2014-10-06,726,2016-02-18,500,2016-02-18,True,0.0285164525826555,0.5903745372945592,6.058898380962198,-0.0007335495556374,-2.264876768698412e-05,2.604768278036083e-05,3.451736455706435e-05,0.9,6.0,2.2865095014305687,3.187741438478365,True,725,0.6538461538461539,2015-07-20,213,213,0,0,High CI
2011-10-03,2014-10-06,751,2014-10-28,22,2016-02-18,True,0.0289838339015657,0.6308870333527969,5.898054892077506,-0.0007701651064477,-4.050207010616402e-06,4.17924465043029e-05,4.1988245517571536e-05,0.9,13.0,1.6674070413066064,1.269858316222373,True,750,0.6538461538461539,2015-07-20,-265,265,0,0,High CI
2013-07-24,2014-10-07,301,2016-02-14,495,2016-02-19,True,0.0158483664916598,0.0756023868566443,5.979508505966576,-0.0005397830313573,2.026650831848958e-05,7.784865460337055e-05,8.044342349116113e-05,0.9,6.0,1.316117166707184,1.006514282830035,True,300,0.4615384615384615,2015-07-20,209,209,0,0,Medium CI
2013-06-19,2014-10-07,326,2016-02-19,500,2016-02-19,True,0.0166419211892116,0.0902868543229455,6.084643247493316,-0.0008429912820635,-4.276903067419868e-05,9.621067404886718e-05,0.0001052885738613,0.9,6.0,1.989096434560843,1.2009726000857626,True,325,0.4615384615384615,2015-07-20,214,214,0,0,Medium CI
2012-11-06,2014-10-07,476,2016-02-19,500,2016-02-19,True,0.0197172952789402,0.1850553449636533,6.078620259954643,-0.0042240955127728,3.5068528224928286e-05,0.0003541025693733,0.0003558348371206,0.6475226190396455,6.0,1.472083266039254,1.2811174849342597,True,475,0.4615384615384615,2015-07-20,214,214,0,0,Medium CI
2012-10-02,2014-10-07,501,2016-02-19,500,2016-02-19,True,0.0195599085490526,0.1916776012460986,6.005628064686179,-0.0005984696116243,2.238922307536904e-06,5.455421285031706e-05,5.460013656408641e-05,0.9,6.0,1.529779025875662,1.644143172394606,True,500,0.4615384615384615,2015-07-20,214,214,0,0,Medium CI
2012-08-28,2014-10-07,526,2016-02-19,500,2016-02-19,True,0.0192726210077054,0.1953742421864976,6.009839354414057,-0.0006093343093678,-2.2502767741070247e-07,5.269948717095477e-05,5.269996760470757e-05,0.9,6.0,1.5750663172987782,1.7343491952549008,True,525,0.4615384615384615,2015-07-20,214,214,0,0,Medium CI
2012-07-23,2014-10-07,551,2016-02-19,500,2016-02-19,True,0.0197033598771327,0.2139105371367395,6.023154103829829,-0.000643288020599,-7.57525458054784e-06,4.592457476989032e-05,4.6545150657779135e-05,0.9,6.0,1.7342741850167682,2.073109695128572,True,550,0.4615384615384615,2015-07-20,214,214,0,0,Medium CI
2012-06-18,2014-10-07,576,2016-02-19,500,2016-02-19,True,0.0214450154736197,0.2648958846703436,6.056001559097478,-0.0007263348989548,-2.472294309301442e-05,2.7555775023248096e-05,3.702086779523534e-05,0.9,6.0,2.3020603361710523,2.9429411391931724,True,575,0.4615384615384615,2015-07-20,214,214,0,0,Medium CI
2012-05-10,2014-10-07,601,2015-05-08,213,2016-02-19,True,0.0236762368841021,0.3368990799882638,5.975409756571246,-0.0007842398734499,4.624732715592989e-05,-2.5561591447665144e-05,5.284136851374081e-05,0.9,13.0,-0.5049252742208932,1.0274815211544963,True,600,0.4615384615384615,2015-07-20,-73,73,0,1,Medium CI
2012-04-02,2014-10-07,626,2015-04-28,203,2016-02-19,True,0.0238653719443631,0.3565420422547898,5.966812966117137,-0.0007667390665809,3.361079331565377e-05,-3.808238125206429e-05,5.079323960071039e-05,0.9,13.0,-0.8476886541752946,1.0450590628982153,True,625,0.4615384615384615,2015-07-20,-83,83,0,1,Medium CI
2011-12-14,2014-10-07,701,2015-04-05,180,2016-02-19,True,0.0265699524921617,0.4948796251804482,5.954477081962895,-0.0007506928462357,2.237243574479948e-06,-4.799650594353082e-05,4.804861955976406e-05,0.9,13.0,-1.5242174076609318,1.0816344710234675,True,700,0.4615384615384615,2015-07-20,-106,106,0,1,Medium CI
2011-11-08,2014-10-07,726,2016-02-19,500,2016-02-19,True,0.0285684144777615,0.5925280259913257,6.05768959360995,-0.0007303433510446,-2.324236056054269e-05,2.67409929564815e-05,3.543004415358332e-05,0.9,6.0,2.28631251717151,3.092050977464397,True,725,0.4615384615384615,2015-07-20,214,214,0,0,Medium CI
2011-10-04,2014-10-07,751,2016-02-19,500,2016-02-19,True,0.0287350632489642,0.620103598801403,6.064704979761924,-0.0007468208266887,-2.34241657906564e-05,2.0402212170952996e-05,3.106351242948453e-05,0.9,6.0,2.425038371161356,3.60626069758228,True,750,0.4615384615384615,2015-07-20,214,214,0,0,Medium CI
2013-06-20,2014-10-08,326,2016-02-20,500,2016-02-20,True,0.0168086380791328,0.0921048823885394,6.075375892619456,-0.0008177776112019,-3.877431006204084e-05,9.806767131269502e-05,0.0001054548020598,0.9,6.0,1.9473163819506485,1.1632153233826297,True,325,0.4230769230769231,2015-07-20,215,215,0,0,Medium CI
2012-11-07,2014-10-08,476,2016-02-20,500,2016-02-20,True,0.0198034221753944,0.1866755522118858,6.326639967110334,-0.049863874895537,-3.1819992808906905e-05,0.0025916316250906,0.002591826960295,0.3649483832563695,6.0,1.5830736866266262,1.170200326179195,True,475,0.4230769230769231,2015-07-20,215,215,0,0,Medium CI
2012-10-03,2014-10-08,501,2016-02-20,500,2016-02-20,True,0.0196637596884059,0.1937183859867736,6.0023105776986085,-0.0005900037229293,2.6075680892831182e-06,5.646657182963731e-05,5.6526747169210414e-05,0.9,6.0,1.5246501410258484,1.565640389220999,True,500,0.4230769230769231,2015-07-20,215,215,0,0,Medium CI
2012-08-29,2014-10-08,526,2016-02-20,500,2016-02-20,True,0.0193705888245111,0.1973655682007526,6.0066984348553465,-0.0006013414800083,2.1797661244651318e-08,5.456636170840465e-05,5.456636606216768e-05,0.9,6.0,1.570396856142965,1.6530553252984497,True,525,0.4230769230769231,2015-07-20,215,215,0,0,Medium CI
2012-07-24,2014-10-08,551,2016-02-20,500,2016-02-20,True,0.0196557985356632,0.212879079257095,6.018807331910205,-0.0006322488043376,-6.702406573155125e-06,4.844742588540736e-05,4.890884714235158e-05,0.9,6.0,1.7082676506613796,1.9390626888959728,True,550,0.4230769230769231,2015-07-20,215,215,0,0,Medium CI
2012-06-19,2014-10-08,576,2016-02-20,500,2016-02-20,True,0.0214341392366413,0.2646272590938588,6.051966332901087,-0.0007161444854438,-2.4111285133106484e-05,2.99753648431058e-05,3.846916386207614e-05,0.9,6.0,2.2481962472797075,2.7924098688943872,True,575,0.4230769230769231,2015-07-20,215,215,0,0,Medium CI
2012-05-11,2014-10-08,601,2015-05-11,215,2016-02-20,True,0.0239428317496819,0.3445287745083398,5.975645784135553,-0.0007827611101681,4.698140670561877e-05,-2.3854139344667717e-05,5.269034579421153e-05,0.9,13.0,-0.4698170332192516,1.0284835478689909,True,600,0.4230769230769231,2015-07-20,-70,70,0,1,Medium CI
2012-04-03,2014-10-08,626,2015-05-02,206,2016-02-20,True,0.0239870705721928,0.3601876012017359,5.968102213420574,-0.0007671291224407,3.637205493094911e-05,-3.503700779008021e-05,5.050265631411996e-05,0.9,13.0,-0.7667045749994361,1.0516068484707908,True,625,0.4230769230769231,2015-07-20,-79,79,0,1,Medium CI
2011-12-15,2014-10-08,701,2015-04-04,178,2016-02-20,True,0.0265701568742232,0.4948872386609042,5.952973943223622,-0.0007474165237796,1.7330670394884949e-06,-4.893072602102071e-05,4.896140796900712e-05,0.9,13.0,-1.5353923379329633,1.0568368644506452,True,700,0.4230769230769231,2015-07-20,-107,107,0,1,Medium CI
2011-11-09,2014-10-08,726,2016-02-20,500,2016-02-20,True,0.0286482757920393,0.5958454104520006,6.056408560676188,-0.000727032195627,-2.391710120649624e-05,2.7417281625238387e-05,3.63831700356005e-05,0.9,6.0,2.288115921101807,2.99739767693014,True,725,0.4230769230769231,2015-07-20,215,215,0,0,Medium CI
2011-10-05,2014-10-08,751,2016-02-20,500,2016-02-20,True,0.0285945436303851,0.6140535919979279,6.062440767961663,-0.0007412137837766,-2.4110243868731945e-05,2.196543630764611e-05,3.261570559707369e-05,0.9,6.0,2.4027105782842257,3.408850599156691,True,750,0.4230769230769231,2015-07-20,215,215,0,0,Medium CI
2013-06-21,2014-10-09,326,2016-02-21,500,2016-02-21,True,0.0169457821891296,0.0936140080844643,6.0592796856408695,-0.0007729604460446,-3.082096992145964e-05,9.911284790281588e-05,0.0001037944546028,0.9,6.0,1.8722853076742465,1.1170545415968445,True,325,0.4230769230769231,2015-07-20,216,216,0,0,Medium CI
2012-11-08,2014-10-09,476,2016-02-21,500,2016-02-21,True,0.019867768775999,0.1878906404010037,6.931640398179625,-0.3622414741579287,-0.0006861146282509,0.0097693297636913,0.0097933935545777,0.1765482242471723,6.0,1.640912690284685,1.088371268768331,True,475,0.4230769230769231,2015-07-20,216,216,0,0,Medium CI
2012-10-04,2014-10-09,501,2016-02-21,500,2016-02-21,True,0.0197791459153656,0.1959985211838032,5.998729118193132,-0.0005809065347044,3.0447715458389976e-06,5.850844991937094e-05,5.858762109638766e-05,0.9,6.0,1.518803367752111,1.487276297877136,True,500,0.4230769230769231,2015-07-20,216,216,0,0,Medium CI
2012-08-30,2014-10-09,526,2016-02-21,500,2016-02-21,True,0.0194785816185395,0.1995723646236764,6.003313632062561,-0.0005927721712579,3.226151625169559e-07,5.65604318958742e-05,5.65613519710315e-05,0.9,6.0,1.5650924866178684,1.5720244051846084,True,525,0.4230769230769231,2015-07-20,216,216,0,0,Medium CI
2012-07-25,2014-10-09,551,2016-02-21,500,2016-02-21,True,0.0195826678313491,0.2112979645455202,6.01410431396127,-0.0006203481253511,-5.713834888844668e-06,5.116417189155997e-05,5.148223377521681e-05,0.9,6.0,1.6820119926142303,1.8074627299381127,True,550,0.4230769230769231,2015-07-20,216,216,0,0,Medium CI
2012-06-20,2014-10-09,576,2016-02-21,500,2016-02-21,True,0.0214967485345,0.2661754737919848,6.048217437780623,-0.0007067165307327,-2.3718377333764405e-05,3.222596460340232e-05,4.001342547154103e-05,0.9,6.0,2.2052784180141467,2.649297788446262,True,575,0.4230769230769231,2015-07-20,216,216,0,0,Medium CI
2012-05-14,2014-10-09,601,2015-05-13,216,2016-02-21,True,0.0242275003119269,0.3527700345900165,5.975989800894927,-0.0007813351063949,4.777287162401057e-05,-2.1914564510743347e-05,5.255944635267504e-05,0.9,13.0,-0.430085108032396,1.0291666711967684,True,600,0.4230769230769231,2015-07-20,-68,68,0,1,Medium CI
2012-04-04,2014-10-09,626,2015-05-05,208,2016-02-21,True,0.0241675352637081,0.3656276702123325,5.968981162767067,-0.0007670212943156,3.842545068634898e-05,-3.2503022746057124e-05,5.032853810791393e-05,0.9,13.0,-0.702092810939338,1.0550966950001788,True,625,0.4230769230769231,2015-07-20,-76,76,0,1,Medium CI
2011-12-16,2014-10-09,701,2015-04-02,175,2016-02-21,True,0.0266236077745983,0.4968803601458949,5.950876820457785,-0.0007441408461547,2.6588103198236652e-08,-4.985124051881576e-05,4.985124760918276e-05,0.9,13.0,-1.5702629779674566,1.033423347780713,True,700,0.4230769230769231,2015-07-20,-109,109,0,1,Medium CI
2011-11-10,2014-10-09,726,2016-02-21,500,2016-02-21,True,0.028717672713537,0.5987356311354073,6.054790656597463,-0.0007229536702431,-2.460057727820597e-05,2.8356316488070205e-05,3.754023291340353e-05,0.9,6.0,2.285392351392646,2.888715442619248,True,725,0.4230769230769231,2015-07-20,216,216,0,0,Medium CI
2011-10-06,2014-10-09,751,2016-02-21,500,2016-02-21,True,0.0285762096099079,0.6132664165077163,6.060471030370441,-0.0007363234323292,-2.4828918806746927e-05,2.32244378623748e-05,3.3997789974281255e-05,0.9,6.0,2.389571660800993,3.248696898619984,True,750,0.4230769230769231,2015-07-20,216,216,0,0,Medium CI
2013-06-24,2014-10-10,326,2016-02-22,500,2016-02-22,True,0.0171252178543516,0.0956070262182356,6.036972215490733,-0.0007109554500564,-1.948904220353928e-05,0.0001003270883346,0.0001022024824537,0.9,6.0,1.7626618299526882,1.043451342355496,True,325,0.3846153846153846,2015-07-20,217,217,0,0,Medium CI
2012-11-09,2014-10-10,476,2016-02-22,500,2016-02-22,True,0.0199954296509539,0.1903129904968933,7.795743835062724,-1.0475135233514867,-0.0013064238353839,0.0171218296281603,0.0171715984420032,0.1,6.0,1.6469504163698698,1.0167113318827463,True,475,0.3846153846153846,2015-07-20,217,217,0,0,Medium CI
2012-10-05,2014-10-10,501,2016-02-22,500,2016-02-22,True,0.0199719128893861,0.1998375295350747,5.994166744414912,-0.0005695081038094,3.6621768054361024e-06,6.108459109320345e-05,6.119427103886558e-05,0.9,6.0,1.5109154548027324,1.395983874326414,True,500,0.3846153846153846,2015-07-20,217,217,0,0,Medium CI
2012-08-31,2014-10-10,526,2016-02-22,500,2016-02-22,True,0.0196467570044394,0.2030334019763237,5.998778056466905,-0.0005814671572733,8.998636368984388e-07,5.9172783636210266e-05,5.917962552959224e-05,0.9,6.0,1.5555901082883092,1.4738192884879389,True,525,0.3846153846153846,2015-07-20,217,217,0,0,Medium CI
2012-07-26,2014-10-10,551,2016-02-22,500,2016-02-22,True,0.0195690197003203,0.2110035391493702,6.008603655050946,-0.0006066221536225,-4.654158968249507e-06,5.43462709860249e-05,5.4545195625171146e-05,0.9,6.0,1.6562268590213682,1.6682188412830816,True,550,0.3846153846153846,2015-07-20,217,217,0,0,Medium CI
2012-06-21,2014-10-10,576,2016-02-22,500,2016-02-22,True,0.0216502187218694,0.2699896151259564,6.043958882543263,-0.0006961926969969,-2.340719722580207e-05,3.478025952245473e-05,4.192330299984603e-05,0.9,6.0,2.1631723725774203,2.490951262831573,True,575,0.3846153846153846,2015-07-20,217,217,0,0,Medium CI
2012-05-15,2014-10-10,601,2016-02-22,500,2016-02-22,True,0.0242406958926683,0.3531544137538575,6.0816715003049335,-0.0007907098679556,-4.176033250619897e-05,1.1522852078908923e-05,4.332091286042706e-05,0.9,6.0,2.8723637364295733,2.7378573617659288,True,600,0.3846153846153846,2015-07-20,217,217,0,0,Medium CI
2012-04-05,2014-10-10,626,2015-01-17,99,2016-02-22,True,0.024565111294073,0.3777563777492619,5.922261043151615,-0.0007427332643854,-5.695853352681738e-05,2.0409953196652035e-05,6.050488187754031e-05,0.9,10.96178052131746,2.797516229401691,1.0078684829243234,True,625,0.3846153846153846,2015-07-20,-184,184,0,0,Medium CI
2011-11-11,2014-10-10,726,2016-02-22,500,2016-02-22,True,0.0288273821270451,0.6033190391768435,6.05276618498098,-0.0007180320709227,-2.540648808907745e-05,2.951239342118499e-05,3.894189264105223e-05,0.9,6.0,2.281570230550608,2.765782640078124,True,725,0.3846153846153846,2015-07-20,217,217,0,0,Medium CI
2011-10-07,2014-10-10,751,2016-02-22,500,2016-02-22,True,0.0286764525372373,0.6175765365204404,6.0585237972924855,-0.0007315977093981,-2.5679211162284133e-05,2.4311603924446183e-05,3.536206966929856e-05,0.9,6.0,2.3835448386401827,3.103315429102192,True,750,0.3846153846153846,2015-07-20,217,217,0,0,Medium CI
2012-10-08,2014-10-13,501,2016-02-25,500,2016-02-25,True,0.0201572379900423,0.203563435936991,5.99014127705161,-0.0005583498394471,3.152021271348208e-06,6.367585228944846e-05,6.375381873176454e-05,0.9,6.0,1.5213356534870142,1.3136856361412546,True,500,0.3076923076923077,2015-07-20,220,220,0,0,Medium CI
2012-09-03,2014-10-13,526,2016-02-25,500,2016-02-25,True,0.0198102915106584,0.2064274637618022,5.994502282974448,-0.0005696451058437,5.656301270738162e-07,6.186367907891228e-05,6.186626485104223e-05,0.9,6.0,1.5616534116867025,1.381152815388191,True,525,0.3076923076923077,2015-07-20,220,220,0,0,Medium CI
2012-07-27,2014-10-13,551,2016-02-25,500,2016-02-25,True,0.0196623289600552,0.2130205562535181,6.004047705747297,-0.0005940587946224,-4.779446712022654e-06,5.7191634268646246e-05,5.739099355466549e-05,0.9,6.0,1.6541715786132083,1.5526620759492131,True,550,0.3076923076923077,2015-07-20,220,220,0,0,Medium CI
2012-06-22,2014-10-13,576,2016-02-25,500,2016-02-25,True,0.0217657571624927,0.272878954477404,6.039969505429694,-0.0006848844782919,-2.3517583038161653e-05,3.7193416213012766e-05,4.400485111384005e-05,0.9,6.0,2.134631437954495,2.3345760556721307,True,575,0.3076923076923077,2015-07-20,220,220,0,0,Medium CI
2012-05-16,2014-10-13,601,2016-02-25,500,2016-02-25,True,0.024452800952597,0.3593616241308257,6.078949841018568,-0.0007823681140267,-4.209796344429917e-05,1.3021385308669597e-05,4.4065803084868265e-05,0.9,6.0,2.841615218315161,2.6631811719849323,True,600,0.3076923076923077,2015-07-20,220,220,0,0,Medium CI
2012-04-10,2014-10-13,626,2015-05-13,212,2016-02-25,True,0.0248286605089233,0.385905451549773,5.9708656354536895,-0.000765491004056,4.219879783321335e-05,-2.6588065313743533e-05,4.987648499740438e-05,0.9,13.0,-0.5622346270780045,1.0625354022600653,True,625,0.3076923076923077,2015-07-20,-68,68,0,1,Medium CI
2011-11-14,2014-10-13,726,2016-02-25,500,2016-02-25,True,0.0289591141389176,0.6088455917820852,6.0515119833924285,-0.0007134712773308,-2.664311882830811e-05,3.012848959902192e-05,4.021917038450344e-05,0.9,6.0,2.294878599017588,2.6609373235820173,True,725,0.3076923076923077,2015-07-20,220,220,0,0,Medium CI
2011-10-10,2014-10-13,751,2016-02-25,500,2016-02-25,True,0.0287828414337003,0.6221674227091509,6.057144478398756,-0.0007267183507388,-2.6871262818024025e-05,2.5064717632079808e-05,3.674649419211597e-05,0.9,6.0,2.3909645494034155,2.9664803407071263,True,750,0.3076923076923077,2015-07-20,220,220,0,0,Medium CI
2012-10-09,2014-10-14,501,2016-02-26,500,2016-02-26,True,0.02032724858638,0.2070117145813377,5.985586073823617,-0.0005469806848923,3.7509225612579206e-06,6.622730702520452e-05,6.633344266560615e-05,0.9,6.0,1.5142196706782722,1.2368889573161108,True,500,0.3076923076923077,2015-07-20,221,221,0,0,Medium CI
2012-09-04,2014-10-14,526,2016-02-26,500,2016-02-26,True,0.0199780391510459,0.2099381974167006,5.990449308263462,-0.0005595962654847,8.456484445021372e-07,6.42426776559858e-05,6.424824319545699e-05,0.9,6.0,1.557633743328922,1.306486148848402,True,525,0.3076923076923077,2015-07-20,221,221,0,0,Medium CI
2012-07-30,2014-10-14,551,2016-02-26,500,2016-02-26,True,0.0197898104374024,0.2157917650287254,5.999726586341571,-0.0005833540172074,-4.389770005530706e-06,5.975310048184902e-05,5.991413103680469e-05,0.9,6.0,1.644129728137108,1.4604752012069533,True,550,0.3076923076923077,2015-07-20,221,221,0,0,Medium CI
2012-06-25,2014-10-14,576,2016-02-26,500,2016-02-26,True,0.0218391041297655,0.2747211662538689,6.035271122662854,-0.0006732743710711,-2.30140907180624e-05,4.000132551541506e-05,4.614926234046869e-05,0.9,6.0,2.092880981169559,2.1883590449529784,True,575,0.3076923076923077,2015-07-20,221,221,0,0,Medium CI
2012-05-18,2014-10-14,601,2016-02-26,500,2016-02-26,True,0.0246548206666139,0.3653239694438396,6.07529656886639,-0.0007734148941106,-4.216947072225101e-05,1.5186399161477051e-05,4.4820653503563466e-05,0.9,6.0,2.7959239309211603,2.588365520091521,True,600,0.3076923076923077,2015-07-20,221,221,0,0,Medium CI
2012-04-11,2014-10-14,626,2015-05-17,215,2016-02-26,True,0.0251821589233253,0.3969723461527972,5.9715714369533455,-0.0007640551662389,4.348762591910323e-05,-2.3939628588628332e-05,4.964150909311007e-05,0.9,13.0,-0.5032215456010837,1.065562426683148,True,625,0.3076923076923077,2015-07-20,-64,64,0,1,Medium CI
2011-11-15,2014-10-14,726,2016-02-26,500,2016-02-26,True,0.0290796352780912,0.6139238864203422,6.049637325687308,-0.0007089162041346,-2.7474177150918475e-05,3.113109698804967e-05,4.1520785274358745e-05,0.9,6.0,2.2938761291450764,2.5610650164140067,True,725,0.3076923076923077,2015-07-20,221,221,0,0,Medium CI
2011-10-11,2014-10-14,751,2016-02-26,500,2016-02-26,True,0.0289122888988021,0.627776257475215,6.05546768269986,-0.0007226384386741,-2.7732791453724564e-05,2.588527936139604e-05,3.793620183193481e-05,0.9,6.0,2.390637755585352,2.8573173002754584,True,750,0.3076923076923077,2015-07-20,221,221,0,0,Medium CI
2012-10-10,2014-10-15,501,2016-02-27,500,2016-02-27,True,0.0207068149476473,0.2148148648233314,5.978762958962999,-0.0005302441351904,4.840870739064552e-06,6.999170338004067e-05,7.015890942390658e-05,0.9,6.0,1.5017428008352265,1.1336638629600375,True,500,0.3076923076923077,2015-07-20,222,222,0,0,Medium CI
2012-09-05,2014-10-15,526,2016-02-27,500,2016-02-27,True,0.0203363305025514,0.2175358939505354,5.984162848483475,-0.0005442818611132,1.5844260809280309e-06,6.784777680557301e-05,6.786627456597846e-05,0.9,6.0,1.5474479102485403,1.2029874881023026,True,525,0.3076923076923077,2015-07-20,222,222,0,0,Medium CI
2012-07-31,2014-10-15,551,2016-02-27,500,2016-02-27,True,0.020166037064751,0.2240746470441989,5.994361125437693,-0.0005704277675137,-4.210679378415601e-06,6.296209343324717e-05,6.310273393700752e-05,0.9,6.0,1.6375733124689902,1.3559502067291809,True,550,0.3076923076923077,2015-07-20,222,222,0,0,Medium CI
2012-06-26,2014-10-15,576,2016-02-27,500,2016-02-27,True,0.0220243200111514,0.2794007070452766,6.028736670591942,-0.0006574364718896,-2.2300630240205483e-05,4.389398841791583e-05,4.923413783486511e-05,0.9,6.0,2.040868418315829,2.0029896961780524,True,575,0.3076923076923077,2015-07-20,222,222,0,0,Medium CI
2012-05-21,2014-10-15,601,2015-05-26,223,2016-02-27,True,0.0258416305142517,0.4013417104487008,5.976397538950328,-0.0007699854696816,4.8651161407056285e-05,-1.3653165179817916e-05,5.053062858982495e-05,0.9,13.0,-0.273596421848043,1.0549381207047244,True,600,0.3076923076923077,2015-07-20,-55,55,1,1,Medium CI
2012-04-12,2014-10-15,626,2016-02-27,500,2016-02-27,True,0.0249729873424382,0.3904049606002948,6.06348860477661,-0.0007447049889045,-3.957473302432043e-05,2.299915686579504e-05,4.577248857647665e-05,0.9,6.0,2.615143087482927,2.440456086389996,True,625,0.3076923076923077,2015-07-20,222,222,0,0,Medium CI
2011-11-16,2014-10-15,726,2016-02-27,500,2016-02-27,True,0.0293233736572783,0.6242585361598098,6.046961750813802,-0.00070271521646,-2.856687572830305e-05,3.254425177754862e-05,4.330351847871933e-05,0.9,6.0,2.291201837811009,2.434150530303954,True,725,0.3076923076923077,2015-07-20,222,222,0,0,Medium CI
2011-10-12,2014-10-15,751,2016-02-27,500,2016-02-27,True,0.0291709778955367,0.6390604094878032,6.053105285980038,-0.0007171858747206,-2.8867590302024973e-05,2.70135378544128e-05,3.953566740624672e-05,0.9,6.0,2.389360831600137,2.721033645459411,True,750,0.3076923076923077,2015-07-20,222,222,0,0,Medium CI
2012-09-06,2014-10-16,526,2016-02-28,500,2016-02-28,True,0.0207008164632241,0.2254035199803924,5.977723265337657,-0.0005286142014385,2.3430639366343626e-06,7.152991137390084e-05,7.15682762805509e-05,0.9,6.0,1.5380516133172846,1.1079228722088,True,525,0.2692307692307692,2015-07-20,223,223,0,0,Low CI
2012-08-02,2014-10-16,551,2016-02-28,500,2016-02-28,True,0.0205261089428253,0.2321479527313376,5.988521139703747,-0.0005563321193124,-3.839092677585551e-06,6.64182854207732e-05,6.652914602504969e-05,0.9,6.0,1.6285338260548563,1.2543347221898706,True,550,0.2692307692307692,2015-07-20,223,223,0,0,Low CI
2012-06-27,2014-10-16,576,2016-02-28,500,2016-02-28,True,0.0222013851943322,0.2839112666191382,6.022021229133966,-0.0006411773577207,-2.1555772288205045e-05,4.788926875026011e-05,5.2516981828505606e-05,0.9,6.0,1.9937475165536096,1.8313429353610575,True,575,0.2692307692307692,2015-07-20,223,223,0,0,Low CI
2012-03-07,2014-10-16,651,2016-02-28,500,2016-02-28,True,0.0271076029512478,0.4783692116833876,6.0326902815051096,-0.000669724135984,-3.06669584814752e-05,4.5383621393989455e-05,5.477349206813001e-05,0.9,6.0,2.1650455717473704,1.8340736842677696,True,650,0.2692307692307692,2015-07-20,223,223,0,0,Low CI
2011-12-23,2014-10-16,701,2016-02-28,500,2016-02-28,True,0.0274604067183066,0.5286058299315104,6.021553449729284,-0.0006425187941804,-2.672564122621736e-05,5.384447302242212e-05,6.011228804508137e-05,0.9,6.0,2.0315187365559004,1.6032964683492748,True,700,0.2692307692307692,2015-07-20,223,223,0,0,Low CI
2011-11-17,2014-10-16,726,2016-02-28,500,2016-02-28,True,0.0295770558174874,0.6351064195831373,6.044200772667946,-0.0006963391393114,-2.9687478005159017e-05,3.399834294900384e-05,4.5135725025581226e-05,0.9,6.0,2.288608032627633,2.3141507273345243,True,725,0.2692307692307692,2015-07-20,223,223,0,0,Low CI
2011-10-13,2014-10-16,751,2016-02-28,500,2016-02-28,True,0.0294561227549122,0.6516150389820962,6.050872297849537,-0.0007120628187581,-3.0032569860788183e-05,2.798611965531533e-05,4.105092137583211e-05,0.9,6.0,2.391452131663149,2.6018763826481965,True,750,0.2692307692307692,2015-07-20,223,223,0,0,Low CI
2012-09-07,2014-10-17,526,2016-02-29,500,2016-02-29,True,0.0208819093171842,0.2293644759205618,5.996539245695802,-0.0010124688123135,9.254000771460901e-08,0.0001326287812437,0.000132628813528,0.815916372149847,6.0,1.570098589909814,1.0380975524634688,True,525,0.3846153846153846,2015-07-20,224,224,0,0,Medium CI
2012-08-03,2014-10-17,551,2016-02-29,500,2016-02-29,True,0.0206398700831585,0.2347283346143641,5.983852569572236,-0.000544812075766,-3.3779737789714715e-06,6.914639145157416e-05,6.922885350506499e-05,0.9,6.0,1.619610014635082,1.1804588293367162,True,550,0.3846153846153846,2015-07-20,224,224,0,0,Medium CI
2012-06-28,2014-10-17,576,2016-02-29,500,2016-02-29,True,0.0222341261112213,0.2847492656235045,6.016937636157361,-0.0006286596453765,-2.096323272658507e-05,5.090557542654249e-05,5.50530175000097e-05,0.9,6.0,1.9614388680107375,1.7128751717644504,True,575,0.3846153846153846,2015-07-20,224,224,0,0,Medium CI
2012-05-23,2014-10-17,601,2016-02-29,500,2016-02-29,True,0.0255334377634066,0.3918258228546742,6.060429649187515,-0.0007376463382342,-4.208476946277712e-05,2.4046154998506387e-05,4.8470046327059466e-05,0.9,6.0,2.622487465038421,2.2827902822401085,True,600,0.3846153846153846,2015-07-20,224,224,0,0,Medium CI
2012-04-16,2014-10-17,626,2016-02-29,500,2016-02-29,True,0.0255702856759076,0.4093035329767532,6.058122585039382,-0.0007320420249797,-4.133364284049392e-05,2.5873400206925774e-05,4.876374543380831e-05,0.9,6.0,2.5822999418552266,2.2518020871880724,True,625,0.3846153846153846,2015-07-20,224,224,0,0,Medium CI
2012-03-08,2014-10-17,651,2016-02-29,500,2016-02-29,True,0.0272443624155062,0.4832081895112695,6.031082568639484,-0.00066586213004,-3.1652788623450696e-05,4.6122371650996575e-05,5.593900423097914e-05,0.9,6.0,2.172253696017984,1.7855040660643482,True,650,0.3846153846153846,2015-07-20,224,224,0,0,Medium CI
2012-02-01,2014-10-17,676,2016-02-29,500,2016-02-29,True,0.0277243712095884,0.519601153061731,6.013600589907248,-0.000623452642155,-2.6452698421514948e-05,5.999062816441522e-05,6.556386749834659e-05,0.9,6.0,1.9860964746399927,1.4263633292470004,True,675,0.3846153846153846,2015-07-20,224,224,0,0,Medium CI
2011-12-27,2014-10-17,701,2016-02-29,500,2016-02-29,True,0.0275439772626582,0.5318281490955294,6.019197316162745,-0.0006368542594761,-2.7547341575990704e-05,5.5227366660845625e-05,6.171643262694133e-05,0.9,6.0,2.033482475846074,1.5478558117391803,True,700,0.3846153846153846,2015-07-20,224,224,0,0,Medium CI
2011-11-18,2014-10-17,726,2016-02-29,500,2016-02-29,True,0.0296719462734133,0.6391881112435887,6.041875682487031,-0.0006907726312743,-3.0549150068169014e-05,3.532978721047068e-05,4.670593574937396e-05,0.9,6.0,2.2837544632310047,2.218473798430241,True,725,0.3846153846153846,2015-07-20,224,224,0,0,Medium CI
2011-10-14,2014-10-17,751,2016-02-29,500,2016-02-29,True,0.0296009704288275,0.6580393051965712,6.049065078461783,-0.0007077298040084,-3.0953464446692246e-05,2.8847509046055013e-05,4.231188650267046e-05,0.9,6.0,2.3913960152310016,2.508975122027887,True,750,0.3846153846153846,2015-07-20,224,224,0,0,Medium CI
2012-08-06,2014-10-20,551,2016-03-03,500,2016-03-03,True,0.0208278869976755,0.239024283110157,5.979690599100984,-0.0005335923920563,-4.28215682388474e-06,7.173662584321278e-05,7.186431906331157e-05,0.9,6.0,1.630418333317913,1.1137496305772163,True,550,0.3461538461538461,2015-07-20,227,227,0,0,Medium CI
2012-06-29,2014-10-20,576,2016-03-03,500,2016-03-03,True,0.0222411118893786,0.2849282254516962,6.011683384211941,-0.0006145135367673,-2.101168486606969e-05,5.399795207937335e-05,5.794195137961202e-05,0.9,6.0,1.941888378797937,1.5908513317268629,True,575,0.3461538461538461,2015-07-20,227,227,0,0,Medium CI
2012-05-24,2014-10-20,601,2016-03-03,500,2016-03-03,True,0.0256713828028284,0.3960709569006244,6.056330718123924,-0.0007261739239041,-4.22846515262231e-05,2.6320942635508148e-05,4.980746706986647e-05,0.9,6.0,2.584814467246558,2.1869429423670907,True,600,0.3461538461538461,2015-07-20,227,227,0,0,Medium CI
2012-04-17,2014-10-20,626,2016-03-03,500,2016-03-03,True,0.0257955036479759,0.4165454132914155,6.056162493703419,-0.0007258849882968,-4.248978747207638e-05,2.6718951219763585e-05,5.019247347667104e-05,0.9,6.0,2.580242264975541,2.16930429410165,True,625,0.3461538461538461,2015-07-20,227,227,0,0,Medium CI
2012-03-09,2014-10-20,651,2016-03-03,500,2016-03-03,True,0.0273624921792764,0.4874075918478887,6.0299131991670185,-0.0006617810409015,-3.338072018015163e-05,4.640617983447202e-05,5.716472694393756e-05,0.9,6.0,2.194368937350779,1.7365106323798436,True,650,0.3461538461538461,2015-07-20,227,227,0,0,Medium CI
2012-02-02,2014-10-20,676,2016-03-03,500,2016-03-03,True,0.0278523533434169,0.524409424654189,6.012071474538804,-0.0006185883916691,-2.8257130372250807e-05,6.055237397776492e-05,6.682107011427969e-05,0.9,6.0,2.0074147510627705,1.388607793794462,True,675,0.3461538461538461,2015-07-20,227,227,0,0,Medium CI
2011-12-28,2014-10-20,701,2016-03-03,500,2016-03-03,True,0.0276338160400088,0.5353030800420683,6.016886172291847,-0.000630088821288,-2.9133951554244464e-05,5.645546295093417e-05,6.352957130478186e-05,0.9,6.0,2.0472028739538146,1.4877059808854602,True,700,0.3461538461538461,2015-07-20,227,227,0,0,Medium CI
2011-11-21,2014-10-20,726,2016-03-03,500,2016-03-03,True,0.0297541798943903,0.6427359465822998,6.039669240045172,-0.0006841466035858,-3.193235740671133e-05,3.65305672773582e-05,4.851966400497376e-05,0.9,6.0,2.289131704487031,2.115059793640585,True,725,0.3461538461538461,2015-07-20,227,227,0,0,Medium CI
2011-10-17,2014-10-20,751,2016-03-03,500,2016-03-03,True,0.0297634645244555,0.6652837291943918,6.04766561923465,-0.0007029723661121,-3.232277575002839e-05,2.935371874181601e-05,4.366237094066541e-05,0.9,6.0,2.40429655461948,2.415028149985736,True,750,0.3461538461538461,2015-07-20,227,227,0,0,Medium CI
2012-08-07,2014-10-21,551,2016-03-04,500,2016-03-04,True,0.02091118704782,0.2409400368056523,5.976778512548374,-0.000526328010695,-4.386003817453821e-06,7.34733776004094e-05,7.360417274515802e-05,0.9,6.0,1.6304207134108135,1.0726185576136549,True,550,0.3461538461538461,2015-07-20,228,228,0,0,Medium CI
2012-07-02,2014-10-21,576,2016-03-04,500,2016-03-04,True,0.0222567626570941,0.2853293667691506,6.007864111446018,-0.0006049906590768,-2.070493342358258e-05,5.625601502649045e-05,5.994525414689395e-05,0.9,6.0,1.9234585135091755,1.5138579384307986,True,575,0.3461538461538461,2015-07-20,228,228,0,0,Medium CI
2012-05-25,2014-10-21,601,2016-03-04,500,2016-03-04,True,0.0257342384785052,0.3980128690712154,6.052692386744454,-0.0007171522238482,-4.2151676407919405e-05,2.847463921909512e-05,5.086815214508563e-05,0.9,6.0,2.547480319509828,2.114738378355346,True,600,0.3461538461538461,2015-07-20,228,228,0,0,Medium CI
2012-04-18,2014-10-21,626,2016-03-04,500,2016-03-04,True,0.0258945989983542,0.4197519410607663,6.05485184329981,-0.0007226242881839,-4.334588931224438e-05,2.7288827801097516e-05,5.122056464963359e-05,0.9,6.0,2.579721125124798,2.1162133601813338,True,625,0.3461538461538461,2015-07-20,228,228,0,0,Medium CI
2012-03-12,2014-10-21,651,2016-03-04,500,2016-03-04,True,0.0273904371388352,0.4884036663733737,6.029213970620296,-0.000659983633284,-3.43953739155847e-05,4.652295127300125e-05,5.7856950679610944e-05,0.9,6.0,2.2074274786821646,1.7110743623668776,True,650,0.3461538461538461,2015-07-20,228,228,0,0,Medium CI
2012-02-03,2014-10-21,676,2016-03-04,500,2016-03-04,True,0.0279114129866489,0.5266357550400231,6.011034096966663,-0.0006159509252536,-2.913614796808268e-05,6.094499077057908e-05,6.755151381311878e-05,0.9,6.0,2.016748879426037,1.3677360220772992,True,675,0.3461538461538461,2015-07-20,228,228,0,0,Medium CI
2011-12-29,2014-10-21,701,2016-03-04,500,2016-03-04,True,0.0276344807187355,0.5353288317405123,6.014792008923818,-0.0006249258049897,-2.98088000032746e-05,5.773424864505508e-05,6.497544170103246e-05,0.9,6.0,2.047407047728435,1.4426815469723466,True,700,0.3461538461538461,2015-07-20,228,228,0,0,Medium CI
2011-11-22,2014-10-21,726,2016-03-04,500,2016-03-04,True,0.0296442499996564,0.6379954111385868,6.037092679732053,-0.0006778719571717,-3.261645672658274e-05,3.821866312289228e-05,5.0244397302566696e-05,0.9,6.0,2.2772707921696345,2.023724017693941,True,725,0.3461538461538461,2015-07-20,228,228,0,0,Medium CI
2011-10-18,2014-10-21,751,2016-03-04,500,2016-03-04,True,0.0298439130419024,0.6688850183851268,6.046137529453033,-0.0006991859375443,-3.311265703896199e-05,3.0100010396911877e-05,4.474884000814012e-05,0.9,6.0,2.403817362650624,2.343700766602675,True,750,0.3461538461538461,2015-07-20,228,228,0,0,Medium CI
2012-08-08,2014-10-22,551,2016-03-05,500,2016-03-05,True,0.0209699116116725,0.2422951933437487,5.974517128130866,-0.0005206070637401,-4.640473256427749e-06,7.483535757668034e-05,7.49790953244518e-05,0.9,6.0,1.6327261331320686,1.0415044249748104,True,550,0.3461538461538461,2015-07-20,229,229,0,0,Medium CI
2012-07-03,2014-10-22,576,2016-03-05,500,2016-03-05,True,0.0222815175002804,0.2859644287384155,6.0048141338954375,-0.0005972982845113,-2.0590706831816213e-05,5.804842464104578e-05,6.15921814124242e-05,0.9,6.0,1.9116663171224728,1.4546447393505102,True,575,0.3461538461538461,2015-07-20,229,229,0,0,Medium CI
2012-05-29,2014-10-22,601,2016-03-05,500,2016-03-05,True,0.0257640625361411,0.3989359379380803,6.049410086414237,-0.000708922592031,-4.200547065372121e-05,3.0410902761483544e-05,5.185829318063835e-05,0.9,6.0,2.514956767119485,2.0505570523551824,True,600,0.3461538461538461,2015-07-20,229,229,0,0,Medium CI
2012-04-19,2014-10-22,626,2016-03-05,500,2016-03-05,True,0.025974980196279,0.4223619472193778,6.05366666030324,-0.0007195901191896,-4.410030851134626e-05,2.779884335514708e-05,5.213072896747104e-05,0.9,6.0,2.5791519235927565,2.0705353640037574,True,625,0.3461538461538461,2015-07-20,229,229,0,0,Medium CI
2012-03-13,2014-10-22,651,2016-03-05,500,2016-03-05,True,0.027400630676134,0.4887672595038854,6.028698522110992,-0.0006585609285277,-3.534205098563852e-05,4.654351248487151e-05,5.84410739317893e-05,0.9,6.0,2.2202442008095766,1.6903203968234015,True,650,0.3461538461538461,2015-07-20,229,229,0,0,Medium CI
2012-02-06,2014-10-22,676,2016-03-05,500,2016-03-05,True,0.027925129336731,0.527153485567853,6.010519792777725,-0.0006145055447701,-3.0032001739113705e-05,6.096378000386095e-05,6.795957328307237e-05,0.9,6.0,2.028522847316039,1.356333291434631,True,675,0.3461538461538461,2015-07-20,229,229,0,0,Medium CI
2011-12-30,2014-10-22,701,2016-03-05,500,2016-03-05,True,0.0276343585256482,0.5353240975579717,6.013028936204844,-0.0006204879563516,-3.044214675555885e-05,5.879511737317613e-05,6.620868618249829e-05,0.9,6.0,2.0485559660748085,1.4057550273116588,True,700,0.3461538461538461,2015-07-20,229,229,0,0,Medium CI
2011-11-23,2014-10-22,726,2016-03-05,500,2016-03-05,True,0.0294716030714592,0.6305857313987959,6.034578891799048,-0.000671683874287,-3.3223668754679973e-05,3.992536029288993e-05,5.19407986080092e-05,0.9,6.0,2.264832582791209,1.939758029202244,True,725,0.3461538461538461,2015-07-20,229,229,0,0,Medium CI
2011-10-19,2014-10-22,751,2016-03-05,500,2016-03-05,True,0.0298947657335725,0.6711664607171521,6.044711560873476,-0.0006955819618569,-3.3835086097463134e-05,3.082806963629968e-05,4.57731682181088e-05,0.9,6.0,2.402663792052948,2.279442265857161,True,750,0.3461538461538461,2015-07-20,229,229,0,0,Medium CI
2012-08-09,2014-10-23,551,2016-03-06,500,2016-03-06,True,0.0210065196702253,0.2431419016292167,5.972663837089587,-0.0005158248301921,-4.936189334031263e-06,7.595195430245706e-05,7.611218908626876e-05,0.9,6.0,1.6356960002260603,1.0165746834731535,True,550,0.3461538461538461,2015-07-20,230,230,0,0,Medium CI
2012-07-04,2014-10-23,576,2016-03-06,500,2016-03-06,True,0.0223038836826484,0.2865388189415682,6.002358237810229,-0.0005910100012074,-2.0606824001185612e-05,5.948396528352927e-05,6.295223047095278e-05,0.9,6.0,1.904284118456304,1.408234458380631,True,575,0.3461538461538461,2015-07-20,230,230,0,0,Medium CI
2012-05-30,2014-10-23,601,2016-03-06,500,2016-03-06,True,0.0257810071353016,0.3994608576751937,6.046583090207164,-0.0007017398445364,-4.1904784976866085e-05,3.20570785719163e-05,5.2760470908848e-05,0.9,6.0,2.48856169274506,1.9950727290195809,True,600,0.3461538461538461,2015-07-20,230,230,0,0,Medium CI
2012-04-20,2014-10-23,626,2016-03-06,500,2016-03-06,True,0.0260377436770692,0.4244055239662664,6.052622457906622,-0.0007168294440015,-4.477497530218635e-05,2.823468524762435e-05,5.293388200712105e-05,0.9,6.0,2.5789831217990016,2.031296638810161,True,625,0.3461538461538461,2015-07-20,230,230,0,0,Medium CI
2012-03-14,2014-10-23,651,2016-03-06,500,2016-03-06,True,0.0273374563957379,0.4865160759449562,6.028759881229695,-0.0006584770089686,-3.635948679624723e-05,4.615706147557532e-05,5.875786418979604e-05,0.9,6.0,2.238013123537005,1.6809928799699907,True,650,0.3461538461538461,2015-07-20,230,230,0,0,Medium CI
2012-02-07,2014-10-23,676,2016-03-06,500,2016-03-06,True,0.0279262902868064,0.5271973178876956,6.010166412927463,-0.000613388287433,-3.086926062036048e-05,6.089994991336726e-05,6.827675410195171e-05,0.9,6.0,2.0399366161234,1.3475778736870383,True,675,0.3461538461538461,2015-07-20,230,230,0,0,Medium CI
2012-01-03,2014-10-23,701,2016-03-06,500,2016-03-06,True,0.0276339619486897,0.5353087329401236,6.011564866237311,-0.0006167060024271,-3.103917130274456e-05,5.965795591198264e-05,6.724954913422978e-05,0.9,6.0,2.050540349719597,1.375561643981258,True,700,0.3461538461538461,2015-07-20,230,230,0,0,Medium CI
2011-11-25,2014-10-23,726,2016-03-06,500,2016-03-06,True,0.0292005038306744,0.619038001798761,6.032012415086924,-0.0006653154698798,-3.3752458307234934e-05,4.1746423349237424e-05,5.36841904496602e-05,0.9,6.0,2.250705629529946,1.858970390464591,True,725,0.3461538461538461,2015-07-20,230,230,0,0,Medium CI
2011-10-20,2014-10-23,751,2016-03-06,500,2016-03-06,True,0.0299340989498991,0.6729337602367087,6.043493484605179,-0.000692414482267,-3.4497262785832406e-05,3.143350579445475e-05,4.667040203645987e-05,0.9,6.0,2.402630389873957,2.2254398464130625,True,750,0.3461538461538461,2015-07-20,230,230,0,0,Medium CI
2012-07-05,2014-10-24,576,2016-03-07,500,2016-03-07,True,0.0223306780931291,0.287227690041,5.999759880288235,-0.0005843982819474,-2.0612659872926796e-05,6.100061655116905e-05,6.438910596257511e-05,0.9,6.0,1.8966593501356572,1.3614064208790353,True,575,0.3076923076923077,2015-07-20,231,231,0,0,Medium CI
2012-05-31,2014-10-24,601,2016-03-07,500,2016-03-07,True,0.0257484849738941,0.3984536715489624,6.043237237680995,-0.0006932959615725,-4.162128412655804e-05,3.4033189437545285e-05,5.376420068814858e-05,0.9,6.0,2.4561595222007897,1.9342683961598683,True,600,0.3076923076923077,2015-07-20,231,231,0,0,Medium CI
2012-04-23,2014-10-24,626,2016-03-07,500,2016-03-07,True,0.0261022850047722,0.4265121308264458,6.051595210156128,-0.0007141414271933,-4.550865758928985e-05,2.8640786012310005e-05,5.3771112495299565e-05,0.9,6.0,2.5798727416085043,1.992170314281042,True,625,0.3076923076923077,2015-07-20,231,231,0,0,Medium CI
2012-03-15,2014-10-24,651,2016-03-07,500,2016-03-07,True,0.0272706544124789,0.4841412734472414,6.028795985879074,-0.0006583620381613,-3.741745584613351e-05,4.576475162642476e-05,5.911411416426451e-05,0.9,6.0,2.25617977614627,1.670570677077034,True,650,0.3076923076923077,2015-07-20,231,231,0,0,Medium CI
2012-02-08,2014-10-24,676,2016-03-07,500,2016-03-07,True,0.0279382877677623,0.5276503962145465,6.009687416108352,-0.0006119962918515,-3.171721040850928e-05,6.0910711167672153e-05,6.867383905861992e-05,0.9,6.0,2.050879424121357,1.336745477406287,True,675,0.3076923076923077,2015-07-20,231,231,0,0,Medium CI
2012-01-04,2014-10-24,701,2016-03-07,500,2016-03-07,True,0.0276703436937066,0.5367191920096253,6.010438301388962,-0.0006137551004816,-3.17298950229951e-05,6.020161291103826e-05,6.805160126889577e-05,0.9,6.0,2.055857281617313,1.352844949356531,True,700,0.3076923076923077,2015-07-20,231,231,0,0,Medium CI
2011-11-28,2014-10-24,726,2016-03-07,500,2016-03-07,True,0.0289503391259115,0.6084766703768348,6.029447504595384,-0.0006589717367185,-3.4307867671832246e-05,4.353872866497623e-05,5.543149536094417e-05,0.9,6.0,2.2381680273097286,1.783205736452741,True,725,0.3076923076923077,2015-07-20,231,231,0,0,Medium CI
2011-10-21,2014-10-24,751,2016-03-07,500,2016-03-07,True,0.0299530955844654,0.6737881392541845,6.042009866758912,-0.0006886463995369,-3.518399919902484e-05,3.225031567628559e-05,4.772836327444147e-05,0.9,6.0,2.399671388255576,2.1642678031210667,True,750,0.3076923076923077,2015-07-20,231,231,0,0,Medium CI
2012-07-06,2014-10-27,576,2016-03-10,500,2016-03-10,True,0.0223604129335408,0.287993126337673,5.996952849199621,-0.0005761917642597,-2.143793992789873e-05,6.256320064991619e-05,6.613425242575792e-05,0.9,6.0,1.900917745346716,1.306868399790093,True,575,0.3076923076923077,2015-07-20,234,234,0,0,Medium CI
2012-06-01,2014-10-27,601,2016-03-10,500,2016-03-10,True,0.0257008460094746,0.3969806248472402,6.039993309391113,-0.0006837673441073,-4.181443211456238e-05,3.5736749669003495e-05,5.5005108944245965e-05,0.9,6.0,2.4344045860514942,1.864646822535392,True,600,0.3076923076923077,2015-07-20,234,234,0,0,Medium CI
2012-04-24,2014-10-27,626,2016-03-10,500,2016-03-10,True,0.0261955041948813,0.4295639794550522,6.050291020424583,-0.0007093800778234,-4.646557802172873e-05,2.902920821086074e-05,5.478818184830434e-05,0.9,6.0,2.583175636115026,1.9421526337219688,True,625,0.3076923076923077,2015-07-20,234,234,0,0,Medium CI
2012-03-16,2014-10-27,651,2016-03-10,500,2016-03-10,True,0.0271994140592994,0.4816150894851593,6.0289937113736,-0.0006573872480241,-3.913542320109129e-05,4.504367949494952e-05,5.967004618376167e-05,0.9,6.0,2.2861226674578607,1.6525559055198389,True,650,0.3076923076923077,2015-07-20,234,234,0,0,Medium CI
2012-02-09,2014-10-27,676,2016-03-10,500,2016-03-10,True,0.0279592940002282,0.5284441537900495,6.009117232855707,-0.0006092512139966,-3.338946776016114e-05,6.077617887679497e-05,6.934407311494631e-05,0.9,6.0,2.0731665728926827,1.3178874270626342,True,675,0.3076923076923077,2015-07-20,234,234,0,0,Medium CI
2012-01-05,2014-10-27,701,2016-03-10,500,2016-03-10,True,0.0277070389811971,0.5381436863830092,6.009176998184452,-0.0006093464940835,-3.323849968434274e-05,6.064335709830967e-05,6.915500431219102e-05,0.9,6.0,2.072178057562018,1.3216971789909302,True,700,0.3076923076923077,2015-07-20,234,234,0,0,Medium CI
2011-11-29,2014-10-27,726,2016-03-10,500,2016-03-10,True,0.028863374612343,0.6048265300530387,6.027520811030869,-0.0006528915745864,-3.5550112923624265e-05,4.461472316103537e-05,5.704633249927872e-05,0.9,6.0,2.243598102783597,1.7167402687843154,True,725,0.3076923076923077,2015-07-20,234,234,0,0,Medium CI
2011-10-24,2014-10-27,751,2016-03-10,500,2016-03-10,True,0.0300135213006357,0.6765094071086507,6.041071195610825,-0.0006848359114552,-3.637287914053778e-05,3.248750727745568e-05,4.876909334891212e-05,0.9,6.0,2.412558630634328,2.106362445234653,True,750,0.3076923076923077,2015-07-20,234,234,0,0,Medium CI
2012-07-09,2014-10-28,576,2016-03-11,500,2016-03-11,True,0.0223322121076945,0.2872671538308832,5.994132731388372,-0.0005689904051008,-2.1263975159662654e-05,6.419804839689052e-05,6.762799758650443e-05,0.9,6.0,1.8906478537941405,1.2620299847849508,True,575,0.3076923076923077,2015-07-20,235,235,0,0,Medium CI
2012-06-04,2014-10-28,601,2016-03-11,500,2016-03-11,True,0.0255225738270103,0.3914924666278712,6.036111280041358,-0.0006739684201898,-4.1240325372364405e-05,3.806688660916145e-05,5.612354490704627e-05,0.9,6.0,2.3961876582907395,1.801298602857606,True,600,0.3076923076923077,2015-07-20,235,235,0,0,Medium CI
2012-04-25,2014-10-28,626,2016-03-11,500,2016-03-11,True,0.0262634364623842,0.431794827353372,6.04903608294879,-0.0007061068307205,-4.7053838921472456e-05,2.959887755589466e-05,5.558918338864784e-05,0.9,6.0,2.5800914527900973,1.9053351416871889,True,625,0.3076923076923077,2015-07-20,235,235,0,0,Medium CI
2012-03-19,2014-10-28,651,2016-03-11,500,2016-03-11,True,0.0270869087821026,0.4776391084178377,6.029319634215762,-0.0006579492546977,-4.0222635345653206e-05,4.4426210464621125e-05,5.992953003650372e-05,0.9,6.0,2.3065762724370926,1.6468073109291774,True,650,0.3076923076923077,2015-07-20,235,235,0,0,Medium CI
2012-02-10,2014-10-28,676,2016-03-11,500,2016-03-11,True,0.0279623681381296,0.5285603655591852,6.008744724763055,-0.000608091132976,-3.421129613812294e-05,6.0706926252094336e-05,6.968316639208903e-05,0.9,6.0,2.083981903261226,1.3089771126812046,True,675,0.3076923076923077,2015-07-20,235,235,0,0,Medium CI
2012-01-06,2014-10-28,701,2016-03-11,500,2016-03-11,True,0.027718280847529,0.5385804682928901,6.007885677423442,-0.000605982075053,-3.386229162368697e-05,6.134171701312519e-05,7.006754626876806e-05,0.9,6.0,2.075194538615343,1.2972812107517748,True,700,0.3076923076923077,2015-07-20,235,235,0,0,Medium CI
2011-11-30,2014-10-28,726,2016-03-11,500,2016-03-11,True,0.0287822403846969,0.6014310044943596,6.025630401939853,-0.0006481279213158,-3.61410536138126e-05,4.5822460546734696e-05,5.8359863321237607e-05,0.9,6.0,2.2386207709638875,1.665857023383478,True,725,0.3076923076923077,2015-07-20,235,235,0,0,Medium CI
2011-10-25,2014-10-28,751,2016-03-11,500,2016-03-11,True,0.0300645666421199,0.6788125037012314,6.040109521101219,-0.0006822761806098,-3.703617459415148e-05,3.284467031300492e-05,4.950202618619219e-05,0.9,6.0,2.416103447132293,2.067418951833347,True,750,0.3076923076923077,2015-07-20,235,235,0,0,Medium CI
2012-07-10,2014-10-29,576,2016-03-12,500,2016-03-12,True,0.0222776606665479,0.2858654389097415,5.991292817000956,-0.0005617095151903,-2.1023258521525183e-05,6.583487738042795e-05,6.911011849620044e-05,0.9,6.0,1.8798942433450023,1.2191619564823952,True,575,0.3076923076923077,2015-07-20,236,236,0,0,Medium CI
2012-06-05,2014-10-29,601,2016-03-12,500,2016-03-12,True,0.02528663729055,0.3842878293037653,6.032172843727935,-0.0006639988462771,-4.058206912975559e-05,4.043010913838387e-05,5.728436138942192e-05,0.9,6.0,2.3580702552488684,1.7386914076686246,True,600,0.3076923076923077,2015-07-20,236,236,0,0,Medium CI
2012-04-26,2014-10-29,626,2016-03-12,500,2016-03-12,True,0.0263144412771321,0.4334735871495003,6.048084342621113,-0.000703558473615,-4.7719605183395376e-05,2.9956383583957413e-05,5.6343106377695646e-05,0.9,6.0,2.581012219544323,1.8730556021319855,True,625,0.3076923076923077,2015-07-20,236,236,0,0,Medium CI
2012-03-20,2014-10-29,651,2016-03-12,500,2016-03-12,True,0.0269738067193301,0.4736586480545883,6.029665907077655,-0.0006585461241401,-4.128913067029027e-05,4.3802238664400754e-05,6.01949202468234e-05,0.9,6.0,2.326668843908122,1.6410341307203251,True,650,0.3076923076923077,2015-07-20,236,236,0,0,Medium CI
2012-02-13,2014-10-29,676,2016-03-12,500,2016-03-12,True,0.0279753049712395,0.5290495572460883,6.008265273803956,-0.0006066575656244,-3.497751859766779e-05,6.073495849842407e-05,7.008681752694647e-05,0.9,6.0,2.093309882662836,1.298370193634314,True,675,0.3076923076923077,2015-07-20,236,236,0,0,Medium CI
2012-01-09,2014-10-29,701,2016-03-12,500,2016-03-12,True,0.0277251073183796,0.5388457846467833,6.0066452032975945,-0.0006027232632479,-3.4469410998911416e-05,6.201090540915723e-05,7.094711188114229e-05,0.9,6.0,2.07812780135458,1.274308243000167,True,700,0.3076923076923077,2015-07-20,236,236,0,0,Medium CI
2011-12-01,2014-10-29,726,2016-03-12,500,2016-03-12,True,0.028786452026718,0.601607029528026,6.024278649617123,-0.0006446227333511,-3.675799916820308e-05,4.656891368201921e-05,5.932802225233009e-05,0.9,6.0,2.2389940293406787,1.6298101020699585,True,725,0.3076923076923077,2015-07-20,236,236,0,0,Medium CI
2011-10-26,2014-10-29,751,2016-03-12,500,2016-03-12,True,0.0301063680801441,0.6807014426318183,6.039090448709474,-0.0006795682871573,-3.7681945305784e-05,3.3270794605977654e-05,5.026802936003408e-05,0.9,6.0,2.41828484227348,2.0278344779246367,True,750,0.3076923076923077,2015-07-20,236,236,0,0,Medium CI
2012-07-11,2014-10-30,576,2016-03-13,500,2016-03-13,True,0.0222326359089167,0.2847110972880704,5.988956945264909,-0.0005556171102963,-2.088718516085783e-05,6.716919281026705e-05,7.034184364037376e-05,0.9,6.0,1.8722810253994364,1.1848220380821732,True,575,0.3076923076923077,2015-07-20,237,237,0,0,Medium CI
2012-06-06,2014-10-30,601,2016-03-13,500,2016-03-13,True,0.0250348535568022,0.3766730794589326,6.028527800913988,-0.0006546847806285,-3.991741593667771e-05,4.261569141264556e-05,5.839090040100053e-05,0.9,6.0,2.3235128812071038,1.6818154270591217,True,600,0.3076923076923077,2015-07-20,237,237,0,0,Medium CI
2012-04-27,2014-10-30,626,2016-03-13,500,2016-03-13,True,0.026346720420509,0.4345376977497087,6.047372044618591,-0.0007015347454822,-4.835984847099568e-05,3.01657542950194e-05,5.699690935765855e-05,0.9,6.0,2.583873385150026,1.8462441737325472,True,625,0.3076923076923077,2015-07-20,237,237,0,0,Medium CI
2012-03-21,2014-10-30,651,2016-03-13,500,2016-03-13,True,0.0268897318478608,0.4707105489312599,6.029984428698323,-0.0006590180347992,-4.224332554582287e-05,4.323119456812834e-05,6.04436492690319e-05,0.9,6.0,2.3446375368497114,1.6354523000406105,True,650,0.3076923076923077,2015-07-20,237,237,0,0,Medium CI
2012-02-14,2014-10-30,676,2016-03-13,500,2016-03-13,True,0.0279674527299722,0.5287526066493833,6.008078608389574,-0.0006058770230809,-3.572941038044656e-05,6.056646293462969e-05,7.031989191221951e-05,0.9,6.0,2.103771613477852,1.2924017797921794,True,675,0.3076923076923077,2015-07-20,237,237,0,0,Medium CI
2012-01-10,2014-10-30,701,2016-03-13,500,2016-03-13,True,0.0277130449486935,0.5383770150901442,6.005482648889195,-0.000599599036078,-3.500971683447244e-05,6.266315730056958e-05,7.177988266712246e-05,0.9,6.0,2.08029215305356,1.2529952971475546,True,700,0.3076923076923077,2015-07-20,237,237,0,0,Medium CI
2011-12-02,2014-10-30,726,2016-03-13,500,2016-03-13,True,0.0287634722612092,0.6006469063145011,6.022961551812023,-0.0006411516063853,-3.731244991353035e-05,4.734100111303553e-05,6.0277602017118616e-05,0.9,6.0,2.238278114233229,1.5954971289415865,True,725,0.3076923076923077,2015-07-20,237,237,0,0,Medium CI
2011-10-27,2014-10-30,751,2016-03-13,500,2016-03-13,True,0.0301363072903585,0.6820559598412855,6.038217740259999,-0.0006771589248876,-3.827408232408636e-05,3.3621864551798135e-05,5.094443201852779e-05,0.9,6.0,2.4208120544423086,1.9938162956887704,True,750,0.3076923076923077,2015-07-20,237,237,0,0,Medium CI
2012-07-12,2014-10-31,576,2016-03-14,500,2016-03-14,True,0.0221586449118466,0.2828191935336805,5.987417376147886,-0.0005512951424274,-2.072205725211026e-05,6.802222797741304e-05,7.110855894877134e-05,0.9,6.0,1.8665013953518137,1.162929928360605,True,575,0.3076923076923077,2015-07-20,238,238,0,0,Medium CI
2012-06-07,2014-10-31,601,2016-03-14,500,2016-03-14,True,0.0248605476522649,0.3714461445718909,6.026147943570371,-0.0006483067025849,-3.943393715613634e-05,4.401661262659455e-05,5.909735685082534e-05,0.9,6.0,2.301334729174725,1.645522076955414,True,600,0.3076923076923077,2015-07-20,238,238,0,0,Medium CI
2012-04-30,2014-10-31,626,2016-03-14,500,2016-03-14,True,0.0263295469289215,0.4339713959679072,6.047472034423578,-0.0007013180675035,-4.897039367629274e-05,2.987102337759744e-05,5.736181216136799e-05,0.9,6.0,2.5938662838908804,1.833932823279722,True,625,0.3076923076923077,2015-07-20,238,238,0,0,Medium CI
2012-03-22,2014-10-31,651,2016-03-14,500,2016-03-14,True,0.0267782852929787,0.4668168426641367,6.030858227583728,-0.00066066709112,-4.3071759371619976e-05,4.234045800781576e-05,6.039777181054234e-05,0.9,6.0,2.3647563039104424,1.640790060581542,True,650,0.3076923076923077,2015-07-20,238,238,0,0,Medium CI
2012-02-15,2014-10-31,676,2016-03-14,500,2016-03-14,True,0.0279437176898416,0.5278555182307869,6.008359909701831,-0.0006060622315228,-3.633168351486793e-05,6.015003184629635e-05,7.027102929468866e-05,0.9,6.0,2.114164778032987,1.2936957895862655,True,675,0.3076923076923077,2015-07-20,238,238,0,0,Medium CI
2012-01-11,2014-10-31,701,2016-03-14,500,2016-03-14,True,0.0277043562348451,0.538039479425428,6.005046633056146,-0.000598057851908,-3.5447534737227305e-05,6.284898718997915e-05,7.215623957602765e-05,0.9,6.0,2.0843330444679355,1.2432559999428083,True,700,0.3076923076923077,2015-07-20,238,238,0,0,Medium CI
2011-12-05,2014-10-31,726,2016-03-14,500,2016-03-14,True,0.0287335092011279,0.5993961640342056,6.022180412520621,-0.0006388051214236,-3.772082433017632e-05,4.780764026481728e-05,6.0896888720510176e-05,0.9,6.0,2.2388015550426497,1.573492016206712,True,725,0.3076923076923077,2015-07-20,238,238,0,0,Medium CI
2011-10-28,2014-10-31,751,2016-03-14,500,2016-03-14,True,0.0301354452803073,0.6820169417440427,6.038163649973516,-0.0006765351680071,-3.8708353978533045e-05,3.340434240944954e-05,5.112911850927184e-05,0.9,6.0,2.429613986619596,1.984784368670007,True,750,0.3076923076923077,2015-07-20,238,238,0,0,Medium CI
2012-07-13,2014-11-03,576,2016-03-17,500,2016-03-17,True,0.0220365112918659,0.2797101100319253,5.985266403020252,-0.0005444712246285,-2.132793002979727e-05,6.912182785424337e-05,7.233745700028155e-05,0.9,6.0,1.870083735230132,1.129023428262993,True,575,0.3076923076923077,2015-07-20,241,241,0,0,Medium CI
2012-06-08,2014-11-03,601,2016-03-17,500,2016-03-17,True,0.0247263758438808,0.3674475910860852,6.024077451327767,-0.0006414909109595,-3.972114018317016e-05,4.4977709132463714e-05,6.000636046500042e-05,0.9,6.0,2.2942121175939625,1.6035572878988984,True,600,0.3076923076923077,2015-07-20,241,241,0,0,Medium CI
2012-05-02,2014-11-03,626,2016-03-17,500,2016-03-17,True,0.0263213358768866,0.433700764187268,6.047625601075458,-0.0006998875483768,-4.9971532898874144e-05,2.925831951026796e-05,5.790685072448844e-05,0.9,6.0,2.6119033430284517,1.8129656671544256,True,625,0.3076923076923077,2015-07-20,241,241,0,0,Medium CI
2012-03-23,2014-11-03,651,2016-03-17,500,2016-03-17,True,0.0267016442113406,0.4641485501364528,6.031595861705264,-0.0006607416868544,-4.443011930887069e-05,4.128500488651948e-05,6.065053281118329e-05,0.9,6.0,2.3928706790914336,1.6341365596362043,True,650,0.3076923076923077,2015-07-20,241,241,0,0,Medium CI
2012-02-16,2014-11-03,676,2016-03-17,500,2016-03-17,True,0.0279056892205364,0.52641978383026,6.008665763107505,-0.0006052029686486,-3.779137278234776e-05,5.942379484824987e-05,7.042283188669185e-05,0.9,6.0,2.137240788339709,1.2890768926101108,True,675,0.3076923076923077,2015-07-20,241,241,0,0,Medium CI
2012-01-12,2014-11-03,701,2016-03-17,500,2016-03-17,True,0.0276880345998046,0.537405709259984,6.004446087078519,-0.0005950416039499,-3.6748426066139016e-05,6.287707959026529e-05,7.28283870214015e-05,0.9,6.0,2.0997025457919465,1.2255693726440342,True,700,0.3076923076923077,2015-07-20,241,241,0,0,Medium CI
2011-12-06,2014-11-03,726,2016-03-17,500,2016-03-17,True,0.0287135763082468,0.5985648311613085,6.021562576449097,-0.0006356593110476,-3.883390052843368e-05,4.789244850909959e-05,6.165840132900818e-05,0.9,6.0,2.2521220846818326,1.5464055927815274,True,725,0.3076923076923077,2015-07-20,241,241,0,0,Medium CI
2011-10-31,2014-11-03,751,2016-03-17,500,2016-03-17,True,0.0301360130864904,0.6820426428465933,6.038278254411926,-0.0006750258344354,-3.96604704933585e-05,3.287782093575045e-05,5.151605603341381e-05,0.9,6.0,2.44942780750599,1.9654818897556776,True,750,0.3076923076923077,2015-07-20,241,241,0,0,Medium CI
2012-07-16,2014-11-04,576,2016-03-18,500,2016-03-18,True,0.0219842229534906,0.2783842899084206,5.982965765361212,-0.0005384698762928,-2.1200235824565984e-05,7.042671563900419e-05,7.354843488963153e-05,0.9,6.0,1.8631936621518328,1.0981944288159218,True,575,0.3076923076923077,2015-07-20,242,242,0,0,Medium CI
2012-06-11,2014-11-04,601,2016-03-18,500,2016-03-18,True,0.0246047117684427,0.3638404965660954,6.02113234359737,-0.0006339273176983,-3.937676211397609e-05,4.670910325634269e-05,6.109230492944545e-05,0.9,6.0,2.271224832341024,1.5564824042007928,True,600,0.3076923076923077,2015-07-20,242,242,0,0,Medium CI
2012-05-03,2014-11-04,626,2016-03-18,500,2016-03-18,True,0.0263525684031899,0.4347306212644483,6.046906876302031,-0.0006978524687857,-5.0602098322241016e-05,2.9458390111789987e-05,5.855227666446586e-05,0.9,6.0,2.6143959737460856,1.7877677228115951,True,625,0.3076923076923077,2015-07-20,242,242,0,0,Medium CI
2012-03-26,2014-11-04,651,2016-03-18,500,2016-03-18,True,0.0266533818342983,0.4624721988463937,6.031706591671107,-0.0006607087923894,-4.5300032548470094e-05,4.085290569279704e-05,6.100043321515856e-05,0.9,6.0,2.4077676974532194,1.624682213466586,True,650,0.3076923076923077,2015-07-20,242,242,0,0,Medium CI
2012-02-17,2014-11-04,676,2016-03-18,500,2016-03-18,True,0.0278883429870069,0.5257655400031948,6.008583367677088,-0.0006046751272291,-3.855496363851862e-05,5.915285816797313e-05,7.06083978759456e-05,0.9,6.0,2.1484255704105606,1.28456772583533,True,675,0.3076923076923077,2015-07-20,242,242,0,0,Medium CI
2012-01-13,2014-11-04,701,2016-03-18,500,2016-03-18,True,0.027689544691468,0.5374643305397844,6.003470307998556,-0.0005923671086188,-3.731702257137067e-05,6.33585092597358e-05,7.353135976716475e-05,0.9,6.0,2.103074976215101,1.208396887725055,True,700,0.3076923076923077,2015-07-20,242,242,0,0,Medium CI
2011-12-07,2014-11-04,726,2016-03-18,500,2016-03-18,True,0.0287101873041577,0.598423544758909,6.020430655841226,-0.0006326303220701,-3.940154985841191e-05,4.848951653680102e-05,6.247971947134221e-05,0.9,6.0,2.253160304239974,1.5188056078588867,True,725,0.3076923076923077,2015-07-20,242,242,0,0,Medium CI
2011-11-01,2014-11-04,751,2016-03-18,500,2016-03-18,True,0.0301691384091609,0.6835428611756817,6.037537047331312,-0.0006729297199207,-4.024767920598587e-05,3.309647362926047e-05,5.210808236886367e-05,0.9,6.0,2.453389322395097,1.9371171111918437,True,750,0.3076923076923077,2015-07-20,242,242,0,0,Medium CI
2012-07-17,2014-11-05,576,2016-03-19,500,2016-03-19,True,0.0219122731090619,0.2765650825763236,5.9814548584160026,-0.000534241152836,-2.107440126521758e-05,7.125033808740108e-05,7.430168952491162e-05,0.9,6.0,1.85837677281663,1.0785242359602258,True,575,0.3076923076923077,2015-07-20,243,243,0,0,Medium CI
2012-06-12,2014-11-05,601,2016-03-19,500,2016-03-19,True,0.0244414510012247,0.3590281007542086,6.018834342967569,-0.0006277769024329,-3.896073619288274e-05,4.80468396184888e-05,6.185820690915789e-05,0.9,6.0,2.2521427611182383,1.522296556433231,True,600,0.3076923076923077,2015-07-20,243,243,0,0,Medium CI
2012-05-04,2014-11-05,626,2016-03-19,500,2016-03-19,True,0.0263486953978879,0.4346028469808453,6.046782977278309,-0.0006971064448233,-5.1148215485690725e-05,2.9302825616466532e-05,5.894739635030287e-05,0.9,6.0,2.6213378208266738,1.7738860950212432,True,625,0.3076923076923077,2015-07-20,243,243,0,0,Medium CI
2012-03-27,2014-11-05,651,2016-03-19,500,2016-03-19,True,0.0265465597198101,0.458772611255298,6.03250380883906,-0.0006621898130671,-4.6117982433806886e-05,3.999287469738858e-05,6.10434134884833e-05,0.9,6.0,2.427205383549028,1.6271775492831144,True,650,0.3076923076923077,2015-07-20,243,243,0,0,Medium CI
2012-02-21,2014-11-05,676,2016-03-19,500,2016-03-19,True,0.0278396480979274,0.5239311002023108,6.009075264561868,-0.0006053845432342,-3.921981717067526e-05,5.853350646556918e-05,7.045825315785244e-05,0.9,6.0,2.161130992806505,1.2888153965681792,True,675,0.3076923076923077,2015-07-20,243,243,0,0,Medium CI
2012-01-16,2014-11-05,701,2016-03-19,500,2016-03-19,True,0.0276728330386488,0.5368157675578406,6.002881167880029,-0.0005904776035698,-3.774329832522632e-05,6.364992259049636e-05,7.399911630717768e-05,0.9,6.0,2.106040016483832,1.1969283547630882,True,700,0.3076923076923077,2015-07-20,243,243,0,0,Medium CI
2011-12-08,2014-11-05,726,2016-03-19,500,2016-03-19,True,0.0286812934453635,0.5972196470255137,6.019635977841481,-0.0006302692495062,-3.98230078177668e-05,4.894162737797595e-05,6.309639325713127e-05,0.9,6.0,2.253825515323012,1.498348519552776,True,725,0.3076923076923077,2015-07-20,243,243,0,0,Medium CI
2011-11-02,2014-11-05,751,2016-03-19,500,2016-03-19,True,0.0301409795694557,0.6822674657041685,6.036679504544754,-0.0006704386521772,-4.069019729026693e-05,3.3583849511190404e-05,5.275952144884495e-05,0.9,6.0,2.451581535661701,1.906116565596458,True,750,0.3076923076923077,2015-07-20,243,243,0,0,Medium CI
2012-07-18,2014-11-06,576,2016-03-20,500,2016-03-20,True,0.0218270117914112,0.2744170235956258,5.979951984599711,-0.0005300038847616,-2.089709840137388e-05,7.206575107321153e-05,7.503440010650309e-05,0.9,6.0,1.853028540623716,1.059521800686107,True,575,0.3076923076923077,2015-07-20,244,244,0,0,Medium CI
2012-06-13,2014-11-06,601,2016-03-20,500,2016-03-20,True,0.0242963565160847,0.3547780769139735,6.016759851679517,-0.0006221556047386,-3.8593529620356375e-05,4.924403206724238e-05,6.256544751535723e-05,0.9,6.0,2.2355312689284577,1.4916114951129866,True,600,0.3076923076923077,2015-07-20,244,244,0,0,Medium CI
2012-05-07,2014-11-06,626,2016-03-20,500,2016-03-20,True,0.026355948217735,0.4348421400414137,6.046331672573829,-0.0006955316517688,-5.152119522223913e-05,2.9387943139101832e-05,5.931344501101887e-05,0.9,6.0,2.623218556772174,1.7589561312102535,True,625,0.3076923076923077,2015-07-20,244,244,0,0,Medium CI
2012-03-28,2014-11-06,651,2016-03-20,500,2016-03-20,True,0.0264506633584387,0.4554640724580482,6.0332893538475725,-0.0006636230129211,-4.689460631946903e-05,3.915002978359367e-05,6.108869726810564e-05,0.9,6.0,2.4459591121108395,1.6294905013491017,True,650,0.3076923076923077,2015-07-20,244,244,0,0,Medium CI
2012-02-22,2014-11-06,676,2016-03-20,500,2016-03-20,True,0.0277820448420452,0.5217652025492598,6.009668212445691,-0.0006063213209713,-3.988236852045812e-05,5.784594787723426e-05,7.026205949598497e-05,0.9,6.0,2.174412227283101,1.2944140663980934,True,675,0.3076923076923077,2015-07-20,244,244,0,0,Medium CI
2012-01-17,2014-11-06,701,2016-03-20,500,2016-03-20,True,0.0276625015770731,0.5364150094446045,6.002465777850513,-0.0005889849642003,-3.816983128585106e-05,6.380867084989438e-05,7.435376584962254e-05,0.9,6.0,2.109885295430085,1.1882080701699522,True,700,0.3076923076923077,2015-07-20,244,244,0,0,Medium CI
2011-12-09,2014-11-06,726,2016-03-20,500,2016-03-20,True,0.0286154657830885,0.5944813843197377,6.018660985917517,-0.0006274642738505,-4.020388617160807e-05,4.957440683516908e-05,6.382769208077696e-05,0.9,6.0,2.2521970341261905,1.4745894455727808,True,725,0.3076923076923077,2015-07-20,244,244,0,0,Medium CI
2011-11-03,2014-11-06,751,2016-03-20,500,2016-03-20,True,0.0301237697057476,0.6814885674649765,6.0359772053728005,-0.0006682954173554,-4.111269276350953e-05,3.395071490723932e-05,5.331889485894631e-05,0.9,6.0,2.451318904977969,1.8800898418565808,True,750,0.3076923076923077,2015-07-20,244,244,0,0,Medium CI
2012-07-19,2014-11-07,576,2016-03-21,500,2016-03-21,True,0.0217768503156036,0.2731571767688866,5.978517302873708,-0.0005260057715736,-2.0874899323545488e-05,7.284313487498059e-05,7.57752183776647e-05,0.9,6.0,1.849890011067836,1.0412489389711652,True,575,0.3076923076923077,2015-07-20,245,245,0,0,Medium CI
2012-06-14,2014-11-07,601,2016-03-21,500,2016-03-21,True,0.0241323498397625,0.3500045555820018,6.014362887723257,-0.000615790950462,-3.818603121717742e-05,5.064025247001358e-05,6.342403448493296e-05,0.9,6.0,2.2168938279193986,1.4563665544053663,True,600,0.3076923076923077,2015-07-20,245,245,0,0,Medium CI
2012-05-08,2014-11-07,626,2016-03-21,500,2016-03-21,True,0.0263686838036735,0.4352624859468615,6.045840395009046,-0.0006939148880036,-5.197698851184941e-05,2.9476471521863208e-05,5.975340750233528e-05,0.9,6.0,2.625711022508069,1.7419464019099231,True,625,0.3076923076923077,2015-07-20,245,245,0,0,Medium CI
2012-03-29,2014-11-07,651,2016-03-21,500,2016-03-21,True,0.0263930116710623,0.4534807833598103,6.033704372216463,-0.0006642067914426,-4.763829666851018e-05,3.8554549253895645e-05,6.128507630449727e-05,0.9,6.0,2.461195541202995,1.6256978815099188,True,650,0.3076923076923077,2015-07-20,245,245,0,0,Medium CI
2012-02-23,2014-11-07,676,2016-03-21,500,2016-03-21,True,0.0277456965635926,0.5204008061920938,6.009973609347227,-0.000606614025398,-4.0548563450020574e-05,5.734791691223636e-05,7.023510213584878e-05,0.9,6.0,2.1862465367074195,1.2955360075323523,True,675,0.3076923076923077,2015-07-20,245,245,0,0,Medium CI
2012-01-18,2014-11-07,701,2016-03-21,500,2016-03-21,True,0.0276603434567566,0.5363313147021653,6.00204839857558,-0.0005875331873214,-3.866239674417202e-05,6.39206177526511e-05,7.470358957830807e-05,0.9,6.0,2.11477450133795,1.1797288268971375,True,700,0.3076923076923077,2015-07-20,245,245,0,0,Medium CI
2011-12-12,2014-11-07,726,2016-03-21,500,2016-03-21,True,0.0285783804824158,0.5929415013043512,6.017725158681849,-0.0006247938091831,-4.064325202769794e-05,5.012140734199868e-05,6.452929109582354e-05,0.9,6.0,2.252145988512569,1.452349309684768,True,725,0.3076923076923077,2015-07-20,245,245,0,0,Medium CI
2011-11-04,2014-11-07,751,2016-03-21,500,2016-03-21,True,0.0301323183135608,0.6818754118192645,6.0354270378635295,-0.0006665489665396,-4.1580663794295455e-05,3.412431687163818e-05,5.3790525220806346e-05,0.9,6.0,2.454370008081911,1.858735243251864,True,750,0.3076923076923077,2015-07-20,245,245,0,0,Medium CI
2012-07-20,2014-11-10,576,2016-03-24,500,2016-03-24,True,0.0217391664682751,0.2722126226315777,5.97773364122528,-0.0005225589695046,-2.199248026297796e-05,7.308216577064275e-05,7.631953971195831e-05,0.9,6.0,1.8631044088247684,1.0270481939687732,True,575,0.3076923076923077,2015-07-20,248,248,0,0,Medium CI
2012-06-15,2014-11-10,601,2016-03-24,500,2016-03-24,True,0.023922989444885,0.3439579638120298,6.012422671654985,-0.0006092688369242,-3.841707576373811e-05,5.150464140801892e-05,6.425418116204898e-05,0.9,6.0,2.211665320042618,1.4223249582491544,True,600,0.3076923076923077,2015-07-20,248,248,0,0,Medium CI
2012-05-09,2014-11-10,626,2016-03-24,500,2016-03-24,True,0.0263545032620528,0.4347944612106615,6.045726293062061,-0.0006917463412944,-5.266302789727677e-05,2.9034717924401697e-05,6.013658913056945e-05,0.9,6.0,2.6377287463209287,1.7254379188163311,True,625,0.3076923076923077,2015-07-20,248,248,0,0,Medium CI
2012-03-30,2014-11-10,651,2016-03-24,500,2016-03-24,True,0.0263424348930852,0.4517444433387777,6.03446056118399,-0.000664229916346,-4.876022205031535e-05,3.747559558651948e-05,6.149780092784146e-05,0.9,6.0,2.486312912436688,1.6201308981569658,True,650,0.3076923076923077,2015-07-20,248,248,0,0,Medium CI
2012-02-24,2014-11-10,676,2016-03-24,500,2016-03-24,True,0.0276973869977833,0.5185901866373668,6.01059965202062,-0.000606444623412,-4.1884732969888994e-05,5.636679107168049e-05,7.022496701086718e-05,0.9,6.0,2.209850451706567,1.2953611426791896,True,675,0.3076923076923077,2015-07-20,248,248,0,0,Medium CI
2012-01-19,2014-11-10,701,2016-03-24,500,2016-03-24,True,0.0276454149919848,0.5357525480254208,6.001892465679373,-0.0005855287898128,-3.991549060737374e-05,6.358320743695556e-05,7.507376811109364e-05,0.9,6.0,2.1313834988430864,1.1699068886745996,True,700,0.3076923076923077,2015-07-20,248,248,0,0,Medium CI
2011-12-13,2014-11-10,726,2016-03-24,500,2016-03-24,True,0.0284763323069476,0.5887144902020462,6.01687117664558,-0.0006210541747633,-4.1651728538248336e-05,5.043826756289016e-05,6.541318922793498e-05,0.9,6.0,2.261069925172533,1.4241489723103946,True,725,0.3076923076923077,2015-07-20,248,248,0,0,Medium CI
2011-11-07,2014-11-10,751,2016-03-24,500,2016-03-24,True,0.0301144100907214,0.6810651490292233,6.035216496601526,-0.0006642374472269,-4.244860886254775e-05,3.392874553718642e-05,5.4341919068916905e-05,0.9,6.0,2.4672848318674907,1.8334946352866044,True,750,0.3076923076923077,2015-07-20,248,248,0,0,Medium CI
2012-07-23,2014-11-11,576,2016-03-25,500,2016-03-25,True,0.0216725361338276,0.2705465217439097,5.976656361843245,-0.0005193320116345,-2.190378266938861e-05,7.363526615374972e-05,7.68240074245113e-05,0.9,6.0,1.8599241695085311,1.0140033611463728,True,575,0.3076923076923077,2015-07-20,249,249,0,0,Medium CI
2012-06-18,2014-11-11,601,2016-03-25,500,2016-03-25,True,0.0237636977832978,0.3393927127338852,6.0105455039018505,-0.0006040880177854,-3.803297456949478e-05,5.258406993628628e-05,6.489677623478752e-05,0.9,6.0,2.196975796767008,1.3962666240922903,True,600,0.3076923076923077,2015-07-20,249,249,0,0,Medium CI
2012-05-10,2014-11-11,626,2016-03-25,500,2016-03-25,True,0.0263519988237765,0.4347118290972103,6.045120230931222,-0.0006897434738352,-5.287507922830446e-05,2.924116434760885e-05,6.042201333788327e-05,0.9,6.0,2.636431058491264,1.712315021625002,True,625,0.3076923076923077,2015-07-20,249,249,0,0,Medium CI
2012-04-02,2014-11-11,651,2016-03-25,500,2016-03-25,True,0.0262790519110305,0.449573158642059,6.035154719923172,-0.0006653943318046,-4.940850155362956e-05,3.671592025015396e-05,6.155695594805416e-05,0.9,6.0,2.5025161563867195,1.6214113942690112,True,650,0.3076923076923077,2015-07-20,249,249,0,0,Medium CI
2012-02-27,2014-11-11,676,2016-03-25,500,2016-03-25,True,0.0276519618375997,0.5168905515844189,6.01122425695087,-0.0006074144620816,-4.2466417908440434e-05,5.567406094193899e-05,7.002140895284133e-05,0.9,6.0,2.2224192946375987,1.3012044555346003,True,675,0.3076923076923077,2015-07-20,249,249,0,0,Medium CI
2012-01-20,2014-11-11,701,2016-03-25,500,2016-03-25,True,0.0276404171329798,0.5355588541588724,6.001939172553691,-0.0005851011931657,-4.035224150100955e-05,6.337754635625485e-05,7.513332666862974e-05,0.9,6.0,2.1377621996751173,1.16812582200628,True,700,0.3076923076923077,2015-07-20,249,249,0,0,Medium CI
2011-12-14,2014-11-11,726,2016-03-25,500,2016-03-25,True,0.0283940051729716,0.5853153786077514,6.015959690296942,-0.0006183647769017,-4.198330054601861e-05,5.105249036164192e-05,6.609806575734926e-05,0.9,6.0,2.259020856091136,1.4032894226552444,True,725,0.3076923076923077,2015-07-20,249,249,0,0,Medium CI
2011-11-08,2014-11-11,751,2016-03-25,500,2016-03-25,True,0.0300963761925562,0.6802496868028225,6.034662658153447,-0.0006624105641232,-4.282472456489965e-05,3.4199007059984896e-05,5.48044625733016e-05,0.9,6.0,2.467717615805641,1.8130199613870333,True,750,0.3076923076923077,2015-07-20,249,249,0,0,Medium CI
2012-06-19,2014-11-12,601,2016-03-26,500,2016-03-26,True,0.0236075102927906,0.334946039876755,6.008233515383174,-0.0005979515475396,-3.768085005756743e-05,5.3917692853947086e-05,6.577966299513441e-05,0.9,6.0,2.180755923740512,1.36353286178399,True,600,0.2692307692307692,2015-07-20,250,250,0,0,Low CI
2012-05-11,2014-11-12,626,2016-03-26,500,2016-03-26,True,0.0263679118350884,0.4352370008639178,6.044238782277877,-0.0006871816385631,-5.31898739096478e-05,2.959322230440409e-05,6.086806628177136e-05,0.9,6.0,2.633872405621164,1.6934535969534954,True,625,0.2692307692307692,2015-07-20,250,250,0,0,Low CI
2012-04-03,2014-11-12,651,2016-03-26,500,2016-03-26,True,0.0261841111122953,0.4463305962564093,6.035777391431743,-0.0006664968030614,-5.02249318205358e-05,3.593867744025947e-05,6.175866184214554e-05,0.9,6.0,2.5205035105037403,1.618793501626681,True,650,0.2692307692307692,2015-07-20,250,250,0,0,Low CI
2012-02-28,2014-11-12,676,2016-03-26,500,2016-03-26,True,0.0276204165311362,0.5157118887229437,6.011464718471429,-0.0006075622908489,-4.311860118048685e-05,5.520622959310321e-05,7.004956497829453e-05,0.9,6.0,2.2338725858425605,1.3009979955704225,True,675,0.2692307692307692,2015-07-20,250,250,0,0,Low CI
2012-01-23,2014-11-12,701,2016-03-26,500,2016-03-26,True,0.0276405016735379,0.5355621302681631,6.001658452254748,-0.0005839875354535,-4.0873141953929256e-05,6.335155823677165e-05,7.53925305598182e-05,0.9,6.0,2.1437754977782983,1.161894018778567,True,700,0.2692307692307692,2015-07-20,250,250,0,0,Low CI
2011-12-15,2014-11-12,726,2016-03-26,500,2016-03-26,True,0.0282465596353389,0.5792522632749844,6.014487734879931,-0.000614437845695,-4.238343672366616e-05,5.205916187943458e-05,6.713055968855158e-05,0.9,6.0,2.254099840151334,1.3729317509320338,True,725,0.2692307692307692,2015-07-20,250,250,0,0,Low CI
2011-11-09,2014-11-12,751,2016-03-26,500,2016-03-26,True,0.0300984306531913,0.6803425613665094,6.0339833108804966,-0.0006603731823398,-4.329735627475709e-05,3.4470803870051e-05,5.534344929466152e-05,0.9,6.0,2.469209146274953,1.7898410491832812,True,750,0.2692307692307692,2015-07-20,250,250,0,0,Low CI
2012-06-20,2014-11-13,601,2016-03-27,500,2016-03-27,True,0.023509307870515,0.3321652214869477,6.006398643084065,-0.0005929738411532,-3.748942667392657e-05,5.49461369485057e-05,6.651717881798401e-05,0.9,6.0,2.169540054700449,1.337189546423379,True,600,0.2692307692307692,2015-07-20,251,251,0,0,Low CI
2012-05-14,2014-11-13,626,2016-03-27,500,2016-03-27,True,0.0263801080523326,0.4356397231338194,6.043516168443361,-0.0006849851942887,-5.351787108778781e-05,2.984024400537916e-05,6.127481283585973e-05,0.9,6.0,2.6329520690815373,1.6768354628605295,True,625,0.2692307692307692,2015-07-20,251,251,0,0,Low CI
2012-04-04,2014-11-13,651,2016-03-27,500,2016-03-27,True,0.0261191550652491,0.4441188801209682,6.03626464105986,-0.000667248028626,-5.0956227457221066e-05,3.5275475495941724e-05,6.197496501117878e-05,0.9,6.0,2.5360733654394494,1.6149618523520362,True,650,0.2692307692307692,2015-07-20,251,251,0,0,Low CI
2012-02-29,2014-11-13,676,2016-03-27,500,2016-03-27,True,0.0275827335966229,0.5143056622396956,6.011807745030568,-0.0006079376924785,-4.376091185310039e-05,5.46680790579937e-05,7.002582576525515e-05,0.9,6.0,2.245832201525181,1.3022431777881096,True,675,0.2692307692307692,2015-07-20,251,251,0,0,Low CI
2012-01-24,2014-11-13,701,2016-03-27,500,2016-03-27,True,0.0276383084541273,0.5354771420380455,6.001504273879449,-0.0005831573619603,-4.1385301137676574e-05,6.323455343651904e-05,7.557348674351446e-05,0.9,6.0,2.150309512418099,1.1574641856994328,True,700,0.2692307692307692,2015-07-20,251,251,0,0,Low CI
2011-12-16,2014-11-13,726,2016-03-27,500,2016-03-27,True,0.0281272307971267,0.5743684475405693,6.013197877201126,-0.0006109224982283,-4.277312497421726e-05,5.292677892930554e-05,6.804986515704193e-05,0.9,6.0,2.250491046261065,1.3466356549389036,True,725,0.2692307692307692,2015-07-20,251,251,0,0,Low CI
2011-11-10,2014-11-13,751,2016-03-27,500,2016-03-27,True,0.0300728489658424,0.6791865599366997,6.033123450019579,-0.0006578948616019,-4.374780403823921e-05,3.493013593811186e-05,5.598200384787198e-05,0.9,6.0,2.467801710736341,1.762784867588231,True,750,0.2692307692307692,2015-07-20,251,251,0,0,Low CI
2012-06-21,2014-11-14,601,2016-03-28,500,2016-03-28,True,0.0234271468948264,0.3298475581906978,6.004666789352148,-0.0005882583368051,-3.735244804200288e-05,5.590581322343221e-05,6.723589314424114e-05,0.9,6.0,2.1598125233937475,1.3123756730868226,True,600,0.2692307692307692,2015-07-20,252,252,0,0,Low CI
2012-05-15,2014-11-14,626,2016-03-28,500,2016-03-28,True,0.0263782139875766,0.435577168407164,6.042343819082225,-0.0006816863892665,-5.36740337223181e-05,3.0402874186793955e-05,6.168660028598239e-05,0.9,6.0,2.626218698053903,1.6576202597635237,True,625,0.2692307692307692,2015-07-20,252,252,0,0,Low CI
2012-04-05,2014-11-14,651,2016-03-28,500,2016-03-28,True,0.0261039366251988,0.4436014952733924,6.036309271927376,-0.0006669279359167,-5.155136000489829e-05,3.4945684119036904e-05,6.227955970382366e-05,0.9,6.0,2.54586645611455,1.606292511752859,True,650,0.2692307692307692,2015-07-20,252,252,0,0,Low CI
2012-03-01,2014-11-14,676,2016-03-28,500,2016-03-28,True,0.0275450262178196,0.5129004452740926,6.012139038129567,-0.0006082917029162,-4.440779485181764e-05,5.41304236004414e-05,7.001539118482696e-05,0.9,6.0,2.257844221642673,1.303195681597672,True,675,0.2692307692307692,2015-07-20,252,252,0,0,Low CI
2012-01-25,2014-11-14,701,2016-03-28,500,2016-03-28,True,0.0276371580975244,0.5354325679030002,6.001274953144432,-0.0005821536192685,-4.189018388802808e-05,6.317363401290586e-05,7.580036636170951e-05,0.9,6.0,2.1563228533772434,1.1520134675021183,True,700,0.2692307692307692,2015-07-20,252,252,0,0,Low CI
2011-12-19,2014-11-14,726,2016-03-28,500,2016-03-28,True,0.0279875326736955,0.5686772412270147,6.011820665783152,-0.0006072044824492,-4.315977249775844e-05,5.386727365544851e-05,6.902498919325698e-05,0.9,6.0,2.246283391454968,1.319531859865608,True,725,0.2692307692307692,2015-07-20,252,252,0,0,Low CI
2011-11-11,2014-11-14,751,2016-03-28,500,2016-03-28,True,0.0300381790341264,0.6776214419643599,6.032190745271373,-0.0006552499016437,-4.420194948912294e-05,3.544979769151097e-05,5.666127862136569e-05,0.9,6.0,2.4656356710840828,1.7346499697502484,True,750,0.2692307692307692,2015-07-20,252,252,0,0,Low CI
2012-06-22,2014-11-17,601,2016-03-31,500,2016-03-31,True,0.0233046639460694,0.3264075243451771,6.00319045482794,-0.0005829824393045,-3.790109649448602e-05,5.643190059735174e-05,6.797832390191544e-05,0.9,6.0,2.1622240311852705,1.2864007359442182,True,600,0.2692307692307692,2015-07-20,255,255,0,0,Low CI
2012-05-16,2014-11-17,626,2016-03-31,500,2016-03-31,True,0.0263390017741303,0.4342831270504851,6.041669342604343,-0.0006781944347855,-5.417546378039456e-05,3.030403205146623e-05,6.207507740145908e-05,0.9,6.0,2.6315854240294114,1.6388085118269182,True,625,0.2692307692307692,2015-07-20,255,255,0,0,Low CI
2012-04-10,2014-11-17,651,2016-03-31,500,2016-03-31,True,0.0260639682287108,0.4422441163275377,6.036939674256078,-0.0006666627676121,-5.25884630966064e-05,3.3891029424480164e-05,6.256315470238144e-05,0.9,6.0,2.5691236157221944,1.5983755233817118,True,650,0.2692307692307692,2015-07-20,255,255,0,0,Low CI
2012-03-02,2014-11-17,676,2016-03-31,500,2016-03-31,True,0.0274678172352483,0.510029144960249,6.012973997897036,-0.0006086453519211,-4.575508724912411e-05,5.290371792423802e-05,6.994520269026535e-05,0.9,6.0,2.283862787032747,1.3052618232083486,True,675,0.2692307692307692,2015-07-20,255,255,0,0,Low CI
2012-01-26,2014-11-17,701,2016-03-31,500,2016-03-31,True,0.0276240684958381,0.534925501344192,6.001169337475911,-0.0005803055274157,-4.314709450516217e-05,6.27158437408169e-05,7.612456121620642e-05,0.9,6.0,2.1734079000758677,1.143465758247728,True,700,0.2692307692307692,2015-07-20,255,255,0,0,Low CI
2011-12-20,2014-11-17,726,2016-03-31,500,2016-03-31,True,0.0278292511450068,0.5622632012058947,6.010697181295877,-0.0006028920319328,-4.420289452405304e-05,5.433679206213085e-05,7.004557699032684e-05,0.9,6.0,2.2537139894690763,1.2910708809267526,True,725,0.2692307692307692,2015-07-20,255,255,0,0,Low CI
2011-11-14,2014-11-17,751,2016-03-31,500,2016-03-31,True,0.0300214996797397,0.6768691227084807,6.031959178948218,-0.0006529374687543,-4.509032067982605e-05,3.5194514665259075e-05,5.719957064115678e-05,0.9,6.0,2.478834627516838,1.7122614595759649,True,750,0.2692307692307692,2015-07-20,255,255,0,0,Low CI
2012-06-25,2014-11-18,601,2016-04-01,500,2016-04-01,True,0.0231540405899465,0.3222018669801756,6.001502266600474,-0.0005782638826735,-3.756743243574394e-05,5.738124320229825e-05,6.858512266705867e-05,0.9,6.0,2.150467673705822,1.2646996757897466,True,600,0.2692307692307692,2015-07-20,256,256,0,0,Low CI
2012-05-18,2014-11-18,626,2016-04-01,500,2016-04-01,True,0.0262979166727154,0.432929343749504,6.04054105886245,-0.0006749033612023,-5.4156074734025535e-05,3.087453321768416e-05,6.233872979141652e-05,0.9,6.0,2.623446490772527,1.623958404655969,True,625,0.2692307692307692,2015-07-20,256,256,0,0,Low CI
2012-04-11,2014-11-18,651,2016-04-01,500,2016-04-01,True,0.0260613698266064,0.4421559432026898,6.036785483759475,-0.0006657632151167,-5.294129945335871e-05,3.37683837834156e-05,6.279398801759804e-05,0.9,6.0,2.5738092155268744,1.590351010028691,True,650,0.2692307692307692,2015-07-20,256,256,0,0,Low CI
2012-03-05,2014-11-18,676,2016-04-01,500,2016-04-01,True,0.0273956116020475,0.5073512056939643,6.0138094321295705,-0.0006101227199727,-4.636351044430377e-05,5.201951488073065e-05,6.968217153006659e-05,0.9,6.0,2.2987680631883083,1.3133690582018864,True,675,0.2692307692307692,2015-07-20,256,256,0,0,Low CI
2012-01-27,2014-11-18,701,2016-04-01,500,2016-04-01,True,0.0276175760502625,0.5346740853313153,6.001314054995351,-0.0005801108515496,-4.357898472827731e-05,6.241398512399471e-05,7.612248977145755e-05,0.9,6.0,2.1803298065605223,1.1431132638159955,True,700,0.2692307692307692,2015-07-20,256,256,0,0,Low CI
2011-12-21,2014-11-18,726,2016-04-01,500,2016-04-01,True,0.027741443902347,0.5587206773054116,6.009825491997742,-0.0006002942444059,-4.452536733512151e-05,5.491577906777432e-05,7.069831063715812e-05,0.9,6.0,2.2520842242021857,1.2736391555807405,True,725,0.2692307692307692,2015-07-20,256,256,0,0,Low CI
2011-11-15,2014-11-18,751,2016-04-01,500,2016-04-01,True,0.029996823228841,0.6757568622705764,6.031390853933432,-0.0006510761951586,-4.545393382440912e-05,3.547396590841119e-05,5.765815083216667e-05,0.9,6.0,2.478894251744035,1.6938009260490787,True,750,0.2692307692307692,2015-07-20,256,256,0,0,Low CI
2012-06-26,2014-11-19,601,2016-04-02,500,2016-04-02,True,0.0229124911992273,0.3155143340257562,5.999399992339007,-0.0005725157317368,-3.704473753590573e-05,5.859266011673144e-05,6.932108192071843e-05,0.9,6.0,2.1345863929868103,1.2388346716623428,True,600,0.2692307692307692,2015-07-20,257,257,0,0,Low CI
2012-05-21,2014-11-19,626,2016-04-02,500,2016-04-02,True,0.0261853179323925,0.4292299678880195,6.038861829231474,-0.0006702593261976,-5.392274592912183e-05,3.183459048252619e-05,6.261871668859697e-05,0.9,6.0,2.6082811162612685,1.6055726505802874,True,625,0.2692307692307692,2015-07-20,257,257,0,0,Low CI
2012-04-12,2014-11-19,651,2016-04-02,500,2016-04-02,True,0.0260559279177547,0.4419713081555546,6.036763637787619,-0.0006651907417244,-5.334232490100184e-05,3.3539296590027215e-05,6.30102217231288e-05,0.9,6.0,2.580297090364079,1.583530553139504,True,650,0.2692307692307692,2015-07-20,257,257,0,0,Low CI
2012-03-06,2014-11-19,676,2016-04-02,500,2016-04-02,True,0.0273387186274547,0.5052461424652127,6.014511128956876,-0.0006112846906125,-4.694742366922517e-05,5.123836930965946e-05,6.949410823005629e-05,0.9,6.0,2.3125199738550686,1.3194313291759563,True,675,0.2692307692307692,2015-07-20,257,257,0,0,Low CI
2012-01-30,2014-11-19,701,2016-04-02,500,2016-04-02,True,0.0276129264623479,0.5344940691783412,6.001293837670831,-0.0005795272586582,-4.398675814019157e-05,6.224667971726241e-05,7.621997131662514e-05,0.9,6.0,2.1859729697029224,1.140502775022358,True,700,0.2692307692307692,2015-07-20,257,257,0,0,Low CI
2011-12-22,2014-11-19,726,2016-04-02,500,2016-04-02,True,0.0276349439526084,0.5544390323935248,6.008860851138115,-0.0005974797731514,-4.484286027148849e-05,5.5573508945778674e-05,7.140936222845561e-05,0.9,6.0,2.2497369421532505,1.2550450413770489,True,725,0.2692307692307692,2015-07-20,257,257,0,0,Low CI
2011-11-16,2014-11-19,751,2016-04-02,500,2016-04-02,True,0.0299613776137893,0.6741607955355726,6.030730034283402,-0.0006490012682863,-4.581990485036353e-05,3.583305624452531e-05,5.8167616422883285e-05,0.9,6.0,2.4778984892701774,1.673614912036444,True,750,0.2692307692307692,2015-07-20,257,257,0,0,Low CI
2012-06-27,2014-11-20,601,2016-04-03,500,2016-04-03,True,0.0226540674090903,0.3084372688755402,5.997146815323407,-0.00056641962069,-3.650156399738489e-05,5.989795449553235e-05,7.01436321201294e-05,0.9,6.0,2.118095900867706,1.2112709384367348,True,600,0.2692307692307692,2015-07-20,258,258,0,0,Low CI
2012-05-22,2014-11-20,626,2016-04-03,500,2016-04-03,True,0.0260869829120937,0.4260122040873763,6.0372038821299245,-0.0006656911361351,-5.3736401645894375e-05,3.2765499757332606e-05,6.293789666168263e-05,0.9,6.0,2.594038540884861,1.58654285758902,True,625,0.2692307692307692,2015-07-20,258,258,0,0,Low CI
2012-04-13,2014-11-20,651,2016-04-03,500,2016-04-03,True,0.026041630112937,0.4414863908093069,6.036894050197118,-0.0006650145309765,-5.383375975663332e-05,3.3175098994546454e-05,6.323496566641647e-05,0.9,6.0,2.589309631398214,1.5774845229251782,True,650,0.2692307692307692,2015-07-20,258,258,0,0,Low CI
2012-03-07,2014-11-20,676,2016-04-03,500,2016-04-03,True,0.0273274968970776,0.5048314505820167,6.01466322316559,-0.0006111453127381,-4.742725906022982e-05,5.088250217309128e-05,6.955842098093365e-05,0.9,6.0,2.321062460605471,1.3179108383706608,True,675,0.2692307692307692,2015-07-20,258,258,0,0,Low CI
2012-01-31,2014-11-20,701,2016-04-03,500,2016-04-03,True,0.0276044051334154,0.5341642311215833,6.001026198645914,-0.0005783746437322,-4.438117272212651e-05,6.226680432964911e-05,7.646465466879475e-05,0.9,6.0,2.1900335914399465,1.134592145032459,True,700,0.2692307692307692,2015-07-20,258,258,0,0,Low CI
2011-12-23,2014-11-20,726,2016-04-03,500,2016-04-03,True,0.0275570420090119,0.551317549671962,6.007979449501016,-0.0005948819472879,-4.519293558966162e-05,5.613329755904233e-05,7.206489105010353e-05,0.9,6.0,2.2486394894815325,1.238221425064623,True,725,0.2692307692307692,2015-07-20,258,258,0,0,Low CI
2011-11-17,2014-11-20,751,2016-04-03,500,2016-04-03,True,0.0299263184934413,0.6725839884667397,6.030011589976639,-0.000646809885865,-4.620639487989708e-05,3.62193763289428e-05,5.871008558548148e-05,0.9,6.0,2.476770523727493,1.652552230374342,True,750,0.2692307692307692,2015-07-20,258,258,0,0,Low CI
2012-06-28,2014-11-21,601,2016-04-04,500,2016-04-04,True,0.0224683511162712,0.3034009079323118,5.995996850778712,-0.0005628375981271,-3.60299192325566e-05,6.052757516857813e-05,7.043963682254776e-05,0.9,6.0,2.1077265962226366,1.1985530239425095,True,600,0.2692307692307692,2015-07-20,259,259,0,0,Low CI
2012-05-23,2014-11-21,626,2016-04-04,500,2016-04-04,True,0.0260312099904165,0.4241925573717903,6.036657015819969,-0.0006636468678976,-5.360396058979633e-05,3.2992635501478994e-05,6.294361435638956e-05,0.9,6.0,2.589862132591385,1.5815270731199436,True,625,0.2692307692307692,2015-07-20,259,259,0,0,Low CI
2012-04-16,2014-11-21,651,2016-04-04,500,2016-04-04,True,0.0260318158011073,0.4411536874707096,6.037336455550095,-0.0006654043868255,-5.40872735687025e-05,3.269165478334208e-05,6.319950517661414e-05,0.9,6.0,2.597926444460914,1.579294928732618,True,650,0.2692307692307692,2015-07-20,259,259,0,0,Low CI
2012-03-08,2014-11-21,676,2016-04-04,500,2016-04-04,True,0.0273095400175913,0.5041682197573566,6.015488242595049,-0.000612450192516,-4.77827189674661e-05,5.012544806047662e-05,6.925134493414106e-05,0.9,6.0,2.332271234195224,1.3265811510920729,True,675,0.2692307692307692,2015-07-20,259,259,0,0,Low CI
2012-02-01,2014-11-21,701,2016-04-04,500,2016-04-04,True,0.0276055326343562,0.5342078678505824,6.001374845880903,-0.0005785272235035,-4.462983123564364e-05,6.192959601590358e-05,7.633542230717699e-05,0.9,6.0,2.1952501768926203,1.136812778428402,True,700,0.2692307692307692,2015-07-20,259,259,0,0,Low CI
2011-12-27,2014-11-21,726,2016-04-04,500,2016-04-04,True,0.0275019375078178,0.5491148674125262,6.007667210333031,-0.0005934735413663,-4.53801663603912e-05,5.637496362397461e-05,7.237054665056249e-05,0.9,6.0,2.248560546299619,1.2300726652623195,True,725,0.2692307692307692,2015-07-20,259,259,0,0,Low CI
2011-11-18,2014-11-21,751,2016-04-04,500,2016-04-04,True,0.0298555396527441,0.6694062892153911,6.02952938630797,-0.0006450236014203,-4.641728283369239e-05,3.658931590238361e-05,5.9104502230095946e-05,0.9,6.0,2.4740456612612687,1.636991033887646,True,750,0.2692307692307692,2015-07-20,259,259,0,0,Low CI
2012-06-29,2014-11-24,601,2016-04-07,500,2016-04-07,True,0.0222380472834098,0.2972129789344829,5.994914681164281,-0.0005583304874786,-3.630668008374305e-05,6.082801623878745e-05,7.083941401684131e-05,0.9,6.0,2.1089143543019926,1.182245424868748,True,600,0.2692307692307692,2015-07-20,262,262,0,0,Low CI
2012-05-24,2014-11-24,626,2016-04-07,500,2016-04-07,True,0.0258878923042435,0.4195345379405261,6.036121219013195,-0.0006602907088645,-5.372841021682178e-05,3.2870782579535465e-05,6.298595408357462e-05,0.9,6.0,2.592545336655246,1.5724713195304427,True,625,0.2692307692307692,2015-07-20,262,262,0,0,Low CI
2012-04-17,2014-11-24,651,2016-04-07,500,2016-04-07,True,0.0260038754342293,0.4402072009768931,6.038311719675582,-0.0006657565011444,-5.478309807464431e-05,3.14798294993991e-05,6.318360151152618e-05,0.9,6.0,2.62003898259178,1.5805283773423973,True,650,0.2692307692307692,2015-07-20,262,262,0,0,Low CI
2012-03-09,2014-11-24,676,2016-04-07,500,2016-04-07,True,0.0272534938347688,0.5021009781124064,6.016856401757429,-0.0006138695760453,-4.883163527905008e-05,4.859885179331949e-05,6.889395473955027e-05,0.9,6.0,2.3585837119830417,1.3365532107265492,True,675,0.2692307692307692,2015-07-20,262,262,0,0,Low CI
2012-02-02,2014-11-24,701,2016-04-07,500,2016-04-07,True,0.0275940907734922,0.5337651257766285,6.002160397391756,-0.0005786205725276,-4.570031972430564e-05,6.086758706898919e-05,7.611427184506687e-05,0.9,6.0,2.214819066274373,1.140299759496061,True,700,0.2692307692307692,2015-07-20,262,262,0,0,Low CI
2011-12-28,2014-11-24,726,2016-04-07,500,2016-04-07,True,0.0274369124322375,0.5465213029291603,6.007514828751151,-0.0005913081872453,-4.626969751396174e-05,5.6150542118640895e-05,7.275828673251441e-05,0.9,6.0,2.260018572865861,1.2190532799772242,True,725,0.2692307692307692,2015-07-20,262,262,0,0,Low CI
2011-11-21,2014-11-24,751,2016-04-07,500,2016-04-07,True,0.0297519796018318,0.6647703979610933,6.0292563371904295,-0.0006424684241907,-4.710118512410821e-05,3.6559532538249474e-05,5.962483592858628e-05,0.9,6.0,2.481538710550244,1.6162772128049931,True,750,0.2692307692307692,2015-07-20,262,262,0,0,Low CI
2012-07-02,2014-11-25,601,2016-04-08,500,2016-04-08,True,0.0221415874283353,0.2946401862018165,5.994349372762724,-0.0005561825914087,-3.605007988856128e-05,6.10848527373357e-05,7.092931336135744e-05,0.9,6.0,2.1039520670674325,1.1762046572518796,True,600,0.2692307692307692,2015-07-20,263,263,0,0,Low CI
2012-05-25,2014-11-25,626,2016-04-08,500,2016-04-08,True,0.0257934959345076,0.4164805747596868,6.035341545024144,-0.0006576557994415,-5.346199260922092e-05,3.327367292314104e-05,6.297080246864067e-05,0.9,6.0,2.584879629547658,1.5665731743749238,True,625,0.2692307692307692,2015-07-20,263,263,0,0,Low CI
2012-04-18,2014-11-25,651,2016-04-08,500,2016-04-08,True,0.0259690612126192,0.4390292833123621,6.039284414875623,-0.0006674180488183,-5.516227707233281e-05,3.0597280867685384e-05,6.307987324258698e-05,0.9,6.0,2.6351652702520147,1.5870784479503606,True,650,0.2692307692307692,2015-07-20,263,263,0,0,Low CI
2012-03-12,2014-11-25,676,2016-04-08,500,2016-04-08,True,0.0271967449560131,0.5000121448728412,6.018128804852462,-0.000616231924773,-4.925036535707866e-05,4.748493513468823e-05,6.84135772529933e-05,0.9,6.0,2.37444257802173,1.3511176060000127,True,675,0.2692307692307692,2015-07-20,263,263,0,0,Low CI
2012-02-03,2014-11-25,701,2016-04-08,500,2016-04-08,True,0.0275907692998807,0.5336366359420284,6.002928083322073,-0.0005797553214057,-4.598158327202816e-05,6.018450258032639e-05,7.573955605259232e-05,0.9,6.0,2.223203930728275,1.1481886446559548,True,700,0.2692307692307692,2015-07-20,263,263,0,0,Low CI
2011-12-29,2014-11-25,726,2016-04-08,500,2016-04-08,True,0.0273622827033869,0.5435522177012884,6.007149606196195,-0.0005897587290888,-4.642130870610568e-05,5.64546799069172e-05,7.308945741610101e-05,0.9,6.0,2.258973169267273,1.2103497890222317,True,725,0.2692307692307692,2015-07-20,263,263,0,0,Low CI
2011-11-22,2014-11-25,751,2016-04-08,500,2016-04-08,True,0.0295378260020313,0.6552348568596364,6.028285297736061,-0.0006395230559462,-4.729100968425546e-05,3.739231499003443e-05,6.028784966533719e-05,0.9,6.0,2.472557154885508,1.5911739915163137,True,750,0.2692307692307692,2015-07-20,263,263,0,0,Low CI
2012-07-03,2014-11-26,601,2016-04-09,500,2016-04-09,True,0.0220906268332483,0.293285472125386,5.994133288075054,-0.0005549046881333,-3.5950159096315874e-05,6.111096062984796e-05,7.090108213668709e-05,0.9,6.0,2.102551214070244,1.1739694333514052,True,600,0.2692307692307692,2015-07-20,264,264,0,0,Low CI
2012-05-29,2014-11-26,626,2016-04-09,500,2016-04-09,True,0.0257033524149426,0.4135746156795785,6.034590187123335,-0.0006550919661593,-5.320661259919722e-05,3.365695626531592e-05,6.295819509266796e-05,0.9,6.0,2.5775675914035325,1.5607784622679426,True,625,0.2692307692307692,2015-07-20,264,264,0,0,Low CI
2012-04-19,2014-11-26,651,2016-04-09,500,2016-04-09,True,0.0259444773097518,0.4381984527724255,6.040116608018264,-0.0006687406356852,-5.5497749115852304e-05,2.9818728308738464e-05,6.300124375658346e-05,0.9,6.0,2.648555148256867,1.5922081751330477,True,650,0.2692307692307692,2015-07-20,264,264,0,0,Low CI
2012-03-13,2014-11-26,676,2016-04-09,500,2016-04-09,True,0.0271441066609041,0.4980785078589346,6.019345579183715,-0.0006184648698575,-4.9660483467064033e-05,4.641290908936928e-05,6.797294865106705e-05,0.9,6.0,2.3899846811630514,1.3648036802825942,True,675,0.2692307692307692,2015-07-20,264,264,0,0,Low CI
2012-02-06,2014-11-26,701,2016-04-09,500,2016-04-09,True,0.0275638839603868,0.5325971569861511,6.003967685826213,-0.0005815424509262,-4.631085564731421e-05,5.926342021915962e-05,7.521202248882204e-05,0.9,6.0,2.2341178039270453,1.1598061686468135,True,700,0.2692307692307692,2015-07-20,264,264,0,0,Low CI
2011-12-30,2014-11-26,726,2016-04-09,500,2016-04-09,True,0.0273099249178424,0.5414740312872065,6.006906576857332,-0.0005884997479037,-4.658404855114676e-05,5.664873204773053e-05,7.33427053089206e-05,0.9,6.0,2.259006611837872,1.2035956652231985,True,725,0.2692307692307692,2015-07-20,264,264,0,0,Low CI
2011-11-23,2014-11-26,751,2016-04-09,500,2016-04-09,True,0.0292856742720787,0.6440956888952937,6.027212663004186,-0.0006363395206423,-4.748099841309764e-05,3.83187637657393e-05,6.101452996491177e-05,0.9,6.0,2.4625775872578592,1.5643966797947757,True,750,0.2692307692307692,2015-07-20,264,264,0,0,Low CI
2012-07-04,2014-11-27,601,2016-04-10,500,2016-04-10,True,0.0220690718904592,0.292713404397862,5.994281922844508,-0.0005544982406814,-3.5946003309087594e-05,6.090694659021396e-05,7.072320196965146e-05,0.9,6.0,2.1039632362056437,1.176060101717624,True,600,0.2692307692307692,2015-07-20,265,265,0,0,Low CI
2012-05-30,2014-11-27,626,2016-04-10,500,2016-04-10,True,0.0256315941616417,0.411268615661209,6.034107542070486,-0.00065315267325,-5.298637650449851e-05,3.385901295609639e-05,6.2880751056564e-05,0.9,6.0,2.5729795789816885,1.558074599003698,True,625,0.2692307692307692,2015-07-20,265,265,0,0,Low CI
2012-04-20,2014-11-27,651,2016-04-10,500,2016-04-10,True,0.025926557881374,0.4375933487281299,6.040955965206283,-0.0006700503113003,-5.577941681406644e-05,2.905226265137147e-05,6.289179044423549e-05,0.9,6.0,2.6614108117561512,1.5981028045969836,True,650,0.2692307692307692,2015-07-20,265,265,0,0,Low CI
2012-03-14,2014-11-27,676,2016-04-10,500,2016-04-10,True,0.0270411538328452,0.4943074244134423,6.020973446098072,-0.0006216622306399,-5.0126837028296366e-05,4.50257982157709e-05,6.737968755811132e-05,0.9,6.0,2.4097522349549374,1.3839383644451813,True,675,0.2692307692307692,2015-07-20,265,265,0,0,Low CI
2012-02-07,2014-11-27,701,2016-04-10,500,2016-04-10,True,0.0275415479633188,0.5317343418152713,6.005062307760175,-0.0005834361975928,-4.6610079941431786e-05,5.832059556442173e-05,7.465782892058614e-05,0.9,6.0,2.2450519938697577,1.172220394086516,True,700,0.2692307692307692,2015-07-20,265,265,0,0,Low CI
2012-01-03,2014-11-27,726,2016-04-10,500,2016-04-10,True,0.0272778189605956,0.5402016496613464,6.006852964180298,-0.0005876636012828,-4.672766935936457e-05,5.670474325368083e-05,7.347722770507852e-05,0.9,6.0,2.260032161991404,1.1996851670322493,True,725,0.2692307692307692,2015-07-20,265,265,0,0,Low CI
2011-11-25,2014-11-27,751,2016-04-10,500,2016-04-10,True,0.0289565459399037,0.6296996461300863,6.026021013234324,-0.0006328511854509,-4.76412696000378e-05,3.938947439552788e-05,6.181602755159403e-05,0.9,6.0,2.450726605406029,1.5356483031590134,True,750,0.2692307692307692,2015-07-20,265,265,0,0,Low CI
2012-07-05,2014-11-28,601,2016-04-11,500,2016-04-11,True,0.0220445339535503,0.2920628478147702,5.994372077508008,-0.0005539576799024,-3.5933582714396744e-05,6.073878568363194e-05,7.057210818031841e-05,0.9,6.0,2.105022767852324,1.177429074005386,True,600,0.2692307692307692,2015-07-20,266,266,0,0,Low CI
2012-05-31,2014-11-28,626,2016-04-11,500,2016-04-11,True,0.0255035195806837,0.4071688738874519,6.033229614196571,-0.0006502481579488,-5.26217517171194e-05,3.433830495250958e-05,6.283444867896672e-05,0.9,6.0,2.5634271575889027,1.5522890029746088,True,625,0.2692307692307692,2015-07-20,266,266,0,0,Low CI
2012-04-23,2014-11-28,651,2016-04-11,500,2016-04-11,True,0.0259016222243318,0.4367520160376534,6.0418681118851945,-0.0006715472820037,-5.6098801521190135e-05,2.822225157204835e-05,6.279785837040839e-05,0.9,6.0,2.6754831354421404,1.6040689111785644,True,650,0.2692307692307692,2015-07-20,266,266,0,0,Low CI
2012-03-15,2014-11-28,676,2016-04-11,500,2016-04-11,True,0.0269245659188182,0.490054200943749,6.022632382198716,-0.0006249449441553,-5.0613882518122624e-05,4.360185877178935e-05,6.680484407521197e-05,0.9,6.0,2.4304827112903995,1.403217729507106,True,675,0.2692307692307692,2015-07-20,266,266,0,0,Low CI
2012-02-08,2014-11-28,701,2016-04-11,500,2016-04-11,True,0.0275217315353696,0.5309694404001768,6.006094617468379,-0.0005851902531207,-4.690845935032047e-05,5.741992519849906e-05,7.41448000093189e-05,0.9,6.0,2.2557797024901065,1.1838798938979471,True,700,0.2692307692307692,2015-07-20,266,266,0,0,Low CI
2012-01-04,2014-11-28,726,2016-04-11,500,2016-04-11,True,0.0272782779286753,0.5402198283434463,6.007151852461133,-0.0005876692501013,-4.6910010872081335e-05,5.6437071306370505e-05,7.33872750390634e-05,0.9,6.0,2.26426920569014,1.201167197832121,True,725,0.2692307692307692,2015-07-20,266,266,0,0,Low CI
2011-11-28,2014-11-28,751,2016-04-11,500,2016-04-11,True,0.0286448513350461,0.6162161585131798,6.024875588777009,-0.0006294756061471,-4.7804314976674576e-05,4.041177031915313e-05,6.259683467011011e-05,0.9,6.0,2.439799565657769,1.5084044012716555,True,750,0.2692307692307692,2015-07-20,266,266,0,0,Low CI
2012-07-06,2014-12-01,601,2016-04-14,500,2016-04-14,True,0.0220003237300341,0.290892560780008,5.994403652794254,-0.0005522593717437,-3.672331707902084e-05,6.029957562634107e-05,7.06019889096839e-05,0.9,6.0,2.117817797963365,1.173322551402029,True,600,0.2692307692307692,2015-07-20,269,269,0,0,Low CI
2012-06-01,2014-12-01,626,2016-04-14,500,2016-04-14,True,0.0253394140715566,0.4019457768366171,6.032547500014415,-0.0006465804590768,-5.271879872152362e-05,3.43101009568987e-05,6.290035585203871e-05,0.9,6.0,2.564645831092736,1.5419160598975878,True,625,0.2692307692307692,2015-07-20,269,269,0,0,Low CI
2012-04-24,2014-12-01,651,2016-04-14,500,2016-04-14,True,0.0258767036314598,0.4359120678305934,6.042631909953686,-0.0006713861006595,-5.665939049676561e-05,2.7143719937469104e-05,6.282569588559072e-05,0.9,6.0,2.6948301575684805,1.6029733324774098,True,650,0.2692307692307692,2015-07-20,269,269,0,0,Low CI
2012-03-16,2014-12-01,676,2016-04-14,500,2016-04-14,True,0.026780209985269,0.4848134412740513,6.024520584191441,-0.0006276026689224,-5.1689756699784266e-05,4.161769904256199e-05,6.636161406476004e-05,0.9,6.0,2.4637229685659308,1.4185972066096155,True,675,0.2692307692307692,2015-07-20,269,269,0,0,Low CI
2012-02-09,2014-12-01,701,2016-04-14,500,2016-04-14,True,0.0274920794900035,0.5298259187139573,6.007119934532663,-0.0005858556305585,-4.7949055648372166e-05,5.611885907089243e-05,7.381353724750886e-05,0.9,6.0,2.2778506333260826,1.190545093227341,True,700,0.2692307692307692,2015-07-20,269,269,0,0,Low CI
2012-01-05,2014-12-01,726,2016-04-14,500,2016-04-14,True,0.0272624129704269,0.5395916308642958,6.00739239593092,-0.0005864622053353,-4.782779510313657e-05,5.582074741733076e-05,7.350818884081591e-05,0.9,6.0,2.279230896872212,1.1967283126890211,True,725,0.2692307692307692,2015-07-20,269,269,0,0,Low CI
2011-11-29,2014-12-01,751,2016-04-14,500,2016-04-14,True,0.0284811616141242,0.6091936017342875,6.024361110720292,-0.0006264049681577,-4.852697402722281e-05,4.0543902065193885e-05,6.323507889542631e-05,0.9,6.0,2.445581719678854,1.4858959119675264,True,750,0.2692307692307692,2015-07-20,269,269,0,0,Low CI
2012-07-09,2014-12-02,601,2016-04-15,500,2016-04-15,True,0.0219406799470123,0.2893174553588764,5.99416261999989,-0.0005509005151458,-3.656023537324561e-05,6.034317259177592e-05,7.055458375603937e-05,0.9,6.0,2.1155222512606997,1.1712219514696396,True,600,0.2692307692307692,2015-07-20,270,270,0,0,Low CI
2012-06-04,2014-12-02,626,2016-04-15,500,2016-04-15,True,0.0250881633541758,0.3940143787441191,6.031079800286412,-0.0006422357943504,-5.213302478430967e-05,3.520929015092967e-05,6.290903262722929e-05,0.9,6.0,2.5475860883013968,1.5313439919415603,True,625,0.2692307692307692,2015-07-20,270,270,0,0,Low CI
2012-04-25,2014-12-02,651,2016-04-15,500,2016-04-15,True,0.0258659903630446,0.4355511968071867,6.043241223455603,-0.00067215091258,-5.687677891170146e-05,2.6538962928507705e-05,6.27637198761456e-05,0.9,6.0,2.705016516211585,1.6063840238590277,True,650,0.2692307692307692,2015-07-20,270,270,0,0,Low CI
2012-03-19,2014-12-02,676,2016-04-15,500,2016-04-15,True,0.0266235373172451,0.4791574117551353,6.026346152393439,-0.000631287407795,-5.2201608057448384e-05,4.0044851165165136e-05,6.579208150395979e-05,0.9,6.0,2.4872250369861293,1.439278238423824,True,675,0.2692307692307692,2015-07-20,270,270,0,0,Low CI
2012-02-10,2014-12-02,701,2016-04-15,500,2016-04-15,True,0.0274694389412669,0.5289536230993412,6.008167171516404,-0.0005876471396526,-4.823806684255827e-05,5.519561603352865e-05,7.330393660662327e-05,0.9,6.0,2.289029870163084,1.202487547441289,True,700,0.2692307692307692,2015-07-20,270,270,0,0,Low CI
2012-01-06,2014-12-02,726,2016-04-15,500,2016-04-15,True,0.0272473084356215,0.5389938831317564,6.007471347618916,-0.0005859516705593,-4.7986124546178544e-05,5.5740410940746335e-05,7.355040149995534e-05,0.9,6.0,2.281576270550518,1.1950002826830566,True,725,0.2692307692307692,2015-07-20,270,270,0,0,Low CI
2011-11-30,2014-12-02,751,2016-04-15,500,2016-04-15,True,0.0283527882719907,0.6037143327000494,6.023764205828449,-0.0006243236953186,-4.86941740136299e-05,4.105610572648569e-05,6.369243597393682e-05,0.9,6.0,2.441093480633816,1.4703245819663653,True,750,0.2692307692307692,2015-07-20,270,270,0,0,Low CI
2012-07-10,2014-12-03,601,2016-04-16,500,2016-04-16,True,0.0218736843315447,0.2875532978078745,5.994026766713693,-0.0005497401465506,-3.632530264714524e-05,6.032519493087217e-05,7.041773040828867e-05,0.9,6.0,2.1128011288514688,1.1710264091796567,True,600,0.2692307692307692,2015-07-20,271,271,0,0,Low CI
2012-06-05,2014-12-03,626,2016-04-16,500,2016-04-16,True,0.0247952576552388,0.3848678061707391,6.029674860755702,-0.0006379842491728,-5.145703109474869e-05,3.608272924563263e-05,6.284734997515461e-05,0.9,6.0,2.530047976913345,1.5226996430838675,True,625,0.2692307692307692,2015-07-20,271,271,0,0,Low CI
2012-04-26,2014-12-03,651,2016-04-16,500,2016-04-16,True,0.0258482319035885,0.4349533412446425,6.044221978287158,-0.0006737691201952,-5.712285238578385e-05,2.5680462440393444e-05,6.262991630076245e-05,0.9,6.0,2.7191001350234925,1.6136915710368165,True,650,0.2692307692307692,2015-07-20,271,271,0,0,Low CI
2012-03-20,2014-12-03,676,2016-04-16,500,2016-04-16,True,0.0264719454061328,0.4737163920636486,6.028285098280854,-0.0006352015073234,-5.2668336684126885e-05,3.84181599426195e-05,6.519132382801595e-05,0.9,6.0,2.5113831842205783,1.4615476493448014,True,675,0.2692307692307692,2015-07-20,271,271,0,0,Low CI
2012-02-13,2014-12-03,701,2016-04-16,500,2016-04-16,True,0.0274649912999762,0.5287823487225467,6.009204918398639,-0.0005893727138245,-4.845679539599328e-05,5.432362474671046e-05,7.279503572133589e-05,0.9,6.0,2.299175168034787,1.2144496695091431,True,700,0.2692307692307692,2015-07-20,271,271,0,0,Low CI
2012-01-09,2014-12-03,726,2016-04-16,500,2016-04-16,True,0.0272384096813861,0.5386418783909666,6.007675612718411,-0.0005856958020005,-4.809691465158641e-05,5.559855742541805e-05,7.351539149585952e-05,0.9,6.0,2.283977286103879,1.19504730250975,True,725,0.2692307692307692,2015-07-20,271,271,0,0,Low CI
2011-12-01,2014-12-03,751,2016-04-16,500,2016-04-16,True,0.0283196213938546,0.602302717874342,6.023728482724461,-0.0006235183814601,-4.881350590815061e-05,4.111093822570846e-05,6.381902224919364e-05,0.9,6.0,2.441641917400712,1.4655153576911584,True,750,0.2692307692307692,2015-07-20,271,271,0,0,Low CI
2012-07-11,2014-12-04,601,2016-04-17,500,2016-04-17,True,0.0218138944405767,0.2859834403894397,5.993568551685969,-0.0005479289888405,-3.622047746909069e-05,6.0492324747496977e-05,7.050705171431819e-05,0.9,6.0,2.110304696473841,1.165689761913392,True,600,0.2692307692307692,2015-07-20,272,272,0,0,Low CI
2012-06-06,2014-12-04,626,2016-04-17,500,2016-04-17,True,0.024501499735367,0.3758025042906532,6.027852080114475,-0.0006328401488734,-5.086030081686763e-05,3.720174844683589e-05,6.301381028539634e-05,0.9,6.0,2.5100698679436246,1.5064320329318657,True,625,0.2692307692307692,2015-07-20,272,272,0,0,Low CI
2012-04-27,2014-12-04,651,2016-04-17,500,2016-04-17,True,0.0258267786594299,0.4342316448459953,6.044813779125332,-0.0006745673128924,-5.746006104526502e-05,2.503919035285764e-05,6.267870187593408e-05,0.9,6.0,2.730637838841248,1.6143457650758253,True,650,0.2692307692307692,2015-07-20,272,272,0,0,Low CI
2012-03-21,2014-12-04,676,2016-04-17,500,2016-04-17,True,0.0263533552234113,0.469481548115161,6.029664215977864,-0.0006378847853433,-5.318400794311586e-05,3.7145447203803405e-05,6.487158814815588e-05,0.9,6.0,2.5319193817729224,1.4749556860389068,True,675,0.2692307692307692,2015-07-20,272,272,0,0,Low CI
2012-02-14,2014-12-04,701,2016-04-17,500,2016-04-17,True,0.0274384217718089,0.5277597595187041,6.010027116921109,-0.0005906946149797,-4.8803019629444825e-05,5.352202052135398e-05,7.243163263133183e-05,0.9,6.0,2.3101093910161468,1.2232803407585695,True,700,0.2692307692307692,2015-07-20,272,272,0,0,Low CI
2012-01-10,2014-12-04,726,2016-04-17,500,2016-04-17,True,0.0272106639967639,0.5375450907151149,6.007519094199991,-0.0005846881080857,-4.830943174733091e-05,5.565411484674169e-05,7.36965514466202e-05,0.9,6.0,2.285664955583569,1.1900586186368125,True,725,0.2692307692307692,2015-07-20,272,272,0,0,Low CI
2011-12-02,2014-12-04,751,2016-04-17,500,2016-04-17,True,0.0282662360400256,0.6000340550027023,6.02333449642994,-0.0006219688666127,-4.9043870733545024e-05,4.1364484362095495e-05,6.415856780719717e-05,0.9,6.0,2.440932200546961,1.4541367299886645,True,750,0.2692307692307692,2015-07-20,272,272,0,0,Low CI
2012-07-12,2014-12-05,601,2016-04-18,500,2016-04-18,True,0.0217795189588765,0.2850828150941191,5.993766049563662,-0.0005475527868999,-3.604728791919851e-05,6.02669605742504e-05,7.02247356932573e-05,0.9,6.0,2.109837380342487,1.1695724764811308,True,600,0.2692307692307692,2015-07-20,273,273,0,0,Low CI
2012-06-07,2014-12-05,626,2016-04-18,500,2016-04-18,True,0.0243326876526187,0.3706418849383399,6.0271088361133245,-0.0006301733066034,-5.036085067532295e-05,3.763046748375232e-05,6.286706103984754e-05,0.9,6.0,2.4998752527637595,1.5035854138401314,True,625,0.2692307692307692,2015-07-20,273,273,0,0,Low CI
2012-04-30,2014-12-05,651,2016-04-18,500,2016-04-18,True,0.025798750673869,0.4332896741524302,6.046094172476928,-0.0006768780324603,-5.7732126005216544e-05,2.397148028623108e-05,6.251104094634295e-05,0.9,6.0,2.748035613539963,1.624220351029023,True,650,0.2692307692307692,2015-07-20,273,273,0,0,Low CI
2012-03-22,2014-12-05,676,2016-04-18,500,2016-04-18,True,0.0262450863416432,0.4656318805862894,6.031511247613885,-0.0006415447433268,-5.3565590462132245e-05,3.561540677375134e-05,6.432518698936402e-05,0.9,6.0,2.5548187113922705,1.4960191489988623,True,675,0.2692307692307692,2015-07-20,273,273,0,0,Low CI
2012-02-15,2014-12-05,701,2016-04-18,500,2016-04-18,True,0.0274309217594202,0.527471283468578,6.011245567692637,-0.0005928210312181,-4.900076055321849e-05,5.252512408107597e-05,7.183288379653347e-05,0.9,6.0,2.321494483625981,1.2379170928818135,True,700,0.2692307692307692,2015-07-20,273,273,0,0,Low CI
2012-01-11,2014-12-05,726,2016-04-18,500,2016-04-18,True,0.0272210267298576,0.5379545990612545,6.0079971703693085,-0.0005850488185182,-4.839740079224762e-05,5.530551836637591e-05,7.349155574090804e-05,0.9,6.0,2.289678267565153,1.1941143699164447,True,725,0.2692307692307692,2015-07-20,273,273,0,0,Low CI
2011-12-05,2014-12-05,751,2016-04-18,500,2016-04-18,True,0.0282399277745432,0.5989176340542746,6.023407952800162,-0.0006213889543185,-4.912408322020166e-05,4.13611194586147e-05,6.4217737075477e-05,0.9,6.0,2.441777558962308,1.4514423489920103,True,750,0.2692307692307692,2015-07-20,273,273,0,0,Low CI
2012-07-13,2014-12-08,601,2016-04-21,500,2016-04-21,True,0.0216845754086577,0.2826027072029123,5.993593321053036,-0.0005452796623213,-3.656352833365267e-05,5.996456844037527e-05,7.023276352562436e-05,0.9,6.0,2.118355731320239,1.1645839525930863,True,600,0.2692307692307692,2015-07-20,276,276,0,0,Low CI
2012-06-08,2014-12-08,626,2016-04-21,500,2016-04-21,True,0.0241884306491822,0.3662601909712076,6.0267802470427405,-0.0006273491258907,-5.049618695225559e-05,3.739242520119185e-05,6.283357668590794e-05,0.9,6.0,2.504199336470358,1.4976446328053097,True,625,0.2692307692307692,2015-07-20,276,276,0,0,Low CI
2012-05-02,2014-12-08,651,2016-04-21,500,2016-04-21,True,0.0257612800021305,0.43203194932366,6.047548541154816,-0.0006783163079044,-5.830658753725924e-05,2.239395558787974e-05,6.245916583746539e-05,0.9,6.0,2.774891849774761,1.6290234559077288,True,650,0.2692307692307692,2015-07-20,276,276,0,0,Low CI
2012-03-23,2014-12-08,676,2016-04-21,500,2016-04-21,True,0.02615430980896,0.4624163949901507,6.033349984819122,-0.0006439812604366,-5.438007607240727e-05,3.371078065881377e-05,6.398132076057398e-05,0.9,6.0,2.586661571003288,1.5097717258287378,True,675,0.2692307692307692,2015-07-20,276,276,0,0,Low CI
2012-02-16,2014-12-08,701,2016-04-21,500,2016-04-21,True,0.0273963605868027,0.5261429619548867,6.012586613149065,-0.0005941644181717,-4.991012408258598e-05,5.100073578833326e-05,7.135892051376973e-05,0.9,6.0,2.3453872366732305,1.248963158131818,True,700,0.2692307692307692,2015-07-20,276,276,0,0,Low CI
2012-01-12,2014-12-08,726,2016-04-21,500,2016-04-21,True,0.0272132228371829,0.5376461949571618,6.008413914566304,-0.000584211848315,-4.921682289862638e-05,5.457840190652082e-05,7.349216020028578e-05,0.9,6.0,2.3045850070523968,1.192396263879484,True,725,0.2692307692307692,2015-07-20,276,276,0,0,Low CI
2011-12-06,2014-12-08,751,2016-04-21,500,2016-04-21,True,0.0282122765769556,0.5977453447906349,6.023703005616543,-0.0006201857253983,-4.9776011096712246e-05,4.0799502347892966e-05,6.436031908354514e-05,0.9,6.0,2.454977171644465,1.4454225854442089,True,750,0.2692307692307692,2015-07-20,276,276,0,0,Low CI
2012-07-16,2014-12-09,601,2016-04-22,500,2016-04-22,True,0.0216205508619153,0.2809363799631745,5.992608471750454,-0.0005423192220084,-3.650339544111639e-05,6.044715221365592e-05,7.061413519594646e-05,0.9,6.0,2.114070785027433,1.1520056582940288,True,600,0.2692307692307692,2015-07-20,277,277,0,0,Low CI
2012-06-11,2014-12-09,626,2016-04-22,500,2016-04-22,True,0.0240374050769266,0.3617008236129927,6.025084316159555,-0.0006226700589255,-5.02143732811296e-05,3.837250261590661e-05,6.31975651510751e-05,0.9,6.0,2.489081928274114,1.4779130907266915,True,625,0.2692307692307692,2015-07-20,277,277,0,0,Low CI
2012-05-03,2014-12-09,651,2016-04-22,500,2016-04-22,True,0.025749169053847,0.4316258292333003,6.0476998927875565,-0.0006781778536613,-5.8721071327672165e-05,2.200089974733056e-05,6.27072867182248e-05,0.9,6.0,2.783113182210871,1.6222465262500243,True,650,0.2692307692307692,2015-07-20,277,277,0,0,Low CI
2012-03-26,2014-12-09,676,2016-04-22,500,2016-04-22,True,0.026072860745271,0.4595407895909919,6.0341567030962535,-0.0006454072689195,-5.493201334628717e-05,3.278979135524728e-05,6.397418625818793e-05,0.9,6.0,2.6034439708846744,1.5132836539292187,True,675,0.2692307692307692,2015-07-20,277,277,0,0,Low CI
2012-02-17,2014-12-09,701,2016-04-22,500,2016-04-22,True,0.0273580603588269,0.5246728900846513,6.013157598337711,-0.000595001010599,-5.036714195139538e-05,5.028759665831061e-05,7.117367045488764e-05,0.9,6.0,2.3569847686990872,1.2539770819663758,True,700,0.2692307692307692,2015-07-20,277,277,0,0,Low CI
2012-01-13,2014-12-09,726,2016-04-22,500,2016-04-22,True,0.0271993859105388,0.5370995871789632,6.008117329256352,-0.0005829823522846,-4.9554017418446656e-05,5.462600596315193e-05,7.375365190818706e-05,0.9,6.0,2.307548052650912,1.1856681070052415,True,725,0.2692307692307692,2015-07-20,277,277,0,0,Low CI
2011-12-07,2014-12-09,751,2016-04-22,500,2016-04-22,True,0.0281848481585885,0.5965836349577412,6.023199196633748,-0.0006184823000674,-5.0118012277718064e-05,4.101412261907689e-05,6.476089413281887e-05,0.9,6.0,2.455761843516392,1.432536506056488,True,750,0.2692307692307692,2015-07-20,277,277,0,0,Low CI
2012-07-17,2014-12-10,601,2016-04-23,500,2016-04-23,True,0.0215590522067744,0.2793404319647105,5.991528457451735,-0.0005391592628985,-3.646571799460967e-05,6.098061281425496e-05,7.105197905804226e-05,0.9,6.0,2.109735625040196,1.1382355636950772,True,600,0.2692307692307692,2015-07-20,278,278,0,0,Low CI
2012-06-12,2014-12-10,626,2016-04-23,500,2016-04-23,True,0.0238791340450641,0.3569533647565805,6.023260808736488,-0.000617708917109,-4.993634842135224e-05,3.942521749199929e-05,6.3623790109912e-05,0.9,6.0,2.4732812202723014,1.4563159064602422,True,625,0.2692307692307692,2015-07-20,278,278,0,0,Low CI
2012-05-04,2014-12-10,651,2016-04-23,500,2016-04-23,True,0.0257405531866161,0.4313370270078113,6.047757410188949,-0.0006778442575061,-5.915962735134376e-05,2.16568905502468e-05,6.29990667919393e-05,0.9,6.0,2.790669060104969,1.6139388058194766,True,650,0.2692307692307692,2015-07-20,278,278,0,0,Low CI
2012-03-27,2014-12-10,676,2016-04-23,500,2016-04-23,True,0.0259633793669271,0.4556896180700621,6.035022052149617,-0.000647007912485,-5.555107451977164e-05,3.1793617671741484e-05,6.400590601622708e-05,0.9,6.0,2.621766299408186,1.516284869839162,True,675,0.2692307692307692,2015-07-20,278,278,0,0,Low CI
2012-02-21,2014-12-10,701,2016-04-23,500,2016-04-23,True,0.0273073024161073,0.5227278244365625,6.013746912124436,-0.0005959112621953,-5.0868419350096926e-05,4.9525622495038966e-05,7.099565740732616e-05,0.9,6.0,2.369568957088509,1.25904446262753,True,700,0.2692307692307692,2015-07-20,278,278,0,0,Low CI
2012-01-16,2014-12-10,726,2016-04-23,500,2016-04-23,True,0.0271845291985799,0.5365130037453731,6.007721536280283,-0.0005815451545702,-4.991662766529532e-05,5.47286941156416e-05,7.407360985586696e-05,0.9,6.0,2.3102423268626886,1.1776363181876452,True,725,0.2692307692307692,2015-07-20,278,278,0,0,Low CI
2011-12-08,2014-12-10,751,2016-04-23,500,2016-04-23,True,0.0281549514941188,0.5953186715207767,6.022594942252155,-0.0006165684099954,-5.048782638888712e-05,4.1286473873397605e-05,6.521957940966155e-05,0.9,6.0,2.4561212216997643,1.41805976573989,True,750,0.2692307692307692,2015-07-20,278,278,0,0,Low CI
2012-07-18,2014-12-11,601,2016-04-24,500,2016-04-24,True,0.0214866910072491,0.2774684121550411,5.990369113708835,-0.0005358015543835,-3.638850697006707e-05,6.156430272781807e-05,7.151424200726067e-05,0.9,6.0,2.1046200981305865,1.1238353494590672,True,600,0.2692307692307692,2015-07-20,279,279,0,0,Low CI
2012-06-13,2014-12-11,626,2016-04-24,500,2016-04-24,True,0.0237414802264007,0.3528498349712029,6.021557725443615,-0.0006130431731289,-4.970131575633265e-05,4.039399121546445e-05,6.404604058195712e-05,0.9,6.0,2.4591346546943287,1.4357870546527618,True,625,0.2692307692307692,2015-07-20,279,279,0,0,Low CI
2012-05-07,2014-12-11,651,2016-04-24,500,2016-04-24,True,0.0257461457903666,0.4315244790112877,6.047455583189672,-0.000676635607069,-5.947774683298449e-05,2.1585769171094754e-05,6.327359480096245e-05,0.9,6.0,2.793452932028728,1.6040710406865213,True,650,0.2692307692307692,2015-07-20,279,279,0,0,Low CI
2012-03-28,2014-12-11,676,2016-04-24,500,2016-04-24,True,0.0258672111101469,0.4523201247770318,6.0358148596006345,-0.0006484354669406,-5.615057271455319e-05,3.085191682777804e-05,6.40681479997702e-05,0.9,6.0,2.6391720155873424,1.5181540762102936,True,675,0.2692307692307692,2015-07-20,279,279,0,0,Low CI
2012-02-22,2014-12-11,701,2016-04-24,500,2016-04-24,True,0.0272488877596979,0.5204938207825711,6.014371653524809,-0.000596909318155,-5.137957044728797e-05,4.873112439170204e-05,7.081371861318514e-05,0.9,6.0,2.3826434970401555,1.2643933898224673,True,700,0.2692307692307692,2015-07-20,279,279,0,0,Low CI
2012-01-17,2014-12-11,726,2016-04-24,500,2016-04-24,True,0.0271766187621795,0.5362008089323589,6.007432638356367,-0.0005803614397158,-5.028655147829711e-05,5.473437306802788e-05,7.432757802276004e-05,0.9,6.0,2.3138680190045338,1.1712236329122014,True,725,0.2692307692307692,2015-07-20,279,279,0,0,Low CI
2011-12-09,2014-12-11,751,2016-04-24,500,2016-04-24,True,0.0280908411100021,0.592610611054808,6.021782800303122,-0.0006141667880791,-5.085588021519221e-05,4.17482490781402e-05,6.579693650583143e-05,0.9,6.0,2.454229374495214,1.400141451930871,True,750,0.2692307692307692,2015-07-20,279,279,0,0,Low CI
2012-07-19,2014-12-12,601,2016-04-25,500,2016-04-25,True,0.0214769422307136,0.2772166875964288,6.044751185132648,-0.0020578062841538,-0.0001313211380802,0.0001956684520387,0.0002356509801166,0.7327726669029386,6.0,2.1618902139487868,1.0664813120817656,True,600,0.2692307692307692,2015-07-20,280,280,0,0,Low CI
2012-06-14,2014-12-12,626,2016-04-25,500,2016-04-25,True,0.0236258106312799,0.3494200089186717,6.01885472918958,-0.0006061840378349,-4.955504499399972e-05,4.196590285953042e-05,6.493719648377869e-05,0.9,6.0,2.4389276684707304,1.4002391633577511,True,625,0.2692307692307692,2015-07-20,280,280,0,0,Low CI
2012-05-08,2014-12-12,651,2016-04-25,500,2016-04-25,True,0.0258030204724067,0.4334331084401369,6.046478539945073,-0.0006740310439287,-6.000558637071257e-05,2.1876069918912828e-05,6.386887215843261e-05,0.9,6.0,2.791999751057894,1.5830036318555285,True,650,0.2692307692307692,2015-07-20,280,280,0,0,Low CI
2012-03-29,2014-12-12,676,2016-04-25,500,2016-04-25,True,0.025848308503555,0.4516592954865902,6.0357053149281406,-0.0006479182236684,-5.689648799727535e-05,3.044963716516104e-05,6.453209085342001e-05,0.9,6.0,2.6502017915583336,1.506037264018396,True,675,0.2692307692307692,2015-07-20,280,280,0,0,Low CI
2012-02-23,2014-12-12,701,2016-04-25,500,2016-04-25,True,0.0272387781112183,0.5201076741275239,6.014225517429613,-0.0005962819238086,-5.20778014295389e-05,4.837233069889488e-05,7.107728032907374e-05,0.9,6.0,2.393066431071756,1.2583808519009316,True,700,0.2692307692307692,2015-07-20,280,280,0,0,Low CI
2012-01-18,2014-12-12,726,2016-04-25,500,2016-04-25,True,0.0271990544498,0.5370864967112744,6.006679535173284,-0.0005782814043432,-5.088638528872364e-05,5.4910682471068985e-05,7.486392493845747e-05,0.9,6.0,2.3181749301268435,1.158665014194617,True,725,0.2692307692307692,2015-07-20,280,280,0,0,Low CI
2011-12-12,2014-12-12,751,2016-04-25,500,2016-04-25,True,0.0280825131281621,0.5922592852386416,6.020586857533145,-0.0006110548544056,-5.14457937779364e-05,4.230652925706432e-05,6.660714762862015e-05,0.9,6.0,2.4533705194391766,1.3761019864099635,True,750,0.2692307692307692,2015-07-20,280,280,0,0,Low CI
2012-07-20,2014-12-15,601,2016-04-28,500,2016-04-28,True,0.0215512563733786,0.2791384474139285,6.065925190353677,-0.0031706737535273,-0.0002022062765731,0.0002851440188409,0.0003495632843511,0.679246867396592,6.0,2.1876284588853423,1.026838492023905,True,600,0.2692307692307692,2015-07-20,283,283,0,0,Low CI
2012-06-15,2014-12-15,626,2016-04-28,500,2016-04-28,True,0.0235488287469231,0.3471466319302971,6.015645103643366,-0.000597130538698,-5.006004639625545e-05,4.343222060335789e-05,6.627492762526409e-05,0.9,6.0,2.426967788970868,1.351485154554392,True,625,0.2692307692307692,2015-07-20,283,283,0,0,Low CI
2012-05-09,2014-12-15,651,2016-04-28,500,2016-04-28,True,0.0259217903053976,0.4374324274266935,6.0450225765550725,-0.0006691278597465,-6.0861729694938776e-05,2.203071932759524e-05,6.472636816283662e-05,0.9,6.0,2.7942854865911504,1.5506690984031426,True,650,0.2692307692307692,2015-07-20,283,283,0,0,Low CI
2012-03-30,2014-12-15,676,2016-04-28,500,2016-04-28,True,0.0259169072989001,0.4540597927432928,6.035175012803227,-0.0006453124265481,-5.813125188124839e-05,2.9868582179655103e-05,6.535575450336379e-05,0.9,6.0,2.6669559533645546,1.481076375260001,True,675,0.2692307692307692,2015-07-20,283,283,0,0,Low CI
2012-02-24,2014-12-15,701,2016-04-28,500,2016-04-28,True,0.0272788260098867,0.5216381782828478,6.013716806809525,-0.0005938384784419,-5.354279237336978e-05,4.7742688077242025e-05,7.173698404573901e-05,0.9,6.0,2.413396931045277,1.2416994239609709,True,700,0.2692307692307692,2015-07-20,283,283,0,0,Low CI
2012-01-19,2014-12-15,726,2016-04-28,500,2016-04-28,True,0.0272636324332637,0.5396399044091351,6.005572866524455,-0.0005744551380467,-5.234919897254269e-05,5.478266307091014e-05,7.577320638726941e-05,0.9,6.0,2.333483732986934,1.1371865441013105,True,725,0.2692307692307692,2015-07-20,283,283,0,0,Low CI
2011-12-13,2014-12-15,751,2016-04-28,500,2016-04-28,True,0.0280693415844907,0.5917038406771031,6.018925326473099,-0.0006058532303902,-5.275228764675537e-05,4.273263683095407e-05,6.788874798147504e-05,0.9,6.0,2.46074623742636,1.3386310288610703,True,750,0.2692307692307692,2015-07-20,283,283,0,0,Low CI
2012-06-18,2014-12-16,626,2016-04-29,500,2016-04-29,True,0.0234564131937517,0.3444272782674238,6.0128609087723,-0.0005901374429582,-4.9990491801721886e-05,4.503653860753434e-05,6.728550423624656e-05,0.9,6.0,2.4082793823361994,1.3155971326741205,True,625,0.2307692307692307,2015-07-20,284,284,0,0,Low CI
2012-05-10,2014-12-16,651,2016-04-29,500,2016-04-29,True,0.0259897416692066,0.4397288034928939,6.043459447733878,-0.0006651530037895,-6.128482366887775e-05,2.272675457402971e-05,6.536310110141362e-05,0.9,6.0,2.7864756550690566,1.5264415073211672,True,650,0.2307692307692307,2015-07-20,284,284,0,0,Low CI
2012-04-02,2014-12-16,676,2016-04-29,500,2016-04-29,True,0.0259176980168296,0.4540874996523035,6.034878282057053,-0.0006443936679704,-5.889596232907637e-05,2.9565882247883265e-05,6.590049902514913e-05,0.9,6.0,2.676344844569912,1.46674231038333,True,675,0.2307692307692307,2015-07-20,284,284,0,0,Low CI
2012-02-27,2014-12-16,701,2016-04-29,500,2016-04-29,True,0.0272757478385675,0.5215204605273396,6.013465067700968,-0.0005930048698695,-5.427692711039476e-05,4.741654829222848e-05,7.20715884971071e-05,0.9,6.0,2.423553775991436,1.234199666405413,True,700,0.2307692307692307,2015-07-20,284,284,0,0,Low CI
2012-01-20,2014-12-16,726,2016-04-29,500,2016-04-29,True,0.0272938601739473,0.5408371871195612,6.004884606703633,-0.000572573794822,-5.3005537506440166e-05,5.48416857016234e-05,7.627055458656558e-05,0.9,6.0,2.3391706785539284,1.126071125204972,True,725,0.2307692307692307,2015-07-20,284,284,0,0,Low CI
2011-12-14,2014-12-16,751,2016-04-29,500,2016-04-29,True,0.0280309526207868,0.5900864629264251,6.017430501041962,-0.0006020847991071,-5.338722517231803e-05,4.350095701802544e-05,6.886602263151172e-05,0.9,6.0,2.4578804710927136,1.311426395993887,True,750,0.2307692307692307,2015-07-20,284,284,0,0,Low CI
2012-06-19,2014-12-17,626,2016-04-30,500,2016-04-30,True,0.0233504455233348,0.3413223096425314,6.010147843073095,-0.0005832971691773,-4.990436926854437e-05,4.659241210120845e-05,6.827370604779026e-05,0.9,6.0,2.3905029670983318,1.2815266731726944,True,625,0.2307692307692307,2015-07-20,285,285,0,0,Low CI
2012-05-11,2014-12-17,651,2016-04-30,500,2016-04-30,True,0.0260536288939386,0.4418933176315417,6.04205693935692,-0.0006615522175912,-6.172718399821882e-05,2.330839632034849e-05,6.598125933457467e-05,0.9,6.0,2.780541481188568,1.5039548144344352,True,650,0.2307692307692307,2015-07-20,285,285,0,0,Low CI
2012-04-03,2014-12-17,676,2016-04-30,500,2016-04-30,True,0.0258708650443148,0.4524479209034203,6.034878570158859,-0.0006441780760024,-5.97117849263362e-05,2.9031118732309304e-05,6.639505338455924e-05,0.9,6.0,2.689056041457227,1.4553299752725397,True,675,0.2307692307692307,2015-07-20,285,285,0,0,Low CI
2012-02-28,2014-12-17,701,2016-04-30,500,2016-04-30,True,0.0272763088202189,0.521541913022024,6.013192127873651,-0.0005921087866046,-5.4987149886293055e-05,4.7119514660866856e-05,7.24143308640859e-05,0.9,6.0,2.433095640275022,1.2265019496955325,True,700,0.2307692307692307,2015-07-20,285,285,0,0,Low CI
2012-01-23,2014-12-17,726,2016-04-30,500,2016-04-30,True,0.0273212518052675,0.541923280950163,6.004192633915805,-0.0005706715759073,-5.364221917484209e-05,5.491634765134948e-05,7.67677856744981e-05,0.9,6.0,2.3444582448276106,1.115060642090845,True,725,0.2307692307692307,2015-07-20,285,285,0,0,Low CI
2011-12-15,2014-12-17,751,2016-04-30,500,2016-04-30,True,0.027916970259705,0.5852972785894235,6.015692258157088,-0.0005977328043394,-5.400636486293549e-05,4.4507394944115605e-05,6.998282396717069e-05,0.9,6.0,2.45232009390953,1.2811703725041723,True,750,0.2307692307692307,2015-07-20,285,285,0,0,Low CI
2012-06-20,2014-12-18,626,2016-05-01,500,2016-05-01,True,0.0232532709959761,0.3384873471197031,6.008788697828411,-0.0005794848294757,-4.979615880991926e-05,4.7309213096391394e-05,6.868638202746211e-05,0.9,6.0,2.381799687297003,1.2655015718633191,True,625,0.2307692307692307,2015-07-20,286,286,0,0,Low CI
2012-05-14,2014-12-18,651,2016-05-01,500,2016-05-01,True,0.0260568448951032,0.4420024169927421,6.04162677304897,-0.0006600399936025,-6.199595714069371e-05,2.3317428195841734e-05,6.62359506571693e-05,0.9,6.0,2.781847368485279,1.494747158575921,True,650,0.2307692307692307,2015-07-20,286,286,0,0,Low CI
2012-04-04,2014-12-18,676,2016-05-01,500,2016-05-01,True,0.0258021565826278,0.450047868196566,6.035500266506895,-0.0006452036427927,-6.025838456496405e-05,2.8200902550045776e-05,6.653092374990953e-05,0.9,6.0,2.703871454537625,1.454670113746143,True,675,0.2307692307692307,2015-07-20,286,286,0,0,Low CI
2012-02-29,2014-12-18,701,2016-05-01,500,2016-05-01,True,0.0272360645838853,0.5200040530263188,6.013676853155049,-0.0005927827272335,-5.5463595616552194e-05,4.641677370119023e-05,7.232376732128888e-05,0.9,6.0,2.44476067098462,1.229435528296458,True,700,0.2307692307692307,2015-07-20,286,286,0,0,Low CI
2012-01-24,2014-12-18,726,2016-05-01,500,2016-05-01,True,0.0273176879332073,0.5417819097356908,6.004215428383992,-0.000570235974192,-5.403568808557301e-05,5.462246463103983e-05,7.683403691887166e-05,0.9,6.0,2.3507943354226324,1.1132487574370669,True,725,0.2307692307692307,2015-07-20,286,286,0,0,Low CI
2011-12-16,2014-12-18,751,2016-05-01,500,2016-05-01,True,0.0277968203920075,0.5802700811530519,6.014664004598721,-0.0005948326977812,-5.437385771754449e-05,4.515071663581337e-05,7.067604697360546e-05,0.9,6.0,2.448602554036641,1.2624489977559468,True,750,0.2307692307692307,2015-07-20,286,286,0,0,Low CI
2012-06-21,2014-12-19,626,2016-05-02,500,2016-05-02,True,0.0231695603559787,0.3360546579579281,6.007667107310232,-0.0005762188258104,-4.970901430254509e-05,4.78731539954829e-05,6.901322319965828e-05,0.9,6.0,2.3750057523925268,1.252409608829837,True,625,0.2307692307692307,2015-07-20,287,287,0,0,Low CI
2012-05-15,2014-12-19,651,2016-05-02,500,2016-05-02,True,0.0260408385995621,0.4414595540044583,6.040929347370492,-0.0006578404139621,-6.211011994535242e-05,2.3550631445767585e-05,6.642514012872266e-05,0.9,6.0,2.7791663667781146,1.485522829204354,True,650,0.2307692307692307,2015-07-20,287,287,0,0,Low CI
2012-04-05,2014-12-19,676,2016-05-02,500,2016-05-02,True,0.0257768688103323,0.4491661487895976,6.03584442594865,-0.0006455283807852,-6.067907690276927e-05,2.762085571721712e-05,6.666979859219249e-05,0.9,6.0,2.714426379089068,1.4523706260171985,True,675,0.2307692307692307,2015-07-20,287,287,0,0,Low CI
2012-03-01,2014-12-19,701,2016-05-02,500,2016-05-02,True,0.0271936173290322,0.518384469229929,6.014256304717756,-0.0005936542113107,-5.590925309865824e-05,4.56601921304722e-05,7.218516279292762e-05,0.9,6.0,2.456761012978787,1.2336071327020015,True,700,0.2307692307692307,2015-07-20,287,287,0,0,Low CI
2012-01-25,2014-12-19,726,2016-05-02,500,2016-05-02,True,0.0273141883667974,0.5416431073353839,6.004266055140694,-0.0005698387282498,-5.439109595430994e-05,5.4335156165994335e-05,7.688108034291625e-05,0.9,6.0,2.356708991357324,1.1117925093694478,True,725,0.2307692307692307,2015-07-20,287,287,0,0,Low CI
2011-12-19,2014-12-19,751,2016-05-02,500,2016-05-02,True,0.0276553452335294,0.5743784081092614,6.01364403979308,-0.000591924688219,-5.470827469586192e-05,4.582316271103852e-05,7.136355905530634e-05,0.9,6.0,2.444346866695553,1.244174259359076,True,750,0.2307692307692307,2015-07-20,287,287,0,0,Low CI
2012-06-22,2014-12-22,626,2016-05-05,500,2016-05-05,True,0.0230529371883525,0.3326801335443402,6.006878956855803,-0.0005726148462816,-5.017706151572188e-05,4.780597859502841e-05,6.930475518880975e-05,0.9,6.0,2.3803886798724814,1.2393410337898294,True,625,0.2307692307692307,2015-07-20,290,290,0,0,Low CI
2012-05-16,2014-12-22,651,2016-05-05,500,2016-05-05,True,0.0259915963097498,0.43979156425258,6.040767654857515,-0.0006555951471489,-6.24578586338199e-05,2.2991745699968392e-05,6.655527383652061e-05,0.9,6.0,2.7888707660424683,1.477557921463678,True,650,0.2307692307692307,2015-07-20,290,290,0,0,Low CI
2012-04-10,2014-12-22,676,2016-05-05,500,2016-05-05,True,0.0257303313906698,0.4475457685482137,6.036796410705283,-0.0006460095513949,-6.140902215924434e-05,2.618741726367917e-05,6.675963470164141e-05,0.9,6.0,2.7385008258261307,1.4514973477956388,True,675,0.2307692307692307,2015-07-20,290,290,0,0,Low CI
2012-03-02,2014-12-22,701,2016-05-05,500,2016-05-05,True,0.0271161251460906,0.5154342542998535,6.015364927039079,-0.0005946210434448,-5.689472727310849e-05,4.406220329059506e-05,7.1961710306962e-05,0.9,6.0,2.482625394338189,1.2394529832081234,True,700,0.2307692307692307,2015-07-20,290,290,0,0,Low CI
2012-01-26,2014-12-22,726,2016-05-05,500,2016-05-05,True,0.0273038681110028,0.5412338812355257,6.0044961121946905,-0.0005687673607021,-5.535823273593196e-05,5.34740291972023e-05,7.696756284454415e-05,0.9,6.0,2.3735056742471263,1.1084553148400889,True,725,0.2307692307692307,2015-07-20,290,290,0,0,Low CI
2011-12-20,2014-12-22,751,2016-05-05,500,2016-05-05,True,0.0275002761693421,0.5679551572319574,6.012910935030569,-0.0005885435338734,-5.5564506101726525e-05,4.587061887399476e-05,7.205225891123808e-05,0.9,6.0,2.4514724926590628,1.225243058510719,True,750,0.2307692307692307,2015-07-20,290,290,0,0,Low CI
2012-06-25,2014-12-23,626,2016-05-06,500,2016-05-06,True,0.0229127758782149,0.3286470568267645,6.005797861430521,-0.000569346299849,-4.990898600484797e-05,4.83820559619254e-05,6.951064827157773e-05,0.9,6.0,2.371728024063483,1.2286167242130523,True,625,0.2307692307692307,2015-07-20,291,291,0,0,Low CI
2012-05-18,2014-12-23,651,2016-05-06,500,2016-05-06,True,0.0259442984816014,0.4381924120302806,6.0401117866939975,-0.0006534038020276,-6.241174943712161e-05,2.325098715303669e-05,6.660206356707521e-05,0.9,6.0,2.784978833766892,1.4715845884480272,True,650,0.2307692307692307,2015-07-20,291,291,0,0,Low CI
2012-04-11,2014-12-23,676,2016-05-06,500,2016-05-06,True,0.0257226852616234,0.4472798190583344,6.036965726094383,-0.0006458241454404,-6.162679729309165e-05,2.581962996278436e-05,6.68170295360316e-05,0.9,6.0,2.744842597341107,1.4498343085400784,True,675,0.2307692307692307,2015-07-20,291,291,0,0,Low CI
2012-03-05,2014-12-23,701,2016-05-06,500,2016-05-06,True,0.0270445772913775,0.5127178217693762,6.016396753340647,-0.0005964872430334,-5.727327720941767e-05,4.299808341048022e-05,7.161748012378973e-05,0.9,6.0,2.497609813185618,1.2493191089711675,True,700,0.2307692307692307,2015-07-20,291,291,0,0,Low CI
2012-01-27,2014-12-23,726,2016-05-06,500,2016-05-06,True,0.0273000629001594,0.541083033340033,6.004885068646816,-0.0005690919814632,-5.562492782357461e-05,5.2975960220063726e-05,7.68152651275491e-05,0.9,6.0,2.3805814219836465,1.1112868917102008,True,725,0.2307692307692307,2015-07-20,291,291,0,0,Low CI
2011-12-21,2014-12-23,751,2016-05-06,500,2016-05-06,True,0.027415965754104,0.5644780188508852,6.012350815217617,-0.0005866427786221,-5.580750792249557e-05,4.6218311684972926e-05,7.24610949098115e-05,0.9,6.0,2.449907129446157,1.2143953510894645,True,750,0.2307692307692307,2015-07-20,291,291,0,0,Low CI
2012-06-26,2014-12-30,626,2016-05-13,500,2016-05-13,True,0.0226597630681469,0.3214290038026531,6.004880383549065,-0.0005633218242507,-5.144750765922926e-05,4.750504002831469e-05,7.00255301474986e-05,0.9,6.0,2.396015430997504,1.2066780995391824,True,625,0.2307692307692307,2015-07-20,298,298,0,0,Low CI
2012-05-21,2014-12-30,651,2016-05-13,500,2016-05-13,True,0.0257839654759994,0.4327931820595639,6.040262778688172,-0.0006494013204055,-6.318216912736833e-05,2.15743073968512e-05,6.676404148411931e-05,0.9,6.0,2.812544260218852,1.4590218910579502,True,650,0.2307692307692307,2015-07-20,298,298,0,0,Low CI
2012-04-12,2014-12-30,676,2016-05-13,500,2016-05-13,True,0.0256717326664419,0.4455095920737513,6.038382466329328,-0.0006449364703266,-6.287571603029771e-05,2.3163061371234763e-05,6.70065898133178e-05,0.9,6.0,2.788625737628488,1.443745619923556,True,675,0.2307692307692307,2015-07-20,298,298,0,0,Low CI
2012-03-06,2014-12-30,701,2016-05-13,500,2016-05-13,True,0.0269618048176434,0.5095841822363154,6.01785874152546,-0.0005960602842247,-5.923336461584279e-05,4.01717109157732e-05,7.157064930272624e-05,0.9,6.0,2.5456520071697395,1.2492417423172884,True,700,0.2307692307692307,2015-07-20,298,298,0,0,Low CI
2012-01-30,2014-12-30,726,2016-05-13,500,2016-05-13,True,0.0272776361849226,0.5401944104176619,6.005338416070544,-0.0005664775493235,-5.785761918947668e-05,5.090198410706803e-05,7.706176798069655e-05,0.9,6.0,2.420061724891884,1.1026431734581938,True,725,0.2307692307692307,2015-07-20,298,298,0,0,Low CI
2011-12-22,2014-12-30,751,2016-05-13,500,2016-05-13,True,0.0272924672001431,0.5594039531690361,6.012058340190914,-0.0005821626915972,-5.781517550277647e-05,4.4918343465312295e-05,7.321374254936438e-05,0.9,6.0,2.4810779416091595,1.1927324119609777,True,750,0.2307692307692307,2015-07-20,298,298,0,0,Low CI
2012-06-27,2015-01-05,626,2016-05-19,500,2016-05-19,True,0.0224194061175646,0.314646236435848,6.002859089503087,-0.0005554693686307,-5.279609071577822e-05,4.746001652684312e-05,7.099211479873596e-05,0.9,6.0,2.4093687469488696,1.1736571805309792,True,625,0.2307692307692307,2015-07-20,304,304,0,0,Low CI
2012-05-22,2015-01-05,651,2016-05-19,500,2016-05-19,True,0.025681966370339,0.4293757712173449,6.039418538554632,-0.0006439227274916,-6.397086392962803e-05,2.067667691994462e-05,6.722943105779459e-05,0.9,6.0,2.828971342935964,1.4366982972191664,True,650,0.2307692307692307,2015-07-20,304,304,0,0,Low CI
2012-04-13,2015-01-05,676,2016-05-19,500,2016-05-19,True,0.0256520071146741,0.4448252170516357,6.039102421361058,-0.0006432383457457,-6.411218722511373e-05,2.1051473241976326e-05,6.74799012776818e-05,0.9,6.0,2.824330453322451,1.429844294893394,True,675,0.2307692307692307,2015-07-20,304,304,0,0,Low CI
2012-03-07,2015-01-05,701,2016-05-19,500,2016-05-19,True,0.02694905758812,0.5091024451263542,6.01817150418543,-0.0005936813160146,-6.097428857943689e-05,3.827803574217264e-05,7.19935544896034e-05,0.9,6.0,2.581001477012265,1.236946807718073,True,700,0.2307692307692307,2015-07-20,304,304,0,0,Low CI
2012-01-31,2015-01-05,726,2016-05-19,500,2016-05-19,True,0.0272691578438683,0.5398586598670226,6.005012591470513,-0.0005627748356148,-5.9900723014723225e-05,4.945236137002474e-05,7.767646144591107e-05,0.9,6.0,2.4514523382637496,1.0867671334514812,True,725,0.2307692307692307,2015-07-20,304,304,0,0,Low CI
2011-12-23,2015-01-05,751,2016-05-19,500,2016-05-19,True,0.0272173102508309,0.5563272649447789,6.011283777898749,-0.0005773317734663,-5.972042344166693e-05,4.394864420057215e-05,7.414858261032699e-05,0.9,6.0,2.5071726079198444,1.1679220690577874,True,750,0.2307692307692307,2015-07-20,304,304,0,0,Low CI
2012-06-28,2015-01-06,626,2016-05-20,500,2016-05-20,True,0.0222749653598432,0.3106049751956672,6.000159024630331,-0.0005487157986651,-5.275833488317873e-05,4.899140066128218e-05,7.199721687954274e-05,0.9,6.0,2.393199152993972,1.1432021037350972,True,625,0.2307692307692307,2015-07-20,305,305,0,0,Low CI
2012-05-23,2015-01-06,651,2016-05-20,500,2016-05-20,True,0.0256866847923547,0.429533559929785,6.037365076757954,-0.0006387884204761,-6.423440791974927e-05,2.172338847739868e-05,6.780829424001702e-05,0.9,6.0,2.815478127937842,1.4130758507545462,True,650,0.2307692307692307,2015-07-20,305,305,0,0,Low CI
2012-04-16,2015-01-06,676,2016-05-20,500,2016-05-20,True,0.025699381273395,0.4464697417366819,6.038136283760234,-0.0006407155181672,-6.465503100200039e-05,2.1263476344757275e-05,6.806179883116288e-05,0.9,6.0,2.8238592114175307,1.4120597659121128,True,675,0.2307692307692307,2015-07-20,305,305,0,0,Low CI
2012-03-08,2015-01-06,701,2016-05-20,500,2016-05-20,True,0.0269625856267413,0.5096136975992325,6.01775201560798,-0.00059243440841,-6.158439330841287e-05,3.8074298951132216e-05,7.240365833150612e-05,0.9,6.0,2.5878649654645964,1.2273573367608666,True,700,0.2307692307692307,2015-07-20,305,305,0,0,Low CI
2012-02-01,2015-01-06,726,2016-05-20,500,2016-05-20,True,0.027287851625578,0.540599090442521,6.004289423083868,-0.0005608027603307,-6.04808722377146e-05,4.952986979010967e-05,7.817380576676547e-05,0.9,6.0,2.455412475546987,1.0760690646249458,True,725,0.2307692307692307,2015-07-20,305,305,0,0,Low CI
2011-12-27,2015-01-06,751,2016-05-20,500,2016-05-20,True,0.0271874491467575,0.555107200721753,6.010026972785757,-0.000574130026062,-6.0332721938346606e-05,4.4487439629676016e-05,7.496112073130923e-05,0.9,6.0,2.5062249368178526,1.1488556076688738,True,750,0.2307692307692307,2015-07-20,305,305,0,0,Low CI
2012-06-29,2015-01-07,626,2016-05-21,500,2016-05-21,True,0.0220835977014895,0.3052909899382131,5.997527126310847,-0.0005420699977648,-5.263557488413045e-05,5.049896398676533e-05,7.294277967776883e-05,0.9,6.0,2.376908262064267,1.1147162203569527,True,625,0.2307692307692307,2015-07-20,306,306,0,0,Low CI
2012-05-24,2015-01-07,651,2016-05-21,500,2016-05-21,True,0.0256074107263586,0.4268864041545872,6.035025849509794,-0.0006329134789266,-6.432593166792092e-05,2.3020575935408068e-05,6.83210977761915e-05,0.9,6.0,2.797920463927923,1.389571083152061,True,650,0.2307692307692307,2015-07-20,306,306,0,0,Low CI
2012-04-17,2015-01-07,676,2016-05-21,500,2016-05-21,True,0.025732901902762,0.4476351944679314,6.0373739315918575,-0.0006386327346781,-6.516132787275607e-05,2.13501007554111e-05,6.856985819153356e-05,0.9,6.0,2.8249659056601297,1.3970411012684718,True,675,0.2307692307692307,2015-07-20,306,306,0,0,Low CI
2012-03-09,2015-01-07,701,2016-05-21,500,2016-05-21,True,0.0269409052291621,0.5087944745712552,6.0177285629559885,-0.0005920811472969,-6.2177340384797e-05,3.757957535714123e-05,7.265153915334462e-05,0.9,6.0,2.597948958527861,1.2224403382162508,True,700,0.2307692307692307,2015-07-20,306,306,0,0,Low CI
2012-02-02,2015-01-07,726,2016-05-21,500,2016-05-21,True,0.0272945034481012,0.5408626808153245,6.003981876226532,-0.0005597641087029,-6.102305620880073e-05,4.929332825402916e-05,7.844517575620519e-05,0.9,6.0,2.4621245509713545,1.0703604841984171,True,725,0.2307692307692307,2015-07-20,306,306,0,0,Low CI
2011-12-28,2015-01-07,751,2016-05-21,500,2016-05-21,True,0.0271474407484629,0.5534746379326714,6.008883320282513,-0.000571152210284,-6.089115349657836e-05,4.4975497262270256e-05,7.570025051565118e-05,0.9,6.0,2.5054138355096094,1.1317377546180851,True,750,0.2307692307692307,2015-07-20,306,306,0,0,Low CI
2012-07-02,2015-01-08,626,2016-05-22,500,2016-05-22,True,0.0219835902742424,0.3025321790824508,5.996525151790329,-0.0005390984000735,-5.253654189239326e-05,5.097849478238679e-05,7.320447502911984e-05,0.9,6.0,2.371244762309,1.104642304706979,True,625,0.2307692307692307,2015-07-20,307,307,0,0,Low CI
2012-05-25,2015-01-08,651,2016-05-22,500,2016-05-22,True,0.025516819990701,0.4238713746870339,6.033798950225041,-0.0006294488032871,-6.425457639361755e-05,2.365080246399429e-05,6.846905172933324e-05,0.9,6.0,2.788902893403478,1.3789780653939965,True,650,0.2307692307692307,2015-07-20,307,307,0,0,Low CI
2012-04-18,2015-01-08,676,2016-05-22,500,2016-05-22,True,0.0257039448379567,0.4466283194373224,6.037800725804767,-0.0006391406163974,-6.550675258281435e-05,2.0693380830998803e-05,6.869753011690306e-05,0.9,6.0,2.8356160897485614,1.395553701806551,True,675,0.2307692307692307,2015-07-20,307,307,0,0,Low CI
2012-03-12,2015-01-08,701,2016-05-22,500,2016-05-22,True,0.0268826958614772,0.5065982150832596,6.018514422701353,-0.0005934132073508,-6.253085848662765e-05,3.664301812732936e-05,7.247633434821632e-05,0.9,6.0,2.611531650144317,1.2281523603961326,True,700,0.2307692307692307,2015-07-20,307,307,0,0,Low CI
2012-02-03,2015-01-08,726,2016-05-22,500,2016-05-22,True,0.0272838241169717,0.5404395244316857,6.00435921388243,-0.0005601165952373,-6.131058969640562e-05,4.872046545848817e-05,7.831137952694191e-05,0.9,6.0,2.470122377086874,1.072864375434748,True,725,0.2307692307692307,2015-07-20,307,307,0,0,Low CI
2011-12-29,2015-01-08,751,2016-05-22,500,2016-05-22,True,0.0270691489010334,0.5502868554919651,6.008225701212604,-0.0005691012511232,-6.119778279204966e-05,4.5305150779684136e-05,7.614279549525881e-05,0.9,6.0,2.504323941710007,1.1211196950840745,True,750,0.2307692307692307,2015-07-20,307,307,0,0,Low CI
2012-07-03,2015-01-09,626,2016-05-23,500,2016-05-23,True,0.0219300739612939,0.301061018111337,5.995365320594323,-0.0005358785574574,-5.262535526897961e-05,5.150687177956582e-05,7.363685122072341e-05,0.9,6.0,2.3669350698509746,1.0915972408662658,True,625,0.2307692307692307,2015-07-20,308,308,0,0,Low CI
2012-05-29,2015-01-09,651,2016-05-23,500,2016-05-23,True,0.0254429208953117,0.4214197876189952,6.032177326362561,-0.000625157562999,-6.428704627557368e-05,2.449905300126753e-05,6.879700514409525e-05,0.9,6.0,2.7774948481816075,1.3630482061458136,True,650,0.2307692307692307,2015-07-20,308,308,0,0,Low CI
2012-04-19,2015-01-09,676,2016-05-23,500,2016-05-23,True,0.0256989475595563,0.4464546722321271,6.037718061509142,-0.0006385508991982,-6.593574012127125e-05,2.034203094900813e-05,6.90023191528388e-05,0.9,6.0,2.8423442098275444,1.3881074731355778,True,675,0.2307692307692307,2015-07-20,308,308,0,0,Low CI
2012-03-13,2015-01-09,701,2016-05-23,500,2016-05-23,True,0.0268366058843537,0.5048625941898831,6.018908454722927,-0.0005939308261729,-6.299824038511995e-05,3.591798344147824e-05,7.251813446389575e-05,0.9,6.0,2.623416466556195,1.2285151098350653,True,700,0.2307692307692307,2015-07-20,308,308,0,0,Low CI
2012-02-06,2015-01-09,726,2016-05-23,500,2016-05-23,True,0.0272533134023001,0.5392314843592987,6.004683926832737,-0.0005604488383373,-6.172792712138607e-05,4.806605876157138e-05,7.823479399585573e-05,0.9,6.0,2.479990032657408,1.074551634341397,True,725,0.2307692307692307,2015-07-20,308,308,0,0,Low CI
2011-12-30,2015-01-09,751,2016-05-23,500,2016-05-23,True,0.0270161660399172,0.548134793849781,6.007408457415889,-0.0005667748765696,-6.16179060175779e-05,4.5647343722046246e-05,7.668406829889569e-05,0.9,6.0,2.503997220843923,1.108655726950615,True,750,0.2307692307692307,2015-07-20,308,308,0,0,Low CI
2012-07-04,2015-01-12,626,2016-05-26,500,2016-05-26,True,0.0218889121735184,0.2999319220636423,5.994852544478103,-0.0005331805210009,-5.341778130857374e-05,5.1103014104791216e-05,7.392548552782795e-05,0.9,6.0,2.378337345759725,1.0818607085108505,True,625,0.2307692307692307,2015-07-20,311,311,0,0,Low CI
2012-05-30,2015-01-12,651,2016-05-26,500,2016-05-26,True,0.0253628849335573,0.4187726318315169,6.031357507412554,-0.0006215383963494,-6.46300198675117e-05,2.42926643508642e-05,6.904471746150248e-05,0.9,6.0,2.782057038021576,1.3502953285949313,True,650,0.2307692307692307,2015-07-20,311,311,0,0,Low CI
2012-04-20,2015-01-12,676,2016-05-26,500,2016-05-26,True,0.0256760988564543,0.4456611474808175,6.038186002308332,-0.0006379948126237,-6.654437536541847e-05,1.913710757743309e-05,6.924148163640029e-05,0.9,6.0,2.8615651079858946,1.3821082338488415,True,675,0.2307692307692307,2015-07-20,311,311,0,0,Low CI
2012-03-14,2015-01-12,701,2016-05-26,500,2016-05-26,True,0.0267261226140609,0.5007142266172553,6.020028693215781,-0.0005950047934553,-6.387425753674129e-05,3.4136506211595793e-05,7.242390373491524e-05,0.9,6.0,2.6507796356828925,1.232337866583059,True,700,0.2307692307692307,2015-07-20,311,311,0,0,Low CI
2012-02-07,2015-01-12,726,2016-05-26,500,2016-05-26,True,0.0272156926139073,0.5377437891541063,6.005258148959756,-0.0005602986762711,-6.266500423503451e-05,4.670133891368095e-05,7.8153168919164e-05,0.9,6.0,2.501135973844151,1.0753857150386903,True,725,0.2307692307692307,2015-07-20,311,311,0,0,Low CI
2012-01-03,2015-01-12,751,2016-05-26,500,2016-05-26,True,0.026970092138598,0.5462667883433164,6.006960432047436,-0.0005642317600776,-6.25332905389561e-05,4.518669023727832e-05,7.715082242095181e-05,0.9,6.0,2.515857969033973,1.0970040416402111,True,750,0.2307692307692307,2015-07-20,311,311,0,0,Low CI
2012-07-05,2015-01-13,626,2016-05-27,500,2016-05-27,True,0.0218561998203361,0.2990361125871242,5.994640375061704,-0.0005320621835472,-5.34468326604116e-05,5.104757132593783e-05,7.390817586510134e-05,0.9,6.0,2.379151124732157,1.0798443690148942,True,625,0.2307692307692307,2015-07-20,312,312,0,0,Low CI
2012-05-31,2015-01-13,651,2016-05-27,500,2016-05-27,True,0.0252337232231238,0.4145182527934936,6.0301988288949175,-0.000618175241708,-6.445236843929796e-05,2.4909738430240987e-05,6.90985011856121e-05,0.9,6.0,2.772792980115375,1.3419435250429397,True,650,0.2307692307692307,2015-07-20,312,312,0,0,Low CI
2012-04-23,2015-01-13,676,2016-05-27,500,2016-05-27,True,0.0256533240164939,0.4448708903723708,6.038690202215744,-0.0006386318281334,-6.679701523459766e-05,1.846035689631538e-05,6.930098138547831e-05,0.9,6.0,2.8719578594917943,1.3823003989968747,True,675,0.2307692307692307,2015-07-20,312,312,0,0,Low CI
2012-03-15,2015-01-13,701,2016-05-27,500,2016-05-27,True,0.0266100497508818,0.4963744181688277,6.021295385615045,-0.0005974212584951,-6.419135032463902e-05,3.284355339270575e-05,7.210567561544685e-05,0.9,6.0,2.668667935480568,1.242803538131954,True,700,0.2307692307692307,2015-07-20,312,312,0,0,Low CI
2012-02-08,2015-01-13,726,2016-05-27,500,2016-05-27,True,0.0271894765983646,0.5367083049651302,6.005993935877384,-0.0005614418540385,-6.288565610104218e-05,4.587129763275856e-05,7.783817630039687e-05,0.9,6.0,2.511380473802668,1.0819405349473905,True,725,0.2307692307692307,2015-07-20,312,312,0,0,Low CI
2012-01-04,2015-01-13,751,2016-05-27,500,2016-05-27,True,0.0269639557236205,0.5460182361072934,6.007024662586694,-0.0005638090879164,-6.274265859710401e-05,4.4938464491874565e-05,7.717581744769679e-05,0.9,6.0,2.5200538624798323,1.0958272420603314,True,750,0.2307692307692307,2015-07-20,312,312,0,0,Low CI
2012-07-06,2015-01-14,626,2016-05-28,500,2016-05-28,True,0.0218161137514856,0.2979402048303172,5.993818179152465,-0.0005296185253384,-5.355255780360229e-05,5.135391695909177e-05,7.419636941488078e-05,0.9,6.0,2.3771495267846383,1.0707097857651755,True,625,0.2307692307692307,2015-07-20,313,313,0,0,Low CI
2012-06-01,2015-01-14,651,2016-05-28,500,2016-05-28,True,0.0250940912025365,0.4099434320460751,6.028456138227616,-0.0006135491659419,-6.436044582573625e-05,2.587559732280365e-05,6.936723667337063e-05,0.9,6.0,2.759327239501736,1.3267412586239222,True,650,0.2307692307692307,2015-07-20,313,313,0,0,Low CI
2012-04-24,2015-01-14,676,2016-05-28,500,2016-05-28,True,0.0256574219830646,0.4450130327043261,6.038293557560231,-0.0006372565163281,-6.708536624368811e-05,1.8388453672422015e-05,6.955991368965734e-05,0.9,6.0,2.874058438911167,1.374189132489231,True,675,0.2307692307692307,2015-07-20,313,313,0,0,Low CI
2012-03-16,2015-01-14,701,2016-05-28,500,2016-05-28,True,0.0264864879155609,0.4917753635129117,6.022213930216828,-0.000599143353222,-6.465042702722165e-05,3.170493175267815e-05,7.20061137143513e-05,0.9,6.0,2.685649978709505,1.2481093388796598,True,700,0.2307692307692307,2015-07-20,313,313,0,0,Low CI
2012-02-09,2015-01-14,726,2016-05-28,500,2016-05-28,True,0.0271654380539176,0.5357597039040587,6.006343799289281,-0.0005618007766815,-6.324362522580779e-05,4.522908375259615e-05,7.775233854233446e-05,0.9,6.0,2.5207668655390907,1.0838274202692046,True,725,0.2307692307692307,2015-07-20,313,313,0,0,Low CI
2012-01-05,2015-01-14,751,2016-05-28,500,2016-05-28,True,0.0269530988642083,0.545578623326227,6.006687776217246,-0.0005625665499922,-6.309329858707684e-05,4.4894634820032256e-05,7.743573181821222e-05,0.9,6.0,2.523150704628952,1.0897421709261264,True,750,0.2307692307692307,2015-07-20,313,313,0,0,Low CI
2012-07-09,2015-01-15,626,2016-05-29,500,2016-05-29,True,0.0217614460038111,0.2964488931426702,5.993707612140852,-0.0005286361217317,-5.3408642396913375e-05,5.127487773189565e-05,7.403780229789523e-05,0.9,6.0,2.376574672604905,1.071012588146799,True,625,0.2307692307692307,2015-07-20,314,314,0,0,Low CI
2012-06-04,2015-01-15,651,2016-05-29,500,2016-05-29,True,0.0248448417839469,0.4018402722883508,6.027146513730828,-0.0006097147700417,-6.394911987254205e-05,2.667951686763405e-05,6.929131657547808e-05,0.9,6.0,2.746347927198852,1.319894324805225,True,650,0.2307692307692307,2015-07-20,314,314,0,0,Low CI
2012-04-25,2015-01-15,676,2016-05-29,500,2016-05-29,True,0.025647296175597,0.4446618495563069,6.038842157695894,-0.0006379073730334,-6.719154113805407e-05,1.775596139324211e-05,6.949803857307857e-05,0.9,6.0,2.883239540174957,1.3768173594481783,True,675,0.2307692307692307,2015-07-20,314,314,0,0,Low CI
2012-03-19,2015-01-15,701,2016-05-29,500,2016-05-29,True,0.0263369067633984,0.4862364931626236,6.02390167284586,-0.0006024727013762,-6.488901798710015e-05,3.014100563885811e-05,7.15476406057662e-05,0.9,6.0,2.7067454476655404,1.263087146428702,True,700,0.2307692307692307,2015-07-20,314,314,0,0,Low CI
2012-02-10,2015-01-15,726,2016-05-29,500,2016-05-29,True,0.0271440594828384,0.5349167747409161,6.007337365266513,-0.0005634693875038,-6.336429938117728e-05,4.4268751584843126e-05,7.729655104173804e-05,0.9,6.0,2.5317808994871944,1.0934563960032957,True,725,0.2307692307692307,2015-07-20,314,314,0,0,Low CI
2012-01-06,2015-01-15,751,2016-05-29,500,2016-05-29,True,0.0269381311992864,0.5449728472949882,6.006776402856927,-0.0005621244578619,-6.320945148189265e-05,4.472730141904347e-05,7.743362479486357e-05,0.9,6.0,2.525781114207449,1.088915427925118,True,750,0.2307692307692307,2015-07-20,314,314,0,0,Low CI
2012-07-10,2015-01-16,626,2016-05-30,500,2016-05-30,True,0.0217121446819872,0.2951071839089084,5.993910990174454,-0.000528300371215,-5.315578334669631e-05,5.10224230960912e-05,7.368056027065387e-05,0.9,6.0,2.376669618260068,1.0755218933075383,True,625,0.2307692307692307,2015-07-20,315,315,0,0,Low CI
2012-06-05,2015-01-16,651,2016-05-30,500,2016-05-30,True,0.0245615387855153,0.3927282410705563,6.0260930564921695,-0.0006063853428606,-6.340894029555308e-05,2.735874805626833e-05,6.90593571111937e-05,0.9,6.0,2.734258733562691,1.317095977054028,True,650,0.2307692307692307,2015-07-20,315,315,0,0,Low CI
2012-04-26,2015-01-16,676,2016-05-30,500,2016-05-30,True,0.0256351344676491,0.4442402405619307,6.03990129758409,-0.0006396789324305,-6.724049586190752e-05,1.679808250398571e-05,6.930699719051399e-05,0.9,6.0,2.896782543914749,1.3844466468635088,True,675,0.2307692307692307,2015-07-20,315,315,0,0,Low CI
2012-03-20,2015-01-16,701,2016-05-30,500,2016-05-30,True,0.0261978482788134,0.4811154053622516,6.025844573695201,-0.0006063176932731,-6.502852748475182e-05,2.845747350683849e-05,7.098265411512545e-05,0.9,6.0,2.72908550496286,1.2812658969255293,True,700,0.2307692307692307,2015-07-20,315,315,0,0,Low CI
2012-02-13,2015-01-16,726,2016-05-30,500,2016-05-30,True,0.0271476399583166,0.5350579019524413,6.00845813667038,-0.0005653516461656,-6.337538122675121e-05,4.330054781089069e-05,7.675530200813023e-05,0.9,6.0,2.5422043085047994,1.1048454596122734,True,725,0.2307692307692307,2015-07-20,315,315,0,0,Low CI
2012-01-09,2015-01-16,751,2016-05-30,500,2016-05-30,True,0.0269365753366201,0.5449098972399266,6.007105879129932,-0.0005621607186652,-6.322076471416852e-05,4.4456408808003545e-05,7.728672185536523e-05,0.9,6.0,2.528726847530864,1.0910555626566194,True,750,0.2307692307692307,2015-07-20,315,315,0,0,Low CI
2012-07-11,2015-01-19,626,2016-06-02,500,2016-06-02,True,0.0216848163676536,0.2943647693226857,6.07838773683687,-0.0032500585009213,-0.0002772864202551,0.0002197608718892,0.0003538115312867,0.6782082317623604,6.0,2.4714164260774654,1.0383194790259134,True,625,0.2307692307692307,2015-07-20,318,318,0,0,Low CI
2012-06-06,2015-01-19,651,2016-06-02,500,2016-06-02,True,0.0242746737129333,0.3836081192989645,6.0255892507973945,-0.0006031985187123,-6.321225710599672e-05,2.715107616522704e-05,6.879658701828596e-05,0.9,6.0,2.735897793424986,1.3151782919522104,True,650,0.2307692307692307,2015-07-20,318,318,0,0,Low CI
2012-04-27,2015-01-19,676,2016-06-02,500,2016-06-02,True,0.0256059902187016,0.4432307129142454,6.041553044806343,-0.0006416057860862,-6.746458890613794e-05,1.492878695842718e-05,6.909659496910319e-05,0.9,6.0,2.9238186217586883,1.392845305271104,True,675,0.2307692307692307,2015-07-20,318,318,0,0,Low CI
2012-03-21,2015-01-19,701,2016-06-02,500,2016-06-02,True,0.0260866009879085,0.4770380365227465,6.0280211273433295,-0.0006095474252152,-6.544339766531621e-05,2.611935323258897e-05,7.046317414983142e-05,0.9,6.0,2.7618506057922603,1.2975872132563997,True,700,0.2307692307692307,2015-07-20,318,318,0,0,Low CI
2012-02-14,2015-01-19,726,2016-06-02,500,2016-06-02,True,0.0271363514803666,0.534613021029515,6.009920443025028,-0.0005669778437842,-6.387322626864297e-05,4.151849450366395e-05,7.618119465994239e-05,0.9,6.0,2.565207555972421,1.1163736266839643,True,725,0.2307692307692307,2015-07-20,318,318,0,0,Low CI
2012-01-10,2015-01-19,751,2016-06-02,500,2016-06-02,True,0.0269245993174946,0.5444254703541336,6.007573566531467,-0.0005614767464363,-6.373569297258304e-05,4.354152896005026e-05,7.718875114208201e-05,0.9,6.0,2.542259910778115,1.0911112139956605,True,750,0.2307692307692307,2015-07-20,318,318,0,0,Low CI
2012-06-07,2015-01-20,651,2016-06-03,500,2016-06-03,True,0.0241252752759783,0.3789008185492687,6.025309316405508,-0.0006016498751085,-6.273458181217187e-05,2.7311494386348127e-05,6.842182020937188e-05,0.9,6.0,2.7309883038543483,1.3189868522953458,True,650,0.1923076923076923,2015-07-20,319,319,0,0,Low CI
2012-04-30,2015-01-20,676,2016-06-03,500,2016-06-03,True,0.0255907923897664,0.4427047308720213,6.043037756874881,-0.0006443110474121,-6.745352531807048e-05,1.369889991482994e-05,6.883050149978643e-05,0.9,6.0,2.9412310809583544,1.4041254241350878,True,675,0.1923076923076923,2015-07-20,319,319,0,0,Low CI
2012-03-22,2015-01-20,701,2016-06-03,500,2016-06-03,True,0.0259962715707841,0.4737401010429539,6.030020584594195,-0.0006134476473741,-6.545548749480837e-05,2.446603752010929e-05,6.987852198722016e-05,0.9,6.0,2.7838908563082883,1.3168158754553456,True,700,0.1923076923076923,2015-07-20,319,319,0,0,Low CI
2012-02-15,2015-01-20,726,2016-06-03,500,2016-06-03,True,0.027145966382352,0.5349919343438768,6.011339161720855,-0.0005694854963946,-6.378751375604293e-05,4.037899227006501e-05,7.549377410040735e-05,0.9,6.0,2.5772444578638187,1.1315214463326289,True,725,0.1923076923076923,2015-07-20,319,319,0,0,Low CI
2012-01-11,2015-01-20,751,2016-06-03,500,2016-06-03,True,0.026952058493799,0.5455365062469278,6.008274541679423,-0.0005623079452294,-6.364336405070542e-05,4.303364496015667e-05,7.682689884570014e-05,0.9,6.0,2.547040598834094,1.0978731805096873,True,750,0.1923076923076923,2015-07-20,319,319,0,0,Low CI
2012-06-08,2015-01-21,651,2016-06-04,500,2016-06-04,True,0.0240315606798132,0.3759628565686123,6.0254230086068095,-0.0006009946631661,-6.226859406044106e-05,2.7213343643366257e-05,6.795545510491368e-05,0.9,6.0,2.7295754237208234,1.3265925352974317,True,650,0.1923076923076923,2015-07-20,320,320,0,0,Low CI
2012-05-02,2015-01-21,676,2016-06-04,500,2016-06-04,True,0.0255937031054277,0.442805443726575,6.044537422485879,-0.0006470036901032,-6.736466298014638e-05,1.2501006321602822e-05,6.851476466778134e-05,0.9,6.0,2.958107713808375,1.416491087520673,True,675,0.1923076923076923,2015-07-20,320,320,0,0,Low CI
2012-03-23,2015-01-21,701,2016-06-04,500,2016-06-04,True,0.0259488231576903,0.4720123377116293,6.03197447884074,-0.0006171959601558,-6.539218750041225e-05,2.289771267132497e-05,6.928523242125718e-05,0.9,6.0,2.8047755162584527,1.336206732489321,True,700,0.1923076923076923,2015-07-20,320,320,0,0,Low CI
2012-02-16,2015-01-21,726,2016-06-04,500,2016-06-04,True,0.0271548475213761,0.535342050078069,6.012983600597892,-0.0005724794877019,-6.365176597348801e-05,3.909539475826805e-05,7.469937886521211e-05,0.9,6.0,2.59079187632636,1.1495667629343893,True,725,0.1923076923076923,2015-07-20,320,320,0,0,Low CI
2012-01-12,2015-01-21,751,2016-06-04,500,2016-06-04,True,0.0269877561689664,0.5469825762597262,6.009047636964559,-0.0005632654634807,-6.349821877510316e-05,4.251839522501452e-05,7.641883092616243e-05,0.9,6.0,2.55156216042942,1.1056151801607856,True,750,0.1923076923076923,2015-07-20,320,320,0,0,Low CI
2012-06-11,2015-01-22,651,2016-06-05,500,2016-06-05,True,0.0239659206489252,0.3739118445104283,6.025981407004761,-0.0006012563436951,-6.165552381757732e-05,2.6883399650088176e-05,6.726158483091374e-05,0.9,6.0,2.7304202353363616,1.3408612327675775,True,650,0.1923076923076923,2015-07-20,321,321,0,0,Low CI
2012-05-03,2015-01-22,676,2016-06-05,500,2016-06-05,True,0.0256281571129261,0.4439984474152632,6.046502027630613,-0.0006506651788007,-6.713984738982934e-05,1.1053626299172969e-05,6.804367539963829e-05,0.9,6.0,2.978420547659476,1.434369561122154,True,675,0.1923076923076923,2015-07-20,321,321,0,0,Low CI
2012-03-26,2015-01-22,701,2016-06-05,500,2016-06-05,True,0.0259315832290551,0.4713853531445537,6.034361095403455,-0.0006218369228909,-6.518624446016126e-05,2.1103823022776115e-05,6.851728112670963e-05,0.9,6.0,2.828494856893613,1.361343253844849,True,700,0.1923076923076923,2015-07-20,321,321,0,0,Low CI
2012-02-17,2015-01-22,726,2016-06-05,500,2016-06-05,True,0.0271999314637776,0.5371211332064317,6.015016066189578,-0.0005762600889731,-6.336743039009099e-05,3.762471854598128e-05,7.369566255830349e-05,0.9,6.0,2.605777836557822,1.1729185998916876,True,725,0.1923076923076923,2015-07-20,321,321,0,0,Low CI
2012-01-13,2015-01-22,751,2016-06-05,500,2016-06-05,True,0.0270618122413578,0.5499886030216664,6.010137004974746,-0.0005648406225885,-6.320378917445426e-05,4.188210307961298e-05,7.582103616002744e-05,0.9,6.0,2.5563747433930457,1.117448371576678,True,750,0.1923076923076923,2015-07-20,321,321,0,0,Low CI
2012-07-17,2015-01-23,626,2016-06-06,500,2016-06-06,True,0.021790884499598,0.2972514971940377,8.173963551907523,-1.2308104157253903,-0.0185298875080494,0.0087160922875104,0.0204774753284033,0.1,6.0,2.701920398051473,1.0017595723972468,True,625,0.2307692307692307,2015-07-20,322,322,0,0,Low CI
2012-06-12,2015-01-23,651,2016-06-06,500,2016-06-06,True,0.023957007072055,0.3736337602906725,6.027067949999188,-0.0006026296381347,-6.090577942250779e-05,2.625874312491808e-05,6.632522565030297e-05,0.9,6.0,2.734535304517504,1.3628969194438036,True,650,0.2307692307692307,2015-07-20,322,322,0,0,Low CI
2012-05-04,2015-01-23,676,2016-06-06,500,2016-06-06,True,0.0257087652461005,0.4467958526838774,6.048957014733512,-0.0006553514805535,-6.677634909052528e-05,9.340515727003382e-06,6.742644905306889e-05,0.9,6.0,3.002616757097365,1.4579252424470404,True,675,0.2307692307692307,2015-07-20,322,322,0,0,Low CI
2012-03-27,2015-01-23,701,2016-06-06,500,2016-06-06,True,0.0259319829416237,0.4713998852385513,6.03731858360677,-0.0006276941560231,-6.485327202513439e-05,1.8974771148404164e-05,6.757210099220232e-05,0.9,6.0,2.856957011540144,1.3933875374739657,True,700,0.2307692307692307,2015-07-20,322,322,0,0,Low CI
2012-02-21,2015-01-23,726,2016-06-06,500,2016-06-06,True,0.0272828270931378,0.5404000269448855,6.01753314721587,-0.0005810494163808,-6.293316484481533e-05,3.588856498330384e-05,7.244703122934385e-05,0.9,6.0,2.6233243278901326,1.2030501592427287,True,725,0.2307692307692307,2015-07-20,322,322,0,0,Low CI
2012-01-16,2015-01-23,751,2016-06-06,500,2016-06-06,True,0.0271874253711107,0.5551062298305953,6.060385317191345,-0.0016581524692698,-0.0001652253573466,9.49770632274744e-05,0.0001905782286874,0.76865539882291,6.0,2.619883544813986,1.1146322574494214,True,750,0.2307692307692307,2015-07-20,322,322,0,0,Low CI
2012-07-18,2015-01-26,626,2016-06-09,500,2016-06-09,True,0.0219185598633858,0.3007449648195036,8.19731884930284,-1.2422060598084526,-0.0185588786859604,0.0080419448862634,0.0202263406387289,0.1,6.0,2.7326955250849383,1.0235877413484495,True,625,0.2307692307692307,2015-07-20,325,325,0,0,Low CI
2012-06-13,2015-01-26,651,2016-06-09,500,2016-06-09,True,0.0239815235623029,0.3743988705124098,6.028911568015503,-0.0006046045008734,-6.045507292682817e-05,2.4652254510188268e-05,6.528820333738102e-05,0.9,6.0,2.7543990573651893,1.3890821081776574,True,650,0.2307692307692307,2015-07-20,325,325,0,0,Low CI
2012-05-07,2015-01-26,676,2016-06-09,500,2016-06-09,True,0.025799712950285,0.4499626273023647,6.051849546491191,-0.0006597407814129,-6.637796955156545e-05,6.9221937552573615e-06,6.673793230370472e-05,0.9,6.0,3.037683740258738,1.4828316340637693,True,675,0.2307692307692307,2015-07-20,325,325,0,0,Low CI
2012-03-28,2015-01-26,701,2016-06-09,500,2016-06-09,True,0.0259452036863339,0.4718806696220754,6.040820390863934,-0.0006335787072607,-6.464518822718738e-05,1.6026999363009893e-05,6.66022902722602e-05,0.9,6.0,2.8985701992205897,1.4269300004642498,True,700,0.2307692307692307,2015-07-20,325,325,0,0,Low CI
2012-02-22,2015-01-26,726,2016-06-09,500,2016-06-09,True,0.0273663670993209,0.5437145030039401,6.031470433313133,-0.000763037863381,-8.003929567377108e-05,4.0995419877308645e-05,8.992726673745947e-05,0.8673106645812505,6.0,2.668239748540074,1.2265298768647954,True,725,0.2307692307692307,2015-07-20,325,325,0,0,Low CI
2012-01-17,2015-01-26,751,2016-06-09,500,2016-06-09,True,0.0273154873413028,0.5603480223683501,6.333014619275764,-0.0311393164516474,-0.0019460258782584,0.0007311097753769,0.002078830974972,0.4314924765938027,6.0,2.7822138958939897,1.077238516657174,True,750,0.2307692307692307,2015-07-20,325,325,0,0,Low CI
2012-07-19,2015-01-27,626,2016-05-28,487,2016-06-10,True,0.0220225552423578,0.3036055800660918,8.17997908644207,-1.234780596706356,-0.0176950296292162,0.0092992429037223,0.0199897471760218,0.1,6.0,2.657731412172057,1.029511600649877,True,625,0.2307692307692307,2015-07-20,313,313,0,0,Low CI
2012-06-14,2015-01-27,651,2016-06-10,500,2016-06-10,True,0.0239508101214432,0.3734404898632012,6.029809826602627,-0.0006055824904009,-5.974679618407579e-05,2.414538551732471e-05,6.44412856485788e-05,0.9,6.0,2.757532264785849,1.4096145451770683,True,650,0.2307692307692307,2015-07-20,326,326,0,0,Low CI
2012-05-08,2015-01-27,676,2016-06-10,500,2016-06-10,True,0.0258651212983797,0.4522470418512109,6.053912875979881,-0.0006635436543022,-6.600547024296526e-05,5.483944478843389e-06,6.623289023621126e-05,0.9,6.0,3.058699853267113,1.5027510922499796,True,675,0.2307692307692307,2015-07-20,326,326,0,0,Low CI
2012-03-29,2015-01-27,701,2016-06-10,500,2016-06-10,True,0.0259581043228251,0.4723500492043044,6.043390074270155,-0.0006385645855656,-6.431406943392939e-05,1.4175103058081933e-05,6.585767285487344e-05,0.9,6.0,2.9246566629902486,1.4544195639272444,True,700,0.2307692307692307,2015-07-20,326,326,0,0,Low CI
2012-02-23,2015-01-27,726,2016-06-10,500,2016-06-10,True,0.0274241846959918,0.5460143679301475,6.125122055897252,-0.0039432863751734,-0.0003421764585056,0.0001330356344361,0.0003671283274078,0.6695177608370804,6.0,2.770785110057315,1.198536527579809,True,725,0.2307692307692307,2015-07-20,326,326,0,0,Low CI
2012-01-18,2015-01-27,751,2016-06-10,500,2016-06-10,True,0.0273987230341097,0.5637682079487938,6.877319268058356,-0.2337417392710678,-0.0082546446052347,0.002294776946433,0.008567681062727,0.2320523413472967,6.0,2.8704411142383788,1.055134161961448,True,750,0.2307692307692307,2015-07-20,326,326,0,0,Low CI
2012-07-20,2015-01-28,626,2016-05-16,474,2016-06-11,True,0.0221343182918185,0.3066949569484505,8.161445938941188,-1.2267599363097736,-0.0167812842795037,0.0105092936623413,0.0198004231103996,0.1,6.0,2.5820943511778096,1.03260414307801,True,625,0.2307692307692307,2015-07-20,301,301,0,0,Low CI
2012-06-15,2015-01-28,651,2016-06-11,500,2016-06-11,True,0.0239044773061403,0.3719970469671349,6.030632611665911,-0.0006063756470228,-5.901075888267693e-05,2.37019862158445e-05,6.359287550099868e-05,0.9,6.0,2.759660077307771,1.4302914648355167,True,650,0.2307692307692307,2015-07-20,327,327,0,0,Low CI
2012-05-09,2015-01-28,676,2016-06-11,500,2016-06-11,True,0.025933149866444,0.4546291051089211,6.055670282737098,-0.0006666145697292,-6.5563928012035e-05,4.294419144669259e-06,6.570441912198455e-05,0.9,6.0,3.076186359159169,1.521848709654413,True,675,0.2307692307692307,2015-07-20,327,327,0,0,Low CI
2012-03-30,2015-01-28,701,2016-06-11,500,2016-06-11,True,0.0259988073811721,0.4738325276555462,6.045755825098488,-0.0006430682877222,-6.395353335707959e-05,1.2495891424196186e-05,6.516288614955902e-05,0.9,6.0,2.948633531407397,1.48029421129309,True,700,0.2307692307692307,2015-07-20,327,327,0,0,Low CI
2012-02-24,2015-01-28,726,2016-06-11,500,2016-06-11,True,0.0274756577054837,0.5480659423693073,6.266311591738911,-0.0171891085641298,-0.0011747645566365,0.0003447760008073,0.001224312972349,0.5007107211808574,6.0,2.85612341235041,1.1716463491476867,True,725,0.2307692307692307,2015-07-20,327,327,0,0,Low CI
2012-01-19,2015-01-28,751,2016-06-11,500,2016-06-11,True,0.0274709074393124,0.5667427174099925,8.444145502533349,-1.3683097734845568,-0.0213935475092309,0.0046006031673591,0.0218826283735121,0.1,6.0,2.929772242702685,1.0421583048503371,True,750,0.2307692307692307,2015-07-20,327,327,0,0,Low CI
2012-07-23,2015-01-29,626,2016-05-10,467,2016-06-12,True,0.0221961600727031,0.3084111207551376,8.152061111492012,-1.2227386652979917,-0.0161817613074722,0.0111139894884811,0.0196308471891071,0.1,6.0,2.5397658531650893,1.0381099480145977,True,625,0.2307692307692307,2015-07-20,295,295,0,0,Low CI
2012-06-18,2015-01-29,651,2016-06-12,500,2016-06-12,True,0.023890225812195,0.3715536209718449,6.03157523815974,-0.0006074742745816,-5.8335700485064975e-05,2.3161828486586685e-05,6.276562952703708e-05,0.9,6.0,2.7636373154064744,1.4517681392488555,True,650,0.2307692307692307,2015-07-20,328,328,0,0,Low CI
2012-05-10,2015-01-29,676,2016-06-12,500,2016-06-12,True,0.025994221790623,0.4567729069540674,6.057308989040345,-0.0006694173326461,-6.512006520939744e-05,3.1893790794038665e-06,6.519812138235513e-05,0.9,6.0,3.0926548558054354,1.5401149261350342,True,675,0.2307692307692307,2015-07-20,328,328,0,0,Low CI
2012-04-02,2015-01-29,701,2016-06-12,500,2016-06-12,True,0.0260074221400611,0.4741465904663129,6.048244124755181,-0.0006478773456395,-6.362801571440549e-05,1.0697896357724611e-05,6.45210769457024e-05,0.9,6.0,2.975018726429901,1.5061993141825931,True,700,0.2307692307692307,2015-07-20,328,328,0,0,Low CI
2012-02-27,2015-01-29,726,2016-06-12,500,2016-06-12,True,0.0275074411552881,0.5493346655298509,6.473123127612589,-0.0598273729104739,-0.0031073235768928,0.0006874026787605,0.0031824490968876,0.367073878917233,6.0,2.923878798073545,1.1501134907469357,True,725,0.2307692307692307,2015-07-20,328,328,0,0,Low CI
2012-01-20,2015-01-29,751,2016-06-12,500,2016-06-12,True,0.0275346181703901,0.5693745535396734,8.456683055261697,-1.3744712147725002,-0.0213158013982801,0.0042973433580112,0.0217446671436369,0.1,6.0,2.942655599491039,1.053492952006171,True,750,0.2307692307692307,2015-07-20,328,328,0,0,Low CI
2012-07-24,2015-01-30,626,2016-04-16,442,2016-06-13,True,0.0221277203346203,0.3065121405116903,8.081763798123305,-1.1898515007830432,-0.0137896528324739,0.0138394448666855,0.019536754066584,0.1,6.0,2.35439233288524,1.015053896814061,True,625,0.2307692307692307,2015-07-20,271,271,0,0,Low CI
2012-06-19,2015-01-30,651,2016-06-13,500,2016-06-13,True,0.0238327410328141,0.3697677038843074,8.46890932998244,-1.3801785552104284,-0.0204239140642296,0.0032411525711308,0.0206794907019584,0.1,6.0,2.984211053414326,1.112356984594174,True,650,0.2307692307692307,2015-07-20,329,329,0,0,Low CI
2012-05-11,2015-01-30,676,2016-06-13,500,2016-06-13,True,0.0260420499774818,0.458455336112053,6.0588813516522535,-0.0006721107551871,-6.473997456311046e-05,2.097594733802059e-06,6.477394700108574e-05,0.9,6.0,3.1092036820788427,1.556437702899068,True,675,0.2307692307692307,2015-07-20,329,329,0,0,Low CI
2012-04-03,2015-01-30,701,2016-06-13,500,2016-06-13,True,0.0259534698048635,0.4721813990332882,6.050813042590013,-0.0006529254498921,-6.338337171261102e-05,8.78421405558008e-06,6.398917272658922e-05,0.9,6.0,3.003881227656857,1.5305529562367126,True,700,0.2307692307692307,2015-07-20,329,329,0,0,Low CI
2012-02-28,2015-01-30,726,2016-06-13,500,2016-06-13,True,0.0275250604087283,0.5500386180660093,6.776242444988904,-0.1705993325377864,-0.0065450545035811,0.0010927248161807,0.0066356451064493,0.2644558593750798,6.0,2.97616415607499,1.1331727453609126,True,725,0.2307692307692307,2015-07-20,329,329,0,0,Low CI
2012-01-23,2015-01-30,751,2016-06-13,500,2016-06-13,True,0.0275849143849118,0.5714565537188101,8.467857977393091,-1.379947163747535,-0.0212473673550828,0.0040185151720478,0.02162403948641,0.1,6.0,2.954670501608438,1.0635903347404836,True,750,0.2307692307692307,2015-07-20,329,329,0,0,Low CI
2012-07-25,2015-02-02,626,2016-04-06,429,2016-06-16,True,0.0220150051334347,0.3033974423417497,8.052375403880536,-1.1759579782046152,-0.0126126896215152,0.0147825381232944,0.0194320192686023,0.1,6.0,2.277154154408377,1.00860849126532,True,625,0.2307692307692307,2015-07-20,261,261,0,0,Low CI
2012-06-20,2015-02-02,651,2016-06-16,500,2016-06-16,True,0.0237895985700639,0.3684301950812367,8.482635730536387,-1.3866506430405576,-0.0203514678078039,0.0027297465699677,0.0205337224649679,0.1,6.0,3.0082582496622057,1.1255067896288542,True,650,0.2307692307692307,2015-07-20,332,332,0,0,Low CI
2012-05-14,2015-02-02,676,2016-06-16,500,2016-06-16,True,0.0260758952495684,0.4596477636329321,6.061223336953925,-0.0006752917891281,-6.434544426661798e-05,6.642934409511634e-08,6.434547855697554e-05,0.9,6.0,3.14056026782804,1.5742173442618446,True,675,0.2307692307692307,2015-07-20,332,332,0,0,Low CI
2012-04-04,2015-02-02,701,2016-06-16,500,2016-06-16,True,0.025919196701369,0.4709351351086261,6.053811292005172,-0.0006576973469407,-6.31538119077661e-05,6.190379225460408e-06,6.345647920769409e-05,0.9,6.0,3.0438841111699486,1.5546813071398853,True,700,0.2307692307692307,2015-07-20,332,332,0,0,Low CI
2012-02-29,2015-02-02,726,2016-06-16,500,2016-06-16,True,0.0275251661439332,0.5500428439283205,7.573869244203685,-0.6470685032666014,-0.0147211625111792,0.0014779016648108,0.0147951620136921,0.1527787705696235,6.0,3.0415349075608145,1.1136335232637715,True,725,0.2307692307692307,2015-07-20,332,332,0,0,Low CI
2012-01-24,2015-02-02,751,2016-06-16,500,2016-06-16,True,0.0276294489264487,0.5733032224324103,8.48398926345847,-1.3876556842959185,-0.0212208319047405,0.003467429456171,0.0215022504348446,0.1,6.0,2.979626528799635,1.0755894974038065,True,750,0.2307692307692307,2015-07-20,332,332,0,0,Low CI
2012-06-21,2015-02-03,651,2016-06-17,500,2016-06-17,True,0.023791013755078,0.3684740304067979,8.492151955320656,-1.3912625006756814,-0.0202281981411964,0.0024730688697252,0.0203788142362088,0.1,6.0,3.0199379009156155,1.1378340307649015,True,650,0.1923076923076923,2015-07-20,333,333,0,0,Low CI
2012-05-15,2015-02-03,676,2016-06-17,500,2016-06-17,True,0.026130374383415,0.4615704106221855,6.062717066062932,-0.0006777298981774,-6.3828622877126e-05,-8.979733404377373e-07,6.383493913610719e-05,0.9,6.0,-3.12752507600704,1.592536722089762,True,675,0.1923076923076923,2015-07-20,333,333,0,0,Low CI
2012-04-05,2015-02-03,701,2016-06-17,500,2016-06-17,True,0.0259602433558391,0.4724278988011664,6.056060405572988,-0.0006619237738997,-6.275631867012384e-05,4.615235853619833e-06,6.292579705502882e-05,0.9,6.0,3.0681826381132358,1.5778674364367935,True,700,0.1923076923076923,2015-07-20,333,333,0,0,Low CI
2012-03-01,2015-02-03,726,2016-06-17,500,2016-06-17,True,0.0275401263113626,0.5506409125604577,8.579451423440629,-1.4360932781044815,-0.0215271230948769,0.0014280840263081,0.021574439801028,0.1,6.0,3.0753508891208496,1.1094094766376057,True,725,0.1923076923076923,2015-07-20,333,333,0,0,Low CI
2012-01-25,2015-02-03,751,2016-06-15,498,2016-06-17,True,0.0276920800217864,0.5759053232457025,8.493167635997606,-1.3923063704621754,-0.0211128554185854,0.0033499560969883,0.0213769705472464,0.1,6.0,2.9842354167621425,1.0855189290307872,True,750,0.1923076923076923,2015-07-20,331,331,0,0,Low CI
2012-06-22,2015-02-04,651,2016-06-18,500,2016-06-18,True,0.0237868785704646,0.3683459504740445,8.501712528195489,-1.3958892489657395,-0.0200891406982923,0.0022164540969299,0.0202110425945714,0.1,6.0,3.0317061393561526,1.1510945418691263,True,650,0.1923076923076923,2015-07-20,334,334,0,0,Low CI
2012-05-16,2015-02-04,676,2016-06-18,500,2016-06-18,True,0.0261875068363606,0.4635910076697989,6.064196972242742,-0.00068009802271,-6.324667206266925e-05,-1.8162308328024683e-06,6.327274469659783e-05,0.9,6.0,-3.1128839204304475,1.612300902950931,True,675,0.1923076923076923,2015-07-20,334,334,0,0,Low CI
2012-04-10,2015-02-04,701,2016-06-18,500,2016-06-18,True,0.0260082892129519,0.4741782065569708,6.058437492545789,-0.0006664200923888,-6.232343482307898e-05,2.968671335764841e-06,6.239409858028535e-05,0.9,6.0,3.0939953226975736,1.6021228951596411,True,700,0.1923076923076923,2015-07-20,334,334,0,0,Low CI
2012-03-02,2015-02-04,726,2016-06-18,500,2016-06-18,True,0.0275378024413459,0.5505479889547813,8.598932445254034,-1.4457892962397991,-0.0214678535551075,0.0009855612137496,0.0214904645638383,0.1,6.0,3.0957161670069526,1.121264186685388,True,725,0.1923076923076923,2015-07-20,334,334,0,0,Low CI
2012-01-26,2015-02-04,751,2016-06-04,486,2016-06-18,True,0.0277596798359588,0.5787204682707986,8.475856144839087,-1.3850148552675228,-0.0208000975722756,0.0046306413707751,0.0213093148299263,0.1,6.0,2.9225390169013257,1.0832624655161258,True,750,0.1923076923076923,2015-07-20,320,320,0,0,Low CI
2012-06-25,2015-02-05,651,2016-06-19,500,2016-06-19,True,0.0237538675892113,0.3673242927652071,8.509818124016318,-1.399771622473746,-0.0199353385189412,0.0019855789270281,0.0200339772771219,0.1,6.0,3.042319102190312,1.1644980284504234,True,650,0.1923076923076923,2015-07-20,335,335,0,0,Low CI
2012-05-18,2015-02-05,676,2016-06-19,500,2016-06-19,True,0.0262355902410991,0.4652949880220289,6.065571819664022,-0.0006822124226564,-6.263626863391397e-05,-2.6444287612196137e-06,6.269206609973069e-05,0.9,6.0,-3.0993989002086826,1.6322936818780316,True,675,0.1923076923076923,2015-07-20,335,335,0,0,Low CI
2012-04-11,2015-02-05,701,2016-06-19,500,2016-06-19,True,0.0260873030499375,0.477063713673917,6.06037473462454,-0.0006698748260441,-6.183036700945292e-05,1.6966940669655543e-06,6.185364221515592e-05,0.9,6.0,3.114158425672075,1.6244997110615471,True,700,0.1923076923076923,2015-07-20,335,335,0,0,Low CI
2012-03-05,2015-02-05,726,2016-06-19,500,2016-06-19,True,0.0275304252280759,0.5502530514112816,8.618471143632764,-1.455515062718217,-0.0214085791619162,0.0005423272808193,0.0214154472428561,0.1,6.0,3.116265829539183,1.1327610440976987,True,725,0.1923076923076923,2015-07-20,335,335,0,0,Low CI
2012-01-27,2015-02-05,751,2016-05-29,479,2016-06-19,True,0.027819815805925,0.5812305557581744,8.469796331837584,-1.3827745335963086,-0.0205740463865511,0.0052765447662207,0.0212398989966028,0.1,6.0,2.890537599705325,1.0850448126091023,True,750,0.1923076923076923,2015-07-20,314,314,0,0,Low CI
2012-06-26,2015-02-06,651,2016-06-17,497,2016-06-20,True,0.023650968210586,0.3641487615410962,8.506938587995716,-1.3983833654163424,-0.0197200946097165,0.0021287664709901,0.0198346610282147,0.1,6.0,3.0340599563190644,1.175033411987854,True,650,0.1923076923076923,2015-07-20,333,333,0,0,Low CI
2012-05-21,2015-02-06,676,2016-06-20,500,2016-06-20,True,0.0262298958649569,0.4650930274704639,6.066556515698925,-0.0006833803167063,-6.191709573233778e-05,-3.1451992961026764e-06,6.199692752499665e-05,0.9,6.0,-3.0908393321930223,1.6534214129341902,True,675,0.1923076923076923,2015-07-20,336,336,0,0,Low CI
2012-04-12,2015-02-06,701,2016-06-20,500,2016-06-20,True,0.0261635061320881,0.4798548662397942,6.062461406264907,-0.0006736734881191,-6.134043235430333e-05,3.118572906468285e-07,6.134122509685139e-05,0.9,6.0,3.1365086561054047,1.647359064940823,True,700,0.1923076923076923,2015-07-20,336,336,0,0,Low CI
2012-03-06,2015-02-06,726,2016-06-20,500,2016-06-20,True,0.0275379040724824,0.5505520526720069,8.637359050387488,-1.464907587223329,-0.0213427313078477,0.0001141953858214,0.0213430368098151,0.1,6.0,3.136242153016592,1.14393873145991,True,725,0.1923076923076923,2015-07-20,336,336,0,0,Low CI
2012-01-30,2015-02-06,751,2016-05-23,472,2016-06-20,True,0.0278810369262313,0.5837915172814876,8.461204803480502,-1.3792738075345023,-0.0203264410554101,0.005975705507931,0.0211866293283424,0.1,6.0,2.8556616387957106,1.0850190672609548,True,750,0.1923076923076923,2015-07-20,308,308,0,0,Low CI
2012-06-27,2015-02-09,651,2016-05-28,474,2016-06-23,True,0.0235002382342682,0.3595220392908522,8.428902284573969,-1.3614734380617644,-0.0190198878176176,0.0051105657081103,0.0196945173703666,0.1,6.0,2.879096716474432,1.1521594330531006,True,650,0.1923076923076923,2015-07-20,313,313,0,0,Low CI
2012-05-22,2015-02-09,676,2016-06-23,500,2016-06-23,True,0.0262031541450858,0.4641451741141621,6.068163669900369,-0.0006847174829085,-6.118010529180902e-05,-4.4589315227476815e-06,6.134237812345876e-05,0.9,6.0,-3.0688392381755185,1.6743338875706772,True,675,0.1923076923076923,2015-07-20,339,339,0,0,Low CI
2012-04-13,2015-02-09,701,2016-06-23,500,2016-06-23,True,0.0261920704666349,0.4809032132857487,6.06522077327565,-0.0006777785940861,-6.087068473740297e-05,-1.944226464299252e-06,6.090172638722801e-05,0.9,6.0,-3.109663232676544,1.6693580813538258,True,700,0.1923076923076923,2015-07-20,339,339,0,0,Low CI
2012-03-07,2015-02-09,726,2016-06-23,500,2016-06-23,True,0.0275621990834355,0.5515239180966414,8.657796494692898,-1.474781130140003,-0.0212601552090188,-0.0005074458532683,0.0212662103066242,0.1,6.0,-3.1177287863148715,1.1558093871890778,True,725,0.1923076923076923,2015-07-20,339,339,0,0,Low CI
2012-01-31,2015-02-09,751,2016-05-20,466,2016-06-23,True,0.0279147297083214,0.5852033331511708,8.4576124220766,-1.377871308658781,-0.0201714604734178,0.0063132081639136,0.021136329268621,0.1,6.0,2.8382730571433226,1.086495271677698,True,750,0.1923076923076923,2015-07-20,305,305,0,0,Low CI
2012-06-28,2015-02-10,651,2016-05-11,456,2016-06-24,True,0.0234115707911634,0.356814172138188,8.359914219945113,-1.3288090996849573,-0.0180235010848496,0.0077197273354611,0.0196071614847596,0.1,6.0,2.7369179253341374,1.1295270019220789,True,650,0.1923076923076923,2015-07-20,296,296,0,0,Low CI
2012-05-23,2015-02-10,676,2016-06-24,500,2016-06-24,True,0.0262431843088638,0.4655643925242408,6.06947437078031,-0.0006866873991951,-6.056098970084197e-05,-5.230605238640593e-06,6.078645165419661e-05,0.9,6.0,-3.0554372419631566,1.6945076917014157,True,675,0.1923076923076923,2015-07-20,340,340,0,0,Low CI
2012-04-16,2015-02-10,701,2016-06-24,500,2016-06-24,True,0.0262581963450652,0.4833345055824932,6.0671742350898,-0.0006812803969288,-6.037972511964036e-05,-3.2319032963995086e-06,6.046615916726154e-05,0.9,6.0,-3.088117384406848,1.6900702962899627,True,700,0.1923076923076923,2015-07-20,340,340,0,0,Low CI
2012-03-08,2015-02-10,726,2016-06-24,500,2016-06-24,True,0.0275925319425692,0.5527385165952354,8.67345149422669,-1.4825292375322894,-0.0211819083371938,-0.000869764535598,0.021199757808821,0.1,6.0,-3.1005540375032306,1.1655237219387973,True,725,0.1923076923076923,2015-07-20,340,340,0,0,Low CI
2012-02-01,2015-02-10,751,2016-05-13,458,2016-06-24,True,0.0279581008378542,0.5870232072471799,8.44530086019645,-1.3725182613923452,-0.0198997045024769,0.0070837775219445,0.0211229293249376,0.1,6.0,2.799605725244997,1.082960796045111,True,750,0.1923076923076923,2015-07-20,298,298,0,0,Low CI
2012-06-29,2015-02-11,651,2016-04-27,441,2016-06-25,True,0.0232730421699107,0.3526040541894313,8.305511583274502,-1.3028762637027245,-0.0169883673806245,0.0096420490614871,0.0195339124694259,0.1,6.0,2.6253618623095027,1.1116362085185256,True,650,0.1923076923076923,2015-07-20,282,282,0,0,Low CI
2012-05-24,2015-02-11,676,2016-06-25,500,2016-06-25,True,0.0262194967169054,0.4647243174673623,6.070288024220589,-0.0006874967929759,-5.9878508180805045e-05,-5.624095231221725e-06,6.014205009083568e-05,0.9,6.0,-3.047942294813241,1.7146824690982618,True,675,0.1923076923076923,2015-07-20,341,341,0,0,Low CI
2012-04-17,2015-02-11,701,2016-06-25,500,2016-06-25,True,0.0263118360849677,0.4853112154317114,6.069081097842201,-0.0006847000127511,-5.992278435604968e-05,-4.507163021942709e-06,6.009205108404937e-05,0.9,6.0,-3.066517837103308,1.7091279139235291,True,700,0.1923076923076923,2015-07-20,341,341,0,0,Low CI
2012-03-09,2015-02-11,726,2016-06-25,500,2016-06-25,True,0.0275876449884222,0.5525427412612423,8.69028773333411,-1.4908857884270648,-0.0211201402062482,-0.0012586256880236,0.0211576100009934,0.1,6.0,-3.082069426873467,1.1744283249675982,True,725,0.1923076923076923,2015-07-20,341,341,0,0,Low CI
2012-02-02,2015-02-11,751,2016-05-10,454,2016-06-25,True,0.0279861999081,0.5882037663574009,8.440966825350873,-1.370857156967045,-0.0197344354058238,0.0074787347304846,0.0211040141668733,0.1,6.0,2.7793470610147533,1.0826195955955922,True,750,0.1923076923076923,2015-07-20,295,295,0,0,Low CI
2012-07-02,2015-02-12,651,2016-04-17,430,2016-06-26,True,0.0232481969679933,0.3518516091329616,8.267705949617648,-1.2849327121848388,-0.0160969385653869,0.0109840855803314,0.0194874720580655,0.1,6.0,2.5427964107821044,1.0989391101765338,True,650,0.1923076923076923,2015-07-20,272,272,0,0,Low CI
2012-05-25,2015-02-12,676,2016-06-26,500,2016-06-26,True,0.0262413566465121,0.4654995478870248,6.071457547823061,-0.0006890970169588,-5.917386734284026e-05,-6.247041141620678e-06,5.950270665552248e-05,0.9,6.0,-3.0364113097428937,1.7371403479547605,True,675,0.1923076923076923,2015-07-20,342,342,0,0,Low CI
2012-04-18,2015-02-12,701,2016-06-26,500,2016-06-26,True,0.0263524765701407,0.4868115679872501,6.071484946822014,-0.0006892426543255,-5.945103401220555e-05,-6.141035137447891e-06,5.976736365007069e-05,0.9,6.0,-3.038662025027973,1.7298135944918278,True,700,0.1923076923076923,2015-07-20,342,342,0,0,Low CI
2012-03-12,2015-02-12,726,2016-06-26,500,2016-06-26,True,0.0275828975047532,0.5523525864341086,8.70901613606769,-1.500197099438986,-0.0210489483156928,-0.0016807351813004,0.0211159441168603,0.1,6.0,-3.0619128176580666,1.1840950540632216,True,725,0.1923076923076923,2015-07-20,342,342,0,0,Low CI
2012-02-03,2015-02-12,751,2016-05-07,450,2016-06-26,True,0.0280221506395291,0.5897159357748102,8.441039623263029,-1.3712501993148092,-0.0196171439448345,0.0076811574238745,0.0210673329095711,0.1,6.0,2.768389056514326,1.084815533445963,True,750,0.1923076923076923,2015-07-20,292,292,0,0,Low CI
2012-07-03,2015-02-13,651,2016-04-05,417,2016-06-27,True,0.0232692425627996,0.3524889297896122,8.223175061675269,-1.2638086773056267,-0.0149311967996428,0.0125286184735964,0.0194912010591088,0.1,6.0,2.443466582970782,1.080665983138587,True,650,0.1923076923076923,2015-07-20,260,260,0,0,Low CI
2012-05-29,2015-02-13,676,2016-06-27,500,2016-06-27,True,0.0262839052338788,0.4670103238562233,6.072801188136153,-0.0006910678070855,-5.843107822245946e-05,-6.966014228356599e-06,5.884484902239824e-05,0.9,6.0,-3.022935069959736,1.7615844510601637,True,675,0.1923076923076923,2015-07-20,343,343,0,0,Low CI
2012-04-19,2015-02-13,701,2016-06-27,500,2016-06-27,True,0.0264182060970012,0.4892430509819276,6.07391099779086,-0.0006937965659618,-5.89177819223013e-05,-7.74838082357929e-06,5.94250993438889e-05,0.9,6.0,-3.010831308249688,1.7512715341380878,True,700,0.1923076923076923,2015-07-20,343,343,0,0,Low CI
2012-03-13,2015-02-13,726,2016-06-27,500,2016-06-27,True,0.0275922621235001,0.5527277065207478,8.728354111027917,-1.5098117609871673,-0.0209666727880473,-0.0021105611475391,0.0210726323974615,0.1,6.0,-3.041267940819229,1.1941331711750145,True,725,0.1923076923076923,2015-07-20,343,343,0,0,Low CI
2012-02-06,2015-02-13,751,2016-05-03,445,2016-06-27,True,0.0280432835429601,0.5906057396550157,8.43949669064217,-1.3709783723795033,-0.0194748310587578,0.0079916595651738,0.0210507878088396,0.1,6.0,2.7521886797695534,1.085452941103863,True,750,0.1923076923076923,2015-07-20,288,288,0,0,Low CI
2012-07-04,2015-02-16,651,2016-03-28,406,2016-06-30,True,0.0232926873054655,0.3531995825235367,8.19314343498157,-1.2495543502600328,-0.0140417074487821,0.0135251252352376,0.0194961165544845,0.1,6.0,2.3749315632727344,1.068207905890714,True,650,0.1923076923076923,2015-07-20,252,252,0,0,Low CI
2012-05-30,2015-02-16,676,2016-06-30,500,2016-06-30,True,0.0262709502662727,0.4665500716556522,8.837668389712718,-1.5649506442404382,-0.0212008859225191,-0.0046193828265768,0.0216983008919625,0.1,6.0,-2.927059349683447,1.202053140806156,True,675,0.1923076923076923,2015-07-20,346,346,0,0,Low CI
2012-04-20,2015-02-16,701,2016-06-30,500,2016-06-30,True,0.0264742382124117,0.4913205875381946,6.0770027517969,-0.0006985271165252,-5.8199808498796005e-05,-1.0080041632347782e-05,5.90662758992506e-05,0.9,6.0,-2.9700967881879854,1.773923713381026,True,700,0.1923076923076923,2015-07-20,346,346,0,0,Low CI
2012-03-14,2015-02-16,726,2016-06-30,500,2016-06-30,True,0.0275396676293036,0.5506225708142065,8.756909635360158,-1.523792992266994,-0.0208519794349879,-0.0028716074186571,0.0210487808560031,0.1,6.0,-3.004739565795264,1.2065568093875332,True,725,0.1923076923076923,2015-07-20,346,346,0,0,Low CI
2012-02-07,2015-02-16,751,2016-04-30,439,2016-06-30,True,0.0280548752696291,0.59109409582223,8.43689491292838,-1.3701543482693876,-0.0193401869113685,0.0083106911947127,0.021050188072807,0.1,6.0,2.7357385173164084,1.084831438346603,True,750,0.1923076923076923,2015-07-20,285,285,0,0,Low CI
2012-07-05,2015-02-17,651,2016-03-22,399,2016-07-01,True,0.0233092378081722,0.353701689245851,8.16903313124275,-1.238083392281843,-0.0132697996606195,0.0142809027123133,0.0194944034356411,0.1,6.0,2.31951123387311,1.0584947250538288,True,650,0.1923076923076923,2015-07-20,246,246,0,0,Low CI
2012-05-31,2015-02-17,676,2016-07-01,500,2016-07-01,True,0.0262012070249949,0.4640761967070517,8.843233144175239,-1.5675365388040994,-0.021022922807842,-0.0047897334485837,0.0215616518359092,0.1,6.0,-2.9175825542046425,1.2116701066732811,True,675,0.1923076923076923,2015-07-20,347,347,0,0,Low CI
2012-04-23,2015-02-17,701,2016-07-01,500,2016-07-01,True,0.026517703525397,0.4929352087828584,6.282813808281898,-0.0112344790774635,-0.000701129655213,-0.0001675611501367,0.0007208741446704,0.5661579731845222,6.0,-2.9070053478215776,1.470550245907373,True,700,0.1923076923076923,2015-07-20,347,347,0,0,Low CI
2012-03-15,2015-02-17,726,2016-07-01,500,2016-07-01,True,0.02747456937592,0.5480225246967699,8.778198022549814,-1.5344060735443492,-0.0207839499469408,-0.0033416834354074,0.0210508770263715,0.1,6.0,-2.982175079336049,1.214839387785854,True,725,0.1923076923076923,2015-07-20,347,347,0,0,Low CI
2012-02-08,2015-02-17,751,2016-04-29,437,2016-07-01,True,0.0280681325229974,0.5916528675597379,8.440059849040589,-1.3719761545662674,-0.0192931856467558,0.0083597451732849,0.0210264678860346,0.1,6.0,2.7327125467892377,1.0874993064316996,True,750,0.1923076923076923,2015-07-20,284,284,0,0,Low CI
2012-07-06,2015-02-18,651,2016-03-15,391,2016-07-02,True,0.0233363233888861,0.3545241770412481,8.143678858945009,-1.2260072047865649,-0.0124089431121662,0.0150400331341153,0.0194983195644205,0.1,6.0,2.2606326005755912,1.047959714969246,True,650,0.1923076923076923,2015-07-20,239,239,0,0,Low CI
2012-06-01,2015-02-18,676,2016-07-02,500,2016-07-02,True,0.0261357943103264,0.461761907100625,8.850083848612114,-1.5707648074065843,-0.0208261177927404,-0.0049799470313129,0.0214132448440628,0.1,6.0,-2.9068796505673777,1.2225804004681255,True,675,0.1923076923076923,2015-07-20,348,348,0,0,Low CI
2012-04-24,2015-02-18,701,2016-07-02,500,2016-07-02,True,0.026587971676567,0.4955510867496263,6.717051606011982,-0.1092997035298575,-0.0042749957552586,-0.0011953465935894,0.0044389685948748,0.3203174546655108,6.0,-2.8689423730451917,1.3145171782622935,True,700,0.1923076923076923,2015-07-20,348,348,0,0,Low CI
2012-03-16,2015-02-18,726,2016-07-01,499,2016-07-02,True,0.0274132277017461,0.545578148498171,8.79963987617026,-1.5451577148352684,-0.0207171158146407,-0.0037810396560713,0.0210593245038397,0.1,6.0,-2.9610714777375526,1.222861092999084,True,725,0.1923076923076923,2015-07-20,347,347,0,0,Low CI
2012-02-09,2015-02-18,751,2016-04-28,435,2016-07-02,True,0.0280974645568732,0.5928901034080845,8.448342716587637,-1.3762035979133858,-0.0193050282081302,0.0082028357791463,0.0209754768464592,0.1,6.0,2.7398010369447547,1.0935020357242355,True,750,0.1923076923076923,2015-07-20,283,283,0,0,Low CI
2012-07-09,2015-02-19,651,2016-03-06,381,2016-07-03,True,0.0233334917004116,0.3544381445414988,8.109827169429614,-1.2097647099431352,-0.011247249477337,0.0159582120882039,0.0195234513818012,0.1,6.0,2.1847323886375687,1.0327449164297648,True,650,0.1923076923076923,2015-07-20,230,230,0,0,Low CI
2012-06-04,2015-02-19,676,2016-07-03,500,2016-07-03,True,0.0259865764967706,0.4565042588232181,8.854206220710687,-1.5725951642687628,-0.0205987065811373,-0.0051189407893293,0.0212252271512097,0.1,6.0,-2.8980188362031423,1.2348475339160525,True,675,0.1923076923076923,2015-07-20,349,349,0,0,Low CI
2012-04-25,2015-02-19,701,2016-07-03,500,2016-07-03,True,0.0266445203885958,0.4976612571835498,7.623597246461372,-0.594080015881699,-0.012895946575585,-0.0039828149874011,0.0134969720050169,0.1688915069845614,6.0,-2.842043444360765,1.2389824561437015,True,700,0.1923076923076923,2015-07-20,349,349,0,0,Low CI
2012-03-19,2015-02-19,726,2016-07-02,499,2016-07-03,True,0.0273298922464307,0.5422661054063018,8.824548542995421,-1.557568038055891,-0.0206306145181588,-0.0043307977632638,0.0210802766742554,0.1,6.0,-2.934676191929521,1.231457618041361,True,725,0.1923076923076923,2015-07-20,348,348,0,0,Low CI
2012-02-10,2015-02-19,751,2016-04-25,431,2016-07-03,True,0.0281231614674252,0.5939750704030791,8.445061418804297,-1.375040868105179,-0.0191706717660389,0.0085346550491752,0.0209846370654727,0.1,6.0,2.722743146459626,1.092101222920848,True,750,0.1923076923076923,2015-07-20,280,280,0,0,Low CI
2012-07-10,2015-02-20,651,2016-02-27,372,2016-07-04,True,0.0233114783768352,0.3537696906979907,8.075318785824809,-1.1931420846862932,-0.0100027516657222,0.016805345812704,0.0195569601106787,0.1,6.0,2.1076881601472865,1.01680942738028,True,650,0.1923076923076923,2015-07-20,222,222,0,0,Low CI
2012-06-05,2015-02-20,676,2016-07-04,500,2016-07-04,True,0.0258059598052981,0.4501805515555223,8.857681273995164,-1.574091829561574,-0.0203594425937888,-0.0052452531043519,0.0210242617672653,0.1,6.0,-2.8894435071803937,1.2478375752947355,True,675,0.1923076923076923,2015-07-20,350,350,0,0,Low CI
2012-04-26,2015-02-20,701,2016-07-04,500,2016-07-04,True,0.026686437320141,0.499228321726115,8.957117613768006,-1.624922497003581,-0.0212218692041782,-0.0070522733632345,0.022362966979116,0.1,6.0,-2.8207619386344764,1.2110218488457831,True,700,0.1923076923076923,2015-07-20,350,350,0,0,Low CI
2012-03-20,2015-02-20,726,2016-07-03,499,2016-07-04,True,0.0272488622836194,0.5390553599157036,8.84572252519442,-1.5682225339516074,-0.0205750441755393,-0.0047486266112123,0.0211159157395105,0.1,6.0,-2.914768910665321,1.2377887161019998,True,725,0.1923076923076923,2015-07-20,349,349,0,0,Low CI
2012-02-13,2015-02-20,751,2016-04-21,426,2016-07-04,True,0.0281603485241925,0.5955469269819978,8.439805002593436,-1.3728976071751418,-0.0190119176872121,0.0089194197901029,0.021000215797401,0.1,6.0,2.7029291240405304,1.0895900788354846,True,750,0.1923076923076923,2015-07-20,276,276,0,0,Low CI
2012-07-11,2015-02-23,651,2016-02-22,364,2016-07-07,True,0.02331710414733,0.3539404621271496,8.054461020490363,-1.1831122273971064,-0.0091741495341405,0.0172800232785293,0.0195643610726567,0.1,6.0,2.058865635440975,1.0078804541613082,True,650,0.1923076923076923,2015-07-20,217,217,0,0,Low CI
2012-06-06,2015-02-23,676,2016-07-07,500,2016-07-07,True,0.0256486530647412,0.444708901127972,8.873010255484166,-1.5812662622466596,-0.020030818191833,-0.0057243242032502,0.0208327042176042,0.1,6.0,-2.8632360725881107,1.2650512112508512,True,675,0.1923076923076923,2015-07-20,353,353,0,0,Low CI
2012-04-27,2015-02-23,701,2016-07-07,500,2016-07-07,True,0.0267260960785858,0.5007132323328644,8.98677665181409,-1.6394080481005249,-0.0209877852751135,-0.0078013503466665,0.0223908061039728,0.1,6.0,-2.7857102908107825,1.2202985163403317,True,700,0.1923076923076923,2015-07-20,353,353,0,0,Low CI
2012-03-21,2015-02-23,726,2016-07-01,494,2016-07-07,True,0.0272143383616825,0.5376902742489692,8.85828389731713,-1.5748005597336574,-0.0205856900081701,-0.0048790208366732,0.0211559797087529,0.1,6.0,-2.908876444162254,1.2406268278231405,True,725,0.1923076923076923,2015-07-20,347,347,0,0,Low CI
2012-02-14,2015-02-23,751,2016-04-18,420,2016-07-07,True,0.0281944128650558,0.5969886125207273,8.4343653487113,-1.3706873366441366,-0.0188494520506283,0.0093185013202558,0.0210270375817552,0.1,6.0,2.682463540715347,1.0864482861765998,True,750,0.1923076923076923,2015-07-20,273,273,0,0,Low CI
2012-06-07,2015-02-24,676,2016-06-26,488,2016-07-08,True,0.0256074727974776,0.4432820402377252,8.822199310279412,-1.5571448065058269,-0.0202540853087268,-0.0040423988199371,0.0206535459404097,0.1,6.0,-2.9445967716201205,1.256559697624928,True,675,0.1538461538461538,2015-07-20,342,342,0,0,Low CI
2012-04-30,2015-02-24,701,2016-07-08,500,2016-07-08,True,0.0267743649428652,0.5025234992837057,9.007956168775536,-1.6499363294419431,-0.0208622212418468,-0.0082471924700002,0.0224331999229043,0.1,6.0,-2.7651297803516184,1.2258143697081736,True,700,0.1538461538461538,2015-07-20,354,354,0,0,Low CI
2012-03-22,2015-02-24,726,2016-06-30,492,2016-07-08,True,0.0271897107065025,0.5367175473881935,8.870274423174546,-1.5811157534806033,-0.0206067147748105,-0.0049900680756436,0.0212022987718301,0.1,6.0,-2.904008790416806,1.2428807606318824,True,725,0.1538461538461538,2015-07-20,346,346,0,0,Low CI
2012-02-15,2015-02-24,751,2016-04-16,417,2016-07-08,True,0.0282382136170959,0.5988449279218424,8.435625860575664,-1.371611431669734,-0.0187825970895813,0.0094400951390738,0.0210214497517253,0.1,6.0,2.6758688304064715,1.087469741517356,True,750,0.1538461538461538,2015-07-20,271,271,0,0,Low CI
2012-06-08,2015-02-25,676,2016-06-08,469,2016-07-09,True,0.0255854069361435,0.44251842050753,8.732702414938178,-1.5145470342437095,-0.0204830825343572,-0.0010480556555328,0.020509877882776,0.1,6.0,-3.0904703448824606,1.230746019795993,True,675,0.1538461538461538,2015-07-20,324,324,0,0,Low CI
2012-05-02,2015-02-25,701,2016-07-09,500,2016-07-09,True,0.0268233442075895,0.5043637479296572,9.027401798343474,-1.659584132587101,-0.0207330182575825,-0.0086594578309182,0.0224687395283915,0.1,6.0,-2.7459511123085507,1.2310319191767525,True,700,0.1538461538461538,2015-07-20,355,355,0,0,Low CI
2012-03-23,2015-02-25,726,2016-07-03,494,2016-07-09,True,0.0271887230583005,0.5366785562787391,8.901168638432404,-1.5962557791408158,-0.0204208611280275,-0.005767873089288,0.0212198004039698,0.1,6.0,-2.866313475251882,1.2537470890019802,True,725,0.1538461538461538,2015-07-20,349,349,0,0,Low CI
2012-02-16,2015-02-25,751,2016-04-15,415,2016-07-09,True,0.0282636929652494,0.5999260913654504,8.441203108590123,-1.3745640331019022,-0.0187920718035524,0.0093853817873441,0.0210054124921193,0.1,6.0,2.678398705281177,1.09064273602308,True,750,0.1538461538461538,2015-07-20,270,270,0,0,Low CI
2012-06-11,2015-02-26,676,2016-05-22,451,2016-07-10,True,0.0255655294330918,0.4418310955513369,8.647139847107798,-1.4737175199024797,-0.0203071655835871,0.0018883366803885,0.0203947735819186,0.1,6.0,3.0488706049709284,1.20432612631783,True,675,0.1538461538461538,2015-07-20,307,307,0,0,Low CI
2012-05-03,2015-02-26,701,2016-07-10,500,2016-07-10,True,0.0268945585913905,0.507045414559844,9.048735235777569,-1.6701808089173378,-0.0205880731874667,-0.0091021593429266,0.022510398980838,0.1,6.0,-2.7253207623643343,1.236599441839508,True,700,0.1538461538461538,2015-07-20,356,356,0,0,Low CI
2012-03-26,2015-02-26,726,2016-06-27,487,2016-07-10,True,0.0272057121985072,0.5373494635415319,8.892052564122594,-1.59257497388256,-0.0206431846655225,-0.0051986466402669,0.02128771946511,0.1,6.0,-2.89488903483121,1.24686518322825,True,725,0.1538461538461538,2015-07-20,343,343,0,0,Low CI
2012-02-17,2015-02-26,751,2016-04-12,411,2016-07-10,True,0.0283059650937375,0.6017219725758061,8.437889598346201,-1.3733535953740408,-0.0186660872452483,0.009697157566196,0.021034677984482,0.1,6.0,2.662461735322553,1.0881662465407569,True,750,0.1538461538461538,2015-07-20,267,267,0,0,Low CI
2012-06-12,2015-02-27,676,2016-05-08,436,2016-07-11,True,0.0255349024449621,0.4407731201826436,8.580354082261055,-1.441762533349047,-0.0198644439012623,0.0041913649157046,0.0203018144844986,0.1,6.0,2.9336444678729943,1.1836072866376048,True,675,0.1538461538461538,2015-07-20,293,293,0,0,Low CI
2012-05-04,2015-02-27,701,2016-07-11,500,2016-07-11,True,0.0269698277990421,0.5098874996685003,9.070609372077032,-1.6810495357818107,-0.0204387556801771,-0.00955268422108,0.0225609509901875,0.1,6.0,-2.704379140966726,1.2418577689927972,True,700,0.1538461538461538,2015-07-20,357,357,0,0,Low CI
2012-03-27,2015-02-27,726,2016-06-30,489,2016-07-11,True,0.0271986520052225,0.5370706030742693,8.929128666138116,-1.610740937640142,-0.0204270046567542,-0.0061378073611265,0.0213292099818384,0.1,6.0,-2.849699995437608,1.2586346290772652,True,725,0.1538461538461538,2015-07-20,346,346,0,0,Low CI
2012-02-21,2015-02-27,751,2016-04-10,408,2016-07-11,True,0.0283396864571479,0.6031565091955798,8.438963171108984,-1.374224224364666,-0.0186097997217409,0.0098411696285783,0.0210516808198719,0.1,6.0,2.6551584663152283,1.0879766451296475,True,750,0.1538461538461538,2015-07-20,265,265,0,0,Low CI
2012-06-13,2015-03-02,676,2016-04-25,420,2016-07-14,True,0.0254939158652478,0.4393592683935713,8.5157215139813,-1.4107428121175878,-0.0192096288558934,0.0063932305953811,0.0202455732995361,0.1,6.0,2.820309704278624,1.161359071145618,True,675,0.1538461538461538,2015-07-20,280,280,0,0,Low CI
2012-05-07,2015-03-02,701,2016-07-14,500,2016-07-14,True,0.0270333672572538,0.5122928646311594,9.100520186493206,-1.695628145848867,-0.0201270620957375,-0.0102725298267747,0.0225969798346516,0.1,6.0,-2.6696724203575526,1.2506303631844078,True,700,0.1538461538461538,2015-07-20,360,360,0,0,Low CI
2012-03-28,2015-03-02,726,2016-06-23,479,2016-07-14,True,0.0271817610412784,0.5364037447795472,8.911288099297272,-1.6028804515004775,-0.0207564145959046,-0.0053238598349384,0.0214283044224025,0.1,6.0,-2.8905130171145323,1.2467003298564951,True,725,0.1538461538461538,2015-07-20,339,339,0,0,Low CI
2012-02-22,2015-03-02,751,2016-04-09,404,2016-07-14,True,0.0283490863114013,0.6035566917131534,8.447345551286979,-1.3785244529558844,-0.0186805867116345,0.0096879933864259,0.0210433252064955,0.1,6.0,2.6631658364390387,1.0918144981275504,True,750,0.1538461538461538,2015-07-20,264,264,0,0,Low CI
2012-06-14,2015-03-03,676,2016-04-17,411,2016-07-15,True,0.0253972834580238,0.4360348767639166,8.470707315270056,-1.389017163177018,-0.0185876711725733,0.0078566768871991,0.020179913065461,0.1,6.0,2.741686879571606,1.147194538343835,True,675,0.1538461538461538,2015-07-20,272,272,0,0,Low CI
2012-05-08,2015-03-03,701,2016-07-15,500,2016-07-15,True,0.0270721790097109,0.513764916310018,9.117387693503414,-1.703965268754047,-0.0199874194212042,-0.0106297897229988,0.0226382279490755,0.1,6.0,-2.652811135509996,1.254489583274142,True,700,0.1538461538461538,2015-07-20,361,361,0,0,Low CI
2012-03-29,2015-03-03,726,2016-06-22,477,2016-07-15,True,0.027164697743589,0.5357305033414023,8.918029042650137,-1.606522662984636,-0.0208161200116472,-0.0053606095023425,0.0214952782390902,0.1,6.0,-2.8895470574482847,1.2456399688615434,True,725,0.1538461538461538,2015-07-20,338,338,0,0,Low CI
2012-02-23,2015-03-03,751,2016-04-07,401,2016-07-15,True,0.0283498945588367,0.6035911076443701,8.445164785137322,-1.3777502539564357,-0.0186129941576254,0.0099038708019238,0.0210838850398355,0.1,6.0,2.6526003556592124,1.0891021360257982,True,750,0.1538461538461538,2015-07-20,262,262,0,0,Low CI
2012-06-15,2015-03-04,676,2016-04-03,396,2016-07-16,True,0.0252894792759654,0.4323410471454517,8.399666184148213,-1.3547107471526874,-0.0174243153585342,0.0101489971211758,0.0201645458237791,0.1,6.0,2.6141687564453213,1.1197134143194527,True,675,0.1538461538461538,2015-07-20,258,258,0,0,Low CI
2012-05-09,2015-03-04,701,2016-07-16,500,2016-07-16,True,0.0271280680949131,0.5158883870721347,9.13329876537637,-1.711802940520781,-0.0198192097762878,-0.0109638092031297,0.0226496399176485,0.1,6.0,-2.636302812070696,1.259624837852241,True,700,0.1538461538461538,2015-07-20,362,362,0,0,Low CI
2012-03-30,2015-03-04,726,2016-06-21,475,2016-07-16,True,0.0271876671223477,0.5366368708213565,8.927574197966521,-1.611464195456649,-0.0208298159789911,-0.0054958722529748,0.0215426517759456,0.1,6.0,-2.883625121640119,1.2467237956718655,True,725,0.1538461538461538,2015-07-20,337,337,0,0,Low CI
2012-02-24,2015-03-04,751,2016-04-06,399,2016-07-16,True,0.0283636044636066,0.6041750376841146,8.446335838468,-1.378570006724275,-0.0185907059992784,0.0099960086746873,0.0211076890960624,0.1,6.0,2.6482507663292747,1.088521186481945,True,750,0.1538461538461538,2015-07-20,261,261,0,0,Low CI
2012-06-18,2015-03-05,676,2016-03-26,387,2016-07-17,True,0.0252272287692876,0.4302152362515108,8.357642894996511,-1.3343932785970982,-0.0165585482053563,0.0114605905317027,0.0201377916863906,0.1,6.0,2.5361712818871243,1.1043856408370862,True,675,0.1538461538461538,2015-07-20,250,250,0,0,Low CI
2012-05-10,2015-03-05,701,2016-07-17,500,2016-07-17,True,0.0271994473506607,0.5186067652631378,9.150152517740349,-1.7201102216427124,-0.0196349377253432,-0.0113109125785029,0.0226598217741588,0.1,6.0,-2.618961724665032,1.2651689841064266,True,700,0.1538461538461538,2015-07-20,363,363,0,0,Low CI
2012-04-02,2015-03-05,726,2016-06-26,479,2016-07-17,True,0.0272033014470314,0.5372542365827128,8.968005266345205,-1.6311395409281315,-0.0205647052953432,-0.0065840474250994,0.021592979979157,0.1,6.0,-2.831742311841318,1.2590045024684065,True,725,0.1538461538461538,2015-07-20,342,342,0,0,Low CI
2012-02-27,2015-03-05,751,2016-04-05,397,2016-07-17,True,0.0283845361624136,0.6050671017596798,8.450236898286745,-1.3807088704131825,-0.0186073490991392,0.0099977220257069,0.0211231599482781,0.1,6.0,2.6485524570793357,1.089411554106143,True,750,0.1538461538461538,2015-07-20,260,260,0,0,Low CI
2012-06-19,2015-03-06,676,2016-03-16,376,2016-07-18,True,0.0251520939461513,0.4276564129961919,8.304289072068775,-1.3085467009145193,-0.0153373260577941,0.013066420655123,0.0201485711488362,0.1,6.0,2.435975698086979,1.082414803551383,True,675,0.1538461538461538,2015-07-20,240,240,0,0,Low CI
2012-05-11,2015-03-06,701,2016-07-18,500,2016-07-18,True,0.0272697001284903,0.5212892181135466,9.167565281844784,-1.7287037273980908,-0.0194558136909075,-0.0116675065340377,0.0226861057719723,0.1,6.0,-2.601399249803712,1.2700165061190785,True,700,0.1538461538461538,2015-07-20,364,364,0,0,Low CI
2012-04-03,2015-03-06,726,2016-06-25,477,2016-07-18,True,0.0271729537615528,0.5360561961085579,8.980894513967169,-1.6377949705702668,-0.020604706497022,-0.0067846872112027,0.0216929921952293,0.1,6.0,-2.8234958617014803,1.2583134035719024,True,725,0.1538461538461538,2015-07-20,341,341,0,0,Low CI
2012-02-28,2015-03-06,751,2016-04-03,394,2016-07-18,True,0.0284081755202708,0.6060753517292758,8.44965812895105,-1.3806972584138388,-0.0185609840912208,0.0101585551780085,0.0211590730831763,0.1,6.0,2.640819411547012,1.087553357517376,True,750,0.1538461538461538,2015-07-20,258,258,0,0,Low CI
2012-06-20,2015-03-09,676,2016-03-10,367,2016-07-21,True,0.0251085430916583,0.4261767208615095,8.272760694657388,-1.2932451251011952,-0.0145195972458939,0.0139687338853907,0.0201480577362642,0.1,6.0,2.3755285367427086,1.0697847753115362,True,675,0.1538461538461538,2015-07-20,234,234,0,0,Low CI
2012-05-14,2015-03-09,701,2016-07-21,500,2016-07-21,True,0.0273206954759429,0.5232407013037366,9.196658841898378,-1.74285142541602,-0.0191034313356465,-0.0123412274803036,0.022743064536609,0.1,6.0,-2.5680193517738945,1.2772035936571529,True,700,0.1538461538461538,2015-07-20,367,367,0,0,Low CI
2012-04-04,2015-03-09,726,2016-06-19,468,2016-07-21,True,0.0271552447008878,0.5353577105194618,8.960899188172728,-1.6287258725430442,-0.0209534548184174,-0.0059932329650616,0.0217937172185233,0.1,6.0,-2.8630048253541296,1.2455622387345064,True,725,0.1538461538461538,2015-07-20,335,335,0,0,Low CI
2012-02-29,2015-03-09,751,2016-04-02,390,2016-07-21,True,0.0284136313421323,0.6063081689810026,8.453276506386576,-1.382658160178868,-0.018591041862501,0.0101496901620599,0.0211811956206226,0.1,6.0,2.6418678582338937,1.0879604287876554,True,750,0.1538461538461538,2015-07-20,257,257,0,0,Low CI
2012-06-21,2015-03-10,676,2016-03-05,361,2016-07-22,True,0.0250550274469595,0.4243619746486985,8.24462813072963,-1.2795437980579416,-0.013752301346693,0.0147274316742364,0.0201500133014734,0.1,6.0,2.3219684132383693,1.0583481831286408,True,675,0.1538461538461538,2015-07-20,229,229,0,0,Low CI
2012-05-15,2015-03-10,701,2016-07-22,500,2016-07-22,True,0.0273444851081006,0.5241523269448254,9.208488965605564,-1.748619095533484,-0.0189299403153381,-0.012593083357135,0.0227360592183873,0.1,6.0,-2.554573637255636,1.2818251092808262,True,700,0.1538461538461538,2015-07-20,368,368,0,0,Low CI
2012-04-05,2015-03-10,726,2016-06-22,470,2016-07-22,True,0.0271590883784259,0.5355092752032308,8.988272065490923,-1.64205051527709,-0.0207798588868613,-0.0067339043296756,0.02184371769821,0.1,6.0,-2.82821191622042,1.2528777823471924,True,725,0.1538461538461538,2015-07-20,338,338,0,0,Low CI
2012-03-01,2015-03-10,751,2016-04-02,389,2016-07-22,True,0.0284008761447737,0.6057639341088744,8.458111562311466,-1.385160498047017,-0.0186528507925883,0.0100742070923834,0.021199492711638,0.1,6.0,2.646390172102088,1.0889887137775671,True,750,0.1538461538461538,2015-07-20,257,257,0,0,Low CI
2012-06-22,2015-03-11,676,2016-02-27,353,2016-07-23,True,0.0250053360897657,0.4226803790824068,8.209575219438312,-1.2624853011570984,-0.0127258291025494,0.0156521063859207,0.0201726339545304,0.1,6.0,2.253439625096019,1.0430676397231742,True,675,0.1538461538461538,2015-07-20,222,222,0,0,Low CI
2012-05-16,2015-03-11,701,2016-07-23,500,2016-07-23,True,0.0273897926539605,0.5258907198804945,9.22231431969133,-1.7553817613760492,-0.018725070454218,-0.0128745643315776,0.0227240548811905,0.1,6.0,-2.5392662016649004,1.2874622439772976,True,700,0.1538461538461538,2015-07-20,369,369,0,0,Low CI
2012-04-10,2015-03-11,726,2016-06-20,467,2016-07-23,True,0.0271874036627336,0.5366264704102264,8.984862802782118,-1.6407833888751155,-0.0209257188242782,-0.0064900674029843,0.0219090548223338,0.1,6.0,-2.840852071347313,1.2481775246054243,True,725,0.1538461538461538,2015-07-20,336,336,0,0,Low CI
2012-03-02,2015-03-11,751,2016-04-02,388,2016-07-23,True,0.0283879067999442,0.6052108126142246,8.463916700171582,-1.388194857723874,-0.0187243856423456,0.0100006732177104,0.0212277196724168,0.1,6.0,2.6510395105485283,1.0899230496306247,True,750,0.1538461538461538,2015-07-20,257,257,0,0,Low CI
2012-06-25,2015-03-12,676,2016-02-21,346,2016-07-24,True,0.0249157441768672,0.4196569521316762,8.175562372941734,-1.245873972799582,-0.0116669895298783,0.0164764437642649,0.0201889039773653,0.1,6.0,2.186938667734629,1.0285137933493784,True,675,0.1538461538461538,2015-07-20,216,216,0,0,Low CI
2012-05-18,2015-03-12,701,2016-07-20,496,2016-07-24,True,0.0274228906243452,0.5271624660665567,9.210465137134992,-1.7498481140991762,-0.0188913430223053,-0.0125093516016589,0.0226575973721913,0.1,6.0,-2.556706978659442,1.2871680415144429,True,700,0.1538461538461538,2015-07-20,366,366,0,0,Low CI
2012-04-11,2015-03-12,726,2016-06-16,462,2016-07-24,True,0.0272369785128238,0.5385852769168278,8.974365027310899,-1.63601107845593,-0.0210750151443072,-0.0060642162011509,0.0219301386559019,0.1,6.0,-2.861417165391336,1.2433506114773565,True,725,0.1538461538461538,2015-07-20,332,332,0,0,Low CI
2012-03-05,2015-03-12,751,2016-04-02,387,2016-07-24,True,0.0283679786974923,0.6043614037514176,8.4708770433025,-1.391773629415654,-0.0188178877843549,0.0098809296220532,0.0212543094656247,0.1,6.0,2.658081560742571,1.091365833100509,True,750,0.1538461538461538,2015-07-20,257,257,0,0,Low CI
2012-06-26,2015-03-13,676,2016-02-15,339,2016-07-25,True,0.0247482112561904,0.4140323972175774,8.141105027272017,-1.228980694585828,-0.0105343033462,0.0172283577296714,0.0201937578734442,0.1,6.0,2.119593448097977,1.014323916568625,True,675,0.1538461538461538,2015-07-20,210,210,0,0,Low CI
2012-05-21,2015-03-13,701,2016-07-18,493,2016-07-25,True,0.0274057894315349,0.5265051833503068,9.202034601943083,-1.7458427150746882,-0.0189308359622129,-0.0122518362124178,0.0225495907014767,0.1,6.0,-2.567195794196706,1.290372804091409,True,700,0.1538461538461538,2015-07-20,364,364,0,0,Low CI
2012-04-12,2015-03-13,726,2016-06-18,463,2016-07-25,True,0.027284735804545,0.5404756425526945,8.991341034423973,-1.644371883059165,-0.0209840770859308,-0.0064836407383421,0.0219629025488931,0.1,6.0,-2.841918667759512,1.2478404432189782,True,725,0.1538461538461538,2015-07-20,334,334,0,0,Low CI
2012-03-06,2015-03-13,751,2016-04-01,385,2016-07-25,True,0.0283629059498489,0.6041452798739039,8.475444193190736,-1.394193471426738,-0.0188751257675599,0.0098426741799719,0.0212872874682118,0.1,6.0,2.6609226757869124,1.0915696934995234,True,750,0.1538461538461538,2015-07-20,256,256,0,0,Low CI
2012-06-27,2015-03-16,676,2016-02-09,330,2016-07-28,True,0.0245734678611887,0.4082061981620154,8.108766090695436,-1.2131034407140493,-0.0094081930126562,0.0178802044013391,0.0202043511451633,0.1,6.0,2.055167349074848,1.0006948767274575,True,675,0.1538461538461538,2015-07-20,204,204,0,0,Low CI
2012-05-22,2015-03-16,701,2016-06-26,468,2016-07-28,True,0.0274040326712615,0.5264376856599462,9.062836558402802,-1.679293295731621,-0.0206164075649809,-0.0083958373659605,0.0222604210643254,0.1,6.0,-2.7548600402219816,1.2573087236153366,True,700,0.1538461538461538,2015-07-20,342,342,0,0,Low CI
2012-04-13,2015-03-16,726,2016-06-12,454,2016-07-28,True,0.0273301161129826,0.5422749891398554,8.970621720927014,-1.634792569966602,-0.0212687714425886,-0.005714219219154,0.0220230093302805,0.1,6.0,-2.879123565911532,1.2371852740085822,True,725,0.1538461538461538,2015-07-20,328,328,0,0,Low CI
2012-03-07,2015-03-16,751,2016-03-30,380,2016-07-28,True,0.0284029705368078,0.605853280221395,8.47238868172947,-1.3929052282370034,-0.0188076667006358,0.0100548185590121,0.0213266899207744,0.1,6.0,2.6506397649926257,1.0885461936908178,True,750,0.1538461538461538,2015-07-20,254,254,0,0,Low CI
2012-05-23,2015-03-17,701,2016-06-18,459,2016-07-29,True,0.027417158668981,0.5269421132255373,9.018819452527074,-1.6582516520511217,-0.0209984115656509,-0.0070710047629524,0.0221569943051434,0.1,6.0,-2.816779253894245,1.2473500310360082,True,700,0.1153846153846153,2015-07-20,334,334,0,0,Low CI
2012-04-16,2015-03-17,726,2016-06-08,449,2016-07-29,True,0.0273683319697381,0.5437925818290057,8.951201593435647,-1.6257132863362784,-0.0214758677245237,-0.0050148221341626,0.0220536014192359,0.1,6.0,-2.912193523769154,1.228607560455162,True,725,0.1153846153846153,2015-07-20,324,324,0,0,Low CI
2012-03-08,2015-03-17,751,2016-03-30,379,2016-07-29,True,0.0284199705646662,0.6065787398992702,8.473484012527782,-1.3935880468765731,-0.0188122154678483,0.0101061741437915,0.0213549574252301,0.1,6.0,2.648619386016987,1.087638199667006,True,750,0.1153846153846153,2015-07-20,254,254,0,0,Low CI
2012-05-24,2015-03-18,701,2016-06-03,443,2016-07-30,True,0.0273752799329438,0.5253335719363355,8.922498735829318,-1.6119640841167429,-0.0215722066644797,-0.0041306608752677,0.0219641175475249,0.1,6.0,-2.952402002811973,1.2231799438552822,True,700,0.1153846153846153,2015-07-20,319,319,0,0,Low CI
2012-04-17,2015-03-18,726,2016-06-05,445,2016-07-30,True,0.0274070756094845,0.5453332980548681,8.943151674392615,-1.6220723905128935,-0.02159050779533,-0.0046679341378822,0.02208935571663,0.1,6.0,-2.9286668600474224,1.223871813587056,True,725,0.1153846153846153,2015-07-20,321,321,0,0,Low CI
2012-03-09,2015-03-18,751,2016-03-29,377,2016-07-30,True,0.0284171121654514,0.6064567301317118,8.478184070532304,-1.3960396003818596,-0.0188797325838349,0.0100492516573727,0.0213876544134771,0.1,6.0,2.6524579180040435,1.0878858533626483,True,750,0.1153846153846153,2015-07-20,253,253,0,0,Low CI
2012-05-25,2015-03-19,701,2016-05-24,432,2016-07-31,True,0.027361540501404,0.5248063829255908,8.864954725351256,-1.5842872907512533,-0.0217244938850672,-0.0022983984153496,0.0218457380245668,0.1,6.0,-3.036187200031912,1.2086928878069385,True,700,0.1153846153846153,2015-07-20,309,309,0,0,Low CI
2012-04-18,2015-03-19,726,2016-06-05,444,2016-07-31,True,0.0274294567793291,0.5462243220257981,8.95142929203908,-1.6263249057991305,-0.0216345780184673,-0.0048111671346445,0.0221630840641512,0.1,6.0,-2.92277029102681,1.2229983434703986,True,725,0.1153846153846153,2015-07-20,321,321,0,0,Low CI
2012-03-12,2015-03-19,751,2016-03-29,376,2016-07-31,True,0.0284104003042772,0.6061702849324064,8.484099854714598,-1.3990952352667403,-0.0189677787848152,0.0099610277697397,0.0214242550922829,0.1,6.0,2.658023989462597,1.088404419228168,True,750,0.1153846153846153,2015-07-20,253,253,0,0,Low CI
2012-05-29,2015-03-20,701,2016-05-14,421,2016-08-01,True,0.0273616245317599,0.5248096064089242,8.804310022904838,-1.5550931995405164,-0.0217406626707465,-0.0003190530657009,0.0217430036614522,0.1,6.0,-3.1269183003314924,1.192025738297228,True,700,0.1153846153846153,2015-07-20,299,299,0,0,Low CI
2012-04-19,2015-03-20,726,2016-06-06,444,2016-08-01,True,0.0274748585511657,0.5480340608471654,8.966813161117374,-1.6339829075562826,-0.0216208960842069,-0.0051775454180142,0.0222321866679748,0.1,6.0,-2.906549329996202,1.224937918432479,True,725,0.1153846153846153,2015-07-20,322,322,0,0,Low CI
2012-03-13,2015-03-20,751,2016-03-28,374,2016-08-01,True,0.0284191463672821,0.6065435580639998,8.486728944449862,-1.400582077376443,-0.0190055083207565,0.0099982446485127,0.0214749678132904,0.1,6.0,2.657306521035169,1.0869881075441787,True,750,0.1153846153846153,2015-07-20,252,252,0,0,Low CI
2012-05-30,2015-03-23,701,2016-05-07,411,2016-08-04,True,0.0273464310135466,0.5242269297142439,8.758290913152324,-1.532884731386695,-0.0216320104216026,0.001190225906726,0.0216647296911216,0.1,6.0,3.086626565043771,1.1792475244643692,True,700,0.1153846153846153,2015-07-20,292,292,0,0,Low CI
2012-04-20,2015-03-23,726,2016-06-03,438,2016-08-04,True,0.0274997833548055,0.5490288493914595,8.956456801609708,-1.6292383791947709,-0.0217722174837334,-0.0047584112393254,0.0222861376573314,0.1,6.0,-2.926421747070824,1.2184243588590915,True,725,0.1153846153846153,2015-07-20,319,319,0,0,Low CI
2012-03-14,2015-03-23,751,2016-03-29,372,2016-08-04,True,0.028364281414494,0.604203877580618,8.496711700488143,-1.40561144546943,-0.0191697131829595,0.0097756090369934,0.0215183743707809,0.1,6.0,2.6700161946327743,1.088690856512887,True,750,0.1153846153846153,2015-07-20,253,253,0,0,Low CI
2012-05-31,2015-03-24,701,2016-05-01,404,2016-08-05,True,0.0272851629438858,0.5218805619289565,8.72403767893515,-1.5162846094663305,-0.0214472829067225,0.0022893653196708,0.0215691246379611,0.1,6.0,3.035251486877696,1.1716474628411704,True,700,0.1153846153846153,2015-07-20,286,286,0,0,Low CI
2012-04-23,2015-03-24,726,2016-06-02,436,2016-08-05,True,0.0275205585392594,0.5498587093190959,8.95737878972653,-1.6299162982152864,-0.0218557209602764,-0.0046887573664305,0.0223530083956214,0.1,6.0,-2.930263603746197,1.2152848133964202,True,725,0.1153846153846153,2015-07-20,318,318,0,0,Low CI
2012-03-15,2015-03-24,751,2016-03-30,372,2016-08-05,True,0.0283015603255977,0.6015347159644509,8.51252247216819,-1.4134526070150752,-0.0194146904169652,0.0093508857312141,0.0215492289408421,0.1,6.0,2.6927408724528235,1.0931965832709103,True,750,0.1153846153846153,2015-07-20,254,254,0,0,Low CI
2014-09-22,2015-03-25,126,2015-07-07,104,2016-08-06,True,0.0224954729603531,0.0637618342674574,7.737370344738712,-1.1062252942074189,-0.0156734378846462,-0.0059936602832347,0.0167803640817084,0.1,6.0,-2.7763424866691166,1.098729929041756,True,125,0.1538461538461538,2015-07-20,-13,13,1,1,Low CI
2012-06-01,2015-03-25,701,2016-04-21,393,2016-08-06,True,0.0271826814869418,0.5179676191471919,8.658147725564296,-1.4842998617538503,-0.0210038101780732,0.0044085640107539,0.0214614882669736,0.1,6.0,2.9347024277485443,1.1526847868840389,True,700,0.1538461538461538,2015-07-20,276,276,0,0,Low CI
2012-04-24,2015-03-25,726,2016-05-30,432,2016-08-06,True,0.0275371864159585,0.5505233575234658,8.946946318871985,-1.6250094629401908,-0.0219470867526324,-0.0043116636824732,0.022366605925762,0.1,6.0,-2.947605920822145,1.2108896244203156,True,725,0.1538461538461538,2015-07-20,315,315,0,0,Low CI
2012-03-16,2015-03-25,751,2016-04-01,373,2016-08-06,True,0.028211007720152,0.597691578396446,8.525302059055358,-1.419814191054803,-0.0196208889570017,0.0090161597028454,0.0215932957014488,0.1,6.0,2.710851467932341,1.095875783765868,True,750,0.1538461538461538,2015-07-20,256,256,0,0,Low CI
2014-09-23,2015-03-26,126,2015-06-10,76,2016-08-07,True,0.022149887715422,0.0618178082515311,7.631277750193653,-1.063169329966725,-0.0099411627810568,0.0094248145900247,0.0136986805019977,0.1,6.0,2.382850820341206,1.2935179289855443,True,125,0.1538461538461538,2015-07-20,-40,40,1,1,Low CI
2012-06-04,2015-03-26,701,2016-04-11,382,2016-08-07,True,0.0269805114309631,0.510291545950508,8.589493870187106,-1.4508360214537344,-0.020300997910381,0.0065561178415425,0.0213333822285518,0.1,6.0,2.829220014568307,1.133463043904956,True,700,0.1538461538461538,2015-07-20,266,266,0,0,Low CI
2012-04-25,2015-03-26,726,2016-06-02,434,2016-08-07,True,0.0275394263954153,0.5506129244928514,8.965705624398343,-1.6341175263477814,-0.0218709625072587,-0.0048648826519752,0.022405492277819,0.1,6.0,-2.92272029399424,1.2155632095956548,True,725,0.1538461538461538,2015-07-20,318,318,0,0,Low CI
2012-03-19,2015-03-26,751,2016-04-04,375,2016-08-07,True,0.0280918304130685,0.5926523529034106,8.5489461685354,-1.431390231780055,-0.0199604930030581,0.0082834832791393,0.0216110475489022,0.1,6.0,2.74822767698627,1.103903168461294,True,750,0.1538461538461538,2015-07-20,259,259,0,0,Low CI
2014-09-24,2015-03-27,126,2015-05-26,60,2016-08-08,True,0.0218982340394797,0.0604211144100264,7.544481464967358,-1.022426643847858,-0.0012673636094738,0.0124538016132577,0.0125181222689747,0.1,6.0,1.6722123946841876,1.3612619926524034,True,125,0.1538461538461538,2015-07-20,-55,55,1,1,Low CI
2012-06-05,2015-03-27,701,2016-04-02,372,2016-08-08,True,0.0267370801129281,0.5011248885285611,8.529055469904952,-1.421299544088084,-0.0194819592426618,0.008396813474467,0.0212144576281772,0.1,6.0,2.734647094136394,1.1166123664334635,True,700,0.1538461538461538,2015-07-20,257,257,0,0,Low CI
2012-04-26,2015-03-27,726,2016-06-01,432,2016-08-08,True,0.0275333485893534,0.5503699165781102,8.96395293784195,-1.6334062036272132,-0.0219444921881006,-0.0047557355645848,0.0224539029603734,0.1,6.0,-2.928176325031466,1.2124144642098087,True,725,0.1538461538461538,2015-07-20,317,317,0,0,Low CI
2012-03-20,2015-03-27,751,2016-04-07,377,2016-08-08,True,0.0279747014811359,0.5877205261419605,8.571854571657823,-1.4426167953616555,-0.0202678698282399,0.0075790830555387,0.0216386008636703,0.1,6.0,2.78374660902002,1.1111445424549198,True,750,0.1538461538461538,2015-07-20,262,262,0,0,Low CI
2014-09-25,2015-03-30,126,2015-05-22,53,2016-08-11,True,0.0214520133770229,0.0579837986189243,7.537375853863925,-1.022190307779968,-0.0060983827563083,0.0103104778694328,0.0119789910317397,0.1,6.1437496234311775,2.1049233500394613,1.3889224905361075,True,125,0.1538461538461538,2015-07-20,-59,59,1,1,Low CI
2012-06-06,2015-03-30,701,2016-03-27,363,2016-08-11,True,0.0265000654496602,0.4922796816542313,8.485617288489234,-1.4000103372961272,-0.0187641555020913,0.0096704832290342,0.0211095186489341,0.1,6.0,2.66572476963598,1.105354698496657,True,700,0.1538461538461538,2015-07-20,251,251,0,0,Low CI
2012-04-27,2015-03-30,726,2016-06-01,429,2016-08-11,True,0.0275326469933562,0.550341868234517,8.97248413240755,-1.6376638668663974,-0.0219627827959474,-0.0049590047911343,0.0225156735777648,0.1,6.0,-2.919525189406616,1.2122398953261146,True,725,0.1538461538461538,2015-07-20,317,317,0,0,Low CI
2012-03-21,2015-03-30,751,2016-04-08,375,2016-08-11,True,0.0278957204723721,0.5844065867252133,8.58496424288822,-1.4491240829420295,-0.0204512463062158,0.0072233490263629,0.0216894040174958,0.1,6.0,2.8020712590120582,1.1135422637501462,True,750,0.1538461538461538,2015-07-20,263,263,0,0,Low CI
2014-09-26,2015-03-31,126,2015-06-04,65,2016-08-12,True,0.0210969156401783,0.0560800610406288,7.752847272663129,-1.1436162427427912,0.004770276578521,0.0111520827770247,0.0121294884022863,0.1,7.11344310151525,1.1666007460434122,1.3254335802316184,True,125,0.1538461538461538,2015-07-20,-46,46,1,1,Low CI
2012-06-07,2015-03-31,701,2016-03-22,357,2016-08-12,True,0.026349254861072,0.4866925454453448,8.452768244658769,-1.3838835138532963,-0.0181623601932732,0.0106066072270117,0.0210326280967998,0.1,6.0,2.6130296082725084,1.0966164154444211,True,700,0.1538461538461538,2015-07-20,246,246,0,0,Low CI
2012-04-30,2015-03-31,726,2016-06-02,429,2016-08-12,True,0.0275137726298207,0.5495875788202944,8.982403392308862,-1.6425837140157244,-0.0219794017697894,-0.0052088941963213,0.0225881978233388,0.1,6.0,-2.908895859266117,1.2119778411586772,True,725,0.1538461538461538,2015-07-20,318,318,0,0,Low CI
2012-03-22,2015-03-31,751,2016-04-11,377,2016-08-12,True,0.0278112892232471,0.5808743240025852,8.608702342238942,-1.4607263609096606,-0.0207253957799441,0.0064759260024306,0.0217135821048551,0.1,6.0,2.838741200956303,1.1212078795166047,True,750,0.1538461538461538,2015-07-20,266,266,0,0,Low CI
2014-09-29,2015-04-01,126,2015-06-17,77,2016-08-13,True,0.0205380193960192,0.053148090329619,7.966611951741343,-1.2626874944366728,0.0111165653880461,0.0054984398221893,0.0124020508991433,0.1,8.104498622377333,0.4593317697613847,1.256250411715837,True,125,0.1538461538461538,2015-07-20,-33,33,1,1,Low CI
2012-06-08,2015-04-01,701,2016-03-16,350,2016-08-13,True,0.0262342576051635,0.4824536267379494,8.409164418204886,-1.3625408318943757,-0.0173064696665162,0.0118797479346208,0.0209914816844398,0.1,6.0,2.540029579471998,1.0818204358456287,True,700,0.1538461538461538,2015-07-20,240,240,0,0,Low CI
2012-05-02,2015-04-01,726,2016-06-04,430,2016-08-13,True,0.0275062678946738,0.5492878055563299,8.996806651266157,-1.649642721841286,-0.0219498715581985,-0.0056037317027726,0.0226538886378933,0.1,6.0,-2.891635024852938,1.2136567722872944,True,725,0.1538461538461538,2015-07-20,320,320,0,0,Low CI
2012-03-23,2015-04-01,751,2016-04-13,378,2016-08-13,True,0.0277571041305709,0.5786130791162343,8.624033285869624,-1.468262142399123,-0.0209008206926713,0.006017395210653,0.0217497896713598,0.1,6.0,2.8612712466316657,1.1251159701500728,True,750,0.1538461538461538,2015-07-20,268,268,0,0,Low CI
2014-09-30,2015-04-02,126,2015-07-02,91,2016-08-14,True,0.0199762101607153,0.0502801705205183,8.19640231148187,-1.388544797311994,0.0125651810087478,0.0019711715276897,0.0127188557258179,0.1,9.12945413048564,0.1556074687370761,1.1958233893580426,True,125,0.1538461538461538,2015-07-20,-18,18,1,1,Low CI
2012-06-11,2015-04-02,701,2016-03-12,345,2016-08-14,True,0.026099527768933,0.4775109301826749,8.384976123726041,-1.3506137289626077,-0.0167716906059651,0.0125136506483632,0.0209256077171369,0.1,6.0,2.500581025599236,1.0757264075828383,True,700,0.1538461538461538,2015-07-20,236,236,0,0,Low CI
2012-05-03,2015-04-02,726,2016-06-03,428,2016-08-14,True,0.0274961463587274,0.5488836348854881,8.999062957585542,-1.650846728484398,-0.0219996556400865,-0.0056261143976475,0.022707664157676,0.1,6.0,-2.8912222844322177,1.2116663321403662,True,725,0.1538461538461538,2015-07-20,319,319,0,0,Low CI
2012-03-26,2015-04-02,751,2016-04-16,380,2016-08-14,True,0.0276979579082247,0.5761498310866278,8.64616890606253,-1.479070581257136,-0.0211171551155787,0.005315577158836,0.0217758949461773,0.1,6.0,2.89499729847092,1.1320396436157956,True,750,0.1538461538461538,2015-07-20,271,271,0,0,Low CI
2014-10-01,2015-04-07,126,2015-07-13,97,2016-08-19,True,0.0190852934561332,0.045895301714647,8.383174686010301,-1.4908728457638942,0.0079080288456861,-0.0103531736386729,0.0130278595562247,0.1,10.027148896361986,-0.9185047971573232,1.1412743920233206,True,125,0.1538461538461538,2015-07-20,-7,7,1,1,Low CI
2012-06-12,2015-04-07,701,2016-03-05,333,2016-08-19,True,0.0259622500720875,0.472500938592734,8.34000567813599,-1.3285715361573998,-0.015729274416025,0.0137655606937469,0.0209021705779053,0.1,6.0,2.4226746015670244,1.0593569147963429,True,700,0.1538461538461538,2015-07-20,229,229,0,0,Low CI
2012-05-04,2015-04-07,726,2016-06-06,426,2016-08-19,True,0.0274931337276907,0.5487633639744673,9.025828203138373,-1.6638823552702706,-0.0218864403139897,-0.0063865616657139,0.0227992201517464,0.1,6.0,-2.857671526388886,1.2163298745862408,True,725,0.1538461538461538,2015-07-20,322,322,0,0,Low CI
2012-03-27,2015-04-07,751,2016-04-18,377,2016-08-19,True,0.0276197101717732,0.5728991408695394,8.661651070646577,-1.4867256834615217,-0.0212879302791301,0.0048796471104143,0.0218400304828377,0.1,6.0,2.9162639651270243,1.1345570882099685,True,750,0.1538461538461538,2015-07-20,273,273,0,0,Low CI
2014-10-02,2015-04-08,126,2015-08-09,123,2016-08-20,True,0.0182268013132237,0.0418592520500786,8.785505832352348,-1.705840837753135,-0.0133760158335616,-0.0003690695443931,0.0133811065277984,0.1,11.709994116852515,-3.11400776338951,1.0886538233407916,True,125,0.1538461538461538,2015-07-20,20,20,1,1,Low CI
2012-06-13,2015-04-08,701,2016-02-29,327,2016-08-20,True,0.02584139334978,0.4681121047908987,8.30433410530169,-1.3110519742550415,-0.0148212779896442,0.0147081390660946,0.0208806043024116,0.1,6.0,2.3600258685676576,1.0464671386479132,True,700,0.1538461538461538,2015-07-20,224,224,0,0,Low CI
2012-05-07,2015-04-08,726,2016-06-06,425,2016-08-20,True,0.0275036876444768,0.5491847575166329,9.02449238257318,-1.6633375105129542,-0.0219400964494128,-0.0063066810426087,0.0228285360455447,0.1,6.0,-2.861689000992232,1.2143701105745166,True,725,0.1538461538461538,2015-07-20,322,322,0,0,Low CI
2012-03-28,2015-04-08,751,2016-04-19,377,2016-08-20,True,0.0275509689021882,0.5700509714744568,8.676134169699907,-1.4938897166144036,-0.0214425316840902,0.0044735000488292,0.0219042089040003,0.1,6.0,2.9359154281690847,1.1366839155294146,True,750,0.1538461538461538,2015-07-20,274,274,0,0,Low CI
2014-10-03,2015-04-09,126,2015-08-09,122,2016-08-21,True,0.0178308152086861,0.0400601843467955,8.812312721060865,-1.7219529275241046,-0.003568564064694,-0.0130923924444374,0.0135700180325225,0.1,11.9559841065995,-1.836899899192936,1.0613424168772256,True,125,0.1538461538461538,2015-07-20,20,20,1,1,Low CI
2012-06-14,2015-04-09,701,2016-02-25,322,2016-08-21,True,0.0257100475820968,0.4633655892182535,8.277298461915798,-1.2977405215961988,-0.0140737382174064,0.0153872639539077,0.0208527695858203,0.1,6.0,2.3116387617625764,1.0372247486960902,True,700,0.1538461538461538,2015-07-20,220,220,0,0,Low CI
2012-05-08,2015-04-09,726,2016-06-05,423,2016-08-21,True,0.0275229293277118,0.5499534497529873,9.02407652724057,-1.6632843990360242,-0.0220124359598652,-0.006234838510378,0.0228783860474829,0.1,6.0,-2.8655805135903933,1.2116854131697077,True,725,0.1538461538461538,2015-07-20,321,321,0,0,Low CI
2012-03-29,2015-04-09,751,2016-04-20,377,2016-08-21,True,0.0275178256448469,0.5686802768933694,8.687370339068067,-1.4994895170275122,-0.0215670058873914,0.0041851072413723,0.0219693164565619,0.1,6.0,2.949923409455315,1.1375634740330698,True,750,0.1538461538461538,2015-07-20,275,275,0,0,Low CI
2014-10-06,2015-04-10,126,2015-08-07,119,2016-08-22,True,0.0171646835745176,0.0371229216388777,8.832161493602602,-1.7348567222417826,0.0115338954922367,-0.0077409546910661,0.013890756810015,0.1,12.206950638502274,-0.5910988786953003,1.0231292876944322,True,125,0.1538461538461538,2015-07-20,18,18,1,1,Low CI
2012-06-15,2015-04-10,701,2016-02-19,315,2016-08-22,True,0.0255702990122803,0.4583419742957741,8.243270478379888,-1.2810068676912976,-0.013079395195388,0.0162327482215532,0.020846407208473,0.1,6.0,2.2490282533086536,1.0241627848871628,True,700,0.1538461538461538,2015-07-20,214,214,0,0,Low CI
2012-05-09,2015-04-10,726,2016-06-05,422,2016-08-22,True,0.027559026872356,0.5513969725218015,9.029748613439862,-1.6661369822818937,-0.022013338417962,-0.0063583423827656,0.0229132185901544,0.1,6.0,-2.8604051680198714,1.2119183341894284,True,725,0.1538461538461538,2015-07-20,321,321,0,0,Low CI
2012-03-30,2015-04-10,751,2016-04-21,377,2016-08-22,True,0.0275203092220193,0.5687829321763497,8.696901855372534,-1.5042564671340413,-0.0216696781041146,0.0039536900627727,0.0220274059809232,0.1,6.0,2.9611250631423407,1.1381703837761572,True,750,0.1538461538461538,2015-07-20,276,276,0,0,Low CI
2012-06-18,2015-04-13,701,2016-02-15,308,2016-08-25,True,0.0254584704467734,0.4543417359599555,8.21635549026742,-1.2677487277113406,-0.0122423143877574,0.0168686387169271,0.0208428700934134,0.1,6.0,2.198592056462403,1.0137349303219385,True,700,0.1153846153846153,2015-07-20,210,210,0,0,Low CI
2012-05-10,2015-04-13,726,2016-05-27,410,2016-08-25,True,0.0275881536471911,0.5525631169259064,8.970096696326765,-1.637467833082535,-0.0224118872225927,-0.0044706823443162,0.0228534393363887,0.1,6.0,-2.944698899598153,1.1941804535267868,True,725,0.1153846153846153,2015-07-20,312,312,0,0,Low CI
2012-04-02,2015-04-13,751,2016-04-22,375,2016-08-25,True,0.0274983303120136,0.5678747856314059,8.71075832850475,-1.5111276430946896,-0.0218040057603878,0.0035804956097316,0.0220960316801531,0.1,6.0,2.9788325228340797,1.139818275191314,True,750,0.1153846153846153,2015-07-20,277,277,0,0,Low CI
2012-06-19,2015-04-14,701,2016-02-11,303,2016-08-26,True,0.0253307137885756,0.4497931877881558,8.189455602009852,-1.254474670085844,-0.0113733671199699,0.0174604573081206,0.0208379713277064,0.1,6.0,2.148140030902326,1.0033563651322417,True,700,0.1153846153846153,2015-07-20,206,206,0,0,Low CI
2012-05-11,2015-04-14,726,2016-05-28,410,2016-08-26,True,0.0276074055228796,0.553334577625629,8.983981210257747,-1.6442492613003377,-0.0223690548659616,-0.004868362343433,0.0228926968158703,0.1,6.0,-2.927296163650243,1.1970697281941776,True,725,0.1153846153846153,2015-07-20,313,313,0,0,Low CI
2012-04-03,2015-04-14,751,2016-04-25,377,2016-08-26,True,0.0274296573877485,0.5650419644113611,8.73206851210762,-1.5216146418868683,-0.0219782965805905,0.002956478124063,0.022176254947183,0.1,6.0,3.007877256029888,1.1435765007143015,True,750,0.1153846153846153,2015-07-20,280,280,0,0,Low CI
2012-05-14,2015-04-15,726,2016-05-26,407,2016-08-27,True,0.0276327462914981,0.554350852685082,8.973426830567343,-1.639256250015438,-0.0224646308224634,-0.004491278636082,0.0229091951359384,0.1,6.0,-2.9442676127831997,1.1925751794482755,True,725,0.0769230769230769,2015-07-20,311,311,0,0,Low CI
2012-04-04,2015-04-15,751,2016-04-25,376,2016-08-27,True,0.0273930072851721,0.5635330129422458,8.74353037442961,-1.5273376274160142,-0.022098402972108,0.0026693125987688,0.0222590351019001,0.1,6.0,3.0213829408815376,1.1436087416667606,True,750,0.0769230769230769,2015-07-20,280,280,0,0,Low CI
2012-05-15,2015-04-16,726,2016-05-21,401,2016-08-28,True,0.0276363479875241,0.5544953720435454,8.937304293559977,-1.6218224182071548,-0.0226033534477429,-0.0033401033706587,0.0228488047304509,0.1,6.0,-2.994884092828087,1.1830104005730375,True,725,0.0769230769230769,2015-07-20,306,306,0,0,Low CI
2012-04-05,2015-04-16,751,2016-04-26,376,2016-08-28,True,0.0273838533035393,0.5631564417340704,8.752336929447113,-1.5317074570595663,-0.0221763695605112,0.0024340348207212,0.0223095471131274,0.1,6.0,3.032272202012952,1.144283991432435,True,750,0.0769230769230769,2015-07-20,281,281,0,0,Low CI
2012-05-16,2015-04-17,726,2016-05-20,399,2016-08-29,True,0.027618737041665,0.5537889055738394,8.929983486786318,-1.6182204594709908,-0.0225794469492494,-0.0031374603470257,0.0227963830894974,0.1,6.0,-3.003524668785432,1.1830973749343892,True,725,0.0769230769230769,2015-07-20,305,305,0,0,Low CI
2012-04-10,2015-04-17,751,2016-04-29,378,2016-08-29,True,0.027361404905151,0.5622335052661018,8.771943016158147,-1.5412485906579425,-0.022270204205672,0.0017990929755747,0.0223427556692789,0.1,6.0,3.060982952836297,1.1497004618049744,True,750,0.0769230769230769,2015-07-20,284,284,0,0,Low CI
2012-05-18,2015-04-20,726,2016-05-15,391,2016-09-01,True,0.0275922072938661,0.5527255098304142,8.894440647634577,-1.6009630393447587,-0.0226102226124604,-0.0020315594723965,0.0227013083428004,0.1,6.0,-3.051981917359617,1.1753823576813731,True,725,0.0769230769230769,2015-07-20,300,300,0,0,Low CI
2012-04-11,2015-04-20,751,2016-04-29,375,2016-09-01,True,0.0273618547161692,0.5622519912250721,8.772635242173864,-1.541606759390734,-0.0222815331850377,0.0017898708212479,0.0223533075546482,0.1,6.0,3.0614349864060477,1.1494247966226707,True,750,0.0769230769230769,2015-07-20,284,284,0,0,Low CI
2012-05-21,2015-04-21,726,2016-05-07,382,2016-09-02,True,0.0275114881527195,0.5494963177538661,8.83589572473646,-1.572503903357647,-0.0225481172781277,-0.0001911099819264,0.0225489271543768,0.1,6.0,-3.1331172051285434,1.1622902593042854,True,725,0.0769230769230769,2015-07-20,292,292,0,0,Low CI
2012-04-12,2015-04-21,751,2016-04-30,375,2016-09-02,True,0.0273612089963397,0.5622254540637808,8.783266898842987,-1.5467914109803458,-0.0223267297868369,0.0014564276223091,0.0223741825413456,0.1,6.0,3.0764524802855377,1.1522144687088938,True,750,0.0769230769230769,2015-07-20,285,285,0,0,Low CI
2012-05-22,2015-04-22,726,2016-05-04,378,2016-09-03,True,0.0274378096329325,0.546557046550912,8.815591953093165,-1.562553045781454,-0.0224440996275401,0.000410584857144,0.02244785486446,0.1,6.0,3.123301028116397,1.1601353857760095,True,725,0.0769230769230769,2015-07-20,289,289,0,0,Low CI
2012-04-13,2015-04-22,751,2016-04-30,374,2016-09-03,True,0.0273500311869129,0.5617661786497578,8.784649457386507,-1.547532798393597,-0.0223671805016615,0.0014496766794326,0.0224141099771728,0.1,6.0,3.0768705084286343,1.1507132486111418,True,750,0.0769230769230769,2015-07-20,285,285,0,0,Low CI
2012-05-23,2015-04-23,726,2016-05-01,374,2016-09-04,True,0.027403117817383,0.5451758087983114,8.78920411160801,-1.549678810083122,-0.0223320435354333,0.001230011448128,0.0223658913667891,0.1,6.0,3.086569927663748,1.1547932404967167,True,725,0.0769230769230769,2015-07-20,286,286,0,0,Low CI
2012-04-16,2015-04-23,751,2016-04-30,373,2016-09-04,True,0.0273488136470877,0.5617161635352534,8.788087771035823,-1.5492168863792029,-0.0223858375569942,0.0013453640227168,0.0224262285612573,0.1,6.0,3.081565962273044,1.1513430075469535,True,750,0.0769230769230769,2015-07-20,285,285,0,0,Low CI
2012-05-24,2015-04-24,726,2016-04-24,366,2016-09-05,True,0.0273118395763532,0.5415499578382736,8.73590563454645,-1.5236909480809235,-0.0220398254979166,0.0029115869596702,0.0222313123004994,0.1,6.0,3.010247487539754,1.1423009488338447,True,725,0.0769230769230769,2015-07-20,279,279,0,0,Low CI
2012-04-17,2015-04-24,751,2016-05-01,373,2016-09-05,True,0.0273466399277625,0.5616268752193607,8.793336314526709,-1.551786329862229,-0.0224126833890455,0.0011859669628484,0.022444039171561,0.1,6.0,3.0887269660193453,1.1523373890059458,True,750,0.0769230769230769,2015-07-20,286,286,0,0,Low CI
2012-05-25,2015-04-27,726,2016-04-19,358,2016-09-08,True,0.0272459123882328,0.5389386525956303,8.70105764503107,-1.5066729163353827,-0.0217719711766467,0.0040074163347426,0.0221377079797502,0.1,6.0,2.9595669423630806,1.1343186609574056,True,725,0.0769230769230769,2015-07-20,274,274,0,0,Low CI
2012-04-18,2015-04-27,751,2016-05-03,372,2016-09-08,True,0.0273261102921271,0.5607839440768199,8.805574179955052,-1.5577942168253358,-0.0224823440872386,0.0008238510457788,0.0224974337692685,0.1,6.0,3.104964685383846,1.1540532672910764,True,750,0.0769230769230769,2015-07-20,288,288,0,0,Low CI
2014-10-22,2015-04-28,126,2015-09-14,139,2016-09-09,True,0.0155240704445133,0.0303655921589428,6.282895233647034,-0.002853150281667,0.0001567287759459,-0.0001150147810102,0.0001944024409834,0.9,13.0,-0.6330821171642235,1.0160664019007133,True,125,0.1153846153846153,2015-07-20,56,56,1,1,Low CI
2012-05-29,2015-04-28,726,2016-04-17,355,2016-09-09,True,0.0271805959047038,0.5363577602514655,8.68148602183602,-1.497032132826604,-0.0215634853968812,0.0045673349363518,0.0220418794770847,0.1,6.0,2.932868735703291,1.1319604379948274,True,725,0.1153846153846153,2015-07-20,272,272,0,0,Low CI
2012-04-19,2015-04-28,751,2016-05-04,372,2016-09-09,True,0.0273127146134388,0.5602342690459224,8.819370058271168,-1.564503407616438,-0.0225252957574356,0.0003779433242608,0.0225284662175723,0.1,6.0,3.124815610221962,1.157427076560967,True,750,0.1153846153846153,2015-07-20,289,289,0,0,Low CI
2014-10-23,2015-04-29,126,2015-09-27,151,2016-09-10,True,0.0160720063055874,0.032546982722542,6.295812316683063,-0.0028102371877193,0.0001822849165421,2.785844029430272e-06,0.0001823062032014,0.9,13.0,0.0152817206085754,1.0671873957670832,True,125,0.1153846153846153,2015-07-20,69,69,0,1,Low CI
2012-05-30,2015-04-29,726,2016-04-15,352,2016-09-10,True,0.0271498456605891,0.5351448506799085,8.668016871939788,-1.490317314363572,-0.0213837319699669,0.0048889189911186,0.0219354854485854,0.1,6.0,2.916827762413772,1.1323488583956216,True,725,0.1153846153846153,2015-07-20,270,270,0,0,Low CI
2012-04-20,2015-04-29,751,2016-05-07,374,2016-09-10,True,0.0273245198424766,0.5607186678510472,8.837879384370682,-1.5734263596702742,-0.022532864239985,-0.0002626863781563,0.0225343953766428,0.1,6.0,-3.1299352594826764,1.1637220445840069,True,750,0.1153846153846153,2015-07-20,292,292,0,0,Low CI
2014-10-24,2015-04-30,126,2015-10-09,162,2016-09-11,True,0.0165594324334248,0.0345510651171623,6.305973216720648,-0.0027575462156938,0.0001406773694251,0.0001027357138028,0.0001741974430322,0.9,13.0,0.6307689440884194,1.095923352138566,True,125,0.1153846153846153,2015-07-20,81,81,0,1,Low CI
2012-05-31,2015-04-30,726,2016-04-10,346,2016-09-11,True,0.0270794515154429,0.5323734001178669,8.623971547717385,-1.4686931878708822,-0.0208950228529999,0.0061799911812266,0.021789774460224,0.1,6.0,2.854026805938321,1.1233810539219502,True,725,0.1153846153846153,2015-07-20,265,265,0,0,Low CI
2012-04-23,2015-04-30,751,2016-05-11,377,2016-09-11,True,0.0273376226153033,0.5612565533028157,8.857222488650482,-1.5827519071318237,-0.0225277300706866,-0.0009253045760203,0.0225467250547861,0.1,6.0,-3.1005417023277,1.1699791605254586,True,750,0.1153846153846153,2015-07-20,296,296,0,0,Low CI
2014-10-27,2015-05-04,126,2015-10-27,176,2016-09-15,True,0.0169492897978332,0.0361970815060177,6.318314625891861,-0.0026661171822037,4.869054936839918e-06,0.0001674273671481,0.0001674981521275,0.9,13.0,1.541722925799065,1.101966445831439,True,125,0.1153846153846153,2015-07-20,99,99,0,1,Low CI
2012-06-01,2015-05-04,726,2016-04-08,340,2016-09-15,True,0.0269951189867609,0.5290626620534096,8.600004041432753,-1.4568114922189082,-0.0205532306590174,0.0067904751774258,0.0216459197923768,0.1,6.0,2.822498114609735,1.1216983048016604,True,725,0.1153846153846153,2015-07-20,263,263,0,0,Low CI
2012-04-24,2015-05-04,751,2016-05-13,375,2016-09-15,True,0.0273694108373648,0.5625625718379307,8.869065256045209,-1.5883907014139294,-0.0224761289901587,-0.0013660097033077,0.0225176010465543,0.1,6.0,-3.080891296448688,1.1756660179815113,True,750,0.1153846153846153,2015-07-20,298,298,0,0,Low CI
2014-10-28,2015-05-05,126,2015-11-23,202,2016-09-16,True,0.0172924428070368,0.0376776008575645,6.327976013993022,-0.0025012712239897,-0.0001587752994112,5.532254518868891e-05,0.0001681373834377,0.9,13.0,2.80631455572101,1.0299014255548826,True,125,0.1153846153846153,2015-07-20,126,126,0,0,Low CI
2012-06-04,2015-05-05,726,2016-04-01,332,2016-09-16,True,0.026857295126749,0.5236741829073682,8.543736127840361,-1.4291367345232893,-0.0197592488886018,0.0083742031988437,0.0214605497566403,0.1,6.0,2.740728837081761,1.1098944736035032,True,725,0.1153846153846153,2015-07-20,256,256,0,0,Low CI
2012-04-25,2015-05-05,751,2016-05-14,375,2016-09-16,True,0.0274308192685528,0.5650898341537505,8.870622925718267,-1.5890484304801271,-0.0224343503522609,-0.0014788172172937,0.0224830375192089,0.1,6.0,-3.075770337349826,1.1779609621420053,True,750,0.1153846153846153,2015-07-20,299,299,0,0,Low CI
2012-06-05,2015-05-06,726,2016-03-26,325,2016-09-17,True,0.0266980358199362,0.5174819946825272,8.494650454558208,-1.4049209897043538,-0.0189497303666258,0.0096709348076037,0.0212748504347443,0.1,6.0,2.6697018849059364,1.1006117246383005,True,725,0.0769230769230769,2015-07-20,250,250,0,0,Low CI
2012-04-26,2015-05-06,751,2016-05-19,379,2016-09-17,True,0.027500251507185,0.5679541385517831,8.902886644915512,-1.604541588639177,-0.0223296425199398,-0.0025773897068558,0.0224778974276802,0.1,6.0,-3.0266766045131366,1.189718028418499,True,750,0.0769230769230769,2015-07-20,304,304,0,0,Low CI
2012-06-06,2015-05-07,726,2016-03-21,319,2016-09-18,True,0.0265397804197253,0.511365319871973,8.45242059287534,-1.3840424313772044,-0.0181752849829932,0.0107243181106597,0.0211033642614547,0.1,6.0,2.608521813861421,1.093066184637643,True,725,0.0769230769230769,2015-07-20,245,245,0,0,Low CI
2012-04-27,2015-05-07,751,2016-05-25,384,2016-09-18,True,0.0275668402018122,0.5707079397128993,8.937347437751134,-1.6210882053448428,-0.022172520529185,-0.0037207513848045,0.0224825411705317,0.1,6.0,-2.9753325963711545,1.2017385646405692,True,750,0.0769230769230769,2015-07-20,310,310,0,0,Low CI
2012-06-07,2015-05-08,726,2016-03-16,313,2016-09-19,True,0.0264100012062293,0.5063764068556647,8.413443775652123,-1.364836137679209,-0.0174121664345325,0.0117374888750148,0.0209988615175909,0.1,6.0,2.548463609891064,1.0832620112411615,True,725,0.0769230769230769,2015-07-20,240,240,0,0,Low CI
2012-04-30,2015-05-08,751,2016-05-29,387,2016-09-19,True,0.0275649233216859,0.5706285732955483,8.963976834860611,-1.6339359962550013,-0.0220607844818673,-0.0045564125965356,0.0225264091169735,0.1,6.0,-2.9379175628631966,1.2089040229554682,True,750,0.0769230769230769,2015-07-20,314,314,0,0,Low CI
2012-06-08,2015-05-11,726,2016-03-12,306,2016-09-22,True,0.0263144854301761,0.5027202561482946,8.385140306938652,-1.3508482493626104,-0.0168163334682893,0.0124200367835827,0.0209056543791926,0.1,6.0,2.505447068709868,1.076940098645517,True,725,0.0769230769230769,2015-07-20,236,236,0,0,Low CI
2012-05-02,2015-05-11,751,2016-06-02,388,2016-09-22,True,0.0275730295518034,0.5709642409571336,8.989814904324826,-1.6463785138750977,-0.0219137712293789,-0.0053623525619507,0.0225603234571718,0.1,6.0,-2.90160614179086,1.216278744850856,True,750,0.0769230769230769,2015-07-20,318,318,0,0,Low CI
2012-06-11,2015-05-12,726,2016-03-08,301,2016-09-23,True,0.0262274252704657,0.4993993091667718,8.3528875651667,-1.3349013344591292,-0.0161091387720625,0.0131628880302241,0.0208030279832957,0.1,6.0,2.456507384008296,1.069476789253161,True,725,0.0769230769230769,2015-07-20,232,232,0,0,Low CI
2012-05-03,2015-05-12,751,2016-06-05,390,2016-09-23,True,0.0276050112321718,0.5722895204913772,9.006922321825188,-1.6545728498137104,-0.0217846829130392,-0.0059076006071214,0.0225714898612148,0.1,6.0,-2.876780027774635,1.2217276898033556,True,750,0.0769230769230769,2015-07-20,321,321,0,0,Low CI
2012-06-12,2015-05-13,726,2016-03-04,296,2016-09-24,True,0.0261356598094806,0.4959107901294326,8.320454432505136,-1.3188574738833718,-0.0153636994759648,0.0138787481367516,0.0207041761833488,0.1,6.0,2.4069315873955808,1.0616678347112496,True,725,0.0769230769230769,2015-07-20,228,228,0,0,Low CI
2012-05-04,2015-05-13,751,2016-06-10,394,2016-09-24,True,0.0276400651500342,0.5737438743251009,9.042528517645016,-1.6716746291999498,-0.021500938234752,-0.0069929920436536,0.022609561753763,0.1,6.0,-2.8271425669341985,1.2322770393973683,True,750,0.0769230769230769,2015-07-20,326,326,0,0,Low CI
2012-06-13,2015-05-15,726,2016-02-29,290,2016-09-26,True,0.0260575028839261,0.4929492494522652,8.287446818659602,-1.30254224710032,-0.0145721689902334,0.0145910637623623,0.0206215239688351,0.1,6.0,2.355546593244661,1.052736814431385,True,725,0.0769230769230769,2015-07-20,224,224,0,0,Low CI
2012-05-07,2015-05-15,751,2016-06-14,396,2016-09-26,True,0.0276869581466968,0.5756923062141251,9.063289266022506,-1.6815737324462134,-0.0212718517295767,-0.0076364348682466,0.0226010356732179,0.1,6.0,-2.796929283033189,1.2400417962843364,True,750,0.0769230769230769,2015-07-20,330,330,0,0,Low CI
2012-06-14,2015-05-18,726,2016-02-24,282,2016-09-29,True,0.0259531239193223,0.4890079294906571,8.251676144185906,-1.2848670034929128,-0.0136715373550917,0.0153407995114089,0.0205487484606949,0.1,6.0,2.298721566680395,1.0421291641764046,True,725,0.0769230769230769,2015-07-20,219,219,0,0,Low CI
2012-05-08,2015-05-18,751,2016-06-19,398,2016-09-29,True,0.0277280675508245,0.5774031433074199,9.09224786144239,-1.6954341257000425,-0.0209630131235268,-0.0084940028500142,0.0226184880934426,0.1,6.0,-2.7566201790274363,1.2492981543061723,True,750,0.0769230769230769,2015-07-20,335,335,0,0,Low CI
2012-06-15,2015-05-19,726,2016-02-19,276,2016-09-30,True,0.0257979493499405,0.4831778224206839,8.215300372058575,-1.2669017834157117,-0.0126917717051771,0.0160993867526671,0.0205005200623859,0.1,6.0,2.238386242561051,1.0299753205937785,True,725,0.0769230769230769,2015-07-20,214,214,0,0,Low CI
2012-05-09,2015-05-19,751,2016-06-20,398,2016-09-30,True,0.0277461406046718,0.5781560871591191,9.096097528640405,-1.6972034639468472,-0.0208730569373517,-0.0086292080486164,0.0225864503066824,0.1,6.0,-2.7495764758369643,1.2523758277654284,True,750,0.0769230769230769,2015-07-20,336,336,0,0,Low CI
2012-06-18,2015-05-20,726,2016-02-14,270,2016-10-01,True,0.0256690400949197,0.4783611236804774,8.183411002963886,-1.2511436612281182,-0.0117905787028963,0.0167296808748248,0.0204670459109924,0.1,6.0,2.184716525043538,1.0188277509360806,True,725,0.0769230769230769,2015-07-20,209,209,0,0,Low CI
2012-05-10,2015-05-20,751,2016-06-21,398,2016-10-01,True,0.0277592710540182,0.5787034242172926,9.09854753414072,-1.6982983592353549,-0.0207936570937232,-0.0087239989831563,0.0225495971935079,0.1,6.0,-2.7443464224848726,1.2552318523042896,True,750,0.0769230769230769,2015-07-20,337,337,0,0,Low CI
2012-06-19,2015-05-21,726,2016-02-11,266,2016-10-02,True,0.0255296836600143,0.4731812068885726,8.155311553224184,-1.237235006087722,-0.0109618742868403,0.0172468636934559,0.0204356794636522,0.1,6.0,2.136972234327344,1.0090480950962235,True,725,0.0769230769230769,2015-07-20,206,206,0,0,Low CI
2012-05-11,2015-05-21,751,2016-06-21,397,2016-10-02,True,0.027770497769668,0.5791716103277291,9.100439041277468,-1.6991448747474187,-0.0207345464552807,-0.0087965413784751,0.0225233336104898,0.1,6.0,-2.7403611110392903,1.257321928251387,True,750,0.0769230769230769,2015-07-20,337,337,0,0,Low CI
2012-05-14,2015-05-22,751,2016-06-23,398,2016-10-03,True,0.0277829788623613,0.5796923297642809,9.113888682016166,-1.7055602191037271,-0.0205636001221238,-0.009186624573952,0.0225223382677144,0.1,6.0,-2.7214513540978564,1.2621248874712645,True,750,0.0384615384615384,2015-07-20,339,339,0,0,Low CI
2012-05-15,2015-05-26,751,2016-06-26,397,2016-10-07,True,0.0278093392168919,0.5807928701078044,9.124018046783382,-1.7102867215448243,-0.0203536087359863,-0.009505671853502,0.0224639085193133,0.1,6.0,-2.704670163754914,1.2689144753196773,True,750,0.0384615384615384,2015-07-20,342,342,0,0,Low CI
2012-05-16,2015-05-27,751,2016-06-19,389,2016-10-08,True,0.0278092331221605,0.5807884385788482,9.071501133725205,-1.684870035094267,-0.0207686201143376,-0.0080956638983841,0.0222907010973021,0.1,6.0,-2.7699078561067623,1.2597704813766375,True,750,0.0384615384615384,2015-07-20,335,335,0,0,Low CI
2012-05-18,2015-05-28,751,2016-06-18,387,2016-10-09,True,0.0278076732676329,0.5807232861121325,9.062197549666111,-1.680226308143774,-0.0207315344463092,-0.0078873944444005,0.0221812423371655,0.1,6.0,-2.77804902112636,1.2624978969493863,True,750,0.0384615384615384,2015-07-20,334,334,0,0,Low CI
2012-05-21,2015-05-29,751,2016-06-11,379,2016-10-10,True,0.0277882657199842,0.5799129715050627,9.00125903053732,-1.6505990261766228,-0.0210149478211719,-0.0062491844876203,0.0219244233376135,0.1,6.0,-2.8525517817098462,1.2547643030781237,True,750,0.0384615384615384,2015-07-20,327,327,0,0,Low CI
2012-05-22,2015-06-01,751,2016-06-08,373,2016-10-13,True,0.0277791770669162,0.579533691564831,8.969884767353122,-1.635221061903308,-0.0210338477560864,-0.0054425646482988,0.0217265796060295,0.1,6.0,-2.8883932821132907,1.2543936900906272,True,750,0.0384615384615384,2015-07-20,324,324,0,0,Low CI
2012-05-23,2015-06-02,751,2016-05-27,360,2016-10-14,True,0.0278349866686909,0.5818646486175003,8.265256490176704,-1.082297596043369,-0.017834251100135,-0.0026295937917393,0.0180270706386873,0.124678704869018,6.0,-2.9952011728526924,1.247563227382687,True,750,0.0384615384615384,2015-07-20,312,312,0,0,Low CI
2012-05-24,2015-06-03,751,2016-05-02,334,2016-10-15,True,0.027828679776057,0.5816009989768214,7.524484188174493,-0.5728919626487745,-0.0130724387195204,0.0009690714940966,0.0131083085726682,0.167774266170829,6.0,3.0675971120118004,1.2220815026811045,True,750,0.0384615384615384,2015-07-20,287,287,0,0,Low CI
2012-05-25,2015-06-04,751,2016-04-18,319,2016-10-16,True,0.0278559576620225,0.5827417373285637,7.243948402296968,-0.4062393010559763,-0.0106308037297088,0.0021057950555987,0.0108373594918585,0.1936365133826001,6.0,2.946039813243156,1.2097467394242158,True,750,0.0384615384615384,2015-07-20,273,273,0,0,Low CI
2012-05-29,2015-06-05,751,2016-03-30,299,2016-10-17,True,0.0278987513209879,0.5845335842780144,6.991967738647611,-0.2779752501128266,-0.0081334210564151,0.0032626721603739,0.0087634221458866,0.2232749969700611,6.0,2.7601005536687064,1.1803783593038766,True,750,0.0384615384615384,2015-07-20,254,254,0,0,Low CI
2012-05-30,2015-06-08,751,2016-03-12,278,2016-10-20,True,0.0279746788337591,0.5877195745448306,6.82786358061737,-0.2061034813379851,-0.0062898032163651,0.0039004381469245,0.0074010162976838,0.2474689196828766,6.0,2.586509633389375,1.1485856315335314,True,750,0.0384615384615384,2015-07-20,236,236,0,0,Low CI
2012-05-31,2015-06-09,751,2016-02-28,264,2016-10-21,True,0.0279987487684403,0.588731379381277,6.739477744196671,-0.1725057942357078,-0.0051904788443315,0.0042393288694405,0.0067017146982488,0.2618354591085757,6.0,2.4567208085941328,1.1232979385708086,True,750,0.0384615384615384,2015-07-20,223,223,0,0,Low CI
2012-06-01,2015-06-10,751,2016-02-18,253,2016-10-22,True,0.0279366086040317,0.5861210293214392,6.695325679833736,-0.1589896828648641,-0.0045376853678157,0.0045844785803639,0.0064504288501699,0.2676668772123672,6.0,2.351064917604345,1.0995721604954836,True,750,0.0384615384615384,2015-07-20,213,213,0,0,Low CI
2012-06-04,2015-06-11,751,2016-02-09,243,2016-10-23,True,0.0277637180639215,0.5788888545904267,6.672253209966635,-0.1550719555339557,-0.0040447465026238,0.0050251363656515,0.0064507340484538,0.2681201775832484,6.0,2.248519660397502,1.0742426092813282,True,750,0.0384615384615384,2015-07-20,204,204,0,0,Low CI
2012-06-05,2015-06-12,751,2016-01-31,233,2016-10-24,True,0.0275635841260507,0.5705731285752833,6.653890852988562,-0.1531265121214266,-0.0035492744224763,0.0054587529962601,0.0065111698795396,0.2673989409047717,6.0,2.147311259650489,1.0480929419042726,True,750,0.0384615384615384,2015-07-20,195,195,0,0,Low CI
2012-06-06,2015-06-15,751,2016-01-26,225,2016-10-27,True,0.0274031013572058,0.5639484029589641,6.639636523378531,-0.1503373205355488,-0.0032260520041525,0.0056319070202816,0.0064904382146812,0.2679783290135419,6.0,2.090988465945879,1.0345255233655624,True,750,0.0384615384615384,2015-07-20,190,190,0,0,Low CI
2020-09-21,2021-03-19,126,2021-09-14,179,2022-08-01,True,0.0191886278433069,0.0463936332521259,6.244503994444078,-0.0017595765588675,-0.0001161515206074,2.457251723844204e-05,0.0001187222992654,0.9,12.968544174635658,2.933110927000843,1.02855413032139,True,125,0.0384615384615384,2022-01-05,-113,113,0,1,Low CI
2020-09-22,2021-03-22,126,2021-09-15,177,2022-08-04,True,0.0192108729819232,0.046501262731676,6.2439744087474205,-0.0017513247360156,-0.000113945216003,3.1884920481023334e-05,0.0001183222734909,0.9,12.95245632480656,2.868744604191684,1.0284674444285458,True,125,0.0384615384615384,2022-01-05,-112,112,0,1,Low CI
2020-09-23,2021-03-23,126,2021-09-14,175,2022-08-05,True,0.0192536814627719,0.0467087354836059,6.2415297967039365,-0.0017406895727267,-5.239672245693789e-05,0.0001061708086865,0.000118396187191,0.9,12.812843063813077,2.0292412464305305,1.0327153058694742,True,125,0.0384615384615384,2022-01-05,-113,113,0,1,Low CI
2020-09-24,2021-03-24,126,2021-09-18,178,2022-08-06,True,0.0192980768554712,0.0469243870602789,6.244600831313376,-0.0017392995378839,-9.163006987100325e-05,7.161778908662281e-05,0.0001162977962741,0.9,12.862222845221908,2.478174207006409,1.0464762489313255,True,125,0.0384615384615384,2022-01-05,-109,109,0,1,Low CI
2020-09-25,2021-03-25,126,2021-09-18,177,2022-08-07,True,0.0193334630334463,0.0470966319010701,6.242842465056776,-0.0017266025660604,-6.5874121865639e-05,9.551777241108908e-05,0.0001160303614488,0.9,12.810336144542918,2.1745442133124846,1.0454486845703588,True,125,0.0384615384615384,2022-01-05,-109,109,0,1,Low CI
2020-09-28,2021-03-26,126,2021-09-16,174,2022-08-08,True,0.0193198852482904,0.0470305037168959,6.239148278293769,-0.0017129758069957,-1.881197249999088e-05,0.0001154348714062,0.0001169576839969,0.9,12.751246653276732,1.7323423208566655,1.0337424064548786,True,125,0.0384615384615384,2022-01-05,-111,111,0,1,Low CI
2020-09-29,2021-03-29,126,2021-09-18,173,2022-08-11,True,0.019326750258127,0.0470639327180416,6.241601487215928,-0.0017178911691607,9.63225435137734e-06,0.0001150055518108,0.0001154082201197,0.9,12.688861569845622,1.4872366586669574,1.055792941047828,True,125,0.0384615384615384,2022-01-05,-109,109,0,1,Low CI
2020-09-30,2021-03-30,126,2021-09-29,183,2022-08-12,True,0.0193194059775023,0.0470281703627677,6.254653520792116,-0.0017375222802646,-8.854525716333006e-05,-6.550863880817758e-05,0.0001101437439195,0.9,13.0,-2.504630712241429,1.092118351326051,True,125,0.0384615384615384,2022-01-05,-98,98,0,1,Low CI
2020-10-01,2021-03-31,126,2021-09-13,166,2022-08-13,True,0.0193475001307663,0.0471650459250606,6.236245461494637,-0.0017132193470052,4.793236957336483e-05,-0.0001064692331886,0.0001167613363604,0.9,12.260464671827476,-1.1477767115241218,1.0770837962550557,True,125,0.0384615384615384,2022-01-05,-114,114,0,1,Low CI
2020-10-02,2021-04-01,126,2021-10-02,184,2022-08-14,True,0.0193263822226106,0.0470621402766195,6.257358284182514,-0.0017425345523175,-7.972388169517018e-05,-7.45119341326097e-05,0.0001091234422144,0.9,13.0,-2.389973707067077,1.1055095497361167,True,125,0.0384615384615384,2022-01-05,-95,95,0,1,Low CI
2020-10-05,2021-04-06,126,2021-09-26,173,2022-08-19,True,0.0193228031667853,0.0470447110000137,6.251030545077058,-0.0017381779714814,-2.9006915483406812e-05,0.0001077846501572,0.000111619585895,0.9,12.684415440879905,1.8336869979848345,1.104907410882613,True,125,0.0384615384615384,2022-01-05,-101,101,0,1,Low CI
2020-10-06,2021-04-07,126,2021-08-30,145,2022-08-20,True,0.0193119232133551,0.0469917476530142,6.223916415898666,-0.001719163673749,5.691212171522915e-06,-0.0001230409481953,0.0001231725002944,0.9,11.173491480444184,-1.524574652679182,1.124234932819248,True,125,0.0384615384615384,2022-01-05,-128,128,0,0,Low CI
2020-10-07,2021-04-08,126,2021-10-25,200,2022-08-21,True,0.0192179553819722,0.0465355559419979,6.291389380533178,-0.0018311181042735,2.8358458515094736e-05,-9.850070399262984e-05,0.0001025016627006,0.9,13.0,-1.2904760896218266,1.2367576444245592,True,125,0.0384615384615384,2022-01-05,-72,72,0,1,Low CI
2020-10-08,2021-04-09,126,2021-11-01,206,2022-08-22,True,0.0191532310408694,0.0462226286724206,6.303303359356978,-0.0018655189599401,5.890603582343998e-05,-8.368957111677661e-05,0.0001023419042726,0.9,13.0,-0.957482101965886,1.261959248552106,True,125,0.0384615384615384,2022-01-05,-65,65,0,1,Low CI
2020-10-09,2021-04-12,126,2021-09-23,164,2022-08-25,True,0.0190512828893949,0.0457318738462009,6.261114432707936,-0.0018326244823288,0.0001105652928862,4.350092195487749e-05,0.0001188150419851,0.9,11.306306606768056,0.3748393299778736,1.2277892007308735,True,125,0.0384615384615384,2022-01-05,-104,104,0,1,Low CI
2020-10-12,2021-04-13,126,2021-11-30,231,2022-08-26,True,0.0187798688507213,0.044438117730337,6.354757316775081,-0.0020057996393699,9.883730928377292e-05,3.455251653777623e-05,0.0001047028657943,0.9,13.0,0.3363093505546757,1.3262583684111404,True,125,0.0384615384615384,2022-01-05,-36,36,1,1,Low CI
2020-10-13,2021-04-14,126,2022-01-26,287,2022-08-27,True,0.0183832090256975,0.0425807391343936,6.470857549762134,-0.0022971086920383,-9.626589652022194e-05,5.980872447020528e-05,0.0001133322829364,0.9,13.0,2.58566800915463,1.4032241973421475,True,125,0.0384615384615384,2022-01-05,21,21,1,1,Low CI
2020-10-14,2021-04-15,126,2022-03-17,336,2022-08-28,True,0.0179664567853208,0.0406719897467691,6.598078731170024,-0.0026124728062716,-5.536782454027261e-05,-0.000118994263071,0.0001312449261424,0.9,13.0,-2.006299212708254,1.3780609071039458,True,125,0.0384615384615384,2022-01-05,71,71,0,1,Low CI
2020-10-15,2021-04-16,126,2022-08-13,484,2022-08-29,True,0.0174332574530643,0.0382937266435278,7.130209993443755,-0.0037765980093641,-9.267689665146876e-05,0.0001817560307282,0.0002040202486986,0.9,13.0,2.042330334452383,1.281523706256848,True,125,0.0384615384615384,2022-01-05,220,220,0,0,Low CI
2020-10-16,2021-04-19,126,2022-08-30,498,2022-09-01,True,0.0172122219828052,0.0373288337837557,7.50937054774795,-0.0049360988100855,-0.0002894806451194,0.0001647676905928,0.0003330877298281,0.9,11.055978136698448,2.624140395834352,1.206342277515324,True,125,0.0384615384615384,2022-01-05,237,237,0,0,Low CI
2020-10-19,2021-04-20,126,2022-07-27,463,2022-09-02,True,0.0168583478115101,0.0358096902576649,9.387937285919053,-0.0119617322632311,0.0001648384817042,0.001642485110596,0.00165073591576,0.9,6.0,1.4707720494340215,1.0869454177099476,True,125,0.0384615384615384,2022-01-05,203,203,0,0,Low CI
2020-10-20,2021-04-21,126,2022-08-23,489,2022-09-03,True,0.0165498781706973,0.0345112069005805,9.935435503891458,-0.0133412857664429,-0.0003247310149154,0.0018320856661268,0.0018606418570148,0.9,6.0,1.7462210324803664,1.0755389907099662,True,125,0.0384615384615384,2022-01-05,230,230,0,0,Low CI
2020-10-21,2021-04-22,126,2022-08-29,494,2022-09-04,True,0.0162488046492739,0.0332669802188135,10.178106887913607,-0.0140312530997388,-0.000467467388701,0.0019131159970946,0.0019694005630745,0.9,6.0,1.810449078730947,1.0686947106763458,True,125,0.0384615384615384,2022-01-05,236,236,0,0,Low CI
2020-10-22,2021-04-23,126,2022-08-27,491,2022-09-05,True,0.0161819259043462,0.0329936954726926,10.160244698333797,-0.0140364758220878,-0.0004068622379605,0.0019314499840544,0.0019738378660828,0.9,6.0,1.7784121249240996,1.0666891184388838,True,125,0.0384615384615384,2022-01-05,234,234,0,0,Low CI
2020-10-23,2021-04-26,126,2022-08-30,491,2022-09-08,True,0.0161793844422028,0.0329833325970032,10.201102147936426,-0.0141263950643958,-0.0004521989033394,0.0019370218193952,0.0019891046671793,0.9,6.0,1.800139467709018,1.0652829358970608,True,125,0.0769230769230769,2022-01-05,237,237,0,0,Low CI
2020-09-18,2021-04-26,151,2021-08-12,108,2022-09-08,True,0.0180250522721419,0.0490602789214306,6.197505690517364,-0.0016391897423809,-0.0001168107980819,6.271035673424132e-05,0.0001325796039754,0.9,10.947886910395445,2.6488982485079258,1.0164001422114972,True,150,0.0769230769230769,2022-01-05,-146,146,0,0,Low CI
2020-10-26,2021-04-27,126,2022-08-31,491,2022-09-09,True,0.0161325176680392,0.0327925239150094,10.229827627157103,-0.0142215518452654,-0.000455698382837,0.0019540461665963,0.0020064788654032,0.9,6.0,1.7999089989631856,1.0631723132359228,True,125,0.0769230769230769,2022-01-05,238,238,0,0,Low CI
2020-09-21,2021-04-27,151,2021-07-14,78,2022-09-09,True,0.0178978430865048,0.0483702508595215,6.169665552727675,-0.0016169241834224,-2.476049832161008e-05,-0.0001467610167634,0.0001488350708622,0.9,9.225058297181386,-1.7379354138459937,1.0598826138540405,True,150,0.0769230769230769,2022-01-05,-175,175,0,0,Low CI
2020-10-27,2021-04-28,126,2022-09-01,491,2022-09-10,True,0.0162707417546674,0.0333568666931319,10.102777326603698,-0.0137863033903477,-0.0004428298497579,0.0018873723122266,0.0019386264521038,0.9,6.0,1.8012554548103146,1.066706536634747,True,125,0.0769230769230769,2022-01-05,239,239,0,0,Low CI
2020-09-22,2021-04-28,151,2021-08-09,103,2022-09-10,True,0.0178876065375271,0.0483149366138489,6.195715636557488,-0.0016438225067213,4.717930348175132e-05,0.0001241300161267,0.0001327936277863,0.9,10.70299698548435,1.2075796457072412,1.0409138644680636,True,150,0.0769230769230769,2022-01-05,-149,149,0,0,Low CI
2020-10-28,2021-04-29,126,2022-09-02,491,2022-09-11,True,0.0163846109219499,0.0338253898580238,9.890911265529134,-0.0130628222588348,-0.0004204112743848,0.0017755606550497,0.0018246537423276,0.9,6.0,1.8032912733935076,1.073860367789894,True,125,0.0769230769230769,2022-01-05,240,240,0,0,Low CI
2020-09-23,2021-04-29,151,2021-07-31,93,2022-09-11,True,0.0178831786787799,0.0482910200282327,6.186760848179055,-0.0016325703756254,-1.515821946746721e-05,-0.0001372847461972,0.0001381190542823,0.9,10.25019219812276,-1.6807653282149884,1.0378362030940704,True,150,0.0769230769230769,2022-01-05,-158,158,0,0,Low CI
2020-10-29,2021-04-30,126,2022-09-09,497,2022-09-12,True,0.0159145527945751,0.0319123968220661,9.563111540217434,-0.0118318601899096,-0.0004796847299361,0.0015541937931688,0.001626534901826,0.9,6.0,1.8701597925075817,1.0911410671200008,True,125,0.0769230769230769,2022-01-05,247,247,0,0,Low CI
2020-09-24,2021-04-30,151,2021-07-21,82,2022-09-12,True,0.0178898736902463,0.0483271846785982,6.176754516949276,-0.0016210304144992,6.1034354772160365e-05,0.000131032446121,0.0001445499719782,0.9,9.695567644055384,1.1348845853502023,1.0409800830447136,True,150,0.0769230769230769,2022-01-05,-168,168,0,0,Low CI
2020-10-30,2021-05-03,126,2022-09-13,498,2022-09-15,True,0.0150563869504353,0.028563543288156,9.093448860840388,-0.0101992722774063,-0.0004513863563372,0.0012889390506085,0.001365691589954,0.9,6.0,1.9076492402435483,1.1202315756095933,True,125,0.0769230769230769,2022-01-05,251,251,0,0,Low CI
2020-09-25,2021-05-03,151,2021-07-30,88,2022-09-15,True,0.0178682647397207,0.048210507606121,6.185191316117288,-0.0016262283410352,-2.260591303937718e-05,-0.000137410115758,0.0001392571980796,0.9,10.251533027617649,-1.7338499683416213,1.0252211735785284,True,150,0.0769230769230769,2022-01-05,-159,159,0,0,Low CI
2020-11-02,2021-05-04,126,2021-06-16,43,2022-09-16,True,0.0134133077610151,0.0226695199615553,6.142765645461684,-0.001594560089464,-0.00012672544665,-9.60399414781916e-05,0.000159006318075,0.9,6.871337412145995,-2.4930811242323294,1.31349294140261,True,125,0.0384615384615384,2022-01-05,-203,203,0,0,Low CI
2020-11-03,2021-05-05,126,2021-06-22,48,2022-09-17,True,0.0117061844690362,0.0172663791077111,6.14585430160943,-0.001558964837098,9.18369254348282e-05,-9.27568731417268e-05,0.0001305291476581,0.9,7.1459165519914265,-0.7903817549264318,1.5042270239185167,True,125,0.0769230769230769,2022-01-05,-197,197,0,0,Low CI
2020-09-29,2021-05-05,151,2021-08-05,92,2022-09-17,True,0.017865517807718,0.0481956857072214,6.189847088229843,-0.0016248504449535,0.0001180472185463,7.036981842976561e-05,0.0001374301901052,0.9,10.621720232141534,0.5375586155484207,1.001795087261949,True,150,0.0769230769230769,2022-01-05,-153,153,0,0,Low CI
2020-11-04,2021-05-06,126,2021-06-22,47,2022-09-18,True,0.0105868539634532,0.014122266082279,6.143702630212661,-0.0015326893509339,7.31654703414988e-06,-0.000115591474511,0.0001158227993105,0.9,7.001300496414781,-1.5075840584378368,1.701076614760552,True,125,0.0769230769230769,2022-01-05,-197,197,0,0,Low CI
2020-09-30,2021-05-06,151,2021-07-29,84,2022-09-18,True,0.0178658955004005,0.048197723526716,6.182941900544797,-0.0016197711121809,-8.354360776372156e-05,-0.0001143231451734,0.0001415956069958,0.9,10.18049778847326,-2.2018744079525296,1.0112938478230866,True,150,0.0769230769230769,2022-01-05,-160,160,0,0,Low CI
2020-11-05,2021-05-07,126,2021-06-29,53,2022-09-19,True,0.0099753603799543,0.0125379846534553,6.149320219663596,-0.0015204502812642,9.177694784422548e-05,3.680982714075135e-05,9.888362619632068e-05,0.9,7.294868446844363,0.3814363973686567,1.8970242567508864,True,125,0.0769230769230769,2022-01-05,-190,190,0,0,Low CI
2020-10-01,2021-05-07,151,2021-08-07,92,2022-09-19,True,0.0178802364918804,0.0482751314078417,6.192607025269984,-0.001633046066474,4.923726261270143e-05,0.0001260068751291,0.0001352850346837,0.9,10.72340093420743,1.198288908790504,1.0131147632461277,True,150,0.0769230769230769,2022-01-05,-151,151,0,0,Low CI
2020-11-06,2021-05-10,126,2021-08-15,97,2022-09-22,True,0.0094754471446458,0.011312796422463,6.421475714944175,-0.062554391330962,0.0004040642659521,0.0009705119589784,0.0010512665663568,0.355897026006607,11.859759278211364,1.1762824260697555,1.7856380627782995,True,125,0.0769230769230769,2022-01-05,-143,143,0,0,Low CI
2020-10-02,2021-05-10,151,2021-07-29,80,2022-09-22,True,0.0178840761089832,0.0482958669190574,6.184230921568147,-0.00162933940662,-7.144157886798533e-05,-0.0001206352853075,0.0001402026078658,0.9,10.19403789955453,-2.1054691565053467,1.0260103339537765,True,150,0.0769230769230769,2022-01-05,-160,160,0,0,Low CI
2020-11-09,2021-05-11,126,2021-08-20,101,2022-09-23,True,0.0086823513117787,0.0094982862619444,6.923592645763955,-0.3997788466590574,0.0017108596926031,0.0023720894743553,0.0029246964564073,0.1554045658086484,13.0,0.9459532556507992,1.6340277729683648,True,125,0.0769230769230769,2022-01-05,-138,138,0,0,Low CI
2020-10-05,2021-05-11,151,2021-07-26,76,2022-09-23,True,0.0179188905117178,0.0484840822128105,6.180757607220322,-0.0016218494976044,-0.0001300487577175,6.12130542700641e-05,0.0001437348858034,0.9,9.945282159305142,2.7016642133439226,1.0211128998219114,True,150,0.0769230769230769,2022-01-05,-163,163,0,0,Low CI
2020-11-10,2021-05-12,126,2021-08-26,106,2022-09-24,True,0.0087425513259752,0.0096304576646012,6.799846175868037,-0.2940115610044436,0.0004788969267842,0.0024149184883294,0.0024619450789485,0.1847807194689229,13.0,1.3750285085045075,1.6974592175144705,True,125,0.0769230769230769,2022-01-05,-132,132,0,0,Low CI
2020-10-06,2021-05-12,151,2021-08-02,82,2022-09-24,True,0.017912321154484,0.0484485386203478,6.187083453305856,-0.0016277190946922,9.506270535773688e-06,-0.0001411797062514,0.0001414993944747,0.9,10.268577207088734,-1.5035632747447132,1.008224190789397,True,150,0.0769230769230769,2022-01-05,-156,156,0,0,Low CI
2020-11-11,2021-05-14,126,2021-08-27,105,2022-09-26,True,0.0087659509622838,0.0096820789304188,6.7392269039351484,-0.250086198346652,0.0004264223790808,0.0022246586625309,0.0022651583190044,0.2000166369040752,13.0,1.3814134998094096,1.6986892232024748,True,125,0.0384615384615384,2022-01-05,-131,131,0,0,Low CI
2020-11-12,2021-05-17,126,2021-08-30,105,2022-09-29,True,0.0088004862108853,0.0097585182510459,6.559645487275034,-0.1272979993570104,-0.0001012656056184,0.0015357824528494,0.00153911743066,0.272572535560494,13.0,1.6366384829693503,1.734157599539597,True,125,0.0384615384615384,2022-01-05,-128,128,0,0,Low CI
2020-11-13,2021-05-18,126,2021-09-02,107,2022-09-30,True,0.0088372722788728,0.0098402700476977,6.4866944861340645,-0.0841659339885849,-0.0003958630470332,0.0011016575270907,0.0011706224237567,0.3220851336125004,13.0,1.9157622261580805,1.78134006347591,True,125,0.0384615384615384,2022-01-05,-125,125,0,0,Low CI
2020-11-16,2021-05-19,126,2021-09-17,121,2022-10-01,True,0.0090619159979107,0.0103469085157019,6.340117279627836,-0.0200287408294854,-0.0004087521720766,5.35907459617937e-05,0.0004122502956094,0.5142697648140072,13.0,3.0112280591060507,1.921942146760022,True,125,0.0384615384615384,2022-01-05,-110,110,0,1,Low CI
2020-11-17,2021-05-20,126,2021-09-24,127,2022-10-02,True,0.0090412368752074,0.010299739493435,6.282866202579652,-0.0073985055461621,-0.0001809620332523,-6.934528843427284e-05,0.0001937937731374,0.658478117413964,13.0,-2.775649323064281,1.9337582519338887,True,125,0.0384615384615384,2022-01-05,-103,103,0,1,Low CI
2020-11-18,2021-05-21,126,2021-09-28,130,2022-10-03,True,0.0090134613772336,0.0102365532358593,6.258191507523049,-0.0040442906597128,-9.707406744965252e-05,-7.159379924013724e-05,0.0001206194290355,0.7491371958007511,13.0,-2.506128488110795,1.932160061064093,True,125,0.0384615384615384,2022-01-05,-99,99,0,1,Low CI
2020-11-19,2021-05-25,126,2021-09-26,124,2022-10-07,True,0.0089491750865899,0.0100910545760356,6.245367979690701,-0.003074101075451,-8.774214841689528e-05,-4.921252739513546e-05,0.0001006009814138,0.7904432637828239,13.0,-2.630437172142673,1.8579895873532724,True,125,0.0384615384615384,2022-01-05,-101,101,0,1,Low CI
2020-11-20,2021-05-26,126,2021-09-29,126,2022-10-08,True,0.0089440413584193,0.0100794803534606,6.2299156523742365,-0.0018567410015808,-5.499668078280402e-05,-3.806326220696249e-05,6.68838308334804e-05,0.8680217703101085,12.982476536104754,-2.536187672909332,1.8561080714939784,True,125,0.0384615384615384,2022-01-05,-98,98,0,1,Low CI
2020-11-23,2021-05-27,126,2021-09-26,122,2022-10-09,True,0.0089040546993229,0.0099895559511553,6.221464645271114,-0.00151194158522,-5.725514881279684e-05,1.161698654829008e-05,5.842179766182023e-05,0.9,12.863819412168604,2.9414115884312126,1.8106423363587405,True,125,0.0384615384615384,2022-01-05,-101,101,0,1,Low CI
2020-11-24,2021-05-28,126,2021-09-25,120,2022-10-10,True,0.0088953439413748,0.0099700201232545,6.221057114583871,-0.0015142907267937,-5.8782204952528616e-05,7.265572733890576e-06,5.922952107043019e-05,0.9,12.889545572705885,3.018614812338729,1.7851550587793603,True,125,0.0769230769230769,2022-01-05,-102,102,0,1,Low CI
2020-10-20,2021-05-28,151,2022-10-06,496,2022-10-10,True,0.0175759057101505,0.0466457816913474,8.017823138948463,-0.0065596398173342,-0.0002634299114104,0.0007601656951732,0.0008045167508162,0.9,6.0,1.9043878778836665,1.223027328644055,True,150,0.0769230769230769,2022-01-05,274,274,0,0,Low CI
2020-11-25,2021-05-31,126,2021-09-25,117,2022-10-13,True,0.0088309218236039,0.0098261327120802,6.220981129032393,-0.0015156989196394,-5.679618348201909e-05,-2.136102270553209e-05,6.0680307754241296e-05,0.9,12.988570784867957,-2.7818582865314507,1.73079770329274,True,125,0.0384615384615384,2022-01-05,-102,102,0,1,Low CI
2020-11-26,2021-06-01,126,2021-09-25,116,2022-10-14,True,0.0087583553592909,0.0096653073635521,6.220911643373736,-0.0015207262675418,-5.864178118865154e-05,-2.126273967487651e-05,6.237758090419388e-05,0.9,13.0,-2.793748890593356,1.6878026971431117,True,125,0.0384615384615384,2022-01-05,-102,102,0,1,Low CI
2020-11-27,2021-06-02,126,2021-09-26,116,2022-10-15,True,0.0087032479250597,0.0095440620800771,6.22256385925799,-0.0015287004762454,-5.8735327616555954e-05,-2.3942604049076324e-05,6.342780934948808e-05,0.9,13.0,-2.754521337146197,1.6685600681993409,True,125,0.0384615384615384,2022-01-05,-101,101,0,1,Low CI
2020-11-30,2021-06-03,126,2021-09-21,110,2022-10-16,True,0.0086012326984244,0.0093216316954882,6.218509592905534,-0.0015270996288305,-6.645771738570389e-05,-3.654768596424321e-06,6.655813649443244e-05,0.9,13.0,-3.0866541001049543,1.5884201025490845,True,125,0.0384615384615384,2022-01-05,-106,106,0,1,Low CI
2020-12-01,2021-06-04,126,2021-09-22,110,2022-10-17,True,0.0085983065587729,0.0093152903355083,6.220224193219472,-0.001531235682197,-6.560539680228487e-05,-9.938975973818078e-06,6.635398505736775e-05,0.9,13.0,-2.991239637725623,1.5976225702262616,True,125,0.0384615384615384,2022-01-05,-105,105,0,1,Low CI
2020-12-02,2021-06-07,126,2021-09-19,104,2022-10-20,True,0.0085775659957974,0.0092704044399447,6.216540801443836,-0.0015262098354257,-6.709470771348961e-05,1.0150512446050386e-05,6.785818083382449e-05,0.9,12.993093689085876,2.991444914389717,1.5579085997226616,True,125,0.0384615384615384,2022-01-05,-108,108,0,1,Low CI
2020-12-03,2021-06-08,126,2021-09-21,105,2022-10-21,True,0.0085574441674984,0.0092269611856615,6.219535777867847,-0.0015338695035709,-6.753082549229561e-05,-3.0892345100550013e-06,6.760144792479668e-05,0.9,13.0,-3.0958789770799173,1.570838626858488,True,125,0.0769230769230769,2022-01-05,-106,106,0,1,Low CI
2020-10-29,2021-06-08,151,2021-09-26,110,2022-10-21,True,0.0158302115353415,0.0378399351853026,6.2350373065602165,-0.0016407911535619,-3.36785261114562e-05,0.0001080300049985,0.0001131579652566,0.9,12.670790571284805,1.8729992268955853,1.0299282554413107,True,150,0.0769230769230769,2022-01-05,-101,101,0,1,Low CI
2020-12-04,2021-06-09,126,2021-09-22,105,2022-10-22,True,0.0085475116633005,0.0092055544099165,6.219876895056516,-0.0015356875905433,-6.766931842959012e-05,-3.108700698328261e-06,6.774068701125676e-05,0.9,13.0,-3.095685341079097,1.5694678911921067,True,125,0.0769230769230769,2022-01-05,-105,105,0,1,Low CI
2020-10-30,2021-06-09,151,2021-09-22,105,2022-10-22,True,0.0144284849561389,0.0314353578975587,6.228160893395442,-0.0016048982016366,8.452448023463138e-05,5.665058047431672e-05,0.00010175301483,0.9,12.471622687093754,0.5904633329833213,1.1382030649192938,True,150,0.0769230769230769,2022-01-05,-105,105,0,1,Low CI
2020-12-07,2021-06-10,126,2021-09-20,102,2022-10-23,True,0.0084983269801857,0.0090999167442313,6.218108553127564,-0.0015353553225408,-6.850117349119518e-05,7.796340021183201e-06,6.89434093108016e-05,0.9,13.0,3.0282670609117783,1.5417547679268588,True,125,0.0769230769230769,2022-01-05,-107,107,0,1,Low CI
2020-11-02,2021-06-10,151,2021-09-26,108,2022-10-23,True,0.0126970339781392,0.0243434154481455,6.227879723298776,-0.0015732135282601,-4.366989191776849e-05,7.465997730669537e-05,8.649376666295583e-05,0.9,12.709865215440274,2.1000515763313,1.2879660825132373,True,150,0.0769230769230769,2022-01-05,-101,101,0,1,Low CI
2020-12-08,2021-06-11,126,2021-09-19,100,2022-10-24,True,0.0084896196493196,0.0090812788655543,6.21733904784268,-0.0015364734882365,-6.848152203596115e-05,1.3467236022053467e-05,6.979316088583127e-05,0.9,13.0,2.947415466669216,1.5240926208702033,True,125,0.0769230769230769,2022-01-05,-108,108,0,1,Low CI
2020-11-03,2021-06-11,151,2021-10-01,112,2022-10-24,True,0.0110728471783716,0.0185137996399715,6.229476796279379,-0.0015507096494889,-5.5523683551005854e-05,-4.869873940874337e-05,7.38542257089798e-05,0.9,12.978505184558037,-2.421585539243934,1.456038888699852,True,150,0.0769230769230769,2022-01-05,-96,96,0,1,Low CI
2020-12-09,2021-06-14,126,2021-09-15,93,2022-10-27,True,0.0084793897494111,0.0090594063658248,6.213790539624412,-0.0015321111568736,-6.401120255956707e-05,3.1314169930920686e-05,7.126016623320846e-05,0.9,13.0,2.6866237047047825,1.4884786205841998,True,125,0.0769230769230769,2022-01-05,-112,112,0,1,Low CI
2020-11-04,2021-06-14,151,2021-10-03,111,2022-10-27,True,0.0100284707247351,0.0151861039866074,6.229255514082862,-0.001534367223754,-3.679888351652247e-05,-5.394602142207424e-05,6.530184572685125e-05,0.9,13.0,-2.169436704615016,1.6266833196002075,True,150,0.0769230769230769,2022-01-05,-94,94,0,1,Low CI
2020-12-10,2021-06-15,126,2021-09-18,95,2022-10-28,True,0.0084428396324465,0.0089814741734603,6.2168701073770505,-0.0015421437344098,-6.782128811727242e-05,2.185767405341232e-05,7.125647364914497e-05,0.9,13.0,2.829819802008786,1.498303122931589,True,125,0.0769230769230769,2022-01-05,-109,109,0,1,Low CI
2020-11-05,2021-06-15,151,2021-10-02,109,2022-10-28,True,0.0094559880164967,0.0135017721145876,6.227271882282256,-0.0015211768011192,-5.417907912140787e-05,-2.5543598665893493e-05,5.9898648125379335e-05,0.9,12.904032849032284,-2.7010316158758525,1.7712494250527635,True,150,0.0769230769230769,2022-01-05,-95,95,0,1,Low CI
2020-12-11,2021-06-16,126,2021-09-15,91,2022-10-29,True,0.0084426910255835,0.0089811580009371,6.214307205159882,-0.0015400096756663,-6.339042746419544e-05,3.5529647806938834e-05,7.266843996797053e-05,0.9,13.0,2.6307320236981893,1.4671576067437229,True,125,0.0769230769230769,2022-01-05,-112,112,0,1,Low CI
2020-11-06,2021-06-16,151,2021-10-04,110,2022-10-29,True,0.0090467550633228,0.0123584103535393,6.239235192663447,-0.0021500666194935,-4.4342048467995313e-05,-5.875923718316186e-05,7.361294191027226e-05,0.8457359220842777,12.97396272186758,-2.217260186130558,1.9039690035171295,True,150,0.0769230769230769,2022-01-05,-93,93,0,1,Low CI
2020-12-14,2021-06-17,126,2021-09-15,90,2022-10-30,True,0.0084268957872368,0.0089475841487276,6.214350924064817,-0.0015377773773071,-6.426933684004833e-05,3.312413499572311e-05,7.23032224529065e-05,0.9,13.0,2.6657045402198247,1.472431063580708,True,125,0.0769230769230769,2022-01-05,-112,112,0,1,Low CI
2020-11-09,2021-06-17,151,2021-09-30,105,2022-10-30,True,0.0084412699710715,0.0107595108474015,6.255398754588689,-0.0037391062284428,-9.646302268030584e-05,4.349162367510109e-05,0.000105814158195,0.7595477203258024,12.763763226628011,2.718021150945781,2.102811520979609,True,150,0.0769230769230769,2022-01-05,-97,97,0,1,Low CI
2020-12-15,2021-06-18,126,2021-09-16,90,2022-10-31,True,0.0085199088915241,0.0091461947875039,6.214258434595335,-0.0015275064471407,-6.578651058521034e-05,2.446844400931877e-05,7.018952719042321e-05,0.9,13.0,2.785509965214501,1.506641383316519,True,125,0.0769230769230769,2022-01-05,-111,111,0,1,Low CI
2020-11-10,2021-06-18,151,2021-10-02,106,2022-10-31,True,0.0085313984072577,0.0109904985762873,6.244393868406925,-0.0027292225045278,-6.408106296666933e-05,4.612121383441007e-05,7.895282766625663e-05,0.8071776618069864,12.698065314598812,2.5177458961686585,2.197368188586396,True,150,0.0769230769230769,2022-01-05,-95,95,0,1,Low CI
2020-12-16,2021-06-21,126,2021-09-15,86,2022-11-03,True,0.0085428279747624,0.0091954686356043,6.211935211189964,-0.0015182478271049,-6.356738466369136e-05,3.01118466813521e-05,7.033872122482012e-05,0.9,13.0,2.6992058358489857,1.4943328954966726,True,125,0.0769230769230769,2022-01-05,-112,112,0,1,Low CI
2020-11-11,2021-06-21,151,2021-09-14,85,2022-11-03,True,0.0085715422432713,0.0110941718006559,6.210552595113841,-0.0015840843959378,2.706898377548945e-06,5.526724472227051e-05,5.533349472080825e-05,0.8894508264390684,11.528070688980106,1.5218570863034415,2.208795597842898,True,150,0.0769230769230769,2022-01-05,-113,113,0,1,Low CI
2020-12-17,2021-06-22,126,2021-09-11,81,2022-11-04,True,0.0085627243363053,0.009238351255504,6.208152503794748,-0.0015141496737636,-4.89820907804598e-05,5.26905451670217e-05,7.194121744329295e-05,0.9,12.98335753357435,2.3197361933780725,1.45897052116642,True,125,0.0769230769230769,2022-01-05,-116,116,0,1,Low CI
2020-11-12,2021-06-22,151,2021-09-22,92,2022-11-04,True,0.0085320421198847,0.0109921571530585,6.215334226985998,-0.0014855084914703,3.619154537525118e-05,-3.67027786827356e-05,5.154533848645032e-05,0.9,12.18777295510039,-0.7924113970383031,2.128158142356518,True,150,0.0769230769230769,2022-01-05,-105,105,0,1,Low CI
2020-12-18,2021-06-23,126,2021-09-08,77,2022-11-05,True,0.008627398283305,0.0093784321434856,6.205799312135742,-0.0015100288027034,-4.076097210935612e-05,6.046928417814896e-05,7.29245581153389e-05,0.9,12.985982051123267,2.1639118398482435,1.4350899933740442,True,125,0.0769230769230769,2022-01-05,-119,119,0,1,Low CI
2020-11-13,2021-06-23,151,2021-08-29,67,2022-11-05,True,0.0085918643466319,0.0111468400755897,6.193598202380682,-0.0014631946301849,-5.754259436646289e-05,-7.657380761780935e-07,5.7547689104121255e-05,0.9,10.83801742908394,-3.128286112771027,2.1113822893411576,True,150,0.0769230769230769,2022-01-05,-129,129,0,0,Low CI
2020-12-21,2021-06-24,126,2021-09-10,78,2022-11-06,True,0.0086289461285292,0.0093817976224214,6.206625067857433,-0.0015084615052821,-5.006127323762623e-05,5.23090174774385e-05,7.240417382739229e-05,0.9,13.0,2.334241020013028,1.4423471030088142,True,125,0.0769230769230769,2022-01-05,-117,117,0,1,Low CI
2020-11-16,2021-06-24,151,2021-08-23,60,2022-11-06,True,0.0085977373394898,0.0111620841911874,6.187730412074747,-0.0014579823330119,4.7233292580438704e-05,3.666444878483785e-05,5.979352584256362e-05,0.9,10.439383344186847,0.6600853279151961,2.102159971339512,True,150,0.0769230769230769,2022-01-05,-135,135,0,0,Low CI
2020-12-22,2021-06-25,126,2021-09-14,81,2022-11-07,True,0.0082239783815031,0.0085218613728484,6.2084727749194455,-0.001489867420097,-6.604290381232478e-05,2.928600957445457e-05,7.22449686882002e-05,0.9,12.99256016104984,2.724208104193816,1.4285248153533323,True,125,0.0769230769230769,2022-01-05,-113,113,0,1,Low CI
2020-11-17,2021-06-25,151,2021-08-29,65,2022-11-07,True,0.0085520106968401,0.0110436699307892,6.193003749271716,-0.0014618806069407,-4.080672495365359e-05,-4.2942201656004906e-05,5.923868233264583e-05,0.9,11.002685642647853,-2.330701458137068,2.018600235526752,True,150,0.0769230769230769,2022-01-05,-129,129,0,0,Low CI
2020-12-23,2021-06-28,126,2021-09-11,75,2022-11-10,True,0.0080263196673582,0.0081171477327303,6.203807833403108,-0.0014597823468354,5.172486949099712e-05,-5.603591714806587e-05,7.625933473671002e-05,0.9,12.3219974811075,-0.8253825595272652,1.3981587626352752,True,125,0.0769230769230769,2022-01-05,-116,116,0,1,Low CI
2020-11-18,2021-06-28,151,2021-09-10,74,2022-11-10,True,0.0085659274876506,0.011079642172277,6.202684481823824,-0.0014646328509457,-4.6704610978379454e-05,-3.2447784452569074e-05,5.6869846162286615e-05,0.9,12.019826661636907,-2.53440240035668,1.9283729114419828,True,150,0.0769230769230769,2022-01-05,-117,117,0,1,Low CI
2020-12-28,2021-06-29,126,2021-08-13,45,2022-11-11,True,0.0078873189901653,0.0078384349074305,6.1753638632136365,-0.001387911050224,4.6778919820858456e-05,8.777128532696561e-05,9.945886520342928e-05,0.9,9.370510381618852,1.081126725349377,1.3402857403997326,True,125,0.0769230769230769,2022-01-05,-145,145,0,0,Low CI
2020-11-19,2021-06-29,151,2021-09-06,69,2022-11-11,True,0.0085182545465594,0.0109566597385171,6.199766029815348,-0.0014631183089391,-5.858785089914506e-05,1.1554175380622492e-05,5.971628958422179e-05,0.9,11.914916717454147,2.9468801468224037,1.8507089614902144,True,150,0.0769230769230769,2022-01-05,-121,121,0,0,Low CI
2020-12-29,2021-06-30,126,2021-08-08,39,2022-11-12,True,0.0078517589671116,0.0077679149785798,6.168958894777104,-0.0013529263987869,-6.45818462631121e-05,-9.146049473255116e-05,0.000111963551942,0.9,8.776449566507152,-2.1856161368259097,1.239142210840814,True,125,0.0769230769230769,2022-01-05,-150,150,0,0,Low CI
2020-11-20,2021-06-30,151,2021-09-10,72,2022-11-12,True,0.008597826846589,0.011162316599073,6.20250035403746,-0.0014601816255273,3.3883622329938465e-05,-4.9083385736935385e-05,5.964292596443183e-05,0.9,12.317973008752617,-0.9665913572872246,1.788756395287611,True,150,0.0769230769230769,2022-01-05,-117,117,0,1,Low CI
2020-12-30,2021-07-01,126,2021-08-07,37,2022-11-13,True,0.0078295323808649,0.0077239987401795,6.166641840935729,-0.0013358833308699,-0.000118054000932,1.1171155319856022e-05,0.0001185813722607,0.9,8.58291085047826,3.047246085878223,1.1812993548613115,True,125,0.0769230769230769,2022-01-05,-151,151,0,0,Low CI
2020-11-23,2021-07-01,151,2021-09-17,78,2022-11-13,True,0.008589984914193,0.0111419639647357,6.207827534414333,-0.0014617939538849,-5.5493026779342136e-05,2.0831427822888435e-05,5.927414618763389e-05,0.9,12.94687985429627,2.782481680914862,1.714345082328183,True,150,0.0769230769230769,2022-01-05,-110,110,0,1,Low CI
2021-01-04,2021-07-02,126,2021-08-07,36,2022-11-14,True,0.0077304599444296,0.0075297613800062,6.166045144118114,-0.0013232610589871,-0.0001242539961969,9.445141991463496e-06,0.0001246124643771,0.9,8.5822303479663,3.065723764341593,1.1135927375434775,True,125,0.0769230769230769,2022-01-05,-151,151,0,0,Low CI
2020-11-24,2021-07-02,151,2021-09-16,76,2022-11-14,True,0.0085994312709413,0.0111664829457303,6.206879204050739,-0.0014601835811754,-5.100718102841477e-05,3.2362048348550816e-05,6.040724037546672e-05,0.9,12.922156979319904,2.5762190945733385,1.6835497771940573,True,150,0.0769230769230769,2022-01-05,-111,111,0,1,Low CI
2021-01-05,2021-07-05,126,2021-08-07,33,2022-11-17,True,0.0076534106127327,0.0073804114448934,6.16576522473195,-0.0013132511553708,-0.0001286942582302,-6.613503542753839e-06,0.0001288640777351,0.9,8.602277557168767,-3.09024855270153,1.066215470908474,True,125,0.0769230769230769,2022-01-05,-151,151,0,0,Low CI
2020-11-25,2021-07-05,151,2021-09-16,73,2022-11-17,True,0.0085423126270535,0.011018636857766,6.20659692733843,-0.0014611915299271,-5.8661017126223535e-05,2.1010435321525992e-05,6.231013820144454e-05,0.9,12.975046970727083,2.79766079692853,1.62660462309854,True,150,0.0769230769230769,2022-01-05,-111,111,0,1,Low CI
2021-01-06,2021-07-06,126,2021-08-11,36,2022-11-18,True,0.0075743322132959,0.0072286840681489,6.168114997867543,-0.001306914312574,3.39804133267076e-05,-0.0001259813970157,0.0001304836422081,0.9,8.911675118874054,-1.3073402252562192,1.011519378287532,True,125,0.0769230769230769,2022-01-05,-147,147,0,0,Low CI
2020-11-26,2021-07-06,151,2022-05-22,320,2022-11-18,True,0.0093692632013564,0.0132552470333801,6.400657081452849,-0.0014933304514419,-1.4327786892594989e-06,1.965116879573429e-05,1.970333194692809e-05,0.9,13.0,1.6435781500098214,5.247052434965219,True,150,0.0769230769230769,2022-01-05,137,137,0,0,Low CI
2021-01-07,2021-07-07,126,2021-08-18,42,2022-11-19,True,0.007575474377651,0.0072308643178524,6.173751751564019,-0.0013189611115366,-6.07823240199013e-05,0.0001086092345,0.0001244606633918,0.9,9.501438432609817,2.081012317659154,1.0038134958824556,True,125,0.0769230769230769,2022-01-05,-140,140,0,0,Low CI
2020-11-27,2021-07-07,151,2022-05-23,320,2022-11-19,True,0.0093694758800875,0.0132558488183988,6.401514397639768,-0.0014928390456059,-2.3170347717666817e-06,1.960018850451133e-05,1.973666738702241e-05,0.9,13.0,1.688465146006334,5.236466392141956,True,150,0.0769230769230769,2022-01-05,138,138,0,0,Low CI
2020-11-30,2021-07-08,151,2022-04-20,286,2022-11-20,True,0.0094664315921517,0.0135316123904221,6.889565415071844,-0.2013296734291154,-0.0055636574055055,-0.0009604218231033,0.0056459448991404,0.2394054391133722,6.033442081106838,-2.970653131460921,1.414946498284496,True,150,0.0384615384615384,2022-01-05,105,105,0,1,Low CI
2020-12-01,2021-07-09,151,2022-06-03,329,2022-11-21,True,0.0094495706008798,0.0134834520656929,7.218857526133078,-0.4044333232974094,0.0095281955002357,-0.0010718486920691,0.0095882933366373,0.1748642812734124,6.4013100465712665,-0.1120213654324903,1.152226513918653,True,150,0.0384615384615384,2022-01-05,149,149,0,0,Low CI
2021-01-12,2021-07-12,126,2021-08-25,44,2022-11-24,True,0.0078246402955035,0.0077143494650063,6.178346431289487,-0.0013129215526751,9.147610455077126e-06,-0.0001177444773144,0.0001180992832962,0.9,9.937161262521936,-1.4932617139484354,1.006866026875716,True,125,0.0384615384615384,2022-01-05,-133,133,0,0,Low CI
2021-01-13,2021-07-13,126,2021-08-30,48,2022-11-25,True,0.0078406459546261,0.0077459418522102,6.1824600731393975,-0.0013205491933248,6.732610773841023e-05,9.137038613964049e-05,0.0001134960450699,0.9,10.349576228031705,0.9357656187832412,1.0117979564007822,True,125,0.0769230769230769,2022-01-05,-128,128,0,0,Low CI
2020-12-03,2021-07-13,151,2022-06-02,324,2022-11-25,True,0.0094558268538678,0.0135013118850397,6.891441469557287,-0.2040073955869913,-0.0019436153258023,-0.0068909508684556,0.0071598075676769,0.2334756676147474,6.12657641715203,-1.845708023165162,1.085846241864072,True,150,0.0769230769230769,2022-01-05,148,148,0,0,Low CI
2021-01-14,2021-07-14,126,2021-08-28,45,2022-11-26,True,0.0078680090822158,0.0078001014316467,6.180209067659795,-0.0013115456221952,0.0001040599294924,-4.94726157549965e-05,0.0001152215632406,0.9,10.104522333585727,-0.4437944436976199,1.0138561976781544,True,125,0.1153846153846153,2022-01-05,-130,130,0,0,Low CI
2020-12-04,2021-07-14,151,2022-02-19,220,2022-11-26,True,0.0094493969590696,0.0134829565364011,6.29134512828543,-0.0012681611354325,7.908522726078832e-06,5.6681029747758776e-05,5.7230095797361904e-05,0.9,7.030621268166676,1.4321645185794634,2.836604401598922,True,150,0.1153846153846153,2022-01-05,45,45,1,1,Low CI
2020-10-30,2021-07-14,176,2021-09-23,71,2022-11-26,True,0.014081237935872,0.0348975020779691,6.216173098886275,-0.0015111122318226,-9.44926003059558e-05,-3.4530436752141705e-05,0.0001006041876607,0.9,13.0,-2.791238348430513,1.0398718446582444,True,175,0.1153846153846153,2022-01-05,-104,104,0,1,Low CI
2021-01-15,2021-07-15,126,2021-09-09,56,2022-11-27,True,0.0079686991562103,0.0080010209465156,6.189724753065773,-0.0013286830170584,1.9833799693249064e-05,-0.0001022679073497,0.0001041734346365,0.9,10.99589596605794,-1.37923478291113,1.04394180141969,True,125,0.1153846153846153,2022-01-05,-118,118,0,1,Low CI
2020-12-07,2021-07-15,151,2022-05-19,308,2022-11-27,True,0.0094704686838371,0.0135431563408226,7.357556122365801,-0.5273374575885234,-0.00090620148004,-0.011141658011441,0.0111784499983823,0.1505317338520649,6.184629860181942,-1.651952211031391,1.1482101548895955,True,150,0.1153846153846153,2022-01-05,134,134,0,0,Low CI
2020-11-02,2021-07-15,176,2021-09-24,71,2022-11-27,True,0.0125608522642425,0.0277684016903263,6.21387186370177,-0.00148337251191,-8.167283966594712e-05,-3.0948839195788614e-05,8.734004457673632e-05,0.9,13.0,-2.779375074164224,1.1758068198040044,True,175,0.1153846153846153,2022-01-05,-103,103,0,1,Low CI
2021-01-18,2021-07-16,126,2022-11-22,494,2022-11-28,True,0.008783491565966,0.009720865235264,6.460243436475776,-0.0026487266821476,-7.39645960838002e-05,-0.0001039286862044,0.0001275614882714,0.7840916289604019,12.671679344855672,-2.189322295443261,1.284843440307286,True,125,0.1153846153846153,2022-01-05,321,321,0,0,Low CI
2020-12-08,2021-07-16,151,2022-05-20,308,2022-11-28,True,0.0095009947121268,0.0136306039784993,7.285580297905424,-0.4981212116104186,-0.0011066386042075,-0.0119962260919539,0.0120471610535262,0.1505223269670668,6.184622757530098,-1.6627848750514522,1.0063244600103185,True,150,0.1153846153846153,2022-01-05,135,135,0,0,Low CI
2020-11-03,2021-07-16,176,2022-11-13,485,2022-11-28,True,0.0121437223673958,0.0259547187568047,6.543823301536141,-0.001586065456875,4.1620034608229176e-05,1.9987146414162e-05,4.617048085705133e-05,0.9,6.0,0.4477060537146665,5.152855550018034,True,175,0.1153846153846153,2022-01-05,312,312,0,0,Low CI
2020-11-04,2021-07-19,176,2022-11-30,499,2022-12-01,True,0.0114183069168312,0.0229464809810641,8.901287114654197,-1.5102814081415483,0.0232655412498216,-0.0019993189374135,0.023351288740895,0.1,6.0,-0.0857241658345934,1.0779429384673156,True,175,0.0384615384615384,2022-01-05,329,329,0,0,Low CI
2020-10-02,2021-07-21,201,2022-10-24,460,2022-12-03,True,0.0180647608389342,0.0655934524177466,6.65869155160515,-0.0020625843202429,6.629462716909449e-05,0.0001042172466053,0.0001235160397741,0.9,6.0,1.0042408663014275,2.504837821891087,True,200,0.0384615384615384,2022-01-05,292,292,0,0,Low CI
2020-10-05,2021-07-22,201,2022-10-25,460,2022-12-04,True,0.0180640480098806,0.0655882759311575,6.658310728401209,-0.0020605638759278,6.773095062497002e-05,0.000105856971697,0.0001256709199832,0.9,6.0,1.0016004996357362,2.459475759629573,True,200,0.0384615384615384,2022-01-05,293,293,0,0,Low CI
2020-10-06,2021-07-23,201,2022-11-27,492,2022-12-05,True,0.0180124170070252,0.0652138804534291,6.720315982105984,-0.002165825553958,2.404219033545025e-05,0.0001372051741888,0.0001392956809823,0.9,6.0,1.3973294292691438,2.3322606329405944,True,200,0.0384615384615384,2022-01-05,326,326,0,0,Low CI
2020-10-07,2021-07-26,201,2022-11-30,492,2022-12-08,True,0.0179742234920119,0.0649376147382995,6.737957271598209,-0.0022138701978856,1.6001795304846473e-05,0.000145269929244,0.0001461485880723,0.9,6.0,1.4610864696884658,2.2722116858113792,True,200,0.0384615384615384,2022-01-05,329,329,0,0,Low CI
2020-10-08,2021-07-27,201,2022-12-01,492,2022-12-09,True,0.0179536943833499,0.0647893635441568,6.743496481351568,-0.0022305541495568,1.4576034649028523e-05,0.0001495743294405,0.0001502828693287,0.9,6.0,1.4736529514220291,2.226355697944681,True,200,0.0384615384615384,2022-01-05,330,330,0,0,Low CI
2020-10-09,2021-07-28,201,2022-12-02,492,2022-12-10,True,0.0178830316628742,0.064280367112528,6.765301669848004,-0.0022978550945364,6.854753499630785e-06,0.0001598333405599,0.0001599802625328,0.9,6.0,1.5279357102722086,2.1545049290667087,True,200,0.0384615384615384,2022-01-05,331,331,0,0,Low CI
2020-12-21,2021-07-29,151,2022-02-15,201,2022-12-11,True,0.0099960012467247,0.0150879261796028,6.82658180658607,-0.2364602107798646,-0.0064466431044721,0.0018712345966675,0.0067127286726191,0.2046561022097804,6.174876666027735,2.8590908443222203,1.167495969128589,True,150,0.1153846153846153,2022-01-05,41,41,1,1,Low CI
2020-10-12,2021-07-29,201,2022-12-10,499,2022-12-11,True,0.0177633448416396,0.0634228204125638,6.81394950745498,-0.0024235848650233,-1.9846724765003342e-05,0.0001764268299441,0.000177539626022,0.9,6.0,1.6828180486146496,2.047642759528891,True,200,0.1153846153846153,2022-01-05,339,339,0,0,Low CI
2020-09-07,2021-07-29,226,2022-12-09,498,2022-12-11,True,0.0187035513023832,0.0790599598785191,6.382001592449836,-0.0010693533157123,9.703322719488095e-05,0.0001048252799904,0.0001428418233744,0.9,6.129361485168853,0.8239805649982677,1.0992414831968118,True,225,0.1153846153846153,2022-01-05,338,338,0,0,Low CI
2020-12-22,2021-07-30,151,2022-07-18,353,2022-12-12,True,0.0096353336216097,0.0140187877539582,6.383086974662384,-0.0015878837445202,-1.3147828788477764e-08,-6.707082558914104e-05,6.707082687781908e-05,0.861918791169503,12.250760824793128,-1.5709923558209982,1.665667570012367,True,150,0.1153846153846153,2022-01-05,194,194,0,0,Low CI
2020-10-13,2021-07-30,201,2022-12-09,497,2022-12-12,True,0.01760919824859,0.0623268564545875,6.839019608940474,-0.0025099662490759,-2.5756531567217583e-05,0.0001896458914292,0.0001913869458828,0.9,6.0,1.7057842147276734,1.9671923579988155,True,200,0.1153846153846153,2022-01-05,338,338,0,0,Low CI
2020-09-08,2021-07-30,226,2022-12-04,492,2022-12-12,True,0.0186073778496732,0.0782489993595557,6.413368887463772,-0.0011702911017408,8.030948851290198e-06,0.0001269019824442,0.0001271558464552,0.9,6.22950038381392,1.507595947983878,1.3296791601218647,True,225,0.1153846153846153,2022-01-05,333,333,0,0,Low CI
2021-02-02,2021-08-02,126,2022-08-24,387,2022-12-15,True,0.0088444608964742,0.0098562855572069,7.805877571219183,-0.6025689393380386,0.0055572523671465,-0.0016066842057328,0.0057848498691934,0.1710334023354127,11.234870020884502,-0.281440748590229,1.585723753119034,True,125,0.1923076923076923,2022-01-05,231,231,0,0,Low CI
2020-12-23,2021-08-02,151,2022-07-11,343,2022-12-15,True,0.0094461063876326,0.0134735678088577,7.08436741922839,-0.1963218013397783,0.000458984713516,0.0024861442517351,0.0025281574728796,0.2688641812098131,12.743672998297818,1.3882348258730353,1.638335108014283,True,150,0.1923076923076923,2022-01-05,187,187,0,0,Low CI
2020-11-18,2021-08-02,176,2022-05-11,282,2022-12-15,True,0.0095453681545654,0.0160360733642897,7.891964075531491,-1.0108144690519898,-0.0157935342218111,-0.0053069035841853,0.016661300935622,0.1,6.0,-2.8174283147344505,1.0111399993690928,True,175,0.1923076923076923,2022-01-05,126,126,0,0,Low CI
2020-10-14,2021-08-02,201,2022-12-12,497,2022-12-15,True,0.0174908268266051,0.0614917336387365,6.87327332955507,-0.0026085511251316,-4.133706491817274e-05,0.0002024626708363,0.0002066395073993,0.9,6.0,1.7721995072666108,1.8935520786623945,True,200,0.1923076923076923,2022-01-05,341,341,0,0,Low CI
2020-09-09,2021-08-02,226,2022-12-13,498,2022-12-15,True,0.0185770826376455,0.0779944078476561,6.424809254645326,-0.0011946006814181,6.300041881388327e-05,0.0001095517775553,0.0001263750162661,0.9,6.141321802287201,1.0489061621802809,1.3852947498398205,True,225,0.1923076923076923,2022-01-05,342,342,0,0,Low CI
2021-02-03,2021-08-03,126,2022-01-20,170,2022-12-16,True,0.008873402459269,0.0099208961717244,7.121656632717074,-0.4213708062157232,0.0017992592982294,-0.006332447845788,0.0065831018328665,0.1634250553757847,6.60997001990025,-1.2939589442300037,1.582533896711935,True,125,0.1923076923076923,2022-01-05,15,15,1,1,Low CI
2020-12-28,2021-08-03,151,2022-06-08,309,2022-12-16,True,0.009374532975224,0.0132701621440379,6.977418480605306,-0.1585660295824139,-0.0004197291147109,0.0020366768500924,0.0020794771269332,0.2891199204219503,12.968292835012832,1.7740362095138766,1.7000089627417976,True,150,0.1923076923076923,2022-01-05,154,154,0,0,Low CI
2020-11-19,2021-08-03,176,2022-02-28,209,2022-12-16,True,0.0095850702612264,0.0161697486566258,6.344292402954703,-0.0068421644179937,-0.000354126172663,0.0002515193310899,0.000434358515603,0.6429474930963347,6.069835579873093,2.524018284884537,1.6685673689099054,True,175,0.1923076923076923,2022-01-05,54,54,1,1,Low CI
2020-10-15,2021-08-03,201,2022-12-13,497,2022-12-16,True,0.0173770617278101,0.060694417132717,6.904200900955732,-0.0027031864235798,-5.3381172454308886e-05,0.0002150776650357,0.0002216031398013,0.9,6.0,1.8140753208783524,1.8297482783880208,True,200,0.1923076923076923,2022-01-05,342,342,0,0,Low CI
2020-09-10,2021-08-03,226,2022-11-23,477,2022-12-16,True,0.0184423024800944,0.076866785693409,6.481785316013767,-0.0020612813178739,0.0001609982990143,5.337022316289882e-05,0.0001696137759911,0.8407284245115335,6.034400430841694,0.3200956579801124,1.6931590241499523,True,225,0.1923076923076923,2022-01-05,322,322,0,0,Low CI
2021-02-04,2021-08-04,126,2022-03-06,214,2022-12-17,True,0.0089497934536228,0.0100924491606763,8.127096607429346,-1.1563038979099136,-0.00302961449241,-0.0073707121372215,0.0079690627668757,0.1,8.497333302167693,-1.960778573907468,1.707584046602603,True,125,0.1923076923076923,2022-01-05,60,60,1,1,Low CI
2020-12-29,2021-08-04,151,2022-05-27,296,2022-12-17,True,0.0093774005540573,0.0132782818138364,8.654036305427567,-1.4174924683277743,3.928447826877929e-05,0.0065132364328653,0.0065133549036297,0.1,12.98374123193271,1.5647649164031323,1.6761626758974693,True,150,0.1923076923076923,2022-01-05,142,142,0,0,Low CI
2020-11-20,2021-08-04,176,2022-01-25,174,2022-12-17,True,0.0096325680764609,0.016330400723587,6.321386281866029,-0.0053867301372702,-0.000215383965415,0.0001927301383714,0.0002890244951463,0.6819555848648865,6.163832006199807,2.4116461463819525,2.0620342020290163,True,175,0.1923076923076923,2022-01-05,20,20,1,1,Low CI
2020-10-16,2021-08-04,201,2022-11-30,483,2022-12-17,True,0.0173846255403005,0.0607472662404706,6.884045937336994,-0.0026864226232213,-2.723629447123248e-05,0.0002178871028673,0.0002195827983528,0.9,6.0,1.6951531587938768,1.835131879664648,True,200,0.1923076923076923,2022-01-05,329,329,0,0,Low CI
2020-09-11,2021-08-04,226,2022-12-07,490,2022-12-17,True,0.0183532045055713,0.0761258661308715,6.640358810750842,-0.0059902917475742,-5.691260726662967e-05,-0.0002986754627005,0.000304049464537,0.7184837366573704,6.625774711026933,-1.7590890495668634,2.1364070807852524,True,225,0.1923076923076923,2022-01-05,336,336,0,0,Low CI
2021-02-05,2021-08-05,126,2022-01-13,161,2022-12-18,True,0.0090148149735608,0.0102396280149495,7.806347979548718,-0.9938529858385132,-0.0042226837746381,0.0071356294772052,0.0082914574289778,0.1,7.242570064896565,2.105145733410751,1.6550021650990725,True,125,0.1923076923076923,2022-01-05,8,8,1,1,Low CI
2020-12-30,2021-08-05,151,2022-01-03,151,2022-12-18,True,0.0094249633197226,0.0134133199702958,7.679688433073131,-0.923425564110547,0.006880752990658,-0.003481725835597,0.0077114963860922,0.1,8.00344269731485,-0.4684435803913783,1.4961887818105086,True,150,0.1923076923076923,2022-01-05,-2,2,1,1,Low CI
2020-11-23,2021-08-05,176,2021-12-18,135,2022-12-18,True,0.0096914011294515,0.0165304930299404,6.2452977254198005,-0.0012313550101234,3.7021445656341295e-05,6.153246558837817e-05,7.181108382325375e-05,0.9,6.087874710188191,1.0291592511765844,2.534945366449905,True,175,0.1923076923076923,2022-01-05,-18,18,1,1,Low CI
2020-10-19,2021-08-05,201,2022-12-01,483,2022-12-18,True,0.0173386033682326,0.0604260605189384,6.912671665581551,-0.0027739911850835,-3.824771805517504e-05,0.0002297193967815,0.0002328817064393,0.9,6.0,1.7357804592739077,1.7867383579604252,True,200,0.1923076923076923,2022-01-05,330,330,0,0,Low CI
2020-09-14,2021-08-05,226,2022-12-14,496,2022-12-18,True,0.0182508542614844,0.0752791719679119,6.610905816916395,-0.0032759679712562,0.0001025817322222,-0.0001212951247695,0.0001588569138519,0.8028285170058403,6.735391658511068,-0.8687921841893491,2.45806555863312,True,225,0.1923076923076923,2022-01-05,343,343,0,0,Low CI
2021-02-08,2021-08-06,126,2021-12-02,118,2022-12-19,True,0.0090301815302866,0.0102745664872112,7.5280300164931075,-0.8492999539565247,0.0069710944113814,0.0057410750827351,0.0090308416217978,0.1,6.045985104325593,0.6889392443735511,1.5554849080675643,True,125,0.1923076923076923,2022-01-05,-34,34,1,1,Low CI
2021-01-04,2021-08-06,151,2022-02-14,192,2022-12-19,True,0.0094284330340707,0.0134231977711713,7.989414780096735,-1.0842779043299813,0.0027964364331803,-0.006422177179096,0.0070045996634012,0.1,9.87192561168682,-1.1601210057796856,1.5680337807946283,True,150,0.1923076923076923,2022-01-05,40,40,1,1,Low CI
2020-11-24,2021-08-06,176,2021-12-18,134,2022-12-19,True,0.0097234572048726,0.0166400291226381,6.546894470879532,-0.0769894589040765,0.001328512966491,0.001724950579097,0.002177246242955,0.3328484352176926,6.0,0.9145080633412735,1.961638545892256,True,175,0.1923076923076923,2022-01-05,-18,18,1,1,Low CI
2020-10-20,2021-08-06,201,2022-12-11,492,2022-12-19,True,0.0173040189740276,0.060185243603355,6.9599875901264445,-0.0028828415340596,-7.204979130339339e-05,0.0002382748869514,0.0002489298981211,0.9,6.0,1.864436062902901,1.7371405900729346,True,200,0.1923076923076923,2022-01-05,340,340,0,0,Low CI
2020-09-15,2021-08-06,226,2022-12-13,494,2022-12-19,True,0.0181362258568366,0.0743365275626233,6.620101250788305,-0.0027355881750342,0.0001089090572848,5.010978814666165e-05,0.0001198840007122,0.8329762441971021,6.913137086804691,0.4312268116067022,2.7494570323669705,True,225,0.1923076923076923,2022-01-05,342,342,0,0,Low CI
2021-02-09,2021-08-09,126,2021-11-19,102,2022-12-22,True,0.0090350430520873,0.010285632372087,7.406736896200585,-0.7829386198677367,0.0088820022354798,-0.0002780810190537,0.0088863543010745,0.1,6.0,-0.0312981471339496,1.468428621647205,True,125,0.1923076923076923,2022-01-05,-47,47,1,1,Low CI
2021-01-05,2021-08-09,151,2022-03-03,206,2022-12-22,True,0.0094226102536529,0.013406623182829,8.117668068914087,-1.150258318683986,-0.0019321143736367,-0.0064825430592819,0.0067643499664238,0.1,10.74679032695801,-1.860462097066177,1.582306231615687,True,150,0.1923076923076923,2022-01-05,57,57,1,1,Low CI
2020-11-25,2021-08-09,176,2021-12-13,126,2022-12-22,True,0.0097467302444131,0.0167197800804951,6.5837500956166135,-0.0973390083487385,0.0017564281244378,0.0018530582013818,0.0025532067002154,0.304922911433987,6.0,0.8121629142259161,1.9374912483773128,True,175,0.1923076923076923,2022-01-05,-23,23,1,1,Low CI
2020-10-21,2021-08-09,201,2022-12-08,486,2022-12-22,True,0.0172957866641532,0.0601279915027124,6.964082502252741,-0.0029078381485289,-6.835010486613824e-05,0.0002437652630944,0.0002531664281193,0.9,6.0,1.8441695410847592,1.7228813690639913,True,200,0.1923076923076923,2022-01-05,337,337,0,0,Low CI
2020-09-16,2021-08-09,226,2022-12-15,493,2022-12-22,True,0.0179425443190674,0.0727572866410237,6.658046793223952,-0.0032501663669002,1.2664719523576746e-05,0.0001645363307979,0.0001650230264934,0.8173992952730706,6.078309461737936,1.4939756247789384,2.648576343818403,True,225,0.1923076923076923,2022-01-05,344,344,0,0,Low CI
2021-02-10,2021-08-10,126,2021-12-13,125,2022-12-23,True,0.0090775811617439,0.0103827124482541,7.625761849646719,-0.901617916658244,-0.005986287386264,-0.0061492800805895,0.0085819159970533,0.1,6.5845040246062165,-2.3427643069727697,1.595567591958405,True,125,0.1923076923076923,2022-01-05,-23,23,1,1,Low CI
2021-01-06,2021-08-10,151,2021-11-09,91,2022-12-23,True,0.0093586541332756,0.0132252454851277,7.291626120063286,-0.7177597006347048,0.0072683827386424,0.0048444257411893,0.0087348639598618,0.1,6.208378842089783,0.5878918442367078,1.323563295793951,True,150,0.1923076923076923,2022-01-05,-57,57,1,1,Low CI
2020-11-26,2021-08-10,176,2021-12-21,133,2022-12-23,True,0.0097630267368552,0.0167757376273609,7.71490065722776,-0.951066167633828,0.0037070790775078,0.0078000600981265,0.0086361665582179,0.1,6.0,1.1271335203978088,1.835432733614154,True,175,0.1923076923076923,2022-01-05,-15,15,1,1,Low CI
2020-10-22,2021-08-10,201,2022-12-21,498,2022-12-23,True,0.0172826701006428,0.0600368278473385,7.000834685538445,-0.0029730794625341,-0.0001028319241043,0.0002406747013105,0.0002617225944887,0.9,6.0,1.97458405243278,1.703948870945638,True,200,0.1923076923076923,2022-01-05,350,350,0,0,Low CI
2020-09-17,2021-08-10,226,2022-11-20,467,2022-12-23,True,0.0176651726985334,0.0705251817819964,6.616350695829465,-0.0018409016160216,5.535651132086678e-05,7.985072506858397e-05,9.716214097885984e-05,0.9,6.0,0.9646149764893256,2.8420045052663774,True,225,0.1923076923076923,2022-01-05,319,319,0,0,Low CI
2021-02-11,2021-08-11,126,2021-11-15,96,2022-12-24,True,0.0090633797923936,0.0103502515109074,7.3850123080948995,-0.7713183075195077,0.0087247222637741,-0.001174980052254,0.0088034854860555,0.1,6.0,-0.133867063827596,1.460251754340652,True,125,0.1923076923076923,2022-01-05,-51,51,1,1,Low CI
2021-01-07,2021-08-11,151,2021-11-04,85,2022-12-24,True,0.0093606308806294,0.0132308329829924,7.256915122491319,-0.6992451431108747,0.0073303368690828,-0.0050259344328504,0.0088878487575761,0.1,6.013269562309622,-0.6010197233180352,1.3083445509682146,True,150,0.1923076923076923,2022-01-05,-62,62,0,1,Low CI
2020-11-27,2021-08-11,176,2021-12-18,129,2022-12-24,True,0.0097950521549013,0.0168859762222336,7.70032470420184,-0.9439270503584776,0.004222672459916,0.0074344775820194,0.0085499952994889,0.1,6.0,1.0542499139843935,1.840014754968915,True,175,0.1923076923076923,2022-01-05,-18,18,1,1,Low CI
2020-10-23,2021-08-11,201,2022-12-22,498,2022-12-24,True,0.0172803579609209,0.0600207650227701,7.005044873379878,-0.002980476924164,-0.0001070558001515,0.0002389911557675,0.0002618734749477,0.9,6.0,1.9919431601177435,1.7072043616247097,True,200,0.1923076923076923,2022-01-05,351,351,0,0,Low CI
2020-09-18,2021-08-11,226,2022-12-15,491,2022-12-24,True,0.0174258780386889,0.0686274369447529,6.687294758204908,-0.0019981790508414,1.6146392597218655e-05,0.0001097276214591,0.0001109092282228,0.9,6.0,1.424695063814863,2.7024519278422607,True,225,0.1923076923076923,2022-01-05,344,344,0,0,Low CI
2021-02-12,2021-08-12,126,2021-11-10,90,2022-12-25,True,0.0090740722215648,0.010374687121954,7.325938890175719,-0.7383117673326773,0.0081468387971501,-0.00314026446881,0.008731107794594,0.1,6.0,-0.367907687336762,1.4093510711012125,True,125,0.1923076923076923,2022-01-05,-56,56,1,1,Low CI
2021-01-08,2021-08-12,151,2021-11-08,88,2022-12-25,True,0.009347392158698,0.013193434765442,7.2928469442739905,-0.7190064370212416,0.0081221513873647,0.003276693530489,0.0087581997951644,0.1,6.171984556648558,0.3834570184693318,1.3301269703417706,True,150,0.1923076923076923,2022-01-05,-58,58,1,1,Low CI
2020-11-30,2021-08-12,176,2021-12-14,124,2022-12-25,True,0.0098149600446706,0.0169546855594126,7.678493371746684,-0.9328772872828448,0.0049058901595565,0.006988177002531,0.0085382888260082,0.1,6.0,0.9587111375795352,1.8209684756373208,True,175,0.1923076923076923,2022-01-05,-22,22,1,1,Low CI
2020-10-26,2021-08-12,201,2022-12-23,498,2022-12-25,True,0.0172849169431989,0.0600524391003901,7.013379805348175,-0.0030009545570531,-0.0001126714564945,0.0002391099074901,0.0002643263228824,0.9,6.0,2.0111494568706623,1.702982807951869,True,200,0.1923076923076923,2022-01-05,352,352,0,0,Low CI
2020-09-21,2021-08-12,226,2022-12-21,496,2022-12-25,True,0.0172346615088166,0.0671295839551081,6.736051021843945,-0.0021334160064582,-7.64807241642986e-06,0.0001252852169083,0.0001255184392328,0.9,6.0,1.6317659570491267,2.5495250173960127,True,225,0.1923076923076923,2022-01-05,350,350,0,0,Low CI
2021-02-15,2021-08-13,126,2021-11-14,93,2022-12-26,True,0.0090627699181203,0.0103488586221872,7.391318242459439,-0.7755755504898166,0.0088631356746209,-0.0012708934636173,0.0089537893755997,0.1,6.0,-0.1424201485928896,1.4436635297738876,True,125,0.1923076923076923,2022-01-05,-52,52,1,1,Low CI
2021-01-11,2021-08-13,151,2021-11-05,84,2022-12-26,True,0.0092659296746618,0.0129644753631027,7.277011479504994,-0.7110266415997529,0.0073699554548564,-0.0050273966310864,0.0089213765918062,0.1,6.0,-0.598643663282867,1.3283201201871175,True,150,0.1923076923076923,2022-01-05,-61,61,0,1,Low CI
2020-12-01,2021-08-13,176,2021-12-07,116,2022-12-26,True,0.0098018364883063,0.0169093757436547,7.625662922936248,-0.9048164332621684,0.0062459944078131,0.00589641858191,0.0085895400479611,0.1,6.0,0.7566164630114868,1.7556555768410915,True,175,0.1923076923076923,2022-01-05,-29,29,1,1,Low CI
2020-10-27,2021-08-13,201,2022-12-23,497,2022-12-26,True,0.0171843776366439,0.0593558697865166,6.998243455974961,-0.0029470821933485,-0.0001101635457993,0.000228990207025,0.0002541112389022,0.9,6.0,2.019197018240141,1.7396409970372275,True,200,0.1923076923076923,2022-01-05,352,352,0,0,Low CI
2020-09-22,2021-08-13,226,2022-12-22,496,2022-12-26,True,0.0172537187774052,0.067278123432852,6.753387751546969,-0.0021824651804176,-1.6310223923088254e-05,0.0001291839014382,0.0001302094612354,0.9,6.0,1.696387663728154,2.5141781093057314,True,225,0.1923076923076923,2022-01-05,351,351,0,0,Low CI
2021-02-16,2021-08-16,126,2021-11-29,105,2022-12-29,True,0.0089211692296846,0.0100279948135087,7.588549184567041,-0.8869035653630476,0.0087427167218001,0.0044576837496263,0.0098135640869832,0.1,6.0,0.471515552889325,1.5062546041749154,True,125,0.1923076923076923,2022-01-05,-37,37,1,1,Low CI
2021-01-12,2021-08-16,151,2021-11-09,85,2022-12-29,True,0.0092692134621386,0.0129736660492106,7.312841319225905,-0.7307243290390274,0.0086607734864235,-0.0016835942969871,0.0088228956210523,0.1,6.046894024615452,-0.1919985084339474,1.3696514714474628,True,150,0.1923076923076923,2022-01-05,-57,57,1,1,Low CI
2020-12-02,2021-08-16,176,2021-12-13,119,2022-12-29,True,0.0098075859032972,0.0169292184600976,7.676068605430223,-0.9313680853824724,0.0018768180726835,0.0081872618420317,0.008399625143299,0.1,6.073482080111177,1.3454533362561558,1.82567594275202,True,175,0.1923076923076923,2022-01-05,-23,23,1,1,Low CI
2020-10-28,2021-08-16,201,2022-12-26,497,2022-12-29,True,0.016941810798452,0.0576920155792398,6.965352338648514,-0.002829928349677,-0.0001035663167313,0.0002094668944578,0.0002336714827169,0.9,6.0,2.0299764812618104,1.81660700533924,True,200,0.1923076923076923,2022-01-05,355,355,0,0,Low CI
2020-09-23,2021-08-16,226,2022-12-25,496,2022-12-29,True,0.0172506879660636,0.0672544891783636,6.768377309992531,-0.0022191586657912,-2.496157646802641e-05,0.0001322310754602,0.0001345664802881,0.9,6.0,1.7573731720477892,2.4736754588209484,True,225,0.1923076923076923,2022-01-05,354,354,0,0,Low CI
2021-02-17,2021-08-17,126,2021-12-05,110,2022-12-30,True,0.0087523937386455,0.0096521539156915,7.692934119632737,-0.9459567647895324,0.0078701179735679,0.007018591681708,0.010545111953527,0.1,6.0,0.7282676478004789,1.4950951824226244,True,125,0.1923076923076923,2022-01-05,-31,31,1,1,Low CI
2021-01-13,2021-08-17,151,2021-11-09,84,2022-12-30,True,0.0092647768295399,0.0129612495448781,7.206602439304834,-0.6366017954997503,0.0076119148014188,-0.0036649112628585,0.0084482436937322,0.1091867425164277,6.0,-0.4487143051770447,1.3712608768276655,True,150,0.1923076923076923,2022-01-05,-57,57,1,1,Low CI
2020-12-03,2021-08-17,176,2021-11-28,103,2022-12-30,True,0.0098075211523969,0.0169289949232297,6.721995530012746,-0.1929020789961825,0.0037543458130636,0.0016943619364311,0.0041189774041253,0.2260362896146984,6.0,0.4239401617841742,1.764308059875413,True,175,0.1923076923076923,2022-01-05,-38,38,1,1,Low CI
2020-10-29,2021-08-17,201,2022-12-27,497,2022-12-30,True,0.0160765960286955,0.0519498449138435,6.889577538590872,-0.0025855182997074,-7.869806490007705e-05,0.0001751182378805,0.0001919890170228,0.9,6.0,1.9931508421299229,2.020051724677106,True,200,0.1923076923076923,2022-01-05,356,356,0,0,Low CI
2020-09-24,2021-08-17,226,2022-12-19,489,2022-12-30,True,0.0172358072794536,0.0671385098818294,6.771716299398688,-0.0022466001398571,-2.228458957923967e-05,0.0001364754219407,0.0001382828395955,0.9,6.0,1.7326543701321668,2.436961968412789,True,225,0.1923076923076923,2022-01-05,348,348,0,0,Low CI
2021-02-18,2021-08-18,126,2022-01-15,150,2022-12-31,True,0.0086626910373381,0.0094553192170556,8.38693283690203,-1.331829508680199,-0.0078979058734847,0.0122306323590635,0.0145590276148167,0.1,6.0,2.144176604270595,1.5246319373289192,True,125,0.1923076923076923,2022-01-05,10,10,1,1,Low CI
2021-01-14,2021-08-18,151,2021-11-15,89,2022-12-31,True,0.0092458924175588,0.0129084655161578,7.369695446190287,-0.7621994338992832,0.008698294844096,0.0012129046202346,0.0087824524372532,0.1,6.063697189536894,0.1385482867830049,1.4312493753438231,True,150,0.1923076923076923,2022-01-05,-51,51,1,1,Low CI
2020-12-04,2021-08-18,176,2021-11-30,104,2022-12-31,True,0.0097931010966473,0.0168792499196914,6.851895495351977,-0.2810117334460512,0.0045293685999631,0.0023377532469812,0.0050970844762573,0.1896978481891393,6.0,0.4764699673933699,1.7430657793661524,True,175,0.1923076923076923,2022-01-05,-36,36,1,1,Low CI
2020-10-30,2021-08-18,201,2022-12-28,497,2022-12-31,True,0.0149588132371873,0.0449769847864754,6.806644238909719,-0.0023181405344813,-5.141898148316185e-05,0.0001374151367687,0.0001467202490113,0.9,6.0,1.928854190792468,2.3699597193664377,True,200,0.1923076923076923,2022-01-05,357,357,0,0,Low CI
2020-09-25,2021-08-18,226,2022-12-20,489,2022-12-31,True,0.0172387505734687,0.0671614418215448,6.7784098523538425,-0.0022636876774996,-2.6094416605536687e-05,0.0001377055347316,0.0001401561018069,0.9,6.0,1.7580701666750786,2.4226783368494966,True,225,0.1923076923076923,2022-01-05,349,349,0,0,Low CI
2021-02-19,2021-08-19,126,2022-03-18,211,2023-01-01,True,0.0087972932459195,0.0097514384252925,9.66094784535891,-2.024882186374342,-0.0189167924234783,-0.0130358014410289,0.0229734010282086,0.1,6.0,-2.538211052256819,1.4690048024728115,True,125,0.1923076923076923,2022-01-05,72,72,0,1,Low CI
2021-01-15,2021-08-19,151,2021-11-18,91,2023-01-01,True,0.0092951537810663,0.0130463824558644,6.60500675256524,-0.139520831990854,0.0032893573187656,0.0016393053255769,0.0036752133980194,0.2509477152731131,6.107144608545744,0.4623399142599783,1.5599171713637676,True,150,0.1923076923076923,2022-01-05,-48,48,1,1,Low CI
2020-12-07,2021-08-19,176,2021-12-09,112,2023-01-01,True,0.0098868290514811,0.0172038924100053,7.361033765845477,-0.671734383393007,0.0054470326370167,0.0052878446263568,0.0075915390627471,0.1202546089230985,6.0,0.7705702021849049,1.7734470552776396,True,175,0.1923076923076923,2022-01-05,-27,27,1,1,Low CI
2020-11-02,2021-08-19,201,2022-12-27,495,2023-01-01,True,0.0136028233685856,0.0371923975229846,6.693692521498493,-0.0019672532758937,-1.0070860560348017e-05,9.189022374905776e-05,9.244044273518964e-05,0.9,6.0,1.679957306903876,3.192195781984628,True,200,0.1923076923076923,2022-01-05,356,356,0,0,Low CI
2020-09-28,2021-08-19,226,2022-12-28,496,2023-01-01,True,0.0172525557908505,0.067269053977509,6.781299942259187,-0.0022502429549783,-3.238262057877713e-05,0.0001352403509588,0.0001390632469167,0.9,6.0,1.8058164316309444,2.4272153191474524,True,225,0.1923076923076923,2022-01-05,357,357,0,0,Low CI
2021-02-22,2021-08-20,126,2022-07-18,332,2023-01-02,True,0.0087763272601181,0.0097050139422633,12.51026156632769,-3.210948411510047,0.0437235337486958,0.0153029110770817,0.0463241458734687,0.1152792929464467,6.102048262906434,0.3366681825095672,1.309488151998193,True,125,0.1923076923076923,2022-01-05,194,194,0,0,Low CI
2021-01-18,2021-08-20,151,2021-11-07,79,2023-01-02,True,0.0093515075132625,0.0132050546083615,6.291323220838526,-0.0096391200148678,0.0005309438849526,-2.938475969805265e-05,0.0005317564038834,0.5887846961349941,6.093638772841663,-0.0552879761955429,1.7514771107002756,True,150,0.1923076923076923,2022-01-05,-59,59,1,1,Low CI
2020-12-08,2021-08-20,176,2021-12-04,106,2023-01-02,True,0.0099427047615399,0.0173988985236261,6.5179934929578325,-0.0725700298937446,0.0018019778523451,0.0010394046659659,0.0020802610989907,0.3357585905383027,6.0,0.5231959027776234,1.9521596723497223,True,175,0.1923076923076923,2022-01-05,-32,32,1,1,Low CI
2020-11-03,2021-08-20,201,2022-11-02,439,2023-01-02,True,0.0123243455690539,0.0305297882347973,6.549512968676669,-0.0016380362156854,4.30358548929922e-05,2.9097170063037284e-05,5.194930328741661e-05,0.9,6.0,0.5945149941179468,4.729715642063999,True,200,0.1923076923076923,2022-01-05,301,301,0,0,Low CI
2020-09-29,2021-08-20,226,2022-12-29,496,2023-01-02,True,0.0172229372216853,0.0670382820385182,6.788107717074925,-0.0022696053003809,-3.526131285484796e-05,0.0001386499118994,0.0001430634763102,0.9,6.0,1.8198358220734587,2.3796485576711053,True,225,0.1923076923076923,2022-01-05,358,358,0,0,Low CI
2021-02-23,2021-08-23,126,2022-12-20,484,2023-01-05,True,0.0087705796015794,0.0096923063850027,10.538176448855577,-0.5411794449658789,-0.0193587102197418,-0.0135299631879303,0.023618204106974,0.3330274192244543,6.322347061574328,-2.5315997517541837,1.2069689029314072,True,125,0.1923076923076923,2022-01-05,349,349,0,0,Low CI
2021-01-19,2021-08-23,151,2022-03-10,199,2023-01-05,True,0.0093671725531305,0.0132493321676584,7.225495527355429,-0.3872768787403121,0.0026001328592184,0.0029839802945671,0.0039578819188996,0.1890190339565805,10.05141266264692,0.8540293969493854,1.840081979397224,True,150,0.1923076923076923,2022-01-05,64,64,0,1,Low CI
2020-12-09,2021-08-23,176,2021-11-21,90,2023-01-05,True,0.0099646027045089,0.0174756220423324,6.302183790821808,-0.0083667558860037,0.0003855877790179,1.6462639291538184e-05,0.0003859390545415,0.6173547049788157,6.0,0.042669005879156,2.230600941975876,True,175,0.1923076923076923,2022-01-05,-45,45,1,1,Low CI
2020-11-04,2021-08-23,201,2022-05-05,255,2023-01-05,True,0.0114345360558726,0.0262804715774235,8.909823384765215,-1.573144927069707,-0.0038766624494139,-0.0085415461447896,0.0093801131277968,0.1,6.0,-1.9968552334422085,2.795177601870424,True,200,0.1923076923076923,2022-01-05,120,120,0,1,Low CI
2020-09-30,2021-08-23,226,2022-12-24,488,2023-01-05,True,0.0172094540210465,0.0669333595407688,6.783331610785754,-0.0022720249508918,-2.8736213169797803e-05,0.0001414161933809,0.000144306305121,0.9,6.0,1.7712699138731516,2.361669106196146,True,225,0.1923076923076923,2022-01-05,353,353,0,0,Low CI
2021-02-24,2021-08-24,126,2022-10-31,433,2023-01-06,True,0.0087930073751198,0.0097419393160628,7.442865167562232,-0.0062920188629349,-0.0001613436143309,0.000685664818211,0.0007043919397734,0.8627676404539331,6.1174481522868165,1.801901802605244,1.2597929937568118,True,125,0.1923076923076923,2022-01-05,299,299,0,0,Low CI
2021-01-20,2021-08-24,151,2021-11-02,70,2023-01-06,True,0.009348995345212,0.0131979608086841,6.225025870061516,-0.0016238883019542,9.704150431148224e-05,5.1706412456673385e-05,0.0001099572946564,0.8583319262238965,6.232038454213145,0.4895636720023151,2.034029509954008,True,150,0.1923076923076923,2022-01-05,-64,64,0,1,Low CI
2020-12-10,2021-08-24,176,2021-11-29,97,2023-01-06,True,0.0099930614625329,0.017575584821337,6.259644311062355,-0.0024342827019586,-0.0001021785430625,-5.291914550807883e-05,0.0001150690689268,0.8023768149551431,6.635361508151823,-2.663721028983568,2.5581511172185656,True,175,0.1923076923076923,2022-01-05,-37,37,1,1,Low CI
2020-11-05,2021-08-24,201,2022-01-21,150,2023-01-06,True,0.0108168340775187,0.0235177837915746,6.28701863866212,-0.0013647714401988,3.299212674636316e-05,-2.2741882030534495e-05,4.0070857559314095e-05,0.9,6.692407292877003,-0.6035170056335958,4.580273740408391,True,200,0.1923076923076923,2022-01-05,16,16,1,1,Low CI
2020-10-01,2021-08-24,226,2023-01-03,497,2023-01-06,True,0.0171984576479691,0.066847849675991,6.805498302341537,-0.0023073755260826,-4.609046164317452e-05,0.0001423877274355,0.0001496616035552,0.9,6.0,1.883849137905995,2.3125926803570165,True,225,0.1923076923076923,2022-01-05,363,363,0,0,Low CI
2021-02-25,2021-08-25,126,2022-12-24,486,2023-01-07,True,0.0087935858431791,0.0097432211496515,7.8763054893717985,-0.0098155702206948,-0.0010064428160847,0.0003701706127247,0.001072358813352,0.823138046345798,6.175339625147413,2.789148378125059,1.2200769913881453,True,125,0.1923076923076923,2022-01-05,353,353,0,0,Low CI
2021-01-21,2021-08-25,151,2021-11-04,71,2023-01-07,True,0.0092755321628426,0.0129913600324931,6.221044612678388,-0.0012624916976676,8.49529322032569e-05,1.0661160295886724e-05,8.561927953904864e-05,0.9,6.143181428702156,0.1248422575227641,2.160260523930841,True,150,0.1923076923076923,2022-01-05,-62,62,0,1,Low CI
2020-12-11,2021-08-25,176,2021-11-24,91,2023-01-07,True,0.0099937345850229,0.0175779526482355,6.237323367088812,-0.0012810877673855,-4.222802174187534e-05,-4.791755110507165e-05,6.386937861087619e-05,0.9,6.742534826017911,-2.2931631902772973,2.6773521942137424,True,175,0.1923076923076923,2022-01-05,-42,42,1,1,Low CI
2020-11-06,2021-08-25,201,2021-12-21,118,2023-01-07,True,0.0102952457323549,0.021304409022604,6.261282478483486,-0.001332137758338,-4.475236637706243e-05,-1.6950784152542404e-05,4.785502460278242e-05,0.9,6.465594869156752,-2.7795222426748,3.874856425869004,True,200,0.1923076923076923,2022-01-05,-15,15,1,1,Low CI
2020-10-02,2021-08-25,226,2023-01-04,497,2023-01-07,True,0.0171871172809237,0.0667597220967792,6.810552514981418,-0.0023206755649864,-4.858992344530127e-05,0.0001443893699669,0.0001523458920347,0.9,6.0,1.8954122129466424,2.2849407364955394,True,225,0.1923076923076923,2022-01-05,364,364,0,0,Low CI
2021-02-26,2021-08-26,126,2022-12-25,486,2023-01-08,True,0.0088462771833583,0.0098603341206056,7.74028936268449,-0.0055902443544328,-6.42193642905178e-05,0.0006837163871125,0.0006867257274604,0.9,6.0,1.6644484690053112,1.2210648584054806,True,125,0.1923076923076923,2022-01-05,354,354,0,0,Low CI
2021-01-22,2021-08-26,151,2021-12-13,109,2023-01-08,True,0.0092243410756146,0.01284835871017,6.254866220772798,-0.0013268550541479,4.662912052329552e-05,5.324813474483285e-05,7.077880144916198e-05,0.9,7.191608328364372,0.85157288576451,2.3460472878839997,True,150,0.1923076923076923,2022-01-05,-23,23,1,1,Low CI
2020-12-14,2021-08-26,176,2021-11-15,81,2023-01-08,True,0.0099552991629166,0.0174430047304778,6.229093902508722,-0.0012620121526378,-3.793075204641886e-05,5.732285423712072e-05,6.873610091281798e-05,0.9,6.463875566858782,2.155355244221979,2.556396216133137,True,175,0.1923076923076923,2022-01-05,-51,51,1,1,Low CI
2020-11-09,2021-08-26,201,2021-12-09,105,2023-01-08,True,0.0096198865213379,0.0186009855533674,6.250380234067882,-0.001310053426139,-5.390028918182563e-05,4.720440376721345e-06,5.410659600487366e-05,0.9,6.462026154401252,3.054238254613556,3.372194324490148,True,200,0.1923076923076923,2022-01-05,-27,27,1,1,Low CI
2020-10-05,2021-08-26,226,2023-01-05,497,2023-01-08,True,0.0171772708186674,0.0666832510077931,6.813678488624196,-0.0023286383214992,-5.002495593003079e-05,0.0001463403109076,0.0001546543979729,0.9,6.0,1.9001831467818464,2.2585568390113533,True,225,0.1923076923076923,2022-01-05,365,365,0,0,Low CI
2021-03-01,2021-08-27,126,2023-01-08,499,2023-01-09,True,0.0087538850851718,0.0096554435146337,7.695100160336878,-0.0110527521735895,0.0009619515973475,-0.000323823220195,0.0010149937702158,0.7836767562663547,6.650498286049989,-0.3247159718938276,1.2831866587971117,True,125,0.2307692307692307,2022-01-05,368,368,0,0,Medium CI
2021-01-25,2021-08-27,151,2022-04-13,229,2023-01-09,True,0.0091897792540529,0.0127522584534713,6.363081582139383,-0.0016108174981097,4.048622496437759e-05,3.2375264446380254e-05,5.183909875604749e-05,0.8835537620707132,10.892450019091806,0.674534340910915,2.5205557094995026,True,150,0.2307692307692307,2022-01-05,98,98,0,1,Medium CI
2020-12-15,2021-08-27,176,2022-02-17,174,2023-01-09,True,0.0099435068065762,0.0174017056597872,6.303891287809575,-0.0013444073415165,4.002494245085157e-05,-2.030165271262434e-05,4.487931729714688e-05,0.9,9.967617265834551,-0.4694109145221474,2.7048039333135394,True,175,0.2307692307692307,2022-01-05,43,43,1,1,Medium CI
2020-11-10,2021-08-27,201,2021-12-12,107,2023-01-09,True,0.0095537869915448,0.018346244021842,6.252570080221578,-0.0013088203733942,-3.486849192164141e-05,-4.158151886656216e-05,5.426632878811535e-05,0.9,6.62484944412182,-2.26860977051613,3.276544731819331,True,200,0.2307692307692307,2022-01-05,-24,24,1,1,Medium CI
2020-10-06,2021-08-27,226,2023-01-06,497,2023-01-09,True,0.01714266433947,0.0664148325881969,6.823086199579624,-0.0023555102904708,-5.428263720565245e-05,0.0001500232327765,0.0001595417659258,0.9,6.0,1.917969418040579,2.214633525712167,True,225,0.2307692307692307,2022-01-05,366,366,0,0,Medium CI
2020-09-01,2021-08-27,251,2022-12-20,480,2023-01-09,True,0.0182280976091549,0.0833981491546689,11.066422832535917,-2.6347572936998804,-0.0046357709167663,0.0082059317829732,0.009424844211951,0.1,11.038389636669969,2.085029239151747,2.5325656686229334,True,250,0.2307692307692307,2022-01-05,349,349,0,0,Medium CI
2021-03-02,2021-08-30,126,2023-01-11,499,2023-01-12,True,0.0087769155769439,0.009706315127645,7.43294896398345,-0.0044022254626125,0.0004176624246654,-0.0001846024336509,0.0004566398575324,0.9,6.63435224872763,-0.4161725127040647,1.3078033588194318,True,125,0.2307692307692307,2022-01-05,371,371,0,0,Medium CI
2021-01-26,2021-08-30,151,2022-05-18,261,2023-01-12,True,0.0092110727376478,0.0128114230077142,6.397015110876967,-0.001716328473244,-7.823795630779856e-06,-5.0016228522536753e-05,5.062444956432444e-05,0.8780949806816772,11.359441672478448,-1.7259640317727627,2.620744010305881,True,150,0.2307692307692307,2022-01-05,133,133,0,0,Medium CI
2020-12-16,2021-08-30,176,2022-04-25,238,2023-01-12,True,0.0099209510587276,0.0173228475041016,6.356848066296533,-0.0013809860354361,-2.3325277433678472e-05,-2.8295728108118546e-05,3.6670380370629375e-05,0.9,12.510678639651877,-2.2602030476826918,2.709165354451072,True,175,0.2307692307692307,2022-01-05,110,110,0,1,Medium CI
2020-11-11,2021-08-30,201,2021-11-30,92,2023-01-12,True,0.0095399670569821,0.018293205261109,6.242238081946827,-0.0012921378582696,1.9922021628422703e-06,5.891283799912647e-05,5.8946512624318605e-05,0.9,6.239492018277491,1.536993112228929,3.161870002971366,True,200,0.2307692307692307,2022-01-05,-36,36,1,1,Medium CI
2020-10-07,2021-08-30,226,2023-01-09,497,2023-01-12,True,0.0171086779647377,0.0661517507444493,6.835009342269574,-0.0023838250590728,-6.121619039339057e-05,0.0001529308456446,0.0001647278528842,0.9,6.0,1.9515498733166636,2.17069398161919,True,225,0.2307692307692307,2022-01-05,369,369,0,0,Medium CI
2020-09-02,2021-08-30,251,2022-12-30,487,2023-01-12,True,0.0181902959427192,0.0830526034874108,11.14764210257984,-2.6734167272888003,-0.001491678216735,0.0094625186171241,0.0095793717164385,0.1,10.955879772799191,1.7271503528239902,2.547313383726584,True,250,0.2307692307692307,2022-01-05,359,359,0,0,Medium CI
2021-03-03,2021-08-31,126,2023-01-05,492,2023-01-13,True,0.0088322374425709,0.0098290606984859,7.452445044508982,-0.0045297693931949,-0.000444080367582,0.0002489558568157,0.000509103517484,0.9,6.13968951235998,2.630640144919268,1.3042657672492044,True,125,0.2307692307692307,2022-01-05,365,365,0,0,Medium CI
2021-01-27,2021-08-31,151,2022-06-21,294,2023-01-13,True,0.0092225926973564,0.0128434886252611,6.42275838176785,-0.0015106267971325,2.990514490331929e-05,3.161288593695629e-05,4.351657441655458e-05,0.9,11.60448936418734,0.8131510439921832,2.692272147195022,True,150,0.2307692307692307,2022-01-05,167,167,0,0,Medium CI
2020-12-17,2021-08-31,176,2022-01-05,127,2023-01-13,True,0.0099550546261714,0.01744214781937,6.2676665378117,-0.0012984020473779,9.643439049170923e-06,5.3646077974127176e-05,5.450594094868198e-05,0.9,8.33562594826952,1.3929355038691826,2.571992168005232,True,175,0.2307692307692307,2022-01-05,0,0,1,1,Medium CI
2020-11-12,2021-08-31,201,2022-01-25,147,2023-01-13,True,0.0095896076835883,0.0184840756805524,6.286253182796351,-0.0013371713904311,3.364418520354189e-05,-3.027777366978367e-05,4.526228867842271e-05,0.9,7.810626572531442,-0.7327823726594533,3.404138337785318,True,200,0.2307692307692307,2022-01-05,20,20,1,1,Medium CI
2020-10-08,2021-08-31,226,2023-01-10,497,2023-01-13,True,0.0170924170346962,0.0660260627398823,6.838089907237318,-0.0023919584617109,-6.250244152838154e-05,0.0001552201539463,0.0001673315612433,0.9,6.0,1.95360198600769,2.1442085796047547,True,225,0.2307692307692307,2022-01-05,370,370,0,0,Medium CI
2020-09-03,2021-08-31,251,2023-01-12,499,2023-01-13,True,0.0180508658750377,0.0817842734684888,7.889932851744999,-0.2985258504886927,-0.0018561350620311,0.0020735876377469,0.0027829845597699,0.2808202283188439,11.01287460941113,2.3009155169598388,2.7352614274949976,True,250,0.2307692307692307,2022-01-05,372,372,0,0,Medium CI
2021-03-04,2021-09-01,126,2023-01-06,492,2023-01-14,True,0.00883804501283,0.0098419909957499,7.38326751990434,-0.0042928123657746,-0.0004123507585661,0.000231254216497,0.0004727701986565,0.9,6.140057930116924,2.6304809308954065,1.3309503488965375,True,125,0.2307692307692307,2022-01-05,366,366,0,0,Medium CI
2021-01-28,2021-09-01,151,2022-07-18,320,2023-01-14,True,0.0092388307825084,0.0128887551284018,6.44485385247107,-0.0015198661040976,2.4812415393043915e-05,-3.269947634955957e-05,4.104767607517347e-05,0.9,12.231563091424237,-0.9216859427848224,2.7244403562037878,True,150,0.2307692307692307,2022-01-05,194,194,0,0,Medium CI
2020-12-18,2021-09-01,176,2022-04-13,224,2023-01-14,True,0.0099705329949938,0.01749642896395,6.3459216927337785,-0.0013654650430024,3.821443268086397e-05,-2.3594528576390927e-06,3.828720259966384e-05,0.9,11.890813775664132,-0.0616641763473808,2.6993418116433308,True,175,0.2307692307692307,2022-01-05,98,98,0,1,Medium CI
2020-11-13,2021-09-01,201,2022-01-09,130,2023-01-14,True,0.0095780496617613,0.0184395460999566,6.273323145959743,-0.0013212441964182,-3.903494914230633e-05,2.9881306835544437e-05,4.915912685089511e-05,0.9,7.348258056885494,2.488244262357986,3.291827296232528,True,200,0.2307692307692307,2022-01-05,4,4,1,1,Medium CI
2020-10-09,2021-09-01,226,2023-01-11,497,2023-01-14,True,0.0170292503541487,0.0655389530830862,6.8505918383729165,-0.0024286586429699,-6.797269146789555e-05,0.0001602921415111,0.0001741087516916,0.9,6.0,1.971866317647368,2.0923634964123203,True,225,0.2307692307692307,2022-01-05,371,371,0,0,Medium CI
2020-09-04,2021-09-01,251,2023-01-09,495,2023-01-14,True,0.017990688227155,0.0812398805845602,7.523540692685124,-0.1548503693882526,0.0017999925506428,-7.789672971657974e-05,0.0018016772970957,0.3482033344968981,10.661058242188355,-0.0432491541685404,2.807164411894079,True,250,0.2307692307692307,2022-01-05,369,369,0,0,Medium CI
2021-03-05,2021-09-02,126,2021-10-04,32,2023-01-15,True,0.0086571430629793,0.0094432118776243,6.18880323719268,-0.0011031889360258,-5.028016786500997e-05,-6.712005699726221e-05,8.386415999608718e-05,0.9,6.0,-2.2137262749284194,1.9731711426144964,True,125,0.2307692307692307,2022-01-05,-93,93,0,1,Medium CI
2021-01-29,2021-09-02,151,2022-07-19,320,2023-01-15,True,0.0092443408403701,0.0129041334735131,6.44478086139938,-0.001516439228469,2.254026504329467e-05,-3.401142114512786e-05,4.080245478562806e-05,0.9,12.218686427058726,-0.9855265970109828,2.737516265709772,True,150,0.2307692307692307,2022-01-05,195,195,0,0,Medium CI
2020-12-21,2021-09-02,176,2022-05-06,246,2023-01-15,True,0.0099623366526595,0.0174676746782427,6.363260440695841,-0.0013743530838142,3.142248702435853e-05,-1.7995119562398535e-05,3.621045455197986e-05,0.9,12.749171004065284,-0.5200911397780291,2.6793219857257213,True,175,0.2307692307692307,2022-01-05,121,121,0,0,Medium CI
2020-11-16,2021-09-02,201,2021-12-31,120,2023-01-15,True,0.0095573983355331,0.0183601164517545,6.2656456583309375,-0.0013102144773445,3.9313153198041134e-05,3.3912641896890794e-05,5.191908410978958e-05,0.9,7.079698967003321,0.7117799597060865,3.2080644828949088,True,200,0.2307692307692307,2022-01-05,-5,5,1,1,Medium CI
2020-10-12,2021-09-02,226,2023-01-12,497,2023-01-15,True,0.0169247518391192,0.0647370728083641,6.869513171524901,-0.0024848574774506,-7.627279115064316e-05,0.0001673440489611,0.0001839064147674,0.9,6.0,1.998450059642713,2.0267298565353418,True,225,0.2307692307692307,2022-01-05,372,372,0,0,Medium CI
2020-09-07,2021-09-02,251,2023-01-12,497,2023-01-15,True,0.0179724488764717,0.0810752385729649,7.607940045792286,-0.1822331223198557,0.0004968246424935,-0.0020083959035586,0.0020689342258322,0.3314783551823846,10.454212424386895,-1.32829085017147,2.792829909648582,True,250,0.2307692307692307,2022-01-05,372,372,0,0,Medium CI
2021-03-08,2021-09-03,126,2021-09-26,23,2023-01-16,True,0.008211234004401,0.008495469848254,6.190406623813119,-0.0021347097448644,-0.0001726525906233,-3.9635153155860765e-05,0.0001771436208691,0.7769633641352603,6.0,-2.915936562615244,1.560495806250534,True,125,0.2307692307692307,2022-01-05,-101,101,0,1,Medium CI
2021-02-01,2021-09-03,151,2022-07-09,309,2023-01-16,True,0.0090958975172172,0.0124930380982015,6.424528019042895,-0.0014576182153323,-3.0307774522209395e-05,2.038808347445365e-05,3.652718363425211e-05,0.9,12.877223532467209,2.549423760544747,2.788995886884513,True,150,0.2307692307692307,2022-01-05,185,185,0,0,Medium CI
2020-12-22,2021-09-03,176,2022-05-01,240,2023-01-16,True,0.0096755993818351,0.0164766313180073,6.356694361657036,-0.0013593773387548,3.768694501644367e-05,-6.094911077213496e-06,3.817661281087661e-05,0.9,12.854021716205487,-0.1603364890617732,2.4931368198421384,True,175,0.2307692307692307,2022-01-05,116,116,0,1,Medium CI
2020-11-17,2021-09-03,201,2022-03-24,202,2023-01-16,True,0.009590592073267,0.0184878707194782,6.330947106933037,-0.0013656066508431,-1.7897501134643177e-05,-3.327485490950188e-05,3.778275421555389e-05,0.9,9.48645561502506,-2.064277953824147,3.4290241238135493,True,200,0.2307692307692307,2022-01-05,78,78,0,1,Medium CI
2020-10-13,2021-09-03,226,2023-01-13,497,2023-01-16,True,0.0167952155717964,0.0637499141393038,6.8850258436784975,-0.0025315551591876,-8.266373140668556e-05,0.0001742914141439,0.0001929009837568,0.9,6.0,2.013660788743086,1.9685398512884624,True,225,0.2307692307692307,2022-01-05,373,373,0,0,Medium CI
2020-09-08,2021-09-03,251,2023-01-14,498,2023-01-16,True,0.0178890864389154,0.0803248728183657,7.002618666873555,-0.0285933905729196,0.0001105795668709,-0.0004746424912286,0.0004873533985611,0.5410225469436742,10.448281764544802,-1.3419047864683462,3.038030616317569,True,250,0.2307692307692307,2022-01-05,374,374,0,0,Medium CI
2021-03-09,2021-09-06,126,2021-09-24,18,2023-01-19,True,0.0081075126951206,0.0082822020247942,6.190429023406814,-0.0024672608261002,-0.000211317833159,-5.346397290718647e-06,0.000211385454975,0.7487148003894041,6.0,-3.1162977842470694,1.4564820280091422,True,125,0.2307692307692307,2022-01-05,-103,103,0,1,Medium CI
2021-02-02,2021-09-06,151,2022-06-16,283,2023-01-19,True,0.0090258282367895,0.0123013018793641,6.399572607875943,-0.0014149605865126,-2.7880014420923058e-05,2.247781912218517e-05,3.5812673128385024e-05,0.9,13.0,2.4630619566414245,2.7353113096114074,True,150,0.2307692307692307,2022-01-05,162,162,0,0,Medium CI
2020-12-23,2021-09-06,176,2022-04-04,210,2023-01-19,True,0.0095220725312061,0.015957896290961,6.334459382490962,-0.0013358172615922,3.565578144627287e-05,2.2901504671074116e-05,4.237704174129674e-05,0.9,12.076307396771618,0.5709391106224514,2.349225818424256,True,175,0.2307692307692307,2022-01-05,89,89,0,1,Medium CI
2020-11-18,2021-09-06,201,2022-03-27,202,2023-01-19,True,0.009595188193038,0.018505594928423,6.332843852556211,-0.0013648199440823,-9.749272414381017e-06,-3.636906850268239e-05,3.765312014113325e-05,0.9,9.51361863271298,-1.832703711791581,3.4290290274367927,True,200,0.2307692307692307,2022-01-05,81,81,0,1,Medium CI
2020-10-14,2021-09-06,226,2023-01-16,497,2023-01-19,True,0.0166959350177517,0.0629984596224396,6.905222798862233,-0.0025848940798044,-9.348043124861588e-05,0.0001794481063359,0.000202336882189,0.9,6.0,2.0510497126355505,1.9162799573454667,True,225,0.2307692307692307,2022-01-05,376,376,0,0,Medium CI
2020-09-09,2021-09-06,251,2023-01-12,493,2023-01-19,True,0.0178557188940581,0.0800255010031294,7.1446911129775135,-0.0518701978060991,0.0002765323402206,0.0007948875598425,0.0008416153325482,0.4711172452160856,9.880639852636994,1.2360037019885142,2.938652258997118,True,250,0.2307692307692307,2022-01-05,372,372,0,0,Medium CI
2021-03-10,2021-09-07,126,2021-09-25,18,2023-01-20,True,0.0081184644675958,0.0083045926292637,6.18909572417512,-0.0022382337803667,-0.0001875271197831,-3.1717332419273214e-05,0.0001901904567268,0.7643102466765959,6.026763765165622,-2.974043667347265,1.4924584118725406,True,125,0.2307692307692307,2022-01-05,-102,102,0,1,Medium CI
2021-02-03,2021-09-07,151,2022-07-01,297,2023-01-20,True,0.0090646593092905,0.0124073753074196,6.411267852432197,-0.001421260020102,-3.383264362297947e-05,7.17782612223448e-06,3.4585675681712e-05,0.9,13.0,2.932535635252166,2.844961751625797,True,150,0.2307692307692307,2022-01-05,177,177,0,0,Medium CI
2020-12-28,2021-09-07,176,2022-04-10,215,2023-01-20,True,0.009503687886959,0.0158963346876808,6.337294265595386,-0.0013313175856175,-1.5558274398023918e-05,3.937396212526194e-05,4.2336376742533935e-05,0.9,12.284486694697431,1.9471070728616608,2.3038461657828444,True,175,0.2307692307692307,2022-01-05,95,95,0,1,Medium CI
2020-11-19,2021-09-07,201,2022-03-28,202,2023-01-20,True,0.0096199093775646,0.0186010739429437,6.332686047941643,-0.0013607281654951,-3.691727140506739e-05,-8.350850414749826e-06,3.784998851578338e-05,0.9,9.325935785494716,-2.9191321115072317,3.469410678663664,True,200,0.2307692307692307,2022-01-05,82,82,0,1,Medium CI
2020-10-15,2021-09-07,226,2023-01-15,495,2023-01-20,True,0.0166203365860803,0.0624292429410196,6.910439799249317,-0.0026071406228511,-9.338517231052216e-05,0.0001854421322347,0.0002076284537707,0.9,6.0,2.0373047934303625,1.883513970871871,True,225,0.2307692307692307,2022-01-05,375,375,0,0,Medium CI
2020-09-10,2021-09-07,251,2023-01-19,499,2023-01-20,True,0.0177277802339904,0.0788828221981905,6.63361030872762,-0.00186625781712,-1.7996783783719996e-05,-4.099951902812593e-05,4.4775493153014265e-05,0.8851580763433035,10.34143072448138,-1.9844240876333497,3.567561522808622,True,250,0.2307692307692307,2022-01-05,379,379,0,0,Medium CI
2021-03-11,2021-09-08,126,2021-10-01,23,2023-01-21,True,0.0082870534337948,0.0086530820814358,6.188551496557304,-0.0016920311427185,8.825018858945208e-05,-0.0001035961953577,0.0001360891894261,0.8129272247034119,6.407668952891815,-0.8652193237530134,1.5773799886530433,True,125,0.2307692307692307,2022-01-05,-96,96,0,1,Medium CI
2021-02-04,2021-09-08,151,2022-08-10,336,2023-01-21,True,0.0092213691496808,0.0128400809981974,6.444261872095381,-0.0014451588584457,-2.4016357124988742e-05,-2.279184333577324e-05,3.310971960312302e-05,0.9,12.96134921125462,-2.382348765649644,3.030765843750593,True,150,0.2307692307692307,2022-01-05,217,217,0,0,Medium CI
2020-12-29,2021-09-08,176,2022-04-25,229,2023-01-21,True,0.0096376931547842,0.0163477827648563,6.347264171004249,-0.0013307574697065,-2.0618397610655638e-05,-3.496420257980101e-05,4.059080908373783e-05,0.9,12.58102981483594,-2.103608028295372,2.345295241672724,True,175,0.2307692307692307,2022-01-05,110,110,0,1,Medium CI
2020-11-20,2021-09-08,201,2022-08-05,331,2023-01-21,True,0.0097090486031385,0.0189473905803995,6.43246566068582,-0.0014100805812668,-9.633721240025273e-06,2.588282853645187e-05,2.7617555974015537e-05,0.9,12.682814748335632,1.9271144405783576,3.6231436178426506,True,200,0.2307692307692307,2022-01-05,212,212,0,0,Medium CI
2020-10-16,2021-09-08,226,2023-01-16,495,2023-01-21,True,0.0166868784222507,0.0629301319942485,6.895476908872739,-0.0025614903706462,-8.642235682749686e-05,0.0001828215575795,0.0002022190536904,0.9,6.0,2.012378051012391,1.9000363644524767,True,225,0.2307692307692307,2022-01-05,376,376,0,0,Medium CI
2020-09-11,2021-09-08,251,2023-01-02,481,2023-01-21,True,0.0176634974951789,0.0783117850843101,6.617467097083314,-0.0018655754825171,-9.681942052083955e-06,5.1680673341125336e-05,5.257976796156498e-05,0.8850003960459684,9.020574997308918,1.7559912897713774,3.4809950350204546,True,250,0.2307692307692307,2022-01-05,362,362,0,0,Medium CI
2021-03-12,2021-09-09,126,2021-10-07,28,2023-01-22,True,0.0084393445465771,0.0089740395833559,6.188777225962429,-0.0012656435331986,-1.9035712601298343e-05,9.477725802696956e-05,9.666999013835675e-05,0.8635282702312058,6.874420107759986,1.769006021312394,1.6445997546947226,True,125,0.2307692307692307,2022-01-05,-90,90,0,1,Medium CI
2021-02-05,2021-09-09,151,2022-10-16,402,2023-01-22,True,0.0093518733790965,0.0132060878904969,6.504888092411783,-0.0015007155697996,-3.4212887812176305e-05,3.578416361331905e-06,3.439951680043791e-05,0.9,12.526462763247974,3.0373789278341694,3.1344410314089823,True,150,0.2307692307692307,2022-01-05,284,284,0,0,Medium CI
2020-12-30,2021-09-09,176,2022-05-17,250,2023-01-22,True,0.0097899682914529,0.0168684523299872,6.362760985367237,-0.0013344803786954,2.921946972215156e-05,2.4369460076696653e-05,3.804796966033068e-05,0.9,12.931232681572064,0.6951401142231467,2.441087175061989,True,175,0.2307692307692307,2022-01-05,132,132,0,0,Medium CI
2020-11-23,2021-09-09,201,2022-07-26,320,2023-01-22,True,0.0098013837423618,0.0193094917762722,6.421447183618173,-0.0013929917178131,-2.663367228855439e-05,1.2272361587968005e-05,2.9325131858526103e-05,0.9,11.83850280323166,2.709807289398108,3.611222842477304,True,200,0.2307692307692307,2022-01-05,202,202,0,0,Medium CI
2020-10-19,2021-09-09,226,2023-01-17,495,2023-01-22,True,0.0167212162464742,0.0631893904440659,6.889420317790126,-0.0025427490893748,-8.331146723585388e-05,0.0001834079652443,0.0002014430000969,0.9,6.0,1.99717169367684,1.8934009284149464,True,225,0.2307692307692307,2022-01-05,377,377,0,0,Medium CI
2020-09-14,2021-09-09,251,2022-12-26,473,2023-01-22,True,0.0175776714450051,0.0775526078905657,6.601087214759516,-0.0016709787780716,5.599176821768063e-05,1.340628164204138e-05,5.75743562326858e-05,0.9,7.828206896924854,0.2350088700063568,3.336737619077937,True,250,0.2307692307692307,2022-01-05,355,355,0,0,Medium CI
2021-03-15,2021-09-10,126,2021-10-15,35,2023-01-23,True,0.008599099669154,0.0093170089051256,6.190229296959717,-0.0010188753174332,4.266309047485056e-05,-6.191179883559581e-05,7.518783228637842e-05,0.9,7.517282655562093,-0.9674269350225144,1.6223894237192285,True,125,0.2307692307692307,2022-01-05,-82,82,0,1,Medium CI
2021-02-08,2021-09-10,151,2023-01-21,498,2023-01-23,True,0.0094828611215598,0.0135786229126695,6.603882721100176,-0.0016089433719579,-1.8567272037685727e-05,4.090861829915567e-05,4.4925033578923904e-05,0.9,11.036781668484116,1.9968654528433056,2.920467695747037,True,150,0.2307692307692307,2022-01-05,381,381,0,0,Medium CI
2021-01-04,2021-09-10,176,2022-06-27,290,2023-01-23,True,0.0099532406902931,0.0174357920420476,6.390208518281814,-0.0013381039607217,-2.335071983661252e-05,2.46302636971376e-05,3.393974081631301e-05,0.9,13.0,2.3295330803540253,2.729483616650885,True,175,0.2307692307692307,2022-01-05,173,173,0,0,Medium CI
2020-11-24,2021-09-10,201,2022-10-02,387,2023-01-23,True,0.0098956365595478,0.0196826482066505,6.46806372825982,-0.0013964084925964,-1.831648597557103e-05,-2.014370783690172e-05,2.722613861552435e-05,0.9,12.79053398959522,-2.308720757732637,3.608944999365567,True,200,0.2307692307692307,2022-01-05,270,270,0,0,Medium CI
2020-10-20,2021-09-10,226,2023-01-18,495,2023-01-23,True,0.016789490596452,0.0637064607543672,6.87732941584953,-0.002505501480368,-7.764239860908714e-05,0.0001819678453123,0.0001978399322417,0.9,6.0,1.9740907544476705,1.8996428971480688,True,225,0.2307692307692307,2022-01-05,378,378,0,0,Medium CI
2020-09-15,2021-09-10,251,2023-01-13,490,2023-01-23,True,0.017488858764328,0.0767709054005325,6.615838260660678,-0.0016953710461338,-1.2565349715381246e-05,-7.718814137960362e-05,7.820420182514178e-05,0.9,6.52194900443657,-1.732169396769784,2.991574239209495,True,250,0.2307692307692307,2022-01-05,373,373,0,0,Medium CI
2021-03-16,2021-09-13,126,2021-10-29,46,2023-01-26,True,0.0087090974933734,0.0095568957727844,6.19828231080332,-0.0010179487575604,6.131610525273034e-05,-3.3965814581172864e-05,7.009523039070861e-05,0.9,8.715404431191416,-0.5058677623123928,1.499658638570189,True,125,0.2692307692307692,2022-01-05,-68,68,0,1,Medium CI
2021-02-09,2021-09-13,151,2023-01-25,499,2023-01-26,True,0.0095584621186062,0.0137959939089974,6.805067212363974,-0.0051541376619284,-0.0003140899713349,3.457007962174652e-06,0.0003141089954095,0.7745727404065913,6.281738178382466,3.130586672208015,2.0232894534337924,True,150,0.2692307692307692,2022-01-05,385,385,0,0,Medium CI
2021-01-05,2021-09-13,176,2022-07-23,313,2023-01-26,True,0.0100729437794684,0.0178576985636426,6.405959113918214,-0.0013324442326272,-3.243885991704624e-05,3.081721103738333e-06,3.258491426533106e-05,0.9,13.0,3.046876009032415,2.8309461989296123,True,175,0.2692307692307692,2022-01-05,199,199,0,0,Medium CI
2020-11-25,2021-09-13,201,2023-01-12,486,2023-01-26,True,0.0099632353654151,0.0199524778482785,6.585271068816807,-0.002964609084447,4.368701227264914e-05,3.212088958307892e-05,5.422459394886185e-05,0.7994540599748297,12.907116725094273,0.6339942886454737,3.386377744897908,True,200,0.2692307692307692,2022-01-05,372,372,0,0,Medium CI
2020-10-21,2021-09-13,226,2023-01-21,495,2023-01-26,True,0.0168543318047904,0.0641994811324294,6.866824862880507,-0.0024662125781752,-7.48978363450274e-05,0.0001786084535595,0.0001936767037412,0.9,6.0,1.967863949705683,1.9100484445484116,True,225,0.2692307692307692,2022-01-05,381,381,0,0,Medium CI
2020-09-16,2021-09-13,251,2023-01-14,488,2023-01-26,True,0.0173198755706669,0.0752945005356296,6.624357647580498,-0.0017337023965834,3.184607178519035e-05,8.794572575877933e-05,9.3534073830802e-05,0.9,6.0,1.2233736331003358,2.780327519551205,True,250,0.2692307692307692,2022-01-05,374,374,0,0,Medium CI
2020-08-12,2021-09-13,276,2023-01-16,490,2023-01-26,True,0.0188073439808358,0.0976256677813215,10.878466814586526,-2.525110394890695,-0.0068585492812167,0.0070369954228635,0.0098264440579632,0.1,12.040009729457008,2.343353227984386,2.1343082631749413,True,275,0.2692307692307692,2022-01-05,376,376,0,0,Medium CI
2021-03-17,2021-09-14,126,2022-11-28,440,2023-01-27,True,0.0091867650607624,0.0106339781874873,6.493593085943656,-0.0017991037734089,8.891268288503955e-05,2.945497968875725e-05,9.366461982136428e-05,0.860660719155587,6.047160441015366,0.3199012765880669,2.733764694874309,True,125,0.2307692307692307,2022-01-05,327,327,0,0,Medium CI
2021-02-10,2021-09-14,151,2023-01-26,499,2023-01-27,True,0.0096246055425376,0.0139875878092663,6.73943490537912,-0.0043975239547165,0.0001497959497272,-0.0001972216268614,0.0002476594368413,0.7836774303798941,6.650494119244174,-0.9212231985998276,2.0923616840580954,True,150,0.2307692307692307,2022-01-05,386,386,0,0,Medium CI
2021-01-06,2021-09-14,176,2022-07-24,313,2023-01-27,True,0.0101580906542276,0.0181608778101533,6.4040180016854,-0.0013217254221138,-3.333635020824627e-05,3.84530633045509e-06,3.3557393015278746e-05,0.9,13.0,3.026751442348596,2.726793098711327,True,175,0.2307692307692307,2022-01-05,200,200,0,0,Medium CI
2020-11-26,2021-09-14,201,2023-01-14,487,2023-01-27,True,0.0100124856917345,0.0201502238151649,6.520517813396209,-0.0014236715216098,3.2601146229122095e-05,-9.064621539603347e-06,3.3837879648536535e-05,0.8917681150246134,11.800796070948827,-0.2711959338206642,3.179415528826224,True,200,0.2307692307692307,2022-01-05,374,374,0,0,Medium CI
2020-10-22,2021-09-14,226,2023-01-22,495,2023-01-27,True,0.0169104804907659,0.0646279431968579,6.842376202666141,-0.0023902696816397,-6.439856394691479e-05,0.0001721037506617,0.0001837576557051,0.9,6.0,1.928851887611814,1.9511592639231992,True,225,0.2307692307692307,2022-01-05,382,382,0,0,Medium CI
2020-09-17,2021-09-14,251,2023-01-15,488,2023-01-27,True,0.0170785037934454,0.0732104982475055,6.638257221277769,-0.0017764690904508,2.6216651833625837e-05,9.584732131144406e-05,9.936811277238164e-05,0.9,6.0,1.3038017992754236,2.6816486308642613,True,250,0.2307692307692307,2022-01-05,375,375,0,0,Medium CI
2021-03-18,2021-09-15,126,2023-01-20,492,2023-01-28,True,0.0093562323787873,0.0110299246250593,6.522647201035436,-0.0094375042031302,0.0007076605402979,6.63223497530045e-05,0.0007107616297828,0.6006800855258787,6.027950417364273,0.0934476082574444,1.3231428858536118,True,125,0.2692307692307692,2022-01-05,380,380,0,0,Medium CI
2021-02-11,2021-09-15,151,2023-01-20,492,2023-01-28,True,0.0097689965396098,0.0144104273020272,6.591662500623509,-0.001653666964014,7.928903236129308e-05,9.6960611321685e-05,0.0001252521888058,0.9,6.0,0.8853286708967625,1.980404869303602,True,150,0.2692307692307692,2022-01-05,380,380,0,0,Medium CI
2021-01-07,2021-09-15,176,2022-11-24,435,2023-01-28,True,0.0102908931421015,0.0186388367725387,6.677346678460478,-0.0144861467401201,0.0002544715679566,-5.414639688761818e-05,0.0002601684285116,0.5859080397006162,12.991136513771863,-0.2096530420880321,2.51119592142735,True,175,0.2692307692307692,2022-01-05,323,323,0,0,Medium CI
2020-11-27,2021-09-15,201,2023-01-27,499,2023-01-28,True,0.0101097211326684,0.0205434987374451,6.458840593547128,-0.0016031673102451,4.215950244590232e-05,8.893491942211059e-05,9.842176354396088e-05,0.849070187217901,8.129451207721614,1.1281242727938772,1.7012575650774031,True,200,0.2692307692307692,2022-01-05,387,387,0,0,Medium CI
2020-10-23,2021-09-15,226,2023-01-12,484,2023-01-28,True,0.017013664769031,0.065419042285291,6.787600208159732,-0.0022554464737725,-2.989365605140723e-05,0.0001638463811275,0.0001665510951051,0.9,6.0,1.751260672241843,2.031310396681991,True,225,0.2692307692307692,2022-01-05,372,372,0,0,Medium CI
2020-09-18,2021-09-15,251,2023-01-18,490,2023-01-28,True,0.0169169601437089,0.0718320686664634,6.648437808520632,-0.0018021160283743,2.1135000141417863e-05,0.0001032667487817,0.000105407350953,0.9,6.0,1.3689200676756683,2.56450239771857,True,250,0.2692307692307692,2022-01-05,378,378,0,0,Medium CI
2020-08-14,2021-09-15,276,2023-01-27,499,2023-01-28,True,0.0186425973295046,0.0959228161124553,10.85121750287219,-2.507616475578589,-0.0103877562309612,-0.0020361111786255,0.0105854252746688,0.1,11.206225450995465,-2.948035903065421,2.1139438541572995,True,275,0.2692307692307692,2022-01-05,387,387,0,0,Medium CI
2021-02-12,2021-09-16,151,2023-01-11,482,2023-01-29,True,0.0098416031444807,0.0146254300204713,6.543133703200391,-0.0015188889842446,9.942473514515252e-05,7.03750302245425e-05,0.0001218110127935,0.9,6.0,0.6159564632899528,1.8703838217227124,True,150,0.1923076923076923,2022-01-05,371,371,0,0,Low CI
2021-01-08,2021-09-16,176,2023-01-05,476,2023-01-29,True,0.0103099634208588,0.0187079808501426,6.569139606160573,-0.0042614304085161,-7.506087444587395e-05,-7.671841468127015e-05,0.0001073305642572,0.7389505507683616,12.529271663522334,-2.345274196945287,2.341647609116379,True,175,0.1923076923076923,2022-01-05,365,365,0,0,Low CI
2020-10-26,2021-09-16,226,2023-01-13,484,2023-01-29,True,0.0170755603194303,0.0658958958102862,6.763546507760306,-0.0021796873864772,-1.999230941729694e-05,0.0001564254318307,0.0001576978381566,0.9,6.0,1.697914453535703,2.0732884597116565,True,225,0.1923076923076923,2022-01-05,373,373,0,0,Low CI
2020-09-21,2021-09-16,251,2023-01-17,488,2023-01-29,True,0.0167898705470006,0.0707568379992454,6.653982493381842,-0.001824375278207,2.02561515431932e-05,0.0001084629869022,0.0001103382581115,0.9,6.0,1.3861668674244998,2.480157802150642,True,250,0.1923076923076923,2022-01-05,377,377,0,0,Low CI
2020-08-17,2021-09-16,276,2023-01-20,491,2023-01-29,True,0.0186311220165532,0.0958047632964119,9.9508767701423,-1.790406354207489,0.00881477772364,-0.0040754147048356,0.0097112981281377,0.1201230154606244,10.649968714695468,-0.4330674546132128,2.079467884859315,True,275,0.1923076923076923,2022-01-05,380,380,0,0,Low CI
2021-02-15,2021-09-17,151,2023-01-24,494,2023-01-30,True,0.0099799013329866,0.0150393630230385,6.506636505037721,-0.0013810865200267,0.0001095189019001,6.911371301711084e-05,0.0001295032632809,0.9,6.0,0.5629498719833718,1.5996738055516069,True,150,0.1923076923076923,2022-01-05,384,384,0,0,Low CI
2020-10-27,2021-09-17,226,2023-01-20,490,2023-01-30,True,0.0170528530037917,0.0657207537985783,6.728772700360905,-0.0020532743950263,-1.1348591309921765e-05,0.0001423015320082,0.0001427533415953,0.9,6.0,1.65037820557267,2.15750577753265,True,225,0.1923076923076923,2022-01-05,380,380,0,0,Low CI
2020-09-22,2021-09-17,251,2023-01-18,488,2023-01-30,True,0.0168825037106365,0.0715397518164538,6.639498821649524,-0.0017803984111549,2.7336345469405657e-05,0.0001069167196124,0.0001103560633418,0.9,6.0,1.3204800329150577,2.419982677761861,True,250,0.1923076923076923,2022-01-05,378,378,0,0,Low CI
2020-08-18,2021-09-17,276,2023-01-29,499,2023-01-30,True,0.0186318799333598,0.095812558158914,8.199485229205488,-0.52802836000558,-0.0044530602040196,-0.0030283911612715,0.0053852482028492,0.2160736784204127,10.312830881454476,-2.544368359579743,2.054355002004916,True,275,0.1923076923076923,2022-01-05,389,389,0,0,Low CI
2020-07-14,2021-09-17,301,2022-12-26,465,2023-01-30,True,0.0193453659814157,0.1126471986714296,10.44417565294862,-2.305416591081979,-0.0061014423227738,-0.0100072838681859,0.0117206368784546,0.1,11.448809070311428,-2.1183177666165256,1.7180582740033186,True,300,0.1923076923076923,2022-01-05,355,355,0,0,Low CI
2021-02-16,2021-09-20,151,2023-01-30,497,2023-02-02,True,0.010301202269688,0.0160233299983549,6.427272753114059,-0.0011290297879856,0.0001412609358996,5.000718349821686e-05,0.0001498511608652,0.9,6.0,0.3402389491462453,1.1301511928233428,True,150,0.1923076923076923,2022-01-05,390,390,0,0,Low CI
2020-10-28,2021-09-20,226,2023-01-30,497,2023-02-02,True,0.0170424259346546,0.0656404076728304,6.669664767253138,-0.0018494365589174,7.70647205991916e-06,0.0001234884569121,0.000123728689891,0.9,6.0,1.5084707368253247,2.242127384375357,True,225,0.1923076923076923,2022-01-05,390,390,0,0,Low CI
2020-09-23,2021-09-20,251,2023-01-30,497,2023-02-02,True,0.0171052922942824,0.0734403471426824,6.623715066845504,-0.0017110390416808,2.9899196049077688e-05,0.0001084904635843,0.0001125350728134,0.9,6.0,1.3018790316158766,2.280674369647645,True,250,0.1923076923076923,2022-01-05,390,390,0,0,Low CI
2020-08-19,2021-09-20,276,2023-01-26,493,2023-02-02,True,0.0187529665262408,0.0970619559754696,6.851267224459058,-0.0248487488241183,-0.0007300889017358,0.0001862182390633,0.0007534633614169,0.535024933349455,9.260461073324851,2.8918550683694835,1.905389635313507,True,275,0.1923076923076923,2022-01-05,386,386,0,0,Low CI
2020-02-19,2021-09-20,401,2023-02-02,500,2023-02-02,True,0.0467397465615683,0.8760261673644956,6.900129166649964,-0.0858620009480083,0.0047339597409887,0.0017698306747609,0.0050539762016284,0.3549172129507504,6.0,0.3577694512095835,1.0049480797918593,True,400,0.1923076923076923,2022-01-05,393,393,0,0,Low CI
2020-10-29,2021-09-21,226,2023-01-29,495,2023-02-03,True,0.0162926931738858,0.0599921182939951,6.581184935813323,-0.0015817840213869,4.65532334676808e-05,9.496347243178608e-05,0.0001057604115092,0.9,6.0,1.1150012462400465,2.243444402515052,True,225,0.1538461538461538,2022-01-05,389,389,0,0,Low CI
2020-09-24,2021-09-21,251,2023-02-01,498,2023-02-03,True,0.017219246074243,0.0744221112766989,6.608427426271854,-0.0016633454014384,3.678049962553411e-05,0.0001087198635717,0.0001147728795829,0.9,6.0,1.2445777498321104,2.173874273455018,True,250,0.1538461538461538,2022-01-05,392,392,0,0,Low CI
2020-08-20,2021-09-21,276,2023-01-30,496,2023-02-03,True,0.0187283987841503,0.0968078062010132,6.400773660039942,-0.0010173793372065,0.0001204911970511,-3.870732493290943e-05,0.0001265558594861,0.9,6.890407675183018,-0.3108328707246742,1.0500216332585348,True,275,0.1538461538461538,2022-01-05,390,390,0,0,Low CI
2020-02-20,2021-09-21,401,2023-01-18,484,2023-02-03,True,0.0451191392403824,0.8163304270430025,9.406054879184175,-1.7642035526430442,0.0218350775168826,0.0095160681798792,0.0238186096103946,0.1,6.0,0.4109958057134912,1.234471408071563,True,400,0.1538461538461538,2022-01-05,378,378,0,0,Low CI
2020-10-30,2021-09-22,226,2023-01-31,496,2023-02-04,True,0.015213297202635,0.0523064370613089,6.5013013222054745,-0.0013320804203107,7.911713137191589e-05,6.764282233067992e-05,0.0001040916513913,0.9,6.0,0.7073726925690244,1.919578183031832,True,225,0.0769230769230769,2022-01-05,391,391,0,0,Low CI
2020-09-25,2021-09-22,251,2023-01-30,495,2023-02-04,True,0.017270757891246,0.0748680486126474,6.591052744822862,-0.0016169400320688,4.665913587822326e-05,0.0001055953244035,0.0001154445646048,0.9,6.0,1.1547259838902726,2.100930482440018,True,250,0.0769230769230769,2022-01-05,390,390,0,0,Low CI
2020-11-02,2021-09-23,226,2023-01-31,495,2023-02-05,True,0.0138541683601417,0.0433779836949607,6.426256117315687,-0.0010982064159042,0.0001094587647983,3.957155164529267e-05,0.0001163921341448,0.9,6.0,0.3469006907924928,1.415310094585997,True,225,0.0769230769230769,2022-01-05,391,391,0,0,Low CI
2020-09-28,2021-09-23,251,2023-02-03,498,2023-02-05,True,0.0172771606774308,0.0749235705495141,6.583129775132292,-0.0015865265883529,4.856696177751306e-05,0.0001056552907567,0.0001162832328462,0.9,6.0,1.1399269065599258,2.046546027556082,True,250,0.0769230769230769,2022-01-05,394,394,0,0,Low CI
2020-09-29,2021-09-24,251,2023-01-27,490,2023-02-06,True,0.0173131834655089,0.0752363267493039,6.5713214019529,-0.0015667136155013,5.872127917361516e-05,0.0001019754013171,0.0001176740035079,0.9,6.0,1.0483327312382809,1.9971024637516164,True,250,0.0384615384615384,2022-01-05,387,387,0,0,Low CI
2020-09-30,2021-09-27,251,2023-02-06,497,2023-02-09,True,0.0173559125974404,0.0756081532245878,6.5669189002134845,-0.0015360070627754,5.569716917844767e-05,0.0001076986798566,0.0001212484238964,0.9,6.0,1.0935172011213998,1.900239623841887,True,250,0.0769230769230769,2022-01-05,397,397,0,0,Low CI
2020-05-11,2021-09-27,351,2023-01-28,488,2023-02-09,True,0.0212448302176238,0.1584213266524571,6.559005087237315,-0.0014486681511835,-2.440164720479893e-05,4.743812146754887e-05,5.334618781766316e-05,0.9,13.0,2.0458887503774856,1.8800295685485853,True,350,0.0769230769230769,2022-01-05,388,388,0,0,Low CI
2020-10-01,2021-09-28,251,2023-02-07,497,2023-02-10,True,0.0175551730384036,0.0773542092024816,6.542093097767596,-0.0014626038843539,6.773192823220255e-05,0.0001065505875169,0.0001262562545075,0.9,6.0,1.004554845740297,1.737661104464504,True,250,0.0769230769230769,2022-01-05,398,398,0,0,Low CI
2020-05-12,2021-09-28,351,2023-02-10,500,2023-02-10,True,0.0213070656054406,0.1593508566948075,6.559698923935397,-0.0014288219412686,3.5721639143638465e-05,4.130808694862359e-05,5.461129508135996e-05,0.9,12.787937754119726,0.8577946870987773,1.8413554465117912,True,350,0.0769230769230769,2022-01-05,401,401,0,0,Low CI
2020-10-02,2021-09-29,251,2023-02-10,499,2023-02-11,True,0.0176817731285936,0.0784739203437355,6.523598550086905,-0.0014048400186548,7.545683871449639e-05,0.0001075153655314,0.0001313517732432,0.9,6.0,0.9588474069807172,1.604287461030185,True,250,0.0384615384615384,2022-01-05,401,401,0,0,Low CI
2020-10-05,2021-09-30,251,2023-02-07,495,2023-02-12,True,0.0178039227500019,0.0795618959872969,6.503594387852526,-0.0013537698415143,8.814600268773547e-05,0.0001030888842028,0.000135635673169,0.9,6.0,0.8633786015172884,1.4971391484456449,True,250,0.0769230769230769,2022-01-05,398,398,0,0,Low CI
2020-05-14,2021-09-30,351,2022-12-23,449,2023-02-12,True,0.0212021466226823,0.1577853885148111,6.492010696358202,-0.0013254923082833,-6.045825744496361e-05,-3.248865386903314e-05,6.863463792796855e-05,0.9,10.46338972657838,-2.648495295176142,1.661131342793573,True,350,0.0769230769230769,2022-01-05,352,352,0,0,Low CI
2020-10-06,2021-10-01,251,2023-02-13,500,2023-02-13,True,0.0179260812335074,0.0806574414859676,6.488337552201953,-0.0013023018828504,9.26853703357802e-05,0.0001077924097294,0.0001421611109606,0.9,6.0,0.8606111959720392,1.3741119572545886,True,250,0.0769230769230769,2022-01-05,404,404,0,0,Low CI
2020-05-15,2021-10-01,351,2023-02-02,489,2023-02-13,True,0.0207527657770657,0.151167727876611,6.4906330475033895,-0.0012515556438501,-5.149576449272949e-05,5.639581814447951e-05,7.636951004737338e-05,0.9,10.168990121092644,2.3108092186469187,1.4504235500306195,True,350,0.0769230769230769,2022-01-05,393,393,0,0,Low CI
2020-10-07,2021-10-04,251,2023-02-16,500,2023-02-16,True,0.018075313432768,0.0820059558788938,6.468335686005935,-0.0012417789505454,0.000101231972874,0.0001099257827363,0.0001494375790829,0.9,6.0,0.8265470305659837,1.246452490229333,True,250,0.0769230769230769,2022-01-05,407,407,0,0,Low CI
2020-05-18,2021-10-04,351,2023-02-06,490,2023-02-16,True,0.0203022855937382,0.1446761629157283,6.4301288417361855,-0.0010784819357606,8.804345922121292e-05,-5.288470474651802e-05,0.0001027056118611,0.9,8.776509809764365,-0.540908997749465,1.0768107135485143,True,350,0.0769230769230769,2022-01-05,397,397,0,0,Low CI
2020-10-08,2021-10-05,251,2023-02-17,500,2023-02-17,True,0.0181369702239913,0.0825663719153934,6.455622373034649,-0.0012047767586574,0.0001072521509342,0.0001106557371535,0.0001541029397676,0.9,6.0,0.8010162738954848,1.1726999762051262,True,250,0.0384615384615384,2022-01-05,408,408,0,0,Low CI
2020-10-09,2021-10-06,251,2023-02-18,500,2023-02-18,True,0.018239486807049,0.0835023986251136,6.440974544656156,-0.0011629808381997,0.0001144301115489,0.0001121346993412,0.0001602137360698,0.9,6.0,0.7752671387857383,1.088840008411606,True,250,0.0384615384615384,2022-01-05,409,409,0,0,Low CI
2020-10-12,2021-10-07,251,2023-02-19,500,2023-02-19,True,0.0182313292698654,0.0834277231035092,6.440032788839269,-0.0011608695958711,0.00011466319385,0.0001154546375473,0.0001627188414261,0.9,6.0,0.7888374474017406,1.070130771915926,True,250,0.0384615384615384,2022-01-05,410,410,0,0,Low CI
2020-10-13,2021-10-08,251,2023-02-20,500,2023-02-20,True,0.0182088781508179,0.0832223741213448,6.439921798059849,-0.0011615695188083,0.0001145779847184,0.0001193808140332,0.0001654687080428,0.9,6.0,0.8059238065488593,1.0529811339076576,True,250,0.0384615384615384,2022-01-05,411,411,0,0,Low CI
2020-10-14,2021-10-11,251,2023-02-23,500,2023-02-23,True,0.0182033399320232,0.083171757754879,6.437687812503745,-0.001153262144939,0.0001137387255257,0.0001246750872482,0.0001687612961095,0.9,6.0,0.8312373728526361,1.0250532896393718,True,250,0.0384615384615384,2022-01-05,414,414,0,0,Low CI
2020-10-15,2021-10-12,251,2023-02-24,500,2023-02-24,True,0.0182054093251393,0.0831906691026631,6.434786596229626,-0.0011453607710821,0.0001148016023684,0.0001275345502838,0.0001715939084655,0.9,6.0,0.8378923942498469,1.0012250271507834,True,250,0.0384615384615384,2022-01-05,415,415,0,0,Low CI
2020-10-20,2021-10-15,251,2023-02-27,500,2023-02-27,True,0.0182138161964884,0.083267518210306,6.437350915076111,-0.001149283048062,0.0001108194476169,0.0001312433286708,0.0001717724113201,0.9,6.0,0.8695731088285245,1.0036096942717532,True,250,0.0384615384615384,2022-01-05,418,418,0,0,Low CI
2020-10-21,2021-10-18,251,2023-03-02,500,2023-03-02,True,0.0182092115368201,0.0832254215829584,6.439092556916029,-0.0011504216512316,0.0001070612345409,0.0001342316126026,0.0001716980889914,0.9,6.0,0.8975291630958018,1.005038837056046,True,250,0.0384615384615384,2022-01-05,421,421,0,0,Low CI
2020-09-24,2021-10-26,276,2023-03-10,500,2023-03-10,True,0.0176797874546826,0.0862706681061997,6.438323956959655,-0.0011301303024233,9.820715204163036e-05,0.0001309515490761,0.0001636855305687,0.9,6.0,0.9273270339622096,1.035641603594944,True,275,0.0384615384615384,2022-01-05,429,429,0,0,Low CI
2020-09-25,2021-10-27,276,2023-03-10,499,2023-03-11,True,0.0176979731594258,0.086448238090685,6.44287078742226,-0.0011414019126489,9.512609505732988e-05,0.0001308080380072,0.0001617396573761,0.9,6.0,0.9420351594879108,1.0585547766996353,True,275,0.0384615384615384,2022-01-05,429,429,0,0,Low CI
2020-09-28,2021-10-28,276,2023-03-06,494,2023-03-12,True,0.0177212309628855,0.0866755994078218,6.446404863781623,-0.001154946636575,9.642310891611416e-05,0.0001262818636639,0.0001588852574139,0.9,6.0,0.918676508435769,1.0903591579609095,True,275,0.1153846153846153,2022-01-05,425,425,0,0,Low CI
2020-05-07,2021-10-28,376,2022-11-23,391,2023-03-12,True,0.0218015944484176,0.1787163797054714,6.417621306987343,-0.0011585884948512,4.271459188712008e-05,8.239273454908712e-05,9.280678351585924e-05,0.9,8.198123437121872,1.0925162762519731,1.3704952877873535,True,375,0.1153846153846153,2022-01-05,322,322,0,0,Low CI
2020-02-24,2021-10-28,426,2023-03-12,500,2023-03-12,True,0.0408672671850544,0.7114768825763899,9.360563325336308,-1.7310134531084678,0.0164958465283723,0.0227585427338709,0.0281080810454403,0.1,6.0,0.943606141027336,1.0264031960002666,True,425,0.1153846153846153,2022-01-05,431,431,0,0,Low CI
2020-09-29,2021-10-29,276,2023-03-08,495,2023-03-13,True,0.0177425082562328,0.0868838613854072,6.457536552402198,-0.0011847710744855,8.912699960072751e-05,0.0001290408735464,0.0001568284703217,0.9,6.0,0.9663473175520568,1.1331849428122087,True,275,0.1538461538461538,2022-01-05,427,427,0,0,Low CI
2020-05-08,2021-10-29,376,2023-03-06,493,2023-03-13,True,0.0216357612046221,0.1760079172516915,6.497236152429795,-0.0012229398010845,-5.943753375911619e-05,4.633962443048669e-05,7.536697693104478e-05,0.9,10.11679073671604,2.479392885686185,1.4435230620234174,True,375,0.1538461538461538,2022-01-05,425,425,0,0,Low CI
2020-03-31,2021-10-29,401,2023-03-13,500,2023-03-13,True,0.0256463745927944,0.2637523484313276,9.486554582749744,-1.7955077354590356,0.0144794998173562,0.0216284633659674,0.0260277994178112,0.1,6.0,0.980858898010831,1.1497371884554728,True,400,0.1538461538461538,2022-01-05,432,432,0,0,Low CI
2020-02-25,2021-10-29,426,2023-03-13,500,2023-03-13,True,0.0396165010736077,0.6685930090162582,9.528802433266346,-1.8179235969870249,0.0141094917545648,0.022429399833862,0.0264982213455806,0.1,6.0,1.0092810779673964,1.1434249197825357,True,425,0.1538461538461538,2022-01-05,432,432,0,0,Low CI
2020-11-04,2021-11-01,251,2022-09-15,318,2023-03-16,True,0.0130030009843497,0.0424385866843489,8.489823705905525,-1.30679827048301,0.0105668769007378,-0.0185898714846875,0.0213832226114902,0.1,6.0,-1.0539202511873027,1.0185541987957147,True,250,0.3076923076923077,2022-01-05,253,253,0,0,Medium CI
2020-09-30,2021-11-01,276,2023-03-11,495,2023-03-16,True,0.0177926582304323,0.0873757175857725,6.470249641254344,-0.0012169887541912,7.979216025648229e-05,0.0001322357270825,0.0001544444118621,0.9,6.0,1.0278743530055263,1.1819677444311378,True,275,0.3076923076923077,2022-01-05,430,430,0,0,Medium CI
2020-08-26,2021-11-01,301,2023-03-09,493,2023-03-16,True,0.0186885659179369,0.1051280113167916,6.423416319373922,-0.0010352535684271,-2.265588839730261e-05,-0.0001177752354865,0.0001199345462032,0.9,7.552816972244206,-1.7608403301874298,1.0285750578654,True,300,0.3076923076923077,2022-01-05,428,428,0,0,Medium CI
2020-07-22,2021-11-01,326,2023-03-03,487,2023-03-16,True,0.0189901881721164,0.1175644824608395,6.451404319952432,-0.0011025521611042,-9.524178254634354e-05,2.7009873009088345e-05,9.899762816639631e-05,0.9,9.240856394967272,2.8652555701679123,1.0846875199583146,True,325,0.3076923076923077,2022-01-05,422,422,0,0,Medium CI
2020-06-17,2021-11-01,351,2023-02-21,477,2023-03-16,True,0.0189251669811166,0.1257148427873654,6.444062114213134,-0.0010928010600563,-7.06117214048949e-05,-7.316073088701887e-05,0.000101678452701,0.9,9.43245031571334,-2.3384668767891754,1.0254870067365776,True,350,0.3076923076923077,2022-01-05,412,412,0,0,Medium CI
2020-05-11,2021-11-01,376,2023-03-06,490,2023-03-16,True,0.0215401004867401,0.1744549492960531,6.499925047536072,-0.0012299789048411,-7.399037753978935e-05,-1.1438847470315042e-05,7.486937424561325e-05,0.9,10.241032939979617,-2.988207849196038,1.4437506942132492,True,375,0.3076923076923077,2022-01-05,425,425,0,0,Medium CI
2020-04-01,2021-11-01,401,2023-03-07,491,2023-03-16,True,0.0255049843527931,0.2608521949613247,9.455994622290026,-1.7808007749850452,0.0156893565104399,0.020536972766564,0.0258442093732092,0.1,6.0,0.9184226479933144,1.1484202316974124,True,400,0.3076923076923077,2022-01-05,426,426,0,0,Medium CI
2020-02-26,2021-11-01,426,2023-03-16,500,2023-03-16,True,0.0384879551227647,0.6310434657406132,9.694044183582417,-1.9027787511087784,0.0115294830068757,0.0223238535021574,0.0251253539993294,0.1,6.0,1.0940638597362649,1.2621903431089014,True,425,0.3076923076923077,2022-01-05,435,435,0,0,Medium CI
2020-11-05,2021-11-02,251,2022-08-05,276,2023-03-17,True,0.0126163059411923,0.0399519650760429,8.343019184899894,-1.2363228336296368,-0.0004997262770972,-0.0192525164292428,0.0192590008881635,0.1,6.0,-1.5967469133853522,1.0699091131543508,True,250,0.3076923076923077,2022-01-05,212,212,0,0,Medium CI
2020-10-01,2021-11-02,276,2023-03-12,495,2023-03-17,True,0.0178448690743591,0.087889261229561,6.481756106018931,-0.0012481201969607,7.28252009187937e-05,0.0001334291085365,0.0001520093316008,0.9,6.0,1.0711857491678711,1.2316219509191004,True,275,0.3076923076923077,2022-01-05,431,431,0,0,Medium CI
2020-08-27,2021-11-02,301,2023-03-10,493,2023-03-17,True,0.018610272061151,0.1042490100832077,6.44067174027329,-0.0010818601711542,6.805354839006794e-05,-9.047337528738308e-05,0.0001132109406566,0.9,7.671890399714149,-0.925892406658548,1.1210445020444126,True,300,0.3076923076923077,2022-01-05,429,429,0,0,Medium CI
2020-07-23,2021-11-02,326,2023-03-13,496,2023-03-17,True,0.0189491116968673,0.1170564399167155,6.469418879234449,-0.0011378532290538,4.077281688511512e-05,-8.332530866930323e-05,9.276599410118876e-05,0.9,9.56698070624705,-1.115728419684897,1.153891713901878,True,325,0.3076923076923077,2022-01-05,432,432,0,0,Medium CI
2020-06-18,2021-11-02,351,2023-02-20,475,2023-03-17,True,0.0189728692559518,0.1263493884990082,6.45653496548088,-0.0011293317265155,8.033541471563836e-05,-5.319958336959441e-05,9.635338358476068e-05,0.9,9.700032899756296,-0.5849166529960569,1.0874864667404047,True,350,0.3076923076923077,2022-01-05,411,411,0,0,Medium CI
2020-05-12,2021-11-02,376,2023-03-03,486,2023-03-17,True,0.0214160861088792,0.1724519278278213,6.500221842947538,-0.0012350518137117,-6.238256833159529e-05,-4.143068430390918e-05,7.488715800146473e-05,0.9,10.31375733940525,-2.5553421514107115,1.43914127417263,True,375,0.3076923076923077,2022-01-05,422,422,0,0,Medium CI
2020-04-02,2021-11-02,401,2022-11-26,389,2023-03-17,True,0.0251737752470656,0.2541213030361002,6.389673390637216,-0.0010786534079115,9.33111355412132e-05,-3.266347258975189e-05,9.886288716000628e-05,0.9,6.0,-0.3367184990120491,1.636589986744635,True,400,0.3076923076923077,2022-01-05,325,325,0,0,Medium CI
2020-02-27,2021-11-02,426,2023-03-14,497,2023-03-17,True,0.0372633963664284,0.5915268619324213,6.435878697560341,-0.0010702206855449,7.169624589963908e-05,6.553828134585084e-05,9.713710927276669e-05,0.8999999999999999,6.0,0.7405564119730614,1.6526444325305063,True,425,0.3076923076923077,2022-01-05,433,433,0,0,Medium CI
2020-11-06,2021-11-03,251,2022-06-13,222,2023-03-18,True,0.0123000644721137,0.037974188090557,8.11570932201932,-1.1243767681243175,-0.012735337846556,-0.012005975985962,0.0175023509689818,0.1,6.0,-2.38566546710522,1.0706911794468517,True,250,0.3076923076923077,2022-01-05,159,159,0,0,Medium CI
2020-10-02,2021-11-03,276,2023-03-13,495,2023-03-18,True,0.0179062230082418,0.0884946589881656,6.49462626571762,-0.001283160411152,6.515854025213383e-05,0.0001347416058016,0.0001496694213986,0.9,6.0,1.1203696248648547,1.2859945597048696,True,275,0.3076923076923077,2022-01-05,432,432,0,0,Medium CI
2020-08-28,2021-11-03,301,2022-10-21,352,2023-03-18,True,0.0185655505977544,0.1037485803683322,9.267872548891264,-1.718416876887026,0.0237436152110372,-0.0071374669869956,0.0247931986294679,0.1,6.0,-0.2920124252524528,1.155166854808721,True,300,0.3076923076923077,2022-01-05,289,289,0,0,Medium CI
2020-07-24,2021-11-03,326,2023-03-08,490,2023-03-18,True,0.0189069187852576,0.1165357344124595,6.477001423116305,-0.00116588432272,7.969628851376846e-05,-3.982685362983683e-05,8.909363991285949e-05,0.9,9.672810728226588,-0.4634338685373089,1.2175830110567654,True,325,0.3076923076923077,2022-01-05,427,427,0,0,Medium CI
2020-06-19,2021-11-03,351,2023-03-15,497,2023-03-18,True,0.0190208388765719,0.1269891013605477,6.481193302903806,-0.0011623351989737,-8.134216990579195e-05,-3.738104865426626e-05,8.952034072475007e-05,0.9,10.278565112112714,-2.710822803073728,1.1368932325095384,True,350,0.3076923076923077,2022-01-05,434,434,0,0,Medium CI
2020-05-13,2021-11-03,376,2023-02-23,477,2023-03-18,True,0.0213065039864022,0.1706916341580875,6.497550162423779,-0.0012392750978072,-6.595557448555773e-05,-3.639751347507992e-05,7.533204359957705e-05,0.9,10.318543729467669,-2.6373310239216825,1.4348684101253295,True,375,0.3076923076923077,2022-01-05,414,414,0,0,Medium CI
2020-04-03,2021-11-03,401,2022-10-07,338,2023-03-18,True,0.0247873468790213,0.2463794386856736,6.377089613469492,-0.0011182892288637,6.227099436206719e-05,-7.138270301934385e-05,9.472680206355771e-05,0.9,6.0,-0.8534668507576851,1.7708122798973662,True,400,0.3076923076923077,2022-01-05,275,275,0,0,Medium CI
2020-02-28,2021-11-03,426,2023-03-16,498,2023-03-18,True,0.0363706181598118,0.5635221146292333,6.451878774405028,-0.0011108444814513,6.106453618633144e-05,6.458515992972328e-05,8.888262182676496e-05,0.9,6.0,0.8134101917351553,1.8746822358871265,True,425,0.3076923076923077,2022-01-05,435,435,0,0,Medium CI
2020-11-09,2021-11-04,251,2022-05-24,201,2023-03-19,True,0.0118832384276175,0.035444050237429,7.998966932192251,-1.0648419890949572,-0.015672022598669,-0.0063940690903055,0.0169262048866482,0.1,6.0,-2.754215158384199,1.0485142182649256,True,250,0.2692307692307692,2022-01-05,139,139,0,0,Medium CI
2020-10-05,2021-11-04,276,2023-03-14,495,2023-03-19,True,0.017978971669793,0.0892151845556886,6.509287888834627,-0.00132335033955,5.656935299880316e-05,0.0001362466834628,0.0001475237284416,0.9,6.0,1.1772572518086173,1.3455635444503329,True,275,0.2692307692307692,2022-01-05,433,433,0,0,Medium CI
2020-08-31,2021-11-04,301,2022-10-11,341,2023-03-19,True,0.0185485965401198,0.103559180516052,9.300464227687902,-1.7384174532185095,0.0226754362785883,-0.0084038076984129,0.0241826258759511,0.1,6.0,-0.3549188509619442,1.1981173743882707,True,300,0.2692307692307692,2022-01-05,279,279,0,0,Medium CI
2020-07-27,2021-11-04,326,2023-03-18,499,2023-03-19,True,0.0189390819874976,0.1169325574485056,6.577770424816432,-0.0036546208491673,-2.983752134639572e-05,0.0002179666706177,0.0002199994254089,0.7568425903986118,9.971056042915606,1.7068410462331225,1.2609131883268436,True,325,0.2692307692307692,2022-01-05,437,437,0,0,Medium CI
2020-06-22,2021-11-04,351,2023-03-15,496,2023-03-19,True,0.0190773149963824,0.1277443255623901,6.585033165397577,-0.0039977383426846,0.0001355611640117,-0.000197692745879,0.0002397065934875,0.7452925888750622,10.533548557022968,-0.9697211135599572,1.1800121703166342,True,350,0.2692307692307692,2022-01-05,434,434,0,0,Medium CI
2020-05-14,2021-11-04,376,2023-02-07,460,2023-03-19,True,0.021059668921479,0.1667596303109494,6.488115032713847,-0.0012391586987751,-6.14792669983385e-05,4.675771702210053e-05,7.723978490241815e-05,0.9,10.180923614744236,2.491377164168445,1.418212159596553,True,375,0.2692307692307692,2022-01-05,398,398,0,0,Medium CI
2020-04-06,2021-11-04,401,2022-09-10,310,2023-03-19,True,0.0242814572169958,0.2364252549969011,6.36781027951724,-0.0011334631841716,3.738446302395474e-05,-8.677168327952543e-05,9.448239568698348e-05,0.9,6.0,-1.1639919843853814,1.7994831353453486,True,400,0.2692307692307692,2022-01-05,248,248,0,0,Medium CI
2020-11-10,2021-11-05,251,2022-05-16,192,2023-03-20,True,0.011878799622013,0.0354175759954445,7.958436304470534,-1.0443514215977203,-0.0162241486453149,-0.0040017522740445,0.0167103866061828,0.1,6.0,-2.8997655730499754,1.041619050285078,True,250,0.2692307692307692,2022-01-05,131,131,0,0,Medium CI
2020-10-06,2021-11-05,276,2023-03-15,495,2023-03-20,True,0.0180360530201497,0.0897825815586006,6.5252137638959455,-0.0013674357667989,4.736863200721181e-05,0.0001382689354967,0.0001461577429411,0.9,6.0,1.240744006319889,1.403383501225008,True,275,0.2692307692307692,2022-01-05,434,434,0,0,Medium CI
2020-09-01,2021-11-05,301,2022-10-02,331,2023-03-20,True,0.0185557351210711,0.1036389070708888,9.311749645918468,-1.7470578362793716,0.0215765788929722,-0.0097906337028373,0.0236939921715988,0.1,6.0,-0.4259780812991801,1.2289035293747783,True,300,0.2692307692307692,2022-01-05,270,270,0,0,Medium CI
2020-07-28,2021-11-05,326,2023-02-26,478,2023-03-20,True,0.0189705620690799,0.1173216054206813,7.846686198789261,-0.4217162004060456,0.0052095667568752,-0.0059621116636936,0.0079174718998359,0.2220250288168559,9.599020476512816,-0.8526584007204319,1.2319945063766031,True,325,0.2692307692307692,2022-01-05,417,417,0,0,Medium CI
2020-06-23,2021-11-05,351,2023-03-17,497,2023-03-20,True,0.019120601992188,0.1283246946108262,7.153138200372534,-0.0966188838740437,0.0028357989394437,-0.0002403678826389,0.0028459677341731,0.3709051612624559,10.645821147148183,-0.0845598395110868,1.1828120910323556,True,350,0.2692307692307692,2022-01-05,436,436,0,0,Medium CI
2020-05-15,2021-11-05,376,2022-12-19,409,2023-03-20,True,0.0205810921462427,0.159266589078482,6.454221676012205,-0.0012226678764217,-8.175560289499188e-05,-2.110019921505618e-05,8.443457237197725e-05,0.9,9.470322561780698,-2.889015681772609,1.3761504985121962,True,375,0.2692307692307692,2022-01-05,348,348,0,0,Medium CI
2020-04-07,2021-11-05,401,2022-08-17,285,2023-03-20,True,0.0240548149498225,0.2320322830303534,6.360210245877818,-0.0011497806768099,1.255262189316768e-05,-9.288527070192724e-05,9.37296208770906e-05,0.9,6.0,-1.4364689821613796,1.8400490678143755,True,400,0.2692307692307692,2022-01-05,224,224,0,0,Medium CI
2020-11-11,2021-11-08,251,2022-05-09,182,2023-03-23,True,0.0118874176929898,0.0354689855513094,7.922830729523069,-1.0262240867626633,-0.0164851800164972,-0.0019531269218412,0.016600477853036,0.1,6.0,-3.0236646443675936,1.0303158096289138,True,250,0.2692307692307692,2022-01-05,124,124,0,0,Medium CI
2020-10-07,2021-11-08,276,2023-03-18,495,2023-03-23,True,0.0180818550867451,0.0902391614123418,6.542407638414882,-0.0014121507560582,3.575223268507282e-05,0.0001412474148538,0.0001457019366544,0.9,6.0,1.3228854379298765,1.45380780978317,True,275,0.2692307692307692,2022-01-05,437,437,0,0,Medium CI
2020-09-02,2021-11-08,301,2022-10-22,348,2023-03-23,True,0.0185685318871829,0.103781903310044,9.473653871235165,-1.8268106580239143,0.0123657944116143,0.0198954700083357,0.0234252555649431,0.1,6.189028719772798,1.0146902771878863,1.2600468733838857,True,300,0.2692307692307692,2022-01-05,290,290,0,0,Medium CI
2020-07-29,2021-11-08,326,2023-03-07,484,2023-03-23,True,0.0189702411435934,0.1173176359890237,10.155954236955314,-2.1351706288529995,0.0169670515694115,0.0048436463542551,0.0176448788310988,0.1,9.744315867926472,0.2780771819457818,1.2418311598824756,True,325,0.2692307692307692,2022-01-05,426,426,0,0,Medium CI
2020-06-24,2021-11-08,351,2023-03-21,498,2023-03-23,True,0.0191351484179931,0.1285200206474979,8.978984109767248,-1.1480096646455624,0.011724645614555,0.0054793980098301,0.012941835933786,0.1426392025240687,10.705808454060964,0.4371800858187305,1.181868309365584,True,350,0.2692307692307692,2022-01-05,440,440,0,0,Medium CI
2020-05-18,2021-11-08,376,2023-02-28,477,2023-03-23,True,0.0200803210840254,0.1516104548589206,6.505252366229834,-0.0012507386951779,7.074732989442058e-05,2.829526272727902e-05,7.619584358740128e-05,0.9,10.76823760453004,0.3804616660779638,1.3719338895296194,True,375,0.2692307692307692,2022-01-05,419,419,0,0,Medium CI
2020-04-08,2021-11-08,401,2023-02-17,466,2023-03-23,True,0.0239772114306813,0.2305375738646297,6.518318953002442,-0.0013114500530663,3.047246088966036e-05,4.45951802159301e-05,5.4012044686006506e-05,0.9,9.90265971039124,0.9713577870064244,2.206743168079823,True,400,0.2692307692307692,2022-01-05,408,408,0,0,Medium CI
2020-11-12,2021-11-09,251,2022-05-13,185,2023-03-24,True,0.0119030533972902,0.0355623527248646,7.953370446007776,-1.0421698976225118,-0.0161908892883662,-0.0033222222508875,0.016528220007987,0.1,6.0,-2.939210915595136,1.0508995091615971,True,250,0.2692307692307692,2022-01-05,128,128,0,0,Medium CI
2020-10-08,2021-11-09,276,2023-03-14,490,2023-03-24,True,0.0181178118767234,0.0905984095872941,6.552004869505343,-0.0014467358372714,3.463817007598339e-05,0.000140620284583,0.0001448235728824,0.9,6.0,1.3292802815848563,1.498446497842626,True,275,0.2692307692307692,2022-01-05,433,433,0,0,Medium CI
2020-09-03,2021-11-09,301,2022-10-04,329,2023-03-24,True,0.0184723970586178,0.1027100653804615,9.419823754212809,-1.804665779878036,0.0221605380587191,-0.0081411025640899,0.0236086212645078,0.1,6.0,-0.3520640647704566,1.27401607493212,True,300,0.2692307692307692,2022-01-05,272,272,0,0,Medium CI
2020-07-30,2021-11-09,326,2022-11-05,361,2023-03-24,True,0.018968179803455,0.1172921414883217,9.428354085757777,-1.7917656589898434,0.0165092284875587,-0.008788129132442,0.0187025623619571,0.1,7.940116923626534,-0.4891650757672937,1.2065718794128408,True,325,0.2692307692307692,2022-01-05,304,304,0,0,Medium CI
2020-06-25,2021-11-09,351,2023-03-02,478,2023-03-24,True,0.0191386703167209,0.128567334223739,10.135422326482832,-2.124657693729824,0.0031566043320705,-0.0169464561768551,0.0172379386198965,0.1,10.469902103365726,-1.386637555230551,1.1772291826767147,True,350,0.2692307692307692,2022-01-05,421,421,0,0,Medium CI
2020-05-19,2021-11-09,376,2023-01-16,433,2023-03-24,True,0.0199461420001578,0.1495910663396126,6.476690335534627,-0.001239900979602,-3.067871044927896e-05,7.539264848796248e-05,8.139554484650968e-05,0.9,10.150501306551009,1.957253197926492,1.3506455328200464,True,375,0.2692307692307692,2022-01-05,376,376,0,0,Medium CI
2020-04-09,2021-11-09,401,2022-07-28,261,2023-03-24,True,0.0237909265564026,0.2269692827512691,6.3523376864101815,-0.0011608183199173,-1.1937811169936496e-05,-9.367315629818746e-05,9.44307764788245e-05,0.9,6.0,-1.697554150880224,1.843919477106544,True,400,0.2692307692307692,2022-01-05,204,204,0,0,Medium CI
2020-11-13,2021-11-10,251,2022-05-03,174,2023-03-25,True,0.0118900561137465,0.0354847320313984,7.892908557763217,-1.010891213330119,-0.016495842466312,-0.0002420132065822,0.0164976176784875,0.1,6.0,-3.1269225422916347,1.0212496869050942,True,250,0.2692307692307692,2022-01-05,118,118,0,1,Medium CI
2020-10-09,2021-11-10,276,2023-03-20,495,2023-03-25,True,0.0181313407941564,0.0907337632423003,6.572420069480724,-0.0014961399441937,1.8830513617027484e-05,0.0001451813933324,0.0001463974904601,0.9,6.0,1.4418130500491306,1.5329565481184038,True,275,0.2692307692307692,2022-01-05,439,439,0,0,Medium CI
2020-09-04,2021-11-10,301,2022-09-14,308,2023-03-25,True,0.018455682650817,0.1025242788544082,9.335833423613837,-1.765559945695136,0.0194945424632672,-0.0122999644568815,0.0230505165124922,0.1,6.0,-0.5628622330503387,1.2765874065759646,True,300,0.2692307692307692,2022-01-05,252,252,0,0,Medium CI
2020-07-31,2021-11-10,326,2022-07-03,235,2023-03-25,True,0.0189817163746315,0.1174596114277872,8.641746627751958,-1.4106057065419226,-0.0014499736080639,-0.0207164568357575,0.0207671376769136,0.1,6.018185847223973,-1.6406737603238246,1.1286606899843084,True,325,0.2692307692307692,2022-01-05,179,179,0,0,Medium CI
2020-06-26,2021-11-10,351,2023-03-13,488,2023-03-25,True,0.0191477525899024,0.1286893866646841,10.22328574613218,-2.166851336293123,0.015321159923435,0.0074261399393005,0.0170260240748551,0.1,10.724186018997267,0.4513314727681971,1.1867289431356918,True,350,0.2692307692307692,2022-01-05,432,432,0,0,Medium CI
2020-05-20,2021-11-10,376,2023-03-24,499,2023-03-25,True,0.0197330276094819,0.1464115343673522,6.524461949280461,-0.0012642786136268,-8.918254635450134e-06,-7.356391353793932e-05,7.410252789723263e-05,0.9,11.35106351204687,-1.6914389736385331,1.3527443346404078,True,375,0.2692307692307692,2022-01-05,443,443,0,0,Medium CI
2020-04-14,2021-11-10,401,2022-08-24,287,2023-03-25,True,0.0237355313187315,0.225913554239976,6.375976348250492,-0.0011904022646306,-5.690056003431333e-05,6.399580883386763e-05,8.563373914830197e-05,0.9,6.581258274562586,2.2975730488807264,1.9010012902308733,True,400,0.2692307692307692,2022-01-05,231,231,0,0,Medium CI
2020-11-16,2021-11-11,251,2022-05-03,173,2023-03-26,True,0.0118767849087204,0.0354055629617706,7.890780207162027,-1.009764369992332,-0.0164123974329592,-0.0001066729126924,0.0164127440913367,0.1,6.0,-3.135093212476935,1.0253864967907476,True,250,0.2692307692307692,2022-01-05,118,118,0,1,Medium CI
2020-10-12,2021-11-11,276,2023-03-21,495,2023-03-26,True,0.0181302319533652,0.0907226657484605,6.591741849474764,-0.001550539977604,7.967853804708276e-06,0.0001482459396212,0.0001484599114523,0.9,6.0,1.5171004576812512,1.5666249182379597,True,275,0.2692307692307692,2022-01-05,440,440,0,0,Medium CI
2020-09-07,2021-11-11,301,2022-09-20,313,2023-03-26,True,0.0184722322179389,0.1027082322971519,9.40636333215492,-1.8015395248807096,0.0206750935639464,-0.010445493855455,0.0231639339440063,0.1,6.0,-0.4678157730750671,1.2962245023057053,True,300,0.2692307692307692,2022-01-05,258,258,0,0,Medium CI
2020-08-03,2021-11-11,326,2023-03-21,495,2023-03-26,True,0.0189945354505817,0.1176183148965903,10.31917761931594,-2.2153143852815065,-0.0158883625674274,-0.0058863097796889,0.0169436922746045,0.1,10.201325091386822,-2.78679119654902,1.2816537855208832,True,325,0.2692307692307692,2022-01-05,440,440,0,0,Medium CI
2020-06-29,2021-11-11,351,2023-03-11,485,2023-03-26,True,0.0191552575370086,0.128790285849503,10.232280421685722,-2.1719531544269164,0.0115378041234906,0.0123736796772988,0.0169182999367086,0.1,10.783498225854112,0.8203410105669271,1.190512782201791,True,350,0.2692307692307692,2022-01-05,430,430,0,0,Medium CI
2020-05-22,2021-11-11,376,2023-03-24,498,2023-03-26,True,0.0195948529978507,0.1443683072667758,7.390473278156411,-0.1657919228692605,-0.0024962956597103,0.0028507088699212,0.0037891995304729,0.317918037296941,10.981669009281696,2.290008731746412,1.2666677476956938,True,375,0.2692307692307692,2022-01-05,443,443,0,0,Medium CI
2020-04-15,2021-11-11,401,2022-08-07,269,2023-03-26,True,0.0236774713529874,0.2248096825182879,6.366139982644555,-0.0011902685244518,3.166372369610196e-05,8.190477024883996e-05,8.781220181625302e-05,0.9,6.443229107254548,1.2019017930706457,1.893341776239992,True,400,0.2692307692307692,2022-01-05,214,214,0,0,Medium CI
2020-11-17,2021-11-12,251,2022-04-29,168,2023-03-27,True,0.0118910830996028,0.035490862177697,7.868255988790006,-0.9981679773081252,-0.0163688405211363,0.0011256699170152,0.0164075005033816,0.1,6.0,3.072931685610522,1.0139346301837158,True,250,0.2692307692307692,2022-01-05,114,114,0,1,Medium CI
2020-10-13,2021-11-12,276,2023-03-25,498,2023-03-27,True,0.0181063582202165,0.0904838974076693,6.616031153607067,-0.0016141343830294,-8.03859411164636e-06,0.0001520593303422,0.0001522716616426,0.9,6.0,1.6236120149784852,1.5900539525375643,True,275,0.2692307692307692,2022-01-05,444,444,0,0,Medium CI
2020-09-08,2021-11-12,301,2022-09-15,307,2023-03-27,True,0.0184436330184209,0.1023904472743749,9.407741763338,-1.8040393791989864,0.0201168781005285,-0.0112776138619729,0.0230623797326141,0.1,6.0,-0.5109484447799559,1.303738960820658,True,300,0.2692307692307692,2022-01-05,253,253,0,0,Medium CI
2020-08-04,2021-11-12,326,2022-07-16,246,2023-03-27,True,0.0189975970827503,0.1176562345434391,8.743559318495748,-1.4614334544437866,0.0194701221976093,0.0054013842560108,0.0202054599123831,0.1,6.300378146186872,0.2706138578676004,1.148004758329408,True,325,0.2692307692307692,2022-01-05,192,192,0,0,Medium CI
2020-06-30,2021-11-12,351,2023-02-21,466,2023-03-27,True,0.0191729964012564,0.1290289306419102,10.136823018694937,-2.127854761089506,0.0108638390908211,-0.013006393007264,0.0169466592238901,0.1,10.565935273823996,-0.8749166768041506,1.1883652372749656,True,350,0.2692307692307692,2022-01-05,412,412,0,0,Medium CI
2020-05-25,2021-11-12,376,2023-03-03,476,2023-03-27,True,0.0193794100294905,0.1412111364422612,10.203700695813277,-2.15991132932335,0.014264757700781,-0.0086476769963278,0.0166812958038279,0.1,10.592358310361355,-0.5449853819909198,1.2224003779179693,True,375,0.2692307692307692,2022-01-05,422,422,0,0,Medium CI
2020-04-16,2021-11-12,401,2023-03-13,486,2023-03-27,True,0.0233805438019462,0.2192065812183656,6.549193522319886,-0.0013548467823661,-2.580928098590616e-05,-4.4137256929448285e-05,5.112940870248342e-05,0.9,11.297396016373956,-2.0999274559368954,2.1109773366017444,True,400,0.2692307692307692,2022-01-05,432,432,0,0,Medium CI
2020-10-14,2021-11-15,276,2023-03-28,498,2023-03-30,True,0.0181114646695068,0.0905349420830434,6.639535660612855,-0.0016754943298139,-2.3343462763539572e-05,0.0001546965180925,0.0001564478506204,0.9,6.0,1.7205648252138048,1.6064404111364894,True,275,0.2307692307692307,2022-01-05,447,447,0,0,Medium CI
2020-09-09,2021-11-15,301,2022-09-30,319,2023-03-30,True,0.018458897326458,0.1025599980431252,9.559815982327423,-1.8807612592166008,0.0224773608803953,-0.0067826856364744,0.0234784278986214,0.1,6.0,-0.2930673146295293,1.335098803135106,True,300,0.2307692307692307,2022-01-05,268,268,0,0,Medium CI
2020-08-05,2021-11-15,326,2022-07-20,247,2023-03-30,True,0.0190071228433177,0.1177742543225969,8.782077148658562,-1.480820858675865,0.0121069618725731,0.0159407007851219,0.0200171043686325,0.1,6.395433521214594,0.921242905719976,1.1567280862356435,True,325,0.2307692307692307,2022-01-05,196,196,0,0,Medium CI
2020-07-01,2021-11-15,351,2023-03-11,481,2023-03-30,True,0.0191856657534537,0.1291995094115404,10.267989491464112,-2.1903616175045664,-0.004581546057401,0.0160639915103144,0.0167045618775093,0.1,10.938584190891168,1.8486259576015045,1.1987251500323504,True,350,0.2307692307692307,2022-01-05,430,430,0,0,Medium CI
2020-05-26,2021-11-15,376,2023-01-06,417,2023-03-30,True,0.0192591403827585,0.1394638475943332,9.858400783957906,-1.9971185852228777,0.0148823491706489,-0.008520864892995,0.0171490365724081,0.1,9.76172100872267,-0.5199898696485415,1.1929925604606375,True,375,0.2307692307692307,2022-01-05,366,366,0,0,Medium CI
2020-04-17,2021-11-15,401,2023-03-25,495,2023-03-30,True,0.0231302034037997,0.2145375301099617,6.560159667948264,-0.0013627214099979,3.797106873427537e-05,3.373229300776976e-05,5.0790448436542646e-05,0.9,11.696623856065342,0.7263514423954073,2.0644625900075915,True,400,0.2307692307692307,2022-01-05,444,444,0,0,Medium CI
2020-11-19,2021-11-16,251,2022-04-28,163,2023-03-31,True,0.011902909614092,0.0355614935775923,7.864692342064477,-0.996467623993564,-0.0162840296073554,0.0014363698820022,0.0163472559988259,0.1,6.0,3.053613082528068,1.0159377044330125,True,250,0.2692307692307692,2022-01-05,113,113,0,1,Medium CI
2020-10-15,2021-11-16,276,2023-03-27,496,2023-03-31,True,0.0181199146435084,0.0906194406458971,6.656809369282998,-0.0017282771578186,-3.093859012201909e-05,0.000157283610195,0.0001602976306584,0.9,6.0,1.7650223388863322,1.6172514378901726,True,275,0.2692307692307692,2022-01-05,446,446,0,0,Medium CI
2020-09-10,2021-11-16,301,2022-09-24,312,2023-03-31,True,0.0183985453289217,0.1018904475363372,9.558770963739477,-1.8822668878129365,0.0220778926653557,-0.0078567277350774,0.023434195425619,0.1,6.0,-0.3418893129462849,1.3386896467794376,True,300,0.2692307692307692,2022-01-05,262,262,0,0,Medium CI
2020-08-06,2021-11-16,326,2022-07-13,239,2023-03-31,True,0.0190038572772628,0.1177337888011519,8.747742965422681,-1.4644575353652245,0.0195611598996129,0.0046898645192959,0.0201155115726042,0.1,6.297676460034026,0.235312278059158,1.156020021671702,True,325,0.2692307692307692,2022-01-05,189,189,0,0,Medium CI
2020-07-02,2021-11-16,351,2023-01-07,417,2023-03-31,True,0.0192056376978407,0.1294686383026335,9.87227691087397,-2.003866013314836,0.0147353157089986,0.0088419045748006,0.0171845513631791,0.1,9.924231139581437,0.5404551855520764,1.1749884845516585,True,350,0.2692307692307692,2022-01-05,367,367,0,0,Medium CI
2020-05-27,2021-11-16,376,2023-01-03,413,2023-03-31,True,0.0191848363459338,0.13838978755322,9.848485129473648,-1.9928608359307003,0.0157493743865325,-0.0067849851496764,0.017148726397272,0.1,9.786762759810104,-0.4067813077689809,1.1874245953255618,True,375,0.2692307692307692,2022-01-05,363,363,0,0,Medium CI
2020-04-20,2021-11-16,401,2023-03-31,500,2023-03-31,True,0.023031093845727,0.2127029447760053,6.56469275151269,-0.0013657572401284,-2.060209411425555e-05,4.6499262044606666e-05,5.085889944331907e-05,0.9,11.875252681948435,1.987866336368664,2.0351958271537227,True,400,0.2692307692307692,2022-01-05,450,450,0,0,Medium CI
2020-10-16,2021-11-17,276,2023-03-28,496,2023-04-01,True,0.0181731924606708,0.0911531190826728,6.669070550020023,-0.0017608337769441,-3.832143700232951e-05,0.0001574832183311,0.0001620786740748,0.9,6.0,1.8094938256167177,1.6296102374310593,True,275,0.2307692307692307,2022-01-05,447,447,0,0,Medium CI
2020-09-11,2021-11-17,301,2022-09-20,307,2023-04-01,True,0.018365182380743,0.1015212570872647,9.565232961116893,-1.887088553516301,0.0218688074317138,-0.0084505888866053,0.0234447689478015,0.1,6.0,-0.368746707707856,1.341513578656428,True,300,0.2307692307692307,2022-01-05,258,258,0,0,Medium CI
2020-08-07,2021-11-17,326,2022-07-05,230,2023-04-01,True,0.0190074317630693,0.117778082686242,8.698424233408948,-1.4405005183278423,0.0163235187522495,-0.0120134518525432,0.0202677154575551,0.1,6.174149351465208,-0.6344545899293966,1.1511488649145822,True,325,0.2307692307692307,2022-01-05,181,181,0,0,Medium CI
2020-07-03,2021-11-17,351,2023-01-25,434,2023-04-01,True,0.0192054437643616,0.1294660236353061,10.00465994011027,-2.067332059666511,-0.0168694900631807,0.0013428040459664,0.0169228489828875,0.1,10.267964302536615,3.0621605704985813,1.1897409518089828,True,350,0.2307692307692307,2022-01-05,385,385,0,0,Medium CI
2020-05-28,2021-11-17,376,2023-01-25,434,2023-04-01,True,0.0191152159549759,0.1373871968580183,10.006046647470116,-2.0680889026630966,-0.0165684802114712,0.003364827885581,0.0169067029079445,0.1,10.2489676096439,2.941231466958196,1.1935212683919787,True,375,0.2307692307692307,2022-01-05,385,385,0,0,Medium CI
2020-04-21,2021-11-17,401,2023-04-01,500,2023-04-01,True,0.0229569114741139,0.2113349335565519,6.565742173012461,-0.0013666448359472,-4.110943161870042e-05,3.052918604417652e-05,5.120563024250896e-05,0.9,11.950994059627202,2.502823661930365,2.009909152009301,True,400,0.2307692307692307,2022-01-05,451,451,0,0,Medium CI
2020-10-19,2021-11-18,276,2023-03-29,496,2023-04-02,True,0.0181853255560561,0.0912748741000107,6.682700448151,-0.0017980785074157,-4.629575147710971e-05,0.0001588525165466,0.0001654612299544,0.9,6.0,1.8543802162719447,1.6300602635832198,True,275,0.2307692307692307,2022-01-05,448,448,0,0,Medium CI
2020-09-14,2021-11-18,301,2022-09-15,301,2023-04-02,True,0.018308761573339,0.1008984358551627,9.54902876141156,-1.8802199143143723,0.0214090086709229,-0.0095866611349684,0.0234574023282282,0.1,6.0,-0.4210115009907622,1.3359108623121378,True,300,0.2307692307692307,2022-01-05,253,253,0,0,Medium CI
2020-08-10,2021-11-18,326,2022-07-27,251,2023-04-02,True,0.0190162264598697,0.1178870992200146,8.853603339298763,-1.5170436343337474,-0.0087658337119822,0.017642039720893,0.0196997818815258,0.1,6.556433659616557,2.031938322094103,1.174543169584852,True,325,0.2307692307692307,2022-01-05,203,203,0,0,Medium CI
2020-07-06,2021-11-18,351,2022-11-24,371,2023-04-02,True,0.0192089687124386,0.129513552127402,9.597257981020904,-1.8733444170359064,0.0025593838956637,0.0173656500418892,0.0175532403647518,0.1,9.191155928494158,1.4244677675958826,1.1611549997179789,True,350,0.2307692307692307,2022-01-05,323,323,0,0,Medium CI
2020-05-29,2021-11-18,376,2022-10-21,337,2023-04-02,True,0.0190981658220622,0.1371422166003864,9.374690423165385,-1.766192730063005,-0.0168688527992785,-0.0062926532560679,0.0180043239185711,0.1,8.612079500854053,-2.784546836642703,1.139077424801489,True,375,0.2307692307692307,2022-01-05,289,289,0,0,Medium CI
2020-04-22,2021-11-18,401,2023-04-02,500,2023-04-02,True,0.0226615661081235,0.2059321779676144,6.5649354236787545,-0.0013624460845087,-4.4193418432447046e-05,2.8150972109524096e-05,5.239785743192706e-05,0.9,11.959780114841656,2.5744144150499397,1.956703900094101,True,400,0.2307692307692307,2022-01-05,452,452,0,0,Medium CI
2020-10-20,2021-11-19,276,2023-03-30,496,2023-04-03,True,0.0181876010837566,0.0912977179581946,12.489189479334009,-3.361009981839759,-0.0177473466155424,0.0363025308483218,0.0404084404287713,0.1,6.0,2.025503210175267,1.3862656523308412,True,275,0.2692307692307692,2022-01-05,449,449,0,0,Medium CI
2020-09-15,2021-11-19,301,2022-10-12,327,2023-04-03,True,0.0182459433884479,0.1002072494904691,9.832012271289846,-2.022975981226123,0.0244709702027438,-0.0011100394344837,0.0244961337808578,0.1,6.0,-0.0453304058318876,1.3763913381349933,True,300,0.2692307692307692,2022-01-05,280,280,0,0,Medium CI
2020-08-11,2021-11-19,326,2022-07-25,248,2023-04-03,True,0.0190067949665519,0.1177701910975776,8.843855291775567,-1.5124579428846678,-0.0030790485041082,0.019525160593524,0.0197664472248696,0.1,6.51056626456311,1.727204733862455,1.175265333984263,True,325,0.2692307692307692,2022-01-05,201,201,0,0,Medium CI
2020-07-07,2021-11-19,351,2022-11-25,371,2023-04-03,True,0.0191737374011473,0.1290389042807825,9.606953691709556,-1.8781856079094132,0.0025485967768162,0.0173309586864039,0.0175173478163973,0.1,9.188080255806364,1.4247882269551289,1.166931531776503,True,350,0.2692307692307692,2022-01-05,324,324,0,0,Medium CI
2020-06-02,2021-11-19,376,2022-12-02,378,2023-04-03,True,0.0190157353119986,0.1359609192354527,9.65245118432952,-1.8996850423269784,-0.0162023389069363,0.006662803980843,0.0175188111166929,0.1,9.378212563680606,2.751447311784883,1.1562637249917316,True,375,0.2692307692307692,2022-01-05,331,331,0,0,Medium CI
2020-04-23,2021-11-19,401,2023-04-03,500,2023-04-03,True,0.0224800706659909,0.2026467844363267,6.564213195522815,-0.001358578312695,-4.512241051741832e-05,2.8499099019999963e-05,5.336881651165019e-05,0.9,11.958279932470557,2.578264756146372,1.9158914495657176,True,400,0.2692307692307692,2022-01-05,453,453,0,0,Medium CI
2020-02-11,2021-11-19,451,2022-07-07,230,2023-04-03,True,0.0514444154529132,1.193584074462664,8.71893522712617,-1.4514737339362376,-0.0005392817368125,-0.0211355585990788,0.0211424374679637,0.1,6.0,-1.5963061684037698,1.144202457053178,True,450,0.2692307692307692,2022-01-05,183,183,0,0,Medium CI
2020-10-21,2021-11-22,276,2023-04-03,497,2023-04-06,True,0.0181892698613956,0.091314472513027,12.579265228970565,-3.406323734713076,-0.0195625498709198,0.0359680180863459,0.0409437624371764,0.1,6.0,2.0689344105895624,1.3865863532284866,True,275,0.3076923076923077,2022-01-05,453,453,0,0,Medium CI
2020-09-16,2021-11-22,301,2022-11-08,351,2023-04-06,True,0.018142222436457,0.099071210715099,10.133781759259328,-2.174965198190438,0.0245768933202654,0.0078873292941856,0.0258115022552084,0.1,6.0,0.310541421411448,1.4043901672761412,True,300,0.3076923076923077,2022-01-05,307,307,0,0,Medium CI
2020-08-12,2021-11-22,326,2022-07-28,248,2023-04-06,True,0.0189504514752159,0.1170729932233313,8.868903036842788,-1.5251811651872738,-0.0038088483435675,0.0194246818982537,0.0197945849300419,0.1,6.508159511509346,1.76442264193638,1.1839049740052174,True,325,0.3076923076923077,2022-01-05,204,204,0,0,Medium CI
2020-07-08,2021-11-22,351,2023-03-09,472,2023-04-06,True,0.0191548441095648,0.1287847265544673,10.298927549629692,-2.207029133133384,-0.0091182184109612,0.0136931015462822,0.0164512290406154,0.1,10.986814011372669,2.1582670671990702,1.2210626422414987,True,350,0.3076923076923077,2022-01-05,428,428,0,0,Medium CI
2020-06-03,2021-11-22,376,2023-01-24,428,2023-04-06,True,0.0190113542645145,0.1358982782050487,10.003431203435872,-2.0668821425481383,-0.0166319535892052,-0.0033891741937663,0.0169737556807316,0.1,10.313300351779157,-2.940570059193948,1.1807014608826114,True,375,0.3076923076923077,2022-01-05,384,384,0,0,Medium CI
2020-04-24,2021-11-22,401,2023-04-06,500,2023-04-06,True,0.0223439104817613,0.2001993845824037,6.56502163598301,-0.001355504000373,-5.154507044311755e-05,1.639937052125607e-05,5.409097559186183e-05,0.9,11.989893584618311,2.8335633686712893,1.8810622590118495,True,400,0.3076923076923077,2022-01-05,456,456,0,0,Medium CI
2020-03-18,2021-11-22,426,2022-11-25,368,2023-04-06,True,0.0291366587405809,0.3616505199727209,6.521946939700594,-0.0014986966063461,5.459327168938526e-05,-1.194897461860767e-06,5.4606346642999256e-05,0.9,13.0,-0.0218837720023727,1.900070692866828,True,425,0.3076923076923077,2022-01-05,324,324,0,0,Medium CI
2020-02-12,2021-11-22,451,2022-07-13,233,2023-04-06,True,0.0505046442398267,1.150374309495949,8.762366472800263,-1.4732561891815108,0.0013825333759284,-0.0207287851473864,0.0207748389216875,0.1,6.0,-1.5041986559128475,1.1819234754238583,True,450,0.3076923076923077,2022-01-05,189,189,0,0,Medium CI
2020-11-26,2021-11-23,251,2022-04-29,157,2023-04-07,True,0.0120024166678034,0.0361585594727591,7.849049538556427,-0.9873351498902438,-0.0161787294501936,0.0015762794718301,0.0162553358499871,0.1,6.0,3.04447006337566,1.012319030708745,True,250,0.3076923076923077,2022-01-05,114,114,0,1,Medium CI
2020-10-22,2021-11-23,276,2023-04-04,497,2023-04-07,True,0.0181778419310789,0.0911997666868761,12.519853309886594,-3.3748731911695367,-0.0191616358422929,0.035662073801419,0.040483969617251,0.1,6.0,2.0638455821921444,1.3893866399782078,True,275,0.3076923076923077,2022-01-05,454,454,0,0,Medium CI
2020-09-17,2021-11-23,301,2022-12-04,376,2023-04-07,True,0.0179872062067857,0.0973854157247546,10.441403978145589,-2.3292975948149386,0.0219725017391921,0.0163794986127778,0.0274058170373516,0.1,6.0,0.6405855866476564,1.4165469515956617,True,300,0.3076923076923077,2022-01-05,333,333,0,0,Medium CI
2020-08-13,2021-11-23,326,2022-07-06,225,2023-04-07,True,0.0188403340152971,0.1157163685733964,8.721657110255572,-1.4533796500242655,0.0010809203430695,-0.0205874376520825,0.020615794378739,0.1,6.0214045921355455,-1.518340612850626,1.170795896504786,True,325,0.3076923076923077,2022-01-05,182,182,0,0,Medium CI
2020-07-09,2021-11-23,351,2023-02-03,437,2023-04-07,True,0.0191649700881212,0.1289209235459827,10.065531479742084,-2.0963577161038915,-0.0144667101593377,-0.0085561938194796,0.016807562450004,0.1,10.339294986404376,-2.607490905072283,1.2063400085628957,True,350,0.3076923076923077,2022-01-05,394,394,0,0,Medium CI
2020-06-04,2021-11-23,376,2022-12-29,401,2023-04-07,True,0.0190094183304434,0.1358706024584358,9.81753042864253,-1.978043999193436,0.0153430406021674,-0.0079499622115244,0.0172803586214067,0.1,9.788458885184092,-0.4780601940378977,1.169415579837694,True,375,0.3076923076923077,2022-01-05,358,358,0,0,Medium CI
2020-04-27,2021-11-23,401,2023-04-07,500,2023-04-07,True,0.0221453111075071,0.1966563364233592,6.562579284786877,-0.0013471948890562,-3.700042469484671e-05,4.13462562630935e-05,5.54846315169563e-05,0.9,11.907757895485576,2.3007820261781657,1.8351443615766212,True,400,0.3076923076923077,2022-01-05,457,457,0,0,Medium CI
2020-02-13,2021-11-23,451,2022-07-22,241,2023-04-07,True,0.0494591536883013,1.1032397554869189,8.814164930672526,-1.498838231630342,0.0037672123442897,-0.0201003248835529,0.0204503043808972,0.1,6.0,-1.3855252065283363,1.2215288696227693,True,450,0.3076923076923077,2022-01-05,198,198,0,0,Medium CI
2020-11-27,2021-11-24,251,2022-04-30,157,2023-04-08,True,0.0120947519141567,0.0367170389901147,7.848824812172101,-0.9868089890598426,-0.0161937574247428,0.0013102655399285,0.0162466789011335,0.1,6.0,3.060856764227248,1.0123186765993852,True,250,0.3076923076923077,2022-01-05,115,115,0,1,Medium CI
2020-10-23,2021-11-24,276,2023-04-05,497,2023-04-08,True,0.0181553097273731,0.090973814877931,12.453981604792611,-3.3399982780888937,-0.0187114137178015,0.0352918051370425,0.0399453190392781,0.1,6.0,2.058304368063878,1.3935709942236625,True,275,0.3076923076923077,2022-01-05,455,455,0,0,Medium CI
2020-09-18,2021-11-24,301,2022-11-16,357,2023-04-08,True,0.0178459952211107,0.0958623431750038,10.277554183029702,-2.2490311515317805,0.0244849355826274,0.0112802116379379,0.0269583984146329,0.1,6.0,0.4317163967317303,1.3904332130199355,True,300,0.3076923076923077,2022-01-05,315,315,0,0,Medium CI
2020-08-14,2021-11-24,326,2022-07-17,235,2023-04-08,True,0.0187754296405447,0.1149204631689775,8.800973145852028,-1.4929096395413015,0.0146734705337035,-0.0143743403911363,0.0205409931401507,0.1,6.11571681351,-0.7751006724718641,1.1884056759123212,True,325,0.3076923076923077,2022-01-05,193,193,0,0,Medium CI
2020-07-10,2021-11-24,351,2023-03-17,478,2023-04-08,True,0.0191780605908052,0.1290971008166339,10.32945600094734,-2.2204929546853247,-0.0127499407052913,0.0104521802827033,0.0164866327869148,0.1,11.01445572418932,2.4549049757322097,1.2227970807019506,True,350,0.3076923076923077,2022-01-05,436,436,0,0,Medium CI
2020-06-05,2021-11-24,376,2023-03-14,475,2023-04-08,True,0.0190136994586391,0.1359318084308984,10.302860334626482,-2.207541427536457,-0.0142918435378268,0.0084562307109994,0.0166061623967541,0.1,11.046587816938002,2.6073115652105776,1.203403949085029,True,375,0.3076923076923077,2022-01-05,433,433,0,0,Medium CI
2020-04-28,2021-11-24,401,2023-04-08,500,2023-04-08,True,0.02203692142851,0.1947359883245763,6.560863430189111,-0.0013408990133031,-2.0426223270000887e-05,5.270320490281729e-05,5.65230785087319e-05,0.9,11.851701815888012,1.9405421706992323,1.8014908343827432,True,400,0.3076923076923077,2022-01-05,458,458,0,0,Medium CI
2020-02-14,2021-11-24,451,2022-07-31,249,2023-04-08,True,0.0483541057423064,1.054491913504306,8.872778544570552,-1.5276847395466746,0.0063054554932806,-0.0191205023728813,0.0201333648446826,0.1,6.0,-1.252252069434195,1.2646377057286784,True,450,0.3076923076923077,2022-01-05,207,207,0,0,Medium CI
2020-11-30,2021-11-25,251,2022-05-06,162,2023-04-09,True,0.0121544085115891,0.0370801412129145,7.889207501356836,-1.0079140250192435,-0.0162005322622001,-0.0006251160088967,0.0162125881833581,0.1,6.0,-3.103025646493692,1.0361434518454835,True,250,0.3461538461538461,2022-01-05,121,121,0,0,Medium CI
2020-10-26,2021-11-25,276,2023-04-07,498,2023-04-09,True,0.0181410892272728,0.090831356665117,12.428577728695112,-3.325972418956367,-0.0188201676654443,0.0349295668014408,0.0396771136537394,0.1,6.0,2.0650026415488787,1.397099449648308,True,275,0.3461538461538461,2022-01-05,457,457,0,0,Medium CI
2020-09-21,2021-11-25,301,2023-01-14,415,2023-04-09,True,0.0177434961597221,0.0947643284469929,10.97982863078778,-2.5992720519583377,0.0129398566433268,0.027568735594037,0.0304544754051646,0.1,6.0,1.1319539786341717,1.4224904645254766,True,300,0.3461538461538461,2022-01-05,374,374,0,0,Medium CI
2020-08-17,2021-11-25,326,2022-07-18,235,2023-04-09,True,0.0187467320547011,0.1145694278502278,8.808221361467584,-1.4968597043558982,0.0090926171283119,-0.018600253534756,0.0207037464677115,0.1,6.057128843266644,-1.1161135082947862,1.1936179595895915,True,325,0.3461538461538461,2022-01-05,194,194,0,0,Medium CI
2020-07-13,2021-11-25,351,2023-03-08,468,2023-04-09,True,0.0191778242592794,0.1290939191052526,10.26649403001635,-2.190589883158661,0.0084749185250646,0.0142623696012298,0.0165903414867979,0.1,10.818736626246412,1.0346411242426623,1.2204758881324156,True,350,0.3461538461538461,2022-01-05,427,427,0,0,Medium CI
2020-06-08,2021-11-25,376,2023-03-18,478,2023-04-09,True,0.018934622277008,0.1348034902106371,10.326875059266216,-2.218668872802154,-0.0153179464855517,0.0062734403920703,0.0165528106038547,0.1,11.058030564875429,2.752882099147293,1.2121125796298065,True,375,0.3461538461538461,2022-01-05,437,437,0,0,Medium CI
2020-04-29,2021-11-25,401,2023-04-09,500,2023-04-09,True,0.0219896319150639,0.19390110861576,6.559941517139525,-0.0013367543407239,-9.92071279995552e-06,5.632917274256066e-05,5.71961208852527e-05,0.9,11.82036324005565,1.7451288307887118,1.7794947639178715,True,400,0.3461538461538461,2022-01-05,459,459,0,0,Medium CI
2020-03-23,2021-11-25,426,2022-12-14,384,2023-04-09,True,0.0272620493288154,0.3166114361164823,6.52822886106248,-0.0014757449638052,4.251769931586406e-05,2.154575656003301e-05,4.7665232411669125e-05,0.9,13.0,0.469031377446253,2.143427271061793,True,425,0.3461538461538461,2022-01-05,343,343,0,0,Medium CI
2020-02-17,2021-11-25,451,2022-08-13,261,2023-04-09,True,0.0471932080965738,1.0044666995913818,8.945619120431074,-1.563220670208428,0.0092328516205565,-0.0175355599884187,0.0198177045379793,0.1,6.0,-1.0861572221152165,1.314666781254963,True,450,0.3461538461538461,2022-01-05,220,220,0,0,Medium CI
2020-12-01,2021-11-26,251,2022-05-25,180,2023-04-10,True,0.0126300570364809,0.040039103526935,7.999424978026125,-1.0637935165177224,-0.0014721918387341,-0.015844556412573,0.0159128035468689,0.1,6.185945782277021,-1.6634449984393385,1.080698450258303,True,250,0.3461538461538461,2022-01-05,140,140,0,0,Medium CI
2020-10-27,2021-11-26,276,2023-04-07,497,2023-04-10,True,0.018171589589996,0.0911370404307213,12.160141611731486,-3.185856365730747,-0.0160470012030796,0.0343617977110926,0.0379241267473581,0.1,6.0,2.00769816987921,1.4001009555008748,True,275,0.3461538461538461,2022-01-05,457,457,0,0,Medium CI
2020-09-22,2021-11-26,301,2023-01-25,425,2023-04-10,True,0.0178919911461414,0.0963571274992549,11.016525728174878,-2.6147862467104104,0.0108310555716796,0.0289456713243173,0.0309057220140902,0.1,6.0,1.2127397760880438,1.4100874510758357,True,300,0.3461538461538461,2022-01-05,385,385,0,0,Medium CI
2020-08-18,2021-11-26,326,2022-08-24,271,2023-04-10,True,0.0188943513129745,0.1163808627614216,9.042314429765552,-1.6110445611804391,-0.009884853106934,0.0176250206713335,0.0202077132454565,0.1,6.494624408554164,2.081925459762445,1.227541948883374,True,325,0.3461538461538461,2022-01-05,231,231,0,0,Medium CI
2020-07-14,2021-11-26,351,2023-04-01,491,2023-04-10,True,0.0193047058470306,0.1308077554119727,10.389336608612588,-2.246930886534745,-0.0160482001431133,0.0040817154379198,0.016559140338483,0.1,11.04687770130574,2.892532525261864,1.2283224268727635,True,350,0.3461538461538461,2022-01-05,451,451,0,0,Medium CI
2020-06-09,2021-11-26,376,2023-03-24,483,2023-04-10,True,0.0190141210935538,0.1359378371610842,10.332999586126586,-2.220089358083522,-0.0117348062515423,0.0117972436701537,0.0166397306460838,0.1,10.984685919191955,2.3535412036193217,1.2146090684851123,True,375,0.3461538461538461,2022-01-05,443,443,0,0,Medium CI
2020-04-30,2021-11-26,401,2023-04-07,497,2023-04-10,True,0.0221055304602298,0.1959504452481889,6.553311521826999,-0.0013226048527206,5.855826948362417e-05,-4.431699312460206e-06,5.87257259104799e-05,0.9,11.551426102179065,-0.0755361706447221,1.7547232209234047,True,400,0.3461538461538461,2022-01-05,457,457,0,0,Medium CI
2020-03-24,2021-11-26,426,2023-03-11,470,2023-04-10,True,0.0264086998221949,0.2971006756032894,6.468262075604412,-0.0011565623350581,5.595492173111682e-05,5.162293660479456e-05,7.613068270834071e-05,0.9,6.0,0.745151536716394,2.2787704521623904,True,425,0.3461538461538461,2022-01-05,430,430,0,0,Medium CI
2020-02-18,2021-11-26,451,2022-08-29,276,2023-04-10,True,0.0459646383718973,0.952849339277342,9.025786543380784,-1.601558921705299,0.0124951505276421,-0.0152731786132329,0.0197331895967213,0.1,6.0,-0.8851094303747947,1.352677861034856,True,450,0.3461538461538461,2022-01-05,236,236,0,0,Medium CI
2020-12-02,2021-11-29,251,2022-05-07,159,2023-04-13,True,0.0129559617885259,0.0421320934123018,6.510001079295016,-0.0380956283302739,-0.0023340685836081,0.0001356201203891,0.0023380053400368,0.4128274320217731,6.0,3.083553311733235,1.1211066790944684,True,250,0.3461538461538461,2022-01-05,122,122,0,0,Medium CI
2020-10-28,2021-11-29,276,2023-04-10,497,2023-04-13,True,0.0180400878067393,0.0898227559886628,11.91038766948558,-3.0542946412517717,-0.0140591868407025,0.0333892749422797,0.0362285028091547,0.1,6.0,1.9693326308824743,1.405106662996466,True,275,0.3461538461538461,2022-01-05,460,460,0,0,Medium CI
2020-09-23,2021-11-29,301,2023-03-05,461,2023-04-13,True,0.0179863668688238,0.0973763273351172,11.389808059079929,-2.7961067134249267,-0.0007174880693752,0.0331482571286771,0.0331560211695944,0.1,6.0,1.5924377678750588,1.4055298830553902,True,300,0.3461538461538461,2022-01-05,424,424,0,0,Medium CI
2020-08-19,2021-11-29,326,2022-12-14,380,2023-04-13,True,0.0189960050458962,0.1176365157114112,9.759456307335055,-1.9553517167421808,0.008647635928991,0.0164109798769851,0.0185499829564123,0.1,8.08977146739188,1.085828085854012,1.3030021098299225,True,325,0.3461538461538461,2022-01-05,343,343,0,0,Medium CI
2020-07-15,2021-11-29,351,2023-04-12,499,2023-04-13,True,0.0194086644114861,0.1322203852374285,8.687203746185462,-0.8821637906904998,-0.0095875607400885,-0.0045810661541181,0.0106257935258169,0.1659775444987452,11.12988181542183,-2.6958512410204505,1.2380740976059872,True,350,0.3461538461538461,2022-01-05,462,462,0,0,Medium CI
2020-06-10,2021-11-29,376,2023-04-12,499,2023-04-13,True,0.0190937065415553,0.1370781806901321,8.178250004384985,-0.5487353717418626,-0.003272332368512,-0.0074434186689498,0.0081309679996469,0.2053939020285424,11.240065015535816,-1.984991170611232,1.2332167827521217,True,375,0.3461538461538461,2022-01-05,462,462,0,0,Medium CI
2020-05-04,2021-11-29,401,2023-04-03,490,2023-04-13,True,0.0221266754826421,0.1963254969335767,6.545425638261301,-0.0013080753547148,-1.850908919056007e-05,-5.782479224285037e-05,6.071484975352336e-05,0.9,11.289587685696173,-1.8805801475536448,1.7175218349833576,True,400,0.3461538461538461,2022-01-05,453,453,0,0,Medium CI
2020-03-25,2021-11-29,426,2022-12-23,389,2023-04-13,True,0.0260554471066965,0.2892055739941206,6.434328370358298,-0.0011737893571181,7.51464497360909e-05,3.932751266551873e-06,7.524928863759047e-05,0.9,6.0,0.0522867906551834,2.339801568300313,True,425,0.3461538461538461,2022-01-05,352,352,0,0,Medium CI
2020-02-19,2021-11-29,451,2022-09-17,292,2023-04-13,True,0.0446770105777095,0.900211908646508,9.119691052277568,-1.646223668271023,0.01565147258744,-0.0119978601906956,0.0197209848463727,0.1,6.0,-0.6540182520937755,1.391262218980752,True,450,0.3461538461538461,2022-01-05,255,255,0,0,Medium CI
2021-02-17,2021-11-30,201,2022-04-23,144,2023-04-14,True,0.01372150028372,0.037844193577262,6.270940336272789,-0.000966168324773,4.049159128496617e-05,-0.0001107328655717,0.0001179039290376,0.9,6.425294729239457,-1.2202311281695883,1.1478204904641662,True,200,0.4230769230769231,2022-01-05,108,108,0,1,High CI
2021-01-13,2021-11-30,226,2022-03-23,113,2023-04-14,True,0.0134265910200926,0.0407417762911079,6.247423942443095,-0.0009019935260117,-8.38946454893479e-05,9.538158109072462e-05,0.0001270273889881,0.9,6.0762789551519125,2.292208011507124,1.0517459658345054,True,225,0.4230769230769231,2022-01-05,77,77,0,1,High CI
2020-12-03,2021-11-30,251,2022-04-22,143,2023-04-14,True,0.0133168840741859,0.0445121897627724,6.283969972725744,-0.001464508389269,-0.0001645767573263,2.68693276131456e-05,0.0001667557189976,0.8419552524880665,6.053690258188393,2.9797572763583022,1.2214619451508422,True,250,0.4230769230769231,2022-01-05,107,107,0,1,High CI
2020-10-29,2021-11-30,276,2023-04-08,494,2023-04-14,True,0.0174971946707096,0.0844979026911397,11.457819929719554,-2.8185593603498456,-0.0089912588710645,0.032084838772608,0.0333208585596282,0.1,6.0,1.844021893928979,1.4098072909826085,True,275,0.4230769230769231,2022-01-05,458,458,0,0,High CI
2020-09-24,2021-11-30,301,2023-04-02,488,2023-04-14,True,0.0181183746918665,0.0988109259439362,11.611451369484849,-2.901652268435404,-0.0090105988434814,0.033657063498913,0.0348423422704044,0.1,6.0,1.8323799167439927,1.387991391774725,True,300,0.4230769230769231,2022-01-05,452,452,0,0,High CI
2020-08-20,2021-11-30,326,2023-04-06,492,2023-04-14,True,0.0190937305582601,0.1188499982018491,10.455135942772555,-2.282339233417083,0.0136993147729691,-0.0112336356238358,0.0177162579168967,0.1,9.519461200163114,-0.6868262705476911,1.353305458566418,True,325,0.4230769230769231,2022-01-05,456,456,0,0,High CI
2020-07-16,2021-11-30,351,2023-04-11,497,2023-04-14,True,0.0194958799999815,0.1334113572777616,7.040836706572255,-0.0552350395862095,-0.0016176656707052,-0.0005334099143638,0.0017033403532236,0.43731916627298,11.12254719098097,-2.823079111723434,1.2749920850834826,True,350,0.4230769230769231,2022-01-05,461,461,0,0,High CI
2020-06-11,2021-11-30,376,2023-04-12,498,2023-04-14,True,0.0192215338502557,0.1389197286972545,6.9517799873195845,-0.0376940601360574,-0.0001824406732073,-0.0012561137175072,0.0012692936108521,0.4807318270132198,11.291666076933216,-1.7150299166339578,1.2643161173683504,True,375,0.4230769230769231,2022-01-05,462,462,0,0,High CI
2020-05-05,2021-11-30,401,2022-12-30,395,2023-04-14,True,0.0219917349859255,0.1939381994841635,6.470881871100939,-0.0012550891793184,-6.410658878031519e-05,-3.540615433516019e-05,7.323421666033996e-05,0.9,9.47578521905991,-2.6369843026852493,1.6277505318541163,True,400,0.4230769230769231,2022-01-05,359,359,0,0,High CI
2020-03-26,2021-11-30,426,2023-02-14,441,2023-04-14,True,0.0259352084514715,0.2865425259414657,6.444072655726031,-0.0011235190573292,7.449315926808466e-05,3.768377910025553e-05,8.34823213921192e-05,0.9,6.0,0.4683317686403178,2.018725111964716,True,425,0.4230769230769231,2022-01-05,405,405,0,0,High CI
2020-02-20,2021-11-30,451,2022-10-22,326,2023-04-14,True,0.0431973869341053,0.8415724213086033,9.261241554888834,-1.7117922379398174,0.0192692238519639,-0.0056276397482858,0.0200741953012712,0.1,6.0,-0.2841503615934674,1.4212211351019135,True,450,0.4230769230769231,2022-01-05,290,290,0,0,High CI
2021-02-18,2021-12-01,201,2022-05-04,154,2023-04-15,True,0.0138744109385953,0.0386923550574957,6.282056667815092,-0.0010087010965232,-5.189425650556503e-05,-0.0001096952998917,0.0001213510308015,0.9,6.234915465864161,-2.012674000690283,1.1998610709002278,True,200,0.4230769230769231,2022-01-05,119,119,0,1,High CI
2021-01-14,2021-12-01,226,2022-05-23,173,2023-04-15,True,0.0136168704906098,0.041904730602517,6.2849594697953295,-0.000956380379375,-3.744714309803583e-05,-9.629348823173658e-05,0.0001033185578782,0.9,7.282416159184595,-1.941684687963945,1.143982387363594,True,225,0.4230769230769231,2022-01-05,138,138,0,0,High CI
2020-12-04,2021-12-01,251,2022-05-02,152,2023-04-15,True,0.013443360737111,0.0453617109249329,6.2769386602134025,-0.0009789039435426,-5.315661078529984e-05,-9.954755336961798e-05,0.0001128509665534,0.9,6.2396570708181445,-2.0612586057795466,1.2511707496619668,True,250,0.4230769230769231,2022-01-05,117,117,0,1,High CI
2020-10-30,2021-12-01,276,2022-12-16,380,2023-04-15,True,0.0166806208048408,0.0767950984800293,9.969874262043806,-2.0740484311518443,0.0212690889149511,0.0125804152267802,0.024711151137701,0.1,6.0,0.5341373190275144,1.398861334298272,True,275,0.4230769230769231,2022-01-05,345,345,0,0,High CI
2020-09-25,2021-12-01,301,2023-04-14,499,2023-04-15,True,0.0181509663066568,0.0991667309374827,11.66213792623745,-2.9240328777897107,-0.0119166483104191,0.0332969465932888,0.0353651404548397,0.1,6.0,1.914482843776695,1.378020295401537,True,300,0.4230769230769231,2022-01-05,464,464,0,0,High CI
2020-08-21,2021-12-01,326,2023-03-26,480,2023-04-15,True,0.0191203777881383,0.1191819640441296,7.303398306088582,-0.1331553366786296,-0.0005050006641799,-0.0034314044585642,0.0034683659306764,0.3415007604694432,9.394467182194775,-1.7169176539647568,1.395575019211006,True,325,0.4230769230769231,2022-01-05,445,445,0,0,High CI
2020-07-17,2021-12-01,351,2023-03-26,480,2023-04-15,True,0.0194985889849326,0.1334484353135712,6.745526743494841,-0.012843223650547,7.69976399841291e-05,0.0005475761081928,0.000552963136951,0.6064161638527519,10.85797539594784,1.4310968547152845,1.2971786160374343,True,350,0.4230769230769231,2022-01-05,445,445,0,0,High CI
2020-06-12,2021-12-01,376,2023-04-14,499,2023-04-15,True,0.0192319377293477,0.1390701532383913,6.815878099911879,-0.0183784973250038,-1.1152808462959725e-05,-0.0007265768226935,0.0007266624143383,0.5644401974698409,11.311999959576038,-1.5861449207914031,1.261989792570776,True,375,0.4230769230769231,2022-01-05,464,464,0,0,High CI
2020-05-06,2021-12-01,401,2023-03-10,464,2023-04-15,True,0.0218502424876276,0.191450671804019,6.5182324381155885,-0.0012729300818538,5.548061744782172e-05,-3.776062121754906e-05,6.711157446466857e-05,0.9,10.59135146451164,-0.5975931471358508,1.6117521257379546,True,400,0.4230769230769231,2022-01-05,429,429,0,0,High CI
2020-03-27,2021-12-01,426,2022-12-26,390,2023-04-15,True,0.0258596682586944,0.2848757604835843,6.4256889527464205,-0.0011440121196628,8.166575579852641e-05,1.7319346023495733e-06,8.168411882129455e-05,0.9,6.0,0.0212044204149709,2.100797810218827,True,425,0.4230769230769231,2022-01-05,355,355,0,0,High CI
2020-02-21,2021-12-01,451,2022-12-10,374,2023-04-15,True,0.0416739424980316,0.7832595849814927,9.442481367851205,-1.7941395124610555,0.0205189111768794,0.004093439629885,0.0209232398038205,0.1,6.0,0.1969108471776148,1.429144123379219,True,450,0.4230769230769231,2022-01-05,339,339,0,0,High CI
2021-02-19,2021-12-02,201,2022-07-20,230,2023-04-16,True,0.0141567456722739,0.0402831030539191,6.342393364357293,-0.0011256507549982,-8.931330569626845e-05,-6.812794427179321e-05,0.0001123311326618,0.9,6.949833658131122,-2.489951485350074,1.297692003229158,True,200,0.4230769230769231,2022-01-05,196,196,0,0,High CI
2021-01-15,2021-12-02,226,2022-05-21,170,2023-04-16,True,0.0138172688446683,0.0431472235416405,6.283924271304953,-0.0009629277968365,-2.575237405219542e-05,0.0001037432303799,0.0001068917331649,0.9,6.855535999256826,1.8141101581077543,1.1826349203561604,True,225,0.4230769230769231,2022-01-05,136,136,0,0,High CI
2020-12-07,2021-12-02,251,2022-06-02,182,2023-04-16,True,0.013676242666275,0.0469469429801774,6.294933324616721,-0.0009940816982906,3.864082073535047e-05,9.625029793583756e-05,0.0001037170809454,0.9,6.691212519059231,1.1890303871001098,1.2891678866942031,True,250,0.4230769230769231,2022-01-05,148,148,0,0,High CI
2020-11-02,2021-12-02,276,2022-10-15,317,2023-04-16,True,0.0157726108893415,0.0686619701775747,9.23119622854454,-1.698004416239208,0.0198274545710658,-0.0070202629858459,0.0210335933011484,0.1,6.0,-0.3402940778441406,1.3454702293992524,True,275,0.4230769230769231,2022-01-05,283,283,0,0,High CI
2020-09-28,2021-12-02,301,2023-04-09,493,2023-04-16,True,0.018226906916481,0.0999982608583613,6.746710227800394,-0.0068945614953668,-4.817919239136952e-05,0.0005303400459183,0.0005325239890222,0.7068205254558695,6.0,1.6613934913418478,1.5251950082381385,True,300,0.4230769230769231,2022-01-05,459,459,0,0,High CI
2020-08-24,2021-12-02,326,2023-04-12,496,2023-04-16,True,0.0191917844150875,0.1200738160254742,6.686439817090481,-0.0070932196180989,0.0003014864076937,0.0001532195007658,0.0003381867375268,0.6815638578422902,9.705275140771557,0.4701968993348562,1.4729416233822534,True,325,0.4230769230769231,2022-01-05,462,462,0,0,High CI
2020-07-20,2021-12-02,351,2023-04-14,498,2023-04-16,True,0.0195283514795483,0.1338561355395817,6.620875646648861,-0.0038678253004,-0.0001989781837642,-2.605037580770452e-06,0.000198995235709,0.7555319715671552,11.082527419386892,-3.1285013251326923,1.32506811468409,True,350,0.4230769230769231,2022-01-05,464,464,0,0,High CI
2020-06-15,2021-12-02,376,2023-04-13,497,2023-04-16,True,0.0192946004248294,0.1399778836882401,6.671521585679887,-0.0064917835355741,-8.553415875495993e-05,-0.0003031229186636,0.0003149596738204,0.6901966719157203,11.281458087052007,-1.8458221382243252,1.2610046982807377,True,375,0.4230769230769231,2022-01-05,463,463,0,0,High CI
2020-05-07,2021-12-02,401,2023-02-23,448,2023-04-16,True,0.0217492864238175,0.1896856154380473,6.502496199863723,-0.0012538166037132,-6.858436992448829e-05,1.7900976280154485e-05,7.088201993257323e-05,0.9,10.202137282058422,2.886281921952365,1.5604479167950005,True,400,0.4230769230769231,2022-01-05,414,414,0,0,High CI
2020-03-30,2021-12-02,426,2023-02-25,450,2023-04-16,True,0.025642358753005,0.2801080195899881,6.43428066022924,-0.0010812032517167,8.030955817697722e-05,4.42003956585507e-05,9.166951571244236e-05,0.9,6.0,0.5031312889719224,1.769186697421352,True,425,0.4230769230769231,2022-01-05,416,416,0,0,High CI
2020-02-24,2021-12-02,451,2023-02-02,427,2023-04-16,True,0.0400888186747823,0.7248081356155479,9.622271575231734,-1.8743790096331263,0.0172265110121827,0.0141850250935278,0.0223151880690454,0.1,6.0,0.6888720369081032,1.3999277112921271,True,450,0.4230769230769231,2022-01-05,393,393,0,0,High CI
2021-02-22,2021-12-03,201,2023-01-20,413,2023-04-17,True,0.0144227731068385,0.0418112932023602,6.515499382774359,-0.0013963750010991,-7.517769597538258e-05,8.50376242848862e-05,0.000113503671818,0.9,8.22703853669204,2.294730276138946,1.345832872483133,True,200,0.4230769230769231,2022-01-05,380,380,0,0,High CI
2021-01-18,2021-12-03,226,2022-10-06,307,2023-04-17,True,0.0140956729486067,0.0449034870675428,6.367859385771765,-0.0010366973744569,5.339451885949125e-05,5.643717697393434e-05,7.769253238905109e-05,0.9,9.347567651342109,0.813093994600007,1.2847440457878754,True,225,0.4230769230769231,2022-01-05,274,274,0,0,High CI
2020-12-08,2021-12-03,251,2022-06-09,188,2023-04-17,True,0.0139282985568858,0.0486933726731265,6.296708553696027,-0.0009888280000976,7.587686523272957e-05,7.073989632081927e-05,0.0001037373202325,0.9,6.5991005282839295,0.7503757798289591,1.3000004293390095,True,250,0.4230769230769231,2022-01-05,155,155,0,0,High CI
2020-11-03,2021-12-03,276,2022-09-22,293,2023-04-17,True,0.0150342009658395,0.0623835068360249,7.236008175681577,-0.2639780395378722,0.0055552365850554,-0.0055822225659611,0.007875396008574,0.2402428772699338,6.0,-0.7878211512377974,1.3421302599812055,True,275,0.4230769230769231,2022-01-05,260,260,0,0,High CI
2020-09-29,2021-12-03,301,2023-04-11,494,2023-04-17,True,0.0183103643908666,0.1009161026820209,6.576415729240901,-0.0014647635363395,-1.870873246244528e-06,0.0001412152075652,0.0001412276000447,0.9,6.0,1.584043935403587,1.5557478168666798,True,300,0.4230769230769231,2022-01-05,461,461,0,0,High CI
2020-08-25,2021-12-03,326,2023-04-06,489,2023-04-17,True,0.0192233924188516,0.120469654045067,6.523795821663349,-0.0012538325094415,3.67676739083879e-05,-6.923345929323187e-05,7.839090336474726e-05,0.9,9.490806719161457,-1.0826043366294624,1.5167473234316935,True,325,0.4230769230769231,2022-01-05,456,456,0,0,High CI
2020-07-21,2021-12-03,351,2023-04-16,499,2023-04-17,True,0.0195402679834604,0.134019547575772,6.527990470283558,-0.0012401970341424,-6.290348664638262e-05,4.1526495175227816e-05,7.537438844733571e-05,0.9,10.993569860797637,2.5581067700740574,1.3470094910996044,True,350,0.4230769230769231,2022-01-05,466,466,0,0,High CI
2020-06-16,2021-12-03,376,2023-04-14,497,2023-04-17,True,0.0193647062977791,0.1409969355997173,6.572276069115552,-0.0023558245024923,-5.958178068435665e-05,-0.0001222876536115,0.0001360303599029,0.816769739840182,11.259121066899722,-2.0241729853223047,1.2563256818881074,True,375,0.4230769230769231,2022-01-05,464,464,0,0,High CI
2020-05-08,2021-12-03,401,2023-03-20,472,2023-04-17,True,0.0217091209440357,0.1889856587972717,6.514874257021844,-0.0012477793024343,1.4004559437991344e-05,-6.907763586459453e-05,7.048295866160662e-05,0.9,10.456378944098091,-1.3707708886964292,1.5237539585327895,True,400,0.4230769230769231,2022-01-05,439,439,0,0,High CI
2020-03-31,2021-12-03,426,2022-12-09,371,2023-04-17,True,0.0254545441676883,0.2760198068023243,6.409557948523331,-0.0011205134197602,8.655001056835271e-05,-1.6647325459464505e-05,8.813647244095545e-05,0.9,6.0,-0.1900227459571595,1.9070086232079575,True,425,0.4230769230769231,2022-01-05,338,338,0,0,High CI
2020-02-25,2021-12-03,451,2023-03-20,472,2023-04-17,True,0.0388763069083361,0.6816266247128459,9.76848068424552,-1.939094546332065,0.0110388999913019,0.021058969323882,0.0237768269960937,0.1,6.0,1.0879845621586364,1.359232770805679,True,450,0.4230769230769231,2022-01-05,439,439,0,0,High CI
2021-02-23,2021-12-06,201,2023-04-09,489,2023-04-20,True,0.0145223238077979,0.0423904756444852,6.7464050235811,-0.0020089289920254,7.079865787962546e-05,-0.0002081805868465,0.000219889987715,0.9,6.506154217214443,-1.242983511323467,1.263796905188947,True,200,0.4230769230769231,2022-01-05,459,459,0,0,High CI
2021-01-19,2021-12-06,226,2023-04-13,493,2023-04-20,True,0.0141917050406613,0.0455174151832161,6.48161541157459,-0.00109763523941,5.730754291042701e-05,1.0129626771880704e-05,5.81959089023278e-05,0.9,12.62292691033274,0.1749519338252374,1.344770049639504,True,225,0.4230769230769231,2022-01-05,463,463,0,0,High CI
2020-12-09,2021-12-06,251,2023-01-20,410,2023-04-20,True,0.0140429859230349,0.0494985688622738,6.429942617429559,-0.0010713542201869,6.146566023817692e-06,-6.477964313967874e-05,6.50705958109289e-05,0.9,10.658624219862888,-1.4761953247650694,1.3902396156235752,True,250,0.4230769230769231,2022-01-05,380,380,0,0,High CI
2020-11-04,2021-12-06,276,2022-08-29,266,2023-04-20,True,0.0145131242510037,0.05813409404492,6.350412314962095,-0.0010750413474662,-4.842883755619228e-05,8.385521296457827e-05,9.683516431740504e-05,0.8992436213125532,6.573378493794813,2.094529321375049,1.5187307999431725,True,275,0.4230769230769231,2022-01-05,236,236,0,0,High CI
2020-09-30,2021-12-06,301,2023-04-18,498,2023-04-20,True,0.0183401317712926,0.1012444904499018,6.577053983984675,-0.001455372699151,-8.500665844861469e-06,0.0001425400941114,0.0001427933463054,0.9,6.0,1.6303627919400243,1.5288240700357376,True,300,0.4230769230769231,2022-01-05,468,468,0,0,High CI
2020-08-26,2021-12-06,326,2023-04-17,497,2023-04-20,True,0.0191981433329155,0.1201533986225613,6.5264161550535205,-0.0012474592847402,-2.852252369861996e-05,-7.439963123535492e-05,7.967960520795228e-05,0.9,9.341618735580711,-1.9368840738203288,1.5083411428089284,True,325,0.4230769230769231,2022-01-05,467,467,0,0,High CI
2020-07-22,2021-12-06,351,2023-04-17,497,2023-04-20,True,0.0194640687849533,0.1329763407565532,6.525237495284371,-0.0012318379834413,2.2317783911295265e-05,7.27720185436749e-05,7.611734468327329e-05,0.9,10.797320122305628,1.273221645413937,1.3489519907257563,True,350,0.4230769230769231,2022-01-05,467,467,0,0,High CI
2020-06-17,2021-12-06,376,2023-04-09,489,2023-04-20,True,0.0194175969489585,0.1417681947983493,6.518779027741892,-0.0012240773721186,-7.787820474791063e-05,-1.1971353641585306e-05,7.879294437174808e-05,0.9,11.127779173644637,-2.989067618136148,1.256479915371688,True,375,0.4230769230769231,2022-01-05,459,459,0,0,High CI
2020-05-11,2021-12-06,401,2023-04-08,488,2023-04-20,True,0.021657821426346,0.1880935528031326,6.523909419788722,-0.0012428519083558,6.951026843213869e-05,1.0368405245144753e-05,7.027930879594308e-05,0.9,10.646513254142889,0.1480718997127604,1.4949511869094687,True,400,0.4230769230769231,2022-01-05,458,458,0,0,High CI
2020-04-01,2021-12-06,426,2022-12-20,379,2023-04-20,True,0.0253383083753611,0.2735047251844069,6.4087273702162255,-0.0010996699195669,9.144591116348104e-05,-9.57184826588068e-06,9.194549987761395e-05,0.9,6.0,-0.1042924597358107,1.7940028403196189,True,425,0.4230769230769231,2022-01-05,349,349,0,0,High CI
2020-02-26,2021-12-06,451,2023-04-20,500,2023-04-20,True,0.0377595694724064,0.6430290741204107,9.90589850418633,-2.0029874775573377,0.0050843607540175,0.0239898497583272,0.0245227163198555,0.1,6.0,1.361948714841586,1.3613143091708015,True,450,0.4230769230769231,2022-01-05,470,470,0,0,High CI
2021-02-24,2021-12-07,201,2023-04-12,491,2023-04-21,True,0.014522267205252,0.0423901452009285,6.723448305307341,-0.0019204973831929,0.0001608990722029,0.0001178034650693,0.0001994145627032,0.9,6.794863207872426,0.6319837852285369,1.2756121307893369,True,200,0.4230769230769231,2022-01-05,462,462,0,0,High CI
2021-01-20,2021-12-07,226,2023-02-01,421,2023-04-21,True,0.0141787326135159,0.045434239626781,6.441225137711355,-0.0010900220566538,5.533118584879832e-05,3.687026731818261e-05,6.649027552618881e-05,0.9,10.9457275061174,0.5877874912880476,1.3479538722575153,True,225,0.4230769230769231,2022-01-05,392,392,0,0,High CI
2020-12-10,2021-12-07,251,2022-09-05,272,2023-04-21,True,0.0140425001518264,0.0494951444390258,6.3475849328606015,-0.0010241948197399,8.427707828027805e-06,-8.431595503301389e-05,8.473609934593297e-05,0.9,8.049744025774642,-1.471173326410828,1.3513708468145709,True,250,0.4230769230769231,2022-01-05,243,243,0,0,High CI
2020-11-05,2021-12-07,276,2022-07-29,234,2023-04-21,True,0.0141436762332439,0.0552120273598692,6.3292667462904175,-0.0010425719229983,7.215972420221469e-05,6.833317373930976e-05,9.938032214793016e-05,0.9,6.440761838538339,0.7581682840268374,1.46592210510597,True,275,0.4230769230769231,2022-01-05,205,205,0,0,High CI
2020-10-01,2021-12-07,301,2023-04-19,498,2023-04-21,True,0.0183403155710061,0.1012465197484717,6.580592589219896,-0.0014637622402061,-1.12357193677931e-05,0.0001427010983694,0.000143142742972,0.9,6.0,1.649370264719692,1.5338838104690342,True,300,0.4230769230769231,2022-01-05,469,469,0,0,High CI
2020-08-27,2021-12-07,326,2023-04-19,498,2023-04-21,True,0.0190730567371203,0.1185927668149568,6.52871053809446,-0.0012515982821898,-7.495745840754096e-05,-2.9076115945333905e-05,8.039926050272313e-05,0.9,9.207802620826907,-2.7715592664816087,1.521596191209854,True,325,0.4230769230769231,2022-01-05,469,469,0,0,High CI
2020-07-23,2021-12-07,351,2023-04-20,499,2023-04-21,True,0.0193778452827164,0.1318008116181151,6.527145087355139,-0.0012325483050145,3.3572525270356667e-05,6.791876166143088e-05,7.57632670801028e-05,0.9,10.765026727423486,1.1117157771141926,1.36010567176183,True,350,0.4230769230769231,2022-01-05,470,470,0,0,High CI
2020-06-18,2021-12-07,376,2023-04-09,488,2023-04-21,True,0.0194106889409438,0.141667341780942,6.518015044438078,-0.0012231456040768,-7.85280840844348e-05,7.136213234068661e-06,7.885166789164423e-05,0.9,11.092587746653356,3.050966911490002,1.2585686550690192,True,375,0.4230769230769231,2022-01-05,459,459,0,0,High CI
2020-05-12,2021-12-07,401,2023-03-24,472,2023-04-21,True,0.0215403868009571,0.1860592936774751,6.512592362461296,-0.0012352479880127,2.307580391257871e-06,-7.254287198794565e-05,7.257956464130649e-05,0.9,10.425068573902228,-1.53899716476285,1.4692760027410985,True,400,0.4230769230769231,2022-01-05,443,443,0,0,High CI
2020-04-02,2021-12-07,426,2022-11-25,353,2023-04-21,True,0.024974668515891,0.2657107127459004,6.398656373708879,-0.0011072645881447,8.606815462143812e-05,-3.314717723182213e-05,9.2230486274212e-05,0.9,6.0,-0.3676195142711729,1.800811151834354,True,425,0.4230769230769231,2022-01-05,324,324,0,0,High CI
2020-02-27,2021-12-07,451,2023-04-20,499,2023-04-21,True,0.0365494755771071,0.6024747383976587,6.452451606498626,-0.0010647803936897,5.0925705577718815e-05,8.171938735999031e-05,9.628855466295382e-05,0.8999999999999999,6.0,1.013508452411009,1.6587335806682846,True,450,0.4230769230769231,2022-01-05,470,470,0,0,High CI
2021-02-25,2021-12-08,201,2023-04-11,489,2023-04-22,True,0.0145257687636307,0.0424105895930684,6.748418963138358,-0.0020105928586129,7.149198040307109e-05,-0.0002085988726528,0.0002205098477029,0.9,6.503868358135407,-1.2406175126945391,1.26173140651542,True,200,0.4230769230769231,2022-01-05,461,461,0,0,High CI
2021-01-21,2021-12-08,226,2023-04-09,487,2023-04-22,True,0.0141381483291833,0.0451745158282259,6.486930968667147,-0.0011242771448001,3.1371786751223504e-05,5.404912034875486e-05,6.249397102471909e-05,0.9,11.793067918516495,1.0448900607315947,1.3729381407745505,True,225,0.4230769230769231,2022-01-05,459,459,0,0,High CI
2020-12-11,2021-12-08,251,2022-11-22,349,2023-04-22,True,0.0140490225526263,0.0495411337057354,6.39311684983233,-0.0010488395272685,-6.049157864950798e-05,4.000027491691592e-05,7.252070794565138e-05,0.9,9.484568088440204,2.5573469172496206,1.3723723576438178,True,250,0.4230769230769231,2022-01-05,321,321,0,0,High CI
2020-11-06,2021-12-08,276,2022-07-10,214,2023-04-22,True,0.0138650552234314,0.05305817275227,6.315607527345996,-0.0010204590002737,9.9003991217427e-05,-2.6008691705598668e-05,0.0001023632860024,0.9,6.330265188431221,-0.2568986712490041,1.4173331568585157,True,275,0.4230769230769231,2022-01-05,186,186,0,0,High CI
2020-10-02,2021-12-08,301,2023-04-20,498,2023-04-22,True,0.0183379747289423,0.1012206764649578,6.582196758273971,-0.0014668877718585,-1.2968634660488634e-05,0.0001430703485371,0.0001436569180913,0.9,6.0,1.6611944404120162,1.5316572894797458,True,300,0.4230769230769231,2022-01-05,470,470,0,0,High CI
2020-08-28,2021-12-08,326,2023-02-06,425,2023-04-22,True,0.0189846941836045,0.117496467917866,6.479836882835668,-0.0012331165963353,1.098334556844517e-06,9.055965222769214e-05,9.056631244783738e-05,0.9,8.087274146480082,1.558668622224798,1.5152273540084924,True,325,0.4230769230769231,2022-01-05,397,397,0,0,High CI
2020-07-24,2021-12-08,351,2023-04-11,489,2023-04-22,True,0.0192913315003237,0.13062657034044,6.51937557272356,-0.0012275034694404,5.459633521619735e-05,-5.43246931329026e-05,7.701903727665925e-05,0.9,10.49999222018482,-0.7829042324803875,1.3660864219083173,True,350,0.4230769230769231,2022-01-05,461,461,0,0,High CI
2020-06-19,2021-12-08,376,2023-04-20,498,2023-04-22,True,0.0194125945032474,0.1416951583306648,6.524395401478547,-0.001223499193165,-4.6286063655366646e-05,-6.271004224871063e-05,7.794195973635592e-05,0.9,11.222463166259908,-2.206635577075062,1.2588868202543444,True,375,0.4230769230769231,2022-01-05,470,470,0,0,High CI
2020-05-13,2021-12-08,401,2023-03-25,472,2023-04-22,True,0.0214298413425557,0.1841544780868117,6.511650257955347,-0.0012310144038913,5.08934052826019e-06,-7.328504002325365e-05,7.34615442134351e-05,0.9,10.429748925730047,-1.501461812880274,1.446011466777102,True,400,0.4230769230769231,2022-01-05,444,444,0,0,High CI
2020-04-03,2021-12-08,426,2022-10-21,317,2023-04-22,True,0.0246095365360021,0.257998076908168,6.385534237826742,-0.001121110457201,6.907945030509602e-05,-6.150032279469828e-05,9.248924347353218e-05,0.9,6.0,-0.7274210861274796,1.818228393535178,True,425,0.4230769230769231,2022-01-05,289,289,0,0,High CI
2020-02-28,2021-12-08,451,2023-03-23,470,2023-04-22,True,0.0356795253208245,0.5741358657308314,6.4581193239832695,-0.0011162124816467,5.70266291333928e-05,6.64617317776839e-05,8.75739585790566e-05,0.9,6.0,0.8616547990246436,1.9118911028312944,True,450,0.4230769230769231,2022-01-05,442,442,0,0,High CI
2021-01-22,2021-12-09,226,2023-03-10,456,2023-04-23,True,0.0140939505611762,0.0448925139871188,6.476398055924726,-0.0011461649528518,4.923178725922618e-05,-4.982059233969279e-05,7.004184676188629e-05,0.9,10.612045992345823,-0.7913424743541839,1.3878192976536647,True,225,0.3846153846153846,2022-01-05,429,429,0,0,High CI
2020-12-14,2021-12-09,251,2023-04-08,485,2023-04-23,True,0.0140327174390356,0.0494262068396777,6.472522257273232,-0.0010801619473455,-5.65565465283266e-05,1.2037870876000524e-05,5.782346660688923e-05,0.9,12.100199090927036,2.9318756210756387,1.3894238270001125,True,250,0.3846153846153846,2022-01-05,458,458,0,0,High CI
2020-11-09,2021-12-09,276,2022-08-29,263,2023-04-23,True,0.0135144194005946,0.0504085107589067,6.344153813448313,-0.0010307056396823,6.379575231097007e-05,6.263747659726872e-05,8.94055450595545e-05,0.9,7.404410662568645,0.7762372543404036,1.4012712417130946,True,275,0.3846153846153846,2022-01-05,236,236,0,0,High CI
2020-10-05,2021-12-09,301,2023-04-22,499,2023-04-23,True,0.0183341831368667,0.101178823660147,6.584386077638929,-0.0014708355838197,-1.550346284187704e-05,0.000143547371889,0.0001443821503383,0.9,6.0,1.6783817244189323,1.528065187115682,True,300,0.3846153846153846,2022-01-05,472,472,0,0,High CI
2020-08-31,2021-12-09,326,2023-03-28,474,2023-04-23,True,0.0189109851253006,0.1165858668414458,6.513113841090112,-0.0012473213403169,4.09864786293573e-05,-7.555976205057512e-05,8.596027612551215e-05,0.9,8.548863183523085,-1.0737774837968788,1.527617741688459,True,325,0.3846153846153846,2022-01-05,447,447,0,0,High CI
2020-07-27,2021-12-09,351,2023-04-22,499,2023-04-23,True,0.0192673295315315,0.1303017255340963,6.525876342282488,-0.0012279319621099,7.603064691683115e-05,-4.605782989251554e-06,7.617002368081505e-05,0.9,10.584197737690443,-0.0605040416440541,1.3708021527493952,True,350,0.3846153846153846,2022-01-05,472,472,0,0,High CI
2020-06-22,2021-12-09,376,2023-04-20,497,2023-04-23,True,0.0194139196297667,0.1417145035470313,6.523273670021024,-0.0012205850421545,-6.535524747869304e-05,-4.288144091802216e-05,7.816729717859662e-05,0.9,11.169304064988564,-2.5609212258312857,1.2582279941101882,True,375,0.3846153846153846,2022-01-05,470,470,0,0,High CI
2020-05-14,2021-12-09,401,2023-03-31,477,2023-04-23,True,0.0211814815374308,0.1799107192083304,6.513685469866712,-0.0012276987070618,5.1101598011217054e-05,-5.370948318044551e-05,7.413556435888636e-05,0.9,10.52363146341248,-0.8102748000727408,1.4162570318689782,True,400,0.3846153846153846,2022-01-05,450,450,0,0,High CI
2020-04-06,2021-12-09,426,2022-10-12,307,2023-04-23,True,0.0241306451643296,0.2480547033559314,6.379778052834757,-0.0011150060508983,6.352972604050904e-05,-7.065860273586567e-05,9.50192834711303e-05,0.9,6.0,-0.8384741748350467,1.7601785819145004,True,425,0.3846153846153846,2022-01-05,280,280,0,0,High CI
2020-03-02,2021-12-09,451,2023-04-23,500,2023-04-23,True,0.0350906017573614,0.5553389995938744,6.473390748079768,-0.0011188148825286,3.630898392818099e-05,7.881878924724154e-05,8.677985856348225e-05,0.9,6.0,1.1391096341908584,1.933884603609171,True,450,0.3846153846153846,2022-01-05,473,473,0,0,High CI
2021-03-01,2021-12-10,201,2023-04-23,499,2023-04-24,True,0.0144697049291337,0.0420838445079757,6.620661452590574,-0.0015488750307852,-6.087437264003043e-05,0.0001149714793183,0.0001300927757447,0.9,7.987276961785766,2.0577439208843447,1.3415503096994237,True,200,0.4230769230769231,2022-01-05,473,473,0,0,High CI
2021-01-25,2021-12-10,226,2023-03-27,472,2023-04-24,True,0.0140804820014827,0.0448067539870619,6.495137581034849,-0.001180501346694,-5.98003438463196e-05,-4.306433309044696e-05,7.36927262941399e-05,0.9,10.294302678564453,-2.5174805595586847,1.4005139502302772,True,225,0.4230769230769231,2022-01-05,446,446,0,0,High CI
2020-12-15,2021-12-10,251,2023-04-09,485,2023-04-24,True,0.0140324909482799,0.0494246113556034,6.47065614100324,-0.0010730721282137,-5.776583741138837e-05,2.455057578978101e-07,5.776635911078452e-05,0.9,12.132082654763574,3.1373426627517005,1.3780376013196365,True,250,0.4230769230769231,2022-01-05,459,459,0,0,High CI
2020-11-10,2021-12-10,276,2022-12-07,362,2023-04-24,True,0.0134939805999607,0.0502561534312643,6.403008127927686,-0.0010611249734503,5.446152353047608e-05,4.920852150297729e-05,7.339983742331844e-05,0.9,9.146616091233565,0.7347710679426948,1.4225039999257834,True,275,0.4230769230769231,2022-01-05,336,336,0,0,High CI
2020-10-06,2021-12-10,301,2023-04-23,499,2023-04-24,True,0.0183246497210699,0.1010736290073726,6.586262474794206,-0.0014751009916339,-1.7399404661726925e-05,0.000144386120669,0.0001454307090144,0.9,6.0,1.690724113708801,1.5214472255861866,True,300,0.4230769230769231,2022-01-05,473,473,0,0,High CI
2020-09-01,2021-12-10,326,2023-04-20,496,2023-04-24,True,0.0188715523421287,0.1161001690233557,6.526918581009531,-0.0012517631725172,8.479998953964479e-05,-7.444885913366597e-06,8.512616843360747e-05,0.9,8.656546929232704,-0.0875689524490641,1.528821937325943,True,325,0.4230769230769231,2022-01-05,470,470,0,0,High CI
2020-07-28,2021-12-10,351,2023-02-05,422,2023-04-24,True,0.0192793270229274,0.1304640501104004,6.472984440882136,-0.0012008903015314,-8.368110392794272e-05,-1.7204050011025032e-05,8.543129690798918e-05,0.9,9.356440899314334,-2.938827322716843,1.3521291289068025,True,350,0.4230769230769231,2022-01-05,396,396,0,0,High CI
2020-06-23,2021-12-10,376,2023-04-19,495,2023-04-24,True,0.0194261871322948,0.141893656683601,6.520912072837679,-0.0012161431289656,-7.863449430824425e-05,-3.3925094386860982e-06,7.870764140415383e-05,0.9,11.091522760367036,-3.098476626810084,1.2537736171999785,True,375,0.4230769230769231,2022-01-05,469,469,0,0,High CI
2020-05-15,2021-12-10,401,2023-04-01,477,2023-04-24,True,0.0207135588344444,0.1720496593547846,6.512059001094216,-0.0012214315816563,6.158241423483612e-05,-4.401776475263253e-05,7.569648179941421e-05,0.9,10.552078181407442,-0.6205754891477548,1.3762519877698534,True,400,0.4230769230769231,2022-01-05,451,451,0,0,High CI
2020-04-07,2021-12-10,426,2022-10-05,299,2023-04-24,True,0.0239167837778192,0.2436773447131317,6.375417927585484,-0.0011119349784631,5.8001605468539145e-05,-7.747974423953551e-05,9.678479738239836e-05,0.9,6.0,-0.9281895958664368,1.7233103884124237,True,425,0.4230769230769231,2022-01-05,273,273,0,0,High CI
2020-03-03,2021-12-10,451,2023-04-24,500,2023-04-24,True,0.0344736133480113,0.5359819377879529,6.482299385592938,-0.0011417681269224,2.9864398816116576e-05,7.778569236133103e-05,8.332164336341247e-05,0.9,6.0,1.2042181462941914,2.0554709691860644,True,450,0.4230769230769231,2022-01-05,474,474,0,0,High CI
2021-03-02,2021-12-13,201,2023-04-18,491,2023-04-27,True,0.0144943371632225,0.042227247770036,6.6758022012156335,-0.0017585570186709,0.0001457955111502,0.0001032142648771,0.0001786323474225,0.9,6.795023865075401,0.6160340134893543,1.3039107683159117,True,200,0.4230769230769231,2022-01-05,468,468,0,0,High CI
2021-01-26,2021-12-13,226,2023-03-14,456,2023-04-27,True,0.0141164061310718,0.0450356803849639,6.493805425887175,-0.0012058798831702,-3.0064784543816213e-05,-7.610689010799024e-05,8.183000666977727e-05,0.9,9.436716884904696,-1.9470140716922573,1.4054423867097527,True,225,0.4230769230769231,2022-01-05,433,433,0,0,High CI
2020-12-16,2021-12-13,251,2023-02-07,421,2023-04-27,True,0.0140625784373414,0.0496367841889014,6.431792206689639,-0.0010490286396921,6.33661972840452e-05,7.600336855543969e-06,6.38203735382227e-05,0.9,10.869747830339652,0.1193728134261711,1.3609778085085067,True,250,0.4230769230769231,2022-01-05,398,398,0,0,High CI
2020-11-11,2021-12-13,276,2023-04-14,487,2023-04-27,True,0.0135170464629446,0.0504281104424676,6.476600006059026,-0.0010889213090123,-5.229983310378066e-05,-3.0625236733441605e-05,6.0606746057370974e-05,0.9,11.22816462921975,-2.611850687303846,1.4401550999296515,True,275,0.4230769230769231,2022-01-05,464,464,0,0,High CI
2020-10-07,2021-12-13,301,2023-04-26,499,2023-04-27,True,0.0183220403946711,0.1010448464314119,6.588079552967538,-0.0014760573929427,-2.1017352540642287e-05,0.000145238140519,0.0001467509678647,0.9,6.0,1.7145083121365623,1.5087369586917518,True,300,0.4230769230769231,2022-01-05,476,476,0,0,High CI
2020-09-02,2021-12-13,326,2023-04-17,490,2023-04-27,True,0.0188519729025779,0.1158593836361681,6.522902678313871,-0.0012470445745059,-1.3646354175622232e-05,-8.672250868243759e-05,8.778961495793216e-05,0.9,8.411862031943905,-1.7268730577462994,1.5198096631799798,True,325,0.4230769230769231,2022-01-05,467,467,0,0,High CI
2020-07-29,2021-12-13,351,2023-03-25,467,2023-04-27,True,0.019256646637092,0.1301572723367455,6.5028339958126935,-0.0012100192341096,2.658011285981346e-06,8.040144951842307e-05,8.044537344471674e-05,0.9,9.936693382274,1.5377491166923776,1.3623598063367826,True,350,0.4230769230769231,2022-01-05,444,444,0,0,High CI
2020-06-24,2021-12-13,376,2023-04-23,496,2023-04-27,True,0.0194348597208143,0.1420203784102666,6.521732304612348,-0.0012118367170422,-7.841840369880384e-05,6.774219166188683e-06,7.871045727208127e-05,0.9,11.06261064297268,3.055421001293402,1.2525542749814944,True,375,0.4230769230769231,2022-01-05,473,473,0,0,High CI
2020-05-18,2021-12-13,401,2023-04-07,480,2023-04-27,True,0.0202718460070963,0.1647900439547058,6.513288867077829,-0.0012148531704594,7.685875251509333e-05,-1.2813083544729268e-06,7.686943208633459e-05,0.9,10.631646628443876,-0.0166694050020148,1.3378643927250593,True,400,0.4230769230769231,2022-01-05,457,457,0,0,High CI
2020-04-08,2021-12-13,426,2022-10-18,309,2023-04-27,True,0.0238105969092635,0.2415183677247337,6.382598371876568,-0.0011133951399957,8.812698906494911e-05,3.676223730313976e-05,9.548732006494903e-05,0.9,6.187439307246667,0.3952035001297915,1.6960364208058367,True,425,0.4230769230769231,2022-01-05,286,286,0,0,High CI
2020-03-04,2021-12-13,451,2023-04-27,500,2023-04-27,True,0.0336853784955185,0.5117518306982414,6.492469913422021,-0.0011655872124723,2.174743151725408e-05,7.72407258468984e-05,8.024388143000919e-05,0.9,6.0,1.2963472278423105,2.17883380957034,True,450,0.4230769230769231,2022-01-05,477,477,0,0,High CI
2021-01-27,2021-12-14,226,2023-04-16,488,2023-04-28,True,0.0141748709650862,0.045409494514167,6.530006506323639,-0.0012702306998587,-1.805696501488482e-05,8.930640492528687e-05,9.111359912893396e-05,0.9,8.95918414235021,1.7702978743553364,1.4004688359308437,True,225,0.3846153846153846,2022-01-05,466,466,0,0,High CI
2020-12-17,2021-12-14,251,2023-04-15,487,2023-04-28,True,0.0141426024196768,0.0502033140034636,6.468060616325151,-0.0010580123009266,1.5487311680151424e-05,5.654726671764892e-05,5.862977226900238e-05,0.9,11.838873578531366,1.3034692626206994,1.371843709605504,True,250,0.3846153846153846,2022-01-05,465,465,0,0,High CI
2020-11-12,2021-12-14,276,2023-04-22,494,2023-04-28,True,0.0135879249597857,0.0509583505007241,6.477766941795977,-0.0010813963848084,-6.033150589418304e-05,1.0072338221039142e-05,6.116651535520761e-05,0.9,11.103238548730102,2.9761684210201964,1.4330588077932365,True,275,0.3846153846153846,2022-01-05,472,472,0,0,High CI
2020-10-08,2021-12-14,301,2023-04-18,490,2023-04-28,True,0.0183511536271175,0.1013662166732668,6.576847649701892,-0.0014578321068251,-8.190733012879305e-06,0.0001462235617081,0.0001464527845618,0.9,6.0,1.6267529888613974,1.4931420845155183,True,300,0.3846153846153846,2022-01-05,468,468,0,0,High CI
2020-09-03,2021-12-14,326,2023-04-16,488,2023-04-28,True,0.018770348913585,0.1148582754580973,6.51808863691798,-0.0012410437584791,-3.07817886560759e-05,8.751702722182337e-05,9.277256365226034e-05,0.9,8.011321757409927,1.9090056665562456,1.5028162126108604,True,325,0.3846153846153846,2022-01-05,466,466,0,0,High CI
2020-07-30,2021-12-14,351,2023-04-20,492,2023-04-28,True,0.0192640588755863,0.1302574914910814,6.516846881716942,-0.0012087484762258,-7.79782056637754e-05,-1.09975266761017e-05,7.874989620014506e-05,0.9,10.14593517451044,-3.00148338181686,1.3615587198851131,True,350,0.3846153846153846,2022-01-05,470,470,0,0,High CI
2020-06-25,2021-12-14,376,2023-04-27,499,2023-04-28,True,0.0194683943689743,0.1425109106190228,6.520779314907962,-0.0012040943470536,-7.469369542101485e-05,2.680765496564995e-05,7.935866997628344e-05,0.9,11.017285620398352,2.7970101703349712,1.2394643439120248,True,375,0.3846153846153846,2022-01-05,477,477,0,0,High CI
2020-05-19,2021-12-14,401,2023-04-17,489,2023-04-28,True,0.0201642829335742,0.1630459207963191,6.515819862429909,-0.0012076116529402,6.760876893482196e-05,3.784427576173529e-05,7.7479899617981e-05,0.9,10.692767899536957,0.5103009959177646,1.3118694396898454,True,400,0.3846153846153846,2022-01-05,467,467,0,0,High CI
2020-04-09,2021-12-14,426,2022-10-27,317,2023-04-28,True,0.0237076989366207,0.2394354252583851,6.3857420658439175,-0.0011085696351318,4.062296121081632e-05,8.70282452109189e-05,9.60423887771817e-05,0.9,6.290289728254383,1.1340768892581723,1.6514745500323478,True,425,0.3846153846153846,2022-01-05,295,295,0,0,High CI
2020-03-05,2021-12-14,451,2023-04-28,500,2023-04-28,True,0.0327025359646187,0.4823245921912494,6.5024404926889625,-0.00119168408774,1.419372540217758e-05,7.62512597849377e-05,7.756104988705657e-05,0.9,6.0,1.386758506870044,2.304669849380616,True,450,0.3846153846153846,2022-01-05,478,478,0,0,High CI
2021-01-28,2021-12-15,226,2023-04-18,489,2023-04-29,True,0.0142258416857344,0.045736653196873,6.545189887083194,-0.0013263319279926,-9.875272641835772e-05,3.8221090502531046e-05,0.0001058912306768,0.9,8.137038985397956,2.772309823209259,1.3853781738894282,True,225,0.3846153846153846,2022-01-05,468,468,0,0,High CI
2020-12-18,2021-12-15,251,2023-04-13,484,2023-04-29,True,0.0142031920873287,0.0506343970328592,6.463953437050129,-0.0010511136132792,3.238655989025994e-05,-5.051658884280686e-05,6.0006791364299694e-05,0.9,11.493565010116532,-1.000697904244034,1.3716301046213908,True,250,0.3846153846153846,2022-01-05,463,463,0,0,High CI
2020-11-13,2021-12-15,276,2023-04-25,496,2023-04-29,True,0.0136288737768445,0.0512659513173442,6.475833752070415,-0.001072258453762,-4.2198479855140233e-05,4.51992275836612e-05,6.183592706707223e-05,0.9,10.998821836036566,2.321873573717616,1.418910311733028,True,275,0.3846153846153846,2022-01-05,475,475,0,0,High CI
2020-10-09,2021-12-15,301,2023-04-17,488,2023-04-29,True,0.0183512192074116,0.1013669411659411,6.574841151110397,-0.001454471270364,-6.35189810154743e-06,0.0001475137415649,0.0001476504336599,0.9,6.0,1.613829447846967,1.477616320836619,True,300,0.3846153846153846,2022-01-05,467,467,0,0,High CI
2020-09-04,2021-12-15,326,2023-04-21,492,2023-04-29,True,0.0187428756788974,0.1145222967209615,6.517901024132709,-0.0012364796781343,8.846805958164393e-05,3.842435010230144e-05,9.645220706093528e-05,0.9,7.774349104409015,0.409746794843642,1.4840662343312068,True,325,0.3846153846153846,2022-01-05,471,471,0,0,High CI
2020-07-31,2021-12-15,351,2023-04-21,492,2023-04-29,True,0.0192970190098547,0.13070360487601,6.514271848249392,-0.0012008278396235,-7.055657702506702e-05,3.700827812183052e-05,7.96733532056796e-05,0.9,10.051211174036316,2.658522653375436,1.3495586530819983,True,350,0.3846153846153846,2022-01-05,471,471,0,0,High CI
2020-06-26,2021-12-15,376,2023-04-26,497,2023-04-29,True,0.0195017896261041,0.1430002442814294,6.517063672751978,-0.0011961435587035,-3.5949127945872095e-05,7.186678986222832e-05,8.035655097856282e-05,0.9,10.90640465750642,2.034619055759121,1.2283522347133533,True,375,0.3846153846153846,2022-01-05,476,476,0,0,High CI
2020-05-20,2021-12-15,401,2023-04-01,472,2023-04-29,True,0.0200049707522361,0.1604797407739272,6.502179625322597,-0.0011938026881927,-8.265677775819223e-06,-8.03280002567718e-05,8.075214581883012e-05,0.9,10.3983426271794,-1.6733345295354862,1.2795488384456446,True,400,0.3846153846153846,2022-01-05,451,451,0,0,High CI
2020-04-14,2021-12-15,426,2022-10-18,307,2023-04-29,True,0.0236531981512562,0.2383358314653851,6.377612973937564,-0.0010966680440996,9.795792034684928e-05,1.937589985274145e-05,9.985579429248529e-05,0.9,6.160720755262164,0.195277546223294,1.604400924076422,True,425,0.3846153846153846,2022-01-05,286,286,0,0,High CI
2020-03-06,2021-12-15,451,2023-04-29,500,2023-04-29,True,0.0318135715643571,0.4564586043918927,6.511901893443144,-0.0012163531205636,7.027198195164977e-06,7.527703395323571e-05,7.560432100925668e-05,0.9,6.0,1.4777149286180986,2.413261115885257,True,450,0.3846153846153846,2022-01-05,479,479,0,0,High CI
2021-01-29,2021-12-16,226,2023-04-19,489,2023-04-30,True,0.0142297574964935,0.0457618356404372,6.543434786079473,-0.0013179132356665,-0.0001040638548144,1.372706677132729e-05,0.0001049653192297,0.9,8.172340277583821,3.010439818024278,1.3827289532669602,True,225,0.3846153846153846,2022-01-05,469,469,0,0,High CI
2020-12-21,2021-12-16,251,2023-04-28,498,2023-04-30,True,0.0142086302865447,0.0506731788295491,6.470921585793104,-0.0010504035256768,4.933878146017196e-05,3.2365312845681075e-05,5.9007023578328505e-05,0.9,11.698257542014694,0.5805684424613785,1.369537074115749,True,250,0.3846153846153846,2022-01-05,478,478,0,0,High CI
2020-11-16,2021-12-16,276,2023-03-20,459,2023-04-30,True,0.0136266041057725,0.051248877689706,6.4532099904976015,-0.0010591700746224,-3.743978199689368e-05,-5.347687375922569e-05,6.52802673327483e-05,0.9,10.399147197494448,-2.1815972160296444,1.4041986833541893,True,275,0.3846153846153846,2022-01-05,439,439,0,0,High CI
2020-10-12,2021-12-16,301,2023-04-18,488,2023-04-30,True,0.0183098363614317,0.1009102823823047,6.579960230147057,-0.0014683613320654,-9.973661485870102e-06,0.0001492088375181,0.0001495418039109,0.9,6.0,1.6375406765362994,1.472860391205305,True,300,0.3846153846153846,2022-01-05,468,468,0,0,High CI
2020-09-07,2021-12-16,326,2023-04-28,498,2023-04-30,True,0.018728712910768,0.114349288057834,6.521607792036307,-0.0012382020737641,9.5695415737962e-05,1.8131774065145755e-05,9.739801755688294e-05,0.9,7.72892899852401,0.1872540315373202,1.4803506593746047,True,325,0.3846153846153846,2022-01-05,478,478,0,0,High CI
2020-08-03,2021-12-16,351,2023-04-15,485,2023-04-30,True,0.0192964528398513,0.1306959353624125,6.508700802120226,-0.0011955215781985,-2.0342584663545533e-05,7.816314250993342e-05,8.076693381466006e-05,0.9,9.939681641309226,1.8254060519196929,1.3402748189138818,True,350,0.3846153846153846,2022-01-05,465,465,0,0,High CI
2020-06-29,2021-12-16,376,2023-04-25,495,2023-04-30,True,0.0195006926110088,0.1429841566282043,6.5154120604461685,-0.0011924085132188,-1.5991739499266974e-05,7.927693899337855e-05,8.087378307197136e-05,0.9,10.868236205270644,1.7698451282581338,1.220958071007888,True,375,0.3846153846153846,2022-01-05,475,475,0,0,High CI
2020-05-22,2021-12-16,401,2023-04-25,495,2023-04-30,True,0.0198566843178559,0.1581094527516933,6.515976783806616,-0.0011959868510736,4.631502772818882e-05,6.423745366805031e-05,7.91930063024369e-05,0.9,10.744193498856903,0.946116804536711,1.2650516672775298,True,400,0.3846153846153846,2022-01-05,475,475,0,0,High CI
2020-04-15,2021-12-16,426,2022-10-11,299,2023-04-30,True,0.0235980761021628,0.2372262773781974,6.373010902733155,-0.0010932413096266,9.939858045166668e-05,-2.108575850970721e-05,0.0001016104670185,0.9,6.110758818432776,-0.2090346028218064,1.584619341619265,True,425,0.3846153846153846,2022-01-05,279,279,0,0,High CI
2020-03-09,2021-12-16,451,2023-04-30,500,2023-04-30,True,0.0312395833540601,0.4401361172290072,6.520131493397541,-0.0012374158567834,1.019327073128616e-06,7.420351889757612e-05,7.421051976953772e-05,0.9,6.0,1.5570602805946712,2.501159931151795,True,450,0.3846153846153846,2022-01-05,480,480,0,0,High CI
2021-02-01,2021-12-17,226,2023-04-28,497,2023-05-01,True,0.0141774127144895,0.0454257810685954,6.5251014433164425,-0.0012393044601771,7.723675569518905e-05,4.890819037874062e-05,9.141951387117224e-05,0.9,8.758105026848929,0.5644915689724115,1.3930652716434848,True,225,0.3846153846153846,2022-01-05,478,478,0,0,High CI
2020-12-22,2021-12-17,251,2023-04-18,487,2023-05-01,True,0.0141092416335999,0.0499667455683031,6.460464570509909,-0.0010319436755849,4.331274097762883e-05,3.996420237378262e-05,5.893327584962353e-05,0.9,11.75578938051027,0.7452101406513968,1.340559591461604,True,250,0.3846153846153846,2022-01-05,468,468,0,0,High CI
2020-11-17,2021-12-17,276,2023-04-15,484,2023-05-01,True,0.0136446562894887,0.0513847540912863,6.466445472961073,-0.001060327207211,6.354482543574448e-05,4.033837602258244e-06,6.36727310978619e-05,0.9,10.680496458710532,0.0633951262966277,1.403257900298141,True,275,0.3846153846153846,2022-01-05,465,465,0,0,High CI
2020-10-13,2021-12-17,301,2023-04-29,498,2023-05-01,True,0.0182468447517808,0.1002171503620731,6.593816430381905,-0.0014908505867991,-2.741552355341217e-05,0.0001508292818776,0.0001533006301469,0.9,6.0,1.75059859725954,1.458751916450597,True,300,0.3846153846153846,2022-01-05,479,479,0,0,High CI
2020-09-08,2021-12-17,326,2023-04-14,483,2023-05-01,True,0.0186670722989625,0.113597825757991,6.511108993611122,-0.0012357414873229,-9.473829859931796e-05,-4.2380989182676265e-05,0.0001037858057038,0.9,7.307531638205952,-2.7209463132982457,1.4664304544426956,True,325,0.3846153846153846,2022-01-05,464,464,0,0,High CI
2020-08-04,2021-12-17,351,2023-04-26,495,2023-05-01,True,0.0193018895286599,0.1307695917211834,6.513907594727122,-0.0011934229625316,-5.920530886821909e-05,5.422785109605738e-05,8.028653954852826e-05,0.9,10.004082800436182,2.400046453965057,1.3372631646385589,True,350,0.3846153846153846,2022-01-05,476,476,0,0,High CI
2020-06-30,2021-12-17,376,2023-04-28,497,2023-05-01,True,0.0195132659666839,0.1431685983061409,6.515019704954573,-0.0011878502966235,-6.858601216952004e-06,8.093801239097699e-05,8.122808787885579e-05,0.9,10.846533647982538,1.655333306294804,1.2134084697667753,True,375,0.3846153846153846,2022-01-05,478,478,0,0,High CI
2020-05-25,2021-12-17,401,2023-04-27,496,2023-05-01,True,0.0196636059559342,0.1550496170752918,6.515137586136453,-0.0011900673180343,3.953168169263146e-05,6.978415194372001e-05,8.02033772353243e-05,0.9,10.756948975943516,1.055384771363474,1.2414586915165169,True,400,0.3846153846153846,2022-01-05,477,477,0,0,High CI
2020-04-16,2021-12-17,426,2022-10-17,304,2023-05-01,True,0.0233764488677147,0.2327912620692405,6.377089111446476,-0.0010952278571731,6.703247382223442e-05,7.542551599632448e-05,0.0001009076855845,0.9,6.2665427720050655,0.8442460481186413,1.5588155785472024,True,425,0.3846153846153846,2022-01-05,285,285,0,0,High CI
2020-03-10,2021-12-17,451,2023-05-01,500,2023-05-01,True,0.0311575611844586,0.4378279221524418,6.522274564012709,-0.0012422391277241,-1.2396835384883905e-06,7.44514376890047e-05,7.446175789783202e-05,0.9,6.0,1.5874456894876934,2.502437149204802,True,450,0.3846153846153846,2022-01-05,481,481,0,0,High CI
2021-02-02,2021-12-20,226,2023-04-02,468,2023-05-04,True,0.014245461245219,0.0458628955361223,6.513861613812878,-0.0012674955114483,2.255267600812367e-05,-0.000108089388888,0.0001104171145489,0.9,7.5413635622253885,-1.3650990139658896,1.369943535674828,True,225,0.3846153846153846,2022-01-05,452,452,0,0,High CI
2020-12-23,2021-12-20,251,2023-04-21,487,2023-05-04,True,0.014160836437129,0.0503328514383794,6.456063304908615,-0.0010155203961606,5.919323386682342e-05,3.5486552775112893e-06,5.929951003078406e-05,0.9,11.64926072059184,0.0598786862642253,1.3230665497853666,True,250,0.3846153846153846,2022-01-05,471,471,0,0,High CI
2020-11-18,2021-12-20,276,2023-05-03,499,2023-05-04,True,0.013733653985695,0.0520572574964682,6.471435931759628,-0.001051391574211,6.388385612688752e-05,3.605112010803604e-06,6.398549762447195e-05,0.9,10.640324505585026,0.056372494945365,1.3898584656175923,True,275,0.3846153846153846,2022-01-05,483,483,0,0,High CI
2020-10-14,2021-12-20,301,2023-05-04,500,2023-05-04,True,0.0182581891434664,0.1003418027103775,6.594487985325155,-0.0014875130522592,-3.1601243682479114e-05,0.0001521814723537,0.0001554279226202,0.9,6.0,1.775541511796801,1.4355654638971014,True,300,0.3846153846153846,2022-01-05,484,484,0,0,High CI
2020-09-09,2021-12-20,326,2023-04-13,479,2023-05-04,True,0.0186816157287606,0.1137749017932877,6.503266127947371,-0.0012240274610213,5.613267471897188e-05,9.629569880240136e-05,0.0001114618265548,0.9,6.928192434060759,1.043030436351933,1.4265518888381912,True,325,0.3846153846153846,2022-01-05,463,463,0,0,High CI
2020-08-05,2021-12-20,351,2023-05-01,497,2023-05-04,True,0.0193543884907476,0.1314819162016258,6.51257305345324,-0.0011832611442143,-1.3111760081927525e-05,8.022780524160963e-05,8.129218281195108e-05,0.9,9.894634708007285,1.7327957483498029,1.3239590794666156,True,350,0.3846153846153846,2022-01-05,481,481,0,0,High CI
2020-07-01,2021-12-20,376,2023-05-03,499,2023-05-04,True,0.0195718623753696,0.1440297316119948,6.514288270399976,-0.001178861288105,1.6936238803415117e-05,8.008687501896293e-05,8.185807067790746e-05,0.9,10.793218521232673,1.3623934432557037,1.200861002218846,True,375,0.3846153846153846,2022-01-05,483,483,0,0,High CI
2020-05-26,2021-12-20,401,2023-05-03,499,2023-05-04,True,0.0195961944705168,0.1539883459282525,6.514617794496328,-0.0011802546892801,4.240333957677206e-05,6.9287361631016e-05,8.123288551473616e-05,0.9,10.741375842619044,1.0216055095682834,1.2173808080849635,True,400,0.3846153846153846,2022-01-05,483,483,0,0,High CI
2020-04-17,2021-12-20,426,2022-11-01,316,2023-05-04,True,0.0232063315150589,0.2294154083367847,6.38349958898501,-0.0010910095469679,-5.079395947164397e-05,8.689722871922233e-05,0.0001006536371816,0.9,6.439568003173443,2.0997624940815847,1.5149030974285738,True,425,0.3846153846153846,2022-01-05,300,300,0,0,High CI
2020-03-11,2021-12-20,451,2023-05-04,500,2023-05-04,True,0.0311352943059663,0.4372023547351332,6.523128494829361,-0.0012411076087705,-3.673631708419505e-06,7.555107026796724e-05,7.564033175868828e-05,0.9,6.0,1.619382542147701,2.461202072850514,True,450,0.3846153846153846,2022-01-05,484,484,0,0,High CI
2021-02-03,2021-12-21,226,2023-04-03,468,2023-05-05,True,0.014257193877396,0.045938472460231,6.512187117692848,-0.0012627956013233,-4.033914972537708e-05,-0.0001045034241223,0.0001120188049117,0.9,7.452625317582886,-1.9391826821309563,1.361367402454441,True,225,0.3846153846153846,2022-01-05,453,453,0,0,High CI
2020-12-28,2021-12-21,251,2023-04-22,487,2023-05-05,True,0.0141674371462925,0.0503797850988314,6.4535561310726335,-0.0010069956597433,5.854882147598384e-05,-1.0280223741402402e-05,5.944449088351183e-05,0.9,11.614207039300643,-0.173812049072944,1.312710420082267,True,250,0.3846153846153846,2022-01-05,472,472,0,0,High CI
2020-11-19,2021-12-21,276,2023-04-24,489,2023-05-05,True,0.0137489266598106,0.0521731036659312,6.464225883379723,-0.0010442842218877,-3.626734715601301e-05,-5.494171670969954e-05,6.583245935512088e-05,0.9,10.324206554212855,-2.154243044016918,1.3828162079550894,True,275,0.3846153846153846,2022-01-05,474,474,0,0,High CI
2020-10-15,2021-12-21,301,2023-05-05,500,2023-05-05,True,0.018232493915793,0.1000595741512184,6.597118020276963,-0.0014942637484457,-3.401381918555918e-05,0.0001534423434856,0.000157167085199,0.9,6.0,1.788940559314128,1.4261227914417662,True,300,0.3846153846153846,2022-01-05,485,485,0,0,High CI
2020-09-10,2021-12-21,326,2023-04-16,481,2023-05-05,True,0.018585456247353,0.1126066539586617,6.503588463353943,-0.00122852246625,6.0834378108052633e-05,-0.0001024445558225,0.0001191457451085,0.9,6.604653476137319,-1.0349279092418666,1.4050670139702914,True,325,0.3846153846153846,2022-01-05,466,466,0,0,High CI
2020-08-06,2021-12-21,351,2023-04-28,493,2023-05-05,True,0.019354919148311,0.1314891262284181,6.508251914781613,-0.0011771603379265,6.43630949693845e-05,5.154833401652582e-05,8.246113468730175e-05,0.9,9.742055079284402,0.6752888311416263,1.3187978889179948,True,350,0.3846153846153846,2022-01-05,478,478,0,0,High CI
2020-07-02,2021-12-21,376,2023-05-04,499,2023-05-05,True,0.0195867704385399,0.1442492326557359,6.512718905962982,-0.0011736737962245,4.315171785061532e-05,7.019074058546576e-05,8.239424019550919e-05,0.9,10.740793528476928,1.019581509256479,1.193594191155116,True,375,0.3846153846153846,2022-01-05,484,484,0,0,High CI
2020-05-27,2021-12-21,401,2023-04-22,487,2023-05-05,True,0.0195406197249513,0.1531161635132976,6.505346581840542,-0.0011710536825495,7.410588179178554e-05,-3.8269667621899545e-05,8.34041316484307e-05,0.9,10.539991312223885,-0.4766961754130017,1.198923562649575,True,400,0.3846153846153846,2022-01-05,472,472,0,0,High CI
2020-04-20,2021-12-21,426,2022-09-25,278,2023-05-05,True,0.0231261811870011,0.227833429181246,6.359320875379774,-0.0010718971491471,4.708333328568784e-05,-9.88035386965496e-05,0.0001094485245777,0.9,6.0,-1.1260964043711144,1.4690428490684864,True,425,0.3846153846153846,2022-01-05,263,263,0,0,High CI
2020-03-12,2021-12-21,451,2023-05-05,500,2023-05-05,True,0.0311084312521015,0.4364482572299933,6.523974901674746,-0.0012424502778539,-5.121437705438647e-06,7.601736692986365e-05,7.618969221043104e-05,0.9,6.0,1.6380666131468848,2.4460991542446853,True,450,0.3846153846153846,2022-01-05,485,485,0,0,High CI
2021-02-04,2021-12-22,226,2023-04-04,468,2023-05-06,True,0.0142569448872184,0.0459368679188839,6.514868659433331,-0.0012703618150389,-6.447288854599979e-05,-9.327423868101224e-05,0.0001133879930106,0.9,7.413181851403848,-2.175604387739155,1.3601857430740647,True,225,0.3846153846153846,2022-01-05,454,454,0,0,High CI
2020-12-29,2021-12-22,251,2023-04-23,487,2023-05-06,True,0.0141638885026936,0.0503545501167008,6.452938474546557,-0.0010036522916947,5.914516818486632e-05,4.011674712272191e-06,5.928106319570532e-05,0.9,11.65007920692723,0.0677238690329893,1.307919238356874,True,250,0.3846153846153846,2022-01-05,473,473,0,0,High CI
2020-11-20,2021-12-22,276,2023-04-24,488,2023-05-06,True,0.0137461109553752,0.0521517363257065,6.46362665677775,-0.00104260135524,-2.308010253935792e-05,-6.152020593411188e-05,6.57071295325158e-05,0.9,10.359885785235022,-1.9297098581853045,1.3784573454591875,True,275,0.3846153846153846,2022-01-05,474,474,0,0,High CI
2020-10-16,2021-12-22,301,2023-05-06,500,2023-05-06,True,0.0182308475367917,0.1000415043748334,6.597072353398296,-0.0014924295241091,-3.4908859486795264e-05,0.0001531403792278,0.0001570687881812,0.9,6.0,1.7949200074956015,1.4252636135323875,True,300,0.3846153846153846,2022-01-05,486,486,0,0,High CI
2020-09-11,2021-12-22,326,2023-04-22,486,2023-05-06,True,0.0185116332763007,0.111713864697336,6.509332864681803,-0.0012415226159369,-6.553661144783552e-05,-0.0001054673750144,0.0001241709089622,0.9,6.426352449105031,-2.126797111046275,1.4002730936567465,True,325,0.3846153846153846,2022-01-05,472,472,0,0,High CI
2020-08-07,2021-12-22,351,2023-04-29,493,2023-05-06,True,0.0193528727766862,0.1314613233334221,6.508213237048044,-0.001175867393479,7.174166721975406e-05,4.098769028320011e-05,8.26247999708409e-05,0.9,9.716521115902175,0.5190667965300819,1.318194930736453,True,350,0.3846153846153846,2022-01-05,479,479,0,0,High CI
2020-07-03,2021-12-22,376,2023-04-29,493,2023-05-06,True,0.0195766671408346,0.1441004570249809,6.508223456616125,-0.0011700455788202,8.307198192535327e-05,3.789068691050624e-06,8.315835028757918e-05,0.9,10.606298753535096,0.0455802814779816,1.1939209371441968,True,375,0.3846153846153846,2022-01-05,479,479,0,0,High CI
2020-05-28,2021-12-22,401,2023-05-05,499,2023-05-06,True,0.0194678649185118,0.1519781035586545,6.512488758304713,-0.0011717508110589,4.879644255724526e-05,6.666609190650742e-05,8.261634593910233e-05,0.9,10.726866472954155,0.9389457317299564,1.1899779527647452,True,400,0.3846153846153846,2022-01-05,485,485,0,0,High CI
2020-04-21,2021-12-22,426,2022-10-12,294,2023-05-06,True,0.0230666479668434,0.2266619258295958,6.370146213686131,-0.0010794067136528,8.462095469771846e-05,6.369107681108042e-05,0.0001059115632936,0.9,6.24931785505959,0.6452033659566799,1.4677484535968617,True,425,0.3846153846153846,2022-01-05,280,280,0,0,High CI
2020-03-13,2021-12-22,451,2023-05-06,500,2023-05-06,True,0.0308173469356085,0.4283187013394982,6.517023610874933,-0.001222589895024,-1.245755247620173e-06,7.774154462910425e-05,7.77515251776837e-05,0.9,6.0,1.586819273626646,2.358648062973818,True,450,0.3846153846153846,2022-01-05,486,486,0,0,High CI
2021-02-05,2021-12-23,226,2023-04-05,468,2023-05-07,True,0.0142649413605898,0.0459884127567608,6.519419762501926,-0.001280468158069,1.794640682232011e-05,-0.0001106784189474,0.0001121239757524,0.9,7.5271531724788705,-1.4100463066206252,1.3654696451325732,True,225,0.3846153846153846,2022-01-05,455,455,0,0,High CI
2020-12-30,2021-12-23,251,2023-04-24,487,2023-05-07,True,0.014167442288379,0.0503798216696325,6.454238753257145,-0.0010056997900415,4.599955247959662e-05,3.683185822153032e-05,5.892830057259478e-05,0.9,11.739989460841873,0.675167845015873,1.3083358602598938,True,250,0.3846153846153846,2022-01-05,474,474,0,0,High CI
2020-11-23,2021-12-23,276,2023-04-21,484,2023-05-07,True,0.013753219785155,0.0522056910306232,6.462958708195788,-0.0010449022273869,-1.4318474315863124e-05,-6.390155211375358e-05,6.548608301983557e-05,0.9,10.388254691336051,-1.791226203352762,1.3823771968914558,True,275,0.3846153846153846,2022-01-05,471,471,0,0,High CI
2020-10-19,2021-12-23,301,2023-05-07,500,2023-05-07,True,0.0182287529285643,0.1000185174325238,6.603424015090194,-0.0015087772415213,-3.922147576541509e-05,0.0001532964703359,0.0001582344209667,0.9,6.0,1.8212767618895,1.4302614111743224,True,300,0.3846153846153846,2022-01-05,487,487,0,0,High CI
2020-09-14,2021-12-23,326,2023-04-03,466,2023-05-07,True,0.0184380294826647,0.110827263572378,6.5032692003722765,-0.0012609858593514,-3.968785574766262e-05,0.0001255537727655,0.000131677164875,0.9,6.099716742978139,1.8769597723344609,1.4129688605058208,True,325,0.3846153846153846,2022-01-05,453,453,0,0,High CI
2020-08-10,2021-12-23,351,2023-04-30,493,2023-05-07,True,0.0193482260659704,0.1313982020168647,6.509666800092449,-0.0011783450420661,6.598702881164878e-05,4.920398794216678e-05,8.231233443902718e-05,0.9,9.732148869477228,0.6407186919133345,1.323857761437952,True,350,0.3846153846153846,2022-01-05,480,480,0,0,High CI
2020-07-06,2021-12-23,376,2023-04-05,468,2023-05-07,True,0.0195850822993645,0.144224368701004,6.493206658828564,-0.0011641236135119,-7.421458206190287e-05,-4.291661919797452e-05,8.573004370701599e-05,0.9,10.254853264564211,-2.617298772270565,1.191733403573462,True,375,0.3846153846153846,2022-01-05,455,455,0,0,High CI
2020-05-29,2021-12-23,401,2023-04-30,493,2023-05-07,True,0.0194510639175534,0.1517158988974249,6.509529809099385,-0.0011708578821855,7.077715792058322e-05,4.383944098260514e-05,8.325444534066932e-05,0.9,10.679695972857456,0.5545629184436618,1.1851692424250475,True,400,0.3846153846153846,2022-01-05,480,480,0,0,High CI
2020-04-22,2021-12-23,426,2023-04-28,491,2023-05-07,True,0.0228150881934699,0.2217450341914963,6.501602190417275,-0.0011617255278437,-4.055699437737731e-05,6.262964686148349e-05,7.461462630691615e-05,0.9,9.01555377477496,2.1454604221284206,1.5542814567909031,True,425,0.3846153846153846,2022-01-05,478,478,0,0,High CI
2020-03-16,2021-12-23,451,2023-05-07,500,2023-05-07,True,0.0305897576464007,0.4220157060623567,6.511834991461037,-0.0012072390755497,1.8029539763024344e-06,7.886849488797192e-05,7.88891001909308e-05,0.9,6.0,1.5479400518279414,2.2954484319658017,True,450,0.3846153846153846,2022-01-05,487,487,0,0,High CI
2021-02-08,2021-12-27,226,2023-04-24,483,2023-05-11,True,0.0142804159738063,0.046088243366997,6.5274235185521965,-0.0012610405467078,-0.0001005952418366,1.3540317251478054e-07,0.0001005953329642,0.9,8.193914916669732,3.1402466347496407,1.3768996126620896,True,225,0.3846153846153846,2022-01-05,474,474,0,0,High CI
2021-01-04,2021-12-27,251,2023-05-06,495,2023-05-11,True,0.0141708100934304,0.0504037765347216,6.461227751498542,-0.0010087460484627,-5.510956455664104e-05,-1.596700935297665e-05,5.737603587997893e-05,0.9,12.128909536734271,-2.859582375378366,1.3045840352317633,True,250,0.3846153846153846,2022-01-05,486,486,0,0,High CI
2020-11-24,2021-12-27,276,2023-05-01,490,2023-05-11,True,0.0137614236556101,0.0522679915640552,6.4699687031127615,-0.0010502011263255,5.607276704354487e-05,3.0264623842307003e-05,6.371893486426142e-05,0.9,10.714283471214822,0.4949306780025985,1.384469361701921,True,275,0.3846153846153846,2022-01-05,481,481,0,0,High CI
2020-10-20,2021-12-27,301,2023-05-11,500,2023-05-11,True,0.0182346680522703,0.1000834388119228,6.6129658782782,-0.0015287886872791,-4.7928983088359694e-05,0.0001522719011988,0.0001596368357071,0.9,6.0,1.875738080541004,1.4364999285784692,True,300,0.3846153846153846,2022-01-05,491,491,0,0,High CI
2020-09-15,2021-12-27,326,2023-04-07,466,2023-05-11,True,0.0183693680257622,0.1100033802230823,6.5237347558328524,-0.0014663299219711,2.952102750048433e-05,0.000148217906011,0.0001511292120239,0.8835754960561003,6.009555174678013,1.374195939517587,1.426542172959048,True,325,0.3846153846153846,2022-01-05,457,457,0,0,High CI
2020-08-11,2021-12-27,351,2023-05-04,493,2023-05-11,True,0.0193412972477533,0.1313041085083089,6.513470352859915,-0.0011826635423144,3.421863340174734e-05,7.405236166208864e-05,8.15761432014039e-05,0.9,9.798142108679167,1.1379364385495845,1.3316706128153968,True,350,0.3846153846153846,2022-01-05,484,484,0,0,High CI
2020-07-07,2021-12-27,376,2023-05-04,493,2023-05-11,True,0.0195351347100816,0.1434896795410303,6.512935163673501,-0.0011745726005633,6.62903416237529e-05,4.839016461923867e-05,8.207324426675775e-05,0.9,10.68115217341123,0.6305601932405315,1.2058760558370345,True,375,0.3846153846153846,2022-01-05,484,484,0,0,High CI
2020-06-02,2021-12-27,401,2023-05-09,498,2023-05-11,True,0.0193802813289168,0.1506137170595737,6.515880762063095,-0.0011741718549595,-2.7552025763442483e-05,7.770768729186209e-05,8.244755173999543e-05,0.9,10.864096201679432,1.9115275815792123,1.1797848337655592,True,400,0.3846153846153846,2022-01-05,489,489,0,0,High CI
2020-04-23,2021-12-27,426,2022-10-28,305,2023-05-11,True,0.022649617520621,0.2185402040517601,6.385370935299839,-0.001100399148748,-7.548157275824932e-05,-6.646558039767462e-05,0.0001005740583036,0.9,6.724588314676322,-2.4196258226650915,1.4643371440476194,True,425,0.3846153846153846,2022-01-05,296,296,0,0,High CI
2020-03-17,2021-12-27,451,2023-05-11,500,2023-05-11,True,0.0299328739908569,0.4040856023539855,6.504578168966876,-0.0011821809112953,5.291028534711148e-06,8.076483647784465e-05,8.093796262723761e-05,0.9,6.0,1.5053782696364155,2.190901907316225,True,450,0.3846153846153846,2022-01-05,491,491,0,0,High CI
2021-02-09,2021-12-28,226,2023-05-10,498,2023-05-12,True,0.0143135354922355,0.0463022694129721,6.533731276785018,-0.0012448530293013,1.965212469928388e-05,8.918896437939039e-05,9.132840397304867e-05,0.9,8.854335719115737,1.353919300182567,1.3854751391098166,True,225,0.3846153846153846,2022-01-05,490,490,0,0,High CI
2021-01-05,2021-12-28,251,2023-03-21,448,2023-05-12,True,0.0141982744542982,0.0505993403673744,6.4367321770542585,-0.0010000208253898,-2.6227362683871493e-05,-5.482073158843159e-05,6.0771598343652245e-05,0.9,11.41858972710149,-2.017031795150517,1.2969953706677355,True,250,0.3846153846153846,2022-01-05,440,440,0,0,High CI
2020-11-25,2021-12-28,276,2023-05-09,497,2023-05-12,True,0.0137843345048399,0.0524421742566047,6.477257282252663,-0.0010581738186795,-4.507207211274853e-05,4.302032101079189e-05,6.230762155955229e-05,0.9,10.979453564549267,2.3794811798618984,1.3921230416346015,True,275,0.3846153846153846,2022-01-05,489,489,0,0,High CI
2020-10-21,2021-12-28,301,2023-05-12,500,2023-05-12,True,0.018257844483087,0.1003380144357462,6.620031131311936,-0.0015464759987459,-5.25332681913282e-05,0.0001514863241935,0.0001603366791614,0.9,6.0,1.9046046280520752,1.4467768761651905,True,300,0.3846153846153846,2022-01-05,492,492,0,0,High CI
2020-09-16,2021-12-28,326,2023-05-10,498,2023-05-12,True,0.0182685262278685,0.1087989304754931,6.924046650416603,-0.0249877162419951,-0.0003479223599775,0.0016217151650711,0.0016586169073038,0.5416404273510474,6.0,1.7821325266984904,1.360004355058475,True,325,0.3846153846153846,2022-01-05,490,490,0,0,High CI
2020-08-12,2021-12-28,351,2023-05-10,498,2023-05-12,True,0.0192916102098229,0.1306303447951991,6.519157982620341,-0.001189781871871,-9.014497816023544e-06,8.007217083733198e-05,8.057799770084865e-05,0.9,9.86690965193059,1.6829039535164023,1.3468283023319951,True,350,0.3846153846153846,2022-01-05,490,490,0,0,High CI
2020-07-08,2021-12-28,376,2023-05-09,497,2023-05-12,True,0.019518020548577,0.1432383754266382,6.51755055328355,-0.0011792678304738,1.919638786332157e-05,7.878114052959603e-05,8.108618507577624e-05,0.9,10.77449903088895,1.3317866745123168,1.214817406794031,True,375,0.3846153846153846,2022-01-05,489,489,0,0,High CI
2020-06-03,2021-12-28,401,2023-05-02,490,2023-05-12,True,0.0193861996971648,0.1507057202180406,6.512207250234601,-0.0011747620043205,1.600376562306942e-05,8.146432280390034e-05,8.302142135627537e-05,0.9,10.799004549628789,1.3768153722111591,1.1792842884058132,True,400,0.3846153846153846,2022-01-05,482,482,0,0,High CI
2020-04-24,2021-12-28,426,2023-03-02,429,2023-05-12,True,0.0225299715450557,0.2162374371917556,6.469462456147118,-0.001156672077687,-6.793991235495934e-06,-7.971998686626206e-05,8.000896589048624e-05,0.9,8.547119542491254,-1.655814081776564,1.522279243641716,True,425,0.3846153846153846,2022-01-05,421,421,0,0,High CI
2020-03-18,2021-12-28,451,2023-05-12,500,2023-05-12,True,0.0294462011543842,0.3910525218534308,6.497990973845708,-0.0011628775116943,9.52454168080786e-06,8.194906177650483e-05,8.250070072598688e-05,0.9,6.0,1.455090313667705,2.114304790373921,True,450,0.3846153846153846,2022-01-05,492,492,0,0,High CI
2021-02-10,2021-12-29,226,2023-05-11,498,2023-05-13,True,0.0143364088097798,0.0464503715688163,6.530832361587051,-0.0012309514428192,-7.762843807287246e-05,-3.8739190749495866e-05,8.67577045429374e-05,0.9,9.199218553006974,-2.6787185476107527,1.3881117853260012,True,225,0.4230769230769231,2022-01-05,491,491,0,0,High CI
2021-01-06,2021-12-29,251,2023-04-17,474,2023-05-13,True,0.014199638644852,0.0506090641487382,6.451815321415865,-0.001005542892504,-5.775113802017917e-05,1.305660608265358e-07,5.775128561445212e-05,0.9,12.13768092336896,3.139331817823694,1.2910579518840566,True,250,0.4230769230769231,2022-01-05,467,467,0,0,High CI
2020-11-26,2021-12-29,276,2023-05-07,494,2023-05-13,True,0.0138003282959023,0.0525639408566125,6.4778488656164255,-0.0010619936646905,-5.908912522741072e-05,1.873590871772149e-05,6.198837790763215e-05,0.9,11.05221585088296,2.834541809665234,1.395098286343776,True,275,0.4230769230769231,2022-01-05,487,487,0,0,High CI
2020-10-22,2021-12-29,301,2023-05-11,498,2023-05-13,True,0.0182565941161976,0.1003242718457988,6.621135830242976,-0.0015487918626602,-5.2965115629616e-05,0.0001502617936887,0.0001593232880535,0.9,6.0,1.9096837537004208,1.4581595838073005,True,300,0.4230769230769231,2022-01-05,491,491,0,0,High CI
2020-09-17,2021-12-29,326,2023-05-11,498,2023-05-13,True,0.0181093950326479,0.1069117614342092,6.811211896489842,-0.0120940205999784,-0.0002140271060435,0.0008844643223361,0.00090999161513,0.630848894259104,6.0,1.808217358796611,1.3973571103643356,True,325,0.4230769230769231,2022-01-05,491,491,0,0,High CI
2020-08-13,2021-12-29,351,2023-05-06,493,2023-05-13,True,0.0191800591618633,0.1291240089778546,6.5185139740904505,-0.0011940437032829,4.8582562650424194e-05,6.458329991613024e-05,8.081626087452463e-05,0.9,9.757501847849676,0.9258589945323632,1.3627786996820035,True,350,0.4230769230769231,2022-01-05,486,486,0,0,High CI
2020-07-09,2021-12-29,376,2023-05-12,499,2023-05-13,True,0.0195119868961702,0.1431498298712567,6.520450792180743,-0.0011824415859656,-1.6690950014275463e-05,7.871731739119166e-05,8.04674087419537e-05,0.9,10.83453148309764,1.7797382710346712,1.2206525217286286,True,375,0.4230769230769231,2022-01-05,492,492,0,0,High CI
2020-06-04,2021-12-29,401,2023-05-12,499,2023-05-13,True,0.0193635864585178,0.1503543406951344,6.519404529312292,-0.0011798191656504,-6.812895046210858e-05,4.485285950508992e-05,8.156796489340518e-05,0.9,10.955156847464997,2.5593681745797205,1.1882825774178123,True,400,0.4230769230769231,2022-01-05,492,492,0,0,High CI
2020-04-27,2021-12-29,426,2023-04-20,477,2023-05-13,True,0.0223284495047769,0.2123864140044207,6.50406801841261,-0.0011782787267027,-2.18298647081846e-05,-7.078744593584012e-05,7.40770240715509e-05,0.9,9.373634366871158,-1.869928927591885,1.5272108825878856,True,425,0.4230769230769231,2022-01-05,470,470,0,0,High CI
2020-03-19,2021-12-29,451,2023-05-13,500,2023-05-13,True,0.0284874063440934,0.3660010764162865,6.488151933678597,-0.0011348704119598,1.581606220128046e-05,8.381874776875371e-05,8.529789153945558e-05,0.9,6.0,1.384295553107744,1.995718284727278,True,450,0.4230769230769231,2022-01-05,493,493,0,0,High CI
2020-02-13,2021-12-29,476,2023-01-03,370,2023-05-13,True,0.0484134491837775,1.1156783414502196,9.434979320543992,-1.7808635528435388,0.0184476249145145,0.0118606518025632,0.0219314825346638,0.1,7.021945105793117,0.5713936450300874,1.1563923910236515,True,475,0.4230769230769231,2022-01-05,363,363,0,0,High CI
2021-02-11,2021-12-30,226,2023-04-24,480,2023-05-14,True,0.0143606279463325,0.0466074455129354,6.514106982912086,-0.0012051784662476,-3.438943368420103e-05,-7.621220670161696e-05,8.361180299126462e-05,0.9,9.342832449607824,-1.994674827541884,1.3885058812520303,True,225,0.4230769230769231,2022-01-05,474,474,0,0,High CI
2021-01-07,2021-12-30,251,2023-04-28,484,2023-05-14,True,0.0142018930413629,0.0506251352555369,6.459526700819267,-0.0010126132291834,1.3003956726369064e-05,-5.534131741626541e-05,5.684860863652795e-05,0.9,12.381272621924792,-1.340005820596189,1.2947948999384635,True,250,0.4230769230769231,2022-01-05,478,478,0,0,High CI
2020-11-27,2021-12-30,276,2023-05-08,494,2023-05-14,True,0.0138169600605019,0.0526907143465275,6.4798595183153385,-0.0010655731812263,-5.172501717363518e-05,-3.311868181990109e-05,6.141925176278772e-05,0.9,11.18234184991526,-2.572078274437673,1.3963314015496084,True,275,0.4230769230769231,2022-01-05,488,488,0,0,High CI
2020-10-23,2021-12-30,301,2023-05-02,488,2023-05-14,True,0.0182543470438188,0.1002995769848494,6.611270550217803,-0.001535347223373,-3.971393903139347e-05,0.0001512017302674,0.0001563302919758,0.9,6.0,1.8276499602311176,1.4731763153203083,True,300,0.4230769230769231,2022-01-05,482,482,0,0,High CI
2020-09-18,2021-12-30,326,2023-05-12,498,2023-05-14,True,0.0179798725565347,0.1053879163906494,6.700151986451013,-0.0048323641526822,-0.0001053416728881,0.0004030256737516,0.0004165651950774,0.746066288139932,6.0,1.826453833993426,1.442456878673404,True,325,0.4230769230769231,2022-01-05,492,492,0,0,High CI
2020-08-14,2021-12-30,351,2023-05-03,489,2023-05-14,True,0.0190979335619228,0.1280206042838018,6.5185438072392925,-0.0011985365134193,7.588827445638937e-05,2.81468502991617e-05,8.093994923232716e-05,0.9,9.674197070602476,0.3551700312283345,1.37757712020767,True,350,0.4230769230769231,2022-01-05,483,483,0,0,High CI
2020-07-10,2021-12-30,376,2023-05-01,487,2023-05-14,True,0.0195197218884661,0.1432633480187522,6.514022076266875,-0.0011812664952157,6.33998834280431e-05,5.10945834762848e-05,8.142605037274305e-05,0.9,10.692068300874794,0.6783340675599348,1.2211395620201295,True,375,0.4230769230769231,2022-01-05,481,481,0,0,High CI
2020-06-05,2021-12-30,401,2023-05-10,496,2023-05-14,True,0.0193593223213912,0.15028812765815,6.519275802648781,-0.0011815861269678,-6.569999960560094e-05,4.807617933625745e-05,8.141135650354901e-05,0.9,10.95040671651961,2.509872192109856,1.1928687232888513,True,400,0.4230769230769231,2022-01-05,490,490,0,0,High CI
2020-04-28,2021-12-30,426,2023-05-07,493,2023-05-14,True,0.02221539024314,0.2102410381170315,6.517664269283149,-0.0011882381750633,4.950585524742745e-05,5.233172517933712e-05,7.203776206979856e-05,0.9,9.74368704205537,0.8131398374689295,1.5235702069826689,True,425,0.4230769230769231,2022-01-05,487,487,0,0,High CI
2020-03-20,2021-12-30,451,2023-05-14,500,2023-05-14,True,0.0277848332761062,0.3481706290416397,6.480196624284683,-0.0011118919614692,2.095490196514944e-05,8.528484556988242e-05,8.782148256689656e-05,0.9,6.0,1.3298642056199992,1.8991229633745252,True,450,0.4230769230769231,2022-01-05,494,494,0,0,High CI
2020-02-14,2021-12-30,476,2023-02-18,415,2023-05-14,True,0.0473367390355913,1.0666050265612694,9.70226000167574,-1.9076784569062228,-0.0178971555778687,-0.0114247179115604,0.0212328132176866,0.1,7.424044675893961,-2.5734481591463303,1.2101997511502969,True,475,0.4230769230769231,2022-01-05,409,409,0,0,High CI
2021-02-12,2022-01-03,226,2023-05-15,497,2023-05-18,True,0.0143771161756849,0.0467145321135858,6.5258144041303865,-0.0012014930766977,-3.5100468189143283e-05,7.031889459789163e-05,7.859255565615902e-05,0.9,9.914821167842186,2.0337727205256426,1.387706062059419,True,225,0.4230769230769231,2022-01-05,495,495,0,0,High CI
2021-01-08,2022-01-03,251,2023-05-02,484,2023-05-18,True,0.0141893135429115,0.0505354913235825,6.463931392302591,-0.0010201040384195,3.344827917815718e-05,-4.592008332128617e-05,5.681057500337246e-05,0.9,12.428218348552583,-0.9412618509038512,1.3003160305887862,True,250,0.4230769230769231,2022-01-05,482,482,0,0,High CI
2020-11-30,2022-01-03,276,2023-05-04,486,2023-05-18,True,0.0138286768108219,0.0527801154453337,6.4787894455195785,-0.0010683754076252,-5.280697879915598e-05,-3.154959562402183e-05,6.151385204922389e-05,0.9,11.18706987401959,-2.6030493398412973,1.3972596499002512,True,275,0.4230769230769231,2022-01-05,484,484,0,0,High CI
2020-10-26,2022-01-03,301,2023-05-08,490,2023-05-18,True,0.0182539804434878,0.1002955484114023,6.619879839822615,-0.0015488478092288,-4.943731304108667e-05,0.0001486576919558,0.0001566625586997,0.9,6.0,1.8918489693508724,1.4829782770853897,True,300,0.4230769230769231,2022-01-05,488,488,0,0,High CI
2020-09-21,2022-01-03,326,2023-05-16,498,2023-05-18,True,0.0178881640122608,0.1043155702238318,6.705816264703309,-0.0044171295708256,-0.0001245241157517,0.0003633465358868,0.0003840923854292,0.7605885069658836,6.0,1.9009660110916435,1.4578167965131512,True,325,0.4230769230769231,2022-01-05,496,496,0,0,High CI
2020-08-17,2022-01-03,351,2023-05-11,493,2023-05-18,True,0.0190624018445314,0.1275446825929208,6.525201752546739,-0.0012052227372223,3.9199701162041366e-05,6.963929369263212e-05,7.991400251021105e-05,0.9,9.7632157529577,1.0581058661319052,1.3902536888482266,True,350,0.4230769230769231,2022-01-05,491,491,0,0,High CI
2020-07-13,2022-01-03,376,2023-05-11,493,2023-05-18,True,0.0195084251704339,0.1430975733890386,6.521275366116249,-0.001186084054207,-2.30226667857878e-05,7.673002337781678e-05,8.010954795459606e-05,0.9,10.848139840300886,1.862296879180956,1.2283395082143076,True,375,0.4230769230769231,2022-01-05,491,491,0,0,High CI
2020-06-08,2022-01-03,401,2023-05-16,498,2023-05-18,True,0.0192746321312845,0.1489760889623351,6.523884241175674,-0.0011855934865594,-8.021654717478455e-05,2.840432293365404e-06,8.026682064376057e-05,0.9,11.02671394634045,3.106197886055721,1.2055803059932997,True,400,0.4230769230769231,2022-01-05,496,496,0,0,High CI
2020-04-29,2022-01-03,426,2023-02-26,419,2023-05-18,True,0.0221765650576482,0.2095068160841013,6.471928704095736,-0.0011681329629699,7.942236600428835e-05,7.523888453451693e-06,7.977794882785041e-05,0.9,8.82201135858292,0.0944507462932578,1.493771984741512,True,425,0.4230769230769231,2022-01-05,417,417,0,0,High CI
2020-03-23,2022-01-03,451,2023-05-17,499,2023-05-18,True,0.0272152637146015,0.334042431153944,6.47400678976088,-0.0010910658386081,2.409233095914678e-05,8.698679432622277e-05,9.026152446196356e-05,0.9,6.0,1.3006038330312228,1.8131742928869885,True,450,0.4230769230769231,2022-01-05,497,497,0,0,High CI
2020-02-17,2022-01-03,476,2022-12-19,350,2023-05-18,True,0.0462008174329986,1.016029392983183,9.375947890429286,-1.754644950235664,-0.0092808068877191,-0.0197224230794238,0.0217969573246113,0.1,6.639474678064367,-2.0106250703883,1.2124383309735662,True,475,0.4230769230769231,2022-01-05,348,348,0,0,High CI
2021-02-15,2022-01-04,226,2023-05-02,483,2023-05-19,True,0.0144105412015698,0.0469319956852039,6.5225220699226965,-0.0012128607241026,2.5074315139377905e-05,7.661432917353242e-05,8.061312991330393e-05,0.9,9.821157706387448,1.2545038951851344,1.3787482479083029,True,225,0.4230769230769231,2022-01-05,482,482,0,0,High CI
2021-01-11,2022-01-04,251,2023-04-03,454,2023-05-19,True,0.0141724649199004,0.0504155492383582,6.451063374598999,-0.0010247028168889,4.511340641598935e-05,3.9381472478611365e-05,5.988422006704148e-05,0.9,11.795867311837611,0.7176642897457538,1.3055639908976198,True,250,0.4230769230769231,2022-01-05,453,453,0,0,High CI
2020-12-01,2022-01-04,276,2023-05-07,488,2023-05-19,True,0.0138589234517828,0.0530112535508958,6.48175005524712,-0.0010705202867992,4.466880072641271e-05,-4.066816377331838e-05,6.040861944316733e-05,0.9,11.462745651550827,-0.7385519930721955,1.3913930978971127,True,275,0.4230769230769231,2022-01-05,487,487,0,0,High CI
2020-10-27,2022-01-04,301,2023-05-17,498,2023-05-19,True,0.0181774754721025,0.099456604976206,6.629585036643953,-0.0015582165073907,-6.22012235379219e-05,0.0001426910941904,0.0001556590523255,0.9,6.0,1.981875841136007,1.5015668707771728,True,300,0.4230769230769231,2022-01-05,497,497,0,0,High CI
2020-09-22,2022-01-04,326,2023-05-15,496,2023-05-19,True,0.0179315725386259,0.1048224617488094,7.241821590846305,-0.0653169920657205,-0.0014505948171461,0.0031723141699424,0.0034882377379342,0.4424740865062751,6.0,1.999677094320463,1.3808823905225376,True,325,0.4230769230769231,2022-01-05,495,495,0,0,High CI
2020-08-18,2022-01-04,351,2023-05-12,493,2023-05-19,True,0.0190312955448058,0.1271287637499252,6.528319982314454,-0.0012121625408507,2.679493303755777e-05,7.474820693863835e-05,7.940568542005484e-05,0.9,9.784229765975144,1.2265965401227226,1.4041875778802348,True,350,0.4230769230769231,2022-01-05,492,492,0,0,High CI
2020-07-14,2022-01-04,376,2023-05-17,498,2023-05-19,True,0.0194850111492301,0.1427542879665949,6.526649112141506,-0.0011916619266733,-7.074238834325132e-05,3.524205926382823e-05,7.903472812417692e-05,0.9,10.956888763479109,2.679406450437981,1.2384838767838702,True,375,0.4230769230769231,2022-01-05,497,497,0,0,High CI
2020-06-09,2022-01-04,401,2023-05-16,497,2023-05-19,True,0.0192125077101456,0.1480173014574742,6.525367658911713,-0.0011893541156652,-7.944240354295214e-05,-5.4420300571000175e-06,7.96285826310103e-05,0.9,11.040938236112506,-3.0731966684650134,1.217527343057466,True,400,0.4230769230769231,2022-01-05,496,496,0,0,High CI
2020-04-30,2022-01-04,426,2023-05-06,487,2023-05-19,True,0.0221673187878483,0.2093321494751325,6.520273597799344,-0.0011960470286656,-2.084438422339424e-05,6.840574365923763e-05,7.151107689879811e-05,0.9,9.903828296433206,1.8665748890717089,1.5198976565010145,True,425,0.4230769230769231,2022-01-05,486,486,0,0,High CI
2020-03-24,2022-01-04,451,2023-05-06,487,2023-05-19,True,0.0260549354804411,0.3061657079633683,6.462393939086343,-0.0010715883455886,3.711007165547797e-05,8.475883761799556e-05,9.252685000921868e-05,0.9,6.0,1.1581078482889782,1.737206571090267,True,450,0.4230769230769231,2022-01-05,486,486,0,0,High CI
2020-02-18,2022-01-04,476,2022-11-06,306,2023-05-19,True,0.0449605496179653,0.9622106864479728,9.134416120739884,-1.640456069880516,0.0221796155322868,-0.0032583907082686,0.0224176817527546,0.1,6.018611469143656,-0.1458658483872451,1.2158432747791448,True,475,0.4230769230769231,2022-01-05,305,305,0,0,High CI
