Date,Close,log_price
2004-04-26,247.07000732421875,5.509671726931575
2004-04-27,246.9199981689453,5.509064390110116
2004-04-28,243.3800048828125,5.494624027971159
2004-04-29,241.25,5.485833740219095
2004-04-30,239.0500030517578,5.476672747838303
2004-05-03,240.38999938964844,5.482262601919083
2004-05-04,241.33999633789062,5.486206712471388
2004-05-05,242.38999938964844,5.490547996700716
2004-05-06,239.1999969482422,5.4773000093182915
2004-05-07,239.35000610351562,5.477926941338897
2004-05-10,232.99000549316406,5.450995557766564
2004-05-11,235.52999877929688,5.461838288695481
2004-05-12,233.1300048828125,5.451596258833852
2004-05-13,235.52999877929688,5.461838288695481
2004-05-14,234.0399932861328,5.455492012233199
2004-05-17,230.60000610351562,5.440684634302936
2004-05-18,232.2899932861328,5.447986562163788
2004-05-19,236.14999389648438,5.464467170496199
2004-05-20,234.6699981689453,5.458180264131824
2004-05-21,234.49000549316406,5.45741296647982
2004-05-24,235.72999572753906,5.462687064159472
2004-05-25,234.4199981689453,5.4571143704840335
2004-05-26,236.50999450683594,5.4659904671102435
2004-05-27,237.72000122070312,5.471093515633505
2004-05-28,236.92999267578125,5.467764707945378
2004-06-01,235.75,5.462771921513567
2004-06-02,236.61000061035156,5.466413218657578
2004-06-03,237.4600067138672,5.469999216511322
2004-06-04,239.1699981689453,5.477174588494902
2004-06-07,240.8000030517578,5.483966726108079
2004-06-08,241.4600067138672,5.486703855709539
2004-06-09,241.5800018310547,5.487200688756628
2004-06-10,241.94000244140625,5.48868977162266
2004-06-11,241.64999389648438,5.487490373033424
2004-06-14,238.1999969482422,5.473110644109454
2004-06-15,239.9600067138672,5.480472270764002
2004-06-16,242.35000610351562,5.490382987476099
2004-06-17,242.72999572753906,5.491949696886157
2004-06-18,243.0,5.493061443340548
2004-06-21,242.7100067138672,5.491867342677263
2004-06-22,240.19000244140625,5.481430286970372
2004-06-23,241.02000427246094,5.484879935325829
2004-06-24,242.00999450683594,5.488979024918906
2004-06-25,242.0399932861328,5.489102974015452
2004-06-28,243.60000610351562,5.495527560891224
2004-06-29,242.47999572753906,5.490919215129699
2004-06-30,240.86000061035156,5.484215854366385
2004-07-01,240.0800018310547,5.480972208758964
2004-07-02,238.44000244140625,5.474117716590806
2004-07-05,238.3000030517578,5.473530396911066
2004-07-06,237.0800018310547,5.468397644643
2004-07-07,236.74000549316406,5.46696251572911
2004-07-08,237.44000244140625,5.469914970261218
2004-07-09,237.32000732421875,5.469409472252648
2004-07-12,236.3300018310547,5.4652291411400675
2004-07-13,236.6999969482422,5.466793503627002
2004-07-14,236.22999572753906,5.464805888619646
2004-07-15,233.8000030517578,5.454466062090824
2004-07-16,234.32000732421875,5.456687733776812
2004-07-19,233.13999938964844,5.451639128873725
2004-07-20,233.52999877929688,5.4533105432863564
2004-07-21,235.80999755859375,5.4630263856717995
2004-07-22,232.1999969482422,5.447599056120993
2004-07-23,232.8000030517578,5.450179728966208
2004-07-26,230.7100067138672,5.4411615396784105
2004-07-27,232.6699981689453,5.449621132769452
2004-07-28,233.4499969482422,5.45296790834452
2004-07-29,236.08999633789062,5.464213072748625
2004-07-30,236.39999389648438,5.465525259713349
2004-08-02,236.13999938964844,5.464424846894262
2004-08-03,236.80999755859375,5.467258121538373
2004-08-04,234.89999389648438,5.459159865681403
2004-08-05,235.2899932861328,5.46081876735825
2004-08-06,229.97000122070312,5.4379488709413275
2004-08-09,228.00999450683594,5.429389463549989
2004-08-10,229.39999389648438,5.435467178088837
2004-08-11,227.77000427246094,5.428336366629558
2004-08-12,227.35000610351562,5.4264907071173605
2004-08-13,226.57000732421875,5.423053980275879
2004-08-16,228.74000549316406,5.4325860113679525
2004-08-17,229.05999755859375,5.4339839673112005
2004-08-18,229.16000366210938,5.434420465520955
2004-08-19,229.66000366210938,5.4365999702938295
2004-08-20,229.08999633789062,5.434114923459795
2004-08-23,232.1699981689453,5.44746985406378
2004-08-24,231.8800048828125,5.446220017529029
2004-08-25,232.55999755859375,5.449148245752657
2004-08-26,234.4499969482422,5.457242332518927
2004-08-27,236.24000549316406,5.4648482606881394
2004-08-30,235.88999938964844,5.463365592084093
2004-08-31,233.6300048828125,5.4537386882656325
2004-09-01,235.2100067138672,5.460478760671592
2004-09-02,236.11000061035156,5.4642978007139025
2004-09-03,237.9499969482422,5.472060554741913
2004-09-06,238.7899932861328,5.47558447647852
2004-09-07,238.6699981689453,5.475081837003542
2004-09-08,238.60000610351562,5.47478853524435
2004-09-09,237.13999938964844,5.468650681456122
2004-09-10,237.9499969482422,5.472060554741913
2004-09-13,240.0,5.480638923341991
2004-09-14,239.17999267578125,5.477216375918457
2004-09-15,238.6999969482422,5.475207520559875
2004-09-16,239.75,5.479596713763548
2004-09-17,241.11000061035156,5.485253263424161
2004-09-20,240.25999450683594,5.481721647429814
2004-09-21,241.3699951171875,5.486331005648933
2004-09-22,240.00999450683594,5.480680566253397
2004-09-23,238.22000122070312,5.473194621577023
2004-09-24,238.94000244140625,5.476212484606732
2004-09-27,237.3699951171875,5.46962008462239
2004-09-28,238.50999450683594,5.474411215139416
2004-09-29,239.33999633789062,5.477885119844504
2004-09-30,237.74000549316406,5.471177662658241
2004-10-01,241.85000610351562,5.488317724505773
2004-10-04,244.17999267578125,5.4979056282455465
2004-10-05,244.38999938964844,5.498765307432609
2004-10-06,244.19000244140625,5.497946620795156
2004-10-07,244.14999389648438,5.497782765508629
2004-10-08,243.07000732421875,5.493349497833308
2004-10-11,242.92999267578125,5.492773305848488
2004-10-12,241.0500030517578,5.4850043935119
2004-10-13,241.60000610351562,5.487283491323556
2004-10-14,239.97000122070312,5.480513920615739
2004-10-15,239.49000549316406,5.478511685262742
2004-10-18,238.77000427246094,5.475500763379493
2004-10-19,241.0500030517578,5.4850043935119
2004-10-20,238.64999389648438,5.47499801787673
2004-10-21,240.05999755859375,5.480888881927215
2004-10-22,239.8699951171875,5.48009708956486
2004-10-25,235.9499969482422,5.463619905238479
2004-10-26,236.64999389648438,5.466582230560938
2004-10-27,239.47999572753906,5.478469888216576
2004-10-28,240.94000244140625,5.484547949971546
2004-10-29,240.3000030517578,5.481888155442206
2004-11-01,242.2899932861328,5.49013532810929
2004-11-02,244.5,5.499215308914927
2004-11-03,245.2899932861328,5.50244115665385
2004-11-04,244.55999755859375,5.4994606675997275
2004-11-05,245.89999389648438,5.504924924401018
2004-11-08,245.60000610351562,5.503704221124435
2004-11-09,245.52000427246094,5.503378427713162
2004-11-10,246.0500030517578,5.505534779714986
2004-11-11,248.32000732421875,5.514718266489935
2004-11-12,249.1999969482422,5.518255774667079
2004-11-15,248.88999938964844,5.517011029336321
2004-11-16,247.24000549316406,5.510359547009014
2004-11-17,249.4499969482422,5.5192584820731
2004-11-18,249.5,5.519458915191573
2004-11-19,247.61000061035156,5.511854930181983
2004-11-22,246.32000732421875,5.506631533350812
2004-11-23,246.7100067138672,5.508213584990216
2004-11-24,246.39999389648438,5.506956206888603
2004-11-25,248.1699981689453,5.5141139878209655
2004-11-26,247.77999877929688,5.512541250761032
2004-11-29,247.52999877929688,5.511531781852826
2004-11-30,246.50999450683594,5.507402538327469
2004-12-01,249.2899932861328,5.518616850478556
2004-12-02,250.32000732421875,5.5227401286200495
2004-12-03,249.74000549316406,5.52042039868253
2004-12-06,248.5399932861328,5.515603771364622
2004-12-07,249.44000244140625,5.519218415097016
2004-12-08,248.97000122070312,5.517332412181479
2004-12-09,247.19000244140625,5.510157281567492
2004-12-10,248.17999267578125,5.514154259834752
2004-12-13,250.0399932861328,5.521620878212438
2004-12-14,250.30999755859375,5.522700139943667
2004-12-15,250.17999267578125,5.522180629510799
2004-12-16,251.08999633789062,5.5258114260146565
2004-12-17,249.1300048828125,5.5179748681768706
2004-12-20,250.2899932861328,5.52262021875774
2004-12-21,249.77000427246094,5.520540511508085
2004-12-22,250.91000366210938,5.525094323689978
2004-12-23,250.97999572753906,5.525373237659049
2004-12-27,250.83999633789062,5.524815271075436
2004-12-28,251.08999633789062,5.5258114260146565
2004-12-29,251.02999877929688,5.525572449039182
2004-12-30,251.02000427246094,5.5255326342527
2005-01-03,252.5500030517578,5.531609260997838
2005-01-04,253.5500030517578,5.535561054277147
2005-01-05,251.85000610351562,5.528833696426385
2005-01-06,253.08999633789062,5.5337451422258725
2005-01-07,254.72000122070312,5.540164907448351
2005-01-10,254.6199951171875,5.539772218456638
2005-01-11,252.72999572753906,5.532321708289754
2005-01-12,250.7899932861328,5.524615908784673
2005-01-13,251.72999572753906,5.5283570675776925
2005-01-14,252.99000549316406,5.533349983967629
2005-01-17,254.02999877929688,5.537452365474942
2005-01-18,254.27999877929688,5.538436017267582
2005-01-19,254.72999572753906,5.540204143906874
2005-01-20,253.69000244140625,5.536113058818142
2005-01-21,253.4199981689453,5.535048184145387
2005-01-24,253.27999877929688,5.534495591313123
2005-01-25,254.94000244140625,5.54102823293117
2005-01-26,255.02999877929688,5.541381180510869
2005-01-27,256.1199951171875,5.545646065586052
2005-01-28,255.13999938964844,5.541812411717922
2005-01-31,256.8500061035156,5.548492280676234
2005-02-01,258.8599853515625,5.556287318426029
2005-02-02,259.6700134277344,5.559411645801484
2005-02-03,259.5400085449219,5.558910866232417
2005-02-04,261.9200134277344,5.568039164889372
2005-02-07,263.32000732421875,5.573370050414573
2005-02-08,263.80999755859375,5.5752291378160175
2005-02-09,263.3900146484375,5.573635879131364
2005-02-10,263.1300048828125,5.572648225188054
2005-02-11,265.5199890136719,5.581690126035069
2005-02-14,265.9100036621094,5.5831579194371495
2005-02-15,266.9700012207031,5.587136297109316
2005-02-16,265.3500061035156,5.581049732275658
2005-02-17,265.6400146484375,5.582142063816456
2005-02-18,266.010009765625,5.58353393877152
2005-02-21,265.6600036621094,5.582217309489305
2005-02-22,263.75,5.575001684790276
2005-02-23,262.29998779296875,5.569488840334393
2005-02-24,262.1400146484375,5.568878768071605
2005-02-25,265.1400146484375,5.580258043618637
2005-02-28,264.2900085449219,5.577047017433404
2005-03-01,266.25,5.584435717023635
2005-03-02,266.1600036621094,5.5840976454692735
2005-03-03,266.1499938964844,5.584060036686151
2005-03-04,267.9100036621094,5.590651116884048
2005-03-07,267.67999267578125,5.589792209876668
2005-03-08,266.2099914550781,5.584285438897055
2005-03-09,264.5899963378906,5.578181444231055
2005-03-10,262.45001220703125,5.570060634210143
2005-03-11,263.04998779296875,5.57234408177107
2005-03-14,262.6600036621094,5.570860434099409
2005-03-15,264.7900085449219,5.57893709126987
2005-03-16,261.1199951171875,5.564980053076246
2005-03-17,261.1199951171875,5.564980053076246
2005-03-18,261.69000244140625,5.56716060644262
2005-03-21,261.05999755859375,5.564750256608747
2005-03-22,261.54998779296875,5.566625423144735
2005-03-23,260.6600036621094,5.563216890151946
2005-03-24,262.1700134277344,5.568993199525223
2005-03-29,262.8900146484375,5.5717357494566535
2005-03-30,262.0899963378906,5.568687942252211
2005-03-31,262.19000244140625,5.569069441088564
2005-04-01,263.42999267578125,5.5737876502367305
2005-04-04,262.260009765625,5.569336415339703
2005-04-05,264.4700012207031,5.5777278279312075
2005-04-06,265.5199890136719,5.581690126035069
2005-04-07,266.30999755859375,5.584661034580803
2005-04-08,266.8900146484375,5.586836643378051
2005-04-11,266.32000732421875,5.584698620768341
2005-04-12,265.4200134277344,5.581313527599616
2005-04-13,266.6499938964844,5.585936914156997
2005-04-14,266.010009765625,5.58353393877152
2005-04-15,261.8500061035156,5.567771844034702
2005-04-18,257.2799987792969,5.5501649812459535
2005-04-19,259.04998779296875,5.557021046138498
2005-04-20,257.6600036621094,5.551640900576332
2005-04-21,257.2799987792969,5.5501649812459535
2005-04-22,259.2699890136719,5.557869947372327
2005-04-25,260.45001220703125,5.5624109510602
2005-04-26,259.5199890136719,5.558833728593785
2005-04-27,255.99000549316406,5.545138402675113
2005-04-28,255.6300048828125,5.5437311056090675
2005-04-29,256.05999755859375,5.545411782483525
2005-05-02,256.8299865722656,5.548414335139925
2005-05-03,257.9599914550781,5.552804501017188
2005-05-04,259.2900085449219,5.557947159387733
2005-05-05,260.7699890136719,5.563638750630777
2005-05-06,261.8999938964844,5.56796272820891
2005-05-09,261.010009765625,5.5645587581797225
2005-05-10,259.1099853515625,5.557252625426639
2005-05-11,258.54998779296875,5.555089051628803
2005-05-12,260.1300048828125,5.561181524827841
2005-05-13,260.1499938964844,5.561258364274788
2005-05-16,259.05999755859375,5.557059685678014
2005-05-17,259.32000732421875,5.558062848550735
2005-05-18,259.1199951171875,5.557291256019247
2005-05-19,263.5199890136719,5.574129224738649
2005-05-20,263.75,5.575001684790276
2005-05-23,264.8399963378906,5.579125856229016
2005-05-24,264.6300048828125,5.578332642390255
2005-05-25,264.4800109863281,5.577765675612066
2005-05-26,266.3299865722656,5.58473609095763
2005-05-27,266.1000061035156,5.583872200920568
2005-05-30,267.3699951171875,5.588633448638081
2005-05-31,267.2900085449219,5.588334243265266
2005-06-01,270.8699951171875,5.6016389829610915
2005-06-02,270.8299865722656,5.601491268187797
2005-06-03,270.25,5.599347456519317
2005-06-06,269.3999938964844,5.596197241320303
2005-06-07,272.57000732421875,5.607895488720001
2005-06-08,271.9200134277344,5.605507954769053
2005-06-09,271.9800109863281,5.6057285745746945
2005-06-10,273.6300048828125,5.611776846704757
2005-06-13,274.7200012207031,5.61575240159261
2005-06-14,275.1000061035156,5.617134690117063
2005-06-15,273.989990234375,5.613091573729428
2005-06-16,275.510009765625,5.618623961020506
2005-06-17,275.8699951171875,5.619929722562539
2005-06-20,275.7799987792969,5.61960344198723
2005-06-21,277.1000061035156,5.624378473895333
2005-06-22,277.4200134277344,5.625532651737329
2005-06-23,278.5899963378906,5.629741153801865
2005-06-24,276.32000732421875,5.62155964090466
2005-06-27,273.6400146484375,5.61181342742458
2005-06-28,275.9700012207031,5.620292168580494
2005-06-29,276.7900085449219,5.62325912679478
2005-06-30,275.9200134277344,5.620111017293902
2005-07-01,278.07000732421875,5.627872906895329
2005-07-04,278.760009765625,5.630351231602693
2005-07-05,278.1400146484375,5.628124636716162
2005-07-06,279.7799987792969,5.6340035756852025
2005-07-07,274.69000244140625,5.615643197977362
2005-07-08,278.4700012207031,5.629310338020551
2005-07-11,279.92999267578125,5.634539545749575
2005-07-12,278.8599853515625,5.630709811237154
2005-07-13,280.4599914550781,5.63643108183098
2005-07-14,281.739990234375,5.640984625170327
2005-07-15,281.2300109863281,5.639172878944281
2005-07-18,280.57000732421875,5.636823274301223
2005-07-19,281.6700134277344,5.64073622061043
2005-07-20,281.05999755859375,5.638568160986175
2005-07-21,281.4599914550781,5.639990311209145
2005-07-22,281.6600036621094,5.640700682771784
2005-07-25,282.8299865722656,5.644845962956547
2005-07-26,283.0,5.645446897643238
2005-07-27,283.7900085449219,5.648234558133407
2005-07-28,285.20001220703125,5.653190731341792
2005-07-29,285.0299987792969,5.65259443360405
2005-08-01,285.29998779296875,5.653541215432804
2005-08-02,287.44000244140625,5.661014151298883
2005-08-03,287.0899963378906,5.659795742695126
2005-08-04,284.92999267578125,5.652243510360169
2005-08-05,283.8500061035156,5.648445951119344
2005-08-08,285.6199951171875,5.654662238929301
2005-08-09,287.3599853515625,5.660735734137924
2005-08-10,289.760009765625,5.669053027837563
2005-08-11,288.8500061035156,5.665907543357672
2005-08-12,288.20001220703125,5.663654725921532
2005-08-15,288.0799865722656,5.663238172729488
2005-08-16,287.3999938964844,5.660874952407918
2005-08-17,286.6600036621094,5.658296857270167
2005-08-18,285.75,5.65511730267492
2005-08-19,288.4800109863281,5.664625797538506
2005-08-22,288.67999267578125,5.665318782832662
2005-08-23,287.0299987792969,5.659586735660629
2005-08-24,285.6300048828125,5.654697284060596
2005-08-25,283.67999267578125,5.647846816507303
2005-08-26,281.82000732421875,5.641268595255954
2005-08-29,282.6099853515625,5.644067803495848
2005-08-30,282.5400085449219,5.643820163726747
2005-08-31,284.82000732421875,5.651857427506536
2005-09-01,286.8399963378906,5.658924556247293
2005-09-02,286.7099914550781,5.658471222142835
2005-09-05,288.3299865722656,5.6641056109325865
2005-09-06,290.7300109863281,5.672395039203335
2005-09-07,291.8299865722656,5.676171394935838
2005-09-08,291.54998779296875,5.675211475798738
2005-09-09,292.45001220703125,5.678293753629609
2005-09-12,293.1199951171875,5.680582064827699
2005-09-13,291.0899963378906,5.6736324851246405
2005-09-14,292.04998779296875,5.676924978688573
2005-09-15,292.1300048828125,5.677198925387698
2005-09-16,293.8800048828125,5.683171537367064
2005-09-19,294.6000061035156,5.685618524746506
2005-09-20,294.92999267578125,5.686738015213189
2005-09-21,291.8900146484375,5.676377069150386
2005-09-22,290.8399963378906,5.672773275190364
2005-09-23,292.2099914550781,5.677472692623439
2005-09-26,295.75,5.689514502858496
2005-09-27,294.80999755859375,5.686331072761158
2005-09-28,297.3299865722656,5.694842587925677
2005-09-29,296.32000732421875,5.691439976175075
2005-09-30,297.3999938964844,5.695078013503137
2005-10-03,299.75,5.702948793907623
2005-10-04,300.6099853515625,5.705813694836237
2005-10-05,297.5199890136719,5.695481412690462
2005-10-06,293.4200134277344,5.6816050754743435
2005-10-07,292.07000732421875,5.676993524642915
2005-10-10,292.8699951171875,5.679728807880195
2005-10-11,293.5400085449219,5.682013945292958
2005-10-12,291.44000244140625,5.674834161077354
2005-10-13,288.44000244140625,5.664487100512733
2005-10-14,288.9100036621094,5.666115233602048
2005-10-17,288.8299865722656,5.66583823324996
2005-10-18,288.260009765625,5.663862884532792
2005-10-19,283.260009765625,5.646365238262085
2005-10-20,284.55999755859375,5.650944119060616
2005-10-21,283.2799987792969,5.646435803494473
2005-10-24,286.6099853515625,5.658122355511371
2005-10-25,285.7699890136719,5.6551872530320875
2005-10-26,286.9100036621094,5.659168590494147
2005-10-27,283.1099853515625,5.645835462960198
2005-10-28,283.5199890136719,5.647282628666969
2005-10-31,290.2900085449219,5.670880452749415
2005-11-01,290.45001220703125,5.671431486466536
2005-11-02,291.54998779296875,5.675211475798738
2005-11-03,295.8800048828125,5.689953983222345
2005-11-04,295.510009765625,5.688702710267789
2005-11-07,296.6700134277344,5.692620455211525
2005-11-08,296.80999755859375,5.693092195222525
2005-11-09,296.5199890136719,5.692114632737634
2005-11-10,296.7200012207031,5.692788937295325
2005-11-11,299.8500061035156,5.703282369969748
2005-11-14,299.9100036621094,5.7034824418578935
2005-11-15,299.0199890136719,5.7005104240446665
2005-11-16,296.739990234375,5.692856301612945
2005-11-17,298.0299987792969,5.697194148483438
2005-11-18,299.8699951171875,5.703349031123749
2005-11-21,300.7200012207031,5.70617960331519
2005-11-22,300.9599914550781,5.706977337160502
2005-11-23,302.19000244140625,5.7110559667017435
2005-11-24,301.42999267578125,5.70853779244182
2005-11-25,302.30999755859375,5.711452972884584
2005-11-28,300.2799987792969,5.704715368639586
2005-11-29,300.95001220703125,5.706944178555438
2005-11-30,299.4700012207031,5.702014249669764
2005-12-01,304.30999755859375,5.718046910647145
2005-12-02,306.67999267578125,5.72580483480841
2005-12-05,305.489990234375,5.721917012884598
2005-12-06,307.1000061035156,5.727173447321461
2005-12-07,306.7799987792969,5.72613087434088
2005-12-08,306.9200134277344,5.726587171059412
2005-12-09,306.8599853515625,5.7263915697805094
2005-12-12,306.79998779296875,5.726196029704863
2005-12-13,307.2200012207031,5.727564107294384
2005-12-14,306.30999755859375,5.724597653066409
2005-12-15,305.6700134277344,5.722506132583161
2005-12-16,307.82000732421875,5.729515220345644
2005-12-19,307.45001220703125,5.728312512103597
2005-12-20,308.5899963378906,5.732013523129794
2005-12-21,310.17999267578125,5.737152750518505
2005-12-22,309.54998779296875,5.735119590530476
2005-12-23,309.70001220703125,5.73560412639482
2005-12-27,310.5400085449219,5.738312745069356
2005-12-28,310.1099853515625,5.736927026012239
2005-12-29,311.8599853515625,5.7425543221855415
2005-12-30,310.0299987792969,5.736669063053049
2006-01-02,311.19000244140625,5.740403665957234
2006-01-03,313.0400085449219,5.746331005198738
2006-01-04,316.1400146484375,5.756185199784535
2006-01-05,315.0400085449219,5.7526996420141066
2006-01-06,317.1000061035156,5.759217200792222
2006-01-09,317.7099914550781,5.7611389901201955
2006-01-10,315.70001220703125,5.7547924342305
2006-01-11,317.54998779296875,5.760635247807694
2006-01-12,318.67999267578125,5.7641874415291765
2006-01-13,316.8699951171875,5.758491579718741
2006-01-16,317.57000732421875,5.760698289536535
2006-01-17,315.2300109863281,5.753302565971376
2006-01-18,312.510009765625,5.744636499913467
2006-01-19,314.3500061035156,5.750507034245375
2006-01-20,312.4599914550781,5.744476433636506
2006-01-23,311.70001220703125,5.742041225936047
2006-01-24,311.0,5.739792912179234
2006-01-25,314.489990234375,5.750952248080331
2006-01-26,317.5400085449219,5.760603821559115
2006-01-27,321.2200012207031,5.77212625043496
2006-01-30,321.07000732421875,5.77165919070426
2006-01-31,321.0400085449219,5.771565752575039
2006-02-01,324.4800109863281,5.7822239348210225
2006-02-02,321.55999755859375,5.773184143867378
2006-02-03,321.7699890136719,5.773836970463119
2006-02-06,322.1300048828125,5.7749552059346785
2006-02-07,321.1000061035156,5.771752620103614
2006-02-08,320.55999755859375,5.770069458711823
2006-02-09,324.29998779296875,5.781668975672102
2006-02-10,323.0899963378906,5.777930910846618
2006-02-13,324.70001220703125,5.7829017167035985
2006-02-14,324.1199951171875,5.781113802527695
2006-02-15,324.510009765625,5.7823163824037564
2006-02-16,326.3399963378906,5.787939771441164
2006-02-17,327.30999755859375,5.79090772659087
2006-02-20,328.0799865722656,5.793257440155571
2006-02-21,329.17999267578125,5.796604691366031
2006-02-22,331.04998779296875,5.802269384497176
2006-02-23,330.45001220703125,5.800455398857092
2006-02-24,331.489990234375,5.80359761379861
2006-02-27,332.4800109863281,5.8065797409544375
2006-02-28,327.8800048828125,5.792647702676901
2006-03-01,330.739990234375,5.801332538695458
2006-03-02,327.75,5.792251122643809
2006-03-03,327.5899963378906,5.791762815303549
2006-03-06,329.4100036621094,5.797303186626995
2006-03-07,327.55999755859375,5.791671236948678
2006-03-08,324.9200134277344,5.78357903950903
2006-03-09,327.5,5.791488055075306
2006-03-10,330.1000061035156,5.799395657349046
2006-03-13,332.6099853515625,5.806970588411488
2006-03-14,333.260009765625,5.808922995413798
2006-03-15,334.0,5.811140992976701
2006-03-16,334.1600036621094,5.811619931148069
2006-03-17,334.4100036621094,5.812367796020598
2006-03-20,335.1300048828125,5.814518530820772
2006-03-21,335.4800109863281,5.815562374864297
2006-03-22,336.44000244140625,5.8184198343508235
2006-03-23,336.1700134277344,5.817617024336692
2006-03-24,337.8599853515625,5.8226315651380505
2006-03-27,335.2300109863281,5.814816896182339
2006-03-28,333.2200012207031,5.808802936164278
2006-03-29,333.9800109863281,5.811081143839454
2006-03-30,336.6400146484375,5.8190141536229465
2006-03-31,334.44000244140625,5.81245749858184
2006-04-03,337.20001220703125,5.82067626232886
2006-04-04,335.54998779296875,5.815770940225075
2006-04-05,336.75,5.819340815290474
2006-04-06,337.5400085449219,5.821684047123624
2006-04-07,336.0199890136719,5.817170649305797
2006-04-10,337.6499938964844,5.822009837944394
2006-04-11,333.739990234375,5.8103622174575795
2006-04-12,333.0799865722656,5.808382661053776
2006-04-13,334.3599853515625,5.812218213020578
2006-04-18,334.0400085449219,5.811260771865563
2006-04-19,337.8800048828125,5.822690817310617
2006-04-20,338.7200012207031,5.825173810990425
2006-04-21,341.1000061035156,5.832175707318226
2006-04-24,339.29998779296875,5.82688463581308
2006-04-25,339.05999755859375,5.826177075669293
2006-04-26,339.70001220703125,5.828062911101278
2006-04-27,337.8399963378906,5.822572399785914
2006-04-28,336.4800109863281,5.81853874460515
2006-05-02,339.8900146484375,5.828622078949094
2006-05-03,337.20001220703125,5.82067626232886
2006-05-04,338.760009765625,5.82529192088096
2006-05-05,342.1099853515625,5.835132279957359
2006-05-08,342.3699951171875,5.835892009344779
2006-05-09,343.8399963378906,5.84017642224358
2006-05-10,341.94000244140625,5.83463529021483
2006-05-11,340.7799987792969,5.831237104205008
2006-05-12,333.67999267578125,5.810182427938861
2006-05-15,328.79998779296875,5.795449626056016
2006-05-16,329.2900085449219,5.796938847424654
2006-05-17,320.0799865722656,5.768570922597797
2006-05-18,318.6300048828125,5.7640305703259545
2006-05-19,318.7699890136719,5.764469805137534
2006-05-22,309.6199951171875,5.73534572334198
2006-05-23,317.510009765625,5.760509344656652
2006-05-24,313.05999755859375,5.746394857661552
2006-05-25,316.9100036621094,5.758617833450484
2006-05-26,323.1700134277344,5.778178542106618
2006-05-29,322.9100036621094,5.777373657966002
2006-05-30,315.8500061035156,5.755267436668805
2006-05-31,318.8599853515625,5.76475208903919
2006-06-01,320.1000061035156,5.768633466043345
2006-06-02,320.9599914550781,5.771316478150559
2006-06-05,318.94000244140625,5.765003004974577
2006-06-06,312.57000732421875,5.744828467524453
2006-06-07,314.260009765625,5.750220699836971
2006-06-08,305.8399963378906,5.723062077414219
2006-06-09,311.010009765625,5.739825097402844
2006-06-12,308.54998779296875,5.731883865204504
2006-06-13,301.6600036621094,5.709300567479963
2006-06-14,302.25,5.711254489494902
2006-06-15,309.6199951171875,5.73534572334198
2006-06-16,307.55999755859375,5.728670182225996
2006-06-19,309.7799987792969,5.735862364179064
2006-06-20,311.3999938964844,5.741078239799655
2006-06-21,311.4700012207031,5.741303029322548
2006-06-22,312.7200012207031,5.745308225388201
2006-06-23,313.1700134277344,5.746746216965138
2006-06-26,312.29998779296875,5.743964225201516
2006-06-27,310.19000244140625,5.737185020827207
2006-06-28,310.70001220703125,5.738827855687805
2006-06-29,316.2200012207031,5.756438177742296
2006-06-30,320.6600036621094,5.7703813831812285
2006-07-03,322.20001220703125,5.775172508629376
2006-07-04,322.8699951171875,5.7772497503038
2006-07-05,318.9800109863281,5.765128439336667
2006-07-06,321.94000244140625,5.774365200361504
2006-07-07,321.3500061035156,5.772530890810653
2006-07-10,322.4100036621094,5.775824038879719
2006-07-11,319.45001220703125,5.766600805261002
2006-07-12,320.29998779296875,5.769258018503868
2006-07-13,315.6400146484375,5.7546023700615185
2006-07-14,311.67999267578125,5.7419769969550085
2006-07-17,310.3999938964844,5.737861768645676
2006-07-18,309.82000732421875,5.735991507318455
2006-07-19,316.79998779296875,5.758270621407974
2006-07-20,317.5,5.760477818332746
2006-07-21,314.55999755859375,5.751174829197464
2006-07-24,320.4100036621094,5.7696014371228665
2006-07-25,320.7799987792969,5.770755526103811
2006-07-26,322.1099853515625,5.774893056637646
2006-07-27,325.3699951171875,5.784962981305339
2006-07-28,327.32000732421875,5.790938308035506
2006-07-31,326.0400085449219,5.787020099434457
2006-08-01,323.510009765625,5.779230055550744
2006-08-02,326.79998779296875,5.789348325632631
2006-08-03,324.1199951171875,5.781113802527695
2006-08-04,327.8699951171875,5.792617173464166
2006-08-07,324.2300109863281,5.78145317437673
2006-08-08,324.44000244140625,5.7821006267271295
2006-08-09,326.6099853515625,5.788766753711261
2006-08-10,324.0400085449219,5.780866991332251
2006-08-11,324.45001220703125,5.7821314786909435
2006-08-14,327.3599853515625,5.791060438016078
2006-08-15,330.1199951171875,5.79945620993346
2006-08-16,331.42999267578125,5.80341660384174
2006-08-17,331.8399963378906,5.804652914005394
2006-08-18,330.9800109863281,5.802057983784126
2006-08-21,330.69000244140625,5.801181388026098
2006-08-22,331.7300109863281,5.804321418153093
2006-08-23,330.1600036621094,5.799577396536249
2006-08-24,331.05999755859375,5.802299620457506
2006-08-25,331.4100036621094,5.80335629060238
2006-08-28,332.7900085449219,5.807511686095296
2006-08-29,333.6000061035156,5.8099426887805015
2006-08-30,335.510009765625,5.815651791333661
2006-08-31,334.7300109863281,5.813324269528712
2006-09-01,336.42999267578125,5.818390081900281
2006-09-04,337.79998779296875,5.8224539682368395
2006-09-05,336.6499938964844,5.819043796861138
2006-09-06,332.9800109863281,5.808082461110663
2006-09-07,329.8699951171875,5.798698622649846
2006-09-08,331.2200012207031,5.8027828108468205
2006-09-11,329.4100036621094,5.797303186626995
2006-09-12,333.6400146484375,5.8100626112783305
2006-09-13,334.6499938964844,5.813085191308146
2006-09-14,334.6600036621094,5.813115102009204
2006-09-15,335.67999267578125,5.816158303388882
2006-09-18,335.79998779296875,5.816515708291352
2006-09-19,333.9700012207031,5.811051172238457
2006-09-20,337.5299987792969,5.821654391634514
2006-09-21,339.0,5.82600010738045
2006-09-22,335.1099853515625,5.814458792423936
2006-09-25,334.92999267578125,5.8139215328990925
2006-09-26,339.5199890136719,5.827532823067205
2006-09-27,341.3800048828125,5.832996240639346
2006-09-28,341.6300048828125,5.833728294365032
2006-09-29,341.42999267578125,5.833142658510311
2006-10-02,341.3900146484375,5.833025561685495
2006-10-03,340.5199890136719,5.83047382875247
2006-10-04,343.010009765625,5.837759629730285
2006-10-05,344.989990234375,5.8435154027970455
2006-10-06,345.54998779296875,5.845137315211021
2006-10-09,345.94000244140625,5.846265356673088
2006-10-10,348.260009765625,5.852949355292426
2006-10-11,348.57000732421875,5.853839091875069
2006-10-12,351.4200134277344,5.861982127539678
2006-10-13,352.3800048828125,5.864710152619151
2006-10-16,353.0799865722656,5.866694622121742
2006-10-17,349.260009765625,5.855816658472602
2006-10-18,352.5899963378906,5.865305898426562
2006-10-19,352.5799865722656,5.865277508773376
2006-10-20,353.6499938964844,5.868307706223366
2006-10-23,354.8399963378906,5.8716669733319335
2006-10-24,354.8999938964844,5.871836042454604
2006-10-25,356.010009765625,5.874958847775917
2006-10-26,355.4599914550781,5.873412701292792
2006-10-27,354.54998779296875,5.870849345320359
2006-10-30,353.4100036621094,5.86762886639529
2006-10-31,353.3399963378906,5.867430755820269
2006-11-01,354.6000061035156,5.870990410852503
2006-11-02,353.19000244140625,5.867006162670659
2006-11-03,354.3299865722656,5.8702286443957385
2006-11-06,358.2699890136719,5.881286861421572
2006-11-07,359.8399963378906,5.885659478033956
2006-11-08,359.55999755859375,5.8848810549152155
2006-11-09,358.9200134277344,5.8830995598413525
2006-11-10,358.4700012207031,5.881844977935087
2006-11-13,359.2200012207031,5.8839350175635206
2006-11-14,358.2300109863281,5.8811752688817664
2006-11-15,360.239990234375,5.886770448884652
2006-11-16,361.0400085449219,5.888988779186267
2006-11-17,358.25,5.881231066708281
2006-11-20,359.4800109863281,5.884658573351895
2006-11-21,359.9800109863281,5.886048504870606
2006-11-22,359.54998779296875,5.884853215597643
2006-11-23,358.69000244140625,5.882458512506119
2006-11-24,355.9800109863281,5.874874580360813
2006-11-27,350.6000061035156,5.859645989895906
2006-11-28,349.5400085449219,5.856618028784407
2006-11-29,354.2300109863281,5.869946450687526
2006-11-30,351.7799987792969,5.863005976734104
2006-12-01,349.30999755859375,5.855959773099712
2006-12-04,351.5899963378906,5.862465713580011
2006-12-05,353.9100036621094,5.869042653869434
2006-12-06,354.0299987792969,5.869381651857745
2006-12-07,356.0299987792969,5.875014993535811
2006-12-08,356.3399963378906,5.875885320978814
2006-12-11,358.42999267578125,5.881733362520652
2006-12-12,359.70001220703125,5.885270384638279
2006-12-13,361.989990234375,5.89161656015721
2006-12-14,364.17999267578125,5.8976482307921625
2006-12-15,366.1600036621094,5.903070406346778
2006-12-18,365.94000244140625,5.9024693922080225
2006-12-19,363.489990234375,5.895751759412507
2006-12-20,364.55999755859375,5.89869114025877
2006-12-21,364.1499938964844,5.897565853902931
2006-12-22,362.45001220703125,5.892886567426101
2006-12-27,366.1700134277344,5.9030977431085985
2006-12-28,366.32000732421875,5.903507288342885
2006-12-29,365.260009765625,5.900609455499987
2007-01-03,369.8399963378906,5.913070469778095
2007-01-04,368.760009765625,5.910146052412726
2007-01-05,365.69000244140625,5.9017859866394655
2007-01-08,365.3800048828125,5.900937921272079
2007-01-09,366.2099914550781,5.903206916016424
2007-01-10,363.8399963378906,5.896714200497007
2007-01-11,370.1000061035156,5.913773255883641
2007-01-12,371.8599853515625,5.918517399959571
2007-01-15,374.1600036621094,5.9246835232051795
2007-01-16,372.0199890136719,5.918947586737252
2007-01-17,371.7300109863281,5.918167813851102
2007-01-18,371.5799865722656,5.917764148041164
2007-01-19,374.2300109863281,5.9248706110151526
2007-01-22,372.79998779296875,5.921042050067253
2007-01-23,372.6099853515625,5.920532256926923
2007-01-24,376.0199890136719,5.929642304247235
2007-01-25,374.8699951171875,5.926579286175616
2007-01-26,372.3800048828125,5.9199148513803515
2007-01-29,373.3399963378906,5.922489522795404
2007-01-30,374.6000061035156,5.92585880630341
2007-01-31,372.7200012207031,5.920827470783663
2007-02-01,376.95001220703125,5.9321125850413985
2007-02-02,378.9800109863281,5.937483462230671
2007-02-05,379.2300109863281,5.938142910145668
2007-02-06,380.5400085449219,5.941591319066982
2007-02-07,381.6199951171875,5.944425336307236
2007-02-08,378.29998779296875,5.935687499370859
2007-02-09,380.239990234375,5.940802606622961
2007-02-12,378.05999755859375,5.935052906724297
2007-02-13,378.7200012207031,5.936797148988908
2007-02-14,381.70001220703125,5.944634991731879
2007-02-15,381.2900085449219,5.943560262861455
2007-02-16,380.80999755859375,5.942300556665523
2007-02-19,382.19000244140625,5.945917873539941
2007-02-20,380.989990234375,5.942773102430855
2007-02-21,378.4599914550781,5.936110364397766
2007-02-22,379.70001220703125,5.939381499386903
2007-02-23,380.5299987792969,5.9415650146126495
2007-02-26,382.1700134277344,5.945865570925306
2007-02-27,370.55999755859375,5.915015368356152
2007-02-28,365.0299987792969,5.899979538641637
2007-03-01,361.7900085449219,5.891063956617794
2007-03-02,360.6700134277344,5.887963450069758
2007-03-05,356.3999938964844,5.876053678471189
2007-03-06,359.69000244140625,5.885242556157421
2007-03-07,361.6499938964844,5.890676876418432
2007-03-08,366.5400085449219,5.904107679202116
2007-03-09,367.3500061035156,5.906315088681274
2007-03-12,365.489990234375,5.901238892315158
2007-03-13,361.55999755859375,5.890427996177786
2007-03-14,351.92999267578125,5.86343227137416
2007-03-15,359.0199890136719,5.883378066642043
2007-03-16,359.05999755859375,5.883489498643245
2007-03-19,364.4200134277344,5.898307085468597
2007-03-20,367.2300109863281,5.9059883846722805
2007-03-21,368.75,5.91011890765403
2007-03-22,374.20001220703125,5.924790446461665
2007-03-23,375.9800109863281,5.929535979706327
2007-03-26,372.8500061035156,5.921176210359699
2007-03-27,372.4599914550781,5.920129626561509
2007-03-28,370.1000061035156,5.913773255883641
2007-03-29,374.2900085449219,5.925030920845636
2007-03-30,374.2200012207031,5.924843863028079
2007-04-02,375.5299987792969,5.928338358237628
2007-04-03,379.489990234375,5.938828220293821
2007-04-04,379.989990234375,5.940144910885001
2007-04-05,380.260009765625,5.940855254962881
2007-04-10,382.510009765625,5.946754822246075
2007-04-11,382.19000244140625,5.945917873539941
2007-04-12,380.7900085449219,5.94224806450818
2007-04-13,383.3299865722656,5.948896201970027
2007-04-16,387.7200012207031,5.960283432772822
2007-04-17,387.8599853515625,5.960644412000762
2007-04-18,385.8800048828125,5.95552645295606
2007-04-19,384.3900146484375,5.951657700297862
2007-04-20,389.2699890136719,5.964273162031886
2007-04-23,388.8500061035156,5.963193680837276
2007-04-24,385.3800048828125,5.95422987316788
2007-04-25,387.79998779296875,5.960489711330904
2007-04-26,388.3999938964844,5.9620357207026595
2007-04-27,386.1000061035156,5.956096419078312
2007-04-30,386.92999267578125,5.958243779187258
2007-05-02,388.6400146484375,5.962653502945395
2007-05-03,389.7200012207031,5.965428535689397
2007-05-04,392.7300109863281,5.973122380834369
2007-05-07,392.8800048828125,5.973504234159243
2007-05-08,389.7900085449219,5.965608154484615
2007-05-09,390.5799865722656,5.967632779475675
2007-05-10,387.7200012207031,5.960283432772822
2007-05-11,389.7799987792969,5.965582474262104
2007-05-14,388.9599914550781,5.963476488599174
2007-05-15,390.2099914550781,5.966685033845494
2007-05-16,389.4700012207031,5.9647868436558875
2007-05-18,393.95001220703125,5.976224028677942
2007-05-21,393.3599853515625,5.9747251858644175
2007-05-22,393.3900146484375,5.9748015234478675
2007-05-23,396.3900146484375,5.9823986120488435
2007-05-24,393.54998779296875,5.9752080935707195
2007-05-25,393.4800109863281,5.975030268565488
2007-05-29,394.3900146484375,5.9773403045794735
2007-05-30,393.6499938964844,5.975462174125546
2007-05-31,396.739990234375,5.98328112968529
2007-06-01,400.30999755859375,5.992239240851764
2007-06-04,399.0199890136719,5.9890115134136375
2007-06-05,396.6099853515625,5.9829533931554435
2007-06-06,390.07000732421875,5.96632622897396
2007-06-07,385.4599914550781,5.95443740410279
2007-06-08,385.0899963378906,5.953477063692732
2007-06-11,388.8800048828125,5.96327082529329
2007-06-12,386.79998779296875,5.957907732020113
2007-06-13,388.2200012207031,5.961572192387305
2007-06-14,394.2900085449219,5.977086700833694
2007-06-15,399.2699890136719,5.989637852250537
2007-06-18,397.8699951171875,5.9861253064899955
2007-06-19,396.4200134277344,5.982474289142344
2007-06-20,397.8500061035156,5.986075065164792
2007-06-21,393.70001220703125,5.975589228955613
2007-06-22,392.42999267578125,5.972358158704487
2007-06-25,391.94000244140625,5.971108773079939
2007-06-26,389.5199890136719,5.9649151836696594
2007-06-27,387.69000244140625,5.960206057502525
2007-06-28,391.6000061035156,5.970240926242452
2007-06-29,393.7099914550781,5.975614575974322
2007-07-02,392.2300109863281,5.971848430432752
2007-07-03,395.7099914550781,5.980681598148613
2007-07-04,397.5,5.985194934094387
2007-07-05,394.92999267578125,5.978708515461169
2007-07-06,397.2699890136719,5.98461612262458
2007-07-09,398.5199890136719,5.987757657608834
2007-07-10,394.0199890136719,5.97640164154827
2007-07-11,392.7200012207031,5.973096892858126
2007-07-12,397.3399963378906,5.984792328123354
2007-07-13,399.0199890136719,5.9890115134136375
2007-07-16,399.7099914550781,5.990739262790583
2007-07-17,397.7900085449219,5.985924249324455
2007-07-18,393.1400146484375,5.974165819789756
2007-07-19,396.94000244140625,5.98378514191468
2007-07-20,392.5899963378906,5.972765800972364
2007-07-23,394.989990234375,5.9788604234012315
2007-07-24,388.94000244140625,5.963425096353813
2007-07-25,385.5,5.954541193003384
2007-07-26,374.55999755859375,5.925751997224536
2007-07-27,372.69000244140625,5.920746981444465
2007-07-30,372.0299987792969,5.9189744929015955
2007-07-31,380.07000732421875,5.9403554655527815
2007-08-02,376.92999267578125,5.932059474384198
2007-08-03,372.0299987792969,5.9189744929015955
2007-08-06,368.6400146484375,5.9098205978039005
2007-08-07,373.6199951171875,5.923239225043488
2007-08-08,381.04998779296875,5.942930568076878
2007-08-09,374.2699890136719,5.924977432731604
2007-08-10,362.7699890136719,5.893768994349973
2007-08-13,370.9100036621094,5.915959455450535
2007-08-14,366.3399963378906,5.903561853935594
2007-08-15,365.3599853515625,5.9008831287835815
2007-08-16,352.3699951171875,5.864681746047669
2007-08-17,359.9800109863281,5.886048504870606
2007-08-20,362.3299865722656,5.892555361719362
2007-08-21,362.3900146484375,5.892721020390871
2007-08-22,368.6199951171875,5.909766289877282
2007-08-23,369.3299865722656,5.911690516970623
2007-08-24,370.5199890136719,5.914907394734719
2007-08-27,371.0899963378906,5.9164446109203785
2007-08-28,364.6600036621094,5.89896542265359
2007-08-29,366.80999755859375,5.904843996168429
2007-08-30,370.989990234375,5.916175081743118
2007-08-31,375.94000244140625,5.9294295626825875
2007-09-03,376.989990234375,5.93221863599307
2007-09-04,379.4700012207031,5.9387755455444236
2007-09-05,372.6600036621094,5.920666485626212
2007-09-06,373.8399963378906,5.923827888596244
2007-09-07,365.5799865722656,5.90148509675851
2007-09-10,362.2300109863281,5.892279399516346
2007-09-11,368.4100036621094,5.90919645836131
2007-09-12,369.2300109863281,5.911419785853642
2007-09-13,372.2099914550781,5.919458188165629
2007-09-14,367.75,5.907403359481547
2007-09-17,362.17999267578125,5.892141305590603
2007-09-18,367.6700134277344,5.90718583324859
2007-09-19,377.5299987792969,5.9336500324967725
2007-09-20,374.95001220703125,5.926792716303822
2007-09-21,376.739990234375,5.931555268432681
2007-09-24,376.54998779296875,5.931050808129272
2007-09-25,372.3999938964844,5.919968529013235
2007-09-26,375.0299987792969,5.927006019515633
2007-09-27,377.9599914550781,5.934788347306419
2007-09-28,377.8599853515625,5.934523717878333
2007-10-01,380.8599853515625,5.942431815069194
2007-10-02,382.7799987792969,5.947460408420881
2007-10-03,383.5899963378906,5.94957426430086
2007-10-04,384.17999267578125,5.9511111736942155
2007-10-05,386.92999267578125,5.958243779187258
2007-10-08,385.8599853515625,5.955474571411737
2007-10-09,387.8399963378906,5.960592873998575
2007-10-10,388.2300109863281,5.961597975800192
2007-10-11,390.42999267578125,5.967248677089499
2007-10-12,390.6300048828125,5.967760832908587
2007-10-15,386.95001220703125,5.9582955172632595
2007-10-16,384.0299987792969,5.950720671357462
2007-10-17,386.6199951171875,5.957442285864058
2007-10-18,383.3599853515625,5.948974457276372
2007-10-19,380.8800048828125,5.942484377706082
2007-10-22,375.82000732421875,5.929110324849641
2007-10-23,379.7799987792969,5.939592134483033
2007-10-24,377.45001220703125,5.933438141926423
2007-10-25,381.8299865722656,5.944975448208239
2007-10-26,383.95001220703125,5.950512367569836
2007-10-29,386.6000061035156,5.9573905825619065
2007-10-30,384.8999938964844,5.9529835444322945
2007-10-31,388.42999267578125,5.962112954537168
2007-11-01,382.57000732421875,5.946911662203665
2007-11-02,379.9200134277344,5.93996073958445
2007-11-05,377.32000732421875,5.933093653192812
2007-11-06,378.6400146484375,5.93658592428497
2007-11-07,375.5799865722656,5.928471462028065
2007-11-08,373.4800109863281,5.922864485031833
2007-11-09,367.57000732421875,5.906913796631133
2007-11-12,367.69000244140625,5.907240198493492
2007-11-13,368.5199890136719,5.909494954428704
2007-11-14,370.4599914550781,5.9147454536288695
2007-11-15,365.82000732421875,5.902141429169153
2007-11-16,362.7200012207031,5.893631190124633
2007-11-19,354.70001220703125,5.871272396194662
2007-11-20,358.6499938964844,5.882346965554416
2007-11-21,349.17999267578125,5.855587527581146
2007-11-22,351.8599853515625,5.863233327579462
2007-11-23,357.739990234375,5.879806438266992
2007-11-26,355.7799987792969,5.874312558866062
2007-11-27,354.2699890136719,5.870059303270127
2007-11-28,364.0899963378906,5.897401079763817
2007-11-29,365.7200012207031,5.901868016634034
2007-11-30,370.3599853515625,5.914475466027957
2007-12-03,368.80999755859375,5.9102815996626115
2007-12-04,363.3399963378906,5.895339024931584
2007-12-05,369.6099853515625,5.912448356046424
2007-12-06,369.8699951171875,5.913151579347142
2007-12-07,372.8800048828125,5.921256665159349
2007-12-10,375.05999755859375,5.9270860066624005
2007-12-11,373.54998779296875,5.923051831743369
2007-12-12,374.75,5.926259136982707
2007-12-13,365.6099853515625,5.901567151437773
2007-12-14,367.239990234375,5.906015558683556
2007-12-17,360.8299865722656,5.888406896077112
2007-12-18,360.42999267578125,5.887297742792583
2007-12-19,358.739990234375,5.882597864898854
2007-12-20,359.4599914550781,5.884602881552337
2007-12-21,364.489990234375,5.898499089437547
2007-12-24,364.489990234375,5.898499089437547
2007-12-27,365.0899963378906,5.90014388849955
2007-12-28,364.3900146484375,5.8982247628381215
2007-12-31,364.6400146484375,5.898910605669701
2008-01-03,358.95001220703125,5.883183137030101
2008-01-04,352.0,5.863631175598097
2008-01-07,351.2699890136719,5.86155512725272
2008-01-08,353.42999267578125,5.867685425202886
2008-01-09,348.7699890136719,5.854412647661301
2008-01-10,345.3800048828125,5.844645274294032
2008-01-11,343.69000244140625,5.839740095394918
2008-01-14,344.7799987792969,5.842906528926305
2008-01-15,335.94000244140625,5.816932579856244
2008-01-16,332.75,5.807391457275221
2008-01-17,331.07000732421875,5.802329855503651
2008-01-18,327.5299987792969,5.791579650206442
2008-01-21,308.7699890136719,5.732596627591217
2008-01-22,315.54998779296875,5.754317109345313
2008-01-23,306.0299987792969,5.7236831323737025
2008-01-24,322.0799865722656,5.7747999202008
2008-01-25,322.2300109863281,5.775265610372743
2008-01-28,318.70001220703125,5.764250259725867
2008-01-29,324.30999755859375,5.781699840955868
2008-01-30,322.19000244140625,5.775141441215548
2008-01-31,322.1600036621094,5.775048327910561
2008-02-01,328.4200134277344,5.794293317949551
2008-02-04,329.1300048828125,5.796452824333023
2008-02-05,318.7300109863281,5.764344383875114
2008-02-06,320.3500061035156,5.769414167137678
2008-02-07,314.1400146484375,5.7498387930451695
2008-02-08,315.5,5.754158681981268
2008-02-11,312.5899963378906,5.744892415997041
2008-02-12,323.0299987792969,5.777745194387696
2008-02-13,323.29998779296875,5.778580646973789
2008-02-14,323.6600036621094,5.77969359340342
2008-02-15,317.3599853515625,5.76003673004891
2008-02-18,323.5299987792969,5.779291841571436
2008-02-19,324.1600036621094,5.7812372323575465
2008-02-20,320.3299865722656,5.769351672502336
2008-02-21,322.42999267578125,5.775886035696889
2008-02-22,319.8800048828125,5.767945940728202
2008-02-25,325.29998779296875,5.784747795953848
2008-02-26,330.010009765625,5.799122986623607
2008-02-27,329.3900146484375,5.797242503527048
2008-02-28,323.3399963378906,5.778704389847582
2008-02-29,318.95001220703125,5.765034388960518
2008-03-03,314.4599914550781,5.75085685486881
2008-03-04,310.260009765625,5.737410687111802
2008-03-05,315.6099853515625,5.754507227734714
2008-03-06,311.4200134277344,5.741142526531043
2008-03-07,307.9800109863281,5.730034881472479
2008-03-10,304.1499938964844,5.717520980699262
2008-03-11,307.82000732421875,5.729515220345644
2008-03-12,311.4800109863281,5.741335165980161
2008-03-13,307.260009765625,5.72769432648545
2008-03-14,304.1499938964844,5.717520980699262
2008-03-17,290.260009765625,5.6707771066866215
2008-03-18,300.57000732421875,5.705680696307045
2008-03-19,297.4800109863281,5.695347032766415
2008-03-20,296.8299865722656,5.693159539115166
2008-03-25,306.6300048828125,5.725641824933213
2008-03-26,304.6300048828125,5.719097941462642
2008-03-27,308.4599914550781,5.731592147593588
2008-03-28,306.69000244140625,5.725837473397534
2008-03-31,305.9599914550781,5.723454346525433
2008-04-01,316.07000732421875,5.75596373121532
2008-04-02,319.6600036621094,5.767257942396771
2008-04-03,317.9700012207031,5.7619570425463245
2008-04-04,319.1499938964844,5.765661192577781
2008-04-07,322.010009765625,5.77458263128989
2008-04-08,318.739990234375,5.764375692793271
2008-04-09,316.5299987792969,5.757418019965594
2008-04-10,315.239990234375,5.753334222507067
2008-04-11,310.739990234375,5.738956518236858
2008-04-14,308.260009765625,5.730943614398405
2008-04-15,309.5799865722656,5.735216496771693
2008-04-16,314.95001220703125,5.75241393482657
2008-04-17,313.1700134277344,5.746746216965138
2008-04-18,320.69000244140625,5.770474932036091
2008-04-21,316.9599914550781,5.7587755559912495
2008-04-22,315.5,5.754158681981268
2008-04-23,317.4100036621094,5.760194325119616
2008-04-24,317.6499938964844,5.7609501284979485
2008-04-25,321.70001220703125,5.773619472190368
2008-04-28,323.6199951171875,5.779569972883557
2008-04-29,320.6700134277344,5.770412598827959
2008-04-30,323.0899963378906,5.777930910846618
2008-05-02,329.2099914550781,5.79669581905643
2008-05-05,328.2799987792969,5.79386689904303
2008-05-06,326.69000244140625,5.789011716490196
2008-05-07,329.3500061035156,5.797121033618706
2008-05-08,329.2799987792969,5.796908448938496
2008-05-09,324.8500061035156,5.783363556115259
2008-05-13,325.57000732421875,5.785577514787921
2008-05-14,327.20001220703125,5.790571642036144
2008-05-15,328.4100036621094,5.794262838935604
2008-05-19,332.8699951171875,5.807752008699059
2008-05-20,325.9700012207031,5.786805356337145
2008-05-21,323.1600036621094,5.778147567943694
2008-05-22,324.4100036621094,5.7820081591952315
2008-05-23,319.0199890136719,5.7652537623065605
2008-05-26,318.2699890136719,5.762900044620396
2008-05-27,317.19000244140625,5.759500971109529
2008-05-28,320.1499938964844,5.7687896169002615
2008-05-29,320.9100036621094,5.771160721397789
2008-05-30,322.1199951171875,5.774924131768979
2008-06-02,318.44000244140625,5.763434081887147
2008-06-03,321.04998779296875,5.771596836217844
2008-06-04,317.07000732421875,5.759122592789056
2008-06-05,316.6099853515625,5.757670686278561
2008-06-06,310.2900085449219,5.737507371596324
2008-06-09,308.7099914550781,5.73240229721394
2008-06-10,306.6099853515625,5.7255765339163975
2008-06-11,301.3699951171875,5.7083387295353605
2008-06-12,304.1000061035156,5.71735661475407
2008-06-13,305.70001220703125,5.722604268828196
2008-06-16,304.8999938964844,5.719983833976119
2008-06-17,306.3399963378906,5.724695584282013
2008-06-18,301.739990234375,5.709565687047558
2008-06-19,300.239990234375,5.704582122300702
2008-06-20,295.0799865722656,5.687246460510697
2008-06-23,294.80999755859375,5.686331072761158
2008-06-24,292.5400085449219,5.678601438668355
2008-06-25,296.1000061035156,5.690697255720567
2008-06-26,288.4800109863281,5.664625797538506
2008-06-27,287.3399963378906,5.660666170837708
2008-06-30,289.3900146484375,5.667775309968524
2008-07-01,283.0,5.645446897643238
2008-07-02,280.69000244140625,5.6372508662084595
2008-07-03,283.0799865722656,5.645729495773168
2008-07-07,283.1700134277344,5.646047471424301
2008-07-08,278.9700012207031,5.631104253533966
2008-07-09,283.8999938964844,5.648622041980103
2008-07-10,277.95001220703125,5.627441285317561
2008-07-11,270.3599853515625,5.5997543500509215
2008-07-14,272.4700012207031,5.607528520779776
2008-07-15,266.510009765625,5.58541180299669
2008-07-16,268.5,5.5928509139489195
2008-07-17,276.2699890136719,5.62137860863475
2008-07-18,280.69000244140625,5.6372508662084595
2008-07-21,282.3599853515625,5.643182800648685
2008-07-22,280.8999938964844,5.637998712381769
2008-07-23,286.7699890136719,5.658680462433189
2008-07-24,282.2099914550781,5.642651444373376
2008-07-25,281.760009765625,5.641055679407269
2008-07-28,278.7300109863281,5.630243610736994
2008-07-29,279.6400146484375,5.633503114026981
2008-07-30,284.0,5.648974238161206
2008-07-31,283.760009765625,5.6481288448804525
2008-08-04,277.5899963378906,5.626145191736536
2008-08-05,285.010009765625,5.652524301636538
2008-08-06,287.6600036621094,5.66177923990643
2008-08-07,286.8900146484375,5.659098918088981
2008-08-08,289.2799987792969,5.6673950729840135
2008-08-11,293.05999755859375,5.6803773578791406
2008-08-12,291.8399963378906,5.67620569433762
2008-08-13,284.44000244140625,5.65052234359852
2008-08-14,285.9100036621094,5.655677088789963
2008-08-15,287.25,5.660352916728865
2008-08-18,286.95001220703125,5.659308027094992
2008-08-19,279.7099914550781,5.63375332161165
2008-08-20,280.760009765625,5.6375002466450415
2008-08-21,278.44000244140625,5.629202605068625
2008-08-22,283.82000732421875,5.648340260212249
2008-08-25,282.1499938964844,5.6424388227829825
2008-08-26,282.739990234375,5.644527712899645
2008-08-27,283.25,5.646329899908116
2008-08-28,287.2099914550781,5.66021362575793
2008-08-29,288.17999267578125,5.663585259489357
2008-09-01,287.17999267578125,5.6601091713623
2008-09-02,290.0799865722656,5.6701567007167775
2008-09-03,285.5799865722656,5.654522152982978
2008-09-04,278.17999267578125,5.628268359849921
2008-09-05,272.239990234375,5.606683994321267
2008-09-08,281.29998779296875,5.639421672100747
2008-09-09,279.6000061035156,5.63336003218911
2008-09-10,277.3500061035156,5.625280268507789
2008-09-12,280.4100036621094,5.63625283092244
2008-09-15,270.67999267578125,5.600937284305436
2008-09-16,263.5400085449219,5.57420519154073
2008-09-17,258.0400085449219,5.553114644778758
2008-09-18,256.7699890136719,5.548180699774977
2008-09-19,278.17999267578125,5.628268359849921
2008-09-22,272.3500061035156,5.607088026240242
2008-09-23,267.30999755859375,5.588409024460376
2008-09-24,265.6600036621094,5.582217309489305
2008-09-25,271.010009765625,5.602155756602089
2008-09-26,265.9200134277344,5.583195562162473
2008-09-29,251.42999267578125,5.527164591648674
2008-09-30,256.04998779296875,5.545372690234154
2008-10-01,257.75,5.551990122897069
2008-10-02,254.24000549316406,5.538278724394621
2008-10-03,261.42999267578125,5.5661665332301125
2008-10-06,241.5,5.486869473092628
2008-10-07,240.72000122070312,5.48363443739284
2008-10-08,226.30999755859375,5.42190573000477
2008-10-09,221.77999877929688,5.401685894020953
2008-10-10,205.1300048828125,5.323643948297548
2008-10-13,225.3699951171875,5.417743474364813
2008-10-14,232.22000122070312,5.447685203455527
2008-10-15,217.1699981689453,5.380680448541725
2008-10-16,206.39999389648438,5.32981600403611
2008-10-17,214.27000427246094,5.367236921952247
2008-10-20,222.00999450683594,5.402722401159959
2008-10-21,220.89999389648438,5.397710082795851
2008-10-22,209.57000732421875,5.3450578473806445
2008-10-23,208.72000122070312,5.340993646676993
2008-10-24,198.82000732421875,5.292399929622439
2008-10-28,199.44000244140625,5.29551345145661
2008-10-29,213.72000122070312,5.364666752801264
2008-10-30,216.24000549316406,5.3763889273712815
2008-10-31,222.07000732421875,5.402992680467745
2008-11-03,223.3800048828125,5.408874378971452
2008-11-04,233.5,5.453182077108952
2008-11-05,228.1300048828125,5.429915663308424
2008-11-06,215.4600067138672,5.372775308626666
2008-11-07,219.60000610351562,5.391807737429162
2008-11-10,220.9600067138672,5.397981720045971
2008-11-11,212.1699981689453,5.357387831494895
2008-11-12,205.22000122070312,5.324082580382329
2008-11-13,204.0800018310547,5.318512082805795
2008-11-14,205.61000061035156,5.3259811734990015
2008-11-17,200.36000061035156,5.3001157515356905
2008-11-18,201.91000366210938,5.307822071699618
2008-11-19,193.77000427246094,5.266671910761626
2008-11-20,186.75,5.229770824012927
2008-11-21,182.1300048828125,5.204720744619943
2008-11-24,197.50999450683594,5.285789188158685
2008-11-25,198.77000427246094,5.2921483988970035
2008-11-26,198.85000610351562,5.292550802347768
2008-11-27,203.6199951171875,5.316255487699025
2008-11-28,206.25,5.32908902521479
2008-12-01,193.91000366210938,5.26739415278014
2008-12-02,197.1999969482422,5.28421842669309
2008-12-03,198.2899932861328,5.2897305717518845
2008-12-04,197.39999389648438,5.285232096079849
2008-12-05,189.83999633789062,5.2461815928370035
2008-12-08,202.61000061035156,5.311282951950505
2008-12-09,205.3300018310547,5.324618449885026
2008-12-10,205.3699951171875,5.324813206576316
2008-12-11,203.7899932861328,5.317090018926292
2008-12-12,198.22000122070312,5.289377531136887
2008-12-15,197.50999450683594,5.285789188158685
2008-12-16,199.00999450683594,5.293355047115769
2008-12-17,197.50999450683594,5.285789188158685
2008-12-18,197.30999755859375,5.284776083607915
2008-12-19,196.42999267578125,5.280306096459523
2008-12-22,193.32000732421875,5.264346884863386
2008-12-23,193.0500030517578,5.262949238518367
2008-12-24,193.0500030517578,5.262949238518367
2008-12-29,193.4600067138672,5.265070807458563
2008-12-30,196.89999389648438,5.282695954647031
2008-12-31,196.89999389648438,5.282695954647031
2009-01-05,208.69000244140625,5.340849908965461
2009-01-06,212.8699951171875,5.360681627806584
2009-01-07,210.30999755859375,5.34858262108698
2009-01-08,208.77000427246094,5.341233187989786
2009-01-09,207.82000732421875,5.336672355667589
2009-01-12,204.52999877929688,5.320714658021742
2009-01-13,201.66000366210938,5.306583129124889
2009-01-14,192.8699951171875,5.262016361505106
2009-01-15,191.1699981689453,5.253163074962778
2009-01-16,192.9600067138672,5.262482948332908
2009-01-19,189.72000122070312,5.245549307443616
2009-01-20,185.6999969482422,5.224132451924854
2009-01-21,184.52000427246094,5.217757881844079
2009-01-22,182.85000610351562,5.208666177975295
2009-01-23,182.49000549316406,5.206695407101901
2009-01-26,188.05999755859375,5.236761047866871
2009-01-27,188.30999755859375,5.238089528032725
2009-01-28,194.32000732421875,5.26950632238545
2009-01-29,190.7899932861328,5.251173311549391
2009-01-30,191.22999572753906,5.253476869732881
2009-02-02,186.32000732421875,5.227465664885975
2009-02-03,189.77999877929688,5.245865500113411
2009-02-04,194.6699981689453,5.271305807895245
2009-02-05,194.5,5.270432163058501
2009-02-06,198.52999877929688,5.290940216060279
2009-02-09,199.35000610351562,5.2950621044444475
2009-02-10,193.82000732421875,5.26692993109517
2009-02-11,193.1300048828125,5.263363562567025
2009-02-12,190.63999938964844,5.250386829588894
2009-02-13,191.27000427246094,5.253686064739772
2009-02-17,183.97999572753906,5.21482703282659
2009-02-18,183.35000610351562,5.211396927806212
2009-02-19,183.38999938964844,5.2116150293805825
2009-02-20,176.92999267578125,5.175754132728772
2009-02-23,175.2899932861328,5.166441706932971
2009-02-24,172.86000061035156,5.152482021855393
2009-02-25,172.30999755859375,5.149295165986322
2009-02-26,176.13999938964844,5.171279129912163
2009-02-27,172.9199981689453,5.152829049210403
2009-03-02,164.3000030517578,5.101694043617524
2009-03-03,161.33999633789062,5.083513916810741
2009-03-04,167.6199951171875,5.121699483540509
2009-03-05,161.58999633789062,5.085062240321186
2009-03-06,159.52000427246094,5.072169332996759
2009-03-09,157.97000122070312,5.062405149308442
2009-03-10,165.99000549316406,5.111927578671471
2009-03-11,166.24000549316406,5.113432560394493
2009-03-12,167.36000061035156,5.120147184523496
2009-03-13,168.57000732421875,5.127351137241339
2009-03-16,173.19000244140625,5.154389271837645
2009-03-17,172.0500030517578,5.147785149981111
2009-03-18,170.75999450683594,5.140259029720845
2009-03-19,171.8699951171875,5.146738348678678
2009-03-20,172.5800018310547,5.150860907690051
2009-03-23,177.72999572753906,5.1802655207328465
2009-03-24,178.2100067138672,5.182962667858916
2009-03-25,178.82000732421875,5.186379754265782
2009-03-26,179.1199951171875,5.1880559450304915
2009-03-27,177.1699981689453,5.17710971327733
2009-03-30,170.4499969482422,5.138441980679788
2009-03-31,176.4600067138672,5.173094259841488
2009-04-01,179.25999450683594,5.188837235285658
2009-04-02,188.11000061035156,5.237026901349582
2009-04-03,186.1699981689453,5.226660224948414
2009-04-06,185.00999450683594,5.220409847980337
2009-04-07,183.4600067138672,5.211996696677319
2009-04-08,184.02000427246094,5.215044470571588
2009-04-09,188.05999755859375,5.236761047866871
2009-04-14,190.99000549316406,5.25222109941659
2009-04-15,190.52000427246094,5.249757198357922
2009-04-16,193.82000732421875,5.26692993109517
2009-04-17,196.9600067138672,5.283000696523608
2009-04-20,189.92999267578125,5.246655544661417
2009-04-21,190.1999969482422,5.248076134066296
2009-04-22,192.3800048828125,5.2594726081055505
2009-04-23,191.49000549316406,5.254835616622503
2009-04-24,195.82000732421875,5.277195907328737
2009-04-27,196.52999877929688,5.280815085200613
2009-04-28,193.57000732421875,5.265639241995025
2009-04-29,197.27999877929688,5.284624033228366
2009-04-30,200.22999572753906,5.2994666844667915
2009-05-04,203.77000427246094,5.31699192777992
2009-05-05,205.07000732421875,5.3233514199833785
2009-05-06,208.02000427246094,5.337634249463689
2009-05-07,206.2899932861328,5.329282913259145
2009-05-08,209.50999450683594,5.344771444700818
2009-05-11,206.58999633789062,5.330736135077077
2009-05-12,206.17999267578125,5.328749538144818
2009-05-13,200.72000122070312,5.301910908139789
2009-05-14,201.6999969482422,5.306781429829983
2009-05-15,202.9199981689453,5.312811803674959
2009-05-18,207.8300018310547,5.33672044664133
2009-05-19,210.77999877929688,5.35081492971443
2009-05-20,211.75,5.355406333532164
2009-05-22,207.00999450683594,5.332767074741519
2009-05-25,207.36000061035156,5.334456416107349
2009-05-26,208.9600067138672,5.342142878217982
2009-05-27,210.41000366210938,5.349058025655856
2009-05-28,207.92999267578125,5.337201449373558
2009-05-29,208.2100067138672,5.338547218012755
2009-06-02,214.24000549316406,5.367096907583098
2009-06-03,209.94000244140625,5.346821787236718
2009-06-04,209.47000122070312,5.344580536845254
2009-06-05,210.75999450683594,5.350720019277486
2009-06-08,209.2899932861328,5.343720817922631
2009-06-09,210.2899932861328,5.348487498533905
2009-06-10,212.77000427246094,5.3602117901658115
2009-06-11,214.8000030517578,5.369707376842148
2009-06-12,214.35000610351562,5.367610221518516
2009-06-15,209.02000427246094,5.342429961606798
2009-06-16,208.8000030517578,5.341376870624182
2009-06-17,204.6300048828125,5.321203494196403
2009-06-18,205.63999938964844,5.3261270642192455
2009-06-19,208.27999877929688,5.338883322433823
2009-06-22,202.47999572753906,5.310641095136212
2009-06-23,201.49000549316406,5.305739779626387
2009-06-24,206.3300018310547,5.329476837671537
2009-06-25,204.66000366210938,5.321350083552234
2009-06-26,204.47000122070312,5.320421271425047
2009-06-29,208.02999877929688,5.337682294202373
2009-06-30,205.8300018310547,5.327050594266866
2009-07-01,209.4600067138672,5.344532822398218
2009-07-02,204.1199951171875,5.318708032274486
2009-07-03,204.0800018310547,5.318512082805795
2009-07-06,201.6999969482422,5.306781429829983
2009-07-07,200.1999969482422,5.299316851637575
2009-07-08,198.02999877929688,5.288418528204556
2009-07-09,199.41000366210938,5.295363025086322
2009-07-10,197.25,5.284471959725984
2009-07-13,200.8000030517578,5.302309403015571
2009-07-14,203.5,5.31566600488265
2009-07-15,209.0800018310547,5.342716962602396
2009-07-16,209.86000061035156,5.34644064463814
2009-07-17,210.6699981689453,5.350292919446801
2009-07-20,213.22000122070312,5.362324502247416
2009-07-21,215.02000427246094,5.370731066927145
2009-07-22,215.64999389648438,5.373656694790974
2009-07-23,219.7899932861328,5.392672514482445
2009-07-24,219.6699981689453,5.392126411890615
2009-07-27,220.58999633789062,5.396305758274811
2009-07-28,218.5399932861328,5.386969033421142
2009-07-29,220.3699951171875,5.395307929704328
2009-07-30,225.25,5.417210896488447
2009-07-31,224.91000366210938,5.415700338465635
2009-08-03,228.4600067138672,5.431361169693296
2009-08-04,227.7899932861328,5.428424122419319
2009-08-05,226.8699951171875,5.4243771446862565
2009-08-06,227.88999938964844,5.428863053716407
2009-08-07,230.67999267578125,5.441031436996653
2009-08-10,229.55999755859375,5.436164422605007
2009-08-11,226.35000610351562,5.422082500846914
2009-08-12,228.64999389648438,5.432192423410359
2009-08-13,230.47999572753906,5.4401640722390425
2009-08-14,228.77000427246094,5.432717150703484
2009-08-17,224.22999572753906,5.412672291731517
2009-08-18,227.22999572753906,5.425962701581343
2009-08-19,226.4499969482422,5.422524156525704
2009-08-20,229.64999389648438,5.436556384194334
2009-08-21,234.85000610351562,5.458947038461999
2009-08-24,236.83999633789062,5.467384792201198
2009-08-25,237.83999633789062,5.471598163292477
2009-08-26,236.4499969482422,5.4657367561833174
2009-08-27,235.24000549316406,5.460606292943073
2009-08-28,237.50999450683594,5.470209704723314
2009-08-31,235.6199951171875,5.4622203170947214
2009-09-01,231.66000366210938,5.445270795312321
2009-09-02,230.58999633789062,5.440641225878757
2009-09-03,230.67999267578125,5.441031436996653
2009-09-04,233.85000610351562,5.454679910272026
2009-09-08,237.88999938964844,5.4718083793914865
2009-09-09,240.08999633789062,5.481013837793995
2009-09-10,240.47000122070312,5.4825953467167015
2009-09-11,241.74000549316406,5.4878627911547495
2009-09-14,240.92999267578125,5.484506404468701
2009-09-15,241.36000061035156,5.486289597379607
2009-09-16,244.82000732421875,5.500523276564116
2009-09-17,246.10000610351562,5.505737982197967
2009-09-18,244.9199981689453,5.5009316191336195
2009-09-21,242.97000122070312,5.492937983953098
2009-09-22,244.22000122070312,5.498069463403251
2009-09-23,244.74000549316406,5.500196445002419
2009-09-24,239.97999572753906,5.4805555687328384
2009-09-25,238.9499969482422,5.476254312252634
2009-09-28,243.1999969482422,5.493884137543666
2009-09-29,243.58999633789062,5.495486469056104
2009-09-30,242.47000122070312,5.490877996418903
2009-10-01,238.6199951171875,5.474872307984941
2009-10-02,234.10000610351562,5.455748400569123
2009-10-05,236.08999633789062,5.464213072748625
2009-10-06,241.1699981689453,5.485502071415597
2009-10-07,240.3000030517578,5.481888155442206
2009-10-08,243.44000244140625,5.494870515617496
2009-10-09,242.72999572753906,5.491949696886157
2009-10-12,244.33999633789062,5.4985606829881535
2009-10-13,241.94000244140625,5.48868977162266
2009-10-14,246.97999572753906,5.509307344390863
2009-10-15,247.27999877929688,5.510521292887339
2009-10-16,245.5800018310547,5.503622767188408
2009-10-19,249.33999633789062,5.518817412229617
2009-10-20,248.25,5.514436302925282
2009-10-21,249.19000244140625,5.5182156674945855
2009-10-22,246.22999572753906,5.5062660411282
2009-10-23,244.88999938964844,5.500809127639024
2009-10-26,241.83999633789062,5.488276335328507
2009-10-27,242.27000427246094,5.490052824337687
2009-10-28,237.33999633789062,5.4694936968071906
2009-10-29,241.72999572753906,5.487821383143492
2009-10-30,236.92999267578125,5.467764707945378
2009-11-02,237.63999938964844,5.470756920919153
2009-11-03,234.89999389648438,5.459159865681403
2009-11-04,239.1300048828125,5.477007357527013
2009-11-05,240.52000427246094,5.482803263934801
2009-11-06,241.05999755859375,5.485045855032403
2009-11-09,245.74000549316406,5.504274088792986
2009-11-10,245.30999755859375,5.502522706889665
2009-11-11,246.1999969482422,5.506144201354911
2009-11-12,246.61000061035156,5.507808143883427
2009-11-13,247.8000030517578,5.512621981510449
2009-11-16,251.33999633789062,5.526806589616658
2009-11-17,250.36000061035156,5.522899884494397
2009-11-18,249.64999389648438,5.520059912498328
2009-11-19,245.52000427246094,5.503378427713162
2009-11-20,243.6199951171875,5.495609614229072
2009-11-23,248.49000549316406,5.51540262538446
2009-11-24,246.8800048828125,5.508902408392931
2009-11-25,247.9600067138672,5.51326746991013
2009-11-26,239.85000610351562,5.480013753395292
2009-11-27,242.60000610351562,5.491414021668711
2009-11-30,239.1699981689453,5.477174588494902
2009-12-01,245.5800018310547,5.503622767188408
2009-12-02,246.77000427246094,5.508456746040527
2009-12-03,246.3300018310547,5.506672107822148
2009-12-04,249.02999877929688,5.517573366233222
2009-12-07,247.8800048828125,5.512944777792198
2009-12-08,244.00999450683594,5.497209185547909
2009-12-09,241.4199981689453,5.486538147688462
2009-12-10,243.88999938964844,5.496717301468761
2009-12-11,245.1300048828125,5.501788701984003
2009-12-14,247.0399932861328,5.509550239659164
2009-12-15,247.1699981689453,5.51007635158753
2009-12-16,250.3300018310547,5.522780054742708
2009-12-17,247.17999267578125,5.5101167865304745
2009-12-18,246.19000244140625,5.506103605457961
2009-12-21,249.57000732421875,5.5197394663112584
2009-12-22,251.14999389648438,5.526050345893782
2009-12-23,251.89999389648438,5.529032159128649
2009-12-24,251.89999389648438,5.529032159128649
2009-12-28,253.1699981689453,5.534061192605474
2009-12-29,254.08999633789062,5.5376885205542505
2009-12-30,253.16000366210938,5.534021714372697
2009-12-31,253.16000366210938,5.534021714372697
2010-01-04,257.6499938964844,5.551602051085059
2010-01-05,257.5899963378906,5.551369159384096
2010-01-06,257.9599914550781,5.552804501017188
2010-01-07,258.0400085449219,5.553114644778758
2010-01-08,259.1499938964844,5.557407021083658
2010-01-11,258.80999755859375,5.556094192323398
2010-01-12,256.3800048828125,5.546660737929204
2010-01-13,256.9599914550781,5.548920397504498
2010-01-14,258.8399963378906,5.556210096040907
2010-01-15,256.44000244140625,5.546894728639437
2010-01-18,258.2099914550781,5.553773174236576
2010-01-19,260.260009765625,5.561681168871184
2010-01-20,256.29998779296875,5.546348585742122
2010-01-21,252.75999450683594,5.532440400172527
2010-01-22,249.91000366210938,5.521100867700403
2010-01-25,248.2899932861328,5.514597390800418
2010-01-26,249.41000366210938,5.519098143356148
2010-01-27,247.30999755859375,5.5106426005545215
2010-01-28,244.61000061035156,5.499665107986992
2010-01-29,246.9600067138672,5.509226407379955
2010-02-01,248.4199981689453,5.515120854745246
2010-02-02,250.8000030517578,5.524655820926859
2010-02-03,249.39999389648438,5.519058008773139
2010-02-04,242.6999969482422,5.491826100158358
2010-02-05,237.4600067138672,5.469999216511322
2010-02-08,238.91000366210938,5.476086927302334
2010-02-09,239.19000244140625,5.477258225389488
2010-02-10,240.91000366210938,5.484423434960834
2010-02-11,241.74000549316406,5.4878627911547495
2010-02-12,241.02000427246094,5.484879935325829
2010-02-15,241.9199981689453,5.488607085422324
2010-02-16,244.3800048828125,5.498724410868785
2010-02-17,247.69000244140625,5.51217797412003
2010-02-18,249.13999938964844,5.518014985008113
2010-02-19,250.3000030517578,5.522660210630129
2010-02-22,249.6699981689453,5.520140038560931
2010-02-23,246.74000549316406,5.508335172906284
2010-02-24,247.22000122070312,5.510278633397397
2010-02-25,243.2899932861328,5.49425411982788
2010-02-26,245.8000030517578,5.504518209547548
2010-03-01,248.69000244140625,5.516207150730764
2010-03-02,250.64999389648438,5.524057519358761
2010-03-03,252.60000610351562,5.53180723407916
2010-03-04,253.0,5.53338948872752
2010-03-05,257.0899963378906,5.5494262038994835
2010-03-08,256.8699951171875,5.548570101331978
2010-03-09,256.7300109863281,5.548024991781113
2010-03-10,258.239990234375,5.5538893472655015
2010-03-11,257.6000061035156,5.55140801792397
2010-03-12,258.3999938964844,5.55450874828803
2010-03-15,256.6499938964844,5.547713265224837
2010-03-16,259.0299987792969,5.556943880394984
2010-03-17,261.3399963378906,5.565822227548184
2010-03-18,261.20001220703125,5.565286444136698
2010-03-19,260.20001220703125,5.561450612992436
2010-03-22,260.1199951171875,5.561143044229566
2010-03-23,261.8500061035156,5.567771844034702
2010-03-24,262.19000244140625,5.569069441088564
2010-03-25,264.7900085449219,5.57893709126987
2010-03-26,263.5899963378906,5.57439485174848
2010-03-29,263.8900146484375,5.575532405159607
2010-03-30,263.8699951171875,5.575456539118645
2010-03-31,263.57000732421875,5.574319015138939
2010-04-01,267.6199951171875,5.589568045631522
2010-04-06,269.3699951171875,5.59608588107404
2010-04-07,268.6099853515625,5.5932604589437975
2010-04-08,266.2799987792969,5.584548382148219
2010-04-09,269.739990234375,5.597458495884866
2010-04-12,269.3599853515625,5.5960487204704386
2010-04-13,268.69000244140625,5.593558307788961
2010-04-14,270.44000244140625,5.600050271250011
2010-04-15,272.1400146484375,5.606316693589555
2010-04-16,267.9200134277344,5.590688478604395
2010-04-19,266.1300048828125,5.583984929548076
2010-04-20,269.760009765625,5.59753271101465
2010-04-21,268.2300109863281,5.5918448623739465
2010-04-22,265.32000732421875,5.580936672262582
2010-04-23,267.4200134277344,5.5888205063986724
2010-04-26,270.1000061035156,5.598792283395814
2010-04-27,261.6499938964844,5.567007709491193
2010-04-28,258.239990234375,5.5538893472655015
2010-04-29,261.739990234375,5.5673516073169305
2010-04-30,259.9100036621094,5.560335431334215
2010-05-03,260.5199890136719,5.562679591507433
2010-05-04,252.9600067138672,5.533231400002382
2010-05-05,250.5500030517578,5.523658513585969
2010-05-06,246.89999389648438,5.508983371630536
2010-05-07,237.17999267578125,5.4688193156562255
2010-05-10,254.13999938964844,5.537885293874753
2010-05-11,252.92999267578125,5.5331127416452
2010-05-12,256.6000061035156,5.547518475967645
2010-05-14,248.4600067138672,5.515281893807455
2010-05-17,248.08999633789062,5.513791568796127
2010-05-18,251.3000030517578,5.526647456693429
2010-05-19,243.7100067138672,5.4959790213961455
2010-05-20,238.27999877929688,5.473446447637509
2010-05-21,237.11000061035156,5.468524171053014
2010-05-25,232.11000061035156,5.447211399859052
2010-05-26,237.74000549316406,5.471177662658241
2010-05-27,244.7899932861328,5.500400672703549
2010-05-28,244.00999450683594,5.497209185547909
2010-05-31,244.97000122070312,5.501135759050719
2010-06-01,245.33999633789062,5.502644988677935
2010-06-02,245.39999389648438,5.502889507405109
2010-06-03,248.91000366210938,5.517091400056888
2010-06-04,244.52999877929688,5.4993379957824375
2010-06-07,242.7100067138672,5.491867342677263
2010-06-08,240.05999755859375,5.480888881927215
2010-06-09,244.60000610351562,5.49962424820612
2010-06-10,248.4600067138672,5.515281893807455
2010-06-11,249.4600067138672,5.519298608611165
2010-06-14,252.52999877929688,5.531530048705137
2010-06-15,254.27999877929688,5.538436017267582
2010-06-16,254.47000122070312,5.539182955646904
2010-06-17,254.8800048828125,5.5407928653190375
2010-06-18,255.5,5.543222409643759
2010-06-21,258.17999267578125,5.5536569877099105
2010-06-22,256.9200134277344,5.548764804653853
2010-06-23,254.44000244140625,5.539065061405817
2010-06-24,249.77999877929688,5.5205805255478255
2010-06-25,248.3300018310547,5.5147585141760445
2010-06-28,251.36000061035156,5.526886176935508
2010-06-29,243.82000732421875,5.49643027817645
2010-06-30,243.32000732421875,5.494377479553683
2010-07-01,237.3000030517578,5.469325176302054
2010-07-02,237.27000427246094,5.469198751206183
2010-07-05,236.67999267578125,5.466708986862833
2010-07-06,242.75999450683594,5.492073278339692
2010-07-07,246.05999755859375,5.505575398710027
2010-07-08,248.60000610351562,5.515845203628162
2010-07-09,250.08999633789062,5.521820838434628
2010-07-12,251.17999267578125,5.526169784430737
2010-07-13,255.99000549316406,5.545138402675113
2010-07-15,252.97000122070312,5.53327090944709
2010-07-16,248.11000061035156,5.513872198673575
2010-07-19,246.17999267578125,5.506062945930672
2010-07-20,246.35000610351562,5.506753313765761
2010-07-21,249.24000549316406,5.518416309715678
2010-07-22,254.3699951171875,5.538789880788312
2010-07-23,255.97000122070312,5.545060254881501
2010-07-26,257.1199951171875,5.549542882998799
2010-07-27,258.1099853515625,5.553385793893926
2010-07-28,257.2099914550781,5.549892838634903
2010-07-29,256.260009765625,5.546192592189699
2010-07-30,255.35000610351562,5.542635176996201
2010-08-02,262.0899963378906,5.568687942252211
2010-08-03,262.05999755859375,5.568573475860228
2010-08-04,262.1700134277344,5.568993199525223
2010-08-05,261.4800109863281,5.566357840760468
2010-08-06,258.7099914550781,5.555707710228471
2010-08-09,262.260009765625,5.569336415339703
2010-08-10,259.92999267578125,5.560412335819528
2010-08-11,254.67999267578125,5.540007826390308
2010-08-12,254.92999267578125,5.5409889689394785
2010-08-13,255.55999755859375,5.54345720618098
2010-08-16,255.61000061035156,5.543652847756567
2010-08-17,258.4700012207031,5.554779637777876
2010-08-18,257.6000061035156,5.55140801792397
2010-08-19,253.89999389648438,5.536940464671579
2010-08-20,252.14999389648438,5.530024124316842
2010-08-23,253.75999450683594,5.536388916799399
2010-08-24,249.4499969482422,5.5192584820731
2010-08-25,247.5399932861328,5.511572157989523
2010-08-26,249.64999389648438,5.520059912498328
2010-08-27,251.24000549316406,5.526408679450389
2010-08-30,251.16000366210938,5.526090200826691
2010-08-31,251.30999755859375,5.526687227119108
2010-09-01,258.19000244140625,5.553695757451456
2010-09-02,258.17999267578125,5.5536569877099105
2010-09-03,260.3999938964844,5.562218886895414
2010-09-06,260.94000244140625,5.564290505193799
2010-09-07,259.760009765625,5.559758165389389
2010-09-08,262.3299865722656,5.5696032020018365
2010-09-09,265.0899963378906,5.580069377154428
2010-09-10,264.70001220703125,5.578597155349531
2010-09-13,266.45001220703125,5.585186654556381
2010-09-14,266.3999938964844,5.584998915755139
2010-09-15,265.5400085449219,5.581765520647171
2010-09-16,263.4700012207031,5.573939514140554
2010-09-17,262.8599853515625,5.571621515326715
2010-09-20,266.2200012207031,5.5843230392041905
2010-09-21,265.010009765625,5.579767597973324
2010-09-22,261.19000244140625,5.565248121177431
2010-09-23,261.07000732421875,5.564788598652041
2010-09-24,263.9700012207031,5.57583546494998
2010-09-27,262.9200134277344,5.571849854466933
2010-09-28,262.3599853515625,5.569717550592184
2010-09-29,261.0199890136719,5.564596990649394
2010-09-30,259.7200012207031,5.559604132340359
2010-10-01,259.0899963378906,5.557175477551733
2010-10-04,257.739990234375,5.551951286970802
2010-10-05,261.17999267578125,5.56520979674946
2010-10-06,262.510009765625,5.570289213745132
2010-10-07,262.30999755859375,5.569527001123953
2010-10-08,262.2699890136719,5.569374465586863
2010-10-11,263.20001220703125,5.572914245830459
2010-10-12,262.4800109863281,5.5701749305087125
2010-10-13,266.25,5.584435717023635
2010-10-14,265.67999267578125,5.58229254950067
2010-10-15,265.8299865722656,5.582856956214832
2010-10-18,266.6400146484375,5.585899488936617
2010-10-19,265.239990234375,5.580635039682596
2010-10-20,266.1300048828125,5.583984929548076
2010-10-21,267.6199951171875,5.589568045631522
2010-10-22,266.75,5.586311890181863
2010-10-25,267.4200134277344,5.5888205063986724
2010-10-26,266.9200134277344,5.586949038341618
2010-10-27,264.92999267578125,5.579465612502956
2010-10-28,265.8999938964844,5.583120275294797
2010-10-29,265.9599914550781,5.583345889405656
2010-11-01,266.3999938964844,5.584998915755139
2010-11-02,267.5,5.589119566336061
2010-11-03,266.510009765625,5.58541180299669
2010-11-04,270.8299865722656,5.601491268187797
2010-11-05,271.9700012207031,5.605691770583881
2010-11-08,271.9100036621094,5.605471142657506
2010-11-09,273.4599914550781,5.611155327633506
2010-11-10,271.4800109863281,5.6038885123038344
2010-11-11,271.3900146484375,5.603556954713747
2010-11-12,270.17999267578125,5.599088376432872
2010-11-15,272.3599853515625,5.607124666831399
2010-11-16,265.9800109863281,5.583421159290108
2010-11-17,267.30999755859375,5.588409024460376
2010-11-18,271.1499938964844,5.602672150777331
2010-11-19,269.5,5.596568390349052
2010-11-22,267.739990234375,5.590016323883466
2010-11-23,263.6199951171875,5.574508653762157
2010-11-24,266.2900085449219,5.584585972570093
2010-11-25,267.7200012207031,5.589941662792068
2010-11-26,266.6000061035156,5.585749430638515
2010-11-29,262.1600036621094,5.568955018359545
2010-11-30,261.8299865722656,5.567695386917609
2010-12-01,267.1099853515625,5.5876605037359806
2010-12-02,271.6099853515625,5.604367159926116
2010-12-03,270.94000244140625,5.6018974031634645
2010-12-06,271.3800048828125,5.603520070710336
2010-12-07,273.9100036621094,5.612799598647388
2010-12-08,274.9800109863281,5.616698407702277
2010-12-09,275.92999267578125,5.6201471838171875
2010-12-10,276.19000244140625,5.62108904351126
2010-12-13,276.989990234375,5.623981369196409
2010-12-14,277.6499938964844,5.626361305704847
2010-12-15,276.5299987792969,5.622319309758269
2010-12-16,277.5899963378906,5.626145191736536
2010-12-17,276.4200134277344,5.621921496753169
2010-12-20,278.3800048828125,5.628987104339353
2010-12-21,281.1099853515625,5.638745999699092
2010-12-22,281.45001220703125,5.63995485528197
2010-12-23,281.760009765625,5.641055679407269
2010-12-27,279.17999267578125,5.631856708849857
2010-12-28,279.7900085449219,5.634039352319029
2010-12-29,280.6300048828125,5.637037093109196
2010-12-30,277.0199890136719,5.624089666087981
2011-01-03,278.0199890136719,5.627693014032623
2011-01-04,280.3800048828125,5.636145843355371
2011-01-05,280.4800109863281,5.636502460342662
2011-01-06,281.489990234375,5.64009688827745
2011-01-07,281.0199890136719,5.638425802083723
2011-01-10,278.4800109863281,5.629346282954232
2011-01-11,281.9800109863281,5.641836185398588
2011-01-12,285.7900085449219,5.655257305279774
2011-01-13,284.0400085449219,5.649115103397408
2011-01-14,283.7699890136719,5.64816401217758
2011-01-17,284.05999755859375,5.649185474858297
2011-01-18,286.70001220703125,5.6584364154670395
2011-01-19,282.7200012207031,5.644457012889097
2011-01-20,279.3900146484375,5.6326087076317455
2011-01-21,281.260009765625,5.639279543163089
2011-01-24,281.989990234375,5.641871574685346
2011-01-25,280.1000061035156,5.635146704056551
2011-01-26,282.4700012207031,5.643572354578707
2011-01-27,282.8800048828125,5.645022796710352
2011-01-28,280.45001220703125,5.6363954994809315
2011-01-31,280.04998779296875,5.634968115067084
2011-02-01,284.20001220703125,5.649678258615256
2011-02-02,284.5899963378906,5.6510495351359795
2011-02-03,285.0,5.652489180268651
2011-02-04,285.8999938964844,5.655642077979838
2011-02-07,288.739990234375,5.66552659538015
2011-02-08,288.55999755859375,5.6649030281346295
2011-02-09,287.3500061035156,5.660701006194452
2011-02-10,286.7799987792969,5.658715367030309
2011-02-11,287.989990234375,5.662925723401295
2011-02-14,289.1099853515625,5.666807187863955
2011-02-15,289.44000244140625,5.667948030081916
2011-02-16,290.7200012207031,5.672360608846757
2011-02-17,291.1600036621094,5.67387295682771
2011-02-18,291.0400085449219,5.673460744129769
2011-02-21,287.17999267578125,5.6601091713623
2011-02-22,285.3800048828125,5.653821642612291
2011-02-23,282.3800048828125,5.643253698873016
2011-02-24,280.55999755859375,5.636787597130018
2011-02-25,284.1199951171875,5.649396666943869
2011-02-28,286.4700012207031,5.657633822891411
2011-03-01,284.6300048828125,5.651190108358642
2011-03-02,282.760009765625,5.644598515839551
2011-03-03,283.5799865722656,5.64749422295863
2011-03-04,281.8999938964844,5.6415523764687165
2011-03-07,280.7200012207031,5.637357735623432
2011-03-08,281.80999755859375,5.641233076332052
2011-03-09,281.1700134277344,5.63895951636883
2011-03-10,277.8800048828125,5.627189383396338
2011-03-11,275.4200134277344,5.618297254052644
2011-03-14,272.510009765625,5.607675346513518
2011-03-15,266.32000732421875,5.584698620768341
2011-03-16,262.17999267578125,5.569031262833822
2011-03-17,267.0799865722656,5.5875481887135905
2011-03-18,267.6300048828125,5.58960544783844
2011-03-21,272.3299865722656,5.607014516908054
2011-03-22,271.79998779296875,5.605066456805227
2011-03-23,273.1099853515625,5.609874590797564
2011-03-24,275.7699890136719,5.619567145129836
2011-03-25,276.0199890136719,5.620473287057241
2011-03-28,276.239990234375,5.621270017729778
2011-03-29,276.510009765625,5.622247021991121
2011-03-30,278.54998779296875,5.6295975326433405
2011-03-31,275.8999938964844,5.620038459101038
2011-04-01,280.0199890136719,5.634860989955695
2011-04-04,280.260009765625,5.6357177785869474
2011-04-05,280.9100036621094,5.638034346370731
2011-04-06,281.57000732421875,5.640381110529889
2011-04-07,280.7799987792969,5.637571440196262
2011-04-08,281.67999267578125,5.6407716488448845
2011-04-11,280.989990234375,5.638319046757544
2011-04-12,276.239990234375,5.621270017729778
2011-04-13,278.25,5.628519990155654
2011-04-14,277.010009765625,5.624053641872433
2011-04-15,277.7799987792969,5.6268294290935765
2011-04-18,273.04998779296875,5.60965488389195
2011-04-19,274.4200134277344,5.614659828424354
2011-04-20,279.05999755859375,5.631426803715382
2011-04-21,280.4700012207031,5.636466771723683
2011-04-26,281.2300109863281,5.639172878944281
2011-04-27,282.1199951171875,5.642332495032405
2011-04-28,283.0400085449219,5.6455882606012775
2011-04-29,283.7799987792969,5.648199285777585
2011-05-02,283.92999267578125,5.648727703111196
2011-05-03,282.42999267578125,5.64343070633859
2011-05-04,278.5199890136719,5.629489830628962
2011-05-05,277.7900085449219,5.626865463312466
2011-05-06,281.3299865722656,5.639528309786943
2011-05-09,280.42999267578125,5.636324113333862
2011-05-10,282.9200134277344,5.645164219629029
2011-05-11,283.7300109863281,5.648023120451025
2011-05-12,281.79998779296875,5.641197556146512
2011-05-13,280.5,5.636573724962751
2011-05-16,280.1300048828125,5.635253798566795
2011-05-17,277.2799987792969,5.625027821564876
2011-05-18,278.1700134277344,5.6282324858571515
2011-05-19,280.0,5.634789603169249
2011-05-20,279.6499938964844,5.633538799442045
2011-05-23,274.7799987792969,5.615970773053328
2011-05-24,275.3900146484375,5.618188328006285
2011-05-25,277.3699951171875,5.625352337348417
2011-05-26,277.1400146484375,5.6245228465262995
2011-05-27,279.04998779296875,5.631390933489481
2011-06-01,278.3800048828125,5.628987104339353
2011-06-03,273.6700134277344,5.6119230500435275
2011-06-06,272.1600036621094,5.606390142103274
2011-06-07,271.8699951171875,5.605323992909137
2011-06-08,269.010009765625,5.594748589934154
2011-06-09,271.760009765625,5.604919359787068
2011-06-10,268.1300048828125,5.591471955737673
2011-06-14,270.82000732421875,5.6014544205992784
2011-06-15,267.95001220703125,5.590800441497982
2011-06-16,266.7300109863281,5.586236951990105
2011-06-17,267.1700134277344,5.587885210169167
2011-06-20,265.760009765625,5.582593682611014
2011-06-21,269.5899963378906,5.596902272778101
2011-06-22,268.07000732421875,5.591248167757523
2011-06-23,264.30999755859375,5.577122647450243
2011-06-24,263.9800109863281,5.5758733843188395
2011-06-27,264.010009765625,5.575987018206414
2011-06-28,265.2300109863281,5.580597415507713
2011-06-29,269.79998779296875,5.597680898528913
2011-06-30,272.8599853515625,5.6089587894499155
2011-07-01,274.9200134277344,5.616480195095737
2011-07-04,275.5400085449219,5.6187328396280005
2011-07-05,275.6199951171875,5.619023087731258
2011-07-06,274.7900085449219,5.616007200680355
2011-07-07,275.92999267578125,5.6201471838171875
2011-07-08,273.760009765625,5.612251845816096
2011-07-11,269.8999938964844,5.59805149740997
2011-07-12,268.1600036621094,5.591583830950152
2011-07-13,269.94000244140625,5.598199721125391
2011-07-14,267.67999267578125,5.589792209876668
2011-07-15,266.9100036621094,5.586911536645176
2011-07-18,262.1000061035156,5.568726133616333
2011-07-19,264.2799987792969,5.577009142542709
2011-07-20,267.7300109863281,5.58997905102775
2011-07-21,270.4800109863281,5.600198199017524
2011-07-22,272.0199890136719,5.605875552616664
2011-07-25,271.2799987792969,5.6031514933175925
2011-07-26,270.0799865722656,5.598718161689972
2011-07-27,267.04998779296875,5.58743586107512
2011-07-28,267.0799865722656,5.5875481887135905
2011-07-29,265.25,5.580672777494092
2011-08-02,256.9800109863281,5.548998303607019
2011-08-03,251.9499969482422,5.529230643014054
2011-08-04,243.16000366210938,5.493719677941014
2011-08-05,238.8800048828125,5.475961354231321
2011-08-08,228.97999572753906,5.433634644837002
2011-08-09,232.1999969482422,5.447599056120993
2011-08-10,223.5,5.409411414053624
2011-08-11,230.57000732421875,5.440554535734227
2011-08-12,237.49000549316406,5.470125540455172
2011-08-15,237.85000610351562,5.471640248539487
2011-08-16,237.55999755859375,5.470420212870651
2011-08-17,238.0500030517578,5.472480748460346
2011-08-18,226.6999969482422,5.423627544051826
2011-08-19,223.1300048828125,5.407754583129675
2011-08-22,224.89999389648438,5.415655831826472
2011-08-23,226.6300048828125,5.423318753256144
2011-08-24,229.7899932861328,5.437165819149441
2011-08-25,227.07000732421875,5.425258372244519
2011-08-26,225.52000427246094,5.418408865750789
2011-08-29,228.27999877929688,5.430572940321113
2011-08-30,230.63999938964844,5.440858050683808
2011-08-31,237.42999267578125,5.469872812341243
2011-09-01,238.92999267578125,5.476170591348194
2011-09-02,233.11000061035156,5.45151044778273
2011-09-05,223.4499969482422,5.409187661722008
2011-09-06,221.97999572753906,5.40258726847678
2011-09-07,228.83999633789062,5.433023053397402
2011-09-08,230.47000122070312,5.440120707418981
2011-09-09,224.58999633789062,5.414276501409877
2011-09-12,218.92999267578125,5.388752010564629
2011-09-13,220.8699951171875,5.397574271038199
2011-09-14,224.1699981689453,5.412404684417653
2011-09-15,228.69000244140625,5.432367385343906
2011-09-16,230.16000366210938,5.438774735154438
2011-09-19,224.9600067138672,5.415922638467015
2011-09-20,229.10000610351562,5.4341586161007225
2011-09-21,225.3300018310547,5.417566002492133
2011-09-22,214.88999938964844,5.370126266454172
2011-09-23,216.19000244140625,5.376157661959246
2011-09-26,220.27999877929688,5.3948994588526835
2011-09-27,229.91000366210938,5.437687943924293
2011-09-28,227.38999938964844,5.426666602291538
2011-09-29,228.89999389648438,5.43328520029397
2011-09-30,226.17999267578125,5.421331110060924
2011-10-03,223.6199951171875,5.40994816088391
2011-10-04,217.4600067138672,5.382014956443636
2011-10-05,224.14999389648438,5.412315443371845
2011-10-06,230.27000427246094,5.439252552023664
2011-10-07,231.99000549316406,5.446694290967505
2011-10-10,235.94000244140625,5.463577545761269
2011-10-11,235.27999877929688,5.46077628905744
2011-10-12,239.16000366210938,5.477132799325086
2011-10-13,236.52999877929688,5.466075044620631
2011-10-14,238.50999450683594,5.474411215139416
2011-10-17,236.22000122070312,5.464763579351355
2011-10-18,235.3300018310547,5.4609887921996645
2011-10-19,236.7100067138672,5.466835791561559
2011-10-20,233.07000732421875,5.451338869055413
2011-10-21,238.92999267578125,5.476170591348194
2011-10-24,242.02999877929688,5.489061680371966
2011-10-25,240.2899932861328,5.481846499287468
2011-10-26,240.8000030517578,5.483966726108079
2011-10-27,249.4199981689453,5.519138215151351
2011-10-28,249.0,5.517452896464707
2011-10-31,243.47999572753906,5.495034786078241
2011-11-01,235.05999755859375,5.459840790318397
2011-11-02,237.22000122070312,5.468987985746999
2011-11-03,242.1999969482422,5.489763818518836
2011-11-04,239.75999450683594,5.479638400097313
2011-11-07,238.44000244140625,5.474117716590806
2011-11-08,240.5,5.482720089545816
2011-11-09,236.33999633789062,5.46527143071578
2011-11-10,235.35000610351562,5.461073793780933
2011-11-11,240.97999572753906,5.484713924765606
2011-11-14,238.47000122070312,5.474243521372027
2011-11-15,237.02999877929688,5.468186710252757
2011-11-16,237.0399932861328,5.468228874941536
2011-11-17,233.97000122070312,5.4551929072278655
2011-11-18,232.1699981689453,5.44746985406378
2011-11-21,224.75999450683594,5.415033141803865
2011-11-22,223.27000427246094,5.408381820546194
2011-11-23,220.30999755859375,5.395035634342787
2011-11-25,221.5399932861328,5.400603129783346
2011-11-28,229.85000610351562,5.437426948806579
2011-11-29,231.67999267578125,5.445357077583838
2011-11-30,240.0800018310547,5.480972208758964
2011-12-01,238.49000549316406,5.474327403761288
2011-12-02,240.72999572753906,5.483675955751551
2011-12-05,242.75,5.492032107171434
2011-12-06,241.9199981689453,5.488607085422324
2011-12-07,241.44000244140625,5.4866210051313935
2011-12-08,237.7100067138672,5.471051471561106
2011-12-09,240.50999450683594,5.48276164588332
2011-12-12,236.0500030517578,5.464043659920733
2011-12-13,237.3000030517578,5.469325176302054
2011-12-14,232.44000244140625,5.4486321377102875
2011-12-15,234.72999572753906,5.458435899239198
2011-12-16,233.7100067138672,5.454081059258276
2011-12-19,233.75,5.4542521681687965
2011-12-20,238.50999450683594,5.474411215139416
2011-12-21,237.2899932861328,5.469282993509734
2011-12-22,239.77999877929688,5.479721831188578
2011-12-23,241.86000061035156,5.488359048880703
2011-12-27,241.91000366210938,5.48856577129629
2011-12-28,240.1999969482422,5.481471896940813
2011-12-29,242.4600067138672,5.490836776009055
2011-12-30,244.5399932861328,5.499378867260956
2012-01-03,251.05999755859375,5.5256919446656685
2012-01-04,249.6199951171875,5.519939741929325
2012-01-05,247.38999938964844,5.510966036302431
2012-01-06,247.52999877929688,5.511531781852826
2012-01-09,246.4199981689453,5.507037389765897
2012-01-10,250.82000732421875,5.524735579596999
2012-01-11,249.92999267578125,5.521180849349847
2012-01-12,249.5,5.519458915191573
2012-01-13,249.17999267578125,5.518175497477432
2012-01-16,251.1199951171875,5.525930893089558
2012-01-17,253.27000427246094,5.5344561302262525
2012-01-18,253.47999572753906,5.535284907600097
2012-01-19,256.57000732421875,5.547401560409268
2012-01-20,255.85000610351562,5.544591359106937
2012-01-23,257.010009765625,5.549115032641124
2012-01-24,256.0400085449219,5.545333715647189
2012-01-25,254.9499969482422,5.54106743553114
2012-01-26,257.8599853515625,5.552416745174974
2012-01-27,255.39999389648438,5.54283091970057
2012-01-30,252.52000427246094,5.5314904704187216
2012-01-31,254.41000366210938,5.53894715326404
2012-02-01,259.510009765625,5.558795275139952
2012-02-02,260.1099853515625,5.561104562150478
2012-02-03,264.6000061035156,5.578219274747807
2012-02-06,264.2699890136719,5.576971266217451
2012-02-07,263.54998779296875,5.5742430569835095
2012-02-08,263.010009765625,5.572192091398845
2012-02-09,263.6400146484375,5.57458459174679
2012-02-10,261.239990234375,5.565439487652642
2012-02-13,263.1700134277344,5.572800262214872
2012-02-14,262.55999755859375,5.5704796180433105
2012-02-15,264.1600036621094,5.5765549940350425
2012-02-16,264.30999755859375,5.577122647450243
2012-02-17,265.92999267578125,5.583233088712943
2012-02-21,266.7799987792969,5.586424344137206
2012-02-22,264.5899963378906,5.578181444231055
2012-02-23,264.0799865722656,5.576252036697714
2012-02-24,264.7699890136719,5.5788614830994945
2012-02-27,263.8599853515625,5.575418603939683
2012-02-28,264.3299865722656,5.577198271747616
2012-02-29,264.32000732421875,5.5771605180422785
2012-03-01,267.05999755859375,5.587473343114029
2012-03-02,267.2099914550781,5.588034834133586
2012-03-05,265.55999755859375,5.581840794657532
2012-03-06,258.4599914550781,5.554740910036139
2012-03-07,260.1099853515625,5.561104562150478
2012-03-08,264.1600036621094,5.5765549940350425
2012-03-09,265.44000244140625,5.581388835639717
2012-03-12,264.8699951171875,5.579239121146849
2012-03-13,269.55999755859375,5.596790991021011
2012-03-14,270.2699890136719,5.599421418682002
2012-03-15,270.9800109863281,5.602045057961233
2012-03-16,272.3999938964844,5.607271551868912
2012-03-19,272.07000732421875,5.606059413047933
2012-03-20,268.9700012207031,5.594599853757424
2012-03-21,268.6700134277344,5.593483910687983
2012-03-22,265.489990234375,5.581577138405829
2012-03-23,265.6499938964844,5.582179629921173
2012-03-26,268.1199951171875,5.591434623278461
2012-03-27,266.9200134277344,5.586949038341618
2012-03-28,264.1000061035156,5.5763278424137095
2012-03-29,260.739990234375,5.563523704781134
2012-03-30,263.32000732421875,5.573370050414573
2012-04-02,267.1600036621094,5.5878477435649865
2012-04-03,264.2900085449219,5.577047017433404
2012-04-04,258.760009765625,5.555901028915871
2012-04-05,259.07000732421875,5.557098323724573
2012-04-10,252.57000732421875,5.5316884670164495
2012-04-11,254.42999267578125,5.539025720254944
2012-04-12,257.3599853515625,5.550475826012687
2012-04-13,253.39999389648438,5.534969243800552
2012-04-16,254.25999450683594,5.538357343917461
2012-04-17,259.45001220703125,5.558564052863396
2012-04-18,257.7099914550781,5.551834888560107
2012-04-19,256.510009765625,5.547167688276779
2012-04-20,257.7900085449219,5.552145333140073
2012-04-23,251.75,5.528436531598672
2012-04-24,254.3699951171875,5.538789880788312
2012-04-25,256.9599914550781,5.548920397504498
2012-04-26,257.20001220703125,5.549854039824704
2012-04-27,259.1199951171875,5.557291256019247
2012-04-30,257.2799987792969,5.5501649812459535
2012-05-02,257.3900146484375,5.55059250127994
2012-05-03,257.5299987792969,5.5511362134319535
2012-05-04,253.0,5.53338948872752
2012-05-07,254.8300018310547,5.540596663356119
2012-05-08,250.5800018310547,5.523778238124672
2012-05-09,249.72999572753906,5.520380317133681
2012-05-10,251.10000610351562,5.5258512904706505
2012-05-11,251.97000122070312,5.529310037650283
2012-05-14,247.42999267578125,5.51112768412128
2012-05-15,245.75999450683594,5.504355427607566
2012-05-16,244.39999389648438,5.498806202323972
2012-05-18,238.8800048828125,5.475961354231321
2012-05-21,240.1699981689453,5.481346998301677
2012-05-22,244.75999450683594,5.500278116151277
2012-05-23,239.50999450683594,5.478595146697746
2012-05-24,241.91000366210938,5.48856577129629
2012-05-25,242.49000549316406,5.49096049506702
2012-05-29,244.3000030517578,5.49839699075554
2012-05-30,240.55999755859375,5.482969528531428
2012-05-31,239.72999572753906,5.479513272232511
2012-06-01,235.08999633789062,5.459968403972452
2012-06-04,233.8699951171875,5.454765384545659
2012-06-05,234.58999633789062,5.457839293954241
2012-06-06,239.9499969482422,5.480430555585947
2012-06-07,242.63999938964844,5.491578860864864
2012-06-08,241.92999267578125,5.488648397841572
2012-06-11,241.9199981689453,5.488607085422324
2012-06-12,243.44000244140625,5.494870515617496
2012-06-13,242.55999755859375,5.491249092388842
2012-06-14,241.83999633789062,5.488276335328507
2012-06-15,244.2100067138672,5.498028538371312
2012-06-18,244.36000061035156,5.498642550279322
2012-06-19,248.27000427246094,5.514516880836744
2012-06-20,249.6699981689453,5.520140038560931
2012-06-21,248.39999389648438,5.5150403254880045
2012-06-22,246.5800018310547,5.5076864918662105
2012-06-25,242.82000732421875,5.492320458278989
2012-06-26,242.58999633789062,5.491372760449082
2012-06-27,245.8699951171875,5.504802921106777
2012-06-28,244.6699981689453,5.499910356348029
2012-06-29,251.1699981689453,5.526129993420408
2012-07-02,254.82000732421875,5.54055744229595
2012-07-03,257.3900146484375,5.55059250127994
2012-07-04,257.3299865722656,5.550359255723903
2012-07-05,256.92999267578125,5.548803645747284
2012-07-06,254.39999389648438,5.5389078074741604
2012-07-09,253.4600067138672,5.535206046142781
2012-07-10,255.60000610351562,5.543613746382548
2012-07-11,255.58999633789062,5.543574583779296
2012-07-12,252.88999938964844,5.532954609159955
2012-07-13,256.260009765625,5.546192592189699
2012-07-16,256.7300109863281,5.548024991781113
2012-07-17,256.0899963378906,5.545528930895859
2012-07-18,258.92999267578125,5.556557726613193
2012-07-19,261.8599853515625,5.567809953859648
2012-07-20,258.1700134277344,5.553618334672512
2012-07-23,251.75,5.528436531598672
2012-07-24,250.57000732421875,5.523738351836516
2012-07-25,250.38999938964844,5.5230196998886365
2012-07-26,256.5799865722656,5.547440454487673
2012-07-27,259.80999755859375,5.559950585245879
2012-07-30,263.94000244140625,5.575721813838537
2012-07-31,261.3800048828125,5.565975305849785
2012-08-02,259.2799987792969,5.557908554125242
2012-08-03,265.5799865722656,5.5819160630021445
2012-08-06,266.79998779296875,5.5864992682879775
2012-08-07,268.79998779296875,5.593967563235931
2012-08-08,269.20001220703125,5.595454643116156
2012-08-09,270.2699890136719,5.599421418682002
2012-08-10,269.8800048828125,5.5979774338517565
2012-08-13,268.7200012207031,5.593669949846696
2012-08-14,270.5400085449219,5.600419993245737
2012-08-15,270.3500061035156,5.599717438404362
2012-08-16,271.2200012207031,5.602930304160585
2012-08-17,272.8299865722656,5.608848841380974
2012-08-20,271.5,5.60396213937399
2012-08-21,272.5799865722656,5.607932099737738
2012-08-22,269.2699890136719,5.59571455288597
2012-08-23,267.69000244140625,5.589829603700444
2012-08-24,268.0,5.5909869805108565
2012-08-27,269.20001220703125,5.595454643116156
2012-08-28,267.32000732421875,5.588446470041562
2012-08-29,267.010009765625,5.587286147456421
2012-08-30,264.9700012207031,5.5796166166375425
2012-08-31,266.2300109863281,5.584360638097595
2012-09-03,268.4700012207031,5.592739180409765
2012-09-04,265.42999267578125,5.581351124841524
2012-09-05,265.489990234375,5.581577138405829
2012-09-06,271.6700134277344,5.604588143862764
2012-09-07,272.29998779296875,5.606904354850366
2012-09-10,271.69000244140625,5.604661719441006
2012-09-11,272.5799865722656,5.607932099737738
2012-09-12,272.9100036621094,5.6091420839208235
2012-09-13,272.4200134277344,5.607345042309754
2012-09-14,275.95001220703125,5.620219734121897
2012-09-17,275.010009765625,5.616807496151866
2012-09-18,273.79998779296875,5.6123978682705955
2012-09-19,274.8999938964844,5.616407372968524
2012-09-20,274.5,5.614951260949585
2012-09-21,275.7799987792969,5.61960344198723
2012-09-24,274.70001220703125,5.615679637538909
2012-09-25,275.7799987792969,5.61960344198723
2012-09-26,270.7200012207031,5.601085080926957
2012-09-27,271.6499938964844,5.604514450529225
2012-09-28,268.4800109863281,5.592776464199312
2012-10-01,272.3299865722656,5.607014516908054
2012-10-02,271.6199951171875,5.604404012699291
2012-10-03,271.3699951171875,5.603483185346444
2012-10-04,271.3299865722656,5.6033357427581105
2012-10-05,274.1099853515625,5.613529432238641
2012-10-08,271.42999267578125,5.6037042522594405
2012-10-09,270.20001220703125,5.59916247070386
2012-10-10,268.7099914550781,5.593632699355422
2012-10-11,270.8399963378906,5.601528227096143
2012-10-12,269.42999267578125,5.596308589166843
2012-10-15,270.79998779296875,5.601380495960456
2012-10-16,274.3800048828125,5.614514024693822
2012-10-17,275.6600036621094,5.619168235551171
2012-10-18,276.17999267578125,5.621052800537476
2012-10-19,274.0799865722656,5.613419985583783
2012-10-22,272.95001220703125,5.609288672950357
2012-10-23,268.3999938964844,5.5924783823571556
2012-10-24,269.5199890136719,5.596642558335725
2012-10-25,270.2300109863281,5.599273488885826
2012-10-26,270.510009765625,5.600309102280716
2012-10-29,269.4599914550781,5.59641992461642
2012-10-30,271.760009765625,5.604919359787068
2012-10-31,270.29998779296875,5.599532408121353
2012-11-01,273.70001220703125,5.6120326606466735
2012-11-02,274.8500061035156,5.616225516513384
2012-11-05,273.2099914550781,5.610240698971815
2012-11-06,274.739990234375,5.615825160352089
2012-11-07,271.0400085449219,5.602266442990112
2012-11-08,270.5799865722656,5.600567753549467
2012-11-09,270.2699890136719,5.599421418682002
2012-11-12,269.5299987792969,5.596679696878914
2012-11-13,270.6000061035156,5.600641738292177
2012-11-14,268.1400146484375,5.591509286803224
2012-11-15,265.5199890136719,5.581690126035069
2012-11-16,262.8599853515625,5.571621515326715
2012-11-19,268.5799865722656,5.593148771157741
2012-11-20,269.489990234375,5.596531247671795
2012-11-21,270.1099853515625,5.5988292292065385
2012-11-22,271.70001220703125,5.604698561360646
2012-11-23,273.3299865722656,5.610679807267419
2012-11-26,272.0,5.605802066295998
2012-11-27,272.8599853515625,5.6089587894499155
2012-11-28,273.1499938964844,5.610021072496804
2012-11-29,276.30999755859375,5.621523414983022
2012-11-30,275.7799987792969,5.61960344198723
2012-12-03,276.1300048828125,5.620871787000418
2012-12-04,276.239990234375,5.621270017729778
2012-12-05,276.9100036621094,5.623692556870346
2012-12-06,278.82000732421875,5.630566438593569
2012-12-07,279.1700134277344,5.631820963357106
2012-12-10,279.54998779296875,5.633181123805935
2012-12-11,280.489990234375,5.636538038887062
2012-12-12,280.6400146484375,5.637072761380359
2012-12-13,279.6300048828125,5.633467318202865
2012-12-14,279.3999938964844,5.63264442497778
2012-12-17,279.17999267578125,5.631856708849857
2012-12-18,280.4599914550781,5.63643108183098
2012-12-19,281.6499938964844,5.640665143670154
2012-12-20,281.80999755859375,5.641233076332052
2012-12-21,280.95001220703125,5.63817676100733
2012-12-27,280.6000061035156,5.63693018942002
2012-12-28,278.7799987792969,5.630422935923008
2013-01-03,286.8299865722656,5.658889658951202
2013-01-04,287.8299865722656,5.662369981424038
2013-01-07,286.6300048828125,5.65819220245715
2013-01-08,286.25,5.65686555486845
2013-01-09,288.2200012207031,5.663724081645532
2013-01-10,287.44000244140625,5.661014151298883
2013-01-11,287.0799865722656,5.659760875788377
2013-01-14,286.010009765625,5.656026809387902
2013-01-15,285.9700012207031,5.655886914481722
2013-01-16,286.0299987792969,5.656096696155895
2013-01-17,287.3500061035156,5.660701006194452
2013-01-18,287.0299987792969,5.659586735660629
2013-01-21,287.7799987792969,5.662196295093478
2013-01-22,287.6600036621094,5.66177923990643
2013-01-23,288.2200012207031,5.663724081645532
2013-01-24,288.8900146484375,5.666046043525737
2013-01-25,289.7200012207031,5.668914943540514
2013-01-28,289.3599853515625,5.667671537020267
2013-01-29,290.29998779296875,5.670914828980872
2013-01-30,288.6300048828125,5.665145607958486
2013-01-31,287.2200012207031,5.660248476882535
2013-02-01,288.20001220703125,5.663654725921532
2013-02-04,283.8999938964844,5.648622041980103
2013-02-05,285.55999755859375,5.654452156084721
2013-02-06,284.5199890136719,5.650803511251761
2013-02-07,283.8800048828125,5.648551630857051
2013-02-08,287.3399963378906,5.660666170837708
2013-02-11,285.6199951171875,5.654662238929301
2013-02-12,287.07000732421875,5.659726113972984
2013-02-13,288.2699890136719,5.663897502846042
2013-02-14,287.7900085449219,5.6622310771894835
2013-02-15,287.3399963378906,5.660666170837708
2013-02-18,286.760009765625,5.658645663039717
2013-02-19,290.010009765625,5.669915438818031
2013-02-20,289.07000732421875,5.66666889865328
2013-02-21,284.8599853515625,5.651997780083152
2013-02-22,288.57000732421875,5.664937716213715
2013-02-25,288.3999938964844,5.6643483842474245
2013-02-26,284.6000061035156,5.651084707101695
2013-02-27,287.1700134277344,5.6600744216523955
2013-02-28,289.94000244140625,5.669674013443136
2013-03-01,289.0199890136719,5.666495851857838
2013-03-04,288.8900146484375,5.666046043525737
2013-03-05,294.1099853515625,5.683953797216032
2013-03-06,293.3800048828125,5.6814687137029205
2013-03-07,293.19000244140625,5.680820871345899
2013-03-08,295.54998779296875,5.6888379859676155
2013-03-11,295.260009765625,5.687856357180604
2013-03-12,295.3699951171875,5.688228791198262
2013-03-13,295.32000732421875,5.688059538991922
2013-03-14,298.5199890136719,5.698836895460532
2013-03-15,297.44000244140625,5.695212532181197
2013-03-18,296.80999755859375,5.693092195222525
2013-03-19,295.54998779296875,5.6888379859676155
2013-03-20,296.5,5.69204721843778
2013-03-21,294.4700012207031,5.685177134476056
2013-03-22,294.0400085449219,5.6837158415662925
2013-03-25,293.25,5.681025487533585
2013-03-26,293.760009765625,5.682763140675674
2013-03-27,292.44000244140625,5.678259525773516
2013-03-28,293.7799987792969,5.6828311837481085
2013-04-02,297.5199890136719,5.695481412690462
2013-04-03,294.79998779296875,5.686297118907341
2013-04-04,291.7099914550781,5.6757601287899115
2013-04-05,287.1300048828125,5.659935091881506
2013-04-08,287.6400146484375,5.66170974916058
2013-04-09,288.07000732421875,5.66320353158342
2013-04-10,293.19000244140625,5.680820871345899
2013-04-11,294.9599914550781,5.6868397249561236
2013-04-12,292.3900146484375,5.678088577663365
2013-04-15,290.42999267578125,5.671362558181555
2013-04-16,288.1600036621094,5.663515894136243
2013-04-17,283.7300109863281,5.648023120451025
2013-04-18,283.7300109863281,5.648023120451025
2013-04-19,285.2099914550781,5.653225721078942
2013-04-22,285.67999267578125,5.654872277648351
2013-04-23,292.6300048828125,5.678909029066138
2013-04-24,294.6300048828125,5.685720348410485
2013-04-25,296.8800048828125,5.693328033199434
2013-04-26,295.8900146484375,5.689987813140373
2013-04-29,297.3900146484375,5.695044457969573
2013-04-30,296.7200012207031,5.692788937295325
2013-05-02,297.8800048828125,5.696690737234322
2013-05-03,301.0400085449219,5.707243174669854
2013-05-06,300.9700012207031,5.707010596063523
2013-05-07,301.739990234375,5.709565687047558
2013-05-08,303.6700134277344,5.715941629698189
2013-05-10,304.989990234375,5.720278957165171
2013-05-13,304.4599914550781,5.71853968756528
2013-05-14,305.6600036621094,5.72247338508068
2013-05-15,308.05999755859375,5.7302945612712115
2013-05-16,307.9700012207031,5.7300023795959385
2013-05-17,308.7200012207031,5.732434721183441
2013-05-21,309.989990234375,5.736540007391341
2013-05-22,310.5899963378906,5.738473702655316
2013-05-23,303.989990234375,5.7169947740035125
2013-05-24,303.3500061035156,5.714887274508682
2013-05-27,304.3399963378906,5.718145485459014
2013-05-28,308.2300109863281,5.73084629318213
2013-05-29,302.5,5.7120812774708964
2013-05-30,303.54998779296875,5.715546301362206
2013-05-31,300.8800048828125,5.706711530390519
2013-06-03,298.5899963378906,5.699071382661407
2013-06-04,299.5899963378906,5.702414861025159
2013-06-05,295.1199951171875,5.6873820367432435
2013-06-06,291.69000244140625,5.675691602859541
2013-06-07,295.3999938964844,5.688330349435412
2013-06-10,295.2200012207031,5.687720845243744
2013-06-11,291.739990234375,5.67586296118434
2013-06-12,290.67999267578125,5.672222980551591
2013-06-13,290.510009765625,5.671638032722863
2013-06-14,291.1300048828125,5.673769919582066
2013-06-17,293.25,5.681025487533585
2013-06-18,293.0199890136719,5.680240828579725
2013-06-19,292.3599853515625,5.67798586950808
2013-06-20,283.67999267578125,5.647846816507303
2013-06-21,280.3999938964844,5.63621713339326
2013-06-24,275.6600036621094,5.619168235551171
2013-06-25,279.69000244140625,5.633681855705684
2013-06-26,284.5400085449219,5.6508738712536735
2013-06-27,286.4200134277344,5.657459311931829
2013-06-28,285.0199890136719,5.652559314699251
2013-07-01,288.2900085449219,5.663966947591924
2013-07-02,287.1300048828125,5.659935091881506
2013-07-03,285.4599914550781,5.654101884267754
2013-07-04,292.1499938964844,5.677267348108727
2013-07-05,288.30999755859375,5.6640362816656955
2013-07-08,292.3699951171875,5.678020106731962
2013-07-09,294.5799865722656,5.685550567478755
2013-07-10,294.8399963378906,5.686432823900422
2013-07-11,296.5400085449219,5.69218214540529
2013-07-12,296.20001220703125,5.691034943045822
2013-07-15,297.3800048828125,5.695010798688515
2013-07-16,295.30999755859375,5.688025643776497
2013-07-17,297.0400085449219,5.6938668386357305
2013-07-18,299.760009765625,5.7029821870635775
2013-07-19,299.8500061035156,5.703282369969748
2013-07-22,300.29998779296875,5.704781934339829
2013-07-23,299.44000244140625,5.701914071749414
2013-07-24,301.1000061035156,5.7074424557584145
2013-07-25,299.6300048828125,5.702548396437527
2013-07-26,298.9100036621094,5.70014253698715
2013-07-29,299.05999755859375,5.700644213992097
2013-07-30,299.42999267578125,5.701880642906067
2013-07-31,299.5799865722656,5.702381448918707
2013-08-02,304.1499938964844,5.717520980699262
2013-08-05,304.739990234375,5.7194589219954475
2013-08-06,303.5,5.715381610499553
2013-08-07,302.80999755859375,5.71310553805455
2013-08-08,304.1700134277344,5.71758679977809
2013-08-09,305.9200134277344,5.723323673755996
2013-08-12,306.0799865722656,5.7238464618219265
2013-08-13,307.7900085449219,5.729417760010214
2013-08-14,308.6199951171875,5.73211073082162
2013-08-15,305.3399963378906,5.72142589783525
2013-08-16,306.3599853515625,5.7247608332269335
2013-08-19,304.7699890136719,5.719557357723631
2013-08-20,302.25,5.711254489494902
2013-08-21,300.6099853515625,5.705813694836237
2013-08-22,303.54998779296875,5.715546301362206
2013-08-23,304.7099914550781,5.7193604765767185
2013-08-26,304.4800109863281,5.718605439630104
2013-08-27,299.010009765625,5.7004770503073345
2013-08-28,297.8900146484375,5.696724340018275
2013-08-29,300.1300048828125,5.704215730396752
2013-08-30,297.32000732421875,5.69480902449122
2013-09-02,302.94000244140625,5.713534774157922
2013-09-03,301.7799987792969,5.709698271040495
2013-09-04,302.3399963378906,5.7115521998080085
2013-09-05,304.55999755859375,5.718868104058067
2013-09-06,306.1000061035156,5.7239118658909796
2013-09-09,305.8399963378906,5.723062077414219
2013-09-10,309.79998779296875,5.735926888579826
2013-09-11,310.8800048828125,5.739407001335552
2013-09-12,310.739990234375,5.738956518236858
2013-09-13,311.4599914550781,5.741270891632138
2013-09-16,313.4200134277344,5.747544186937691
2013-09-17,311.95001220703125,5.742842957688166
2013-09-18,313.2799987792969,5.7470973554456215
2013-09-19,315.04998779296875,5.752731317641734
2013-09-20,314.20001220703125,5.75002976467267
2013-09-23,312.6199951171875,5.744988379848323
2013-09-24,313.20001220703125,5.746842003091843
2013-09-25,313.0199890136719,5.746267051164509
2013-09-26,313.0199890136719,5.746267051164509
2013-09-27,312.17999267578125,5.743579921068743
2013-09-30,310.4599914550781,5.738055041074874
2013-10-01,312.8599853515625,5.745755759312561
2013-10-02,310.7900085449219,5.739117470437888
2013-10-03,309.54998779296875,5.735119590530476
2013-10-04,309.8900146484375,5.736217443069159
2013-10-07,309.17999267578125,5.733923607879014
2013-10-08,306.8399963378906,5.72632642715618
2013-10-09,305.1300048828125,5.720737931308015
2013-10-10,310.2900085449219,5.737507371596324
2013-10-11,311.6099853515625,5.741752358898947
2013-10-14,312.2200012207031,5.743708071438274
2013-10-15,314.82000732421875,5.752001070191457
2013-10-16,315.54998779296875,5.754317109345313
2013-10-17,315.9800109863281,5.755678955213764
2013-10-18,318.4700012207031,5.763528282886179
2013-10-21,319.5400085449219,5.766882488340746
2013-10-22,320.9700012207031,5.771347664621794
2013-10-23,318.989990234375,5.765159723716899
2013-10-24,320.3800048828125,5.769507806514028
2013-10-25,320.0899963378906,5.768602194809531
2013-10-28,319.489990234375,5.766725943856937
2013-10-29,320.7699890136719,5.770724321160108
2013-10-30,320.79998779296875,5.770817837940515
2013-10-31,322.3699951171875,5.775699939047066
2013-11-01,321.5,5.772997543677674
2013-11-04,322.5,5.776103136235827
2013-11-05,321.8900146484375,5.774209917781499
2013-11-06,323.260009765625,5.778456983191478
2013-11-07,323.2300109863281,5.77836417811064
2013-11-08,322.7200012207031,5.776785077988447
2013-11-11,323.57000732421875,5.779415496476692
2013-11-12,321.67999267578125,5.77355723982037
2013-11-13,319.82000732421875,5.767758360432361
2013-11-14,322.42999267578125,5.775886035696889
2013-11-15,323.0,5.777652323222656
2013-11-18,324.70001220703125,5.7829017167035985
2013-11-19,322.55999755859375,5.776289157874105
2013-11-20,322.9100036621094,5.777373657966002
2013-11-21,322.4200134277344,5.775855085094568
2013-11-22,322.7699890136719,5.77693996123629
2013-11-25,324.17999267578125,5.781298894490967
2013-11-26,322.239990234375,5.775296579224757
2013-11-27,324.0400085449219,5.780866991332251
2013-11-28,325.19000244140625,5.7844096344009825
2013-11-29,325.1600036621094,5.784317380140855
2013-12-02,324.1000061035156,5.7810521289797006
2013-12-03,319.1300048828125,5.7655985585810505
2013-12-04,317.239990234375,5.759658554432036
2013-12-05,314.4100036621094,5.750697878312568
2013-12-06,316.5,5.757323241584231
2013-12-09,317.1499938964844,5.7593748288350195
2013-12-10,314.9100036621094,5.7522868953448825
2013-12-11,313.29998779296875,5.74716115899539
2013-12-12,310.239990234375,5.737346160016695
2013-12-13,309.75,5.7357655205092515
2013-12-16,313.6400146484375,5.748245878067341
2013-12-17,311.30999755859375,5.740789192442933
2013-12-18,313.989990234375,5.749361107165657
2013-12-19,318.19000244140625,5.762648696307036
2013-12-20,321.1400146484375,5.771877210735405
2013-12-23,323.3999938964844,5.778889928270045
2013-12-27,327.67999267578125,5.7920375000593465
2013-12-30,327.1300048828125,5.790357660336826
2014-01-03,327.6400146484375,5.791915489356342
2014-01-06,326.9800109863281,5.789899040546654
2014-01-07,329.3999938964844,5.7972727992143485
2014-01-08,329.75,5.798334791597424
2014-01-09,328.4100036621094,5.794262838935604
2014-01-10,329.95001220703125,5.798941164826039
2014-01-13,330.7200012207031,5.801272099624505
2014-01-14,331.2300109863281,5.802813031287431
2014-01-15,334.510009765625,5.812666803681465
2014-01-16,333.989990234375,5.811111023169452
2014-01-17,335.82000732421875,5.816575323941277
2014-01-20,335.5,5.815621956411737
2014-01-21,335.760009765625,5.81639664811047
2014-01-22,336.05999755859375,5.817289708185003
2014-01-23,332.69000244140625,5.807211132802583
2014-01-24,324.75,5.783055655550709
2014-01-27,322.0199890136719,5.7746136212998795
2014-01-28,324.2200012207031,5.7814223014784725
2014-01-29,322.3900146484375,5.775762038218706
2014-01-30,323.32000732421875,5.7786425675188005
2014-01-31,322.5199890136719,5.776165115752799
2014-02-03,318.2099914550781,5.762711515332398
2014-02-04,317.5799865722656,5.760729712816527
2014-02-05,318.0400085449219,5.762177187900726
2014-02-06,322.7699890136719,5.77693996123629
2014-02-07,325.0899963378906,5.784102055805633
2014-02-10,325.29998779296875,5.784747795953848
2014-02-11,329.5199890136719,5.7976370167874265
2014-02-12,332.0,5.805134968916488
2014-02-13,331.4800109863281,5.803567509124102
2014-02-14,333.32000732421875,5.809103011487541
2014-02-18,334.6000061035156,5.812935806793954
2014-02-19,334.94000244140625,5.813951418595417
2014-02-20,334.7799987792969,5.81347359602819
2014-02-21,336.0899963378906,5.817378970342525
2014-02-24,338.19000244140625,5.823607874943587
2014-02-25,338.3900146484375,5.824199119756634
2014-02-26,337.70001220703125,5.822157963539082
2014-02-27,337.2099914550781,5.820705856338419
2014-02-28,338.0199890136719,5.823105032828075
2014-03-03,330.3599853515625,5.800182924601683
2014-03-04,337.1499938964844,5.820527917077326
2014-03-05,337.05999755859375,5.820260948804634
2014-03-06,337.2799987792969,5.820913442293685
2014-03-07,333.05999755859375,5.808322646599895
2014-03-10,331.3999938964844,5.803326086575095
2014-03-11,331.489990234375,5.80359761379861
2014-03-12,327.95001220703125,5.792861194961977
2014-03-13,324.510009765625,5.7823163824037564
2014-03-14,322.2300109863281,5.775265610372743
2014-03-17,325.8299865722656,5.786375731749194
2014-03-18,327.92999267578125,5.792800148639151
2014-03-19,327.6300048828125,5.791884937781182
2014-03-20,327.6700134277344,5.792007045346735
2014-03-21,327.9100036621094,5.792739191656382
2014-03-24,324.3900146484375,5.7819465407824255
2014-03-25,328.57000732421875,5.794749927317586
2014-03-26,330.92999267578125,5.80190685051717
2014-03-27,331.3999938964844,5.803326086575095
2014-03-28,333.760009765625,5.81042220107183
2014-03-31,334.30999755859375,5.812068698927409
2014-04-01,336.3500061035156,5.818152302617937
2014-04-02,336.92999267578125,5.819875171904952
2014-04-03,337.25,5.820824495087865
2014-04-04,339.17999267578125,5.826530918321355
2014-04-07,334.9599914550781,5.814011096200612
2014-04-08,333.8900146484375,5.810811641286619
2014-04-09,335.1600036621094,5.814608040671537
2014-04-10,333.4100036621094,5.809372974851884
2014-04-11,328.7699890136719,5.7953583847269545
2014-04-14,329.7900085449219,5.798456114169073
2014-04-15,326.5799865722656,5.788674900557945
2014-04-16,330.82000732421875,5.8015744429536635
2014-04-17,332.42999267578125,5.8064292895839795
2014-04-22,337.0299987792969,5.820171943539819
2014-04-23,335.04998779296875,5.814279737985718
2014-04-24,336.1300048828125,5.817498004423322
2014-04-25,333.5,5.809642865355678
2014-04-28,334.1300048828125,5.811530153420037
2014-04-29,338.1199951171875,5.823400847619663
2014-04-30,337.8900146484375,5.822720442080395
2014-05-02,337.760009765625,5.822335613012922
2014-05-05,336.8900146484375,5.819756511055004
2014-05-06,336.0400085449219,5.817230225924934
2014-05-07,336.0299987792969,5.817200438059037
2014-05-08,339.55999755859375,5.827650654679855
2014-05-09,338.5400085449219,5.82464227900146
2014-05-12,340.9599914550781,5.831765143288945
2014-05-13,341.8900146484375,5.8344890907447615
2014-05-14,341.5899963378906,5.833611176760464
2014-05-15,338.5,5.82452409235233
2014-05-16,338.989990234375,5.8259705796122825
2014-05-19,338.510009765625,5.824553662862312
2014-05-20,338.32000732421875,5.823992214813023
2014-05-21,340.3399963378906,5.829945107183141
2014-05-22,341.0199890136719,5.831941094373923
2014-05-23,341.760009765625,5.834108764906286
2014-05-26,343.69000244140625,5.839740095394918
2014-05-27,344.4700012207031,5.842007007476914
2014-05-28,344.2900085449219,5.841484350303656
2014-05-30,344.239990234375,5.841339060161691
2014-06-02,345.0799865722656,5.843776235296431
2014-06-03,343.4800109863281,5.839128917789634
2014-06-04,343.55999755859375,5.839361761791824
2014-06-05,344.989990234375,5.8435154027970455
2014-06-06,347.29998779296875,5.8501889246016505
2014-06-10,349.7099914550781,5.857104215165542
2014-06-11,347.739990234375,5.851455046016521
2014-06-12,347.8299865722656,5.8517138160652395
2014-06-13,347.07000732421875,5.849526509811908
2014-06-16,345.5199890136719,5.845050496855941
2014-06-17,346.4200134277344,5.847651950503563
2014-06-18,346.1300048828125,5.846814441141912
2014-06-19,348.1499938964844,5.852633403857274
2014-06-20,348.0899963378906,5.852461056506982
2014-06-23,346.30999755859375,5.847334320638187
2014-06-24,345.57000732421875,5.845195248801127
2014-06-25,341.94000244140625,5.83463529021483
2014-06-26,341.8599853515625,5.834401253678892
2014-06-27,341.9700012207031,5.834723017486417
2014-06-30,341.8599853515625,5.834401253678892
2014-07-01,344.8900146484375,5.843225568083965
2014-07-02,345.67999267578125,5.84551347043582
2014-07-03,348.9100036621094,5.854814019785447
2014-07-04,347.95001220703125,5.852058826373575
2014-07-07,344.79998779296875,5.842964503386314
2014-07-08,339.989990234375,5.828916176689695
2014-07-09,339.9599914550781,5.828827938495345
2014-07-10,336.3699951171875,5.818211730057708
2014-07-11,336.9100036621094,5.819815843240027
2014-07-14,339.7900085449219,5.828327804876516
2014-07-15,338.4200134277344,5.824287767318201
2014-07-16,342.9700012207031,5.837642983343141
2014-07-17,339.739990234375,5.828180590446757
2014-07-18,339.6600036621094,5.827945128058315
2014-07-21,337.95001220703125,5.822897991667183
2014-07-22,342.44000244140625,5.836096467003728
2014-07-23,342.8599853515625,5.8373221578550805
2014-07-24,344.3299865722656,5.841600460865859
2014-07-25,341.95001220703125,5.834664563242398
2014-07-28,341.3399963378906,5.832879037261985
2014-07-29,342.2699890136719,5.835599867177962
2014-07-30,340.44000244140625,5.830238905780086
2014-07-31,335.989990234375,5.817081368550323
2014-08-04,331.1499938964844,5.802571426499717
2014-08-05,332.1000061035156,5.805436146761248
2014-08-06,329.19000244140625,5.796635099087222
2014-08-07,326.9599914550781,5.789837813121565
2014-08-08,324.9100036621094,5.783548232173689
2014-08-11,329.3599853515625,5.797151332986188
2014-08-12,328.739990234375,5.7952671350721525
2014-08-13,330.0199890136719,5.799153225394773
2014-08-14,331.0400085449219,5.8022392398095874
2014-08-15,329.7200012207031,5.798243813147268
2014-08-18,333.6000061035156,5.8099426887805015
2014-08-19,335.489990234375,5.815592120599663
2014-08-20,335.29998779296875,5.815025617065886
2014-08-21,337.510009765625,5.821595168437593
2014-08-22,336.75,5.819340815290474
2014-08-25,340.4599914550781,5.830297619288257
2014-08-26,342.9599914550781,5.837613797374507
2014-08-27,343.3299865722656,5.8386920446602915
2014-08-28,341.04998779296875,5.832029058308231
2014-08-29,342.0,5.834810737062605
2014-09-01,342.8599853515625,5.8373221578550805
2014-09-02,342.75,5.837001318442423
2014-09-03,344.9700012207031,5.843457460267261
2014-09-04,348.8900146484375,5.854756728260217
2014-09-05,347.57000732421875,5.850966104640331
2014-09-08,346.0899963378906,5.846698846259082
2014-09-09,344.8699951171875,5.843167520267414
2014-09-10,344.70001220703125,5.842674508936312
2014-09-11,344.2699890136719,5.841426201322227
2014-09-12,344.2699890136719,5.841426201322227
2014-09-15,343.9100036621094,5.840380005884323
2014-09-16,342.8399963378906,5.837263855348995
2014-09-17,344.3900146484375,5.841774778661821
2014-09-18,347.7799987792969,5.851570092443937
2014-09-19,348.5199890136719,5.85369558584028
2014-09-22,346.69000244140625,5.848431015936599
2014-09-23,341.8900146484375,5.8344890907447615
2014-09-24,344.3500061035156,5.841658599715451
2014-09-25,341.44000244140625,5.833171975263712
2014-09-26,342.29998779296875,5.835687509874347
2014-09-29,340.989990234375,5.831853122701283
2014-09-30,343.0799865722656,5.837963616983435
2014-10-01,340.2200012207031,5.829592470769418
2014-10-02,332.04998779296875,5.805285523224092
2014-10-03,335.19000244140625,5.814697542511005
2014-10-06,336.0,5.817111159963204
2014-10-07,330.8500061035156,5.801665118906053
2014-10-08,328.0,5.793013608384144
2014-10-09,326.6700134277344,5.788950528130968
2014-10-10,321.6199951171875,5.773370709243948
2014-10-13,321.55999755859375,5.773184143867378
2014-10-14,321.5299987792969,5.77309084812498
2014-10-15,311.3599853515625,5.740949751951013
2014-10-16,310.0299987792969,5.736669063053049
2014-10-17,318.67999267578125,5.7641874415291765
2014-10-20,317.010009765625,5.7589333499264646
2014-10-21,323.739990234375,5.779940694340789
2014-10-22,326.1099853515625,5.787234702846446
2014-10-23,328.260009765625,5.793806007053454
2014-10-24,327.1700134277344,5.790479954525583
2014-10-27,325.1000061035156,5.784132846084131
2014-10-28,328.25,5.793775513182905
2014-10-29,328.7799987792969,5.7953888303685375
2014-10-30,330.7099914550781,5.801241832579659
2014-10-31,336.79998779296875,5.819489246124016
2014-11-03,334.25,5.8118892159820525
2014-11-04,330.8800048828125,5.801755786637059
2014-11-05,336.3599853515625,5.818181971414817
2014-11-06,337.0799865722656,5.820320251068699
2014-11-07,335.25,5.8148765221617875
2014-11-10,337.7099914550781,5.8221875137322785
2014-11-11,338.92999267578125,5.825793574773178
2014-11-12,335.0899963378906,5.8143991415309975
2014-11-13,335.8599853515625,5.8166943628521475
2014-11-14,335.6300048828125,5.816009377279505
2014-11-17,337.25,5.820824495087865
2014-11-18,339.29998779296875,5.82688463581308
2014-11-19,339.1499938964844,5.82644246939558
2014-11-20,338.2799987792969,5.823873951305463
2014-11-21,345.239990234375,5.844239799064974
2014-11-24,345.7200012207031,5.8456292024153385
2014-11-25,346.2799987792969,5.847247692822382
2014-11-26,346.2799987792969,5.847247692822382
2014-11-27,347.489990234375,5.8507358595090375
2014-11-28,347.25,5.850044981634453
2014-12-01,345.6400146484375,5.845397813353817
2014-12-02,347.3699951171875,5.850390480235774
2014-12-03,349.3399963378906,5.856045649517309
2014-12-04,344.8399963378906,5.8430805307219895
2014-12-05,350.9700012207031,5.860700753205704
2014-12-08,348.6099853515625,5.853953776828187
2014-12-09,340.4800109863281,5.830356418980401
2014-12-10,339.32000732421875,5.826943636524524
2014-12-11,339.30999755859375,5.826914136603937
2014-12-12,330.5400085449219,5.80072770656408
2014-12-15,323.2900085449219,5.778549779660332
2014-12-16,328.8800048828125,5.7956929574364136
2014-12-17,329.3399963378906,5.797090640670312
2014-12-18,339.04998779296875,5.826147553126219
2014-12-19,340.29998779296875,5.829827545635477
2014-12-22,341.9700012207031,5.834723017486417
2014-12-23,344.05999755859375,5.84081605367302
2014-12-30,341.0199890136719,5.831941094373923
2015-01-05,333.989990234375,5.811111023169452
2015-01-06,331.6099853515625,5.803959535448181
2015-01-07,333.20001220703125,5.808742946928435
2015-01-08,342.3500061035156,5.835833623395363
2015-01-09,337.92999267578125,5.822838751769239
2015-01-12,339.8699951171875,5.8285631771868
2015-01-13,344.7699890136719,5.842877496177983
2015-01-14,339.6700134277344,5.827974597580856
2015-01-15,348.45001220703125,5.853494782916902
2015-01-16,352.3999938964844,5.864766876742173
2015-01-19,353.17999267578125,5.866977821247057
2015-01-20,355.9599914550781,5.874818340983374
2015-01-21,358.1199951171875,5.880868112131385
2015-01-22,364.04998779296875,5.897291187309525
2015-01-23,370.3699951171875,5.914502492787746
2015-01-26,372.3900146484375,5.919941731532246
2015-01-27,368.70001220703125,5.909983338348401
2015-01-28,369.0799865722656,5.911013386328718
2015-01-29,368.760009765625,5.910146052412726
2015-01-30,367.04998779296875,5.905498045299655
2015-02-02,367.2799987792969,5.906124496617336
2015-02-03,370.2799987792969,5.914259472902308
2015-02-04,372.1000061035156,5.919162651755467
2015-02-05,372.510009765625,5.920263909312599
2015-02-06,373.30999755859375,5.922409167127935
2015-02-09,370.54998779296875,5.91498835545436
2015-02-10,372.94000244140625,5.921417555342326
2015-02-11,372.0400085449219,5.919001398342016
2015-02-12,374.8299865722656,5.926472554026924
2015-02-13,377.07000732421875,5.932430866028885
2015-02-16,376.54998779296875,5.931050808129272
2015-02-17,377.0199890136719,5.9322982072988575
2015-02-18,380.3699951171875,5.941144450370959
2015-02-19,381.4100036621094,5.943874921616554
2015-02-20,382.2699890136719,5.946127136479667
2015-02-23,385.0799865722656,5.953451070039779
2015-02-24,387.25,5.959070479296978
2015-02-25,386.760009765625,5.957804370865178
2015-02-26,390.69000244140625,5.967914412896682
2015-02-27,392.2099914550781,5.971797388845908
2015-03-02,391.2900085449219,5.969448994888125
2015-03-03,387.67999267578125,5.960180238175782
2015-03-04,390.6099853515625,5.967709582251926
2015-03-05,393.7799987792969,5.975792374613724
2015-03-06,394.17999267578125,5.976807639183449
2015-03-09,393.19000244140625,5.9742929618088825
2015-03-10,389.6600036621094,5.965274573415958
2015-03-11,395.4800109863281,5.980100244808663
2015-03-12,395.3599853515625,5.979796705189416
2015-03-13,396.6099853515625,5.9829533931554435
2015-03-16,400.17999267578125,5.991914427586035
2015-03-17,397.3299865722656,5.984767135865333
2015-03-18,398.6499938964844,5.988083823638043
2015-03-19,400.8299865722656,5.993537363769088
2015-03-20,404.010009765625,6.001439654301801
2015-03-23,401.239990234375,5.994559727676672
2015-03-24,402.489990234375,5.99767022756646
2015-03-25,397.95001220703125,5.986326399926645
2015-03-26,394.5400085449219,5.977720550973658
2015-03-27,395.5400085449219,5.980251941497059
2015-03-30,399.8399963378906,5.991064457927705
2015-03-31,397.29998779296875,5.984691632095581
2015-04-01,398.5199890136719,5.987757657608834
2015-04-02,397.79998779296875,5.985949335733518
2015-04-07,404.3399963378906,6.002256099129176
2015-04-08,404.6600036621094,6.0030472174008915
2015-04-09,409.1499938964844,6.01408182205584
2015-04-10,412.92999267578125,6.023278069333105
2015-04-13,413.6300048828125,6.02497186621768
2015-04-14,411.70001220703125,6.020294958426165
2015-04-15,414.05999755859375,6.026010884964303
2015-04-16,410.92999267578125,6.018422865865544
2015-04-17,403.69000244140625,6.00064726273036
2015-04-20,406.8699951171875,6.008493712099928
2015-04-21,409.1199951171875,6.014008499607961
2015-04-22,408.989990234375,6.01369068198873
2015-04-23,407.17999267578125,6.0092553301288625
2015-04-24,408.4200134277344,6.012296089565184
2015-04-27,412.4200134277344,6.022042280130517
2015-04-28,406.2799987792969,6.007042574066714
2015-04-29,397.29998779296875,5.984691632095581
2015-04-30,395.7900085449219,5.980883789153329
2015-05-04,396.82000732421875,5.9834827958236065
2015-05-05,391.010009765625,5.968733160081274
2015-05-06,388.67999267578125,5.962756364127411
2015-05-07,388.9800109863281,5.9635279566589
2015-05-08,400.1600036621094,5.991864476280922
2015-05-11,401.3399963378906,5.994808939233666
2015-05-12,396.0899963378906,5.98164144891357
2015-05-13,395.4599914550781,5.980049622685133
2015-05-15,396.45001220703125,5.982549960509254
2015-05-18,398.0899963378906,5.986678101174822
2015-05-19,404.7799987792969,6.003343706622339
2015-05-20,406.4200134277344,6.007387140690856
2015-05-21,407.8699951171875,6.010948484209178
2015-05-22,407.739990234375,6.010629692418375
2015-05-26,403.6099853515625,6.000449028885901
2015-05-27,408.8800048828125,6.013421726401945
2015-05-28,406.8299865722656,6.0083953747622
2015-05-29,399.8699951171875,5.991139482073036
2015-06-01,400.57000732421875,5.992888551043491
2015-06-02,396.45001220703125,5.982549960509254
2015-06-03,395.92999267578125,5.981237409453693
2015-06-04,392.6499938964844,5.972918614276466
2015-06-05,389.0,5.963579343618446
2015-06-08,385.3900146484375,5.954255846585039
2015-06-09,383.8699951171875,5.95030394088293
2015-06-10,390.7799987792969,5.9681447386626045
2015-06-11,393.0,5.973809611869261
2015-06-12,389.3800048828125,5.964555743090732
2015-06-15,383.0199890136719,5.948087178454981
2015-06-16,385.489990234375,5.954515226996685
2015-06-17,383.739990234375,5.949965214481407
2015-06-18,384.2200012207031,5.951215308377391
2015-06-19,385.5899963378906,5.954774619292732
2015-06-22,394.25,5.976985225843148
2015-06-23,398.8299865722656,5.98853522726759
2015-06-24,397.32000732421875,5.98474201978121
2015-06-25,396.3900146484375,5.9823986120488435
2015-06-26,396.8500061035156,5.98355839091679
2015-06-29,386.1700134277344,5.956277721790161
2015-06-30,381.30999755859375,5.943612686185652
2015-07-01,387.07000732421875,5.958605574148407
2015-07-02,385.4599914550781,5.95443740410279
2015-07-03,383.4200134277344,5.949131029112857
2015-07-06,378.67999267578125,5.9366915019192446
2015-07-07,372.739990234375,5.920881099452956
2015-07-08,372.8800048828125,5.921256665159349
2015-07-09,381.05999755859375,5.942956836636057
2015-07-10,388.79998779296875,5.963065041189598
2015-07-13,396.4599914550781,5.982575131709016
2015-07-14,398.29998779296875,5.987205459539767
2015-07-15,400.0299987792969,5.9915395412440935
2015-07-16,405.42999267578125,6.004948214201331
2015-07-17,405.67999267578125,6.005564653432586
2015-07-20,406.79998779296875,6.008321634166953
2015-07-21,402.6600036621094,5.998092542492996
2015-07-22,400.2799987792969,5.992164299172632
2015-07-23,398.1000061035156,5.9867032453378854
2015-07-24,394.6400146484375,5.977973994043963
2015-07-27,385.9100036621094,5.955604191146448
2015-07-28,390.0199890136719,5.966197991691467
2015-07-29,394.010009765625,5.97637631447173
2015-07-30,396.239990234375,5.982020063634249
2015-07-31,396.3699951171875,5.982348106142876
2015-08-03,399.44000244140625,5.990063572304426
2015-08-04,398.75,5.988334654099054
2015-08-05,403.92999267578125,6.001241577489504
2015-08-06,400.70001220703125,5.993213048106364
2015-08-07,397.07000732421875,5.984112606008017
2015-08-10,399.82000732421875,5.991014464146387
2015-08-11,393.6099853515625,5.975360534143809
2015-08-12,382.989990234375,5.948008853680827
2015-08-13,386.69000244140625,5.957623344752812
2015-08-14,386.239990234375,5.95645891262534
2015-08-17,387.260009765625,5.9590963272924835
2015-08-18,388.1300048828125,5.961340347632784
2015-08-19,381.30999755859375,5.943612686185652
2015-08-20,373.44000244140625,5.922757355635804
2015-08-21,361.2799987792969,5.889653277582469
2015-08-24,342.010009765625,5.834840004954837
2015-08-25,356.3599853515625,5.8759414147467135
2015-08-26,350.1400146484375,5.85833311634073
2015-08-27,362.2699890136719,5.892389759840388
2015-08-28,363.2799987792969,5.895173883429469
2015-08-31,362.7900085449219,5.893824178018649
2015-09-01,352.8900146484375,5.866156435150384
2015-09-02,353.8599853515625,5.868901313288718
2015-09-03,362.239990234375,5.892306948615772
2015-09-04,353.1099853515625,5.866779581638324
2015-09-07,354.80999755859375,5.871582428050251
2015-09-08,359.0,5.883322388488279
2015-09-09,363.7699890136719,5.896521769590768
2015-09-10,359.3399963378906,5.884269005313216
2015-09-11,355.7200012207031,5.87414390796308
2015-09-14,353.6300048828125,5.868251182601288
2015-09-15,356.42999267578125,5.876137846589478
2015-09-16,361.8699951171875,5.891285017812793
2015-09-17,361.2099914550781,5.889459482996013
2015-09-18,354.7699890136719,5.8714696612143165
2015-09-21,357.8299865722656,5.880057975758173
2015-09-22,346.6700134277344,5.848373357539172
2015-09-23,346.9700012207031,5.8492383243961505
2015-09-24,339.6300048828125,5.827856804134986
2015-09-25,349.2799987792969,5.855873889306721
2015-09-28,341.57000732421875,5.833552657486589
2015-09-29,339.2300109863281,5.826678375789162
2015-09-30,347.7699890136719,5.851541310139856
2015-10-01,346.2300109863281,5.847103325831723
2015-10-02,347.8599853515625,5.851800057869855
2015-10-05,358.3299865722656,5.881454312051709
2015-10-06,360.4100036621094,5.887242282458033
2015-10-07,360.92999267578125,5.888684013420913
2015-10-08,361.6099853515625,5.890566242493949
2015-10-09,362.82000732421875,5.8939068637000975
2015-10-12,361.7900085449219,5.891063956617794
2015-10-13,358.4700012207031,5.881844977935087
2015-10-14,355.80999755859375,5.87439687365258
2015-10-15,360.989990234375,5.888850230065838
2015-10-16,363.1300048828125,5.894760910321004
2015-10-19,364.25,5.897840445075314
2015-10-20,362.6700134277344,5.8934933669066725
2015-10-21,362.6400146484375,5.893410647026475
2015-10-22,369.989990234375,5.913475951851711
2015-10-23,377.3599853515625,5.933199600157802
2015-10-26,375.8900146484375,5.929296586366383
2015-10-27,371.8800048828125,5.918571234717732
2015-10-28,375.8299865722656,5.929136877761578
2015-10-29,375.70001220703125,5.928790985071355
2015-10-30,375.4700012207031,5.928178577788303
2015-11-02,376.75,5.931581837506605
2015-11-03,378.3599853515625,5.935846084629361
2015-11-04,380.2799987792969,5.9409078202808185
2015-11-05,378.760009765625,5.936902784898447
2015-11-06,379.95001220703125,5.940039697243787
2015-11-09,375.8800048828125,5.929269956505213
2015-11-10,376.2699890136719,5.930306941598536
2015-11-11,378.7099914550781,5.936770718122101
2015-11-12,372.55999755859375,5.920398092121067
2015-11-13,369.5299987792969,5.912231924587444
2015-11-16,370.6400146484375,5.915231280630401
2015-11-17,379.8800048828125,5.939855426228317
2015-11-18,379.3299865722656,5.938406503234779
2015-11-19,380.9599914550781,5.942694360308581
2015-11-20,381.7900085449219,5.944870741606431
2015-11-23,380.3699951171875,5.941144450370959
2015-11-24,375.6400146484375,5.928631276932359
2015-11-25,380.8399963378906,5.942379329801617
2015-11-26,384.3699951171875,5.951605617642677
2015-11-27,383.6700134277344,5.949782843111472
2015-11-30,385.42999267578125,5.9543595751520195
2015-12-01,384.239990234375,5.951267331941138
2015-12-02,384.1700134277344,5.951085197907222
2015-12-03,372.1099853515625,5.919189470121687
2015-12-04,370.5899963378906,5.915096320334997
2015-12-07,372.4800109863281,5.9201833745981
2015-12-08,365.75,5.901950039900234
2015-12-09,364.19000244140625,5.89767571617924
2015-12-10,363.2099914550781,5.894981155861639
2015-12-11,355.7900085449219,5.874340693176173
2015-12-14,349.5400085449219,5.856618028784407
2015-12-15,359.5799865722656,5.884936646355319
2015-12-16,360.42999267578125,5.887297742792583
2015-12-17,364.8999938964844,5.899623326715859
2015-12-18,361.2300109863281,5.8895149049859015
2015-12-21,357.1499938964844,5.878155844511479
2015-12-22,356.8699951171875,5.8773715561219175
2015-12-23,366.3900146484375,5.903698379831557
2015-12-28,364.489990234375,5.898499089437547
2015-12-29,369.67999267578125,5.91263774674969
2015-12-30,367.70001220703125,5.90726742150557
2016-01-04,356.6600036621094,5.876782957292155
2016-01-05,358.8800048828125,5.882988084377595
2016-01-06,354.3500061035156,5.870285142480805
2016-01-07,346.510009765625,5.847911706425183
2016-01-08,341.3500061035156,5.83290836174481
2016-01-11,340.2300109863281,5.829621891786235
2016-01-12,343.2200012207031,5.838371644530777
2016-01-13,344.6300048828125,5.842471391930745
2016-01-14,339.4200134277344,5.827238318143941
2016-01-15,329.8399963378906,5.79860767729596
2016-01-18,328.6400146484375,5.794962971313091
2016-01-19,332.92999267578125,5.807932235673695
2016-01-20,322.2900085449219,5.775451787859707
2016-01-21,328.510009765625,5.794567308588665
2016-01-22,338.3599853515625,5.824110374143351
2016-01-25,336.2699890136719,5.817914376029962
2016-01-26,339.20001220703125,5.826589939905458
2016-01-27,340.239990234375,5.8296512222432115
2016-01-28,334.8900146484375,5.813802163435791
2016-01-29,342.2699890136719,5.835599867177962
2016-02-01,341.6099853515625,5.833669692610035
2016-02-02,334.5899963378906,5.81290589072949
2016-02-03,329.42999267578125,5.797363866044726
2016-02-04,328.760009765625,5.795328030984718
2016-02-05,325.8999938964844,5.78659056711533
2016-02-08,314.3599853515625,5.750538779400323
2016-02-09,309.3900146484375,5.734602664342275
2016-02-10,315.19000244140625,5.753175639337947
2016-02-11,303.5799865722656,5.715645122967424
2016-02-12,312.4100036621094,5.7443164394186175
2016-02-15,321.760009765625,5.773805956374991
2016-02-16,320.3699951171875,5.7694765626103965
2016-02-17,328.7699890136719,5.7953583847269545
2016-02-18,328.9100036621094,5.795784168245115
2016-02-19,326.3699951171875,5.7880316921401285
2016-02-22,331.82000732421875,5.8045926752880765
2016-02-23,327.7799987792969,5.792342647911528
2016-02-24,320.2300109863281,5.769039521924309
2016-02-25,326.5400085449219,5.788552478866089
2016-02-26,331.5400085449219,5.803748491770146
2016-02-29,333.9200134277344,5.810901483541319
2016-03-01,338.7200012207031,5.825173810990425
2016-03-02,340.9700012207031,5.831794500453854
2016-03-03,339.4200134277344,5.827238318143941
2016-03-04,341.79998779296875,5.83422573496753
2016-03-07,340.92999267578125,5.83167715613555
2016-03-08,337.4800109863281,5.821506281851438
2016-03-09,339.1400146484375,5.826413044671873
2016-03-10,333.5,5.809642865355678
2016-03-11,342.2300109863281,5.8354830577480445
2016-03-14,344.6600036621094,5.842558434478712
2016-03-15,340.8599853515625,5.831471792822152
2016-03-16,341.0,5.831882477283517
2016-03-17,340.67999267578125,5.830943598774057
2016-03-18,341.7099914550781,5.833962399124184
2016-03-21,340.82000732421875,5.831354500169238
2016-03-22,340.29998779296875,5.829827545635477
2016-03-23,340.07000732421875,5.8291515003096706
2016-03-24,335.1000061035156,5.8144290129572775
2016-03-29,336.7900085449219,5.819459616087639
2016-03-30,341.17999267578125,5.832410175785058
2016-03-31,337.5400085449219,5.821684047123624
2016-04-01,333.1499938964844,5.808592820687923
2016-04-04,334.489990234375,5.812606954559623
2016-04-05,328.1499938964844,5.793470802319958
2016-04-06,330.6499938964844,5.801060395661528
2016-04-07,328.1000061035156,5.793318458569663
2016-04-08,331.8599853515625,5.804713149094227
2016-04-11,332.8699951171875,5.807752008699059
2016-04-12,334.6400146484375,5.813055370907661
2016-04-13,343.05999755859375,5.837905351865121
2016-04-14,343.989990234375,5.840612558794152
2016-04-15,342.7900085449219,5.83711803969711
2016-04-18,344.20001220703125,5.841222919242375
2016-04-19,349.239990234375,5.855759336980102
2016-04-20,350.75,5.86007371898257
2016-04-21,349.5899963378906,5.856761028777841
2016-04-22,348.4599914550781,5.8535234214728
2016-04-25,346.67999267578125,5.848402143139403
2016-04-26,347.30999755859375,5.850217745856273
2016-04-27,348.32000732421875,5.853121618513507
2016-04-28,348.8999938964844,5.854785330699133
2016-04-29,341.4800109863281,5.833289144314789
2016-05-02,341.239990234375,5.832586013422439
2016-05-03,335.55999755859375,5.815800770702476
2016-05-04,331.79998779296875,5.804532340966015
2016-05-06,331.6700134277344,5.804140539176459
2016-05-09,333.2200012207031,5.808802936164278
2016-05-10,336.239990234375,5.817825161653246
2016-05-11,334.739990234375,5.81335408191173
2016-05-12,333.1099853515625,5.808472721788946
2016-05-13,334.67999267578125,5.813174829543153
2016-05-17,334.7200012207031,5.813294365083442
2016-05-18,337.5799865722656,5.8218024794843295
2016-05-19,333.9100036621094,5.810871506555051
2016-05-20,338.010009765625,5.823075509735711
2016-05-23,336.69000244140625,5.8191626329474735
2016-05-24,344.1199951171875,5.840990419563875
2016-05-25,348.55999755859375,5.853810374804922
2016-05-26,348.9100036621094,5.854814019785447
2016-05-27,349.6400146484375,5.856904095608058
2016-05-30,350.1400146484375,5.85833311634073
2016-05-31,347.45001220703125,5.850620804893539
2016-06-01,344.1199951171875,5.840990419563875
2016-06-02,344.3500061035156,5.841658599715451
2016-06-03,341.2900085449219,5.832732580784242
2016-06-06,342.4100036621094,5.836008860143688
2016-06-07,346.260009765625,5.847189966154086
2016-06-08,344.55999755859375,5.8422682336602785
2016-06-09,341.25,5.8326153464991695
2016-06-10,332.9200134277344,5.80790226121111
2016-06-13,326.79998779296875,5.789348325632631
2016-06-14,320.5299987792969,5.7699758719159275
2016-06-15,323.6300048828125,5.779600903020678
2016-06-16,321.2900085449219,5.772344168672596
2016-06-17,325.7799987792969,5.786222303182442
2016-06-20,337.6700134277344,5.82206912696601
2016-06-21,340.0400085449219,5.829063282878325
2016-06-22,341.32000732421875,5.832820475126894
2016-06-23,346.3399963378906,5.847420940950264
2016-06-24,321.9800109863281,5.774489465935298
2016-06-27,308.75,5.732531887942187
2016-06-28,316.70001220703125,5.757954992089056
2016-06-29,326.489990234375,5.788399290465133
2016-06-30,329.8800048828125,5.798728966766938
2016-07-01,332.239990234375,5.805857569929213
2016-07-04,329.7799987792969,5.798425761771254
2016-07-05,324.1700134277344,5.781268110969864
2016-07-06,318.760009765625,5.76443849916584
2016-07-07,322.1199951171875,5.774924131768979
2016-07-08,327.3500061035156,5.791029953532329
2016-07-11,332.7200012207031,5.807301299103516
2016-07-12,336.260009765625,5.817884699292669
2016-07-13,335.8299865722656,5.8166050395614315
2016-07-14,338.5,5.82452409235233
2016-07-15,337.9200134277344,5.822809220814271
2016-07-18,338.70001220703125,5.825114795864562
2016-07-19,337.32000732421875,5.821032056419409
2016-07-20,340.80999755859375,5.831325130084135
2016-07-21,340.5799865722656,5.830650007172378
2016-07-22,340.3299865722656,5.829915695674254
2016-07-25,340.92999267578125,5.83167715613555
2016-07-26,341.260009765625,5.832644678715496
2016-07-27,342.739990234375,5.836972113739895
2016-07-28,339.4700012207031,5.827385581447217
2016-07-29,341.8900146484375,5.8344890907447615
2016-08-02,335.4700012207031,5.815532537274481
2016-08-03,335.5799865722656,5.815860338048039
2016-08-04,337.8399963378906,5.822572399785914
2016-08-05,341.3800048828125,5.832996240639346
2016-08-08,341.5299987792969,5.83343551930884
2016-08-09,344.6700134277344,5.842587476491616
2016-08-10,343.9800109863281,5.840583548087203
2016-08-11,346.6600036621094,5.8483444830771445
2016-08-12,346.0899963378906,5.846698846259082
2016-08-15,346.04998779296875,5.846583238012532
2016-08-16,343.32000732421875,5.838662978183524
2016-08-17,340.4700012207031,5.8303270195665045
2016-08-18,342.9100036621094,5.837468032744437
2016-08-19,340.1400146484375,5.829357340630173
2016-08-22,340.42999267578125,5.830209502911117
2016-08-23,343.6000061035156,5.839478207873533
2016-08-24,344.92999267578125,5.843341476660012
2016-08-25,342.0199890136719,5.834869182763019
2016-08-26,343.7200012207031,5.839827375996468
2016-08-29,343.20001220703125,5.838313403182079
2016-08-30,344.75,5.842819516673411
2016-08-31,343.5299987792969,5.839274440539947
2016-09-01,343.6600036621094,5.839652807174798
2016-09-02,350.44000244140625,5.859189514764851
2016-09-05,350.6199951171875,5.859703001999504
2016-09-06,349.4599914550781,5.8563890814591035
2016-09-07,350.4599914550781,5.859246552898255
2016-09-08,349.32000732421875,5.855988428512608
2016-09-09,345.5199890136719,5.845050496855941
2016-09-12,342.2300109863281,5.8354830577480445
2016-09-13,338.7200012207031,5.825173810990425
2016-09-14,338.4200134277344,5.824287767318201
2016-09-15,340.3399963378906,5.829945107183141
2016-09-16,337.82000732421875,5.822513230933031
2016-09-19,341.2699890136719,5.832673920647911
2016-09-20,341.0,5.831882477283517
2016-09-21,342.4599914550781,5.836154837609234
2016-09-22,347.8599853515625,5.851800057869855
2016-09-23,345.3399963378906,5.844529428379925
2016-09-26,340.0,5.8289456176102075
2016-09-27,340.19000244140625,5.8295042922324924
2016-09-28,342.57000732421875,5.8364760377618765
2016-09-29,342.7200012207031,5.8369137908211925
2016-09-30,342.9200134277344,5.837497222967601
2016-10-03,343.2300109863281,5.8384008083896095
2016-10-04,346.1000061035156,5.84672776827642
2016-10-05,344.20001220703125,5.841222919242375
2016-10-06,342.82000732421875,5.83720554944353
2016-10-07,339.6400146484375,5.827886276260468
2016-10-10,341.9800109863281,5.834752287946092
2016-10-11,340.1700134277344,5.829445532125457
2016-10-12,338.55999755859375,5.824701322018732
2016-10-13,335.6199951171875,5.815979553024381
2016-10-14,339.95001220703125,5.828798583880782
2016-10-17,337.4200134277344,5.82132848497314
2016-10-18,342.4800109863281,5.836213293915434
2016-10-19,343.6400146484375,5.839594640397132
2016-10-20,344.2900085449219,5.841484350303656
2016-10-21,344.2900085449219,5.841484350303656
2016-10-24,344.260009765625,5.841397214210364
2016-10-25,343.07000732421875,5.837934529325819
2016-10-26,341.760009765625,5.834108764906286
2016-10-27,341.7099914550781,5.833962399124184
2016-10-28,340.79998779296875,5.831295759136406
2016-10-31,338.9700012207031,5.825911611490477
2016-11-01,335.3299865722656,5.815115081540972
2016-11-02,331.54998779296875,5.803778590996806
2016-11-03,331.55999755859375,5.803808781359933
2016-11-04,328.79998779296875,5.795449626056016
2016-11-07,333.8399963378906,5.810661825313643
2016-11-08,334.9100036621094,5.813861849948576
2016-11-09,339.80999755859375,5.8283866306961105
2016-11-10,338.8800048828125,5.825646076821719
2016-11-11,337.5,5.821565510312585
2016-11-14,338.2300109863281,5.823726169920596
2016-11-15,339.1600036621094,5.826471983233389
2016-11-16,338.4700012207031,5.824435465738854
2016-11-17,340.6000061035156,5.830708786148481
2016-11-18,339.3900146484375,5.82714993176756
2016-11-21,340.2300109863281,5.829621891786235
2016-11-22,341.0199890136719,5.831941094373923
2016-11-23,340.7699890136719,5.831207730671723
2016-11-24,341.8399963378906,5.834342780622835
2016-11-25,342.45001220703125,5.836125697290084
2016-11-28,339.8299865722656,5.828445453055431
2016-11-29,340.95001220703125,5.831735874769657
2016-11-30,341.989990234375,5.8347814683137385
2016-12-01,340.8599853515625,5.831471792822152
2016-12-02,339.3599853515625,5.82706144765148
2016-12-05,341.2699890136719,5.832673920647911
2016-12-06,344.57000732421875,5.842297284102299
2016-12-07,347.70001220703125,5.851340074121756
2016-12-08,351.9599914550781,5.863517508499255
2016-12-09,355.3800048828125,5.873187653256623
2016-12-12,353.739990234375,5.86856215239986
2016-12-13,357.5,5.879135362134062
2016-12-14,355.7200012207031,5.87414390796308
2016-12-15,358.7900085449219,5.882737282932144
2016-12-16,360.0199890136719,5.886159554946675
2016-12-19,359.5899963378906,5.884964483350365
2016-12-20,361.32000732421875,5.8897640125523685
2016-12-21,360.55999755859375,5.887658371611241
2016-12-22,359.82000732421875,5.885603926763703
2016-12-23,359.9800109863281,5.886048504870606
2016-12-27,360.4800109863281,5.887436507160876
2016-12-28,361.5299987792969,5.890345022330918
2016-12-29,360.260009765625,5.88682602010257
2016-12-30,361.4200134277344,5.890040754122732
2017-01-03,365.7099914550781,5.901840646234335
2017-01-04,365.260009765625,5.900609455499987
2017-01-05,365.6400146484375,5.901649282848076
2017-01-06,365.45001220703125,5.90112950432914
2017-01-09,363.6700134277344,5.8962468999486495
2017-01-10,364.07000732421875,5.897346176957906
2017-01-11,364.8999938964844,5.899623326715859
2017-01-12,362.510009765625,5.893052087060045
2017-01-13,365.94000244140625,5.9024693922080225
2017-01-16,362.9700012207031,5.894320189584593
2017-01-17,362.4200134277344,5.8928037973342136
2017-01-18,363.07000732421875,5.894595673312682
2017-01-19,362.8500061035156,5.89398954254519
2017-01-20,362.5799865722656,5.893245102567668
2017-01-23,361.010009765625,5.888905685831088
2017-01-24,361.9200134277344,5.891423230029143
2017-01-25,366.5899963378906,5.90424404735705
2017-01-26,367.5,5.906723318652891
2017-01-27,366.3800048828125,5.903671059484494
2017-01-30,362.54998779296875,5.8931623621476765
2017-01-31,360.1199951171875,5.886437295681428
2017-02-01,363.20001220703125,5.894953680336805
2017-02-02,361.95001220703125,5.891506114464889
2017-02-03,364.07000732421875,5.897346176957906
2017-02-06,361.6000061035156,5.890538645397212
2017-02-07,362.739990234375,5.893686297267446
2017-02-08,363.94000244140625,5.896989025593363
2017-02-09,366.7900085449219,5.904789500493647
2017-02-10,367.3900146484375,5.906423993991537
2017-02-13,370.1300048828125,5.913854308472345
2017-02-14,370.20001220703125,5.914043433113549
2017-02-15,371.4700012207031,5.917468110481988
2017-02-16,370.1000061035156,5.913773255883641
2017-02-17,370.2200012207031,5.914097426828776
2017-02-20,371.0400085449219,5.916309896536872
2017-02-21,373.3999938964844,5.9226502147618385
2017-02-22,373.3800048828125,5.9225966808865085
2017-02-23,372.8500061035156,5.921176210359699
2017-02-24,370.010009765625,5.913530058692941
2017-02-27,369.5199890136719,5.912204836391
2017-02-28,370.239990234375,5.9141514176288394
2017-03-01,375.69000244140625,5.92876434174251
2017-03-02,375.6099853515625,5.928551332048789
2017-03-03,375.2300109863281,5.927539200570644
2017-03-06,373.2699890136719,5.922301988940252
2017-03-07,372.2699890136719,5.919619367942917
2017-03-08,372.5799865722656,5.920451743821693
2017-03-09,372.8900146484375,5.921283509267756
2017-03-10,373.2300109863281,5.922194881030321
2017-03-13,374.6400146484375,5.925965603975322
2017-03-14,373.4599914550781,5.922810880910513
2017-03-15,375.1000061035156,5.927192673359544
2017-03-16,377.7300109863281,5.934179683766853
2017-03-17,378.32000732421875,5.935740417695471
2017-03-20,377.67999267578125,5.934047256845374
2017-03-21,375.6700134277344,5.928711134190193
2017-03-22,374.0299987792969,5.924336004837662
2017-03-23,377.20001220703125,5.9327755831215265
2017-03-24,376.510009765625,5.930944633249419
2017-03-27,375.010009765625,5.9269527183225
2017-03-28,377.29998779296875,5.9330405946166165
2017-03-29,378.5299987792969,5.936295326749506
2017-03-30,380.4599914550781,5.941381024480546
2017-03-31,381.1400146484375,5.943166800133449
2017-04-03,379.2900085449219,5.938301106520646
2017-04-04,380.0299987792969,5.94025019376055
2017-04-05,380.0899963378906,5.940408057148183
2017-04-06,380.7699890136719,5.942195489448253
2017-04-07,381.260009765625,5.943481582699913
2017-04-10,381.25,5.943455327921622
2017-04-11,381.17999267578125,5.943271685291903
2017-04-12,381.8999938964844,5.945158778249497
2017-04-13,380.5799865722656,5.941696369591569
2017-04-18,376.3500061035156,5.930519577698199
2017-04-19,377.239990234375,5.932881563788649
2017-04-20,378.05999755859375,5.935052906724297
2017-04-21,378.1199951171875,5.93521159264379
2017-04-24,386.0899963378906,5.956070493423761
2017-04-25,386.9100036621094,5.958192117309426
2017-04-26,388.7300109863281,5.9628850434867715
2017-04-27,387.7900085449219,5.960463978023114
2017-04-28,387.0899963378906,5.958657214671249
2017-05-02,389.5299987792969,5.96494088103384
2017-05-03,389.3699951171875,5.9645300358274875
2017-05-04,391.9800109863281,5.971210846108491
2017-05-05,394.5400085449219,5.977720550973658
2017-05-08,394.0400085449219,5.976452448672895
2017-05-09,395.80999755859375,5.980934291966674
2017-05-10,396.45001220703125,5.982549960509254
2017-05-11,394.3900146484375,5.9773403045794735
2017-05-12,395.6300048828125,5.980479443391093
2017-05-15,395.9700012207031,5.98133845389179
2017-05-16,395.9100036621094,5.981186921946701
2017-05-17,391.1400146484375,5.969065589615127
2017-05-18,389.19000244140625,5.964067662524076
2017-05-19,391.510009765625,5.970011082832298
2017-05-22,391.1400146484375,5.969065589615127
2017-05-23,392.0199890136719,5.971312830872211
2017-05-24,392.3699951171875,5.972205259724762
2017-05-26,391.3500061035156,5.969602315846901
2017-05-29,391.25,5.969346741854363
2017-05-30,390.5,5.967427969279741
2017-05-31,389.989990234375,5.966121072728608
2017-06-01,391.6600036621094,5.970394125838916
2017-06-02,392.54998779296875,5.972663886547509
2017-06-06,389.3999938964844,5.9646070772639455
2017-06-07,389.17999267578125,5.964041942710392
2017-06-08,389.1499938964844,5.963964857721173
2017-06-09,390.3900146484375,5.967146276979348
2017-06-12,386.6199951171875,5.957442285864058
2017-06-13,388.75,5.962936463493444
2017-06-14,387.5799865722656,5.959922244453038
2017-06-15,386.04998779296875,5.955966863134487
2017-06-16,388.6000061035156,5.962550552649762
2017-06-19,391.94000244140625,5.971108773079939
2017-06-20,389.2099914550781,5.964119021757973
2017-06-21,388.5,5.962293169807702
2017-06-22,388.5299987792969,5.962370383761755
2017-06-23,387.6199951171875,5.960025465675696
2017-06-26,389.04998779296875,5.963707838686428
2017-06-27,385.9800109863281,5.955785583114428
2017-06-28,385.82000732421875,5.955370958443256
2017-06-29,380.6600036621094,5.941906597880059
2017-06-30,379.3699951171875,5.938511969284402
2017-07-03,383.4100036621094,5.94910492224327
2017-07-04,382.29998779296875,5.946205608771864
2017-07-05,382.989990234375,5.948008853680827
2017-07-06,380.42999267578125,5.941302172662444
2017-07-07,380.17999267578125,5.940644805512873
2017-07-10,381.6400146484375,5.944477794266512
2017-07-11,379.1499938964844,5.937931889049053
2017-07-12,384.8999938964844,5.9529835444322945
2017-07-13,386.1400146484375,5.9562000359432306
2017-07-14,386.8399963378906,5.958011161382034
2017-07-17,386.8599853515625,5.958062832608993
2017-07-18,382.5799865722656,5.946937746626659
2017-07-19,385.5400085449219,5.954644971132961
2017-07-20,384.07000732421875,5.9508248467112965
2017-07-21,380.1600036621094,5.9405922263673
2017-07-24,379.2300109863281,5.938142910145668
2017-07-25,380.7699890136719,5.942195489448253
2017-07-26,382.739990234375,5.947355881966883
2017-07-27,382.32000732421875,5.946257973427202
2017-07-28,378.3399963378906,5.935793252558104
2017-07-31,377.8500061035156,5.934497307620005
2017-08-02,378.6300048828125,5.936559487834649
2017-08-03,378.92999267578125,5.937351472125308
2017-08-04,382.5299987792969,5.94680707837243
2017-08-07,382.010009765625,5.9454468118382024
2017-08-08,382.6499938964844,5.947120717305282
2017-08-09,379.8399963378906,5.939750101780114
2017-08-10,376.04998779296875,5.92972208081122
2017-08-11,372.1400146484375,5.9192701669222005
2017-08-14,376.1600036621094,5.930014594527269
2017-08-15,376.5,5.930918047239948
2017-08-16,379.0899963378906,5.937773634249803
2017-08-17,376.8699951171875,5.931900287438876
2017-08-18,374.20001220703125,5.924790446461665
2017-08-21,372.7200012207031,5.920827470783663
2017-08-22,375.79998779296875,5.929057054496577
2017-08-23,373.9200134277344,5.9240419067012615
2017-08-24,374.510009765625,5.925618530946206
2017-08-25,374.07000732421875,5.924442965256413
2017-08-28,372.2900085449219,5.919673143411168
2017-08-29,368.4200134277344,5.909223628170882
2017-08-30,371.010009765625,5.916229042743805
2017-08-31,373.8800048828125,5.923934903374222
2017-09-01,376.1400146484375,5.929961453458041
2017-09-04,374.17999267578125,5.924736945483221
2017-09-05,373.7099914550781,5.923480072700997
2017-09-06,373.95001220703125,5.924122131281161
2017-09-07,374.95001220703125,5.926792716303822
2017-09-08,375.510009765625,5.928285128014339
2017-09-11,379.42999267578125,5.93867010729095
2017-09-12,381.4200134277344,5.943901165380961
2017-09-13,381.3399963378906,5.943691356033033
2017-09-14,381.7900085449219,5.944870741606431
2017-09-15,380.7099914550781,5.9420379080009225
2017-09-18,381.95001220703125,5.94528974194713
2017-09-19,382.1199951171875,5.94573468262359
2017-09-20,381.9800109863281,5.9453682799765355
2017-09-21,382.8800048828125,5.947721636912917
2017-09-22,383.2200012207031,5.948609239986937
2017-09-25,383.8999938964844,5.95038208610804
2017-09-26,384.0299987792969,5.950720671357462
2017-09-27,385.6199951171875,5.954852415949011
2017-09-28,386.3599853515625,5.9567695393971345
2017-09-29,388.1600036621094,5.961417635190221
2017-10-02,390.1300048828125,5.966480029429673
2017-10-03,390.7200012207031,5.96799119404658
2017-10-04,390.3999938964844,5.967171838904932
2017-10-05,391.0299987792969,5.968784280262998
2017-10-06,389.4700012207031,5.9647868436558875
2017-10-09,390.2099914550781,5.966685033845494
2017-10-10,390.1600036621094,5.96655692078797
2017-10-11,390.1499938964844,5.966531264918747
2017-10-12,390.2799987792969,5.966864427111987
2017-10-13,391.4200134277344,5.969781186582004
2017-10-16,391.4100036621094,5.969755613301964
2017-10-17,390.44000244140625,5.967274314559726
2017-10-18,391.55999755859375,5.970138754158154
2017-10-19,389.1099853515625,5.9638620423483575
2017-10-20,390.1300048828125,5.966480029429673
2017-10-23,390.739990234375,5.968042352170847
2017-10-24,389.3299865722656,5.964427278550236
2017-10-25,387.1300048828125,5.958760566547705
2017-10-26,391.2699890136719,5.969397830680097
2017-10-27,393.42999267578125,5.974903142692437
2017-10-30,393.9100036621094,5.976122466105529
2017-10-31,395.2200012207031,5.979442574969324
2017-11-01,396.7699890136719,5.983356740024406
2017-11-02,394.94000244140625,5.978733860810878
2017-11-03,396.05999755859375,5.981565708764501
2017-11-06,396.5899963378906,5.9829029922120815
2017-11-07,394.6499938964844,5.97799928068877
2017-11-08,394.45001220703125,5.9774924204880655
2017-11-09,390.07000732421875,5.96632622897396
2017-11-10,388.69000244140625,5.962782117026773
2017-11-13,386.1300048828125,5.95617411297491
2017-11-14,383.8599853515625,5.9502778646168455
2017-11-15,381.9599914550781,5.945315868710754
2017-11-16,384.92999267578125,5.953061480547632
2017-11-17,383.79998779296875,5.950121551767889
2017-11-20,386.3900146484375,5.9568472599973035
2017-11-21,388.1000061035156,5.961263054101518
2017-11-22,387.05999755859375,5.95857971346464
2017-11-23,387.1199951171875,5.958734709871887
2017-11-24,386.6300048828125,5.957468175978835
2017-11-27,384.8699951171875,5.952905602242445
2017-11-28,387.0199890136719,5.9584763428940235
2017-11-29,387.9599914550781,5.960902219500077
2017-11-30,386.69000244140625,5.957623344752812
2017-12-01,383.9700012207031,5.950564427714973
2017-12-04,387.4700012207031,5.959638429591975
2017-12-05,386.739990234375,5.957752607371308
2017-12-06,386.32000732421875,5.956666060524229
2017-12-07,386.4100036621094,5.9568989913979316
2017-12-08,389.25,5.964221810714108
2017-12-11,389.04998779296875,5.963707838686428
2017-12-12,391.6300048828125,5.970317528974449
2017-12-13,390.70001220703125,5.967940033305026
2017-12-14,388.9100036621094,5.963347963798497
2017-12-15,388.19000244140625,5.961494916774754
2017-12-18,392.6600036621094,5.972944106797016
2017-12-19,391.0199890136719,5.968758681475755
2017-12-20,388.3699951171875,5.961958480902626
2017-12-21,390.69000244140625,5.967914412896682
2017-12-22,390.2799987792969,5.966864427111987
2017-12-27,390.5400085449219,5.967530418692112
2017-12-28,389.5400085449219,5.964966577737683
2017-12-29,389.17999267578125,5.964041942710392
2018-01-03,390.2200012207031,5.966710685769996
2018-01-04,393.67999267578125,5.9755383779532245
2018-01-05,397.3500061035156,5.984817519746741
2018-01-08,398.4100036621094,5.987481634988851
2018-01-09,400.1099853515625,5.991739472691386
2018-01-10,398.6000061035156,5.987958423091077
2018-01-11,397.25,5.984565805416826
2018-01-12,398.489990234375,5.987682379305946
2018-01-15,397.8299865722656,5.9860247446051735
2018-01-16,398.3500061035156,5.987331031148368
2018-01-17,397.9700012207031,5.98637662862636
2018-01-18,398.7300109863281,5.988284523654653
2018-01-19,400.8800048828125,5.993662142831704
2018-01-22,402.1099853515625,5.996725646600521
2018-01-23,402.80999755859375,5.9984649806917885
2018-01-24,400.7900085449219,5.993437620679793
2018-01-25,398.55999755859375,5.987858045388303
2018-01-26,400.57000732421875,5.992888551043491
2018-01-29,399.79998779296875,5.9909643915334545
2018-01-30,396.1199951171875,5.981717183326503
2018-01-31,395.4599914550781,5.980049622685133
2018-02-01,393.489990234375,5.975055629755958
2018-02-02,388.07000732421875,5.9611857545955
2018-02-05,382.0,5.945420608606575
2018-02-06,372.7900085449219,5.921015281338873
2018-02-07,380.1300048828125,5.940513312324039
2018-02-08,374.0299987792969,5.924336004837662
2018-02-09,368.6099853515625,5.909739134807925
2018-02-12,372.92999267578125,5.921390714832072
2018-02-13,370.5799865722656,5.915069309619894
2018-02-14,374.5299987792969,5.925671903298681
2018-02-15,376.510009765625,5.930944633249419
2018-02-16,380.6199951171875,5.941801489260305
2018-02-19,378.239990234375,5.935528888959085
2018-02-20,380.510009765625,5.941512483829899
2018-02-21,381.1000061035156,5.943061823895337
2018-02-22,380.3399963378906,5.941065579895615
2018-02-23,381.1600036621094,5.943219244087788
2018-02-26,383.05999755859375,5.9481916285010845
2018-02-27,382.3599853515625,5.946362534884971
2018-02-28,379.6300048828125,5.939197107033535
2018-03-01,374.8599853515625,5.926552583853749
2018-03-02,367.0400085449219,5.905470857221634
2018-03-05,370.8699951171875,5.915851583722997
2018-03-06,371.3699951171875,5.917198857063721
2018-03-07,372.7099914550781,5.920800614430353
2018-03-08,376.6199951171875,5.93123670859267
2018-03-09,378.239990234375,5.935528888959085
2018-03-12,379.20001220703125,5.938063802572405
2018-03-13,375.489990234375,5.928231813683435
2018-03-14,374.94000244140625,5.926766019680504
2018-03-15,376.8800048828125,5.9319268473476665
2018-03-16,377.7099914550781,5.934126682784141
2018-03-19,373.67999267578125,5.92339979659361
2018-03-20,375.57000732421875,5.928444891441288
2018-03-21,374.9599914550781,5.926819330825562
2018-03-22,369.1499938964844,5.911203048971203
2018-03-23,365.82000732421875,5.902141429169153
2018-03-26,363.17999267578125,5.89489855896474
2018-03-27,367.57000732421875,5.906913796631133
2018-03-28,369.260009765625,5.911501029414071
2018-03-29,370.8699951171875,5.915851583722997
2018-04-03,369.07000732421875,5.910986347791483
2018-04-04,367.3299865722656,5.906260590038451
2018-04-05,376.1300048828125,5.929934841296541
2018-04-06,374.82000732421875,5.926445930274163
2018-04-09,375.29998779296875,5.927725673614912
2018-04-10,378.4200134277344,5.936004725387295
2018-04-11,376.17999267578125,5.930067732772674
2018-04-12,378.82000732421875,5.937061177562893
2018-04-13,379.20001220703125,5.938063802572405
2018-04-16,377.739990234375,5.93420610241493
2018-04-17,380.7699890136719,5.942195489448253
2018-04-18,381.8599853515625,5.945054010924563
2018-04-19,381.95001220703125,5.94528974194713
2018-04-20,381.8399963378906,5.94500166310695
2018-04-23,383.17999267578125,5.948504833553542
2018-04-24,383.1099853515625,5.9483221159755475
2018-04-25,380.1700134277344,5.940618556422408
2018-04-26,383.75,5.9499912989014065
2018-04-27,384.6400146484375,5.952307869990287
2018-04-30,385.32000732421875,5.954074176897569
2018-05-02,387.44000244140625,5.9595610043963525
2018-05-03,384.6199951171875,5.952255821187541
2018-05-04,387.0299987792969,5.9585022062511275
2018-05-07,389.510009765625,5.964889563993747
2018-05-08,390.0,5.966146739123692
2018-05-09,392.44000244140625,5.9723836655162845
2018-05-11,392.3999938964844,5.972281712136887
2018-05-14,392.19000244140625,5.971746422466938
2018-05-15,392.3699951171875,5.972205259724762
2018-05-16,393.2099914550781,5.974343798568372
2018-05-17,395.7900085449219,5.980883789153329
2018-05-18,394.6700134277344,5.978050006708808
2018-05-22,396.94000244140625,5.98378514191468
2018-05-23,392.5799865722656,5.972740303905885
2018-05-24,390.5400085449219,5.967530418692112
2018-05-25,391.0799865722656,5.968912108302463
2018-05-28,389.82000732421875,5.965685112909214
2018-05-29,384.4700012207031,5.95186576566972
2018-05-30,385.489990234375,5.954515226996685
2018-05-31,383.05999755859375,5.9481916285010845
2018-06-01,386.9100036621094,5.958192117309426
2018-06-04,388.1099853515625,5.961288766854915
2018-06-05,386.8900146484375,5.958140452762506
2018-06-06,386.8800048828125,5.958114580047428
2018-06-07,385.94000244140625,5.95568192329408
2018-06-08,385.1199951171875,5.953554961356084
2018-06-11,387.94000244140625,5.960850694783403
2018-06-12,387.5299987792969,5.9597932620015595
2018-06-13,388.25,5.961649462028796
2018-06-14,393.0400085449219,5.9739114096009835
2018-06-15,389.1300048828125,5.963913490568715
2018-06-18,385.9100036621094,5.955604191146448
2018-06-19,383.2099914550781,5.948583119491338
2018-06-20,384.2900085449219,5.951397498130349
2018-06-21,380.8500061035156,5.942405612844833
2018-06-22,385.010009765625,5.95326933334104
2018-06-25,377.1700134277344,5.932696049793602
2018-06-26,377.25,5.9329080976479585
2018-06-27,379.9700012207031,5.940092305448133
2018-06-28,376.8699951171875,5.931900287438876
2018-06-29,379.92999267578125,5.9399870059474615
2018-07-02,376.75,5.931581837506605
2018-07-03,379.80999755859375,5.939671121250782
2018-07-04,380.04998779296875,5.940302790892509
2018-07-05,381.5899963378906,5.944346724183054
2018-07-06,382.3599853515625,5.946362534884971
2018-07-09,384.5899963378906,5.952177822254492
2018-07-10,386.25,5.956484828211956
2018-07-11,381.3999938964844,5.943848677163394
2018-07-12,384.3699951171875,5.951605617642677
2018-07-13,385.0299987792969,5.9533212501595285
2018-07-16,384.04998779296875,5.950772720659685
2018-07-17,384.9800109863281,5.953191413423888
2018-07-18,387.05999755859375,5.95857971346464
2018-07-19,386.17999267578125,5.956303563048577
2018-07-20,385.6199951171875,5.954852415949011
2018-07-23,384.8800048828125,5.9529316100777825
2018-07-24,388.17999267578125,5.961469130704482
2018-07-25,387.1700134277344,5.958863907743653
2018-07-26,390.5299987792969,5.96750478778699
2018-07-27,392.0799865722656,5.9714658663538565
2018-07-30,390.9200134277344,5.968502969819694
2018-07-31,391.6099853515625,5.970266409186124
2018-08-02,386.6400146484375,5.957494065423331
2018-08-03,389.1600036621094,5.963990579517519
2018-08-06,388.6600036621094,5.962704934858956
2018-08-07,390.489990234375,5.96740233574858
2018-08-08,389.69000244140625,5.965351557515725
2018-08-09,390.04998779296875,5.9662749047382535
2018-08-10,385.8599853515625,5.955474571411737
2018-08-13,384.9100036621094,5.95300955024063
2018-08-14,384.9200134277344,5.95303555537268
2018-08-15,379.70001220703125,5.939381499386903
2018-08-16,381.42999267578125,5.9439273284483205
2018-08-17,381.05999755859375,5.942956836636057
2018-08-20,383.2300109863281,5.948635359800274
2018-08-21,384.1499938964844,5.951033085425278
2018-08-22,384.0199890136719,5.950694605956031
2018-08-23,383.3800048828125,5.949026677146235
2018-08-24,383.55999755859375,5.949496055920358
2018-08-27,385.57000732421875,5.954722777875695
2018-08-28,385.4599914550781,5.95443740410279
2018-08-29,386.5799865722656,5.957338797643921
2018-08-30,385.3599853515625,5.954177924309619
2018-08-31,382.260009765625,5.9461010309035265
2018-09-03,382.510009765625,5.946754822246075
2018-09-04,379.8299865722656,5.939723748848312
2018-09-05,375.67999267578125,5.928737697703779
2018-09-06,373.4700012207031,5.922837683330348
2018-09-07,373.7699890136719,5.923640605585597
2018-09-10,375.510009765625,5.928285128014339
2018-09-11,375.30999755859375,5.927752344631341
2018-09-12,377.0799865722656,5.932457330918173
2018-09-13,376.5199890136719,5.930971137500415
2018-09-14,377.8500061035156,5.934497307620005
2018-09-17,378.30999755859375,5.935713958883209
2018-09-18,378.7300109863281,5.936823579157141
2018-09-19,379.9800109863281,5.940118648669305
2018-09-20,382.6300048828125,5.947068477566341
2018-09-21,384.2900085449219,5.951397498130349
2018-09-24,382.1400146484375,5.945787071943975
2018-09-25,383.8900146484375,5.95035609137527
2018-09-26,385.0400085449219,5.953347247187151
2018-09-27,386.3800048828125,5.9568213538017405
2018-09-28,383.17999267578125,5.948504833553542
2018-10-01,383.94000244140625,5.950486296738246
2018-10-02,381.94000244140625,5.945263534599388
2018-10-03,383.8399963378906,5.950225789550666
2018-10-04,379.67999267578125,5.939328773396949
2018-10-05,376.4100036621094,5.930678984568762
2018-10-08,372.2099914550781,5.919458188165629
2018-10-09,372.92999267578125,5.921390714832072
2018-10-10,366.92999267578125,5.905171074206574
2018-10-11,359.6499938964844,5.885131319342656
2018-10-12,358.95001220703125,5.883183137030101
2018-10-15,359.30999755859375,5.884185518832818
2018-10-16,364.989990234375,5.899869929191035
2018-10-17,363.5400085449219,5.895889355689716
2018-10-18,361.6700134277344,5.8907322309808725
2018-10-19,361.239990234375,5.889542530348978
2018-10-22,359.739990234375,5.885381521153483
2018-10-23,354.05999755859375,5.869466383401673
2018-10-24,353.2699890136719,5.867232605989672
2018-10-25,355.07000732421875,5.87231497376351
2018-10-26,352.3399963378906,5.864596608105313
2018-10-29,355.510009765625,5.873553405712229
2018-10-30,355.5299987792969,5.873609630434992
2018-10-31,361.6099853515625,5.890566242493949
2018-11-01,363.0799865722656,5.894623158675572
2018-11-02,364.0799865722656,5.897373586827111
2018-11-05,363.5,5.895779296973574
2018-11-06,362.54998779296875,5.8931623621476765
2018-11-07,366.3900146484375,5.903698379831557
2018-11-08,367.0799865722656,5.905579771370953
2018-11-09,365.739990234375,5.901922671745483
2018-11-12,362.0299987792969,5.891727077948348
2018-11-13,364.44000244140625,5.89836193554472
2018-11-14,362.2699890136719,5.892389759840388
2018-11-15,358.42999267578125,5.881733362520652
2018-11-16,357.7099914550781,5.879722578374387
2018-11-19,355.1099853515625,5.872427559383489
2018-11-20,351.05999755859375,5.860957142073815
2018-11-21,355.07000732421875,5.87231497376351
2018-11-22,352.57000732421875,5.865249204871699
2018-11-23,353.9800109863281,5.8692404453991855
2018-11-26,358.3299865722656,5.881454312051709
2018-11-27,357.3999938964844,5.87885558564778
2018-11-28,357.3900146484375,5.87882766346664
2018-11-29,358.1000061035156,5.880812294048552
2018-11-30,357.489990234375,5.879107362397668
2018-12-03,361.17999267578125,5.889376428745614
2018-12-04,358.42999267578125,5.881733362520652
2018-12-05,354.2699890136719,5.870059303270127
2018-12-06,343.30999755859375,5.838633821969683
2018-12-07,345.45001220703125,5.8448479502714115
2018-12-10,338.989990234375,5.8259705796122825
2018-12-11,344.17999267578125,5.841164755056566
2018-12-12,350.0,5.857933154483459
2018-12-13,349.4200134277344,5.856274675474935
2018-12-14,347.2099914550781,5.849929759604507
2018-12-17,343.260009765625,5.838488205958137
2018-12-18,340.4599914550781,5.830297619288257
2018-12-19,341.5199890136719,5.83340621028079
2018-12-20,336.5799865722656,5.818835822390297
2018-12-21,336.6700134277344,5.819103261992244
2018-12-27,329.5799865722656,5.797819075840626
2018-12-28,336.2300109863281,5.817795482268204
2019-01-03,333.9200134277344,5.810901483541319
2019-01-04,343.3800048828125,5.838837719868917
2019-01-07,342.8800048828125,5.837380545965853
2019-01-08,345.8500061035156,5.846005172694463
2019-01-09,347.70001220703125,5.851340074121756
2019-01-10,348.8800048828125,5.85472803753019
2019-01-11,349.20001220703125,5.855644858922581
2019-01-14,347.510009765625,5.850793469670924
2019-01-15,348.7099914550781,5.854240606712681
2019-01-16,350.5899963378906,5.859617439101997
2019-01-17,350.7300109863281,5.860016728011012
2019-01-18,357.04998779296875,5.877875793806542
2019-01-21,356.3599853515625,5.8759414147467135
2019-01-22,355.0899963378906,5.87237126815794
2019-01-23,354.8900146484375,5.871807923580212
2019-01-24,355.6700134277344,5.874003372414304
2019-01-25,357.8399963378906,5.880085948890663
2019-01-28,354.3800048828125,5.870369797508388
2019-01-29,357.2300109863281,5.878379862792034
2019-01-30,358.510009765625,5.881956580892911
2019-01-31,358.6700134277344,5.882402783128304
2019-02-01,359.7099914550781,5.885298127505341
2019-02-04,359.9200134277344,5.885881821840469
2019-02-05,364.989990234375,5.899869929191035
2019-02-06,365.5199890136719,5.901320967198307
2019-02-07,360.0799865722656,5.886326191693701
2019-02-08,358.07000732421875,5.880728518468028
2019-02-11,361.1199951171875,5.889210299547924
2019-02-12,362.7799987792969,5.8937965865649655
2019-02-13,364.9700012207031,5.899815161768407
2019-02-14,363.79998779296875,5.896604232529785
2019-02-15,368.94000244140625,5.910634035810786
2019-02-18,369.7799987792969,5.912908230901047
2019-02-19,368.9700012207031,5.910715343230836
2019-02-20,371.4599914550781,5.9174411637555835
2019-02-21,370.4100036621094,5.914610510134399
2019-02-22,371.2300109863281,5.916821846206283
2019-02-25,372.17999267578125,5.919377588533843
2019-02-26,373.6400146484375,5.9232928062093295
2019-02-27,372.5799865722656,5.920451743821693
2019-02-28,372.79998779296875,5.921042050067253
2019-03-01,374.239990234375,5.924897276741317
2019-03-04,375.0899963378906,5.927165987411736
2019-03-05,375.6400146484375,5.928631276932359
2019-03-06,375.4800109863281,5.928205236728213
2019-03-07,373.8800048828125,5.923934903374222
2019-03-08,370.57000732421875,5.915042380528266
2019-03-11,373.4700012207031,5.922837683330348
2019-03-12,373.25,5.9222484364192995
2019-03-13,375.6000061035156,5.928524763584149
2019-03-14,378.5199890136719,5.936268882615599
2019-03-15,381.1000061035156,5.943061823895337
2019-03-18,382.1099853515625,5.945708486934121
2019-03-19,384.2900085449219,5.951397498130349
2019-03-20,380.8399963378906,5.942379329801617
2019-03-21,380.69000244140625,5.941985402054412
2019-03-22,376.0299987792969,5.9296689241948135
2019-03-25,374.3299865722656,5.925137725439803
2019-03-26,377.20001220703125,5.9327755831215265
2019-03-27,377.2799987792969,5.93298761411347
2019-03-28,376.8399963378906,5.931820684462525
2019-03-29,379.0899963378906,5.937773634249803
2019-04-01,383.6700134277344,5.949782843111472
2019-04-02,385.0299987792969,5.9533212501595285
2019-04-03,388.9200134277344,5.9633737014671535
2019-04-04,387.8699951171875,5.9606702193457854
2019-04-05,388.2300109863281,5.961597975800192
2019-04-08,387.510009765625,5.959741680112996
2019-04-09,385.67999267578125,5.955007991106964
2019-04-10,386.67999267578125,5.957597458655113
2019-04-11,386.9100036621094,5.958192117309426
2019-04-12,387.5299987792969,5.9597932620015595
2019-04-15,388.1000061035156,5.961263054101518
2019-04-16,389.2099914550781,5.964119021757973
2019-04-17,389.5899963378906,5.965094894687932
2019-04-18,390.4599914550781,5.967325509370412
2019-04-23,391.3500061035156,5.969602315846901
2019-04-24,390.9800109863281,5.968656435881436
2019-04-25,390.1499938964844,5.966531264918747
2019-04-26,391.010009765625,5.968733160081274
2019-04-29,391.32000732421875,5.969525658305927
2019-04-30,391.3500061035156,5.969602315846901
2019-05-02,388.8399963378906,5.9631679385348315
2019-05-03,390.3699951171875,5.967094994815805
2019-05-06,386.95001220703125,5.9582955172632595
2019-05-07,381.6400146484375,5.944477794266512
2019-05-08,382.2300109863281,5.946022550404114
2019-05-09,375.9200134277344,5.929376390514219
2019-05-10,377.1400146484375,5.932616510139624
2019-05-13,372.57000732421875,5.920424959286689
2019-05-14,376.3399963378906,5.930492980385645
2019-05-15,378.05999755859375,5.935052906724297
2019-05-16,382.8800048828125,5.947721636912917
2019-05-17,381.510009765625,5.944137088298063
2019-05-20,377.4599914550781,5.93346458017204
2019-05-21,379.5,5.938854596835685
2019-05-22,379.19000244140625,5.938037405163598
2019-05-23,373.7900085449219,5.923694165249891
2019-05-24,375.8900146484375,5.929296586366383
2019-05-27,376.7099914550781,5.931475637985958
2019-05-28,375.8999938964844,5.9293231343330595
2019-05-29,370.510009765625,5.91488046128246
2019-05-31,369.05999755859375,5.91095922583313
2019-06-03,370.489990234375,5.91482642745991
2019-06-04,372.6700134277344,5.920693345581926
2019-06-05,374.0799865722656,5.924469642388348
2019-06-06,374.010009765625,5.924282561135591
2019-06-07,377.4800109863281,5.93351761625753
2019-06-11,380.8900146484375,5.9425106579885005
2019-06-12,379.739990234375,5.93948678229866
2019-06-13,380.3299865722656,5.941039261608183
2019-06-14,378.80999755859375,5.937034753673762
2019-06-17,378.4599914550781,5.936110364397766
2019-06-18,384.7799987792969,5.952671739216356
2019-06-19,384.7699890136719,5.952645724621374
2019-06-20,386.1600036621094,5.956251800835637
2019-06-21,384.760009765625,5.952619788665496
2019-06-24,383.7900085449219,5.950095550261629
2019-06-25,383.3999938964844,5.949078814692098
2019-06-26,382.20001220703125,5.94594406374503
2019-06-27,382.2099914550781,5.945970173419156
2019-06-28,384.8699951171875,5.952905602242445
2019-07-01,387.8699951171875,5.9606702193457854
2019-07-02,389.2900085449219,5.964324589105758
2019-07-03,392.5799865722656,5.972740303905885
2019-07-04,392.94000244140625,5.973656934671196
2019-07-05,390.1099853515625,5.966428713087252
2019-07-08,389.8999938964844,5.965890280334498
2019-07-09,387.9200134277344,5.960799167411796
2019-07-10,387.1499938964844,5.958812199067485
2019-07-11,386.70001220703125,5.957649230180438
2019-07-12,386.8500061035156,5.958037036772937
2019-07-15,387.75,5.960360802056648
2019-07-16,389.1000061035156,5.963836395676747
2019-07-17,387.6600036621094,5.960128676244834
2019-07-18,386.79998779296875,5.957907732020113
2019-07-19,387.25,5.959070479296978
2019-07-22,387.739990234375,5.960334986725047
2019-07-23,391.5400085449219,5.970087703172276
2019-07-24,391.7300109863281,5.970572855011094
2019-07-25,389.5199890136719,5.9649151836696594
2019-07-26,390.7300109863281,5.9680168124878605
2019-07-29,390.8500061035156,5.968323870282345
2019-07-30,385.1099853515625,5.953528969727922
2019-07-31,385.7699890136719,5.955241308471497
2019-08-02,378.1499938964844,5.935290926161577
2019-08-05,369.42999267578125,5.911961257419309
2019-08-06,367.7099914550781,5.907294560782974
2019-08-07,368.6000061035156,5.909712061794365
2019-08-08,374.7099914550781,5.926152370656509
2019-08-09,371.55999755859375,5.917710351948628
2019-08-12,370.4100036621094,5.914610510134399
2019-08-13,372.3999938964844,5.919968529013235
2019-08-14,366.1600036621094,5.903070406346778
2019-08-15,365.0899963378906,5.90014388849955
2019-08-16,369.6300048828125,5.912502518514687
2019-08-19,373.8599853515625,5.923881356602573
2019-08-20,371.29998779296875,5.91701032830657
2019-08-21,375.79998779296875,5.929057054496577
2019-08-22,374.2900085449219,5.925030920845636
2019-08-23,371.3599853515625,5.917171903080743
2019-08-26,371.2799987792969,5.916956491645097
2019-08-27,373.6199951171875,5.923239225043488
2019-08-28,372.8599853515625,5.921202974780619
2019-08-29,376.739990234375,5.931555268432681
2019-08-30,379.4800109863281,5.938801923475682
2019-09-02,380.69000244140625,5.941985402054412
2019-09-03,379.80999755859375,5.939671121250782
2019-09-04,383.17999267578125,5.948504833553542
2019-09-05,385.9200134277344,5.955630128892853
2019-09-06,387.1400146484375,5.9587864225549705
2019-09-09,386.05999755859375,5.9559927914758255
2019-09-10,386.44000244140625,5.956976622966994
2019-09-11,389.7099914550781,5.965402850853762
2019-09-12,390.4800109863281,5.9673767797143356
2019-09-13,391.7900085449219,5.970726003768536
2019-09-16,389.5299987792969,5.96494088103384
2019-09-17,389.3299865722656,5.964427278550236
2019-09-18,389.4100036621094,5.964632782546766
2019-09-19,391.79998779296875,5.970751474354158
2019-09-20,392.95001220703125,5.973682408377284
2019-09-23,389.79998779296875,5.96563375575732
2019-09-24,389.8399963378906,5.965736389141373
2019-09-25,387.5899963378906,5.959948070441778
2019-09-26,389.95001220703125,5.9660185570806
2019-09-27,391.7900085449219,5.970726003768536
2019-09-30,393.1499938964844,5.974191202912876
2019-10-01,387.989990234375,5.960979540925477
2019-10-02,377.5199890136719,5.933623518316818
2019-10-03,377.4599914550781,5.93346458017204
2019-10-04,380.2200012207031,5.940750035773998
2019-10-07,382.9100036621094,5.947799984185608
2019-10-08,378.7099914550781,5.936770718122101
2019-10-09,380.29998779296875,5.9409603828357875
2019-10-10,382.760009765625,5.947408186424765
2019-10-11,391.6099853515625,5.970266409186124
2019-10-14,389.69000244140625,5.965351557515725
2019-10-15,394.0199890136719,5.97640164154827
2019-10-16,393.4599914550781,5.974979389130735
2019-10-17,393.0799865722656,5.974013119333916
2019-10-18,391.8399963378906,5.970853583857927
2019-10-21,394.2200012207031,5.976909132195286
2019-10-22,394.5899963378906,5.977847241868001
2019-10-23,395.0299987792969,5.97896170829405
2019-10-24,397.3699951171875,5.984867824290846
2019-10-25,398.010009765625,5.986477155133064
2019-10-28,398.989990234375,5.988936329443284
2019-10-29,398.3699951171875,5.987381209413368
2019-10-30,398.70001220703125,5.988209285004393
2019-10-31,396.75,5.983306359406519
2019-11-01,399.42999267578125,5.990038512493226
2019-11-04,403.4100036621094,5.999953423581773
2019-11-05,404.2300109863281,6.0019840500765405
2019-11-06,405.07000732421875,6.004059909759051
2019-11-07,406.55999755859375,6.007731513566821
2019-11-08,405.4200134277344,6.00492359991269
2019-11-11,405.3399963378906,6.004726212056506
2019-11-12,406.8999938964844,6.008567440007606
2019-11-13,405.8599853515625,6.0060082364564815
2019-11-14,404.4100036621094,6.002429223888109
2019-11-15,406.0400085449219,6.006451697960762
2019-11-18,405.989990234375,6.006328504702668
2019-11-19,405.5,6.005120873555468
2019-11-20,403.82000732421875,6.000969252259563
2019-11-21,402.2200012207031,5.996999205641371
2019-11-22,403.9800109863281,6.001365398980472
2019-11-25,408.0899963378906,6.011487729339669
2019-11-26,408.489990234375,6.0124674102896165
2019-11-27,409.80999755859375,6.015693631697051
2019-11-28,409.25,6.014326216251244
2019-11-29,407.42999267578125,6.009869120807456
2019-12-02,401.010009765625,5.993986389004063
2019-12-03,398.4800109863281,5.987657336335616
2019-12-04,403.19000244140625,5.999407920917518
2019-12-05,402.6600036621094,5.998092542492996
2019-12-06,407.3500061035156,6.009672781740118
2019-12-09,406.3900146484375,6.00731332570759
2019-12-10,405.3399963378906,6.004726212056506
2019-12-11,406.2200012207031,6.006894887768369
2019-12-12,407.5799865722656,6.010237199486237
2019-12-13,412.0199890136719,6.021071865196089
2019-12-16,417.75,6.0348831674755035
2019-12-17,414.9200134277344,6.028085762925851
2019-12-18,414.3800048828125,6.0267834390157535
2019-12-19,415.07000732421875,6.028447198351259
2019-12-20,418.3999938964844,6.03643789816296
2019-12-23,418.2699890136719,6.0361271307480555
2019-12-27,419.739990234375,6.039635448703384
2019-12-30,416.1700134277344,6.031093862896197
2020-01-03,418.3299865722656,6.036270562640112
2020-01-06,416.6300048828125,6.032198549475791
2020-01-07,417.6700134277344,6.034691679191228
2020-01-08,418.3599853515625,6.0363422708721135
2020-01-09,419.6400146484375,6.039397235770437
2020-01-10,419.1400146484375,6.03820502794059
2020-01-13,418.3900146484375,6.036414046902919
2020-01-14,419.5899963378906,6.0392780352891595
2020-01-15,419.6300048828125,6.039373382265861
2020-01-16,420.5400085449219,6.041539620059216
2020-01-17,424.55999755859375,6.051053332769201
2020-01-20,423.9800109863281,6.04968631022048
2020-01-21,423.3800048828125,6.048270132462365
2020-01-22,423.0400085449219,6.047466757422117
2020-01-23,420.0299987792969,6.040326134391715
2020-01-24,423.6400146484375,6.048884072553028
2020-01-27,414.07000732421875,6.026035059346506
2020-01-28,417.55999755859375,6.034428240693258
2020-01-29,419.4100036621094,6.038848970501215
2020-01-30,415.1600036621094,6.0286639969180476
2020-01-31,410.7099914550781,6.017887348533842
2020-02-03,411.7200012207031,6.020343509623245
2020-02-04,418.4700012207031,6.036605205689316
2020-02-05,423.6199951171875,6.048836815439454
2020-02-06,425.489990234375,6.053241423023146
2020-02-07,424.3599853515625,6.050582117072177
2020-02-10,424.6400146484375,6.0512417856399745
2020-02-11,428.4800109863281,6.060244088143043
2020-02-12,431.1600036621094,6.066479259407048
2020-02-13,431.0799865722656,6.066293656579576
2020-02-14,430.5199890136719,6.0649937548773565
2020-02-17,431.9800109863281,6.0683793163086
2020-02-18,430.3299865722656,6.064552325011805
2020-02-19,433.8999938964844,6.072814078737664
2020-02-20,430.19000244140625,6.064226977236317
2020-02-21,428.07000732421875,6.059286750720456
2020-02-24,411.8599853515625,6.020683450210655
2020-02-25,404.6000061035156,6.002898939818953
2020-02-26,404.6199951171875,6.002948342981618
2020-02-27,389.45001220703125,5.96473551871024
2020-02-28,375.6499938964844,5.928657842567291
2020-03-02,375.9700012207031,5.929509356219492
2020-03-03,381.1300048828125,5.943140537089202
2020-03-04,386.29998779296875,5.956614238072361
2020-03-05,380.760009765625,5.9421692810308215
2020-03-06,366.79998779296875,5.9048167071025075
2020-03-09,339.5,5.827473946998751
2020-03-10,335.6400146484375,5.816039200645169
2020-03-11,333.1700134277344,5.808652910527748
2020-03-12,294.92999267578125,5.686738015213189
2020-03-13,299.1600036621094,5.700978559564773
2020-03-16,284.6300048828125,5.651190108358642
2020-03-17,291.07000732421875,5.673563813235283
2020-03-18,279.6600036621094,5.633574592707568
2020-03-19,287.79998779296875,5.662265752038286
2020-03-20,293.0400085449219,5.680309147630133
2020-03-23,280.42999267578125,5.636324113333862
2020-03-24,304.0,5.717027701406222
2020-03-25,313.3800048828125,5.747416527257386
2020-03-26,321.3800048828125,5.772624238806875
2020-03-27,310.8999938964844,5.739471297432943
2020-03-30,314.8800048828125,5.752191629370788
2020-03-31,320.05999755859375,5.76850847058988
2020-04-01,310.7699890136719,5.7390530533861615
2020-04-02,312.0799865722656,5.743259522171822
2020-04-03,309.05999755859375,5.7335354249060915
2020-04-06,320.5799865722656,5.770131813311982
2020-04-07,326.6099853515625,5.788766753711261
2020-04-08,326.6700134277344,5.788950528130968
2020-04-09,331.79998779296875,5.804532340966015
2020-04-14,333.9100036621094,5.810871506555051
2020-04-15,323.05999755859375,5.777838056928482
2020-04-16,324.9200134277344,5.78357903950903
2020-04-17,333.4700012207031,5.809552909947603
2020-04-20,335.70001220703125,5.816217940348905
2020-04-21,324.30999755859375,5.781699840955868
2020-04-22,330.1400146484375,5.799516851289774
2020-04-23,333.239990234375,5.808862921801627
2020-04-24,329.5899963378906,5.797849446658124
2020-04-27,335.44000244140625,5.815443110140728
2020-04-28,341.0899963378906,5.832146361342501
2020-04-29,347.05999755859375,5.849497668627821
2020-04-30,340.0299987792969,5.829033845421834
2020-05-04,328.44000244140625,5.7943541802739285
2020-05-05,335.5,5.815621956411737
2020-05-06,334.3399963378906,5.8121584283212355
2020-05-07,337.9800109863281,5.82298675464053
2020-05-08,341.04998779296875,5.832029058308231
2020-05-11,339.70001220703125,5.828062911101278
2020-05-12,340.57000732421875,5.830620705996023
2020-05-13,333.9700012207031,5.811051172238457
2020-05-14,326.7099914550781,5.789072901105638
2020-05-15,328.239990234375,5.793745018382452
2020-05-18,341.5899963378906,5.833611176760464
2020-05-19,339.489990234375,5.827444462718365
2020-05-20,342.82000732421875,5.83720554944353
2020-05-22,340.1700134277344,5.829445532125457
2020-05-25,345.17999267578125,5.844065998884708
2020-05-26,348.9200134277344,5.854842708048722
2020-05-27,349.75,5.857218613545591
2020-05-28,355.4700012207031,5.873440860930812
2020-05-29,350.3599853515625,5.858961155485213
2020-06-02,359.7699890136719,5.8854649078477035
2020-06-03,368.9200134277344,5.910579854764933
2020-06-04,366.25,5.903316160331277
2020-06-05,375.32000732421875,5.927779014936446
2020-06-08,374.1199951171875,5.924576588514889
2020-06-09,369.5400085449219,5.9122590120501375
2020-06-10,368.1499938964844,5.9084904472358435
2020-06-11,353.07000732421875,5.866666358302062
2020-06-12,354.05999755859375,5.869466383401673
2020-06-15,353.0899963378906,5.866722971572634
2020-06-16,363.3299865722656,5.895311475243662
2020-06-17,366.0199890136719,5.902687946701486
2020-06-18,363.4100036621094,5.895531683547161
2020-06-19,365.4599914550781,5.90115681069517
2020-06-22,362.70001220703125,5.893576079944856
2020-06-23,367.3999938964844,5.906451156168299
2020-06-24,357.1700134277344,5.878211896507923
2020-06-25,359.739990234375,5.885381521153483
2020-06-26,358.32000732421875,5.881426462339485
2020-06-29,359.8900146484375,5.88579846990553
2020-06-30,360.3399963378906,5.8870480200246265
2020-07-01,361.19000244140625,5.889404142426119
2020-07-02,368.2900085449219,5.908870694505574
2020-07-03,365.42999267578125,5.901074722337237
2020-07-06,371.2099914550781,5.916767917185247
2020-07-07,368.9599914550781,5.910688213921214
2020-07-08,366.4800109863281,5.903943979556461
2020-07-09,363.6400146484375,5.896164407536457
2020-07-10,366.8299865722656,5.904898488873596
2020-07-13,370.5,5.914853444736141
2020-07-14,367.3999938964844,5.906451156168299
2020-07-15,373.8699951171875,5.923908130346804
2020-07-16,372.1300048828125,5.9192432687122425
2020-07-17,372.7099914550781,5.920800614430353
2020-07-20,375.510009765625,5.928285128014339
2020-07-21,376.70001220703125,5.931449147103175
2020-07-22,373.44000244140625,5.922757355635804
2020-07-23,373.6499938964844,5.923319514041452
2020-07-24,367.2900085449219,5.906151750018716
2020-07-27,366.1499938964844,5.903043068837638
2020-07-28,367.67999267578125,5.9072129747403
2020-07-29,367.45001220703125,5.906587288195811
2020-07-30,359.5199890136719,5.884769777878696
2020-07-31,356.3299865722656,5.875857230092807
2020-08-03,363.6400146484375,5.896164407536457
2020-08-04,363.3900146484375,5.895476678007333
2020-08-05,365.1600036621094,5.900335623725661
2020-08-06,362.489990234375,5.892996860766928
2020-08-07,363.54998779296875,5.8959168055187545
2020-08-10,364.6499938964844,5.898937972692231
2020-08-11,370.760009765625,5.91555497934711
2020-08-12,374.8800048828125,5.9266059877844866
2020-08-13,372.5299987792969,5.920317568212651
2020-08-14,368.07000732421875,5.908273157370184
2020-08-17,369.260009765625,5.911501029414071
2020-08-18,367.17999267578125,5.9058521710848435
2020-08-19,369.5799865722656,5.912367189416862
2020-08-20,365.6400146484375,5.901649282848076
2020-08-21,365.0899963378906,5.90014388849955
2020-08-24,370.8500061035156,5.915797684640745
2020-08-25,369.75,5.912827101590909
2020-08-26,373.1199951171875,5.921900070635632
2020-08-27,370.7200012207031,5.915447063976856
2020-08-28,368.79998779296875,5.910254458583113
2020-08-31,366.510009765625,5.904025832728985
2020-09-01,365.2300109863281,5.90052732219642
2020-09-02,371.2799987792969,5.916956491645097
2020-09-03,366.0799865722656,5.9028518520715965
2020-09-04,361.92999267578125,5.891450802725043
2020-09-07,367.9700012207031,5.9080014164241215
2020-09-08,363.75,5.8964668184857025
2020-09-09,369.6499938964844,5.912556595491502
2020-09-10,367.4800109863281,5.9066689252996625
2020-09-11,367.9599914550781,5.907974213386535
2020-09-14,368.510009765625,5.909467874803549
2020-09-15,370.9599914550781,5.916094217048587
2020-09-16,373.1300048828125,5.921926897478181
2020-09-17,371.2300109863281,5.916821846206283
2020-09-18,368.7799987792969,5.910200256966906
2020-09-21,356.82000732421875,5.877231473472926
2020-09-22,357.54998779296875,5.879275178353637
2020-09-23,359.5299987792969,5.884797619519182
2020-09-24,355.8500061035156,5.8745093108972135
2020-09-25,355.510009765625,5.873553405712229
2020-09-28,363.3900146484375,5.895476678007333
2020-09-29,361.489990234375,5.890234351683991
2020-09-30,361.0899963378906,5.889127224598341
2020-10-01,361.79998779296875,5.891091539221472
2020-10-02,362.69000244140625,5.893548481644842
2020-10-05,365.6300048828125,5.901621906460809
2020-10-06,365.8800048828125,5.902305424133557
2020-10-07,365.45001220703125,5.90112950432914
2020-10-08,368.30999755859375,5.908924968232186
2020-10-09,370.3500061035156,5.914448520939697
2020-10-12,373.0,5.921578419643816
2020-10-13,370.9599914550781,5.916094217048587
2020-10-14,370.6199951171875,5.915177265761149
2020-10-15,362.9100036621094,5.894154879730824
2020-10-16,367.4800109863281,5.9066689252996625
2020-10-19,366.80999755859375,5.904843996168429
2020-10-20,365.510009765625,5.901293665314488
2020-10-21,360.7900085449219,5.888296095302036
2020-10-22,360.2699890136719,5.886853719845994
2020-10-23,362.5,5.893024474294729
2020-10-26,355.95001220703125,5.874790305844112
2020-10-27,352.5799865722656,5.865277508773376
2020-10-28,342.1700134277344,5.835307728827509
2020-10-29,341.760009765625,5.834108764906286
2020-10-30,342.3599853515625,5.835862772226758
2020-11-02,347.8599853515625,5.851800057869855
2020-11-03,356.010009765625,5.874958847775917
2020-11-04,363.30999755859375,5.895256457589491
2020-11-05,367.1199951171875,5.905688756786261
2020-11-06,366.3999938964844,5.903725616141909
2020-11-09,380.989990234375,5.942773102430855
2020-11-10,384.4200134277344,5.951735739808838
2020-11-11,388.55999755859375,5.962447591754274
2020-11-12,385.1600036621094,5.953658841880104
2020-11-13,385.17999267578125,5.9537107384810115
2020-11-16,389.739990234375,5.965479825079219
2020-11-17,388.82000732421875,5.963116530429536
2020-11-18,390.5400085449219,5.967530418692112
2020-11-19,387.6000061035156,5.9599738957635555
2020-11-20,389.6099853515625,5.965146201192414
2020-11-23,388.8399963378906,5.9631679385348315
2020-11-24,392.3900146484375,5.972256280498006
2020-11-25,392.0899963378906,5.971491395935053
2020-11-26,391.6300048828125,5.970317528974449
2020-11-27,393.2300109863281,5.974394710351069
2020-11-30,389.3599853515625,5.964504327903364
2020-12-01,391.8999938964844,5.97100668963142
2020-12-02,391.69000244140625,5.970470716836753
2020-12-03,391.7200012207031,5.970547301968859
2020-12-04,394.0400085449219,5.976452448672895
2020-12-07,392.8399963378906,5.973402394967434
2020-12-08,393.6400146484375,5.975436823243561
2020-12-09,394.8999938964844,5.9786325528367525
2020-12-10,393.1499938964844,5.974191202912876
2020-12-11,390.1199951171875,5.966454371587633
2020-12-14,391.8500061035156,5.970879129075026
2020-12-15,392.8399963378906,5.973402394967434
2020-12-16,396.0799865722656,5.981616177151595
2020-12-17,397.2799987792969,5.9846413186872045
2020-12-18,395.8999938964844,5.981161638695274
2020-12-21,386.69000244140625,5.957623344752812
2020-12-22,391.25,5.969346741854363
2020-12-23,395.489990234375,5.980125477745518
2020-12-28,398.5799865722656,5.987908197216273
2020-12-29,401.6099853515625,5.995481431991631
2020-12-30,400.25,5.992089351876824
2021-01-04,401.69000244140625,5.995680652933556
2021-01-05,400.94000244140625,5.993811796265536
2021-01-06,406.4100036621094,6.007362511271629
2021-01-07,408.489990234375,6.0124674102896165
2021-01-08,411.1700134277344,6.019006786938384
2021-01-11,408.4100036621094,6.012271580755723
2021-01-12,408.6099853515625,6.012761120047627
2021-01-13,409.07000732421875,6.013886308447273
2021-01-14,412.0,6.021023349349527
2021-01-15,407.8500061035156,6.010899474711688
2021-01-18,408.67999267578125,6.012932435801575
2021-01-19,407.9200134277344,6.011071109664468
2021-01-20,410.8399963378906,6.018203835383892
2021-01-21,410.8900146484375,6.018325574422116
2021-01-22,408.5400085449219,6.012589849638683
2021-01-25,405.1300048828125,6.004208015307803
2021-01-26,407.70001220703125,6.010531639766417
2021-01-27,402.9800109863281,5.998886960186333
2021-01-28,403.3900146484375,5.999903872235163
2021-01-29,395.8500061035156,5.981035367036202
2021-02-01,400.7699890136719,5.99338766925678
2021-02-02,405.9200134277344,6.006156128930726
2021-02-03,407.2699890136719,6.009476329184127
2021-02-04,409.5400085449219,6.015034599485096
2021-02-05,409.5400085449219,6.015034599485096
2021-02-08,410.7799987792969,6.018057788405831
2021-02-09,410.4200134277344,6.017181058329674
2021-02-10,409.4700012207031,6.014863643517392
2021-02-11,411.3500061035156,6.019444448452707
2021-02-12,414.0,6.025865973825314
2021-02-15,419.4700012207031,6.038992012553348
2021-02-16,419.20001220703125,6.038348162126659
2021-02-17,416.1000061035156,6.030925630657282
2021-02-18,412.70001220703125,6.022720966336998
2021-02-19,414.8800048828125,6.027989333559571
2021-02-22,413.05999755859375,6.0235928549489675
2021-02-23,411.32000732421875,6.019371518167609
2021-02-24,413.2099914550781,6.023955917628543
2021-02-25,411.7300109863281,6.02036782139804
2021-02-26,404.989990234375,6.003862351330428
2021-03-01,412.44000244140625,6.022090746569164
2021-03-02,413.2300109863281,6.024004365262236
2021-03-03,413.4200134277344,6.024464057850733
2021-03-04,411.9100036621094,6.020804887775207
2021-03-05,408.67999267578125,6.012932435801575
2021-03-08,417.25,6.033685562541945
2021-03-09,420.4100036621094,6.041230434300346
2021-03-10,422.1099853515625,6.045265908873399
2021-03-11,424.1700134277344,6.050134349928351
2021-03-12,423.0799865722656,6.047561254721801
2021-03-15,423.0799865722656,6.047561254721801
2021-03-16,426.82000732421875,6.056362395845795
2021-03-17,424.9100036621094,6.051877390411776
2021-03-18,426.5899963378906,6.055823356015209
2021-03-19,423.3500061035156,6.048199274505472
2021-03-22,424.1700134277344,6.050134349928351
2021-03-23,423.30999755859375,6.048104765387813
2021-03-24,423.3900146484375,6.048293774692001
2021-03-25,423.0799865722656,6.047561254721801
2021-03-26,426.92999267578125,6.056620048208129
2021-03-29,427.6099853515625,6.058211530963273
2021-03-30,430.6499938964844,6.065295681062384
2021-03-31,429.6000061035156,6.062854557402093
2021-04-01,432.2200012207031,6.068934720699144
2021-04-06,435.260009765625,6.075943576122223
2021-04-07,434.32000732421875,6.073781606460842
2021-04-08,436.8599853515625,6.07961274410348
2021-04-09,437.2300109863281,6.080459397556601
2021-04-12,435.239990234375,6.075897580645478
2021-04-13,435.75,6.07706868440013
2021-04-14,436.57000732421875,6.078948745751169
2021-04-15,438.54998779296875,6.083473802562408
2021-04-16,442.489990234375,6.0924178432528615
2021-04-19,442.17999267578125,6.091717022433188
2021-04-20,433.79998779296875,6.0725835702530055
2021-04-21,436.6400146484375,6.079109090508116
2021-04-22,439.6300048828125,6.085933475165653
2021-04-23,439.0400085449219,6.084590544560207
2021-04-26,440.20001220703125,6.087229196823009
2021-04-27,439.8500061035156,6.08643377357504
2021-04-28,439.9200134277344,6.086592922722686
2021-04-29,438.7699890136719,6.083975332747816
2021-04-30,437.3900146484375,6.080825279103341
2021-05-03,439.9200134277344,6.086592922722686
2021-05-04,433.6499938964844,6.072237743055714
2021-05-05,441.54998779296875,6.090291236268947
2021-05-06,441.0199890136719,6.089090200981243
2021-05-07,444.92999267578125,6.097916949960473
2021-05-10,445.3900146484375,6.098950335731453
2021-05-11,436.6099853515625,6.0790403145633425
2021-05-12,437.92999267578125,6.08205906352806
2021-05-14,442.5299987792969,6.0925082560016035
2021-05-17,442.2900085449219,6.091965794849564
2021-05-18,443.0400085449219,6.093660078709672
2021-05-19,436.3399963378906,6.07842174757109
2021-05-20,441.8999938964844,6.09108359832471
2021-05-21,444.44000244140625,6.096815068209027
2021-05-25,445.20001220703125,6.098523646820597
2021-05-26,445.2200012207031,6.098568544763981
2021-05-27,446.44000244140625,6.101305018256125
2021-05-28,448.9800109863281,6.106978367789849
2021-05-31,446.760009765625,6.102021559531398
2021-06-01,450.1000061035156,6.109469793859241
2021-06-02,451.3399963378906,6.112220927629904
2021-06-03,450.7900085449219,6.111001618088859
2021-06-04,452.57000732421875,6.11494246349198
2021-06-07,453.55999755859375,6.117127559720876
2021-06-08,454.010009765625,6.118119245740201
2021-06-09,454.44000244140625,6.1190658970740435
2021-06-10,454.55999755859375,6.119329912734956
2021-06-11,457.510009765625,6.125798763745354
2021-06-14,458.32000732421875,6.127567646080901
2021-06-15,458.80999755859375,6.1286361756860535
2021-06-16,459.8599853515625,6.130922063479731
2021-06-17,459.3299865722656,6.1297688767518075
2021-06-18,452.04998779296875,6.113792766179656
2021-06-21,455.2300109863281,6.120802809870713
2021-06-22,456.4200134277344,6.123413467656953
2021-06-23,453.1000061035156,6.116112865143664
2021-06-24,457.0400085449219,6.12477093311243
2021-06-25,457.6300048828125,6.126061008027004
2021-06-28,454.94000244140625,6.120165547490151
2021-06-29,456.3699951171875,6.123303873314051
2021-06-30,452.8399963378906,6.115538854122926
2021-07-01,455.6300048828125,6.121681087356227
2021-07-02,456.80999755859375,6.124267544176283
2021-07-05,458.3599853515625,6.127654869599879
2021-07-06,455.9800109863281,6.122448972997282
2021-07-07,459.5299987792969,6.130204225365043
2021-07-08,451.6099853515625,6.112818943084123
2021-07-09,457.6700134277344,6.1261484297338695
2021-07-12,460.8299865722656,6.133029182291012
2021-07-13,460.9599914550781,6.133311252798987
2021-07-14,460.55999755859375,6.132443135066603
2021-07-15,456.20001220703125,6.122931336608357
2021-07-16,454.739990234375,6.119725805576809
2021-07-19,444.2900085449219,6.09647752160645
2021-07-20,446.6099853515625,6.101685697757905
2021-07-21,453.9700012207031,6.118031119251812
2021-07-22,456.5299987792969,6.123654412616971
2021-07-23,461.510009765625,6.13450374334068
2021-07-26,461.1400146484375,6.133701716294173
2021-07-27,458.6499938964844,6.128287378648097
2021-07-28,461.70001220703125,6.1349153559522565
2021-07-29,463.8399963378906,6.139539657278146
2021-07-30,461.739990234375,6.1350019409545595
2021-08-02,464.45001220703125,6.140853936116296
2021-08-03,465.3800048828125,6.142854286650899
2021-08-04,468.2200012207031,6.148938273539287
2021-08-05,469.9599914550781,6.15264756651714
2021-08-06,469.9700012207031,6.152668865477069
2021-08-09,470.67999267578125,6.154178442034797
2021-08-10,472.32000732421875,6.157656737478952
2021-08-11,474.32000732421875,6.161882214840626
2021-08-12,474.8399963378906,6.162977897473032
2021-08-13,475.8299865722656,6.165060619363973
2021-08-16,473.45001220703125,6.160046336212656
2021-08-17,473.7799987792969,6.160743076353461
2021-08-18,474.4200134277344,6.162093033614365
2021-08-19,467.239990234375,6.146843023386833
2021-08-20,468.79998779296875,6.150176212223913
2021-08-23,471.8800048828125,6.156724726321214
2021-08-24,471.7900085449219,6.1565339894388655
2021-08-25,471.8399963378906,6.156639937305629
2021-08-26,470.3399963378906,6.1534558296425965
2021-08-27,472.3399963378906,6.157699057495884
2021-08-30,472.67999267578125,6.158418611275725
2021-08-31,470.8800048828125,6.15460329485471
2021-09-01,473.1199951171875,6.159349045783714
2021-09-02,474.6000061035156,6.162472356862
2021-09-03,471.92999267578125,6.156830653982809
2021-09-06,475.19000244140625,6.163714729193716
2021-09-07,472.8699951171875,6.158820498952562
2021-09-08,467.8699951171875,6.148190469116217
2021-09-09,467.57000732421875,6.147549085804685
2021-09-10,466.3399963378906,6.144914973967973
2021-09-13,467.69000244140625,6.147805688496114
2021-09-14,467.6499938964844,6.147720139829099
2021-09-15,463.9100036621094,6.139690575789278
2021-09-16,465.95001220703125,6.144078358429821
2021-09-17,461.8399963378906,6.135218502823288
2021-09-20,454.1199951171875,6.118361469544081
2021-09-21,458.67999267578125,6.128352783202067
2021-09-22,463.20001220703125,6.138158952612479
2021-09-23,467.5,6.147399348728742
2021-09-24,463.2900085449219,6.1383532263470215
2021-09-27,462.4200134277344,6.136473598055918
2021-09-28,452.3500061035156,6.114456229964656
2021-09-29,455.0299987792969,6.120363348160643
2021-09-30,454.80999755859375,6.1198797439535815
2021-10-01,452.8999938964844,6.115671337085649
2021-10-04,450.7699890136719,6.110957207220348
2021-10-05,456.0299987792969,6.122558594147233
2021-10-06,451.3299865722656,6.112198749500987
2021-10-07,458.57000732421875,6.1281129677709645
2021-10-08,457.2900085449219,6.125317781627862
2021-10-11,457.5299987792969,6.125842453668174
2021-10-12,457.2099914550781,6.125142785258156
2021-10-13,460.3900146484375,6.1320739881860264
2021-10-14,465.9200134277344,6.144013974388094
2021-10-15,469.3900146484375,6.1514340106053105
2021-10-18,467.0400085449219,6.146414925401714
2021-10-19,468.5799865722656,6.149706816182268
2021-10-20,470.07000732421875,6.15288163536555
2021-10-21,469.7099914550781,6.152115464799631
2021-10-22,471.8800048828125,6.156724726321214
2021-10-25,472.2099914550781,6.157423783798751
2021-10-26,475.739990234375,6.164871465985131
2021-10-27,474.0400085449219,6.161291724345988
2021-10-28,475.1600036621094,6.163651597128447
2021-10-29,475.510009765625,6.164387932795684
2021-11-01,478.8699951171875,6.171429151631689
2021-11-02,479.5299987792969,6.172806454992804
2021-11-03,481.2200012207031,6.176324548533268
2021-11-04,483.2099914550781,6.180451324087036
2021-11-05,483.44000244140625,6.180927217103374
2021-11-08,483.6099853515625,6.1812787664835565
2021-11-09,482.7099914550781,6.179416041551205
2021-11-10,483.760009765625,6.181588936151878
2021-11-11,485.2900085449219,6.1847466679958965
2021-11-12,486.75,6.187750644252309
2021-11-15,488.42999267578125,6.191196150416101
2021-11-16,489.2699890136719,6.192914461882405
2021-11-17,489.95001220703125,6.194303369996678
2021-11-18,487.70001220703125,6.189700487745802
2021-11-19,486.0799865722656,6.186373191782872
2021-11-22,485.4599914550781,6.185096877446102
2021-11-23,479.25,6.172222381925754
2021-11-24,479.69000244140625,6.17314006701797
2021-11-25,481.7200012207031,6.17736303492633
2021-11-26,464.04998779296875,6.1399922787359795
2021-11-29,467.239990234375,6.146843023386833
2021-11-30,462.9599914550781,6.137640638808434
2021-12-01,470.8599853515625,6.1545607788068395
2021-12-02,465.44000244140625,6.142983199992264
2021-12-03,462.7699890136719,6.137230146660436
2021-12-06,468.7099914550781,6.1499842220794685
2021-12-07,480.17999267578125,6.17416101835394
2021-12-08,477.3599853515625,6.168270892527473
2021-12-09,476.989990234375,6.1674955058345615
2021-12-10,475.55999755859375,6.164493051856594
2021-12-13,473.5299987792969,6.1602152660137675
2021-12-14,469.55999755859375,6.151796080810972
2021-12-15,470.760009765625,6.154348430753843
2021-12-16,476.55999755859375,6.166593628197455
2021-12-17,473.8999938964844,6.16099631609421
2021-12-20,467.3500061035156,6.147078454688431
2021-12-21,473.989990234375,6.161186203823098
2021-12-22,478.3599853515625,6.170363556478402
2021-12-23,483.010009765625,6.1800373775902635
2021-12-27,485.489990234375,6.1851586700819166
2021-12-28,488.5,6.191339471482838
2021-12-29,487.9800109863281,6.190274443920629
2021-12-30,488.7099914550781,6.19176924903351
2022-01-03,489.989990234375,6.1943849628029035
2022-01-04,494.0199890136719,6.202575979959723
2022-01-05,494.3500061035156,6.203243780689689
2022-01-06,488.1600036621094,6.190643228470222
2022-01-07,486.25,6.1867228949326565
2022-01-10,479.0400085449219,6.171784119068859
2022-01-11,483.0799865722656,6.180182243611085
2022-01-12,486.20001220703125,6.186620086989039
2022-01-13,486.04998779296875,6.186311474152313
2022-01-14,481.1600036621094,6.1761998627368735
2022-01-17,484.510009765625,6.183138091108376
2022-01-18,479.7900085449219,6.173348525980601
2022-01-19,480.8999938964844,6.175659335591757
2022-01-20,483.3500061035156,6.180741041538142
2022-01-21,474.44000244140625,6.162135166306944
2022-01-24,456.3599853515625,6.123281939629742
2022-01-25,459.5899963378906,6.1303347797192025
2022-01-26,467.30999755859375,6.146992843782241
2022-01-27,470.3299865722656,6.15343454743777
2022-01-28,465.54998779296875,6.143219476113872
2022-01-31,468.8800048828125,6.150346882581952
2022-02-01,474.8599853515625,6.163019992901188
2022-02-02,477.010009765625,6.167537475501758
2022-02-03,468.6300048828125,6.149813554930361
2022-02-04,462.1499938964844,6.1358895005040015
2022-02-07,465.2799987792969,6.142639372281511
2022-02-08,465.3399963378906,6.142768313329397
2022-02-09,473.3299865722656,6.159792791280226
2022-02-10,472.3500061035156,6.157720249136739
2022-02-11,469.57000732421875,6.151817397914193
2022-02-14,460.9599914550781,6.133311252798987
2022-02-15,467.55999755859375,6.147527677517981
2022-02-16,467.7699890136719,6.147976698636988
2022-02-17,464.54998779296875,6.141069168810212
2022-02-18,460.80999755859375,6.1329858052370225
2022-02-21,454.80999755859375,6.1198797439535815
2022-02-22,455.1199951171875,6.1205611097137655
2022-02-23,453.8599853515625,6.117788748166242
2022-02-24,438.9599914550781,6.084408273284431
2022-02-25,453.5299987792969,6.117061416825619
2022-02-28,453.1099853515625,6.1161348892840754
2022-03-01,442.3699951171875,6.092146624936044
2022-03-02,446.3299865722656,6.101058558650512
2022-03-03,437.3599853515625,6.080756621093883
2022-03-04,421.7799987792969,6.044483848189448
2022-03-07,417.1300048828125,6.033397935519934
2022-03-08,415.010009765625,6.028302639856986
2022-03-09,434.45001220703125,6.074080891382881
2022-03-10,427.1199951171875,6.057064992759986
2022-03-11,431.1700134277344,6.066502475033147
2022-03-14,436.3500061035156,6.07844468759698
2022-03-15,435.1199951171875,6.075621843892945
2022-03-16,448.45001220703125,6.105797219784507
2022-03-17,450.489990234375,6.11033585756597
2022-03-18,454.6000061035156,6.119417924844566
2022-03-21,454.7900085449219,6.119835792736472
2022-03-22,458.6499938964844,6.128287378648097
2022-03-23,454.0299987792969,6.118163272464766
2022-03-24,453.07000732421875,6.116046655097285
2022-03-25,453.54998779296875,6.117105490146542
2022-03-28,454.1700134277344,6.118471606857334
2022-03-29,462.0899963378906,6.135759669379376
2022-03-30,460.19000244140625,6.131639452987639
2022-03-31,455.8599853515625,6.122185712697359
2022-04-01,458.3399963378906,6.127611258791383
2022-04-04,462.19000244140625,6.135976067232923
2022-04-05,463.07000732421875,6.137878246380118
2022-04-06,455.9700012207031,6.122427020553636
2022-04-07,455.0199890136719,6.120341349884153
2022-04-08,460.9700012207031,6.1333329676053285
2022-04-11,458.260009765625,6.127436729941424
2022-04-12,456.6499938964844,6.123917219771838
2022-04-13,456.7799987792969,6.124201871873767
2022-04-14,459.82000732421875,6.130835124484237
2022-04-19,456.2799987792969,6.123106653484359
2022-04-20,460.1000061035156,6.131443870427051
2022-04-21,461.57000732421875,6.134633737615429
2022-04-22,453.30999755859375,6.1165762127633645
2022-04-25,445.1099853515625,6.098321409721109
2022-04-26,441.1000061035156,6.089271620947928
2022-04-27,444.30999755859375,6.096522511508628
2022-04-28,447.07000732421875,6.102715198288423
2022-04-29,450.3900146484375,6.110113906616219
2022-05-02,443.8299865722656,6.095441575976746
2022-05-03,446.20001220703125,6.100767309356189
2022-05-04,441.3699951171875,6.089883514885903
2022-05-05,438.260009765625,6.082812363849977
2022-05-06,429.9100036621094,6.063575892973555
2022-05-09,417.4599914550781,6.0341887108489205
2022-05-10,420.2900085449219,6.0409449695298925
2022-05-11,427.5899963378906,6.058164783970515
2022-05-12,424.3999938964844,6.050676392358311
2022-05-13,433.4800109863281,6.071845684399281
2022-05-16,433.6700134277344,6.072283907172959
2022-05-17,438.9700012207031,6.084431076391078
2022-05-18,433.95001220703125,6.072929348220295
2022-05-19,427.67999267578125,6.058375235265144
2022-05-20,431.1000061035156,6.066340095911093
2022-05-23,436.5400085449219,6.078880028685132
2022-05-24,431.5799865722656,6.067452861994353
2022-05-25,434.30999755859375,6.073758559212717
2022-05-27,443.92999267578125,6.095666875846703
2022-05-30,446.57000732421875,6.1015961793457185
2022-05-31,443.3500061035156,6.094359539592827
2022-06-01,438.7200012207031,6.083861399156369
2022-06-02,441.2300109863281,6.089566306340548
2022-06-03,440.0899963378906,6.086979243129009
2022-06-07,442.8800048828125,6.093298864014387
2022-06-08,440.3699951171875,6.087615271549274
2022-06-09,434.3800048828125,6.073919738285053
2022-06-10,422.7099914550781,6.046686344518556
2022-06-13,412.5199890136719,6.022284662815636
2022-06-14,407.32000732421875,6.00959913528495
2022-06-15,413.1000061035156,6.02368970917763
2022-06-16,402.8800048828125,5.998638762975752
2022-06-17,403.25,5.999556717005318
2022-06-20,407.1400146484375,6.00915714261777
2022-06-21,408.5799865722656,6.012687700695112
2022-06-22,405.739990234375,6.0057125363045065
2022-06-23,402.3999938964844,5.997446603617747
2022-06-24,412.92999267578125,6.023278069333105
2022-06-27,415.0899963378906,6.028495355365781
2022-06-28,416.19000244140625,6.03114189262683
2022-06-29,413.4200134277344,6.024464057850733
2022-06-30,407.20001220703125,6.0093044952142876
2022-07-01,407.1300048828125,6.009132556754641
2022-07-04,409.30999755859375,6.014472809192214
2022-07-05,400.67999267578125,5.993163085464092
2022-07-06,407.3399963378906,6.009648208551309
2022-07-07,415.010009765625,6.028302639856986
2022-07-08,417.1199951171875,6.033373938479178
2022-07-11,415.0199890136719,6.028326685368744
2022-07-12,417.0400085449219,6.033182160949305
2022-07-13,412.80999755859375,6.022987432766023
2022-07-14,406.5,6.007583928987866
2022-07-15,413.7799987792969,6.025334428665471
2022-07-18,417.6300048828125,6.0345958847603045
2022-07-19,423.4100036621094,6.048340985398765
2022-07-20,422.510009765625,6.046213138269542
2022-07-21,424.3900146484375,6.050652878301956
2022-07-22,425.7099914550781,6.053758343207202
2022-07-25,426.25,6.055026028597727
2022-07-26,426.1300048828125,6.054744475493964
2022-07-27,428.1199951171875,6.0594035187109325
2022-07-28,432.7699890136719,6.070206383662403
2022-07-29,438.2900085449219,6.082880811237307
2022-08-02,436.07000732421875,6.077802797716874
2022-08-03,438.2900085449219,6.082880811237307
2022-08-04,439.05999755859375,6.084636072435247
2022-08-05,435.7200012207031,6.076999838015822
2022-08-08,438.92999267578125,6.08433993037165
2022-08-09,435.9800109863281,6.077596395936425
2022-08-10,439.8800048828125,6.086501973543062
2022-08-11,440.1600036621094,6.0871383054962145
2022-08-12,440.8699951171875,6.08875003633343
2022-08-15,442.3500061035156,6.092101437727328
2022-08-16,443.07000732421875,6.093727787636942
2022-08-17,439.0299987792969,6.084567745089681
2022-08-18,440.760009765625,6.088500531775908
2022-08-19,437.3599853515625,6.080756621093883
2022-08-22,433.1700134277344,6.07113029165
2022-08-23,431.3500061035156,6.066919839672386
2022-08-24,432.04998779296875,6.068541294033661
2022-08-25,433.3599853515625,6.071568757547636
2022-08-26,426.0899963378906,6.054650582966461
2022-08-29,422.6499938964844,6.0465443989338725
2022-08-30,419.80999755859375,6.039802222154397
2022-08-31,415.1199951171875,6.028567623297072
2022-09-01,407.6600036621094,6.010433502638828
2022-09-02,415.9700012207031,6.030613145210802
2022-09-05,413.3900146484375,6.024391492743172
2022-09-06,414.3800048828125,6.0267834390157535
2022-09-07,412.010009765625,6.021047644602028
2022-09-08,414.0899963378906,6.026083332659844
2022-09-09,420.3699951171875,6.041135264232051
2022-09-12,427.75,6.058538912772303
2022-09-13,421.1300048828125,6.042941586210119
2022-09-14,417.510009765625,6.03430851949003
2022-09-15,414.7799987792969,6.027748256242215
2022-09-16,408.239990234375,6.011855212834432
2022-09-19,407.8699951171875,6.010948484209178
2022-09-20,403.4200134277344,5.999978236157937
2022-09-21,407.04998779296875,6.008935998030965
2022-09-22,399.760009765625,5.990864391464669
2022-09-23,390.3999938964844,5.967171838904932
2022-09-26,388.75,5.962936463493444
2022-09-27,388.239990234375,5.961623679943383
2022-09-28,389.4100036621094,5.964632782546766
2022-09-29,382.8900146484375,5.947747779920269
2022-09-30,387.8500061035156,5.960618682673674
2022-10-03,390.8299865722656,5.968272648474336
2022-10-04,403.0299987792969,5.999010997834568
2022-10-05,398.9100036621094,5.988735836717014
2022-10-06,396.3500061035156,5.9822976746824725
2022-10-07,391.6700134277344,5.970419682795517
2022-10-10,390.1199951171875,5.966454371587633
2022-10-11,387.95001220703125,5.960876496805433
2022-10-12,385.8800048828125,5.95552645295606
2022-10-13,389.1499938964844,5.963964857721173
2022-10-14,391.30999755859375,5.969500078490272
2022-10-17,398.4800109863281,5.987657336335616
2022-10-18,399.8399963378906,5.991064457927705
2022-10-19,397.7300109863281,5.98577341073527
2022-10-20,398.7699890136719,5.98838478203052
2022-10-21,396.2900085449219,5.982146288031283
2022-10-24,401.8399963378906,5.996053990328437
2022-10-25,407.6099853515625,6.010310798966956
2022-10-26,410.30999755859375,6.016912965611419
2022-10-27,410.19000244140625,6.016620472940991
2022-10-28,410.760009765625,6.018009126104622
2022-10-31,412.20001220703125,6.021508698070699
2022-11-01,414.6099853515625,6.0273382840135445
2022-11-02,413.3900146484375,6.024391492743172
2022-11-03,409.54998779296875,6.0150589661556495
2022-11-04,416.9800109863281,6.033038285365284
2022-11-07,418.3399963378906,6.036294490271867
2022-11-08,421.6099853515625,6.0440806813668955
2022-11-09,420.3399963378906,6.0410638988870105
2022-11-10,431.8900146484375,6.068170960107908
2022-11-11,432.260009765625,6.069027281647789
2022-11-14,432.8599853515625,6.070414316245332
2022-11-15,434.44000244140625,6.0740578510314975
2022-11-16,430.1700134277344,6.064180510610005
2022-11-17,428.3800048828125,6.060010663541316
2022-11-18,433.3299865722656,6.071499531456922
2022-11-21,433.05999755859375,6.0708762808945735
2022-11-22,436.2200012207031,6.078146706042072
2022-11-23,438.82000732421875,6.084089322904517
2022-11-24,440.8399963378906,6.088681989516225
2022-11-25,440.7300109863281,6.0884324679780155
2022-11-28,437.8500061035156,6.081876399907975
2022-11-29,437.2900085449219,6.080596610101421
2022-11-30,440.0400085449219,6.086865651289746
2022-12-01,443.9599914550781,6.095734449036725
2022-12-02,443.2900085449219,6.09422420268564
2022-12-05,441.4700012207031,6.0901100703305096
2022-12-06,438.9200134277344,6.084317194715267
2022-12-07,436.20001220703125,6.078100881752469
2022-12-08,435.4700012207031,6.076425910385427
2022-12-09,439.1300048828125,6.084795507919988
2022-12-12,436.9800109863281,6.079887452599368
2022-12-13,442.6000061035156,6.092666441407088
2022-12-14,442.510009765625,6.0924630851314
2022-12-15,429.9100036621094,6.063575892973555
2022-12-16,424.739990234375,6.051477194022146
2022-12-19,425.8699951171875,6.054134123912515
2022-12-20,424.17999267578125,6.05015787618043
2022-12-21,431.44000244140625,6.06712845668771
2022-12-22,427.260009765625,6.057392750078487
2022-12-23,427.45001220703125,6.057837351030042
2022-12-27,428.0,6.059123195581797
2022-12-28,427.4599914550781,6.057860696757673
2022-12-29,430.3500061035156,6.064598845278161
2022-12-30,424.8900146484375,6.051830346370249
2023-01-03,434.17999267578125,6.073459177791525
2023-01-04,440.19000244140625,6.087206457433741
2023-01-05,439.3299865722656,6.085250808548026
2023-01-06,444.4200134277344,6.096770091467317
2023-01-09,448.3500061035156,6.10557419101134
2023-01-10,445.7099914550781,6.099668497145887
2023-01-11,447.4100036621094,6.1034754083548055
2023-01-12,450.2200012207031,6.1097363548973656
2023-01-13,452.5400085449219,6.114876175905318
2023-01-16,454.6300048828125,6.1194839120622015
2023-01-17,456.4599914550781,6.123501054255751
2023-01-18,457.5299987792969,6.125842453668174
2023-01-19,450.45001220703125,6.110247110197085
2023-01-20,452.1199951171875,6.113947620522715
2023-01-23,454.489990234375,6.119175889688265
2023-01-24,453.3800048828125,6.11673063671018
2023-01-25,452.07000732421875,6.113837051299687
2023-01-26,453.9800109863281,6.118053168407583
2023-01-27,455.1700134277344,6.120671005044105
2023-01-30,454.3999938964844,6.118977853974909
2023-01-31,453.2099914550781,6.116355575369521
2023-02-01,453.0899963378906,6.116090773163839
2023-02-02,459.20001220703125,6.129485871588613
2023-02-03,460.7699890136719,6.132898979252236
2023-02-06,457.1600036621094,6.125033447039961
2023-02-07,458.19000244140625,6.127283950578835
2023-02-08,459.4599914550781,6.130051868266276
2023-02-09,462.30999755859375,6.136235656454905
2023-02-10,457.8900146484375,6.126629012586311
2023-02-13,462.0299987792969,6.13562982139644
2023-02-14,462.3999938964844,6.136430304158523
2023-02-15,464.3599853515625,6.140660081924401
2023-02-16,465.239990234375,6.142553380480328
2023-02-17,464.29998779296875,6.140530868734618
2023-02-20,464.6400146484375,6.1412629437228
2023-02-21,463.7699890136719,6.139388715987178
2023-02-22,462.2200012207031,6.136040970856182
2023-02-23,462.5,6.1366465569524795
2023-02-24,457.70001220703125,6.126213974329972
2023-02-27,462.5799865722656,6.1368194859394345
2023-02-28,461.1099853515625,6.133636594479294
2023-03-01,457.67999267578125,6.126170233957348
2023-03-02,460.0199890136719,6.131269942916574
2023-03-03,464.260009765625,6.14044476115412
2023-03-06,464.17999267578125,6.140272392256115
2023-03-07,460.6000061035156,6.1325300006378125
2023-03-08,460.989990234375,6.133376329603377
2023-03-09,459.9800109863281,6.131183034161424
2023-03-10,453.760009765625,6.117568445425272
2023-03-13,442.79998779296875,6.09311817326666
2023-03-14,449.55999755859375,6.108269321219409
2023-03-15,436.45001220703125,6.078673849150269
2023-03-16,441.6400146484375,6.090495103739212
2023-03-17,436.30999755859375,6.078352994280495
2023-03-20,440.6000061035156,6.088137448220979
2023-03-21,446.4700012207031,6.101372211543656
2023-03-22,447.1600036621094,6.102916480591832
2023-03-23,446.2200012207031,6.100812106678917
2023-03-24,440.1099853515625,6.087024662383931
2023-03-27,444.7200012207031,6.097444873390094
2023-03-28,444.45001220703125,6.096837590153161
2023-03-29,450.2099914550781,6.1097141215961495
2023-03-30,454.8399963378906,6.119945700705099
2023-03-31,457.8399963378906,6.12651977010218
2023-04-03,457.7200012207031,6.126257646116435
2023-04-04,457.3399963378906,6.125427088763538
2023-04-05,456.5899963378906,6.123785824827854
2023-04-06,458.94000244140625,6.128919487881493
2023-04-11,461.7900085449219,6.135110260794005
2023-04-12,462.3800048828125,6.1363870743877635
2023-04-13,464.2099914550781,6.140337017639457
2023-04-14,466.9100036621094,6.146136527453317
2023-04-17,466.8399963378906,6.14598657869969
2023-04-18,468.6199951171875,6.149792195067731
2023-04-19,468.1300048828125,6.148746045552783
2023-04-20,467.42999267578125,6.147249589228249
2023-04-21,469.0,6.150602768446279
2023-04-24,468.9700012207031,6.150538803118459
2023-04-25,467.0799865722656,6.14650052045926
2023-04-26,463.2099914550781,6.138180496525019
2023-04-27,464.0299987792969,6.139949202677958
2023-04-28,466.6400146484375,6.145558113836684
2023-05-02,461.0799865722656,6.133571534610459
2023-05-03,462.510009765625,6.136668199454766
2023-05-04,460.3399963378906,6.13196533894032
2023-05-05,465.30999755859375,6.142703844883679
2023-05-08,466.94000244140625,6.146200774985814
2023-05-09,465.4100036621094,6.142918745398913
2023-05-10,463.6400146484375,6.139108420614965
2023-05-11,463.6199951171875,6.139065240641619
2023-05-12,465.489990234375,6.143090593230016
2023-05-15,466.6700134277344,6.145622398540383
2023-05-16,464.70001220703125,6.14139206235956
2023-05-17,463.9800109863281,6.1398414715274505
2023-05-19,468.8500061035156,6.15028290088369
2023-05-22,468.9100036621094,6.150410860186819
2023-05-23,466.1000061035156,6.144400216473558
2023-05-24,457.6499938964844,6.126104686494143
2023-05-25,456.17999267578125,6.122887452412854
2023-05-26,461.4100036621094,6.13428702661019
2023-05-30,456.6300048828125,6.123873445652833
2023-05-31,451.760009765625,6.113151086981424
2023-06-01,455.2699890136719,6.12089062541683
2023-06-02,462.1499938964844,6.1358895005040015
2023-06-05,459.92999267578125,6.131074288065834
2023-06-06,461.67999267578125,6.134871994538435
2023-06-07,460.79998779296875,6.1329640828907275
2023-06-08,460.70001220703125,6.132747098438574
2023-06-09,460.010009765625,6.1312482496064415
2023-06-12,460.7300109863281,6.132812211965489
2023-06-13,463.2699890136719,6.138310013751386
2023-06-14,464.94000244140625,6.141908370254927
2023-06-15,464.3299865722656,6.1405954774165155
2023-06-16,466.79998779296875,6.145900874261948
2023-06-19,462.0400085449219,6.13565148591438
2023-06-20,459.32000732421875,6.129747150853775
2023-06-21,457.010009765625,6.12470529386139
2023-06-22,454.70001220703125,6.119637887677306
2023-06-23,453.1400146484375,6.116201160835824
2023-06-26,452.67999267578125,6.1151854579180585
2023-06-27,452.8999938964844,6.115671337085649
2023-06-28,456.04998779296875,6.122602425859297
2023-06-29,456.6400146484375,6.123895366367215
2023-06-30,461.92999267578125,6.135413348594954
2023-07-03,460.9800109863281,6.133354681940147
2023-07-04,461.29998779296875,6.134048564101534
2023-07-05,457.94000244140625,6.126738176496831
2023-07-06,447.2200012207031,6.103050646289536
2023-07-07,447.6499938964844,6.104011663445594
2023-07-10,448.4700012207031,6.105841792351461
2023-07-11,451.7200012207031,6.113062521557814
2023-07-12,458.5400085449219,6.1280475475295795
2023-07-13,461.3599853515625,6.134178617556598
2023-07-14,460.8299865722656,6.133029182291012
2023-07-17,457.9200134277344,6.126694525691405
2023-07-18,460.760009765625,6.1328773212529075
2023-07-19,461.9700012207031,6.1354999565508175
2023-07-20,463.92999267578125,6.139733662989127
2023-07-21,465.3999938964844,6.142897237753632
2023-07-24,465.67999267578125,6.143498687235472
2023-07-25,467.9200134277344,6.148297369831416
2023-07-26,465.4599914550781,6.143026145558503
2023-07-27,471.739990234375,6.1564279656544425
2023-07-28,470.7799987792969,6.154390891007243
2023-07-31,471.3500061035156,6.155600930791168
2023-08-02,460.8399963378906,6.133050903223257
2023-08-03,457.92999267578125,6.1267163180110655
2023-08-04,459.2799987792969,6.129660043201519
2023-08-07,459.67999267578125,6.13053057929768
2023-08-08,458.6000061035156,6.128178383732822
2023-08-09,460.5799865722656,6.132486535665902
2023-08-10,464.2300109863281,6.140380142733594
2023-08-11,459.1700134277344,6.129420541104232
2023-08-14,459.8599853515625,6.130922063479731
2023-08-15,455.57000732421875,6.12154939824763
2023-08-16,455.2900085449219,6.120934597327097
2023-08-17,451.19000244140625,6.111888542228714
2023-08-18,448.44000244140625,6.105774898729614
2023-08-21,448.6600036621094,6.106265370747486
2023-08-22,451.70001220703125,6.113018269685202
2023-08-23,453.45001220703125,6.116885036813923
2023-08-24,451.57000732421875,6.112730415818917
2023-08-25,451.3900146484375,6.112331743289048
2023-08-28,455.4100036621094,6.121198120147507
2023-08-29,459.8299865722656,6.130856826758175
2023-08-30,459.1300048828125,6.129333404995881
2023-08-31,458.19000244140625,6.127283950578835
2023-09-01,458.1300048828125,6.127152997291337
2023-09-04,457.9599914550781,6.1267818253969475
2023-09-05,456.8999938964844,6.124464535210689
2023-09-06,454.29998779296875,6.118757745895379
2023-09-07,453.6700134277344,6.117370091092959
2023-09-08,454.6600036621094,6.119549894925811
2023-09-11,456.2099914550781,6.122953211090239
2023-09-12,455.3999938964844,6.121176140227101
2023-09-13,453.94000244140625,6.1179650360955815
2023-09-14,460.8599853515625,6.133094277453639
2023-09-15,461.92999267578125,6.135413348594954
2023-09-18,456.7200012207031,6.124070514328764
2023-09-19,456.5199890136719,6.123632486620017
2023-09-20,460.6600036621094,6.13266025172446
2023-09-21,454.6700134277344,6.119571910619646
2023-09-22,453.260009765625,6.116465933816089
2023-09-25,450.44000244140625,6.110224888248872
2023-09-26,447.70001220703125,6.104123392513015
2023-09-27,446.9100036621094,6.1023572402539
2023-09-28,448.5,6.105908681498851
2023-09-29,450.2200012207031,6.1097363548973656
2023-10-02,445.5899963378906,6.099399238490988
2023-10-03,440.70001220703125,6.088364399547127
2023-10-04,440.0799865722656,6.086956498055172
2023-10-05,441.30999755859375,6.089747570808357
2023-10-06,444.92999267578125,6.097916949960473
2023-10-09,443.7900085449219,6.09535149682668
2023-10-10,452.4800109863281,6.114743587548404
2023-10-11,453.1600036621094,6.1162452720865605
2023-10-12,453.6300048828125,6.117281898556553
2023-10-13,449.17999267578125,6.107423681969822
2023-10-16,450.20001220703125,6.109691955587317
2023-10-17,449.760009765625,6.108714128871191
2023-10-18,445.0199890136719,6.098119200289253
2023-10-19,439.7300109863281,6.086160927181079
2023-10-20,433.7300109863281,6.072422246017784
2023-10-23,433.17999267578125,6.071153329101324
2023-10-24,435.0899963378906,6.075552897823368
2023-10-25,435.2699890136719,6.075966502955443
2023-10-26,433.20001220703125,6.071199543305577
2023-10-27,429.5799865722656,6.062807955918297
2023-10-30,431.1199951171875,6.066386462299363
2023-10-31,433.6600036621094,6.072260825380727
2023-11-01,436.57000732421875,6.078948745751169
2023-11-02,443.4700012207031,6.0946301584713565
2023-11-03,444.239990234375,6.096364934950583
2023-11-06,443.5199890136719,6.094742871790722
2023-11-07,442.80999755859375,6.093140778625206
2023-11-08,444.07000732421875,6.095982224156607
2023-11-09,447.79998779296875,6.104346676904647
2023-11-10,443.30999755859375,6.094269294076431
2023-11-13,446.6199951171875,6.101708110273929
2023-11-14,452.6000061035156,6.115008746684889
2023-11-15,454.5199890136719,6.119241892878533
2023-11-16,451.2699890136719,6.112065805649214
2023-11-17,455.82000732421875,6.122098010811411
2023-11-20,456.260009765625,6.123062843868369
2023-11-21,455.8500061035156,6.1221638214202185
2023-11-22,457.239990234375,6.125208395799811
2023-11-23,458.4700012207031,6.127894861465939
2023-11-24,459.9800109863281,6.131183034161424
2023-11-27,458.4100036621094,6.127763988160033
2023-11-28,457.0400085449219,6.12477093311243
2023-11-29,459.1000061035156,6.1292680645496995
2023-11-30,461.6099853515625,6.134720347004033
2023-12-01,466.20001220703125,6.144614752785764
2023-12-04,465.7799987792969,6.143713417024872
2023-12-05,467.6199951171875,6.147655989841054
2023-12-06,470.05999755859375,6.1528603409369635
2023-12-07,468.7799987792969,6.150133572632708
2023-12-08,472.260009765625,6.1575297020609066
2023-12-11,473.70001220703125,6.160574235699246
2023-12-12,472.7200012207031,6.158503249619716
2023-12-13,472.4599914550781,6.157953069179591
2023-12-14,476.57000732421875,6.1666146321855235
2023-12-15,476.6099853515625,6.1666985156653995
2023-12-18,475.32000732421875,6.163988276830852
2023-12-19,477.0400085449219,6.167600362727231
2023-12-20,477.94000244140625,6.1694852067084165
2023-12-21,476.94000244140625,6.167390701931972
2023-12-22,477.6000061035156,6.168773574857948
2023-12-27,478.6199951171875,6.170906952949236
2023-12-28,478.0799865722656,6.169778054417604
2023-12-29,479.0199890136719,6.171742327257691
2024-01-03,474.3999938964844,6.162050834817758
2024-01-04,477.67999267578125,6.168941036905839
2024-01-05,476.3800048828125,6.166215865321595
2024-01-08,478.17999267578125,6.169987215327922
2024-01-09,477.260009765625,6.1680614362269255
2024-01-10,476.4200134277344,6.16629984631273
2024-01-11,472.7699890136719,6.15860898906388
2024-01-12,476.760009765625,6.167013240097822
2024-01-15,474.19000244140625,6.161608090409069
2024-01-16,473.05999755859375,6.159222225180576
2024-01-17,467.7099914550781,6.147848427460847
2024-01-18,470.45001220703125,6.1536897094003375
2024-01-19,469.239990234375,6.151114343825941
2024-01-22,472.8599853515625,6.158799330615231
2024-01-23,471.5299987792969,6.155982724183828
2024-01-24,477.0899963378906,6.167705144660005
2024-01-25,478.5299987792969,6.170718902301522
2024-01-26,483.8399963378906,6.18175426598227
2024-01-29,484.8399963378906,6.183818932049078
2024-01-30,485.6300048828125,6.185447027133798
2024-01-31,485.6700134277344,6.18552940856938
2024-02-01,483.8599853515625,6.181795578401517
2024-02-02,483.92999267578125,6.181940253022933
2024-02-05,483.69000244140625,6.181444210691219
2024-02-06,486.760009765625,6.187771208531104
2024-02-07,485.6300048828125,6.185447027133798
2024-02-08,485.2699890136719,6.184705414428259
2024-02-09,484.8299865722656,6.1837982863329035
2024-02-12,487.4599914550781,6.189208218259977
2024-02-13,482.8299865722656,6.179664597013508
2024-02-14,485.239990234375,6.184643593777368
2024-02-15,488.5400085449219,6.191421368937587
2024-02-16,491.5899963378906,6.197645028294211
2024-02-19,492.3900146484375,6.199271115161618
2024-02-20,491.8999938964844,6.198275431393252
2024-02-21,491.04998779296875,6.196545930744744
2024-02-22,495.1000061035156,6.204759774695221
2024-02-23,497.25,6.209092917734082
2024-02-26,495.42999267578125,6.205426057563746
2024-02-27,496.3299865722656,6.207241001022579
2024-02-28,494.5899963378906,6.203729129120319
2024-02-29,494.6099853515625,6.203769543625059
2024-03-01,497.5799865722656,6.209756320705085
2024-03-04,497.4100036621094,6.209414643073194
2024-03-05,496.2699890136719,6.207120111318484
2024-03-06,498.2099914550781,6.211021657735526
2024-03-07,503.1600036621094,6.220908218248892
2024-03-08,503.260009765625,6.221106954566753
2024-03-11,501.489990234375,6.217583647550501
2024-03-12,506.5199890136719,6.227563787892587
2024-03-13,507.3299865722656,6.229161652962246
2024-03-14,506.3999938964844,6.227326858777211
2024-03-15,504.79998779296875,6.224162287045087
2024-03-18,503.94000244140625,6.222457218210227
2024-03-19,505.2300109863281,6.225013792881274
2024-03-20,505.2099914550781,6.2249741675077646
2024-03-21,509.7699890136719,6.233959622052434
2024-03-22,509.6400146484375,6.233704622855895
2024-03-25,509.8599853515625,6.234136149499423
2024-03-26,511.0899963378906,6.236545692774801
2024-03-27,511.75,6.2378362245413985
2024-03-28,512.6699829101562,6.239632329991948
2024-04-02,508.57000732421875,6.231602880199648
2024-04-03,510.0199890136719,6.2344499190947555
2024-04-04,510.8399963378906,6.236056422459262
2024-04-05,506.54998779296875,6.227623011401312
2024-04-08,508.92999267578125,6.2323104681437895
2024-04-09,505.82000732421875,6.226180889254699
2024-04-10,506.5899963378906,6.227701990704408
2024-04-11,504.54998779296875,6.223666918716639
2024-04-12,505.25,6.2250533562837305
2024-04-15,505.92999267578125,6.226398305319924
2024-04-16,498.2099914550781,6.211021657735526
2024-04-17,498.5199890136719,6.211643686920287
2024-04-18,499.70001220703125,6.214007942778879
2024-04-19,499.2900085449219,6.21318710638089
2024-04-22,502.30999755859375,6.219217454118733
2024-04-23,507.7900085449219,6.230067993111903
2024-04-24,505.6099853515625,6.225765592146257
2024-04-25,502.3800048828125,6.219356815163756
2024-04-26,507.9800109863281,6.230442098352201
2024-04-29,508.3399963378906,6.231150507837448
2024-04-30,504.8900146484375,6.224340612779698
2024-05-02,503.2099914550781,6.221007561021932
2024-05-03,505.5299987792969,6.225607381465861
2024-05-06,508.2200012207031,6.23091442709842
2024-05-07,514.02001953125,6.242262213201069
2024-05-08,515.77001953125,6.245660967545579
2024-05-10,520.760009765625,6.255289301781836
2024-05-13,520.8599853515625,6.255481263508211
2024-05-14,521.6500244140625,6.256996911715592
2024-05-15,524.7100219726562,6.262845770896488
2024-05-16,523.6199951171875,6.260766221078168
2024-05-17,522.9400024414062,6.259466739399035
2024-05-21,522.9500122070312,6.259485880542912
2024-05-22,521.1799926757812,6.256095457475864
2024-05-23,521.5599975585938,6.256824315874303
2024-05-24,520.5700073242188,6.254924379153282
2024-05-27,522.2100219726562,6.25806984790901
2024-05-28,519.0800170898438,6.252058046792363
2024-05-29,513.4500122070312,6.241152677418832
2024-05-30,516.5,6.247075288559693
2024-05-31,518.1699829101562,6.25030334076549
2024-06-03,519.8499755859375,6.25354026146031
2024-06-04,517.0499877929688,6.248139558021988
2024-06-05,521.22998046875,6.256191365600872
2024-06-06,524.6799926757812,6.262788538987543
2024-06-07,523.5499877929688,6.260632513417587
2024-06-10,522.1599731445312,6.257974002895467
2024-06-11,517.2899780273438,6.248603603203673
2024-06-12,522.8900146484375,6.259371144910084
2024-06-13,516.0399780273438,6.246184239277569
2024-06-14,511.04998779296875,6.236467408888907
2024-06-17,511.489990234375,6.237328015765935
2024-06-18,515.010009765625,6.244186336912958
2024-06-19,514.1300048828125,6.242476161261898
2024-06-20,518.9099731445312,6.251730405970324
2024-06-21,515.1099853515625,6.244380441651678
2024-06-24,518.8699951171875,6.251653360684067
2024-06-25,517.7000122070312,6.2493959474872085
2024-06-26,514.8099975585938,6.243797895810389
2024-06-27,512.5900268554688,6.239476357742785
2024-06-28,511.4200134277344,6.237191196678236
2024-07-01,513.0399780273438,6.2403537720122575
2024-07-02,510.9100036621094,6.23619345661503
2024-07-03,514.6699829101562,6.243525885374136
2024-07-04,517.5399780273438,6.249086774382476
2024-07-05,516.5999755859375,6.247268833402617
2024-07-08,516.4299926757812,6.246939737603051
2024-07-09,511.760009765625,6.237855784224314
2024-07-10,516.4199829101562,6.246920354796521
2024-07-11,519.510009765625,6.25288607842993
2024-07-12,524.0800170898438,6.261644377032847
2024-07-15,518.72998046875,6.251383478932753
2024-07-16,517.2999877929688,6.248622953411883
2024-07-17,514.8300170898438,6.243836782277441
2024-07-18,514.010009765625,6.242242739517733
2024-07-19,510.0299987792969,6.234469545124353
2024-07-22,514.7899780273438,6.243759007831121
2024-07-23,515.469970703125,6.245079049002013
2024-07-24,512.2999877929688,6.23891036711726
2024-07-25,508.6300048828125,6.231720846298631
2024-07-26,512.8300170898438,6.239944439559937
2024-07-29,511.7900085449219,6.237914401348575
2024-07-30,514.0800170898438,6.242378928611097
2024-07-31,518.1799926757812,6.250322658111679
2024-08-02,497.8500061035156,6.210298839093841
2024-08-05,487.04998779296875,6.188366762153765
2024-08-06,488.44000244140625,6.191216643963196
2024-08-07,495.9599914550781,6.206495261082587
2024-08-08,496.3699951171875,6.207321606534177
2024-08-09,499.19000244140625,6.212986789694027
2024-08-12,499.0799865722656,6.2127663766378465
2024-08-13,501.6600036621094,6.217922606690005
2024-08-14,504.1000061035156,6.222774673196333
2024-08-15,509.8800048828125,6.234175413491116
2024-08-16,511.45001220703125,6.237249852770513
2024-08-19,514.5900268554688,6.243370519277931
2024-08-20,512.27001953125,6.238851867919522
2024-08-21,513.9500122070312,6.242126008210329
2024-08-22,515.739990234375,6.245602743589244
2024-08-23,518.1300048828125,6.250226185447851
2024-08-26,518.0499877929688,6.250071739134338
2024-08-27,518.8800048828125,6.2516726519693
2024-08-28,520.5999755859375,6.254981945664454
2024-08-29,524.5700073242188,6.262578893332141
2024-08-30,525.0499877929688,6.263493472902728
2024-09-02,524.9400024414062,6.263283974997058
2024-09-03,519.8400268554688,6.253521123581817
2024-09-04,514.8200073242188,6.243817339232935
2024-09-05,512.0499877929688,6.238422252681916
2024-09-06,506.55999755859375,6.227642771873068
2024-09-09,510.70001220703125,6.235782357556146
2024-09-10,507.95001220703125,6.2303830415695085
2024-09-11,508.0199890136719,6.230520795256462
2024-09-12,512.0800170898438,6.238480896207134
2024-09-13,515.9500122070312,6.246009885221053
2024-09-16,515.1099853515625,6.244380441651678
2024-09-17,517.1900024414062,6.248410316551179
2024-09-18,514.5900268554688,6.243370519277931
2024-09-19,521.6699829101562,6.2570351713022125
2024-09-20,514.260009765625,6.242728993128511
2024-09-23,516.3200073242188,6.246726742489077
2024-09-24,519.7000122070312,6.253251745503007
2024-09-25,519.1400146484375,6.252173624525071
2024-09-26,525.6099853515625,6.264559464995197
2024-09-27,528.0800170898438,6.2692478197427395
2024-09-30,522.8900146484375,6.259371144910084
2024-10-01,520.8800048828125,6.255519698302766
2024-10-02,521.1400146484375,6.256018747776189
2024-10-03,516.2899780273438,6.2466685805551245
2024-10-04,518.5599975585938,6.251055734685187
2024-10-07,519.47998046875,6.252828273644195
2024-10-08,516.6400146484375,6.247346335363242
2024-10-09,520.0499877929688,6.253924937326339
2024-10-10,519.1099853515625,6.252115778540225
2024-10-11,521.97998046875,6.257629235554765
2024-10-14,524.760009765625,6.2629410338225275
2024-10-15,520.5700073242188,6.254924379153282
2024-10-16,519.5999755859375,6.25305923781018
2024-10-17,523.9099731445312,6.261319862584448
2024-10-18,524.989990234375,6.263379196189623
2024-10-21,521.52001953125,6.256747662066909
2024-10-22,520.4000244140625,6.2545977935523815
2024-10-23,518.8400268554688,6.251595602233069
2024-10-24,518.97998046875,6.251865309143982
2024-10-25,518.8099975585938,6.251537722801321
2024-10-28,520.9500122070312,6.2556540912904435
2024-10-29,517.989990234375,6.249955918200912
2024-10-30,511.510009765625,6.237367154634464
2024-10-31,505.3900146484375,6.22533043743489
2024-11-01,510.8999938964844,6.236173864390157
2024-11-04,509.2099914550781,6.232860488358534
2024-11-05,509.5299987792969,6.233488729789737
2024-11-06,506.7799987792969,6.228076981960412
2024-11-07,509.9200134277344,6.234253877002048
2024-11-08,506.6300048828125,6.227780963770266
2024-11-11,512.3699951171875,6.239047010769354
2024-11-12,502.2300109863281,6.219058203970897
2024-11-13,501.5899963378906,6.2177830456148335
2024-11-14,507.0299987792969,6.22857017103069
2024-11-15,503.1199951171875,6.220828700530182
2024-11-18,502.8399963378906,6.220272020763778
2024-11-19,500.6000061035156,6.215807391190074
2024-11-20,500.489990234375,6.215587599023563
2024-11-21,502.5400085449219,6.219675255758676
2024-11-22,508.4700012207031,6.231406219098811
2024-11-25,508.7799987792969,6.23201570067795
2024-11-26,505.8999938964844,6.2263390092332225
2024-11-27,504.9599914550781,6.224479201295477
2024-11-28,507.29998779296875,6.2291025205098975
2024-11-29,510.25,6.234900801689954
2024-12-02,513.6099853515625,6.241464194070644
2024-12-03,515.530029296875,6.245195554518633
2024-12-04,517.4500122070312,6.248912925704928
2024-12-05,519.530029296875,6.252924613097508
2024-12-06,520.469970703125,6.254732193217078
2024-12-09,521.219970703125,6.2561721612916115
2024-12-10,518.489990234375,6.25092072224577
2024-12-11,519.9500122070312,6.253732676583559
2024-12-12,519.2000122070312,6.252289188901111
2024-12-13,516.4500122070312,6.246978502089067
2024-12-16,515.8300170898438,6.245777286964988
2024-12-17,513.6599731445312,6.24156151569987
2024-12-18,514.4299926757812,6.243059477358551
2024-12-19,506.6600036621094,6.227840174418852
2024-12-20,502.19000244140625,6.218978539001245
2024-12-23,502.9100036621094,6.22041123493098
2024-12-27,507.17999267578125,6.228865955727827
2024-12-30,504.8500061035156,6.22426136754009
2025-01-03,508.19000244140625,6.23085539820418
2025-01-06,513.02001953125,6.240314868836724
2025-01-07,514.6699829101562,6.243525885374136
2025-01-08,513.6699829101562,6.241581002653533
2025-01-09,515.8400268554688,6.245796691939833
2025-01-10,511.5,6.2373475853916815
2025-01-13,508.67999267578125,6.231819120754066
2025-01-14,508.2799987792969,6.2310324744346985
2025-01-15,515.02001953125,6.244205772784419
2025-01-16,520.0499877929688,6.253924937326339
2025-01-17,523.6199951171875,6.260766221078168
2025-01-20,523.8699951171875,6.261243552617519
2025-01-21,525.97998046875,6.265263152068069
2025-01-22,528.0399780273438,6.269171996800831
2025-01-23,530.3400268554688,6.273518360939121
2025-01-24,530.0700073242188,6.273009087114124
2025-01-27,529.6900024414062,6.272291934370866
2025-01-28,531.5999755859375,6.275891280913464
2025-01-29,534.260009765625,6.280882630131599
2025-01-30,538.8400268554688,6.2894187306697775
2025-01-31,539.530029296875,6.290698444496466
2025-02-03,534.8499755859375,6.281986288105579
2025-02-04,536.0399780273438,6.284208744161324
2025-02-05,538.5599975585938,6.28889890646923
2025-02-06,544.8400268554688,6.3004922228697
2025-02-07,542.75,6.296648808758401
2025-02-10,545.9199829101562,6.302472413558593
2025-02-11,547.1799926757812,6.30477780254739
2025-02-12,547.780029296875,6.30587379997034
2025-02-13,553.75,6.316713321359345
2025-02-14,552.4099731445312,6.314290475580219
2025-02-17,555.4199829101562,6.319724553537948
2025-02-18,557.1699829101562,6.322870369151877
2025-02-19,552.0999755859375,6.313729145069635
2025-02-20,551.010009765625,6.311752975531689
2025-02-21,553.8499755859375,6.316893847882301
2025-02-24,553.3900146484375,6.316063023547893
2025-02-25,554.2000122070312,6.317525654455278
2025-02-26,559.6699829101562,6.327347293782268
2025-02-27,557.1099853515625,6.322762680670776
2025-02-28,557.1900024414062,6.322906299249
2025-03-03,563.1300048828125,6.333510516017336
2025-03-04,551.0700073242188,6.311861856116987
2025-03-05,556.0900268554688,6.320930199947948
2025-03-06,555.9000244140625,6.320588465877506
2025-03-07,553.3499755859375,6.315990668590323
2025-03-10,546.2000122070312,6.302985231388618
2025-03-11,536.8900146484375,6.285793259096584
2025-03-12,541.25,6.293881279316699
2025-03-13,540.4400024414062,6.2923836271092
2025-03-14,546.5999755859375,6.303717228828649
2025-03-17,550.9400024414062,6.311625914733036
2025-03-18,554.2999877929688,6.317706034403332
2025-03-19,555.3699951171875,6.319634549497596
2025-03-20,552.97998046875,6.3153217991830415
2025-03-21,549.6699829101562,6.309318067063386
2025-03-24,548.9299926757812,6.307970915483681
2025-03-25,552.5900268554688,6.314616364652674
2025-03-26,548.72998046875,6.307606481662391
2025-03-27,546.3099975585938,6.30318657572588
2025-03-28,542.0999755859375,6.295450441230205
2025-03-31,533.9199829101562,6.280245982994815
2025-04-01,539.6400146484375,6.290902277715449
2025-04-02,536.9199829101562,6.285849075790031
2025-04-03,523.1199951171875,6.259810873919
2025-04-04,496.3299865722656,6.207241001022579
2025-04-07,474.010009765625,6.1612284391211
2025-04-08,486.9100036621094,6.188079308597045
2025-04-09,469.8900146484375,6.152498655932864
2025-04-10,487.2799987792969,6.1888389040230924
2025-04-11,486.79998779296875,6.187853336037301
2025-04-14,499.8900146484375,6.214388103521963
2025-04-15,508.05999755859375,6.230599546034887
2025-04-16,507.0899963378906,6.228688495408383
2025-04-17,506.4200134277344,6.22736639103587
2025-04-22,507.7099914550781,6.229910401600314
2025-04-23,516.77001953125,6.247597939042708
2025-04-24,518.6099853515625,6.25115212735723
2025-04-25,520.4500122070312,6.25469384541624
2025-04-28,523.1900024414062,6.259944691476869
2025-04-29,525.0900268554688,6.263569727615359
2025-04-30,527.47998046875,6.268110912912028
2025-05-02,536.4299926757812,6.284936064601587
2025-05-05,537.3099975585938,6.286575204594226
2025-05-06,536.3499755859375,6.284786887524536
2025-05-07,533.469970703125,6.27940278181577
2025-05-08,535.6300048828125,6.28344363331364
2025-05-09,537.9600219726562,6.287784248799753
2025-05-12,544.489990234375,6.299849558796095
2025-05-13,545.1699829101562,6.301097641282025
2025-05-14,543.8800048828125,6.298728643265224
2025-05-15,546.9500122070312,6.304357412884167
2025-05-16,549.260009765625,6.308571935524009
2025-05-19,549.97998046875,6.309881878416324
2025-05-20,554.02001953125,6.317200822432379
2025-05-21,553.8200073242188,6.316839737430292
2025-05-22,550.27001953125,6.310409102354917
2025-05-23,545.1300048828125,6.3010243072862275
2025-05-26,550.5,6.310826956162734
2025-05-27,552.3200073242188,6.314127601715833
2025-05-28,548.9299926757812,6.307970915483681
2025-05-30,548.6699829101562,6.3074971367368295
2025-06-02,547.9199829101562,6.30612925969925
2025-06-03,548.4400024414062,6.307077888940001
2025-06-04,551.02001953125,6.311771141580452
2025-06-05,551.8800048828125,6.313330640187431
2025-06-06,553.6400146484375,6.316514682486917
2025-06-10,553.1199951171875,6.315574967345551
2025-06-11,551.6400146484375,6.312895686160479
2025-06-12,549.8400268554688,6.309627375655682
2025-06-13,544.9400024414062,6.300675701339721
2025-06-16,546.9099731445312,6.304284205959965
2025-06-17,542.260009765625,6.29574560922425
2025-06-18,540.3300170898438,6.292180095645605
2025-06-19,535.8599853515625,6.283872905587534
2025-06-20,536.530029296875,6.285122533098708
2025-06-23,535.030029296875,6.282322874847673
2025-06-24,540.97998046875,6.293382273482956
2025-06-25,536.97998046875,6.285960813495035
2025-06-26,537.47998046875,6.286891513668647
2025-06-27,543.6300048828125,6.298268877374043
2025-06-30,541.3699951171875,6.294102954730455
2025-07-01,540.25,6.292031995386996
2025-07-02,541.2100219726562,6.2938074141825595
2025-07-03,543.760009765625,6.298507990997822
2025-07-04,541.1300048828125,6.293659554752059
2025-07-07,543.5,6.298029706561264
2025-07-08,545.7100219726562,6.302087739375673
2025-07-09,549.9600219726562,6.309845588262222
2025-07-10,552.9299926757812,6.315231397985445
2025-07-11,547.3400268554688,6.305070230603473
2025-07-14,546.989990234375,6.304430502865834
2025-07-15,544.9500122070312,6.300694069735598
2025-07-16,541.8400268554688,6.294970804470114
2025-07-17,547.030029296875,6.304503699081265
2025-07-18,547.0,6.304448802421981
2025-07-21,546.5800170898438,6.303680714263382
2025-07-22,544.3400268554688,6.299574100960619
2025-07-23,550.219970703125,6.310318145002095
2025-07-24,551.5499877929688,6.312732474283161
2025-07-25,549.9500122070312,6.3098273871997455
2025-07-28,548.760009765625,6.307661205253767
2025-07-29,550.3599853515625,6.310572582943514
2025-07-30,550.239990234375,6.310354528936019
2025-07-31,546.1099853515625,6.3028203938317455
2025-08-04,540.5999755859375,6.292679588681298
2025-08-05,541.4000244140625,6.294158422274515
2025-08-06,541.0700073242188,6.293548674031345
2025-08-07,546.0499877929688,6.302710524288584
2025-08-08,547.0800170898438,6.3045950752516395
2025-08-11,546.760009765625,6.304009967145351
2025-08-12,547.8900146484375,6.306074563608152
2025-08-13,550.8499755859375,6.311462495465364
2025-08-14,553.8699951171875,6.316929993355492
2025-08-15,553.5599975585938,6.316370142947356
2025-08-18,554.010009765625,6.317182754753055
2025-08-19,557.8099975585938,6.324018398228528
2025-08-20,559.0900268554688,6.3263105100188595
2025-08-21,559.0700073242188,6.3262747020295915
2025-08-22,561.2999877929688,6.330255500200369
2025-08-25,558.8200073242188,6.325827430829577
2025-08-26,554.2000122070312,6.317525654455278
2025-08-27,554.760009765625,6.318535605391467
2025-08-28,553.6699829101562,6.316568810530179
2025-08-29,550.1400146484375,6.310172817916609
2025-09-01,551.4299926757812,6.3125148907915545
2025-09-02,543.1699829101562,6.297422314979312
2025-09-03,546.780029296875,6.304046581316825
2025-09-04,550.0900268554688,6.310081950023319
2025-09-05,549.2100219726562,6.308480922038782
2025-09-08,552.0399780273438,6.313620467617186
2025-09-09,552.3900146484375,6.314254345065526
2025-09-10,552.2899780273438,6.314073230856832
2025-09-11,555.3300170898438,6.319562562413916
2025-09-12,554.8400268554688,6.318679832297274
2025-09-15,557.1599731445312,6.322852403619189
2025-09-16,550.7899780273438,6.311353571386392
2025-09-17,550.6300048828125,6.311063086107137
2025-09-18,555.010009765625,6.318986149197533
2025-09-19,554.1199951171875,6.317381260977846
2025-09-22,553.4000244140625,6.316081111469309
2025-09-23,554.9500122070312,6.318878041594621
2025-09-24,553.8800048828125,6.316948065602164
2025-09-25,550.219970703125,6.310318145002095
2025-09-26,554.52001953125,6.318102909892079
2025-09-29,555.530029296875,6.319922665758785
2025-09-30,558.1799926757812,6.324681477886915
2025-10-01,564.6199951171875,6.336152929852573
2025-10-02,567.5999755859375,6.3414169022730915
2025-10-03,570.4500122070312,6.3464255444413284
2025-10-06,570.239990234375,6.346057307716925
2025-10-07,569.27001953125,6.344354872584134
2025-10-08,573.7899780273438,6.352263437426353
2025-10-09,571.3099975585938,6.347931965242263
2025-10-10,564.1599731445312,6.335337851606929
2025-10-13,566.6300048828125,6.339706542017614
2025-10-14,564.5399780273438,6.336011201325383
2025-10-15,567.77001953125,6.341716441537499
2025-10-16,571.6599731445312,6.3485443620783055
2025-10-17,566.239990234375,6.339017999350712
2025-10-20,572.0999755859375,6.349313758600015
2025-10-21,573.2999877929688,6.351409118621765
2025-10-22,572.2899780273438,6.34964581751499
2025-10-23,574.4299926757812,6.353378232032004
2025-10-24,575.760009765625,6.355690924160826
2025-10-27,577.030029296875,6.357894308995937
2025-10-28,575.760009765625,6.355690924160826
2025-10-29,575.4000244140625,6.355065493547169
2025-10-30,574.8300170898438,6.354074374639974
2025-10-31,571.8900146484375,6.348946690808077
2025-11-03,572.280029296875,6.349628433291385
2025-11-04,570.5800170898438,6.3466534172931155
2025-11-05,571.9000244140625,6.3489641936106604
2025-11-06,567.9000244140625,6.341945389873459
2025-11-07,564.7899780273438,6.336453941735736
2025-11-10,572.8200073242188,6.350571544024245
2025-11-11,580.1300048828125,6.363252224773102
2025-11-12,584.22998046875,6.37029470748102
2025-11-13,580.6699829101562,6.36418257982474
2025-11-14,574.8099975585938,6.354039547161812
2025-11-17,571.6799926757812,6.348579381463354
2025-11-18,561.8599853515625,6.331252682468946
2025-11-19,561.7100219726562,6.33098574159509
2025-11-20,563.9400024414062,6.33494786718946
2025-11-21,562.0999755859375,6.3316797265743645
2025-11-24,562.8800048828125,6.333066470223889
2025-11-25,568.010009765625,6.3421390413926755
2025-11-26,574.2100219726562,6.352995221335861
2025-11-27,575.0,6.354370040797351
2025-11-28,576.4299926757812,6.356853897254239
2025-12-01,575.27001953125,6.354839529754943
2025-12-02,575.6500244140625,6.355499879530968
2025-12-03,576.219970703125,6.356489481374911
2025-12-04,578.8400268554688,6.361026147265114
2025-12-05,578.77001953125,6.360905195784911
2025-12-08,578.3599853515625,6.360196486832383
2025-12-09,577.77001953125,6.359175899408772
2025-12-10,578.1699829101562,6.35986791351681
2025-12-11,581.3400268554688,6.365335829820771
2025-12-12,578.239990234375,6.3599889905153315
2025-12-15,582.5399780273438,6.367397814891399
2025-12-16,579.7999877929688,6.362683195433689
2025-12-17,579.7899780273438,6.362665931114542
2025-12-18,585.3499755859375,6.372209917217194
2025-12-19,587.5,6.375876246018314
2025-12-22,586.75,6.374598834731133
2025-12-23,588.72998046875,6.377967641302391
2025-12-29,589.25,6.378850541816241
2025-12-30,592.780029296875,6.384823384643944
2026-01-05,601.760009765625,6.399858710950465
2026-01-06,605.280029296875,6.405691209286903
2026-01-07,604.989990234375,6.405211912826822
2026-01-08,603.8300170898438,6.40329272966714
2026-01-09,609.6699829101562,6.412917799145069
2026-01-12,610.9500122070312,6.4150151427429405
2026-01-13,610.4400024414062,6.4141800126220945
2026-01-14,611.5599975585938,6.416013065700317
2026-01-15,614.5700073242188,6.420922848187059
2026-01-16,614.3800048828125,6.420613637167843
2026-01-19,607.0599975585938,6.408627628940267
2026-01-20,602.7999877929688,6.401585446501791
2026-01-21,602.6699829101562,6.401369754885282
2026-01-22,608.8599853515625,6.411588332166011
2026-01-23,608.3400268554688,6.410733980338034
2026-01-26,609.5700073242188,6.412753802578417
2026-01-27,613.1099853515625,6.418544341296532
2026-01-28,608.510009765625,6.411013362194708
2026-01-29,607.1400146484375,6.408759431096675
2026-01-30,611.0,6.415096959171596
2026-02-02,617.3099975585938,6.425371324892538
2026-02-03,617.9299926757812,6.426375170581074
2026-02-04,618.1199951171875,6.426682605466037
2026-02-05,611.6500244140625,6.416160263408011
2026-02-06,617.1199951171875,6.42506348654766
2026-02-09,621.4099731445312,6.431991046306389
2026-02-10,620.969970703125,6.431282724408597
2026-02-11,621.5800170898438,6.432264650997833
2026-02-12,618.52001953125,6.427329559184623
2026-02-13,617.7000122070312,6.426002922463924
2026-02-16,618.52001953125,6.427329559184623
2026-02-17,621.2899780273438,6.4317979262898515
2026-02-18,628.6900024414062,6.443638293308397
2026-02-19,625.3300170898438,6.438279537722768
2026-02-20,630.5599975585938,6.446608309574887
2026-02-23,627.7000122070312,6.442062364770724
2026-02-24,629.1400146484375,6.4443538307341495
2026-02-25,633.469970703125,6.451212596432662
2026-02-26,633.1799926757812,6.450754730343697
2026-02-27,633.8499755859375,6.451812294867637
2026-03-02,623.6300048828125,6.435557251617528
2026-03-03,604.4400024414062,6.404302413584681
2026-03-04,612.7100219726562,6.417891776661088
2026-03-05,604.8300170898438,6.4049474550653445
2026-03-06,598.6900024414062,6.394743939013537
2026-03-09,594.9199829101562,6.388426913998108
2026-03-10,606.1199951171875,6.407077978212111
2026-03-11,602.5399780273438,6.401154016735864
2026-03-12,598.8599853515625,6.3950278234660125
2026-03-13,595.8499755859375,6.38998891656331
2026-03-16,598.469970703125,6.394376349475473
2026-03-17,602.4500122070312,6.4010046946316
2026-03-18,597.9299926757812,6.393473677993464
2026-03-19,583.6400146484375,6.369284379494234
2026-03-20,573.280029296875,6.351374304660597
2026-03-23,576.780029296875,6.357460962099625
2026-03-24,579.280029296875,6.3617860036552
2026-03-25,587.489990234375,6.375859207974231
2026-03-26,580.8400268554688,6.364475377898106
2026-03-27,575.2999877929688,6.354891622650698
2026-03-30,580.72998046875,6.364285899198839
2026-03-31,583.1400146484375,6.3684273198633665
2026-04-01,597.6900024414062,6.393072228973578
2026-04-02,596.6300048828125,6.391297163948429
2026-04-07,590.5900268554688,6.381122082705119
2026-04-08,613.5,6.419180264150966
2026-04-09,612.5900268554688,6.417695914239168
2026-04-10,614.8400268554688,6.421362115035523
2026-04-13,613.8800048828125,6.419799477260912
2026-04-14,619.9500122070312,6.4296388493161984
2026-04-15,617.27001953125,6.4253065611238
2026-04-16,616.9500122070312,6.4247880031306375
2026-04-17,626.5800170898438,6.440276486994311
2026-04-20,621.4600219726562,6.432071583817711
2026-04-21,616.030029296875,6.423295711203896
2026-04-22,613.8800048828125,6.419799477260912
2026-04-23,614.2000122070312,6.420320627881407
2026-04-24,610.6500244140625,6.414524003597548
2026-04-27,608.8400268554688,6.411555551520704
2026-04-28,606.5800170898438,6.407836652228918
2026-04-29,602.9600219726562,6.401850895976531
2026-04-30,611.280029296875,6.4155551672664055
2026-05-04,605.510009765625,6.4060710942613355
2026-05-05,609.719970703125,6.41299978734392
2026-05-06,623.25,6.434947722403667
2026-05-07,616.4199829101562,6.423928521658571
2026-05-08,612.1400146484375,6.416961038450981
2026-05-11,612.7899780273438,6.418022263898625
2026-05-12,606.6300048828125,6.407919058064826
2026-05-13,611.4199829101562,6.415784092779607
2026-05-15,606.9199829101562,6.408396958498726
