t2,total_fits,valid_fits,mean_tc,median_tc,mean_rmse,positive_bubble_confidence
2007-03-29,26,6,2007-12-11 11:04:36.923076864,2007-10-13 00:00:00,0.020007827110192035,0.23076923076923078
2007-03-30,26,6,2007-12-26 19:23:04.615384576,2007-10-28 12:00:00,0.020002301531731145,0.23076923076923078
2007-04-02,26,6,2007-11-27 00:55:23.076923136,2007-10-01 00:00:00,0.019963886403061706,0.23076923076923078
2007-04-03,26,6,2007-12-16 14:46:09.230769152,2007-11-13 12:00:00,0.020028822753763848,0.23076923076923078
2007-04-04,26,5,2007-12-08 03:41:32.307692288,2007-10-21 00:00:00,0.02004403581401605,0.19230769230769232
2007-04-05,26,5,2007-11-26 17:32:18.461538560,2007-10-19 00:00:00,0.02003653435677316,0.19230769230769232
2007-04-10,26,5,2007-11-22 18:27:41.538461440,2007-10-10 12:00:00,0.020077006405205582,0.19230769230769232
2007-04-11,26,6,2007-11-09 11:04:36.923076864,2007-09-24 12:00:00,0.020072533722111006,0.23076923076923078
2007-04-12,26,6,2007-11-03 04:36:55.384615424,2007-09-25 00:00:00,0.020051196108178716,0.23076923076923078
2007-04-13,26,6,2007-11-01 01:50:46.153846272,2007-09-28 12:00:00,0.0200849428256086,0.23076923076923078
2007-04-16,26,5,2007-10-04 11:04:36.923076864,2007-09-04 12:00:00,0.02005562301435173,0.19230769230769232
2007-04-17,26,5,2007-08-01 11:04:36.923076864,2007-07-19 12:00:00,0.019909683514207653,0.19230769230769232
2007-04-18,26,6,2007-08-31 01:50:46.153846272,2007-08-12 12:00:00,0.019955530126999615,0.23076923076923078
2007-04-19,26,7,2007-09-18 06:27:41.538461440,2007-09-08 00:00:00,0.01996870699755738,0.2692307692307692
2007-04-20,26,6,2007-09-12 14:46:09.230769152,2007-08-17 00:00:00,0.019934626541253584,0.23076923076923078
2007-04-23,26,6,2007-09-03 01:50:46.153846272,2007-08-07 12:00:00,0.019887994646718657,0.23076923076923078
2007-04-24,26,7,2007-08-30 12:55:23.076923136,2007-08-04 12:00:00,0.0198272069958309,0.2692307692307692
2007-04-25,26,7,2007-08-21 21:13:50.769230848,2007-07-29 12:00:00,0.019784183572332616,0.2692307692307692
2007-04-26,26,7,2007-08-20 08:18:27.692307712,2007-07-31 12:00:00,0.019746222370772934,0.2692307692307692
2007-04-27,26,7,2007-09-11 07:23:04.615384576,2007-08-24 12:00:00,0.019749235340535257,0.2692307692307692
2007-04-30,26,7,2007-09-10 10:09:13.846153728,2007-08-24 12:00:00,0.019736153302807116,0.2692307692307692
2007-05-02,26,7,2007-09-20 04:36:55.384615424,2007-09-15 12:00:00,0.019727714003715948,0.2692307692307692
2007-05-03,26,7,2007-09-15 00:55:23.076923136,2007-08-30 00:00:00,0.019614105621977698,0.2692307692307692
2007-05-04,26,6,2007-08-24 19:23:04.615384576,2007-08-18 00:00:00,0.019515958401045943,0.23076923076923078
2007-05-07,26,6,2007-08-30 10:09:13.846153728,2007-08-18 12:00:00,0.01947211264629291,0.23076923076923078
2007-05-08,26,6,2007-08-26 09:13:50.769230848,2007-08-24 12:00:00,0.01943596627585301,0.23076923076923078
2007-05-09,26,6,2007-08-28 16:36:55.384615424,2007-08-27 00:00:00,0.019392854109982448,0.23076923076923078
2007-05-10,26,6,2007-09-08 00:00:00.000000000,2007-08-29 00:00:00,0.019395614985932837,0.23076923076923078
2007-05-11,26,7,2007-09-06 12:00:00.000000000,2007-08-31 00:00:00,0.01939369383416537,0.2692307692307692
2007-05-14,26,7,2007-08-23 18:27:41.538461440,2007-08-06 00:00:00,0.019308918337139453,0.2692307692307692
2007-05-15,26,7,2007-08-23 22:09:13.846153728,2007-08-04 12:00:00,0.01929909227596285,0.2692307692307692
2007-05-16,26,7,2007-08-23 09:13:50.769230848,2007-08-01 00:00:00,0.01929204086684975,0.2692307692307692
2007-05-18,26,6,2007-08-23 19:23:04.615384576,2007-08-04 12:00:00,0.01933314317956679,0.23076923076923078
2007-05-21,26,6,2007-08-19 11:04:36.923076864,2007-08-10 12:00:00,0.019313203645208776,0.23076923076923078
2007-05-22,26,6,2007-08-23 04:36:55.384615424,2007-08-12 12:00:00,0.019306103424667206,0.23076923076923078
2007-05-23,26,6,2007-09-06 15:41:32.307692288,2007-08-20 12:00:00,0.019335359243828874,0.23076923076923078
2007-05-24,26,6,2007-08-22 22:09:13.846153728,2007-07-24 00:00:00,0.019222041338707606,0.23076923076923078
2007-05-25,26,6,2007-09-12 01:50:46.153846272,2007-08-11 12:00:00,0.01926216398742386,0.23076923076923078
2007-05-29,26,6,2007-09-09 11:04:36.923076864,2007-08-09 12:00:00,0.019232537732510047,0.23076923076923078
2007-05-30,26,6,2007-09-21 05:32:18.461538560,2007-08-26 12:00:00,0.019239175684493112,0.23076923076923078
2007-05-31,26,6,2007-09-06 15:41:32.307692288,2007-08-12 12:00:00,0.019168914786243874,0.23076923076923078
2007-06-01,26,6,2007-09-14 22:09:13.846153728,2007-08-19 00:00:00,0.019134714090546283,0.23076923076923078
2007-06-04,26,6,2007-09-15 00:55:23.076923136,2007-08-24 12:00:00,0.019094913734764636,0.23076923076923078
2007-06-05,26,6,2007-09-10 12:55:23.076923136,2007-08-20 12:00:00,0.019101475185696423,0.23076923076923078
2007-06-06,26,6,2007-09-04 18:27:41.538461440,2007-08-06 00:00:00,0.019093903769258187,0.23076923076923078
2007-06-07,26,6,2007-09-09 22:09:13.846153728,2007-08-07 12:00:00,0.019159501347378635,0.23076923076923078
2007-06-08,26,6,2007-08-21 10:09:13.846153728,2007-08-02 12:00:00,0.019129617397534746,0.23076923076923078
2007-06-11,26,6,2007-09-07 17:32:18.461538560,2007-08-16 12:00:00,0.019168872132158114,0.23076923076923078
2007-06-12,26,5,2007-09-04 00:00:00.000000000,2007-08-10 00:00:00,0.01912879403513217,0.19230769230769232
2007-06-13,26,5,2007-08-24 10:09:13.846153728,2007-08-10 00:00:00,0.019108423048381958,0.19230769230769232
2007-06-14,26,5,2007-09-06 16:36:55.384615424,2007-08-10 00:00:00,0.019078964165347777,0.19230769230769232
2007-06-15,26,5,2007-08-19 17:32:18.461538560,2007-08-06 12:00:00,0.0190260395161029,0.19230769230769232
2007-06-18,26,5,2007-08-23 13:50:46.153846272,2007-08-07 00:00:00,0.019001655848747575,0.19230769230769232
2007-06-19,26,5,2007-08-29 12:55:23.076923136,2007-08-10 12:00:00,0.01898371739135759,0.19230769230769232
2007-06-20,26,6,2007-09-10 01:50:46.153846272,2007-08-11 12:00:00,0.01899299766526127,0.23076923076923078
2007-06-21,26,4,2007-09-02 05:32:18.461538560,2007-08-12 12:00:00,0.018964457782352714,0.15384615384615385
2007-06-22,26,5,2007-09-22 10:09:13.846153728,2007-09-05 00:00:00,0.018989133948164504,0.19230769230769232
2007-06-25,26,6,2007-10-13 01:50:46.153846272,2007-09-12 00:00:00,0.019018713850202398,0.23076923076923078
2007-06-26,26,6,2007-10-17 00:55:23.076923136,2007-09-14 12:00:00,0.019036671639810356,0.23076923076923078
2007-06-27,26,4,2007-09-12 04:36:55.384615424,2007-09-05 00:00:00,0.01896816265096542,0.15384615384615385
2007-06-28,26,4,2007-09-16 20:18:27.692307712,2007-09-11 12:00:00,0.01895679301661201,0.15384615384615385
2007-06-29,26,4,2007-10-09 01:50:46.153846272,2007-09-23 00:00:00,0.018989047247640677,0.15384615384615385
2007-07-02,26,5,2007-10-25 00:00:00.000000000,2007-09-22 12:00:00,0.018987395132300897,0.19230769230769232
2007-07-03,26,4,2007-10-08 17:32:18.461538560,2007-09-21 00:00:00,0.018909408225921184,0.15384615384615385
2007-07-04,26,5,2007-10-21 18:27:41.538461440,2007-09-20 00:00:00,0.01890682893957265,0.19230769230769232
2007-07-05,26,4,2007-10-10 07:23:04.615384576,2007-09-25 00:00:00,0.01884249424139668,0.15384615384615385
2007-07-06,26,4,2007-10-06 04:36:55.384615424,2007-09-23 00:00:00,0.018789489598213912,0.15384615384615385
2007-07-09,26,4,2007-10-05 20:18:27.692307712,2007-09-26 00:00:00,0.018760058584366614,0.15384615384615385
2007-07-10,26,4,2007-10-07 22:09:13.846153728,2007-09-28 12:00:00,0.018753003146828387,0.15384615384615385
2007-07-11,26,4,2007-10-07 07:23:04.615384576,2007-09-20 12:00:00,0.018776101334252643,0.15384615384615385
2007-07-12,26,4,2007-10-13 04:36:55.384615424,2007-09-29 00:00:00,0.018740063194117286,0.15384615384615385
2007-07-13,26,4,2007-10-15 07:23:04.615384576,2007-09-29 12:00:00,0.018692650168796808,0.15384615384615385
2007-07-16,26,4,2007-10-15 10:09:13.846153728,2007-10-02 00:00:00,0.01863972802291415,0.15384615384615385
2007-07-17,26,3,2007-09-29 09:13:50.769230848,2007-09-28 00:00:00,0.018572804184206367,0.11538461538461539
2007-07-18,26,3,2007-09-28 21:13:50.769230848,2007-09-28 12:00:00,0.018572884008568977,0.11538461538461539
2007-07-19,26,3,2007-09-29 08:18:27.692307712,2007-10-01 00:00:00,0.01854162730444276,0.11538461538461539
2007-07-20,26,3,2007-10-01 18:27:41.538461440,2007-10-07 12:00:00,0.01854934213476741,0.11538461538461539
2007-07-23,26,3,2007-10-09 07:23:04.615384576,2007-10-16 12:00:00,0.018586031615949884,0.11538461538461539
2007-07-24,26,3,2007-10-02 20:18:27.692307712,2007-10-04 00:00:00,0.018617950731472776,0.11538461538461539
2007-07-25,26,3,2007-10-08 14:46:09.230769152,2007-10-13 12:00:00,0.01873532622272705,0.11538461538461539
2007-07-26,26,3,2007-10-17 23:04:36.923076864,2007-10-18 00:00:00,0.019092910890078335,0.11538461538461539
2007-07-27,26,4,2007-12-07 15:41:32.307692288,2007-11-11 00:00:00,0.0195072443014667,0.15384615384615385
2007-07-30,26,4,2007-12-16 09:13:50.769230848,2007-11-18 12:00:00,0.01982907072428061,0.15384615384615385
2007-07-31,26,5,2008-01-08 01:50:46.153846272,2007-12-08 00:00:00,0.01999056353089674,0.19230769230769232
2007-08-02,26,5,2008-01-13 01:50:46.153846272,2007-12-12 12:00:00,0.0201470367744266,0.19230769230769232
2007-08-03,26,5,2008-01-18 20:18:27.692307712,2007-12-28 12:00:00,0.020380682358588434,0.19230769230769232
2007-08-06,26,5,2008-02-13 06:27:41.538461440,2008-01-28 00:00:00,0.020718977979188227,0.19230769230769232
2007-08-07,26,6,2008-03-16 00:00:00.000000000,2008-02-07 12:00:00,0.02091681724790334,0.23076923076923078
2007-08-08,26,6,2008-04-10 06:27:41.538461440,2008-02-17 12:00:00,0.02101831230426591,0.23076923076923078
2007-08-09,26,5,2008-04-14 05:32:18.461538560,2008-02-24 00:00:00,0.021137903662332407,0.19230769230769232
2007-08-10,26,5,2008-05-03 10:09:13.846153728,2008-03-05 12:00:00,0.021487447442422387,0.19230769230769232
2007-08-13,26,4,2008-05-01 05:32:18.461538560,2008-03-07 12:00:00,0.021620005268310045,0.15384615384615385
2007-08-14,26,3,2008-05-12 14:46:09.230769152,2008-03-13 00:00:00,0.021833149730534133,0.11538461538461539
2007-08-15,26,3,2008-05-12 13:50:46.153846272,2008-03-14 00:00:00,0.022022623685789996,0.11538461538461539
2007-08-16,26,3,2008-05-19 14:46:09.230769152,2008-03-17 00:00:00,0.0225182273553998,0.11538461538461539
2007-08-17,26,3,2008-06-08 01:50:46.153846272,2008-03-18 12:00:00,0.022771903477859234,0.11538461538461539
2007-08-20,26,2,2008-07-02 14:46:09.230769152,2008-04-21 12:00:00,0.022923812913186625,0.07692307692307693
2007-08-21,26,2,2008-07-16 03:41:32.307692288,2008-06-07 00:00:00,0.023095427293487063,0.07692307692307693
2007-08-22,26,2,2008-07-16 22:09:13.846153728,2008-06-03 00:00:00,0.023141992954640447,0.07692307692307693
2007-08-23,26,2,2008-07-20 04:36:55.384615424,2008-06-20 00:00:00,0.02318489743258429,0.07692307692307693
2007-08-24,26,2,2008-07-21 12:00:00.000000000,2008-06-17 00:00:00,0.02322287584731901,0.07692307692307693
2007-08-27,26,2,2008-07-21 11:04:36.923076864,2008-06-08 12:00:00,0.02325912667298084,0.07692307692307693
2007-08-28,26,2,2008-06-24 23:04:36.923076864,2008-03-26 00:00:00,0.023345637847821992,0.07692307692307693
2007-08-29,26,2,2008-07-19 14:46:09.230769152,2008-06-08 00:00:00,0.023420775245786635,0.07692307692307693
2007-08-30,26,2,2008-07-17 07:23:04.615384576,2008-05-26 12:00:00,0.023470824570743506,0.07692307692307693
2007-08-31,26,2,2008-07-05 03:41:32.307692288,2008-03-28 12:00:00,0.02354273445924872,0.07692307692307693
2007-09-03,26,2,2008-06-23 20:18:27.692307712,2008-03-28 00:00:00,0.02360452761253604,0.07692307692307693
2007-09-04,26,2,2008-07-04 10:09:13.846153728,2008-03-29 12:00:00,0.023652661121506376,0.07692307692307693
2007-09-05,26,1,2008-06-23 07:23:04.615384576,2008-03-30 12:00:00,0.023715493205497505,0.038461538461538464
2007-09-06,26,2,2008-07-10 00:55:23.076923136,2008-03-31 00:00:00,0.023740640711629863,0.07692307692307693
2007-09-07,26,2,2008-07-13 12:55:23.076923136,2008-04-01 00:00:00,0.02382723102955904,0.07692307692307693
2007-09-10,26,2,2008-07-16 19:23:04.615384576,2008-04-02 12:00:00,0.023953941270776876,0.07692307692307693
2007-09-11,26,2,2008-07-19 22:09:13.846153728,2008-04-29 12:00:00,0.024054998826680864,0.07692307692307693
2007-09-12,26,2,2008-07-16 12:55:23.076923136,2008-04-08 12:00:00,0.024102396908506355,0.07692307692307693
2007-09-13,26,2,2008-07-18 05:32:18.461538560,2008-04-14 00:00:00,0.024141192888019268,0.07692307692307693
2007-09-14,26,3,2008-08-01 18:27:41.538461440,2008-04-27 12:00:00,0.02417641748907667,0.11538461538461539
2007-09-17,26,3,2008-08-06 01:50:46.153846272,2008-05-20 12:00:00,0.024286851419832407,0.11538461538461539
2007-09-18,26,3,2008-08-04 04:36:55.384615424,2008-05-05 00:00:00,0.02433616919714081,0.11538461538461539
2007-09-19,26,3,2008-08-05 12:55:23.076923136,2008-05-07 00:00:00,0.024366437796649296,0.11538461538461539
2007-09-20,26,3,2008-08-09 11:04:36.923076864,2008-07-07 00:00:00,0.024470123946081463,0.11538461538461539
2007-09-21,26,3,2008-08-09 18:27:41.538461440,2008-07-11 00:00:00,0.024477831312918343,0.11538461538461539
2007-09-24,26,3,2008-08-07 00:00:00.000000000,2008-07-12 12:00:00,0.024476746071223684,0.11538461538461539
2007-09-25,26,3,2008-08-05 04:36:55.384615424,2008-06-19 00:00:00,0.024479247660551505,0.11538461538461539
2007-09-26,26,3,2008-07-31 10:09:13.846153728,2008-04-29 12:00:00,0.024462284637861542,0.11538461538461539
2007-09-27,26,3,2008-07-31 07:23:04.615384576,2008-04-20 00:00:00,0.0244470993952194,0.11538461538461539
2007-09-28,26,3,2008-07-27 13:50:46.153846272,2008-04-15 12:00:00,0.024426042660465223,0.11538461538461539
2007-10-01,26,3,2008-07-28 21:13:50.769230848,2008-04-17 12:00:00,0.02441107133890304,0.11538461538461539
2007-10-02,26,3,2008-07-28 16:36:55.384615424,2008-04-20 00:00:00,0.024403598271478463,0.11538461538461539
2007-10-03,26,3,2008-07-29 07:23:04.615384576,2008-04-22 00:00:00,0.024385085092021145,0.11538461538461539
2007-10-04,26,3,2008-07-26 21:13:50.769230848,2008-04-23 12:00:00,0.024399465281394965,0.11538461538461539
2007-10-05,26,3,2008-07-25 15:41:32.307692288,2008-04-23 12:00:00,0.024426167472277934,0.11538461538461539
2007-10-08,26,2,2008-07-13 02:46:09.230769152,2008-04-18 00:00:00,0.024466671622880735,0.07692307692307693
2007-10-09,26,3,2008-07-23 07:23:04.615384576,2008-05-09 00:00:00,0.024475724725922427,0.11538461538461539
2007-10-10,26,3,2008-07-20 07:23:04.615384576,2008-05-11 00:00:00,0.024491087317655477,0.11538461538461539
2007-10-11,26,3,2008-07-18 03:41:32.307692288,2008-05-05 12:00:00,0.024506747756229193,0.11538461538461539
2007-10-12,26,3,2008-07-11 00:55:23.076923136,2008-04-28 12:00:00,0.024512603607344793,0.11538461538461539
2007-10-15,26,2,2008-06-29 12:55:23.076923136,2008-04-17 12:00:00,0.024521140435681602,0.07692307692307693
2007-10-16,26,3,2008-07-18 13:50:46.153846272,2008-05-08 00:00:00,0.024567618190322542,0.11538461538461539
2007-10-17,26,3,2008-07-13 07:23:04.615384576,2008-05-09 12:00:00,0.024559122093826585,0.11538461538461539
2007-10-18,26,3,2008-07-04 02:46:09.230769152,2008-04-27 00:00:00,0.02454853492256598,0.11538461538461539
2007-10-19,26,3,2008-07-11 15:41:32.307692288,2008-05-18 12:00:00,0.024529251203023218,0.11538461538461539
2007-10-22,26,3,2008-07-10 14:46:09.230769152,2008-05-18 12:00:00,0.02455855512664499,0.11538461538461539
2007-10-23,26,3,2008-07-10 09:13:50.769230848,2008-05-18 00:00:00,0.024548409560172495,0.11538461538461539
2007-10-24,26,4,2008-07-11 11:04:36.923076864,2008-05-22 12:00:00,0.024549480554918703,0.15384615384615385
2007-10-25,26,4,2008-07-11 16:36:55.384615424,2008-05-30 00:00:00,0.02454466466709818,0.15384615384615385
2007-10-26,26,4,2008-07-28 09:13:50.769230848,2008-06-26 12:00:00,0.02451796518297994,0.15384615384615385
2007-10-29,26,3,2008-07-08 20:18:27.692307712,2008-05-22 00:00:00,0.02451164283342598,0.11538461538461539
2007-10-30,26,2,2008-07-17 05:32:18.461538560,2008-05-15 00:00:00,0.024472196047041903,0.07692307692307693
2007-10-31,26,3,2008-07-29 11:04:36.923076864,2008-06-18 00:00:00,0.02442879337317945,0.11538461538461539
2007-11-01,26,2,2008-07-31 10:09:13.846153728,2008-06-21 00:00:00,0.024466834002740974,0.07692307692307693
2007-11-02,26,2,2008-07-30 12:55:23.076923136,2008-06-21 12:00:00,0.024429325842374908,0.07692307692307693
2007-11-05,26,2,2008-08-11 20:18:27.692307712,2008-07-26 00:00:00,0.02448023590192281,0.07692307692307693
2007-11-06,26,2,2008-08-14 19:23:04.615384576,2008-07-25 12:00:00,0.024456810281214755,0.07692307692307693
2007-11-07,26,2,2008-08-01 16:36:55.384615424,2008-06-23 00:00:00,0.024380588222097026,0.07692307692307693
2007-11-08,26,2,2008-07-31 17:32:18.461538560,2008-07-01 00:00:00,0.02446627334234536,0.07692307692307693
2007-11-09,26,2,2008-08-06 13:50:46.153846272,2008-07-24 00:00:00,0.024552086872807594,0.07692307692307693
2007-11-12,26,2,2008-08-22 13:50:46.153846272,2008-08-13 12:00:00,0.024630477596080665,0.07692307692307693
2007-11-13,26,2,2008-08-13 05:32:18.461538560,2008-08-11 12:00:00,0.024760733750233292,0.07692307692307693
2007-11-14,26,1,2008-09-21 08:18:27.692307712,2008-11-29 12:00:00,0.024783937814267527,0.038461538461538464
2007-11-15,26,1,2008-09-22 15:41:32.307692288,2008-12-11 00:00:00,0.024844733988507197,0.038461538461538464
2007-11-16,26,1,2008-08-27 21:13:50.769230848,2008-09-08 12:00:00,0.024952326802989373,0.038461538461538464
2007-11-19,26,1,2008-09-18 16:36:55.384615424,2008-11-16 00:00:00,0.02518417880580428,0.038461538461538464
2007-11-20,26,1,2008-09-28 00:00:00.000000000,2008-11-27 12:00:00,0.025285244219853606,0.038461538461538464
2007-11-21,26,0,2008-10-20 09:13:50.769230848,2009-03-06 00:00:00,0.02554772454369704,0.0
2007-11-22,26,1,2008-10-29 12:00:00.000000000,2009-03-10 00:00:00,0.025775159297736935,0.038461538461538464
2007-11-23,26,0,2008-10-02 20:18:27.692307712,2009-01-10 00:00:00,0.025700027238379726,0.0
2007-11-26,26,1,2008-10-20 10:09:13.846153728,2009-03-14 00:00:00,0.025816966341201453,0.038461538461538464
2007-11-27,26,1,2008-10-25 16:36:55.384615424,2009-04-03 00:00:00,0.02587623341125779,0.038461538461538464
2007-11-28,26,1,2008-11-11 11:04:36.923076864,2009-04-08 00:00:00,0.02587222193285993,0.038461538461538464
2007-11-29,26,1,2008-11-10 15:41:32.307692288,2009-04-08 12:00:00,0.025864260512781973,0.038461538461538464
2007-11-30,26,1,2008-11-11 19:23:04.615384576,2009-04-10 12:00:00,0.02584821596019846,0.038461538461538464
2007-12-03,26,1,2008-11-11 00:00:00.000000000,2009-04-13 00:00:00,0.025850013110018125,0.038461538461538464
2007-12-04,26,1,2008-10-28 08:18:27.692307712,2009-04-14 00:00:00,0.025820495309602825,0.038461538461538464
2007-12-05,26,1,2008-11-14 12:00:00.000000000,2009-04-14 00:00:00,0.02577894046507428,0.038461538461538464
2007-12-06,26,1,2008-11-15 13:50:46.153846272,2009-04-16 12:00:00,0.02572996801294658,0.038461538461538464
2007-12-07,26,1,2008-10-30 20:18:27.692307712,2009-04-15 00:00:00,0.02566741381605088,0.038461538461538464
2007-12-10,26,2,2008-11-17 13:50:46.153846272,2009-04-16 12:00:00,0.02562165307774753,0.07692307692307693
2007-12-11,26,1,2008-11-03 12:00:00.000000000,2009-04-17 12:00:00,0.0255855295684886,0.038461538461538464
2007-12-12,26,2,2008-11-02 12:55:23.076923136,2009-04-10 00:00:00,0.02554378871809103,0.07692307692307693
2007-12-13,26,3,2008-12-05 16:36:55.384615424,2009-04-24 12:00:00,0.025580140686915047,0.11538461538461539
2007-12-14,26,3,2008-12-06 06:27:41.538461440,2009-04-26 00:00:00,0.025588149089794142,0.11538461538461539
2007-12-17,26,4,2008-12-22 09:13:50.769230848,2009-04-30 00:00:00,0.025613556236680712,0.15384615384615385
2007-12-18,26,4,2008-12-17 06:27:41.538461440,2009-05-01 00:00:00,0.025592249464729308,0.15384615384615385
2007-12-19,26,4,2008-12-21 03:41:32.307692288,2009-05-02 00:00:00,0.02560929613505343,0.15384615384615385
2007-12-20,26,3,2008-12-07 18:27:41.538461440,2009-05-01 12:00:00,0.0256408502298705,0.11538461538461539
2007-12-21,26,4,2008-12-20 10:09:13.846153728,2009-05-04 00:00:00,0.025523241232148657,0.15384615384615385
2007-12-24,26,4,2008-12-23 00:55:23.076923136,2009-05-07 00:00:00,0.025493390036839203,0.15384615384615385
2007-12-27,26,3,2008-12-07 12:00:00.000000000,2009-05-08 12:00:00,0.025511767395921894,0.11538461538461539
2007-12-28,26,3,2008-12-08 12:55:23.076923136,2009-05-10 00:00:00,0.025475087537575936,0.11538461538461539
2007-12-31,26,3,2008-12-11 06:27:41.538461440,2009-05-13 00:00:00,0.025430336276371368,0.11538461538461539
2008-01-03,26,3,2008-12-07 23:04:36.923076864,2009-05-17 00:00:00,0.02527982233217247,0.11538461538461539
2008-01-04,26,2,2008-11-24 12:00:00.000000000,2009-05-16 00:00:00,0.025394629639944988,0.07692307692307693
2008-01-07,26,2,2008-11-27 08:18:27.692307712,2009-05-20 00:00:00,0.02541091441333119,0.07692307692307693
2008-01-08,26,3,2008-12-16 23:04:36.923076864,2009-05-22 00:00:00,0.025274171711084585,0.11538461538461539
2008-01-09,26,3,2008-12-18 11:04:36.923076864,2009-05-23 00:00:00,0.025315803693307472,0.11538461538461539
2008-01-10,26,2,2009-01-07 05:32:18.461538560,2009-05-24 00:00:00,0.02540683176738183,0.07692307692307693
2008-01-11,26,2,2009-01-08 12:55:23.076923136,2009-05-25 00:00:00,0.02546066410418144,0.07692307692307693
2008-01-14,26,2,2009-01-11 16:36:55.384615424,2009-05-28 00:00:00,0.025525314721216972,0.07692307692307693
2008-01-15,26,1,2009-01-17 12:00:00.000000000,2009-05-29 00:00:00,0.025786831695496115,0.038461538461538464
2008-01-16,26,0,2009-01-17 18:27:41.538461440,2009-05-30 00:00:00,0.025933669816399656,0.0
2008-01-17,26,0,2009-01-16 17:32:18.461538560,2009-05-31 00:00:00,0.026090037664471308,0.0
2008-01-18,26,0,2009-01-22 06:27:41.538461440,2009-06-01 00:00:00,0.026415179244051918,0.0
2008-01-21,26,0,2009-01-20 15:41:32.307692288,2009-06-04 00:00:00,0.02704333418880542,0.0
2008-01-22,26,0,2009-01-24 07:23:04.615384576,2009-06-05 00:00:00,0.0275751214194185,0.0
2008-01-23,26,0,2009-01-22 15:41:32.307692288,2009-06-06 00:00:00,0.02822510522435321,0.0
2008-01-24,26,0,2009-01-23 15:41:32.307692288,2009-06-07 00:00:00,0.028580290221247383,0.0
2008-01-25,26,0,2009-02-12 17:32:18.461538560,2009-06-08 00:00:00,0.02892566069572337,0.0
2008-01-28,26,0,2009-03-08 13:50:46.153846272,2009-06-11 00:00:00,0.029385191252751006,0.0
2008-01-29,26,0,2009-03-26 04:36:55.384615424,2009-06-12 00:00:00,0.029560792615107356,0.0
2008-01-30,26,0,2009-03-27 15:41:32.307692288,2009-06-13 00:00:00,0.029671775354366454,0.0
2008-01-31,26,0,2009-04-04 17:32:18.461538560,2009-06-14 00:00:00,0.029939499303504143,0.0
2008-02-01,26,0,2009-04-04 18:27:41.538461440,2009-06-15 00:00:00,0.030026691346015613,0.0
2008-02-04,26,0,2009-04-03 23:04:36.923076864,2009-06-18 00:00:00,0.030138866379467714,0.0
2008-02-05,26,0,2009-04-03 19:23:04.615384576,2009-06-19 00:00:00,0.030096746413116063,0.0
2008-02-06,26,0,2009-04-08 01:50:46.153846272,2009-06-20 00:00:00,0.030263377104656798,0.0
2008-02-07,26,0,2009-04-03 13:50:46.153846272,2009-06-21 00:00:00,0.030197481728192307,0.0
2008-02-08,26,0,2009-04-06 06:27:41.538461440,2009-06-22 00:00:00,0.03025829004918668,0.0
2008-02-11,26,0,2009-04-15 00:00:00.000000000,2009-06-25 00:00:00,0.030520126677953525,0.0
2008-02-12,26,0,2009-04-07 23:04:36.923076864,2009-06-26 00:00:00,0.030433269924209635,0.0
2008-02-13,26,0,2009-04-08 04:36:55.384615424,2009-06-27 00:00:00,0.030498761781198078,0.0
2008-02-14,26,0,2009-04-24 02:46:09.230769152,2009-06-28 00:00:00,0.03069825453267613,0.0
2008-02-15,26,0,2009-04-27 12:55:23.076923136,2009-06-29 00:00:00,0.030753781877843132,0.0
2008-02-18,26,0,2009-04-24 07:23:04.615384576,2009-07-02 00:00:00,0.030673903174284124,0.0
2008-02-19,26,0,2009-04-27 16:36:55.384615424,2009-07-03 00:00:00,0.030668569279763493,0.0
2008-02-20,26,0,2009-04-24 00:00:00.000000000,2009-07-04 00:00:00,0.03062892630639737,0.0
2008-02-21,26,0,2009-05-16 16:36:55.384615424,2009-07-05 00:00:00,0.03073019042781255,0.0
2008-02-22,26,0,2009-05-12 01:50:46.153846272,2009-07-06 00:00:00,0.03067384417605948,0.0
2008-02-25,26,0,2009-04-26 20:18:27.692307712,2009-07-09 00:00:00,0.030504947009696935,0.0
2008-02-26,26,0,2009-04-21 00:00:00.000000000,2009-07-10 00:00:00,0.03049550003407692,0.0
2008-02-27,26,0,2009-04-19 22:09:13.846153728,2009-07-11 00:00:00,0.030460980389762114,0.0
2008-02-28,26,0,2009-04-20 22:09:13.846153728,2009-07-12 00:00:00,0.030414062842533958,0.0
2008-02-29,26,0,2009-04-03 06:27:41.538461440,2009-07-13 00:00:00,0.030321668701483732,0.0
2008-03-03,26,0,2009-04-30 17:32:18.461538560,2009-07-16 00:00:00,0.03035170390224834,0.0
2008-03-04,26,0,2009-05-03 10:09:13.846153728,2009-07-17 00:00:00,0.030365189515218292,0.0
2008-03-05,26,0,2009-05-05 07:23:04.615384576,2009-07-18 00:00:00,0.03032397839602473,0.0
2008-03-06,26,0,2009-04-26 04:36:55.384615424,2009-07-19 00:00:00,0.030284123897558333,0.0
2008-03-07,26,0,2009-04-28 10:09:13.846153728,2009-07-20 00:00:00,0.03030824503008296,0.0
2008-03-10,26,0,2009-05-08 03:41:32.307692288,2009-07-23 00:00:00,0.03032149915351836,0.0
2008-03-11,26,0,2009-05-11 08:18:27.692307712,2009-07-24 00:00:00,0.030306398901274477,0.0
2008-03-12,26,0,2009-05-13 15:41:32.307692288,2009-07-25 00:00:00,0.03026784444347694,0.0
2008-03-13,26,0,2009-05-13 02:46:09.230769152,2009-07-26 00:00:00,0.03022072028749326,0.0
2008-03-14,26,0,2009-05-25 12:55:23.076923136,2009-07-27 00:00:00,0.03023728564027908,0.0
2008-03-17,26,0,2009-05-23 02:46:09.230769152,2009-07-30 00:00:00,0.030312374633881038,0.0
2008-03-18,26,0,2009-06-10 20:18:27.692307712,2009-07-31 00:00:00,0.03039933098198398,0.0
2008-03-19,26,0,2009-06-11 19:23:04.615384576,2009-08-01 00:00:00,0.03043232835872414,0.0
2008-03-20,26,0,2009-06-16 12:00:00.000000000,2009-08-02 00:00:00,0.03043997528642469,0.0
2008-03-25,26,0,2009-06-18 14:46:09.230769152,2009-08-07 00:00:00,0.03033210415825096,0.0
2008-03-26,26,0,2009-06-20 07:23:04.615384576,2009-08-08 00:00:00,0.030263226112515577,0.0
2008-03-27,26,0,2009-06-13 18:27:41.538461440,2009-08-09 00:00:00,0.030180448666836033,0.0
2008-03-28,26,0,2009-06-12 15:41:32.307692288,2009-08-10 00:00:00,0.030095194583283438,0.0
2008-03-31,26,0,2009-06-13 09:13:50.769230848,2009-08-13 00:00:00,0.029988158188105882,0.0
2008-04-01,26,0,2009-06-09 13:50:46.153846272,2009-08-14 00:00:00,0.02996427375440627,0.0
2008-04-02,26,0,2009-06-07 16:36:55.384615424,2009-08-15 00:00:00,0.02999801122020646,0.0
2008-04-03,26,0,2009-06-05 03:41:32.307692288,2009-08-16 00:00:00,0.029988649602611158,0.0
2008-04-04,26,0,2009-06-03 16:36:55.384615424,2009-08-17 00:00:00,0.029998464501531992,0.0
2008-04-07,26,0,2009-06-05 19:23:04.615384576,2009-08-20 00:00:00,0.030032061105107605,0.0
2008-04-08,26,0,2009-06-02 05:32:18.461538560,2009-08-21 00:00:00,0.030042493118309595,0.0
2008-04-09,26,0,2009-06-10 12:00:00.000000000,2009-08-22 00:00:00,0.030108535912550253,0.0
2008-04-10,26,0,2009-06-08 13:50:46.153846272,2009-08-23 00:00:00,0.03006555721254272,0.0
2008-04-11,26,0,2009-06-10 17:32:18.461538560,2009-08-24 00:00:00,0.03000223712584615,0.0
2008-04-14,26,0,2009-06-05 00:00:00.000000000,2009-08-27 00:00:00,0.029925142263611225,0.0
2008-04-15,26,0,2009-06-03 05:32:18.461538560,2009-08-28 00:00:00,0.02987449224788152,0.0
2008-04-16,26,0,2009-06-06 08:18:27.692307712,2009-08-29 00:00:00,0.029834128469315307,0.0
2008-04-17,26,0,2009-05-31 09:13:50.769230848,2009-08-30 00:00:00,0.02978313989635318,0.0
2008-04-18,26,0,2009-05-30 14:46:09.230769152,2009-08-31 00:00:00,0.0297664235465363,0.0
2008-04-21,26,0,2009-05-28 02:46:09.230769152,2009-09-02 00:00:00,0.029702688457639955,0.0
2008-04-22,26,0,2009-05-20 00:55:23.076923136,2009-08-30 12:00:00,0.029662033870370877,0.0
2008-04-23,26,0,2009-05-10 15:41:32.307692288,2009-08-23 00:00:00,0.02961136158536009,0.0
2008-04-24,26,0,2009-05-07 02:46:09.230769152,2009-08-18 00:00:00,0.029564847130047166,0.0
2008-04-25,26,0,2009-05-07 08:18:27.692307712,2009-08-07 00:00:00,0.029558902653735977,0.0
2008-04-28,26,0,2009-05-06 11:04:36.923076864,2009-07-30 00:00:00,0.029541170057203,0.0
2008-04-29,26,0,2009-05-08 15:41:32.307692288,2009-07-23 12:00:00,0.02950079297437487,0.0
2008-04-30,26,0,2009-05-08 21:13:50.769230848,2009-07-14 00:00:00,0.02946905359344209,0.0
2008-05-02,26,0,2009-05-11 04:36:55.384615424,2009-07-06 12:00:00,0.02948836338952914,0.0
2008-05-05,26,0,2009-05-06 20:18:27.692307712,2009-06-22 12:00:00,0.029481131484751937,0.0
2008-05-06,26,0,2009-05-06 00:55:23.076923136,2009-06-19 12:00:00,0.02946908889957449,0.0
2008-05-07,26,0,2009-05-05 02:46:09.230769152,2009-06-07 00:00:00,0.029474481302178383,0.0
2008-05-08,26,0,2009-05-03 06:27:41.538461440,2009-05-29 12:00:00,0.02948196643013194,0.0
2008-05-09,26,0,2009-04-26 06:27:41.538461440,2009-05-26 12:00:00,0.029436313763925945,0.0
2008-05-13,26,0,2009-04-24 04:36:55.384615424,2009-05-19 00:00:00,0.029393675616608807,0.0
2008-05-14,26,0,2009-04-19 02:46:09.230769152,2009-05-13 00:00:00,0.02937673445140291,0.0
2008-05-15,26,0,2009-04-16 16:36:55.384615424,2009-05-09 12:00:00,0.029377464959547843,0.0
2008-05-19,26,0,2009-04-20 03:41:32.307692288,2009-04-30 12:00:00,0.02941035975363338,0.0
2008-05-20,26,0,2009-04-14 00:55:23.076923136,2009-04-30 00:00:00,0.029387002040407586,0.0
2008-05-21,26,0,2009-04-13 06:27:41.538461440,2009-04-27 00:00:00,0.029348112848472854,0.0
2008-05-22,26,0,2009-04-13 06:27:41.538461440,2009-04-23 00:00:00,0.02931195985068817,0.0
2008-05-23,26,0,2009-04-10 19:23:04.615384576,2009-04-22 12:00:00,0.029278444636155036,0.0
2008-05-26,26,0,2009-04-09 12:55:23.076923136,2009-04-22 12:00:00,0.029229753571056654,0.0
2008-05-27,26,0,2009-04-09 12:00:00.000000000,2009-04-23 12:00:00,0.029188311791139194,0.0
2008-05-28,26,0,2009-04-10 00:55:23.076923136,2009-04-22 12:00:00,0.02911838721073753,0.0
2008-05-29,26,0,2009-04-08 17:32:18.461538560,2009-04-21 12:00:00,0.029053923007361412,0.0
2008-05-30,26,0,2009-04-09 21:13:50.769230848,2009-04-21 12:00:00,0.029012828150375744,0.0
2008-06-02,26,0,2009-04-05 14:46:09.230769152,2009-04-20 00:00:00,0.028948361634154613,0.0
2008-06-03,26,0,2009-04-05 10:09:13.846153728,2009-04-23 00:00:00,0.028887377400743035,0.0
2008-06-04,26,0,2009-04-05 20:18:27.692307712,2009-04-25 00:00:00,0.028843615827641497,0.0
2008-06-05,26,0,2009-04-07 03:41:32.307692288,2009-04-26 12:00:00,0.028788390400899713,0.0
2008-06-06,26,0,2009-03-30 07:23:04.615384576,2009-04-19 12:00:00,0.028753415528097848,0.0
2008-06-09,26,0,2009-03-30 15:41:32.307692288,2009-04-20 00:00:00,0.028714515259599508,0.0
2008-06-10,26,0,2009-03-31 10:09:13.846153728,2009-04-22 00:00:00,0.028678362636144903,0.0
2008-06-11,26,0,2009-04-11 12:00:00.000000000,2009-05-02 12:00:00,0.02870176654045893,0.0
2008-06-12,26,0,2009-04-07 13:50:46.153846272,2009-05-02 12:00:00,0.028682751047553315,0.0
2008-06-13,26,0,2009-04-13 03:41:32.307692288,2009-05-05 00:00:00,0.0286642019336555,0.0
2008-06-16,26,0,2009-04-15 22:09:13.846153728,2009-05-05 12:00:00,0.028653810831750535,0.0
2008-06-17,26,0,2009-04-20 09:13:50.769230848,2009-05-10 00:00:00,0.028626848530112874,0.0
2008-06-18,26,0,2009-04-19 08:18:27.692307712,2009-05-10 12:00:00,0.028622755466686887,0.0
2008-06-19,26,0,2009-04-21 14:46:09.230769152,2009-05-10 12:00:00,0.028626930975455968,0.0
2008-06-20,26,0,2009-04-27 09:13:50.769230848,2009-05-11 00:00:00,0.0286799412134946,0.0
2008-06-23,26,0,2009-05-07 23:04:36.923076864,2009-05-30 00:00:00,0.028722365563719095,0.0
2008-06-24,26,0,2009-05-14 00:55:23.076923136,2009-06-05 00:00:00,0.028771068539849454,0.0
2008-06-25,26,0,2009-05-13 03:41:32.307692288,2009-06-08 00:00:00,0.028779689559949362,0.0
2008-06-26,26,0,2009-05-18 18:27:41.538461440,2009-06-09 12:00:00,0.02884895491863327,0.0
2008-06-27,26,0,2009-05-25 02:46:09.230769152,2009-07-12 00:00:00,0.028929355982189563,0.0
2008-06-30,26,0,2009-05-22 08:18:27.692307712,2009-07-19 00:00:00,0.028969365177854086,0.0
2008-07-01,26,0,2009-05-27 17:32:18.461538560,2009-07-22 00:00:00,0.029072402355854784,0.0
2008-07-02,26,0,2009-06-01 17:32:18.461538560,2009-08-18 12:00:00,0.0291616636446078,0.0
2008-07-03,26,0,2009-06-07 22:09:13.846153728,2009-10-04 12:00:00,0.0291986771101209,0.0
2008-07-07,26,0,2009-06-13 10:09:13.846153728,2009-10-30 00:00:00,0.029237375298630394,0.0
2008-07-08,26,0,2009-06-12 12:00:00.000000000,2009-11-03 12:00:00,0.029303710245985805,0.0
2008-07-09,26,0,2009-06-14 08:18:27.692307712,2009-11-08 12:00:00,0.02931190581485554,0.0
2008-07-10,26,0,2009-06-15 09:13:50.769230848,2009-11-17 00:00:00,0.029382863086246706,0.0
2008-07-11,26,0,2009-06-02 14:46:09.230769152,2009-11-20 12:00:00,0.029428152041344816,0.0
2008-07-14,26,0,2009-06-22 12:00:00.000000000,2009-11-26 00:00:00,0.02966487929594173,0.0
2008-07-15,26,0,2009-06-08 16:36:55.384615424,2009-11-27 00:00:00,0.029674357029776825,0.0
2008-07-16,26,0,2009-06-03 07:23:04.615384576,2009-11-28 00:00:00,0.029755964799868504,0.0
2008-07-17,26,0,2009-05-18 07:23:04.615384576,2009-07-26 12:00:00,0.029696116736319448,0.0
2008-07-18,26,0,2009-05-18 15:41:32.307692288,2009-07-26 12:00:00,0.029707442320109953,0.0
2008-07-21,26,0,2009-05-17 13:50:46.153846272,2009-07-26 12:00:00,0.0297058718944959,0.0
2008-07-22,26,0,2009-05-17 12:00:00.000000000,2009-07-26 00:00:00,0.02971419700508574,0.0
2008-07-23,26,0,2009-05-21 12:00:00.000000000,2009-07-25 12:00:00,0.029697363099457467,0.0
2008-07-24,26,0,2009-05-21 21:13:50.769230848,2009-07-24 12:00:00,0.02967556977181711,0.0
2008-07-25,26,0,2009-05-23 05:32:18.461538560,2009-07-24 12:00:00,0.029622734617855858,0.0
2008-07-28,26,0,2009-05-25 21:13:50.769230848,2009-07-24 12:00:00,0.02962457165886813,0.0
2008-07-29,26,0,2009-05-27 02:46:09.230769152,2009-07-26 00:00:00,0.02962459400458746,0.0
2008-07-30,26,0,2009-05-27 20:18:27.692307712,2009-07-24 00:00:00,0.029598204590969505,0.0
2008-07-31,26,0,2009-05-27 17:32:18.461538560,2009-07-24 00:00:00,0.02957050113972092,0.0
2008-08-04,26,0,2009-05-31 10:09:13.846153728,2009-07-25 12:00:00,0.02957157853759867,0.0
2008-08-05,26,0,2009-05-31 08:18:27.692307712,2009-07-25 12:00:00,0.02954055402143196,0.0
2008-08-06,26,0,2009-05-30 19:23:04.615384576,2009-07-25 00:00:00,0.029506866119710647,0.0
2008-08-07,26,0,2009-05-30 21:13:50.769230848,2009-07-25 00:00:00,0.029469097486465663,0.0
2008-08-08,26,0,2009-05-25 05:32:18.461538560,2009-07-24 12:00:00,0.029408843757596528,0.0
2008-08-11,26,0,2009-05-27 18:27:41.538461440,2009-07-25 12:00:00,0.029345410769144823,0.0
2008-08-12,26,0,2009-05-28 22:09:13.846153728,2009-07-25 00:00:00,0.02928244807791658,0.0
2008-08-13,26,0,2009-05-28 13:50:46.153846272,2009-07-25 12:00:00,0.029205127541190087,0.0
2008-08-14,26,0,2009-05-28 00:55:23.076923136,2009-07-26 00:00:00,0.02910985663095455,0.0
2008-08-15,26,0,2009-05-28 14:46:09.230769152,2009-07-26 00:00:00,0.029053105272590914,0.0
2008-08-18,26,0,2009-05-31 12:00:00.000000000,2009-07-27 00:00:00,0.028988436781826613,0.0
2008-08-19,26,0,2009-05-13 17:32:18.461538560,2009-02-08 12:00:00,0.028892599262374436,0.0
2008-08-20,26,0,2009-06-01 02:46:09.230769152,2009-07-27 00:00:00,0.028869921772620967,0.0
2008-08-21,26,0,2009-05-15 04:36:55.384615424,2009-02-14 00:00:00,0.02874809134882602,0.0
2008-08-22,26,0,2009-05-16 16:36:55.384615424,2009-02-15 12:00:00,0.028699172557692963,0.0
2008-08-25,26,0,2009-05-19 21:13:50.769230848,2009-02-16 12:00:00,0.02867072304198337,0.0
2008-08-26,26,0,2009-05-22 19:23:04.615384576,2009-02-21 00:00:00,0.02864760492922794,0.0
2008-08-27,26,0,2009-05-25 04:36:55.384615424,2009-02-23 00:00:00,0.028633944018447214,0.0
2008-08-28,26,0,2009-05-28 08:18:27.692307712,2009-02-23 12:00:00,0.028617938576874818,0.0
2008-08-29,26,0,2009-05-30 23:04:36.923076864,2009-02-23 00:00:00,0.028618044930527147,0.0
2008-09-01,26,0,2009-06-04 12:00:00.000000000,2009-02-23 00:00:00,0.028595658530990633,0.0
2008-09-02,26,0,2009-06-08 14:46:09.230769152,2009-02-23 00:00:00,0.02865065518715891,0.0
2008-09-03,26,0,2009-06-11 06:27:41.538461440,2009-02-23 00:00:00,0.02864267675708542,0.0
2008-09-04,26,0,2009-06-12 00:55:23.076923136,2009-02-22 00:00:00,0.028607917042573792,0.0
2008-09-05,26,0,2009-06-11 12:00:00.000000000,2009-02-21 12:00:00,0.02861178576155658,0.0
2008-09-08,26,0,2009-06-14 09:13:50.769230848,2009-02-21 12:00:00,0.028603904030157386,0.0
2008-09-09,26,0,2009-06-16 09:13:50.769230848,2009-02-21 00:00:00,0.028596409921820234,0.0
2008-09-10,26,0,2009-06-17 23:04:36.923076864,2009-02-21 00:00:00,0.028582107337320046,0.0
2008-09-12,26,0,2009-06-20 21:13:50.769230848,2009-02-21 12:00:00,0.028596081568528015,0.0
2008-09-15,26,0,2009-06-22 07:23:04.615384576,2009-02-21 00:00:00,0.02855943333106516,0.0
2008-09-16,26,0,2009-06-22 03:41:32.307692288,2009-02-19 12:00:00,0.028576228301061955,0.0
2008-09-17,26,0,2009-06-21 19:23:04.615384576,2009-02-18 00:00:00,0.02867817383453563,0.0
2008-09-18,26,0,2009-06-04 07:23:04.615384576,2009-02-03 12:00:00,0.028749377610399567,0.0
2008-09-19,26,0,2009-06-05 15:41:32.307692288,2009-02-06 00:00:00,0.028795968633879947,0.0
2008-09-22,26,0,2009-06-07 01:50:46.153846272,2009-02-07 12:00:00,0.028820739042116447,0.0
2008-09-23,26,0,2009-06-07 12:00:00.000000000,2009-02-07 00:00:00,0.02880821923808794,0.0
2008-09-24,26,0,2009-06-07 04:36:55.384615424,2009-01-28 00:00:00,0.028787292985001083,0.0
2008-09-25,26,0,2009-06-05 00:00:00.000000000,2009-01-28 00:00:00,0.02878402627535398,0.0
2008-09-26,26,0,2009-06-04 14:46:09.230769152,2009-01-29 00:00:00,0.028749693324161177,0.0
2008-09-29,26,0,2009-06-10 12:55:23.076923136,2009-02-02 12:00:00,0.028869929336178553,0.0
2008-09-30,26,0,2009-06-11 16:36:55.384615424,2009-02-03 00:00:00,0.02890338783414481,0.0
2008-10-01,26,0,2009-06-12 12:55:23.076923136,2009-02-04 12:00:00,0.028913162346691872,0.0
2008-10-02,26,0,2009-06-13 20:18:27.692307712,2009-02-05 12:00:00,0.028965813476438722,0.0
2008-10-03,26,0,2009-06-14 02:46:09.230769152,2009-02-07 00:00:00,0.028926800055358616,0.0
2008-10-06,26,0,2009-06-19 12:00:00.000000000,2009-02-12 12:00:00,0.029244092573456257,0.0
2008-10-07,26,0,2009-06-03 12:00:00.000000000,2009-02-10 00:00:00,0.029472283147808993,0.0
2008-10-08,26,0,2009-06-07 01:50:46.153846272,2009-02-15 12:00:00,0.030288996793159703,0.0
2008-10-09,26,0,2009-06-09 16:36:55.384615424,2009-02-17 12:00:00,0.03119506240731699,0.0
2008-10-10,26,0,2009-06-11 17:32:18.461538560,2009-02-19 00:00:00,0.033120534377958886,0.0
2008-10-13,26,0,2009-06-09 20:18:27.692307712,2009-02-19 12:00:00,0.03358275392114031,0.0
2008-10-14,26,0,2009-05-18 15:41:32.307692288,2009-02-17 12:00:00,0.033765906077680014,0.0
2008-10-15,26,0,2009-05-15 01:50:46.153846272,2009-02-16 12:00:00,0.03432139818747904,0.0
2008-10-16,26,0,2009-05-15 02:46:09.230769152,2009-02-14 12:00:00,0.03518288575420659,0.0
2008-10-17,26,0,2009-05-07 05:32:18.461538560,2009-02-06 12:00:00,0.035601514810507835,0.0
2008-10-20,26,0,2009-05-15 14:46:09.230769152,2009-02-10 12:00:00,0.03605143921257087,0.0
2008-10-21,26,0,2009-05-01 06:27:41.538461440,2008-12-14 00:00:00,0.036317275184371896,0.0
2008-10-22,26,0,2009-04-08 13:50:46.153846272,2008-10-24 00:00:00,0.03670802823959942,0.0
2008-10-23,26,0,2009-04-02 13:50:46.153846272,2008-10-24 00:00:00,0.03692783403702385,0.0
2008-10-24,26,0,2009-04-03 16:36:55.384615424,2008-10-25 00:00:00,0.037330147773860387,0.0
2008-10-28,26,0,2009-04-11 11:04:36.923076864,2008-11-01 12:00:00,0.03848432742407627,0.0
2008-10-29,26,0,2009-04-04 01:50:46.153846272,2008-10-31 00:00:00,0.03855662682433024,0.0
2008-10-30,26,0,2009-04-09 02:46:09.230769152,2008-11-01 00:00:00,0.03914349784820954,0.0
2008-10-31,26,0,2009-04-11 12:55:23.076923136,2008-11-05 00:00:00,0.03949213267178404,0.0
2008-11-03,26,0,2009-04-27 00:55:23.076923136,2008-11-28 00:00:00,0.04024911647966873,0.0
2008-11-04,26,0,2009-05-09 05:32:18.461538560,2009-02-12 00:00:00,0.04093221882743731,0.0
2008-11-05,26,0,2009-05-24 01:50:46.153846272,2009-02-23 12:00:00,0.041102409178272965,0.0
2008-11-06,26,0,2009-05-12 18:27:41.538461440,2009-02-12 00:00:00,0.04137771890461199,0.0
2008-11-07,26,0,2009-05-14 07:23:04.615384576,2009-02-11 00:00:00,0.041515368838422634,0.0
2008-11-10,26,0,2009-05-28 06:27:41.538461440,2009-02-28 00:00:00,0.04157426199097928,0.0
2008-11-11,26,0,2009-05-21 00:00:00.000000000,2009-02-23 12:00:00,0.04185188209382621,0.0
2008-11-12,26,0,2009-04-20 12:55:23.076923136,2008-12-23 00:00:00,0.04219774549622615,0.0
2008-11-13,26,0,2009-05-05 22:09:13.846153728,2008-12-21 00:00:00,0.0423733192938341,0.0
2008-11-14,26,0,2009-04-28 13:50:46.153846272,2008-12-12 00:00:00,0.042642021316404925,0.0
2008-11-17,26,0,2009-05-05 11:04:36.923076864,2008-12-19 12:00:00,0.04275561262969631,0.0
2008-11-18,26,0,2009-05-04 11:04:36.923076864,2008-12-20 00:00:00,0.042878416899531965,0.0
2008-11-19,26,0,2009-05-30 21:13:50.769230848,2008-12-19 12:00:00,0.043346244793020836,0.0
2008-11-20,26,0,2009-06-02 00:55:23.076923136,2008-12-19 00:00:00,0.043562897823758696,0.0
2008-11-21,26,0,2009-04-18 12:55:23.076923136,2008-12-19 00:00:00,0.043335943775029064,0.0
2008-11-24,26,0,2009-05-15 16:36:55.384615424,2008-12-19 00:00:00,0.04390659053114098,0.0
2008-11-25,26,0,2009-05-17 21:13:50.769230848,2008-12-19 00:00:00,0.04400017229597644,0.0
2008-11-26,26,0,2009-06-03 18:27:41.538461440,2008-12-20 12:00:00,0.04447817640837385,0.0
2008-11-27,26,0,2009-06-21 03:41:32.307692288,2008-12-22 12:00:00,0.044598378920190945,0.0
2008-11-28,26,0,2009-06-23 12:00:00.000000000,2008-12-23 00:00:00,0.04474111004968712,0.0
2008-12-01,26,0,2009-06-03 19:23:04.615384576,2008-12-22 00:00:00,0.04460887619632119,0.0
2008-12-02,26,0,2009-06-13 16:36:55.384615424,2008-12-24 00:00:00,0.04486828973262304,0.0
2008-12-03,26,0,2009-05-25 01:50:46.153846272,2008-12-25 00:00:00,0.044607631315499004,0.0
2008-12-04,26,0,2009-06-03 16:36:55.384615424,2008-12-27 12:00:00,0.0449107553173906,0.0
2008-12-05,26,0,2009-06-10 19:23:04.615384576,2008-12-28 00:00:00,0.04515246745978082,0.0
2008-12-08,26,0,2009-06-12 09:13:50.769230848,2009-01-03 00:00:00,0.04549663688793388,0.0
2008-12-09,26,0,2009-06-11 15:41:32.307692288,2009-01-07 12:00:00,0.04568746097584975,0.0
2008-12-10,26,0,2009-06-16 04:36:55.384615424,2009-01-12 00:00:00,0.04604837997241687,0.0
2008-12-11,26,0,2009-06-07 09:13:50.769230848,2009-01-15 00:00:00,0.04620006711477132,0.0
2008-12-12,26,0,2009-06-24 08:18:27.692307712,2009-03-03 12:00:00,0.04644912984169431,0.0
2008-12-15,26,0,2009-06-23 12:00:00.000000000,2009-02-03 12:00:00,0.046520757966930816,0.0
2008-12-16,26,0,2009-07-06 21:13:50.769230848,2009-05-02 00:00:00,0.046833341354401495,0.0
2008-12-17,26,0,2009-06-19 07:23:04.615384576,2009-03-23 12:00:00,0.04692871056557856,0.0
2008-12-18,26,0,2009-06-23 20:18:27.692307712,2009-04-15 00:00:00,0.047067693366969254,0.0
2008-12-19,26,0,2009-06-21 18:27:41.538461440,2009-03-28 00:00:00,0.047116399084602203,0.0
2008-12-22,26,0,2009-06-23 07:23:04.615384576,2009-03-31 00:00:00,0.0472471442099554,0.0
2008-12-23,26,0,2009-07-14 18:27:41.538461440,2009-04-25 12:00:00,0.047361047575586346,0.0
2008-12-24,26,0,2009-06-25 01:50:46.153846272,2009-04-11 12:00:00,0.0474768110636167,0.0
2008-12-29,26,0,2009-07-23 23:04:36.923076864,2009-04-20 00:00:00,0.04778522771377783,0.0
2008-12-30,26,0,2009-07-21 22:09:13.846153728,2009-04-26 00:00:00,0.04771655211409525,0.0
2008-12-31,26,0,2009-07-20 04:36:55.384615424,2009-04-27 00:00:00,0.047772846572312136,0.0
2009-01-05,26,0,2009-07-31 06:27:41.538461440,2009-04-29 12:00:00,0.04822273554454903,0.0
2009-01-06,26,0,2009-08-22 16:36:55.384615424,2009-05-07 00:00:00,0.04870882384659367,0.0
2009-01-07,26,0,2009-08-25 04:36:55.384615424,2009-05-09 00:00:00,0.04899243931350775,0.0
2009-01-08,26,0,2009-08-27 00:55:23.076923136,2009-05-10 00:00:00,0.04920587997271027,0.0
2009-01-09,26,0,2009-08-29 01:50:46.153846272,2009-05-10 12:00:00,0.04937461766009363,0.0
2009-01-12,26,0,2009-09-03 20:18:27.692307712,2009-05-13 12:00:00,0.04950686270361223,0.0
2009-01-13,26,0,2009-09-24 23:04:36.923076864,2009-06-12 00:00:00,0.049553589393024185,0.0
2009-01-14,26,0,2009-09-23 07:23:04.615384576,2009-06-14 00:00:00,0.049530123436787934,0.0
2009-01-15,26,0,2009-09-27 02:46:09.230769152,2009-06-14 12:00:00,0.04941530733092937,0.0
2009-01-16,26,0,2009-09-28 12:00:00.000000000,2009-06-15 12:00:00,0.049369318782540396,0.0
2009-01-19,26,0,2009-10-16 20:18:27.692307712,2009-07-23 00:00:00,0.04931847053641653,0.0
2009-01-20,26,0,2009-09-30 04:36:55.384615424,2009-06-14 00:00:00,0.04931539599597901,0.0
2009-01-21,26,0,2009-10-05 05:32:18.461538560,2009-07-22 12:00:00,0.04929991933851506,0.0
2009-01-22,26,0,2009-09-28 22:09:13.846153728,2009-06-11 12:00:00,0.049334021179546377,0.0
2009-01-23,26,0,2009-10-03 22:09:13.846153728,2009-07-22 00:00:00,0.04932254626194352,0.0
2009-01-26,26,0,2009-10-07 06:27:41.538461440,2009-07-23 00:00:00,0.04927487327404511,0.0
2009-01-27,26,0,2009-10-26 11:04:36.923076864,2009-08-02 12:00:00,0.04931339872502523,0.0
2009-01-28,26,0,2009-11-08 23:04:36.923076864,2009-08-23 12:00:00,0.04947388995546474,0.0
2009-01-29,26,0,2009-10-30 13:50:46.153846272,2009-08-09 12:00:00,0.04937792171619441,0.0
2009-01-30,26,0,2009-11-13 19:23:04.615384576,2009-08-28 00:00:00,0.04947222178740434,0.0
2009-02-02,26,0,2009-11-13 12:55:23.076923136,2009-08-28 12:00:00,0.0493944351940535,0.0
2009-02-03,26,0,2009-12-06 00:55:23.076923136,2009-10-18 12:00:00,0.04936780096537933,0.0
2009-02-04,26,0,2009-11-28 16:36:55.384615424,2009-09-03 12:00:00,0.04933303259035536,0.0
2009-02-05,26,0,2009-12-13 12:00:00.000000000,2009-10-02 12:00:00,0.04944248027465012,0.0
2009-02-06,26,0,2009-12-08 15:41:32.307692288,2009-09-10 12:00:00,0.04947221624613519,0.0
2009-02-09,26,0,2009-12-20 22:09:13.846153728,2009-09-26 12:00:00,0.04959626394268186,0.0
2009-02-10,26,0,2009-12-23 01:50:46.153846272,2009-09-25 12:00:00,0.049587845374385646,0.0
2009-02-11,26,0,2009-12-24 20:18:27.692307712,2009-09-26 12:00:00,0.04955554138856992,0.0
2009-02-12,26,0,2009-12-26 20:18:27.692307712,2009-10-03 00:00:00,0.0494894803633512,0.0
2009-02-13,26,0,2009-12-26 12:00:00.000000000,2009-10-10 00:00:00,0.049422333858737955,0.0
2009-02-17,26,0,2009-12-28 10:09:13.846153728,2009-10-14 00:00:00,0.04928769626127631,0.0
2009-02-18,26,0,2009-12-28 09:13:50.769230848,2009-10-17 00:00:00,0.04920038269116519,0.0
2009-02-19,26,0,2009-12-25 20:18:27.692307712,2009-10-20 00:00:00,0.049118271382014536,0.0
2009-02-20,26,0,2009-12-27 20:18:27.692307712,2009-10-21 00:00:00,0.04906598901644697,0.0
2009-02-23,26,0,2009-12-28 00:55:23.076923136,2009-10-22 12:00:00,0.048965859530113995,0.0
2009-02-24,26,0,2009-12-30 02:46:09.230769152,2009-10-24 12:00:00,0.048927321347173966,0.0
2009-02-25,26,0,2009-12-30 05:32:18.461538560,2009-10-27 12:00:00,0.04890267564279442,0.0
2009-02-26,26,0,2009-12-31 21:13:50.769230848,2009-11-01 12:00:00,0.04884469595093141,0.0
2009-02-27,26,0,2009-12-31 22:09:13.846153728,2009-11-02 12:00:00,0.0488072592698469,0.0
2009-03-02,26,0,2010-01-01 13:50:46.153846272,2009-11-10 00:00:00,0.04882175179639219,0.0
2009-03-03,26,0,2010-01-04 02:46:09.230769152,2009-12-04 12:00:00,0.04891322282243688,0.0
2009-03-04,26,0,2010-01-04 03:41:32.307692288,2009-11-29 12:00:00,0.04889038769048959,0.0
2009-03-05,26,0,2010-01-03 07:23:04.615384576,2009-11-22 00:00:00,0.04894080854728884,0.0
2009-03-06,26,0,2010-01-02 08:18:27.692307712,2009-10-28 12:00:00,0.04900973243057149,0.0
2009-03-09,26,0,2010-01-03 06:27:41.538461440,2009-10-26 00:00:00,0.04902568565084183,0.0
2009-03-10,26,0,2010-01-07 15:41:32.307692288,2009-11-27 00:00:00,0.04901799228260181,0.0
2009-03-11,26,0,2010-01-08 15:41:32.307692288,2009-11-26 00:00:00,0.04899136729337372,0.0
2009-03-12,26,0,2010-01-07 15:41:32.307692288,2009-11-22 00:00:00,0.04898207749060835,0.0
2009-03-13,26,0,2010-01-11 04:36:55.384615424,2009-11-18 00:00:00,0.04898569415470994,0.0
2009-03-16,26,0,2010-01-10 06:27:41.538461440,2009-11-14 12:00:00,0.04906671161367129,0.0
2009-03-17,26,0,2010-01-05 05:32:18.461538560,2009-11-07 12:00:00,0.04914026183508978,0.0
2009-03-18,26,0,2010-01-02 01:50:46.153846272,2009-11-02 00:00:00,0.049165721106121114,0.0
2009-03-19,26,0,2010-01-03 13:50:46.153846272,2009-10-27 12:00:00,0.049182492979881025,0.0
2009-03-20,26,0,2009-12-17 01:50:46.153846272,2009-10-05 00:00:00,0.04914849602341415,0.0
2009-03-23,26,0,2009-12-11 18:27:41.538461440,2009-09-09 12:00:00,0.04917966454811607,0.0
2009-03-24,26,0,2009-12-10 21:13:50.769230848,2009-09-01 00:00:00,0.04922515131657524,0.0
2009-03-25,26,0,2009-12-11 00:00:00.000000000,2009-09-05 00:00:00,0.04925371618916214,0.0
2009-03-26,26,0,2009-12-10 13:50:46.153846272,2009-09-12 12:00:00,0.04928369111077366,0.0
2009-03-27,26,0,2009-12-10 18:27:41.538461440,2009-09-17 00:00:00,0.04927549349987567,0.0
2009-03-30,26,0,2009-12-12 07:23:04.615384576,2009-09-19 00:00:00,0.049143454556338444,0.0
2009-03-31,26,0,2009-12-21 12:00:00.000000000,2009-10-13 12:00:00,0.049207570988516754,0.0
2009-04-01,26,0,2009-12-16 09:13:50.769230848,2009-10-02 12:00:00,0.04920589397221536,0.0
2009-04-02,26,0,2009-12-19 20:18:27.692307712,2009-10-15 00:00:00,0.04951627461444313,0.0
2009-04-03,26,0,2009-12-25 09:13:50.769230848,2009-11-03 12:00:00,0.04973028384267186,0.0
2009-04-06,26,0,2010-02-04 20:18:27.692307712,2010-02-09 00:00:00,0.050196324922688704,0.0
2009-04-07,26,0,2010-03-15 15:41:32.307692288,2010-05-07 12:00:00,0.05044722977951311,0.0
2009-04-08,26,0,2010-03-30 12:55:23.076923136,2010-06-28 00:00:00,0.05055209920231935,0.0
2009-04-09,26,0,2010-03-31 12:00:00.000000000,2010-07-09 00:00:00,0.05067414439112343,0.0
2009-04-14,26,0,2010-04-27 18:27:41.538461440,2010-08-02 12:00:00,0.0510146439087075,0.0
2009-04-15,26,0,2010-05-02 04:36:55.384615424,2010-08-16 12:00:00,0.05124287348316437,0.0
2009-04-16,26,0,2010-05-19 21:13:50.769230848,2010-08-22 00:00:00,0.05172895881793549,0.0
2009-04-17,26,0,2010-05-22 14:46:09.230769152,2010-08-27 12:00:00,0.05207740392267059,0.0
2009-04-20,26,0,2010-05-26 16:36:55.384615424,2010-08-29 00:00:00,0.05217637609566566,0.0
2009-04-21,26,0,2010-05-12 01:50:46.153846272,2010-08-19 12:00:00,0.052104858223921184,0.0
2009-04-22,26,0,2010-05-13 12:55:23.076923136,2010-08-28 00:00:00,0.05225152800041606,0.0
2009-04-23,26,0,2010-05-28 02:46:09.230769152,2010-08-28 12:00:00,0.05242853269850228,0.0
2009-04-24,26,0,2010-06-09 21:13:50.769230848,2010-09-06 00:00:00,0.052678037577744447,0.0
2009-04-27,26,0,2010-06-09 20:18:27.692307712,2010-09-09 00:00:00,0.05279010788548149,0.0
2009-04-28,26,0,2010-06-10 17:32:18.461538560,2010-09-05 00:00:00,0.05287231746685899,0.0
2009-04-29,26,0,2010-06-25 12:00:00.000000000,2010-09-11 00:00:00,0.053112185078386734,0.0
2009-04-30,26,0,2010-06-20 12:55:23.076923136,2010-09-12 00:00:00,0.05322533622400445,0.0
2009-05-04,26,0,2010-06-25 16:36:55.384615424,2010-09-16 00:00:00,0.05335044960284514,0.0
2009-05-05,26,0,2010-06-27 18:27:41.538461440,2010-09-17 00:00:00,0.05351074010483544,0.0
2009-05-06,26,0,2010-06-30 00:00:00.000000000,2010-09-18 00:00:00,0.05372015058768821,0.0
2009-05-07,26,0,2010-07-06 00:00:00.000000000,2010-09-18 12:00:00,0.05382394670424776,0.0
2009-05-08,26,0,2010-07-06 20:18:27.692307712,2010-09-13 00:00:00,0.05398609278046283,0.0
2009-05-11,26,0,2010-07-08 22:09:13.846153728,2010-09-10 12:00:00,0.05404855496000614,0.0
2009-05-12,26,0,2010-07-13 12:00:00.000000000,2010-09-18 00:00:00,0.05410496229481764,0.0
2009-05-13,26,0,2010-07-04 22:09:13.846153728,2010-09-18 00:00:00,0.05413656419546393,0.0
2009-05-14,26,0,2010-07-02 15:41:32.307692288,2010-09-18 00:00:00,0.05411210450884022,0.0
2009-05-15,26,0,2010-07-01 17:32:18.461538560,2010-09-18 00:00:00,0.05404836037002822,0.0
2009-05-18,26,0,2010-07-04 09:13:50.769230848,2010-09-19 12:00:00,0.05412405913656523,0.0
2009-05-19,26,0,2010-07-08 07:23:04.615384576,2010-09-18 12:00:00,0.054257675660927124,0.0
2009-05-20,26,0,2010-07-12 04:36:55.384615424,2010-09-16 00:00:00,0.05442433817447212,0.0
2009-05-22,26,0,2010-07-10 21:13:50.769230848,2010-09-23 12:00:00,0.054524660854629516,0.0
2009-05-25,26,0,2010-07-15 16:36:55.384615424,2010-09-23 12:00:00,0.054616489253780154,0.0
2009-05-26,26,0,2010-07-18 05:32:18.461538560,2010-09-23 00:00:00,0.05470790171709601,0.0
2009-05-27,26,0,2010-07-23 15:41:32.307692288,2010-10-03 00:00:00,0.05478951073887418,0.0
2009-05-28,26,0,2010-07-23 12:55:23.076923136,2010-09-16 00:00:00,0.05487480434446571,0.0
2009-05-29,26,0,2010-07-20 03:41:32.307692288,2010-09-10 12:00:00,0.05492976947727731,0.0
2009-06-02,26,0,2010-07-23 10:09:13.846153728,2010-08-26 00:00:00,0.055072252591345586,0.0
2009-06-03,26,0,2010-07-21 03:41:32.307692288,2010-08-25 12:00:00,0.05515500027051953,0.0
2009-06-04,26,0,2010-07-19 17:32:18.461538560,2010-08-08 12:00:00,0.055196773308446086,0.0
2009-06-05,26,0,2010-07-17 15:41:32.307692288,2010-07-23 12:00:00,0.05528650146071918,0.0
2009-06-08,26,0,2010-07-19 15:41:32.307692288,2010-07-25 12:00:00,0.05529484139605453,0.0
2009-06-09,26,0,2010-07-13 15:41:32.307692288,2010-07-28 00:00:00,0.055291970071397384,0.0
2009-06-10,26,0,2010-07-16 02:46:09.230769152,2010-08-01 12:00:00,0.055281555621982385,0.0
2009-06-11,26,0,2010-07-16 16:36:55.384615424,2010-08-07 00:00:00,0.0552767683966886,0.0
2009-06-12,26,0,2010-07-18 03:41:32.307692288,2010-08-11 00:00:00,0.055260633420439326,0.0
2009-06-15,26,0,2010-07-05 14:46:09.230769152,2010-08-14 00:00:00,0.055173130729520375,0.0
2009-06-16,26,0,2010-07-04 12:55:23.076923136,2010-08-17 00:00:00,0.05506995791161086,0.0
2009-06-17,26,0,2010-07-02 21:13:50.769230848,2010-08-19 12:00:00,0.05495582176520427,0.0
2009-06-18,26,0,2010-06-25 04:36:55.384615424,2010-08-17 12:00:00,0.054817641219618914,0.0
2009-06-19,26,0,2010-06-26 02:46:09.230769152,2010-08-18 12:00:00,0.05470164358667662,0.0
2009-06-22,26,0,2010-06-25 21:13:50.769230848,2010-08-19 12:00:00,0.054575962002770644,0.0
2009-06-23,26,0,2010-06-25 00:55:23.076923136,2010-08-20 12:00:00,0.054406132092165334,0.0
2009-06-24,26,0,2010-06-26 01:50:46.153846272,2010-08-21 00:00:00,0.05430408423397125,0.0
2009-06-25,26,0,2010-06-24 00:00:00.000000000,2010-08-21 12:00:00,0.05421274586351456,0.0
2009-06-26,26,0,2010-06-25 03:41:32.307692288,2010-08-21 00:00:00,0.054148494434486674,0.0
2009-06-29,26,0,2010-06-25 07:23:04.615384576,2010-08-23 12:00:00,0.0540910988697737,0.0
2009-06-30,26,0,2010-06-26 00:55:23.076923136,2010-08-23 00:00:00,0.05404525912708353,0.0
2009-07-01,26,0,2010-06-25 13:50:46.153846272,2010-08-25 12:00:00,0.05400278813491921,0.0
2009-07-02,26,0,2010-06-22 15:41:32.307692288,2010-08-09 12:00:00,0.05391711341717476,0.0
2009-07-03,26,0,2010-06-19 19:23:04.615384576,2010-08-07 12:00:00,0.053856737003941384,0.0
2009-07-06,26,0,2010-06-15 18:27:41.538461440,2010-08-03 12:00:00,0.05379330767326418,0.0
2009-07-07,26,0,2010-06-05 09:13:50.769230848,2010-06-28 00:00:00,0.05372633234478767,0.0
2009-07-08,26,0,2010-06-03 10:09:13.846153728,2010-06-22 12:00:00,0.053664912068876615,0.0
2009-07-09,26,0,2010-06-01 00:55:23.076923136,2010-06-17 00:00:00,0.05359760084444573,0.0
2009-07-10,26,0,2010-05-29 07:23:04.615384576,2010-06-12 12:00:00,0.05354549124238579,0.0
2009-07-13,26,0,2010-05-28 00:55:23.076923136,2010-06-09 00:00:00,0.0534683627976097,0.0
2009-07-14,26,0,2010-05-26 23:04:36.923076864,2010-06-05 12:00:00,0.053382921606353384,0.0
2009-07-15,26,0,2010-05-23 02:46:09.230769152,2010-06-04 12:00:00,0.05333751048472858,0.0
2009-07-16,26,0,2010-05-23 11:04:36.923076864,2010-06-05 00:00:00,0.05327656697927937,0.0
2009-07-17,26,0,2010-05-24 13:50:46.153846272,2010-06-12 12:00:00,0.053225278976373365,0.0
2009-07-20,26,0,2010-05-25 17:32:18.461538560,2010-06-20 12:00:00,0.05315610295893851,0.0
2009-07-21,26,0,2010-05-29 00:00:00.000000000,2010-07-03 00:00:00,0.053096689297115036,0.0
2009-07-22,26,0,2010-06-03 12:55:23.076923136,2010-07-14 12:00:00,0.05302118186674569,0.0
2009-07-23,26,0,2010-06-15 15:41:32.307692288,2010-08-09 00:00:00,0.052979894022061526,0.0
2009-07-24,26,0,2010-06-17 12:00:00.000000000,2010-08-12 00:00:00,0.05294211694609709,0.0
2009-07-27,26,0,2010-06-25 23:04:36.923076864,2010-08-15 12:00:00,0.05289375078213451,0.0
2009-07-28,26,0,2010-07-02 23:04:36.923076864,2010-08-16 12:00:00,0.05277437817215683,0.0
2009-07-29,26,0,2010-07-04 00:55:23.076923136,2010-08-18 00:00:00,0.052741810645502214,0.0
2009-07-30,26,0,2010-07-19 10:09:13.846153728,2010-08-21 12:00:00,0.052772118599477974,0.0
2009-07-31,26,0,2010-08-01 07:23:04.615384576,2010-09-19 12:00:00,0.052799789923636195,0.0
2009-08-03,26,0,2010-08-02 21:13:50.769230848,2010-10-18 12:00:00,0.0527181315811627,0.0
2009-08-04,26,0,2010-08-06 17:32:18.461538560,2010-10-11 00:00:00,0.052753467663367276,0.0
2009-08-05,26,0,2010-08-20 11:04:36.923076864,2010-11-04 00:00:00,0.05273284056256357,0.0
2009-08-06,26,0,2010-08-22 04:36:55.384615424,2010-11-06 12:00:00,0.052694908248202034,0.0
2009-08-07,26,0,2010-08-28 18:27:41.538461440,2010-11-15 00:00:00,0.052712539951445765,0.0
2009-08-10,26,0,2010-09-02 02:46:09.230769152,2010-11-21 00:00:00,0.052714116680191055,0.0
2009-08-11,26,0,2010-09-03 15:41:32.307692288,2010-11-23 12:00:00,0.05265598862179104,0.0
2009-08-12,26,0,2010-09-08 10:09:13.846153728,2010-11-27 12:00:00,0.05257189151361168,0.0
2009-08-13,26,0,2010-09-11 10:09:13.846153728,2010-11-30 00:00:00,0.052515506658594675,0.0
2009-08-14,26,0,2010-09-13 01:50:46.153846272,2010-12-01 12:00:00,0.052445456942688796,0.0
2009-08-17,26,0,2010-09-15 21:13:50.769230848,2010-12-03 12:00:00,0.052334204577500626,0.0
2009-08-18,26,0,2010-09-18 00:55:23.076923136,2010-12-04 12:00:00,0.052226283602172366,0.0
2009-08-19,26,0,2010-09-18 14:46:09.230769152,2010-12-07 12:00:00,0.052136686358794024,0.0
2009-08-20,26,0,2010-09-20 05:32:18.461538560,2010-12-07 00:00:00,0.05204901480602718,0.0
2009-08-21,26,0,2010-09-25 14:46:09.230769152,2010-12-13 12:00:00,0.0520073885752292,0.0
2009-08-24,26,0,2010-09-28 04:36:55.384615424,2010-12-19 00:00:00,0.051975739278950786,0.0
2009-08-25,26,0,2010-10-01 00:55:23.076923136,2010-12-26 00:00:00,0.05193539717099273,0.0
2009-08-26,26,0,2010-10-02 11:04:36.923076864,2010-12-29 00:00:00,0.051854529442410716,0.0
2009-08-27,26,0,2010-10-05 00:55:23.076923136,2010-12-28 00:00:00,0.05176833028008571,0.0
2009-08-28,26,0,2010-10-06 16:36:55.384615424,2011-01-03 00:00:00,0.051688969424735096,0.0
2009-08-31,26,0,2010-10-08 09:13:50.769230848,2011-01-05 12:00:00,0.0515801510990772,0.0
2009-09-01,26,0,2010-10-09 08:18:27.692307712,2011-01-07 12:00:00,0.05145253751999877,0.0
2009-09-02,26,0,2010-10-06 16:36:55.384615424,2011-01-08 00:00:00,0.051374113622191804,0.0
2009-09-03,26,0,2010-09-18 12:55:23.076923136,2011-01-07 12:00:00,0.051166551773973376,0.0
2009-09-04,26,0,2010-09-19 14:46:09.230769152,2011-01-08 12:00:00,0.051089645643406005,0.0
2009-09-08,26,0,2010-09-22 12:00:00.000000000,2011-01-09 12:00:00,0.05103156343237735,0.0
2009-09-09,26,0,2010-09-24 08:18:27.692307712,2011-01-11 12:00:00,0.05100065466520554,0.0
2009-09-10,26,0,2010-09-26 05:32:18.461538560,2011-01-13 00:00:00,0.05096679199068195,0.0
2009-09-11,26,0,2010-09-27 08:18:27.692307712,2011-01-16 00:00:00,0.05090357252418136,0.0
2009-09-14,26,0,2010-09-27 05:32:18.461538560,2011-01-18 00:00:00,0.05087391255241421,0.0
2009-09-15,26,0,2010-09-29 03:41:32.307692288,2011-01-21 00:00:00,0.05082764760128273,0.0
2009-09-16,26,0,2010-10-01 18:27:41.538461440,2011-01-23 12:00:00,0.05077547263574238,0.0
2009-09-17,26,0,2010-10-05 00:00:00.000000000,2011-01-27 12:00:00,0.050700343059961864,0.0
2009-09-18,26,0,2010-10-07 12:55:23.076923136,2011-01-31 00:00:00,0.050653417830063684,0.0
2009-09-21,26,0,2010-10-09 03:41:32.307692288,2011-02-03 00:00:00,0.050588472893559416,0.0
2009-09-22,26,0,2010-10-09 22:09:13.846153728,2011-02-04 00:00:00,0.050486428880501366,0.0
2009-09-23,26,0,2010-10-10 12:00:00.000000000,2011-02-05 00:00:00,0.050373316805908064,0.0
2009-09-24,26,0,2010-10-10 21:13:50.769230848,2011-02-06 00:00:00,0.05028055609887833,0.0
2009-09-25,26,0,2010-10-11 02:46:09.230769152,2011-02-06 12:00:00,0.050165137846168946,0.0
2009-09-28,26,0,2010-10-31 14:46:09.230769152,2011-02-08 12:00:00,0.05026101221215202,0.0
2009-09-29,26,0,2010-10-13 11:04:36.923076864,2011-02-10 00:00:00,0.04995172201197977,0.0
2009-09-30,26,0,2010-11-01 20:18:27.692307712,2011-02-08 12:00:00,0.05005911419022402,0.0
2009-10-01,26,0,2010-10-14 15:41:32.307692288,2011-02-12 00:00:00,0.04969277956564189,0.0
2009-10-02,26,0,2010-10-15 04:36:55.384615424,2011-02-11 12:00:00,0.049620942365035156,0.0
2009-10-05,26,0,2010-10-16 08:18:27.692307712,2011-02-09 12:00:00,0.04952964104793308,0.0
2009-10-06,26,0,2010-10-17 05:32:18.461538560,2011-02-09 00:00:00,0.049397158709963244,0.0
2009-10-07,26,0,2010-10-26 17:32:18.461538560,2011-02-07 12:00:00,0.04937182435309966,0.0
2009-10-08,26,0,2010-10-23 11:04:36.923076864,2011-02-06 00:00:00,0.049241386803061574,0.0
2009-10-09,26,0,2010-10-24 18:27:41.538461440,2011-02-05 12:00:00,0.04917385476384287,0.0
2009-10-12,26,0,2010-10-26 07:23:04.615384576,2011-02-05 00:00:00,0.04912319884281409,0.0
2009-10-13,26,0,2010-11-01 12:00:00.000000000,2011-02-03 12:00:00,0.04908102083794922,0.0
2009-10-14,26,0,2010-11-02 07:23:04.615384576,2011-02-07 12:00:00,0.049004313639136474,0.0
2009-10-15,26,0,2010-10-30 03:41:32.307692288,2011-02-10 00:00:00,0.04894014399809387,0.0
2009-10-16,26,0,2010-10-26 04:36:55.384615424,2011-02-10 00:00:00,0.048840659852928875,0.0
2009-10-19,26,0,2010-10-31 22:09:13.846153728,2011-02-10 12:00:00,0.048821986659563124,0.0
2009-10-20,26,0,2010-11-05 16:36:55.384615424,2011-02-10 00:00:00,0.04879979837534383,0.0
2009-10-21,26,0,2010-11-01 21:13:50.769230848,2011-02-09 12:00:00,0.04871504320022443,0.0
2009-10-22,26,0,2010-11-06 14:46:09.230769152,2011-02-09 12:00:00,0.048631013092183324,0.0
2009-10-23,26,0,2010-10-19 07:23:04.615384576,2011-01-31 00:00:00,0.04850318366923229,0.0
2009-10-26,26,0,2010-11-08 12:55:23.076923136,2011-02-06 12:00:00,0.048493965137471395,0.0
2009-10-27,26,0,2010-11-04 15:41:32.307692288,2011-02-05 00:00:00,0.04837760838300996,0.0
2009-10-28,26,0,2010-11-05 12:00:00.000000000,2011-02-01 12:00:00,0.048317142285206796,0.0
2009-10-29,26,0,2010-11-05 10:09:13.846153728,2011-01-31 00:00:00,0.04823147501196375,0.0
2009-10-30,26,0,2010-11-05 23:04:36.923076864,2011-01-28 00:00:00,0.04820776194171515,0.0
2009-11-02,26,0,2010-11-07 08:18:27.692307712,2011-01-25 12:00:00,0.04819553011039761,0.0
2009-11-03,26,0,2010-11-06 20:18:27.692307712,2011-01-22 00:00:00,0.04821496161059717,0.0
2009-11-04,26,0,2010-11-09 03:41:32.307692288,2011-01-20 12:00:00,0.048174301644976374,0.0
2009-11-05,26,0,2010-10-20 06:27:41.538461440,2011-01-10 00:00:00,0.04801060082049031,0.0
2009-11-06,26,0,2010-10-23 07:23:04.615384576,2011-01-09 00:00:00,0.04791545567900217,0.0
2009-11-09,26,0,2010-10-24 13:50:46.153846272,2011-01-10 12:00:00,0.04783503072693371,0.0
2009-11-10,26,0,2010-10-26 15:41:32.307692288,2011-01-17 00:00:00,0.047731019962697095,0.0
2009-11-11,26,0,2010-10-28 12:55:23.076923136,2011-01-17 00:00:00,0.04761745210620356,0.0
2009-11-12,26,0,2010-10-29 08:18:27.692307712,2011-01-17 00:00:00,0.04754632152193104,0.0
2009-11-13,26,0,2010-10-27 23:04:36.923076864,2011-01-17 00:00:00,0.04750490665984952,0.0
2009-11-16,26,0,2010-11-01 02:46:09.230769152,2011-01-17 12:00:00,0.04749107636234417,0.0
2009-11-17,26,1,2010-11-08 13:50:46.153846272,2011-01-18 12:00:00,0.04745646163063321,0.038461538461538464
2009-11-18,26,1,2010-11-09 13:50:46.153846272,2011-01-19 00:00:00,0.04739849859687783,0.038461538461538464
2009-11-19,26,1,2010-11-11 07:23:04.615384576,2011-01-18 12:00:00,0.04737966813106808,0.038461538461538464
2009-11-20,26,1,2010-11-10 07:23:04.615384576,2011-01-18 00:00:00,0.047363175502972754,0.038461538461538464
2009-11-23,26,1,2010-11-12 23:04:36.923076864,2011-01-18 12:00:00,0.04733753601174186,0.038461538461538464
2009-11-24,26,0,2010-11-14 09:13:50.769230848,2011-01-18 00:00:00,0.047292978922586944,0.0
2009-11-25,26,0,2010-11-15 10:09:13.846153728,2011-01-18 12:00:00,0.04723938526101515,0.0
2009-11-26,26,0,2010-11-17 14:46:09.230769152,2011-01-24 12:00:00,0.04719635529578618,0.0
2009-11-27,26,0,2010-11-17 20:18:27.692307712,2011-01-23 12:00:00,0.0471502287289493,0.0
2009-11-30,26,0,2010-11-21 08:18:27.692307712,2011-01-23 00:00:00,0.047160200513276525,0.0
2009-12-01,26,0,2010-11-25 13:50:46.153846272,2011-01-23 00:00:00,0.0471045038348797,0.0
2009-12-02,26,0,2010-11-24 15:41:32.307692288,2011-01-23 00:00:00,0.04698787476790729,0.0
2009-12-03,26,0,2010-11-27 14:46:09.230769152,2011-01-23 00:00:00,0.04692686454274787,0.0
2009-12-04,26,0,2010-11-29 19:23:04.615384576,2011-01-23 12:00:00,0.0468756138576611,0.0
2009-12-07,26,0,2010-12-02 01:50:46.153846272,2011-01-24 00:00:00,0.04684478849881668,0.0
2009-12-08,26,1,2011-01-08 04:36:55.384615424,2011-02-06 12:00:00,0.047015151426993564,0.038461538461538464
2009-12-09,26,1,2011-01-02 03:41:32.307692288,2011-01-29 12:00:00,0.04692583340157862,0.038461538461538464
2009-12-10,26,1,2011-01-02 07:23:04.615384576,2011-01-29 00:00:00,0.046856533579888754,0.038461538461538464
2009-12-11,26,1,2011-01-03 16:36:55.384615424,2011-01-29 00:00:00,0.046778697698352086,0.038461538461538464
2009-12-14,26,1,2011-01-05 17:32:18.461538560,2011-01-30 00:00:00,0.046730539319498096,0.038461538461538464
2009-12-15,26,1,2010-12-20 22:09:13.846153728,2011-01-30 00:00:00,0.04657934292955898,0.038461538461538464
2009-12-16,26,1,2010-12-21 09:13:50.769230848,2011-01-31 00:00:00,0.04649678972090278,0.038461538461538464
2009-12-17,26,1,2010-12-23 12:55:23.076923136,2011-01-31 00:00:00,0.04643200771855772,0.038461538461538464
2009-12-18,26,1,2010-12-25 16:36:55.384615424,2011-01-31 12:00:00,0.04637862667226686,0.038461538461538464
2009-12-21,26,1,2011-01-01 12:00:00.000000000,2011-02-09 00:00:00,0.04634539043539397,0.038461538461538464
2009-12-22,26,1,2011-01-04 21:13:50.769230848,2011-02-10 00:00:00,0.04630955434162255,0.038461538461538464
2009-12-23,26,2,2011-01-10 00:00:00.000000000,2011-02-11 00:00:00,0.04626191516418621,0.07692307692307693
2009-12-24,26,2,2011-01-11 18:27:41.538461440,2011-02-11 12:00:00,0.04625069814141853,0.07692307692307693
2009-12-28,26,2,2011-01-14 13:50:46.153846272,2011-02-13 00:00:00,0.04623415010563332,0.07692307692307693
2009-12-29,26,2,2011-01-16 00:55:23.076923136,2011-02-14 00:00:00,0.04623722642689557,0.07692307692307693
2009-12-30,26,2,2011-01-17 00:00:00.000000000,2011-02-15 12:00:00,0.04622756463898406,0.07692307692307693
2009-12-31,26,2,2011-01-19 09:13:50.769230848,2011-02-23 00:00:00,0.04622077579772924,0.07692307692307693
2010-01-04,26,3,2011-02-01 06:27:41.538461440,2011-03-06 12:00:00,0.04636892726563253,0.11538461538461539
2010-01-05,26,3,2011-02-04 08:18:27.692307712,2011-03-18 12:00:00,0.04637149740256918,0.11538461538461539
2010-01-06,26,3,2011-02-06 13:50:46.153846272,2011-03-17 00:00:00,0.046368205019172375,0.11538461538461539
2010-01-07,26,3,2011-02-04 17:32:18.461538560,2011-02-22 12:00:00,0.04632079151281453,0.11538461538461539
2010-01-08,26,3,2011-02-08 03:41:32.307692288,2011-04-08 12:00:00,0.0462808673229616,0.11538461538461539
2010-01-11,26,3,2011-02-09 12:55:23.076923136,2011-04-03 00:00:00,0.04628367342559755,0.11538461538461539
2010-01-12,26,3,2011-02-11 23:04:36.923076864,2011-04-10 12:00:00,0.046268012920966085,0.11538461538461539
2010-01-13,26,3,2011-02-13 13:50:46.153846272,2011-04-16 12:00:00,0.046247400617012706,0.11538461538461539
2010-01-14,26,3,2011-02-17 00:55:23.076923136,2011-04-28 00:00:00,0.046225461832175754,0.11538461538461539
2010-01-15,26,3,2011-02-19 04:36:55.384615424,2011-04-30 12:00:00,0.04617696068069675,0.11538461538461539
2010-01-18,26,3,2011-02-19 00:00:00.000000000,2011-04-04 12:00:00,0.046194026467249696,0.11538461538461539
2010-01-19,26,3,2011-02-16 14:46:09.230769152,2011-04-23 00:00:00,0.04621419252092493,0.11538461538461539
2010-01-20,26,3,2011-02-02 00:55:23.076923136,2011-03-22 00:00:00,0.046174526326196355,0.11538461538461539
2010-01-21,26,3,2011-01-30 17:32:18.461538560,2011-03-28 00:00:00,0.046311628954365025,0.11538461538461539
2010-01-22,26,4,2011-02-07 05:32:18.461538560,2011-04-23 12:00:00,0.046267972029388135,0.15384615384615385
2010-01-25,26,4,2011-02-17 20:18:27.692307712,2011-05-09 12:00:00,0.046271814261347896,0.15384615384615385
2010-01-26,26,4,2011-02-23 00:55:23.076923136,2011-05-29 00:00:00,0.04626089307142933,0.15384615384615385
2010-01-27,26,4,2011-02-26 00:55:23.076923136,2011-05-27 00:00:00,0.046262107158961806,0.15384615384615385
2010-01-28,26,4,2011-02-28 19:23:04.615384576,2011-06-06 00:00:00,0.046281210718593604,0.15384615384615385
2010-01-29,26,4,2011-03-02 07:23:04.615384576,2011-06-06 12:00:00,0.04626825190157133,0.15384615384615385
2010-02-01,26,4,2011-03-06 00:00:00.000000000,2011-06-10 00:00:00,0.04630253389712688,0.15384615384615385
2010-02-02,26,4,2011-03-07 15:41:32.307692288,2011-06-14 12:00:00,0.04630426742543781,0.15384615384615385
2010-02-03,26,4,2011-03-10 14:46:09.230769152,2011-06-17 12:00:00,0.04630295017895565,0.15384615384615385
2010-02-04,26,4,2011-03-31 20:18:27.692307712,2011-06-19 00:00:00,0.046452858038946054,0.15384615384615385
2010-02-05,26,4,2011-04-01 04:36:55.384615424,2011-06-18 00:00:00,0.04655678814532738,0.15384615384615385
2010-02-08,26,1,2011-04-25 15:41:32.307692288,2011-06-23 00:00:00,0.04662023226404885,0.038461538461538464
2010-02-09,26,1,2011-04-27 07:23:04.615384576,2011-06-24 00:00:00,0.04658621036138887,0.038461538461538464
2010-02-10,26,1,2011-04-29 14:46:09.230769152,2011-06-25 00:00:00,0.04653213241412408,0.038461538461538464
2010-02-11,26,1,2011-05-18 10:09:13.846153728,2011-06-26 00:00:00,0.04646572448842849,0.038461538461538464
2010-02-12,26,0,2011-06-01 21:13:50.769230848,2011-06-27 00:00:00,0.04633956011984571,0.0
2010-02-15,26,0,2011-06-02 12:00:00.000000000,2011-06-30 00:00:00,0.0462141419858995,0.0
2010-02-16,26,0,2011-05-29 21:13:50.769230848,2011-07-01 00:00:00,0.04610483622127369,0.0
2010-02-17,26,0,2011-06-02 07:23:04.615384576,2011-07-02 00:00:00,0.04603305908656773,0.0
2010-02-18,26,1,2011-06-02 13:50:46.153846272,2011-07-03 00:00:00,0.04596962111207935,0.038461538461538464
2010-02-19,26,1,2011-05-31 12:55:23.076923136,2011-07-04 00:00:00,0.045923061674240526,0.038461538461538464
2010-02-22,26,1,2011-06-04 04:36:55.384615424,2011-07-07 00:00:00,0.045895597858922874,0.038461538461538464
2010-02-23,26,1,2011-06-05 20:18:27.692307712,2011-07-08 00:00:00,0.04585894353172369,0.038461538461538464
2010-02-24,26,1,2011-06-06 15:41:32.307692288,2011-07-09 00:00:00,0.045839187136055344,0.038461538461538464
2010-02-25,26,1,2011-06-07 06:27:41.538461440,2011-07-10 00:00:00,0.04579981073811431,0.038461538461538464
2010-02-26,26,1,2011-06-07 06:27:41.538461440,2011-07-11 00:00:00,0.045761691656983704,0.038461538461538464
2010-03-01,26,0,2011-06-10 17:32:18.461538560,2011-07-14 00:00:00,0.04574341973219446,0.0
2010-03-02,26,0,2011-06-11 01:50:46.153846272,2011-07-15 00:00:00,0.0457485333392977,0.0
2010-03-03,26,0,2011-06-13 19:23:04.615384576,2011-07-16 00:00:00,0.04576540397028274,0.0
2010-03-04,26,0,2011-06-13 13:50:46.153846272,2011-07-17 00:00:00,0.04578751835903113,0.0
2010-03-05,26,0,2011-06-16 19:23:04.615384576,2011-07-18 00:00:00,0.045869429273409104,0.0
2010-03-08,26,0,2011-06-18 03:41:32.307692288,2011-07-21 00:00:00,0.045979228150210334,0.0
2010-03-09,26,0,2011-06-18 14:46:09.230769152,2011-07-22 00:00:00,0.04605517432583425,0.0
2010-03-10,26,0,2011-06-04 20:18:27.692307712,2011-07-23 00:00:00,0.046112269922544254,0.0
2010-03-11,26,1,2011-06-06 04:36:55.384615424,2011-07-24 00:00:00,0.04616773090900606,0.038461538461538464
2010-03-12,26,2,2011-06-07 02:46:09.230769152,2011-07-25 00:00:00,0.04621623022769609,0.07692307692307693
2010-03-15,26,2,2011-06-02 15:41:32.307692288,2011-07-28 00:00:00,0.046206340868763074,0.07692307692307693
2010-03-16,26,2,2011-05-31 09:13:50.769230848,2011-07-29 00:00:00,0.04623982856503421,0.07692307692307693
2010-03-17,26,2,2011-05-18 00:00:00.000000000,2011-07-30 00:00:00,0.0462904216268467,0.07692307692307693
2010-03-18,26,3,2011-05-16 22:09:13.846153728,2011-07-30 00:00:00,0.04630657034161666,0.11538461538461539
2010-03-19,26,3,2011-05-20 06:27:41.538461440,2011-08-01 00:00:00,0.046295228156805104,0.11538461538461539
2010-03-22,26,3,2011-05-21 22:09:13.846153728,2011-08-01 12:00:00,0.04629715012463905,0.11538461538461539
2010-03-23,26,2,2011-05-23 14:46:09.230769152,2011-08-04 00:00:00,0.04631163782115128,0.07692307692307693
2010-03-24,26,2,2011-05-20 02:46:09.230769152,2011-08-01 00:00:00,0.046332047486078935,0.07692307692307693
2010-03-25,26,2,2011-05-23 10:09:13.846153728,2011-08-06 00:00:00,0.04638439854534663,0.07692307692307693
2010-03-26,26,2,2011-05-26 00:55:23.076923136,2011-08-08 00:00:00,0.046407773625853764,0.07692307692307693
2010-03-29,26,2,2011-05-29 20:18:27.692307712,2011-08-11 00:00:00,0.04644759369740085,0.07692307692307693
2010-03-30,26,2,2011-05-15 00:00:00.000000000,2011-08-12 00:00:00,0.04648251530948269,0.07692307692307693
2010-03-31,26,2,2011-05-13 17:32:18.461538560,2011-08-12 12:00:00,0.046502414375222255,0.07692307692307693
2010-04-01,26,3,2011-05-15 15:41:32.307692288,2011-08-14 00:00:00,0.046572366536652934,0.11538461538461539
2010-04-06,26,2,2011-05-17 18:27:41.538461440,2011-08-18 12:00:00,0.046678960054720275,0.07692307692307693
2010-04-07,26,2,2011-05-18 21:13:50.769230848,2011-08-20 00:00:00,0.046785912274023476,0.07692307692307693
2010-04-08,26,1,2011-05-18 13:50:46.153846272,2011-08-21 00:00:00,0.046856260356567425,0.038461538461538464
2010-04-09,26,1,2011-05-26 15:41:32.307692288,2011-08-22 00:00:00,0.04696120335619574,0.038461538461538464
2010-04-12,26,1,2011-05-29 10:09:13.846153728,2011-08-25 00:00:00,0.0470724497480216,0.038461538461538464
2010-04-13,26,1,2011-05-23 22:09:13.846153728,2011-08-26 00:00:00,0.047163941456659045,0.038461538461538464
2010-04-14,26,1,2011-05-21 16:36:55.384615424,2011-08-27 00:00:00,0.04728912470542221,0.038461538461538464
2010-04-15,26,1,2011-05-21 05:32:18.461538560,2011-08-28 00:00:00,0.04738260382228949,0.038461538461538464
2010-04-16,26,1,2011-05-21 04:36:55.384615424,2011-08-29 00:00:00,0.04743206932781415,0.038461538461538464
2010-04-19,26,2,2011-05-04 19:23:04.615384576,2011-08-30 12:00:00,0.04747235078348876,0.07692307692307693
2010-04-20,26,2,2011-05-01 13:50:46.153846272,2011-09-02 00:00:00,0.0474859595287355,0.07692307692307693
2010-04-21,26,2,2011-05-03 04:36:55.384615424,2011-09-03 00:00:00,0.04744856494076933,0.07692307692307693
2010-04-22,26,3,2011-05-06 10:09:13.846153728,2011-09-04 00:00:00,0.04741847905561357,0.11538461538461539
2010-04-23,26,3,2011-05-08 04:36:55.384615424,2011-09-05 00:00:00,0.04740377383989959,0.11538461538461539
2010-04-26,26,3,2011-05-13 00:55:23.076923136,2011-09-08 00:00:00,0.04738404946254157,0.11538461538461539
2010-04-27,26,3,2011-05-13 14:46:09.230769152,2011-09-09 00:00:00,0.0473445586812251,0.11538461538461539
2010-04-28,26,3,2011-05-19 22:09:13.846153728,2011-09-10 00:00:00,0.047341877586506,0.11538461538461539
2010-04-29,26,3,2011-05-23 09:13:50.769230848,2011-09-11 00:00:00,0.047314047165377064,0.11538461538461539
2010-04-30,26,3,2011-05-11 17:32:18.461538560,2011-09-12 00:00:00,0.047297182164442,0.11538461538461539
2010-05-03,26,3,2011-05-05 11:04:36.923076864,2011-09-15 00:00:00,0.04724210696436307,0.11538461538461539
2010-05-04,26,3,2011-05-12 00:00:00.000000000,2011-09-16 00:00:00,0.04725529390218643,0.11538461538461539
2010-05-05,26,3,2011-05-18 08:18:27.692307712,2011-09-17 00:00:00,0.04730738458685302,0.11538461538461539
2010-05-06,26,3,2011-05-23 00:55:23.076923136,2011-09-18 00:00:00,0.047407762472486854,0.11538461538461539
2010-05-07,26,4,2011-05-11 04:36:55.384615424,2011-09-19 00:00:00,0.0477320943713134,0.15384615384615385
2010-05-10,26,4,2011-05-15 00:55:23.076923136,2011-09-22 00:00:00,0.0477205623774226,0.15384615384615385
2010-05-11,26,4,2011-05-31 09:13:50.769230848,2011-09-23 00:00:00,0.04777037747074091,0.15384615384615385
2010-05-12,26,4,2011-05-31 12:55:23.076923136,2011-09-24 00:00:00,0.04775197896621181,0.15384615384615385
2010-05-14,26,4,2011-05-18 17:32:18.461538560,2011-09-26 00:00:00,0.04776292566999691,0.15384615384615385
2010-05-17,26,3,2011-05-04 07:23:04.615384576,2011-09-29 00:00:00,0.047803176098466106,0.11538461538461539
2010-05-18,26,3,2011-05-21 22:09:13.846153728,2011-09-30 00:00:00,0.047874995599291564,0.11538461538461539
2010-05-19,26,3,2011-05-06 10:09:13.846153728,2011-10-01 00:00:00,0.0479332871557208,0.11538461538461539
2010-05-20,26,3,2011-05-08 11:04:36.923076864,2011-10-02 00:00:00,0.04817801388237393,0.11538461538461539
2010-05-21,26,2,2011-05-09 21:13:50.769230848,2011-10-03 00:00:00,0.04842957250128358,0.07692307692307693
2010-05-25,26,3,2011-05-31 18:27:41.538461440,2011-10-07 00:00:00,0.04880416426618498,0.11538461538461539
2010-05-26,26,3,2011-06-20 00:00:00.000000000,2011-10-08 00:00:00,0.048990586829219036,0.11538461538461539
2010-05-27,26,3,2011-07-07 08:18:27.692307712,2011-10-09 00:00:00,0.048988283208169954,0.11538461538461539
2010-05-28,26,2,2011-07-08 06:27:41.538461440,2011-10-10 00:00:00,0.04893010655796943,0.07692307692307693
2010-05-31,26,1,2011-07-22 09:13:50.769230848,2011-10-13 00:00:00,0.049062417641939096,0.038461538461538464
2010-06-01,26,0,2011-07-18 02:46:09.230769152,2011-10-14 00:00:00,0.04884545140039111,0.0
2010-06-02,26,0,2011-07-14 00:55:23.076923136,2011-10-15 00:00:00,0.048852152322037205,0.0
2010-06-03,26,0,2011-07-17 16:36:55.384615424,2011-10-16 00:00:00,0.048650542351076694,0.0
2010-06-04,26,0,2011-08-08 15:41:32.307692288,2011-10-17 00:00:00,0.048714155779509424,0.0
2010-06-07,26,0,2011-08-21 14:46:09.230769152,2011-10-20 00:00:00,0.048680181266024775,0.0
2010-06-08,26,0,2011-08-22 20:18:27.692307712,2011-10-21 00:00:00,0.04860941716727563,0.0
2010-06-09,26,0,2011-07-30 07:23:04.615384576,2011-10-22 00:00:00,0.048430557638887387,0.0
2010-06-10,26,0,2011-07-31 06:27:41.538461440,2011-10-23 00:00:00,0.04834509061290551,0.0
2010-06-11,26,0,2011-07-30 08:18:27.692307712,2011-10-24 00:00:00,0.04827541215081417,0.0
2010-06-14,26,0,2011-08-18 10:09:13.846153728,2011-10-27 00:00:00,0.048288569243127286,0.0
2010-06-15,26,0,2011-08-16 19:23:04.615384576,2011-10-28 00:00:00,0.04827722216097164,0.0
2010-06-16,26,0,2011-08-13 22:09:13.846153728,2011-10-29 00:00:00,0.04828098494246814,0.0
2010-06-17,26,0,2011-07-30 10:09:13.846153728,2011-10-30 00:00:00,0.04825608100084844,0.0
2010-06-18,26,0,2011-07-24 17:32:18.461538560,2011-10-31 00:00:00,0.04824003877260389,0.0
2010-06-21,26,0,2011-07-24 06:27:41.538461440,2011-11-03 00:00:00,0.048246367721427624,0.0
2010-06-22,26,0,2011-07-25 00:55:23.076923136,2011-11-04 00:00:00,0.04823060240745159,0.0
2010-06-23,26,0,2011-08-12 17:32:18.461538560,2011-11-05 00:00:00,0.04831193267911815,0.0
2010-06-24,26,0,2011-07-25 04:36:55.384615424,2011-11-06 00:00:00,0.04833815122349787,0.0
2010-06-25,26,0,2011-07-25 21:13:50.769230848,2011-11-07 00:00:00,0.04819180181770218,0.0
2010-06-28,26,0,2011-07-28 04:36:55.384615424,2011-11-10 00:00:00,0.04815887342722224,0.0
2010-06-29,26,0,2011-07-28 08:18:27.692307712,2011-11-11 00:00:00,0.048141593851828084,0.0
2010-06-30,26,0,2011-08-15 21:13:50.769230848,2011-11-12 00:00:00,0.04818461278797573,0.0
2010-07-01,26,0,2011-08-16 23:04:36.923076864,2011-11-13 00:00:00,0.04816555312849277,0.0
2010-07-02,26,0,2011-08-19 20:18:27.692307712,2011-11-14 00:00:00,0.04809880851023465,0.0
2010-07-05,26,0,2011-08-03 17:32:18.461538560,2011-11-17 00:00:00,0.04801723519683881,0.0
2010-07-06,26,0,2011-08-04 15:41:32.307692288,2011-11-18 00:00:00,0.04792819605360794,0.0
2010-07-07,26,0,2011-08-06 00:00:00.000000000,2011-11-19 00:00:00,0.04782515852585275,0.0
2010-07-08,26,0,2011-08-06 03:41:32.307692288,2011-11-20 00:00:00,0.047747461772297745,0.0
2010-07-09,26,0,2011-07-29 10:09:13.846153728,2011-11-21 00:00:00,0.047692454338114795,0.0
2010-07-12,26,0,2011-07-28 15:41:32.307692288,2011-11-24 00:00:00,0.047634196071908476,0.0
2010-07-13,26,0,2011-08-15 16:36:55.384615424,2011-11-25 00:00:00,0.04778250079060049,0.0
2010-07-15,26,0,2011-08-17 00:55:23.076923136,2011-11-27 00:00:00,0.047741752632827525,0.0
2010-07-16,26,0,2011-07-29 18:27:41.538461440,2011-11-28 00:00:00,0.04763598261329109,0.0
2010-07-19,26,0,2011-07-31 18:27:41.538461440,2011-12-01 00:00:00,0.04755145941863427,0.0
2010-07-20,26,0,2011-08-01 08:18:27.692307712,2011-12-02 00:00:00,0.04747232882721534,0.0
2010-07-21,26,0,2011-07-12 23:04:36.923076864,2011-12-03 00:00:00,0.04738746599566606,0.0
2010-07-22,26,0,2011-07-13 11:04:36.923076864,2011-12-04 00:00:00,0.04737539310985161,0.0
2010-07-23,26,0,2011-07-12 04:36:55.384615424,2011-12-05 00:00:00,0.04735151062731716,0.0
2010-07-26,26,0,2011-07-16 12:55:23.076923136,2011-12-08 00:00:00,0.04741158664470026,0.0
2010-07-27,26,0,2011-07-06 18:27:41.538461440,2011-12-09 00:00:00,0.047474145919576695,0.0
2010-07-28,26,0,2011-07-06 13:50:46.153846272,2011-12-10 00:00:00,0.04750220139074558,0.0
2010-07-29,26,0,2011-07-09 12:00:00.000000000,2011-12-11 00:00:00,0.047546171657057844,0.0
2010-07-30,26,0,2011-07-09 12:00:00.000000000,2011-12-12 00:00:00,0.04757229914494986,0.0
2010-08-02,26,0,2011-07-11 13:50:46.153846272,2011-12-15 00:00:00,0.047708821461991735,0.0
2010-08-03,26,0,2011-06-22 09:13:50.769230848,2011-12-16 00:00:00,0.047773015643268475,0.0
2010-08-04,26,0,2011-07-10 21:13:50.769230848,2011-12-17 00:00:00,0.04786728806901134,0.0
2010-08-05,26,0,2011-06-29 22:09:13.846153728,2011-12-18 00:00:00,0.047941129753239616,0.0
2010-08-06,26,0,2011-06-12 03:41:32.307692288,2011-12-16 00:00:00,0.04780137201068438,0.0
2010-08-09,26,0,2011-06-14 02:46:09.230769152,2011-12-21 12:00:00,0.04782119278583579,0.0
2010-08-10,26,0,2011-06-27 15:41:32.307692288,2011-12-23 00:00:00,0.04791801474543803,0.0
2010-08-11,26,0,2011-06-28 10:09:13.846153728,2011-12-24 00:00:00,0.047866699065819605,0.0
2010-08-12,26,0,2011-06-17 02:46:09.230769152,2011-12-25 00:00:00,0.04767989467305828,0.0
2010-08-13,26,0,2011-07-02 15:41:32.307692288,2011-12-25 00:00:00,0.047728368529894136,0.0
2010-08-16,26,0,2011-07-03 21:13:50.769230848,2011-12-21 00:00:00,0.04769235156875008,0.0
2010-08-17,26,0,2011-05-29 15:41:32.307692288,2011-10-24 00:00:00,0.0474764499869238,0.0
2010-08-18,26,0,2011-06-05 16:36:55.384615424,2011-11-04 12:00:00,0.04753806501450113,0.0
2010-08-19,26,0,2011-06-04 00:00:00.000000000,2011-09-29 00:00:00,0.047313691148924836,0.0
2010-08-20,26,0,2011-05-10 11:04:36.923076864,2011-05-07 12:00:00,0.04716533100008102,0.0
2010-08-23,26,0,2011-06-19 05:32:18.461538560,2011-12-01 00:00:00,0.04737724847681835,0.0
2010-08-24,26,0,2011-04-29 03:41:32.307692288,2011-02-05 00:00:00,0.04706952854281384,0.0
2010-08-25,26,0,2011-05-04 04:36:55.384615424,2011-02-04 00:00:00,0.047007936767364526,0.0
2010-08-26,26,0,2011-05-25 06:27:41.538461440,2011-04-05 12:00:00,0.04701591986046166,0.0
2010-08-27,26,0,2011-05-05 06:27:41.538461440,2011-02-06 12:00:00,0.04684024144189604,0.0
2010-08-30,26,0,2011-05-23 06:27:41.538461440,2011-04-03 00:00:00,0.0468625141024157,0.0
2010-08-31,26,0,2011-05-23 19:23:04.615384576,2011-03-29 12:00:00,0.046812815853030904,0.0
2010-09-01,26,0,2011-05-17 14:46:09.230769152,2011-03-06 12:00:00,0.046789109823581164,0.0
2010-09-02,26,0,2011-05-19 00:00:00.000000000,2011-03-12 12:00:00,0.04677298117402583,0.0
2010-09-03,26,0,2011-05-20 03:41:32.307692288,2011-03-07 00:00:00,0.0467970770174635,0.0
2010-09-06,26,0,2011-05-22 08:18:27.692307712,2011-03-01 00:00:00,0.04687266771550938,0.0
2010-09-07,26,0,2011-05-06 18:27:41.538461440,2011-02-17 00:00:00,0.04673265089788833,0.0
2010-09-08,26,0,2011-05-04 15:41:32.307692288,2011-02-24 12:00:00,0.046705736050663985,0.0
2010-09-09,26,0,2011-05-02 02:46:09.230769152,2011-02-25 12:00:00,0.04676236072610635,0.0
2010-09-10,26,0,2011-04-30 06:27:41.538461440,2011-02-06 00:00:00,0.04671429188343267,0.0
2010-09-13,26,0,2011-05-11 14:46:09.230769152,2011-02-24 12:00:00,0.04673749148930685,0.0
2010-09-14,26,0,2011-05-08 07:23:04.615384576,2011-02-25 12:00:00,0.046633671019982406,0.0
2010-09-15,26,0,2011-06-07 12:55:23.076923136,2011-04-25 12:00:00,0.04678269641073474,0.0
2010-09-16,26,0,2011-06-03 21:13:50.769230848,2011-04-19 12:00:00,0.04669492751106884,0.0
2010-09-17,26,0,2011-05-18 21:13:50.769230848,2011-02-07 00:00:00,0.04644204036628901,0.0
2010-09-20,26,0,2011-05-19 05:32:18.461538560,2011-01-12 12:00:00,0.04638521283775733,0.0
2010-09-21,26,0,2011-05-26 12:55:23.076923136,2011-02-01 00:00:00,0.04634412341331995,0.0
2010-09-22,26,0,2011-06-05 19:23:04.615384576,2011-04-02 12:00:00,0.046318519301802655,0.0
2010-09-23,26,0,2011-05-15 17:32:18.461538560,2011-01-28 00:00:00,0.04612646947530911,0.0
2010-09-24,26,0,2011-05-14 19:23:04.615384576,2011-01-27 12:00:00,0.046021005565089375,0.0
2010-09-27,26,0,2011-05-17 03:41:32.307692288,2011-01-12 12:00:00,0.04591584459983925,0.0
2010-09-28,26,0,2011-06-02 02:46:09.230769152,2011-01-13 00:00:00,0.045924621302640065,0.0
2010-09-29,26,0,2011-05-19 12:00:00.000000000,2011-01-13 00:00:00,0.04566552719971417,0.0
2010-09-30,26,0,2011-05-18 19:23:04.615384576,2011-01-13 12:00:00,0.04555218480417214,0.0
2010-10-01,26,0,2011-05-17 09:13:50.769230848,2011-01-13 12:00:00,0.04542833604330758,0.0
2010-10-04,26,0,2011-05-16 19:23:04.615384576,2011-01-13 12:00:00,0.04535500194326109,0.0
2010-10-05,26,0,2011-05-28 09:13:50.769230848,2011-01-17 12:00:00,0.045473762752229856,0.0
2010-10-06,26,0,2011-05-13 16:36:55.384615424,2011-01-14 12:00:00,0.04518424481606709,0.0
2010-10-07,26,0,2011-04-28 06:27:41.538461440,2011-01-15 00:00:00,0.045018856626041284,0.0
2010-10-08,26,0,2011-05-26 21:13:50.769230848,2011-01-17 12:00:00,0.04517334434834984,0.0
2010-10-11,26,0,2011-05-27 00:55:23.076923136,2011-01-17 00:00:00,0.04508287845367827,0.0
2010-10-12,26,0,2011-05-10 23:04:36.923076864,2011-01-17 00:00:00,0.044904637270837426,0.0
2010-10-13,26,0,2011-05-04 16:36:55.384615424,2011-01-14 12:00:00,0.04477438969378696,0.0
2010-10-14,26,0,2011-05-29 03:41:32.307692288,2011-01-26 12:00:00,0.04481910119206192,0.0
2010-10-15,26,0,2011-06-10 05:32:18.461538560,2011-02-08 12:00:00,0.04473802785884894,0.0
2010-10-18,26,0,2011-06-22 21:13:50.769230848,2011-03-22 00:00:00,0.04465491110504504,0.0
2010-10-19,26,0,2011-06-24 18:27:41.538461440,2011-04-26 12:00:00,0.04452990838270364,0.0
2010-10-20,26,0,2011-07-06 15:41:32.307692288,2011-06-27 12:00:00,0.0444580694905697,0.0
2010-10-21,26,0,2011-06-08 11:04:36.923076864,2011-02-09 12:00:00,0.04430999005135002,0.0
2010-10-22,26,0,2011-06-11 12:00:00.000000000,2011-02-10 12:00:00,0.0441551880728579,0.0
2010-10-25,26,0,2011-06-15 07:23:04.615384576,2011-02-11 00:00:00,0.04406554278492525,0.0
2010-10-26,26,0,2011-07-13 21:13:50.769230848,2011-07-23 00:00:00,0.044034666750274704,0.0
2010-10-27,26,0,2011-07-07 07:23:04.615384576,2011-05-31 00:00:00,0.04393197730350117,0.0
2010-10-28,26,0,2011-06-30 22:09:13.846153728,2011-06-03 00:00:00,0.04375670569001661,0.0
2010-10-29,26,0,2011-06-26 21:13:50.769230848,2011-06-11 00:00:00,0.043621613814797934,0.0
2010-11-01,26,0,2011-06-15 13:50:46.153846272,2011-03-20 00:00:00,0.04351699650364597,0.0
2010-11-02,26,0,2011-06-13 21:13:50.769230848,2011-03-10 00:00:00,0.043395897028667675,0.0
2010-11-03,26,0,2011-06-14 00:55:23.076923136,2011-03-02 00:00:00,0.043287306269989285,0.0
2010-11-04,26,0,2011-06-11 15:41:32.307692288,2011-03-03 00:00:00,0.04318923252598325,0.0
2010-11-05,26,0,2011-06-30 18:27:41.538461440,2011-05-24 12:00:00,0.04318613752980101,0.0
2010-11-08,26,0,2011-06-21 23:04:36.923076864,2011-03-02 00:00:00,0.04305525047870222,0.0
2010-11-09,26,0,2011-07-08 13:50:46.153846272,2011-06-13 12:00:00,0.04302632773918537,0.0
2010-11-10,26,0,2011-07-06 10:09:13.846153728,2011-06-02 12:00:00,0.04292313447678878,0.0
2010-11-11,26,0,2011-07-13 16:36:55.384615424,2011-06-10 12:00:00,0.04286671285572172,0.0
2010-11-12,26,0,2011-07-12 04:36:55.384615424,2011-05-29 00:00:00,0.04278477489017182,0.0
2010-11-15,26,0,2011-07-19 23:04:36.923076864,2011-06-26 12:00:00,0.04275759225896138,0.0
2010-11-16,26,0,2011-07-13 17:32:18.461538560,2011-05-28 12:00:00,0.04269408851445001,0.0
2010-11-17,26,0,2011-07-23 18:27:41.538461440,2011-07-07 12:00:00,0.042614121516167676,0.0
2010-11-18,26,0,2011-07-23 14:46:09.230769152,2011-07-08 00:00:00,0.042484718941035456,0.0
2010-11-19,26,0,2011-07-26 15:41:32.307692288,2011-07-24 00:00:00,0.042377752124919836,0.0
2010-11-22,26,0,2011-07-29 13:50:46.153846272,2011-07-14 12:00:00,0.04226665148148667,0.0
2010-11-23,26,0,2011-07-31 11:04:36.923076864,2011-08-05 00:00:00,0.04215650911291138,0.0
2010-11-24,26,0,2011-07-30 02:46:09.230769152,2011-07-19 00:00:00,0.04204921391416377,0.0
2010-11-25,26,0,2011-08-03 15:41:32.307692288,2011-07-28 00:00:00,0.04192829997757748,0.0
2010-11-26,26,0,2011-08-16 08:18:27.692307712,2011-09-28 00:00:00,0.04180666598093967,0.0
2010-11-29,26,0,2011-08-03 12:00:00.000000000,2011-08-04 00:00:00,0.04173035999174576,0.0
2010-11-30,26,0,2011-08-19 19:23:04.615384576,2011-10-03 00:00:00,0.04166629697501427,0.0
2010-12-01,26,0,2011-09-01 02:46:09.230769152,2011-09-19 00:00:00,0.04167538809960444,0.0
2010-12-02,26,0,2011-08-24 04:36:55.384615424,2011-09-26 00:00:00,0.04151859104779181,0.0
2010-12-03,26,0,2011-08-08 11:04:36.923076864,2011-07-12 12:00:00,0.04138559451801075,0.0
2010-12-06,26,0,2011-08-31 12:00:00.000000000,2011-10-16 12:00:00,0.041304106906443136,0.0
2010-12-07,26,0,2011-09-02 00:55:23.076923136,2011-10-27 12:00:00,0.04121784007591135,0.0
2010-12-08,26,0,2011-09-04 04:36:55.384615424,2011-11-04 00:00:00,0.04114231967222343,0.0
2010-12-09,26,1,2011-08-04 16:36:55.384615424,2011-07-06 12:00:00,0.0410600304431296,0.038461538461538464
2010-12-10,26,2,2011-07-17 11:04:36.923076864,2011-03-18 00:00:00,0.040964558544889736,0.07692307692307693
2010-12-13,26,2,2011-06-23 00:55:23.076923136,2011-02-25 12:00:00,0.040854137660778785,0.07692307692307693
2010-12-14,26,2,2011-07-10 19:23:04.615384576,2011-03-02 00:00:00,0.040762308650368735,0.07692307692307693
2010-12-15,26,2,2011-07-15 02:46:09.230769152,2011-03-01 00:00:00,0.040662164041326464,0.07692307692307693
2010-12-16,26,2,2011-07-27 02:46:09.230769152,2011-03-12 12:00:00,0.04059645405978571,0.07692307692307693
2010-12-17,26,2,2011-08-13 23:04:36.923076864,2011-04-07 12:00:00,0.0404783607495252,0.07692307692307693
2010-12-20,26,2,2011-08-17 01:50:46.153846272,2011-04-17 00:00:00,0.040434613199834754,0.07692307692307693
2010-12-21,26,2,2011-08-10 20:18:27.692307712,2011-05-13 00:00:00,0.040381772915299874,0.07692307692307693
2010-12-22,26,2,2011-08-09 19:23:04.615384576,2011-03-20 12:00:00,0.04029905708806463,0.07692307692307693
2010-12-23,26,2,2011-08-11 22:09:13.846153728,2011-03-22 12:00:00,0.04022270573936442,0.07692307692307693
2010-12-27,26,2,2011-08-15 12:00:00.000000000,2011-03-04 12:00:00,0.0401429510251671,0.07692307692307693
2010-12-28,26,2,2011-08-20 13:50:46.153846272,2011-02-20 00:00:00,0.04002954782767327,0.07692307692307693
2010-12-29,26,2,2011-08-01 18:27:41.538461440,2011-02-06 00:00:00,0.03986627359146323,0.07692307692307693
2010-12-30,26,2,2011-07-18 12:55:23.076923136,2011-01-31 00:00:00,0.03973479456470139,0.07692307692307693
2011-01-03,26,2,2011-07-07 16:36:55.384615424,2011-01-31 00:00:00,0.03964320706298505,0.07692307692307693
2011-01-04,26,2,2011-07-23 07:23:04.615384576,2011-02-07 12:00:00,0.039483517513153495,0.07692307692307693
2011-01-05,26,2,2011-07-05 12:55:23.076923136,2011-02-08 00:00:00,0.03937328119180234,0.07692307692307693
2011-01-06,26,2,2011-06-20 13:50:46.153846272,2011-02-01 00:00:00,0.039266861668667885,0.07692307692307693
2011-01-07,26,1,2011-07-04 19:23:04.615384576,2011-02-01 00:00:00,0.03916300916571724,0.038461538461538464
2011-01-10,26,3,2011-07-09 21:13:50.769230848,2011-02-02 12:00:00,0.03909961202795335,0.11538461538461539
2011-01-11,26,2,2011-07-06 01:50:46.153846272,2011-02-03 12:00:00,0.03897071537063611,0.07692307692307693
2011-01-12,26,1,2011-07-06 10:09:13.846153728,2011-02-02 12:00:00,0.03888676345680042,0.038461538461538464
2011-01-13,26,1,2011-07-10 11:04:36.923076864,2011-01-31 00:00:00,0.03879137132864247,0.038461538461538464
2011-01-14,26,1,2011-07-09 10:09:13.846153728,2011-01-31 00:00:00,0.03870002004031983,0.038461538461538464
2011-01-17,26,2,2011-07-20 21:13:50.769230848,2011-02-06 12:00:00,0.038664112615648935,0.07692307692307693
2011-01-18,26,2,2011-07-25 18:27:41.538461440,2011-02-09 00:00:00,0.03857170844470522,0.07692307692307693
2011-01-19,26,2,2011-08-22 11:04:36.923076864,2011-02-16 00:00:00,0.03848938807593119,0.07692307692307693
2011-01-20,26,2,2011-08-30 07:23:04.615384576,2011-02-16 12:00:00,0.03841819348340491,0.07692307692307693
2011-01-21,26,2,2011-08-13 12:55:23.076923136,2011-02-09 12:00:00,0.0383317200624203,0.07692307692307693
2011-01-24,26,2,2011-08-26 18:27:41.538461440,2011-04-02 12:00:00,0.03827137406411711,0.07692307692307693
2011-01-25,26,2,2011-08-11 22:09:13.846153728,2011-02-18 00:00:00,0.038211952807364516,0.07692307692307693
2011-01-26,26,2,2011-08-26 03:41:32.307692288,2011-04-01 00:00:00,0.03819204109388965,0.07692307692307693
2011-01-27,26,3,2011-08-21 07:23:04.615384576,2011-03-22 00:00:00,0.038099716814604626,0.11538461538461539
2011-01-28,26,3,2011-10-13 05:32:18.461538560,2011-11-12 00:00:00,0.038057193991646136,0.11538461538461539
2011-01-31,26,3,2011-10-07 08:18:27.692307712,2011-07-23 12:00:00,0.03797897666311672,0.11538461538461539
2011-02-01,26,3,2011-09-13 15:41:32.307692288,2011-06-07 12:00:00,0.03787604136837309,0.11538461538461539
2011-02-02,26,3,2011-09-21 02:46:09.230769152,2011-04-27 12:00:00,0.03773135689030669,0.11538461538461539
2011-02-03,26,3,2011-11-06 16:36:55.384615424,2012-02-20 00:00:00,0.03761167364431496,0.11538461538461539
2011-02-04,26,3,2011-10-27 19:23:04.615384576,2012-01-07 00:00:00,0.03747296861781147,0.11538461538461539
2011-02-07,26,3,2011-10-18 16:36:55.384615424,2011-10-16 12:00:00,0.03736078155720848,0.11538461538461539
2011-02-08,26,4,2011-10-10 01:50:46.153846272,2011-08-12 12:00:00,0.0372029690324603,0.15384615384615385
2011-02-09,26,4,2011-10-13 10:09:13.846153728,2011-08-15 00:00:00,0.037092314533868416,0.15384615384615385
2011-02-10,26,4,2011-10-23 17:32:18.461538560,2011-10-17 00:00:00,0.03705071147530237,0.15384615384615385
2011-02-11,26,3,2011-10-10 13:50:46.153846272,2011-08-13 12:00:00,0.03693697305961122,0.11538461538461539
2011-02-14,26,4,2011-09-21 19:23:04.615384576,2011-05-10 00:00:00,0.036823221591407135,0.15384615384615385
2011-02-15,26,4,2011-10-04 12:00:00.000000000,2011-07-17 12:00:00,0.03674334660030757,0.15384615384615385
2011-02-16,26,4,2011-11-24 14:46:09.230769152,2012-03-21 00:00:00,0.036694150585186595,0.15384615384615385
2011-02-17,26,4,2011-11-08 12:00:00.000000000,2012-01-05 12:00:00,0.0365813664167256,0.15384615384615385
2011-02-18,26,4,2011-10-29 10:09:13.846153728,2011-11-09 00:00:00,0.036500652787003846,0.15384615384615385
2011-02-21,26,4,2011-11-18 22:09:13.846153728,2012-01-10 12:00:00,0.03643881633007852,0.15384615384615385
2011-02-22,26,4,2011-11-03 17:32:18.461538560,2011-10-23 12:00:00,0.03631989146442781,0.15384615384615385
2011-02-23,26,4,2011-11-07 19:23:04.615384576,2011-10-21 00:00:00,0.036242615997768804,0.15384615384615385
2011-02-24,26,3,2011-11-15 17:32:18.461538560,2011-10-07 00:00:00,0.03619921009260281,0.11538461538461539
2011-02-25,26,3,2011-11-09 10:09:13.846153728,2011-09-26 00:00:00,0.03608279576096639,0.11538461538461539
2011-02-28,26,2,2011-11-23 13:50:46.153846272,2011-10-14 12:00:00,0.03600354152142004,0.07692307692307693
2011-03-01,26,2,2011-11-14 03:41:32.307692288,2011-09-19 12:00:00,0.03590019739352091,0.07692307692307693
2011-03-02,26,2,2011-11-26 12:55:23.076923136,2011-11-09 00:00:00,0.03586409321551256,0.07692307692307693
2011-03-03,26,2,2011-11-12 09:13:50.769230848,2011-10-06 12:00:00,0.03576988212737032,0.07692307692307693
2011-03-04,26,2,2011-11-08 10:09:13.846153728,2011-10-06 12:00:00,0.035686235740880444,0.07692307692307693
2011-03-07,26,2,2011-11-29 22:09:13.846153728,2011-11-25 12:00:00,0.03566708380262757,0.07692307692307693
2011-03-08,26,2,2011-11-28 07:23:04.615384576,2011-11-25 00:00:00,0.03557611913833088,0.07692307692307693
2011-03-09,26,1,2011-12-11 15:41:32.307692288,2011-12-20 00:00:00,0.03545103675734309,0.038461538461538464
2011-03-10,26,1,2011-12-07 18:27:41.538461440,2011-12-19 00:00:00,0.03534219140930875,0.038461538461538464
2011-03-11,26,0,2011-12-13 19:23:04.615384576,2012-02-02 00:00:00,0.03527037343121821,0.0
2011-03-14,26,0,2011-12-11 08:18:27.692307712,2012-01-17 00:00:00,0.03523528012657025,0.0
2011-03-15,26,0,2011-12-01 13:50:46.153846272,2011-12-23 00:00:00,0.035296914634515446,0.0
2011-03-16,26,0,2011-12-17 18:27:41.538461440,2011-12-24 00:00:00,0.0354718093822181,0.0
2011-03-17,26,0,2011-12-16 13:50:46.153846272,2011-12-23 00:00:00,0.0354872131229447,0.0
2011-03-18,26,0,2011-12-19 01:50:46.153846272,2012-01-22 12:00:00,0.035488646462972735,0.0
2011-03-21,26,0,2011-12-19 01:50:46.153846272,2012-02-02 00:00:00,0.035425362171716664,0.0
2011-03-22,26,0,2011-12-17 17:32:18.461538560,2011-12-30 12:00:00,0.03533680641185652,0.0
2011-03-23,26,0,2011-12-14 10:09:13.846153728,2011-12-22 00:00:00,0.03525205180769152,0.0
2011-03-24,26,0,2011-12-04 20:18:27.692307712,2011-12-05 00:00:00,0.03515846782094912,0.0
2011-03-25,26,0,2011-11-21 16:36:55.384615424,2011-11-24 00:00:00,0.035061113203653314,0.0
2011-03-28,26,0,2011-11-15 09:13:50.769230848,2011-11-12 12:00:00,0.03496697553710847,0.0
2011-03-29,26,0,2011-11-17 22:09:13.846153728,2011-10-08 12:00:00,0.03483438088336467,0.0
2011-03-30,26,0,2011-11-19 12:55:23.076923136,2011-10-09 00:00:00,0.034722019597872585,0.0
2011-03-31,26,0,2011-11-16 16:36:55.384615424,2011-10-06 12:00:00,0.03459927852474669,0.0
2011-04-01,26,0,2011-11-18 15:41:32.307692288,2011-09-27 12:00:00,0.034500582564330036,0.0
2011-04-04,26,0,2011-11-19 10:09:13.846153728,2011-09-15 12:00:00,0.03442390853848335,0.0
2011-04-05,26,0,2011-12-06 00:00:00.000000000,2011-10-07 12:00:00,0.03438824373114024,0.0
2011-04-06,26,0,2011-12-03 14:46:09.230769152,2011-10-07 00:00:00,0.03432322414733802,0.0
2011-04-07,26,0,2011-11-19 13:50:46.153846272,2011-09-19 12:00:00,0.03420037972529429,0.0
2011-04-08,26,0,2011-11-22 16:36:55.384615424,2011-09-26 12:00:00,0.03410921828181455,0.0
2011-04-11,26,0,2011-12-04 12:00:00.000000000,2011-10-05 12:00:00,0.03405302715499643,0.0
2011-04-12,26,0,2011-11-28 16:36:55.384615424,2011-10-23 00:00:00,0.03396260360755497,0.0
2011-04-13,26,0,2011-11-28 21:13:50.769230848,2011-10-23 12:00:00,0.03382709970474935,0.0
2011-04-14,26,0,2011-11-27 02:46:09.230769152,2011-10-17 12:00:00,0.03368595113809547,0.0
2011-04-15,26,0,2011-11-26 03:41:32.307692288,2011-10-05 12:00:00,0.033551219001808325,0.0
2011-04-18,26,0,2011-11-28 12:00:00.000000000,2011-10-09 12:00:00,0.03347331597559287,0.0
2011-04-19,26,0,2011-11-30 02:46:09.230769152,2011-10-14 12:00:00,0.03335598004415381,0.0
2011-04-20,26,0,2011-11-30 00:55:23.076923136,2011-10-16 12:00:00,0.033246184093605365,0.0
2011-04-21,26,0,2011-11-21 07:23:04.615384576,2011-10-18 00:00:00,0.033150856976941784,0.0
2011-04-26,26,0,2011-11-22 01:50:46.153846272,2011-10-16 12:00:00,0.03307519618404205,0.0
2011-04-27,26,0,2011-11-19 14:46:09.230769152,2011-10-15 12:00:00,0.03297505638466215,0.0
2011-04-28,26,0,2011-11-19 00:55:23.076923136,2011-10-16 12:00:00,0.03286010865344969,0.0
2011-04-29,26,0,2011-11-12 02:46:09.230769152,2011-10-15 00:00:00,0.03276003032176503,0.0
2011-05-02,26,0,2011-11-10 01:50:46.153846272,2011-10-17 12:00:00,0.03266030518010364,0.0
2011-05-03,26,0,2011-10-28 14:46:09.230769152,2011-09-26 12:00:00,0.032557697846372365,0.0
2011-05-04,26,0,2011-11-05 09:13:50.769230848,2011-09-29 12:00:00,0.03245792625206458,0.0
2011-05-05,26,0,2011-11-09 14:46:09.230769152,2011-10-02 00:00:00,0.03233961935524268,0.0
2011-05-06,26,0,2011-11-06 17:32:18.461538560,2011-10-02 00:00:00,0.032217427341899287,0.0
2011-05-09,26,0,2011-11-10 08:18:27.692307712,2011-10-07 12:00:00,0.0321069902310894,0.0
2011-05-10,26,0,2011-11-19 20:18:27.692307712,2011-10-24 12:00:00,0.032039349145870956,0.0
2011-05-11,26,0,2011-11-07 23:04:36.923076864,2011-10-11 00:00:00,0.03192367295758959,0.0
2011-05-12,26,0,2011-11-08 06:27:41.538461440,2011-10-14 00:00:00,0.03182688446269595,0.0
2011-05-13,26,0,2011-11-13 01:50:46.153846272,2011-10-19 12:00:00,0.0317507694526831,0.0
2011-05-16,26,0,2011-11-14 13:50:46.153846272,2011-10-24 00:00:00,0.03166737623922384,0.0
2011-05-17,26,0,2011-11-19 10:09:13.846153728,2011-10-28 12:00:00,0.03159277432559779,0.0
2011-05-18,26,0,2011-11-24 04:36:55.384615424,2011-10-27 00:00:00,0.03150262348622401,0.0
2011-05-19,26,0,2011-11-25 11:04:36.923076864,2011-10-23 12:00:00,0.03140160149285882,0.0
2011-05-20,26,0,2011-11-26 17:32:18.461538560,2011-10-23 00:00:00,0.03127027629815863,0.0
2011-05-23,26,0,2011-12-03 22:09:13.846153728,2011-10-25 12:00:00,0.031187255667983003,0.0
2011-05-24,26,0,2011-12-14 09:13:50.769230848,2011-11-25 12:00:00,0.031132756508351192,0.0
2011-05-25,26,0,2011-12-20 09:13:50.769230848,2011-12-06 12:00:00,0.031032813319617054,0.0
2011-05-26,26,0,2011-12-24 00:00:00.000000000,2011-12-03 12:00:00,0.03092465446563919,0.0
2011-05-27,26,0,2012-01-05 23:04:36.923076864,2012-01-10 00:00:00,0.030910624077457545,0.0
2011-06-01,26,0,2012-01-02 15:41:32.307692288,2011-12-10 12:00:00,0.030757858232286637,0.0
2011-06-03,26,0,2012-01-10 05:32:18.461538560,2011-12-11 12:00:00,0.030743169429501862,0.0
2011-06-06,26,0,2012-02-09 17:32:18.461538560,2012-03-04 12:00:00,0.030818089180566926,0.0
2011-06-07,26,0,2012-02-14 00:00:00.000000000,2012-03-15 12:00:00,0.03073456371423124,0.0
2011-06-08,26,0,2012-02-23 14:46:09.230769152,2012-03-16 12:00:00,0.030701047099540253,0.0
2011-06-09,26,0,2012-03-26 19:23:04.615384576,2012-05-12 00:00:00,0.0307370159068718,0.0
2011-06-10,26,0,2012-04-08 14:46:09.230769152,2012-06-01 00:00:00,0.03077451391848529,0.0
2011-06-14,26,0,2012-03-30 00:55:23.076923136,2012-06-13 12:00:00,0.030696552812176734,0.0
2011-06-15,26,0,2012-04-28 08:18:27.692307712,2012-07-23 12:00:00,0.03075986241288284,0.0
2011-06-16,26,0,2012-04-22 02:46:09.230769152,2012-07-31 12:00:00,0.030746053134118843,0.0
2011-06-17,26,0,2012-04-23 20:18:27.692307712,2012-07-20 00:00:00,0.030733316668334672,0.0
2011-06-20,26,0,2012-05-14 00:55:23.076923136,2012-08-21 12:00:00,0.030790733491985356,0.0
2011-06-21,26,0,2012-04-27 05:32:18.461538560,2012-08-23 12:00:00,0.030746102399828872,0.0
2011-06-22,26,0,2012-05-03 21:13:50.769230848,2012-08-28 12:00:00,0.030742050713743717,0.0
2011-06-23,26,0,2012-05-02 17:32:18.461538560,2012-08-08 12:00:00,0.03083211018982924,0.0
2011-06-24,26,0,2012-05-15 18:27:41.538461440,2012-08-25 12:00:00,0.030871128962260536,0.0
2011-06-27,26,0,2012-05-23 12:00:00.000000000,2012-08-25 00:00:00,0.030928204072732775,0.0
2011-06-28,26,0,2012-05-16 10:09:13.846153728,2012-08-29 00:00:00,0.03095739843574191,0.0
2011-06-29,26,0,2012-06-01 06:27:41.538461440,2012-09-01 12:00:00,0.03088637509451195,0.0
2011-06-30,26,0,2012-06-01 02:46:09.230769152,2012-09-03 00:00:00,0.030777805600781142,0.0
2011-07-01,26,0,2012-05-28 21:13:50.769230848,2012-09-10 12:00:00,0.03072582245288504,0.0
2011-07-04,26,0,2012-06-02 17:32:18.461538560,2012-09-11 12:00:00,0.03063212233697967,0.0
2011-07-05,26,0,2012-06-02 18:27:41.538461440,2012-09-07 00:00:00,0.030494694918092882,0.0
2011-07-06,26,0,2012-06-02 14:46:09.230769152,2012-09-08 12:00:00,0.030408869149819995,0.0
2011-07-07,26,0,2012-05-30 18:27:41.538461440,2012-08-24 12:00:00,0.030323729101776557,0.0
2011-07-08,26,0,2012-06-08 23:04:36.923076864,2012-08-27 00:00:00,0.03022892483698129,0.0
2011-07-11,26,0,2012-06-10 11:04:36.923076864,2012-09-14 00:00:00,0.03018781440483731,0.0
2011-07-12,26,0,2012-06-15 06:27:41.538461440,2012-09-06 12:00:00,0.030162043312576138,0.0
2011-07-13,26,0,2012-06-19 19:23:04.615384576,2012-09-16 12:00:00,0.030099941783987456,0.0
2011-07-14,26,0,2012-06-20 06:27:41.538461440,2012-09-20 00:00:00,0.030085793428153505,0.0
2011-07-15,26,0,2012-06-12 08:18:27.692307712,2012-09-05 12:00:00,0.03005346852989258,0.0
2011-07-18,26,0,2012-06-14 18:27:41.538461440,2012-09-06 12:00:00,0.03010619185259415,0.0
2011-07-19,26,0,2012-06-23 16:36:55.384615424,2012-09-26 00:00:00,0.03010174149927253,0.0
2011-07-20,26,0,2012-06-24 08:18:27.692307712,2012-09-27 12:00:00,0.030030023963976513,0.0
2011-07-21,26,0,2012-06-25 04:36:55.384615424,2012-09-11 00:00:00,0.029962562404081187,0.0
2011-07-22,26,0,2012-06-21 18:27:41.538461440,2012-09-12 00:00:00,0.02990392181815331,0.0
2011-07-25,26,0,2012-06-18 13:50:46.153846272,2012-08-01 12:00:00,0.02985498182853099,0.0
2011-07-26,26,0,2012-06-20 17:32:18.461538560,2012-07-21 12:00:00,0.029837481158389093,0.0
2011-07-27,26,0,2012-06-22 00:00:00.000000000,2012-07-25 00:00:00,0.029783188410119447,0.0
2011-07-28,26,0,2012-06-23 21:13:50.769230848,2012-08-05 12:00:00,0.029767796186150202,0.0
2011-07-29,26,0,2012-06-27 17:32:18.461538560,2012-08-18 00:00:00,0.029757496366870216,0.0
2011-08-02,26,0,2012-07-16 02:46:09.230769152,2012-10-01 00:00:00,0.029889665138318092,0.0
2011-08-03,26,0,2012-07-24 04:36:55.384615424,2012-10-15 00:00:00,0.030122139291598734,0.0
2011-08-04,26,0,2012-08-07 22:09:13.846153728,2012-10-19 12:00:00,0.03060042411730599,0.0
2011-08-05,26,0,2012-08-04 05:32:18.461538560,2012-10-24 12:00:00,0.031207310150304892,0.0
2011-08-08,26,0,2012-08-14 15:41:32.307692288,2012-11-02 12:00:00,0.03220230514541435,0.0
2011-08-09,26,0,2012-09-10 09:13:50.769230848,2012-11-15 00:00:00,0.03296704370780269,0.0
2011-08-10,26,0,2012-10-21 12:00:00.000000000,2012-11-23 00:00:00,0.034075328259155754,0.0
2011-08-11,26,0,2012-10-25 07:23:04.615384576,2012-11-27 12:00:00,0.03458002753413339,0.0
2011-08-12,26,0,2012-11-16 21:13:50.769230848,2012-12-03 12:00:00,0.034901587156592036,0.0
2011-08-15,26,0,2012-11-20 14:46:09.230769152,2012-12-06 00:00:00,0.03506832768534138,0.0
2011-08-16,26,0,2012-11-23 19:23:04.615384576,2012-12-18 12:00:00,0.03522273789972134,0.0
2011-08-17,26,0,2012-11-25 16:36:55.384615424,2012-12-24 00:00:00,0.03531904282375442,0.0
2011-08-18,26,0,2012-11-27 20:18:27.692307712,2012-12-30 00:00:00,0.0356896811201477,0.0
2011-08-19,26,0,2012-12-02 04:36:55.384615424,2012-12-31 00:00:00,0.036155708338598276,0.0
2011-08-22,26,0,2012-11-29 14:46:09.230769152,2013-01-03 00:00:00,0.03648093021427747,0.0
2011-08-23,26,0,2012-12-02 11:04:36.923076864,2013-01-04 00:00:00,0.03673293395921916,0.0
2011-08-24,26,0,2012-12-06 15:41:32.307692288,2013-01-05 00:00:00,0.03689447626391471,0.0
2011-08-25,26,0,2012-12-04 16:36:55.384615424,2013-01-06 00:00:00,0.03707227374501584,0.0
2011-08-26,26,0,2012-12-10 17:32:18.461538560,2013-01-07 00:00:00,0.037272687435470214,0.0
2011-08-29,26,0,2012-12-10 04:36:55.384615424,2013-01-10 00:00:00,0.037387749645600654,0.0
2011-08-30,26,0,2012-12-06 16:36:55.384615424,2013-01-11 00:00:00,0.03749504430067928,0.0
2011-08-31,26,0,2012-11-28 08:18:27.692307712,2013-01-12 00:00:00,0.037609722754416125,0.0
2011-09-01,26,0,2012-11-22 12:55:23.076923136,2013-01-13 00:00:00,0.03771761833606206,0.0
2011-09-02,26,0,2012-11-24 02:46:09.230769152,2013-01-14 00:00:00,0.037805884301161954,0.0
2011-09-05,26,0,2012-11-22 01:50:46.153846272,2013-01-17 00:00:00,0.03796579417343659,0.0
2011-09-06,26,0,2012-11-24 10:09:13.846153728,2013-01-18 00:00:00,0.038087772339960954,0.0
2011-09-07,26,0,2012-11-21 01:50:46.153846272,2013-01-19 00:00:00,0.03815036656344208,0.0
2011-09-08,26,0,2012-12-04 00:55:23.076923136,2013-01-20 00:00:00,0.03817894319502156,0.0
2011-09-09,26,0,2012-12-04 17:32:18.461538560,2013-01-21 00:00:00,0.038241148504084777,0.0
2011-09-12,26,0,2012-12-07 23:04:36.923076864,2013-01-24 00:00:00,0.03832685009662269,0.0
2011-09-13,26,0,2012-12-09 05:32:18.461538560,2013-01-25 00:00:00,0.0383919925498041,0.0
2011-09-14,26,0,2012-12-10 02:46:09.230769152,2013-01-26 00:00:00,0.03841299911597397,0.0
2011-09-15,26,0,2012-12-10 01:50:46.153846272,2013-01-27 00:00:00,0.038430039083606274,0.0
2011-09-16,26,0,2012-12-08 05:32:18.461538560,2013-01-28 00:00:00,0.03845995702031362,0.0
2011-09-19,26,0,2012-12-12 01:50:46.153846272,2013-01-31 00:00:00,0.038441178226378894,0.0
2011-09-20,26,0,2012-12-04 08:18:27.692307712,2013-02-01 00:00:00,0.03849939722086425,0.0
2011-09-21,26,0,2012-12-01 13:50:46.153846272,2013-02-02 00:00:00,0.03845746062627717,0.0
2011-09-22,26,0,2012-12-02 16:36:55.384615424,2013-02-03 00:00:00,0.038566701869068194,0.0
2011-09-23,26,0,2012-12-02 21:13:50.769230848,2013-02-04 00:00:00,0.038646556821370165,0.0
2011-09-26,26,0,2012-12-04 15:41:32.307692288,2013-02-07 00:00:00,0.03858323140910329,0.0
2011-09-27,26,0,2012-12-04 13:50:46.153846272,2013-02-08 00:00:00,0.03864200334413436,0.0
2011-09-28,26,0,2012-12-02 12:55:23.076923136,2013-02-09 00:00:00,0.03857725110562971,0.0
2011-09-29,26,0,2012-12-01 18:27:41.538461440,2013-02-10 00:00:00,0.03856776794161532,0.0
2011-09-30,26,0,2012-11-30 00:00:00.000000000,2013-02-11 00:00:00,0.03853295870496575,0.0
2011-10-03,26,0,2012-11-27 00:55:23.076923136,2013-02-14 00:00:00,0.03856431826907773,0.0
2011-10-04,26,0,2012-11-22 21:13:50.769230848,2013-02-15 00:00:00,0.03847550447106452,0.0
2011-10-05,26,0,2012-11-18 18:27:41.538461440,2013-02-16 00:00:00,0.03843769297680258,0.0
2011-10-06,26,0,2012-11-11 02:46:09.230769152,2013-02-16 12:00:00,0.038473120817635105,0.0
2011-10-07,26,0,2012-11-04 18:27:41.538461440,2013-02-16 12:00:00,0.03852728639508736,0.0
2011-10-10,26,0,2012-10-31 00:55:23.076923136,2013-02-07 12:00:00,0.038637875794448814,0.0
2011-10-11,26,0,2012-10-18 18:27:41.538461440,2012-12-23 00:00:00,0.03871356746970864,0.0
2011-10-12,26,0,2012-10-09 20:18:27.692307712,2012-11-17 12:00:00,0.038847803903906956,0.0
2011-10-13,26,0,2012-10-01 23:04:36.923076864,2012-10-01 00:00:00,0.03889456205876415,0.0
2011-10-14,26,0,2012-09-23 05:32:18.461538560,2012-09-15 12:00:00,0.03891615400334707,0.0
2011-10-17,26,0,2012-09-22 05:32:18.461538560,2012-10-01 00:00:00,0.03886269536085329,0.0
2011-10-18,26,0,2012-09-16 17:32:18.461538560,2012-08-25 00:00:00,0.038812040768003916,0.0
2011-10-19,26,0,2012-09-14 12:00:00.000000000,2012-08-16 12:00:00,0.03876220399585396,0.0
2011-10-20,26,0,2012-09-12 12:55:23.076923136,2012-08-13 12:00:00,0.03868999214301845,0.0
2011-10-21,26,0,2012-09-10 20:18:27.692307712,2012-08-08 12:00:00,0.03868017586971988,0.0
2011-10-24,26,0,2012-09-06 23:04:36.923076864,2012-08-01 12:00:00,0.03867736530938277,0.0
2011-10-25,26,0,2012-09-06 02:46:09.230769152,2012-07-29 12:00:00,0.03865269031956102,0.0
2011-10-26,26,0,2012-09-04 20:18:27.692307712,2012-07-26 00:00:00,0.03862955315070113,0.0
2011-10-27,26,0,2012-09-02 17:32:18.461538560,2012-07-20 12:00:00,0.03874053584483837,0.0
2011-10-28,26,0,2012-08-30 22:09:13.846153728,2012-07-16 00:00:00,0.03881592274615664,0.0
2011-10-31,26,0,2012-08-29 17:32:18.461538560,2012-07-12 12:00:00,0.0387574782982049,0.0
2011-11-01,26,0,2012-08-28 18:27:41.538461440,2012-07-12 00:00:00,0.03867773364075798,0.0
2011-11-02,26,0,2012-08-28 10:09:13.846153728,2012-07-09 12:00:00,0.03858874147506744,0.0
2011-11-03,26,0,2012-08-27 13:50:46.153846272,2012-07-07 12:00:00,0.03852450391080017,0.0
2011-11-04,26,0,2012-08-22 04:36:55.384615424,2012-07-06 12:00:00,0.03841604626490368,0.0
2011-11-07,26,0,2012-08-23 06:27:41.538461440,2012-07-06 00:00:00,0.03829675593004066,0.0
2011-11-08,26,0,2012-08-23 08:18:27.692307712,2012-07-04 12:00:00,0.038210777966038154,0.0
2011-11-09,26,0,2012-08-22 17:32:18.461538560,2012-07-04 00:00:00,0.038107924472057346,0.0
2011-11-10,26,0,2012-08-22 03:41:32.307692288,2012-07-03 12:00:00,0.03800110374174493,0.0
2011-11-11,26,0,2012-08-22 03:41:32.307692288,2012-07-02 12:00:00,0.037924817802217736,0.0
2011-11-14,26,0,2012-08-22 19:23:04.615384576,2012-07-01 00:00:00,0.03782857096307784,0.0
2011-11-15,26,0,2012-08-23 12:00:00.000000000,2012-06-29 12:00:00,0.0377323938177789,0.0
2011-11-16,26,0,2012-08-23 22:09:13.846153728,2012-06-28 12:00:00,0.037639017678703215,0.0
2011-11-17,26,0,2012-08-24 17:32:18.461538560,2012-06-28 12:00:00,0.03755490037119799,0.0
2011-11-18,26,0,2012-08-26 17:32:18.461538560,2012-06-28 00:00:00,0.037462831901974164,0.0
2011-11-21,26,0,2012-08-27 08:18:27.692307712,2012-06-29 12:00:00,0.03741800522293889,0.0
2011-11-22,26,0,2012-08-27 20:18:27.692307712,2012-07-01 12:00:00,0.037413502750303355,0.0
2011-11-23,26,0,2012-08-29 06:27:41.538461440,2012-07-06 00:00:00,0.03743912434933379,0.0
2011-11-25,26,0,2012-08-31 14:46:09.230769152,2012-07-11 00:00:00,0.03743456136456943,0.0
2011-11-28,26,0,2012-09-02 21:13:50.769230848,2012-07-13 00:00:00,0.037410225830194,0.0
2011-11-29,26,0,2012-09-03 15:41:32.307692288,2012-07-15 12:00:00,0.03739453642092708,0.0
2011-11-30,26,0,2012-09-05 05:32:18.461538560,2012-07-21 12:00:00,0.03747102365285275,0.0
2011-12-01,26,0,2012-09-05 17:32:18.461538560,2012-07-22 12:00:00,0.03750541359888562,0.0
2011-12-02,26,0,2012-09-06 12:00:00.000000000,2012-07-26 00:00:00,0.0375410746726217,0.0
2011-12-05,26,0,2012-09-03 17:32:18.461538560,2012-07-29 00:00:00,0.03752961367054492,0.0
2011-12-06,26,0,2012-09-05 02:46:09.230769152,2012-07-28 00:00:00,0.03753071925069848,0.0
2011-12-07,26,0,2012-09-13 21:13:50.769230848,2012-07-29 12:00:00,0.037509361507538835,0.0
2011-12-08,26,0,2012-09-20 16:36:55.384615424,2012-07-27 12:00:00,0.03759839264496993,0.0
2011-12-09,26,0,2012-09-23 13:50:46.153846272,2012-08-05 12:00:00,0.03756322574954,0.0
2011-12-12,26,0,2012-09-25 17:32:18.461538560,2012-08-05 00:00:00,0.03748135634933574,0.0
2011-12-13,26,0,2012-09-26 22:09:13.846153728,2012-08-08 12:00:00,0.03742422690926086,0.0
2011-12-14,26,0,2012-09-20 04:36:55.384615424,2012-08-13 00:00:00,0.03716795681672161,0.0
2011-12-15,26,0,2012-09-28 16:36:55.384615424,2012-08-13 12:00:00,0.03729765505183215,0.0
2011-12-16,26,0,2012-09-30 16:36:55.384615424,2012-08-25 00:00:00,0.037226106545525786,0.0
2011-12-19,26,0,2012-10-03 07:23:04.615384576,2012-09-02 00:00:00,0.03716490099307718,0.0
2011-12-20,26,0,2012-10-04 19:23:04.615384576,2012-09-03 12:00:00,0.03713519615063488,0.0
2011-12-21,26,0,2012-09-30 18:27:41.538461440,2012-09-02 12:00:00,0.03707712328096207,0.0
2011-12-22,26,0,2012-10-02 15:41:32.307692288,2012-09-02 12:00:00,0.03702979770304758,0.0
2011-12-23,26,0,2012-09-22 17:32:18.461538560,2012-08-19 12:00:00,0.036826038370470944,0.0
2011-12-27,26,0,2012-10-10 04:36:55.384615424,2012-09-02 00:00:00,0.03695068790194878,0.0
2011-12-28,26,0,2012-10-13 13:50:46.153846272,2012-09-04 00:00:00,0.036886216779617724,0.0
2011-12-29,26,0,2012-10-19 14:46:09.230769152,2012-09-22 00:00:00,0.03684118830308808,0.0
2011-12-30,26,0,2012-10-12 22:09:13.846153728,2012-09-10 12:00:00,0.03680544115672765,0.0
2012-01-03,26,0,2012-10-15 11:04:36.923076864,2012-09-16 00:00:00,0.03686523261323952,0.0
2012-01-04,26,0,2012-09-29 06:27:41.538461440,2012-08-27 00:00:00,0.036777920107558655,0.0
2012-01-05,26,0,2012-10-22 16:36:55.384615424,2012-09-17 00:00:00,0.036868617979415534,0.0
2012-01-06,26,0,2012-10-23 21:13:50.769230848,2012-09-15 12:00:00,0.036839627881390904,0.0
2012-01-09,26,0,2012-10-13 05:32:18.461538560,2012-08-24 00:00:00,0.0365591727934363,0.0
2012-01-10,26,0,2012-10-09 00:55:23.076923136,2012-08-23 00:00:00,0.03668508111656252,0.0
2012-01-11,26,0,2012-10-18 13:50:46.153846272,2012-08-21 12:00:00,0.036527761021743016,0.0
2012-01-12,26,0,2012-10-14 01:50:46.153846272,2012-08-20 12:00:00,0.036608068599760075,0.0
2012-01-13,26,0,2012-11-04 14:46:09.230769152,2012-09-09 12:00:00,0.03663264007417299,0.0
2012-01-16,26,0,2012-11-08 07:23:04.615384576,2012-09-08 12:00:00,0.036572700847396535,0.0
2012-01-17,26,0,2012-10-25 21:13:50.769230848,2012-09-07 12:00:00,0.03637483586003343,0.0
2012-01-18,26,0,2012-11-15 14:46:09.230769152,2012-09-15 00:00:00,0.03646969608577849,0.0
2012-01-19,26,0,2012-11-16 19:23:04.615384576,2012-09-20 00:00:00,0.03643712584016128,0.0
2012-01-20,26,0,2012-11-03 05:32:18.461538560,2012-09-04 00:00:00,0.03627080631450449,0.0
2012-01-23,26,0,2012-11-08 03:41:32.307692288,2012-09-03 12:00:00,0.036190444306736395,0.0
2012-01-24,26,0,2012-11-07 19:23:04.615384576,2012-09-02 12:00:00,0.03607057139139413,0.0
2012-01-25,26,0,2012-11-09 11:04:36.923076864,2012-09-09 00:00:00,0.03594493062056479,0.0
2012-01-26,26,0,2012-11-10 21:13:50.769230848,2012-09-05 12:00:00,0.03581397119668778,0.0
2012-01-27,26,0,2012-11-12 05:32:18.461538560,2012-09-11 00:00:00,0.03564458089210835,0.0
2012-01-30,26,0,2012-11-13 12:55:23.076923136,2012-09-13 12:00:00,0.03549798900735428,0.0
2012-01-31,26,0,2012-11-12 07:23:04.615384576,2012-09-09 12:00:00,0.03537152917475987,0.0
2012-02-01,26,0,2012-11-17 14:46:09.230769152,2012-09-18 00:00:00,0.03528949370456635,0.0
2012-02-02,26,0,2012-11-18 04:36:55.384615424,2012-09-17 12:00:00,0.035212998074473464,0.0
2012-02-03,26,0,2012-11-25 06:27:41.538461440,2012-09-25 12:00:00,0.035183930881781574,0.0
2012-02-06,26,0,2012-11-29 19:23:04.615384576,2012-09-21 00:00:00,0.035137706427586124,0.0
2012-02-07,26,0,2012-12-01 06:27:41.538461440,2012-09-22 12:00:00,0.03507666217895935,0.0
2012-02-08,26,0,2012-12-04 17:32:18.461538560,2012-10-05 12:00:00,0.03502089783762603,0.0
2012-02-09,26,0,2012-12-06 16:36:55.384615424,2012-10-03 12:00:00,0.03496695560562628,0.0
2012-02-10,26,0,2012-12-05 18:27:41.538461440,2012-10-02 00:00:00,0.034902698758441424,0.0
2012-02-13,26,0,2012-12-09 03:41:32.307692288,2012-10-03 12:00:00,0.03484170677400636,0.0
2012-02-14,26,0,2012-12-11 00:00:00.000000000,2012-10-10 12:00:00,0.03476732394123922,0.0
2012-02-15,26,0,2012-12-12 10:09:13.846153728,2012-10-10 12:00:00,0.03470966132703124,0.0
2012-02-16,26,0,2012-12-14 14:46:09.230769152,2012-10-13 12:00:00,0.0346361117196228,0.0
2012-02-17,26,0,2012-12-14 09:13:50.769230848,2012-10-19 00:00:00,0.03458077345633986,0.0
2012-02-21,26,0,2012-12-19 19:23:04.615384576,2012-10-27 12:00:00,0.034548222972318514,0.0
2012-02-22,26,0,2012-12-19 11:04:36.923076864,2012-10-29 00:00:00,0.034483085480902204,0.0
2012-02-23,26,0,2012-12-24 01:50:46.153846272,2012-10-25 12:00:00,0.03439088356749291,0.0
2012-02-24,26,0,2012-12-24 15:41:32.307692288,2012-10-31 00:00:00,0.03430871759732784,0.0
2012-02-27,26,1,2012-12-25 20:18:27.692307712,2012-10-28 12:00:00,0.03423930153483753,0.038461538461538464
2012-02-28,26,0,2012-12-31 01:50:46.153846272,2012-11-04 00:00:00,0.03412080941217566,0.0
2012-02-29,26,0,2012-12-31 18:27:41.538461440,2012-10-31 12:00:00,0.03397453071656134,0.0
2012-03-01,26,0,2013-01-05 00:00:00.000000000,2012-11-05 12:00:00,0.03383884255167756,0.0
2012-03-02,26,0,2013-01-06 15:41:32.307692288,2012-11-09 00:00:00,0.03370394315599626,0.0
2012-03-05,26,0,2013-01-08 16:36:55.384615424,2012-11-13 00:00:00,0.0335634120039486,0.0
2012-03-06,26,0,2012-12-19 14:46:09.230769152,2012-10-26 12:00:00,0.0333973095737069,0.0
2012-03-07,26,0,2012-12-20 12:55:23.076923136,2012-10-30 12:00:00,0.03327709525008758,0.0
2012-03-08,26,0,2012-12-23 12:55:23.076923136,2012-11-06 12:00:00,0.03316469977397534,0.0
2012-03-09,26,0,2012-12-26 06:27:41.538461440,2012-11-13 12:00:00,0.03308598085876538,0.0
2012-03-12,26,0,2012-12-26 00:00:00.000000000,2012-11-15 00:00:00,0.033003291119309844,0.0
2012-03-13,26,0,2012-12-29 14:46:09.230769152,2012-11-22 12:00:00,0.03295514988640592,0.0
2012-03-14,26,0,2013-01-03 00:00:00.000000000,2012-11-15 12:00:00,0.03290477730213468,0.0
2012-03-15,26,0,2013-01-06 03:41:32.307692288,2012-11-23 12:00:00,0.03286049224224374,0.0
2012-03-16,26,0,2013-01-12 05:32:18.461538560,2012-12-01 12:00:00,0.032820712189457035,0.0
2012-03-19,26,1,2013-01-16 23:04:36.923076864,2012-12-04 00:00:00,0.0327819135732894,0.038461538461538464
2012-03-20,26,1,2013-01-21 19:23:04.615384576,2012-12-01 12:00:00,0.03270757532653067,0.038461538461538464
2012-03-21,26,1,2013-01-23 11:04:36.923076864,2012-12-04 12:00:00,0.03262500229596758,0.038461538461538464
2012-03-22,26,1,2013-01-25 15:41:32.307692288,2012-12-09 00:00:00,0.03256093630303875,0.038461538461538464
2012-03-23,26,1,2013-01-26 20:18:27.692307712,2012-12-09 12:00:00,0.032490062137998724,0.038461538461538464
2012-03-26,26,1,2013-02-02 01:50:46.153846272,2012-12-14 00:00:00,0.03243615230670967,0.038461538461538464
2012-03-27,26,1,2013-02-04 14:46:09.230769152,2012-12-17 12:00:00,0.032377050569174476,0.038461538461538464
2012-03-28,26,1,2013-02-10 00:00:00.000000000,2012-12-24 12:00:00,0.03231092620968639,0.038461538461538464
2012-03-29,26,1,2013-02-10 04:36:55.384615424,2013-01-02 00:00:00,0.03224497391197541,0.038461538461538464
2012-03-30,26,1,2013-02-11 04:36:55.384615424,2012-12-30 00:00:00,0.03216675523848563,0.038461538461538464
2012-04-02,26,1,2013-02-15 03:41:32.307692288,2013-01-15 12:00:00,0.032086382545779675,0.038461538461538464
2012-04-03,26,1,2013-02-19 05:32:18.461538560,2013-01-14 00:00:00,0.031959257090813945,0.038461538461538464
2012-04-04,26,0,2013-02-19 04:36:55.384615424,2013-01-20 12:00:00,0.031850383756162184,0.0
2012-04-05,26,0,2013-02-22 17:32:18.461538560,2013-01-23 00:00:00,0.031745683226530326,0.0
2012-04-10,26,0,2013-02-21 23:04:36.923076864,2013-01-06 00:00:00,0.03169883281328394,0.0
2012-04-11,26,0,2013-02-16 00:00:00.000000000,2013-01-16 00:00:00,0.03162485294076583,0.0
2012-04-12,26,0,2013-02-11 02:46:09.230769152,2013-01-09 00:00:00,0.03154357236414425,0.0
2012-04-13,26,0,2013-02-12 15:41:32.307692288,2013-01-18 12:00:00,0.03148666305204459,0.0
2012-04-16,26,0,2013-02-12 09:13:50.769230848,2013-01-06 12:00:00,0.031431208509164935,0.0
2012-04-17,26,0,2013-02-14 20:18:27.692307712,2013-01-18 12:00:00,0.03138758559941587,0.0
2012-04-18,26,0,2013-02-18 21:13:50.769230848,2013-01-22 00:00:00,0.03132810263055724,0.0
2012-04-19,26,0,2013-02-18 00:00:00.000000000,2013-01-13 00:00:00,0.03125026070662448,0.0
2012-04-20,26,0,2013-02-19 06:27:41.538461440,2013-01-24 00:00:00,0.03117880289494929,0.0
2012-04-23,26,0,2013-02-20 04:36:55.384615424,2013-01-27 12:00:00,0.031109353660465244,0.0
2012-04-24,26,0,2013-02-24 15:41:32.307692288,2013-01-30 00:00:00,0.03105569045990845,0.0
2012-04-25,26,0,2013-02-27 23:04:36.923076864,2013-01-30 12:00:00,0.031014196051130486,0.0
2012-04-26,26,0,2013-02-28 23:04:36.923076864,2013-01-24 00:00:00,0.030984497321157746,0.0
2012-04-27,26,0,2013-03-04 18:27:41.538461440,2013-01-30 00:00:00,0.030966946508753333,0.0
2012-04-30,26,0,2013-03-08 05:32:18.461538560,2013-02-06 00:00:00,0.03090209639637099,0.0
2012-05-02,26,0,2013-03-13 11:04:36.923076864,2013-02-17 12:00:00,0.03082797025195449,0.0
2012-05-03,26,0,2013-03-18 06:27:41.538461440,2013-02-25 00:00:00,0.030779188547297755,0.0
2012-05-04,26,0,2013-03-20 20:18:27.692307712,2013-03-01 12:00:00,0.030733689585510163,0.0
2012-05-07,26,0,2013-03-26 18:27:41.538461440,2013-02-22 00:00:00,0.03069857208826536,0.0
2012-05-08,26,0,2013-03-29 04:36:55.384615424,2013-02-24 00:00:00,0.030632649767711816,0.0
2012-05-09,26,0,2013-04-01 17:32:18.461538560,2013-03-05 00:00:00,0.03055986743088087,0.0
2012-05-10,26,0,2013-04-04 06:27:41.538461440,2013-03-04 00:00:00,0.030477062545214244,0.0
2012-05-11,26,0,2013-04-11 05:32:18.461538560,2013-03-13 00:00:00,0.030352232586117574,0.0
2012-05-14,26,0,2013-04-15 16:36:55.384615424,2013-03-19 00:00:00,0.030254768341850775,0.0
2012-05-15,26,0,2013-04-18 03:41:32.307692288,2013-03-28 12:00:00,0.030177219148069964,0.0
2012-05-16,26,0,2013-04-18 23:04:36.923076864,2013-03-27 12:00:00,0.030078974560659423,0.0
2012-05-18,26,0,2013-04-09 22:09:13.846153728,2013-03-26 00:00:00,0.030010077912995387,0.0
2012-05-21,26,0,2013-04-10 20:18:27.692307712,2013-03-24 00:00:00,0.029918462595770398,0.0
2012-05-22,26,0,2013-04-18 02:46:09.230769152,2013-04-17 12:00:00,0.029837869749992366,0.0
2012-05-23,26,0,2013-04-16 19:23:04.615384576,2013-04-14 00:00:00,0.029770449587949832,0.0
2012-05-24,26,0,2013-04-16 13:50:46.153846272,2013-04-05 00:00:00,0.029700827588300786,0.0
2012-05-25,26,0,2013-04-20 12:55:23.076923136,2013-04-01 12:00:00,0.029630719842323704,0.0
2012-05-29,26,0,2013-04-20 08:18:27.692307712,2013-04-17 12:00:00,0.029583184632546777,0.0
2012-05-30,26,0,2013-04-15 11:04:36.923076864,2013-04-13 00:00:00,0.029489422861620082,0.0
2012-05-31,26,0,2013-04-16 04:36:55.384615424,2013-04-12 12:00:00,0.02939390699364778,0.0
2012-06-01,26,0,2013-04-19 15:41:32.307692288,2013-04-26 00:00:00,0.029337570503543554,0.0
2012-06-04,26,0,2013-04-23 08:18:27.692307712,2013-04-20 12:00:00,0.02928037199589232,0.0
2012-06-05,26,0,2013-04-25 12:55:23.076923136,2013-04-24 12:00:00,0.02922509888420064,0.0
2012-06-06,26,0,2013-04-28 02:46:09.230769152,2013-05-06 12:00:00,0.02919367055124542,0.0
2012-06-07,26,0,2013-04-17 02:46:09.230769152,2013-04-26 12:00:00,0.02915627974246584,0.0
2012-06-08,26,0,2013-04-09 22:09:13.846153728,2013-04-23 12:00:00,0.02908349286425507,0.0
2012-06-11,26,0,2013-04-12 09:13:50.769230848,2013-05-01 12:00:00,0.02904495423516364,0.0
2012-06-12,26,0,2013-04-07 06:27:41.538461440,2013-05-02 00:00:00,0.029050505869733824,0.0
2012-06-13,26,0,2013-04-08 12:00:00.000000000,2013-04-28 00:00:00,0.029037542605688135,0.0
2012-06-14,26,0,2013-04-04 00:55:23.076923136,2013-04-19 12:00:00,0.02897356324350979,0.0
2012-06-15,26,0,2013-03-20 17:32:18.461538560,2013-03-06 12:00:00,0.02895326200469543,0.0
2012-06-18,26,0,2013-03-11 21:13:50.769230848,2013-01-16 12:00:00,0.028919874818374876,0.0
2012-06-19,26,0,2013-03-11 06:27:41.538461440,2013-03-03 00:00:00,0.028915467820629624,0.0
2012-06-20,26,0,2013-02-25 03:41:32.307692288,2013-01-15 12:00:00,0.028937292842472043,0.0
2012-06-21,26,0,2013-02-05 19:23:04.615384576,2012-12-11 00:00:00,0.02891526141610446,0.0
2012-06-22,26,0,2013-01-09 07:23:04.615384576,2012-11-12 00:00:00,0.028836181369075637,0.0
2012-06-25,26,0,2013-01-10 22:09:13.846153728,2012-11-13 12:00:00,0.02875146496203329,0.0
2012-06-26,26,0,2013-01-12 17:32:18.461538560,2012-11-18 00:00:00,0.028696918112233145,0.0
2012-06-27,26,0,2013-01-12 22:09:13.846153728,2012-11-07 12:00:00,0.028657161757148095,0.0
2012-06-28,26,0,2013-01-15 21:13:50.769230848,2012-11-18 00:00:00,0.028624101679078324,0.0
2012-06-29,26,0,2013-01-17 15:41:32.307692288,2012-11-15 00:00:00,0.028631510472101804,0.0
2012-07-02,26,0,2013-01-17 02:46:09.230769152,2012-11-08 12:00:00,0.028667368446780476,0.0
2012-07-03,26,0,2013-01-28 11:04:36.923076864,2012-11-05 00:00:00,0.028775233167104723,0.0
2012-07-04,26,0,2013-01-28 12:55:23.076923136,2012-11-01 12:00:00,0.02880387050002342,0.0
2012-07-05,26,0,2013-01-12 08:18:27.692307712,2012-10-22 00:00:00,0.028728424159745195,0.0
2012-07-06,26,0,2012-12-28 06:27:41.538461440,2012-10-17 00:00:00,0.028648216880359362,0.0
2012-07-09,26,0,2013-01-13 23:04:36.923076864,2012-10-23 00:00:00,0.028727379696620797,0.0
2012-07-10,26,0,2012-12-29 15:41:32.307692288,2012-10-18 00:00:00,0.028643057469347387,0.0
2012-07-11,26,0,2012-12-12 02:46:09.230769152,2012-10-14 00:00:00,0.028554205193740197,0.0
2012-07-12,26,0,2012-12-02 17:32:18.461538560,2012-10-08 00:00:00,0.028505993495851385,0.0
2012-07-13,26,0,2012-12-13 07:23:04.615384576,2012-10-06 12:00:00,0.028448256452110028,0.0
2012-07-16,26,0,2012-12-02 22:09:13.846153728,2012-10-04 12:00:00,0.028393583694567674,0.0
2012-07-17,26,0,2012-12-03 08:18:27.692307712,2012-10-04 12:00:00,0.028374656174727217,0.0
2012-07-18,26,0,2012-12-03 23:04:36.923076864,2012-10-05 00:00:00,0.028352989980530468,0.0
2012-07-19,26,0,2012-12-05 01:50:46.153846272,2012-10-06 00:00:00,0.028325726110852118,0.0
2012-07-20,26,0,2012-12-03 12:55:23.076923136,2012-10-06 12:00:00,0.028281508685027688,0.0
2012-07-23,26,0,2012-11-29 17:32:18.461538560,2012-10-05 12:00:00,0.02826915264227094,0.0
2012-07-24,26,0,2012-11-10 21:13:50.769230848,2012-10-03 12:00:00,0.028173039668878647,0.0
2012-07-25,26,0,2012-11-11 00:00:00.000000000,2012-10-03 00:00:00,0.02813613928097897,0.0
2012-07-26,26,0,2012-10-26 00:00:00.000000000,2012-10-03 00:00:00,0.02801175869088488,0.0
2012-07-27,26,0,2012-10-27 12:00:00.000000000,2012-10-03 00:00:00,0.027944870079693315,0.0
2012-07-30,26,0,2012-10-30 04:36:55.384615424,2012-10-04 00:00:00,0.027939640861571104,0.0
2012-07-31,26,0,2012-10-14 18:27:41.538461440,2012-10-05 00:00:00,0.027905676109307463,0.0
2012-08-02,26,0,2012-10-17 05:32:18.461538560,2012-10-07 12:00:00,0.027856965174059372,0.0
2012-08-03,26,0,2012-10-22 19:23:04.615384576,2012-10-12 00:00:00,0.027878572351886267,0.0
2012-08-06,26,0,2012-10-28 13:50:46.153846272,2012-10-17 12:00:00,0.027923361648894866,0.0
2012-08-07,26,0,2012-11-05 02:46:09.230769152,2012-10-22 12:00:00,0.027969718655707725,0.0
2012-08-08,26,0,2012-11-13 00:00:00.000000000,2012-10-25 12:00:00,0.028000038701965175,0.0
2012-08-09,26,0,2012-11-21 05:32:18.461538560,2012-10-27 00:00:00,0.02801800331156675,0.0
2012-08-10,26,0,2012-11-26 06:27:41.538461440,2012-10-31 00:00:00,0.028024071887401986,0.0
2012-08-13,26,0,2012-11-28 10:09:13.846153728,2012-11-04 12:00:00,0.028045594062432934,0.0
2012-08-14,26,0,2012-12-02 20:18:27.692307712,2012-11-07 00:00:00,0.028083409275215878,0.0
2012-08-15,26,0,2012-12-05 19:23:04.615384576,2012-11-10 00:00:00,0.028123494163545246,0.0
2012-08-16,26,0,2012-12-08 17:32:18.461538560,2012-11-13 00:00:00,0.028165685336443494,0.0
2012-08-17,26,0,2012-12-13 04:36:55.384615424,2012-11-16 00:00:00,0.02819344691566607,0.0
2012-08-20,26,0,2012-12-17 09:13:50.769230848,2012-11-19 00:00:00,0.028203124993189187,0.0
2012-08-21,26,0,2012-12-21 22:09:13.846153728,2012-11-22 00:00:00,0.02823558266869037,0.0
2012-08-22,26,0,2012-12-24 01:50:46.153846272,2012-11-25 12:00:00,0.028255903863357825,0.0
2012-08-23,26,0,2012-12-24 07:23:04.615384576,2012-11-27 00:00:00,0.028256299926563734,0.0
2012-08-24,26,0,2012-12-23 18:27:41.538461440,2012-11-29 12:00:00,0.02824025951981232,0.0
2012-08-27,26,0,2012-12-26 12:55:23.076923136,2012-12-02 00:00:00,0.028245152616158096,0.0
2012-08-28,26,0,2012-12-28 20:18:27.692307712,2012-12-05 00:00:00,0.02822346334011552,0.0
2012-08-29,26,0,2012-12-29 04:36:55.384615424,2012-12-07 00:00:00,0.028165421407113787,0.0
2012-08-30,26,0,2012-12-31 05:32:18.461538560,2012-12-10 00:00:00,0.028113667477085644,0.0
2012-08-31,26,0,2012-12-31 21:13:50.769230848,2012-12-12 12:00:00,0.02808952288606672,0.0
2012-09-03,26,0,2013-01-04 11:04:36.923076864,2012-12-16 00:00:00,0.02809116022428334,0.0
2012-09-04,26,0,2013-01-03 18:27:41.538461440,2012-12-15 12:00:00,0.02806648210814984,0.0
2012-09-05,26,0,2013-01-05 19:23:04.615384576,2012-12-15 12:00:00,0.02805740802565612,0.0
2012-09-06,26,0,2013-01-10 06:27:41.538461440,2012-12-19 12:00:00,0.028134607128710583,0.0
2012-09-07,26,0,2013-01-14 02:46:09.230769152,2012-12-22 12:00:00,0.028228533698468446,0.0
2012-09-10,26,0,2013-01-19 00:00:00.000000000,2012-12-31 12:00:00,0.028336279010911083,0.0
2012-09-11,26,0,2013-01-24 05:32:18.461538560,2013-01-05 12:00:00,0.028447062245897832,0.0
2012-09-12,26,0,2013-01-29 15:41:32.307692288,2013-01-09 12:00:00,0.028547319112532794,0.0
2012-09-13,26,0,2013-02-02 20:18:27.692307712,2013-01-13 00:00:00,0.0286217515493403,0.0
2012-09-14,26,0,2013-02-07 11:04:36.923076864,2013-01-21 00:00:00,0.028770167957332136,0.0
2012-09-17,26,0,2013-02-08 20:18:27.692307712,2013-01-26 00:00:00,0.028918773718570455,0.0
2012-09-18,26,0,2013-02-08 13:50:46.153846272,2013-01-30 12:00:00,0.028996203052049117,0.0
2012-09-19,26,0,2013-02-12 02:46:09.230769152,2013-02-02 00:00:00,0.02910023762109689,0.0
2012-09-20,26,0,2013-02-17 00:00:00.000000000,2013-02-04 12:00:00,0.029209241222140983,0.0
2012-09-21,26,0,2013-02-20 11:04:36.923076864,2013-02-09 12:00:00,0.029268268945894287,0.0
2012-09-24,26,0,2013-02-21 23:04:36.923076864,2013-02-13 12:00:00,0.029258838793676488,0.0
2012-09-25,26,0,2013-02-23 10:09:13.846153728,2013-02-18 12:00:00,0.02930510401807775,0.0
2012-09-26,26,0,2013-02-24 23:04:36.923076864,2013-02-22 12:00:00,0.02932217234955377,0.0
2012-09-27,26,0,2013-02-28 09:13:50.769230848,2013-02-27 00:00:00,0.029342507395916043,0.0
2012-09-28,26,0,2013-03-01 12:55:23.076923136,2013-03-03 00:00:00,0.029315544450276596,0.0
2012-10-01,26,0,2013-03-05 07:23:04.615384576,2013-03-08 00:00:00,0.029347843526440723,0.0
2012-10-02,26,0,2013-03-04 12:55:23.076923136,2013-03-12 00:00:00,0.029366418233348682,0.0
2012-10-03,26,0,2013-03-04 22:09:13.846153728,2013-03-17 00:00:00,0.02934635004193993,0.0
2012-10-04,26,0,2013-03-07 13:50:46.153846272,2013-03-20 12:00:00,0.029338289254958485,0.0
2012-10-05,26,0,2013-03-08 09:13:50.769230848,2013-03-25 12:00:00,0.029387338736012094,0.0
2012-10-08,26,0,2013-03-06 12:55:23.076923136,2013-03-29 00:00:00,0.029362674075054288,0.0
2012-10-09,26,0,2013-03-11 15:41:32.307692288,2013-04-02 12:00:00,0.029335063714603274,0.0
2012-10-10,26,0,2013-03-15 12:00:00.000000000,2013-04-05 12:00:00,0.029304252814636503,0.0
2012-10-11,26,0,2013-03-18 00:55:23.076923136,2013-04-09 12:00:00,0.029293556260016937,0.0
2012-10-12,26,0,2013-03-19 13:50:46.153846272,2013-04-14 12:00:00,0.029269337492520888,0.0
2012-10-15,26,0,2013-03-23 21:13:50.769230848,2013-04-20 00:00:00,0.029290421909285873,0.0
2012-10-16,26,0,2013-03-26 07:23:04.615384576,2013-04-25 12:00:00,0.02937276262771321,0.0
2012-10-17,26,0,2013-03-30 04:36:55.384615424,2013-04-30 12:00:00,0.029476291188589607,0.0
2012-10-18,26,0,2013-04-02 18:27:41.538461440,2013-05-05 12:00:00,0.029579117808011056,0.0
2012-10-19,26,0,2013-04-05 22:09:13.846153728,2013-05-10 00:00:00,0.02964864589644544,0.0
2012-10-22,26,0,2013-04-09 09:13:50.769230848,2013-05-15 12:00:00,0.029736016694320723,0.0
2012-10-23,26,0,2013-04-10 17:32:18.461538560,2013-05-19 12:00:00,0.02973171118066387,0.0
2012-10-24,26,0,2013-04-10 00:55:23.076923136,2013-05-24 12:00:00,0.029741259121886885,0.0
2012-10-25,26,0,2013-04-13 03:41:32.307692288,2013-05-26 12:00:00,0.02975299950276211,0.0
2012-10-26,26,0,2013-03-18 11:04:36.923076864,2013-04-16 12:00:00,0.029725646571158133,0.0
2012-10-29,26,0,2013-03-29 03:41:32.307692288,2013-05-04 12:00:00,0.02971291534841178,0.0
2012-10-30,26,0,2013-03-24 19:23:04.615384576,2013-04-24 00:00:00,0.02973376383593714,0.0
2012-10-31,26,0,2013-03-26 16:36:55.384615424,2013-04-27 12:00:00,0.029751426802243578,0.0
2012-11-01,26,0,2013-03-12 03:41:32.307692288,2013-02-18 12:00:00,0.02982055556783679,0.0
2012-11-02,26,0,2013-03-17 05:32:18.461538560,2013-02-20 00:00:00,0.029850403765071,0.0
2012-11-05,26,0,2013-03-11 20:18:27.692307712,2013-01-06 00:00:00,0.029892564855174966,0.0
2012-11-06,26,0,2013-03-06 23:04:36.923076864,2013-01-16 00:00:00,0.029908119215005982,0.0
2012-11-07,26,0,2013-03-01 20:18:27.692307712,2013-01-14 12:00:00,0.029889956990242255,0.0
2012-11-08,26,0,2013-03-12 19:23:04.615384576,2013-02-14 12:00:00,0.0298272553793184,0.0
2012-11-09,26,0,2013-02-28 08:18:27.692307712,2013-01-18 12:00:00,0.029784862072156335,0.0
2012-11-12,26,0,2013-03-14 12:55:23.076923136,2013-01-29 12:00:00,0.02977401095563174,0.0
2012-11-13,26,0,2013-03-12 14:46:09.230769152,2013-01-30 00:00:00,0.02972826330054135,0.0
2012-11-14,26,0,2013-03-17 14:46:09.230769152,2013-01-31 12:00:00,0.029724163916781485,0.0
2012-11-15,26,0,2013-03-19 00:55:23.076923136,2013-02-15 00:00:00,0.029682540842767828,0.0
2012-11-16,26,0,2013-03-26 23:04:36.923076864,2013-02-15 00:00:00,0.029653669285053093,0.0
2012-11-19,26,0,2013-04-07 23:04:36.923076864,2013-03-19 00:00:00,0.029667615648511995,0.0
2012-11-20,26,0,2013-04-12 02:46:09.230769152,2013-03-27 12:00:00,0.02965317088463706,0.0
2012-11-21,26,0,2013-04-07 08:18:27.692307712,2013-03-23 00:00:00,0.029640712686871757,0.0
2012-11-22,26,0,2013-04-04 09:13:50.769230848,2013-02-18 12:00:00,0.029624305203925956,0.0
2012-11-23,26,0,2013-03-30 23:04:36.923076864,2013-02-19 00:00:00,0.02963705480858999,0.0
2012-11-26,26,0,2013-04-06 18:27:41.538461440,2013-04-06 00:00:00,0.029678883163033076,0.0
2012-11-27,26,0,2013-03-16 02:46:09.230769152,2013-03-11 00:00:00,0.029658516047057736,0.0
2012-11-28,26,0,2013-03-03 01:50:46.153846272,2013-02-13 00:00:00,0.029594603697405835,0.0
2012-11-29,26,0,2013-03-01 00:00:00.000000000,2013-02-18 12:00:00,0.029581117786285565,0.0
2012-11-30,26,0,2013-02-20 19:23:04.615384576,2013-01-14 00:00:00,0.0295113951035919,0.0
2012-12-03,26,0,2013-02-22 03:41:32.307692288,2013-01-16 12:00:00,0.029469354905570254,0.0
2012-12-04,26,0,2013-02-25 15:41:32.307692288,2013-01-19 00:00:00,0.029418509296604185,0.0
2012-12-05,26,0,2013-02-27 08:18:27.692307712,2013-01-20 12:00:00,0.029403541554522218,0.0
2012-12-06,26,0,2013-02-27 13:50:46.153846272,2013-01-23 00:00:00,0.02938407810132536,0.0
2012-12-07,26,0,2013-03-01 04:36:55.384615424,2013-01-25 00:00:00,0.02934328400183592,0.0
2012-12-10,26,0,2013-03-02 13:50:46.153846272,2013-01-27 12:00:00,0.029332287310516122,0.0
2012-12-11,26,0,2013-03-07 12:00:00.000000000,2013-02-27 00:00:00,0.029306530566907206,0.0
2012-12-12,26,0,2013-02-22 00:00:00.000000000,2013-01-10 12:00:00,0.02921092557620566,0.0
2012-12-13,26,0,2013-02-26 07:23:04.615384576,2013-01-31 12:00:00,0.02916364480533801,0.0
2012-12-14,26,0,2013-03-02 07:23:04.615384576,2013-02-25 12:00:00,0.02914934818774437,0.0
2012-12-17,26,0,2013-02-28 23:04:36.923076864,2013-01-25 12:00:00,0.029113190471398136,0.0
2012-12-18,26,0,2013-03-05 20:18:27.692307712,2013-02-24 12:00:00,0.029084226160289092,0.0
2012-12-19,26,0,2013-02-28 21:13:50.769230848,2013-01-26 00:00:00,0.029051775134210926,0.0
2012-12-20,26,0,2013-03-05 14:46:09.230769152,2013-02-26 12:00:00,0.02904964536956709,0.0
2012-12-21,26,0,2013-03-07 02:46:09.230769152,2013-02-28 00:00:00,0.02906692852864736,0.0
2012-12-27,26,0,2013-03-03 12:00:00.000000000,2013-02-22 00:00:00,0.029144272818558727,0.0
2012-12-28,26,0,2013-03-09 19:23:04.615384576,2013-02-28 00:00:00,0.02917724772929731,0.0
2013-01-03,26,0,2013-03-15 00:55:23.076923136,2013-03-15 00:00:00,0.029316162865616915,0.0
2013-01-04,26,0,2013-03-17 13:50:46.153846272,2013-03-21 00:00:00,0.029356308412197607,0.0
2013-01-07,26,0,2013-03-22 16:36:55.384615424,2013-03-25 12:00:00,0.029417611267062563,0.0
2013-01-08,26,0,2013-03-22 08:18:27.692307712,2013-03-05 12:00:00,0.029460946196259736,0.0
2013-01-09,26,0,2013-03-25 06:27:41.538461440,2013-03-02 12:00:00,0.02948225394829878,0.0
2013-01-10,26,0,2013-03-28 02:46:09.230769152,2013-03-04 12:00:00,0.029480748057033764,0.0
2013-01-11,26,0,2013-03-28 09:13:50.769230848,2013-03-15 00:00:00,0.02947727305558582,0.0
2013-01-14,26,0,2013-03-28 15:41:32.307692288,2013-02-28 00:00:00,0.029495306300799447,0.0
2013-01-15,26,0,2013-03-27 19:23:04.615384576,2013-03-18 00:00:00,0.02949224860958271,0.0
2013-01-16,26,0,2013-03-23 04:36:55.384615424,2013-02-23 00:00:00,0.029427008789271198,0.0
2013-01-17,26,0,2013-03-23 10:09:13.846153728,2013-02-24 12:00:00,0.029421274184065822,0.0
2013-01-18,26,0,2013-03-25 00:00:00.000000000,2013-02-25 00:00:00,0.02945572198395345,0.0
2013-01-21,26,0,2013-03-22 06:27:41.538461440,2013-02-14 12:00:00,0.02945823280668789,0.0
2013-01-22,26,0,2013-03-23 08:18:27.692307712,2013-02-16 00:00:00,0.02944224222898315,0.0
2013-01-23,26,0,2013-03-26 17:32:18.461538560,2013-02-27 12:00:00,0.029442176506191613,0.0
2013-01-24,26,0,2013-03-27 21:13:50.769230848,2013-02-25 00:00:00,0.0293845551582134,0.0
2013-01-25,26,0,2013-03-27 02:46:09.230769152,2013-02-04 00:00:00,0.029322110380153383,0.0
2013-01-28,26,0,2013-03-30 02:46:09.230769152,2013-02-21 00:00:00,0.02933846325840091,0.0
2013-01-29,26,0,2013-04-01 12:55:23.076923136,2013-02-23 00:00:00,0.029322218935408664,0.0
2013-01-30,26,0,2013-04-05 00:00:00.000000000,2013-02-24 00:00:00,0.02929192343693891,0.0
2013-01-31,26,0,2013-04-05 08:18:27.692307712,2013-02-21 12:00:00,0.02927061348984284,0.0
2013-02-01,26,0,2013-05-12 00:55:23.076923136,2013-04-11 00:00:00,0.029352670007041667,0.0
2013-02-04,26,0,2013-04-09 22:09:13.846153728,2013-02-25 00:00:00,0.02922786613688693,0.0
2013-02-05,26,0,2013-04-12 17:32:18.461538560,2013-03-23 12:00:00,0.02921789786070411,0.0
2013-02-06,26,0,2013-04-11 15:41:32.307692288,2013-02-28 00:00:00,0.029203508670198497,0.0
2013-02-07,26,0,2013-04-13 12:00:00.000000000,2013-03-02 12:00:00,0.029191213475073995,0.0
2013-02-08,26,0,2013-05-24 05:32:18.461538560,2013-05-02 00:00:00,0.029274735202033178,0.0
2013-02-11,26,0,2013-04-16 02:46:09.230769152,2013-03-29 00:00:00,0.029191128662564438,0.0
2013-02-12,26,0,2013-05-05 02:46:09.230769152,2013-04-02 00:00:00,0.029220796491540822,0.0
2013-02-13,26,0,2013-04-26 08:18:27.692307712,2013-03-09 00:00:00,0.029175312575022073,0.0
2013-02-14,26,0,2013-04-26 09:13:50.769230848,2013-03-04 00:00:00,0.02915183884544368,0.0
2013-02-15,26,0,2013-04-26 07:23:04.615384576,2013-03-17 12:00:00,0.029121504184032105,0.0
2013-02-18,26,0,2013-05-02 22:09:13.846153728,2013-03-26 00:00:00,0.02910388836358025,0.0
2013-02-19,26,0,2013-05-15 00:00:00.000000000,2013-03-27 00:00:00,0.029078961421221364,0.0
2013-02-20,26,0,2013-05-16 15:41:32.307692288,2013-04-10 12:00:00,0.029033660390576477,0.0
2013-02-21,26,0,2013-05-18 16:36:55.384615424,2013-03-28 00:00:00,0.028986116057220943,0.0
2013-02-22,26,0,2013-05-20 03:41:32.307692288,2013-04-18 12:00:00,0.02896499853221461,0.0
2013-02-25,26,0,2013-04-30 12:00:00.000000000,2013-03-15 12:00:00,0.02889219865346277,0.0
2013-02-26,26,0,2013-05-26 08:18:27.692307712,2013-04-24 12:00:00,0.02889969868903052,0.0
2013-02-27,26,0,2013-05-28 08:18:27.692307712,2013-04-26 12:00:00,0.02885100333976678,0.0
2013-02-28,26,0,2013-05-25 01:50:46.153846272,2013-04-02 00:00:00,0.028755216785218644,0.0
2013-03-01,26,0,2013-05-29 15:41:32.307692288,2013-04-30 12:00:00,0.028682151135406467,0.0
2013-03-04,26,0,2013-05-31 15:41:32.307692288,2013-04-30 00:00:00,0.02865684712366554,0.0
2013-03-05,26,0,2013-06-03 03:41:32.307692288,2013-05-23 12:00:00,0.02861297585684567,0.0
2013-03-06,26,0,2013-06-01 02:46:09.230769152,2013-04-23 00:00:00,0.028556884633637154,0.0
2013-03-07,26,0,2013-06-01 01:50:46.153846272,2013-04-23 00:00:00,0.028516671554428295,0.0
2013-03-08,26,0,2013-06-03 00:55:23.076923136,2013-05-21 12:00:00,0.028500100030812933,0.0
2013-03-11,26,0,2013-06-03 08:18:27.692307712,2013-05-19 12:00:00,0.02852673496539543,0.0
2013-03-12,26,0,2013-06-08 06:27:41.538461440,2013-05-28 00:00:00,0.02851442019203213,0.0
2013-03-13,26,0,2013-06-01 11:04:36.923076864,2013-04-19 00:00:00,0.028501459196914887,0.0
2013-03-14,26,0,2013-05-20 15:41:32.307692288,2013-05-22 00:00:00,0.028468153036606846,0.0
2013-03-15,26,0,2013-05-22 06:27:41.538461440,2013-05-24 12:00:00,0.028453778642228256,0.0
2013-03-18,26,0,2013-06-10 18:27:41.538461440,2013-05-26 12:00:00,0.028532077667331714,0.0
2013-03-19,26,0,2013-06-10 19:23:04.615384576,2013-05-27 00:00:00,0.028510146906532752,0.0
2013-03-20,26,0,2013-06-10 02:46:09.230769152,2013-05-26 00:00:00,0.028475598864889814,0.0
2013-03-21,26,0,2013-06-09 21:13:50.769230848,2013-05-29 00:00:00,0.028426575122826293,0.0
2013-03-22,26,0,2013-06-09 13:50:46.153846272,2013-05-24 12:00:00,0.02837978169018388,0.0
2013-03-25,26,0,2013-05-22 04:36:55.384615424,2013-05-05 00:00:00,0.02833091432965346,0.0
2013-03-26,26,0,2013-06-30 01:50:46.153846272,2013-06-02 00:00:00,0.02850013089527094,0.0
2013-03-27,26,0,2013-06-07 06:27:41.538461440,2013-05-02 00:00:00,0.02824392515569416,0.0
2013-03-28,26,0,2013-06-08 10:09:13.846153728,2013-05-04 00:00:00,0.028191561839220267,0.0
2013-04-02,26,0,2013-07-02 12:55:23.076923136,2013-05-28 00:00:00,0.02830866958774679,0.0
2013-04-03,26,0,2013-06-14 06:27:41.538461440,2013-05-21 00:00:00,0.028185618983467945,0.0
2013-04-04,26,0,2013-07-04 17:32:18.461538560,2013-05-29 00:00:00,0.02818489257917558,0.0
2013-04-05,26,0,2013-07-25 13:50:46.153846272,2013-06-03 12:00:00,0.028387800645739387,0.0
2013-04-08,26,0,2013-08-16 23:04:36.923076864,2013-06-11 12:00:00,0.028413044253995372,0.0
2013-04-09,26,0,2013-07-30 07:23:04.615384576,2013-06-10 12:00:00,0.028308506283207118,0.0
2013-04-10,26,0,2013-07-10 22:09:13.846153728,2013-06-05 00:00:00,0.028048184114849287,0.0
2013-04-11,26,0,2013-07-30 02:46:09.230769152,2013-06-10 12:00:00,0.028118534601399705,0.0
2013-04-12,26,0,2013-08-22 10:09:13.846153728,2013-06-14 00:00:00,0.028108206365802548,0.0
2013-04-15,26,0,2013-08-22 22:09:13.846153728,2013-06-15 12:00:00,0.02809583010057693,0.0
2013-04-16,26,0,2013-08-24 02:46:09.230769152,2013-06-17 12:00:00,0.028084137904027417,0.0
2013-04-17,26,0,2013-08-30 09:13:50.769230848,2013-06-27 12:00:00,0.028174278760354738,0.0
2013-04-18,26,0,2013-08-30 23:04:36.923076864,2013-06-30 00:00:00,0.028258594785686555,0.0
2013-04-19,26,0,2013-09-21 02:46:09.230769152,2013-07-05 12:00:00,0.028231086978048516,0.0
2013-04-22,26,0,2013-10-13 19:23:04.615384576,2013-07-11 00:00:00,0.028358862284268153,0.0
2013-04-23,26,0,2013-10-15 16:36:55.384615424,2013-07-12 00:00:00,0.02832230615553732,0.0
2013-04-24,26,0,2013-09-29 03:41:32.307692288,2013-07-13 00:00:00,0.02827948938901744,0.0
2013-04-25,26,0,2013-10-21 02:46:09.230769152,2013-07-13 00:00:00,0.028279074238425697,0.0
2013-04-26,26,0,2013-10-03 14:46:09.230769152,2013-07-13 00:00:00,0.028212708340630367,0.0
2013-04-29,26,0,2013-10-09 08:18:27.692307712,2013-07-13 12:00:00,0.028304111977768037,0.0
2013-04-30,26,1,2013-11-09 19:23:04.615384576,2013-07-17 00:00:00,0.028341263881116654,0.038461538461538464
2013-05-02,26,1,2013-11-02 18:27:41.538461440,2013-07-15 12:00:00,0.028248181680840718,0.038461538461538464
2013-05-03,26,1,2013-09-24 10:09:13.846153728,2013-07-12 12:00:00,0.02802947545631165,0.038461538461538464
2013-05-06,26,0,2013-10-05 07:23:04.615384576,2013-07-14 12:00:00,0.02798756722020573,0.0
2013-05-07,26,0,2013-10-05 19:23:04.615384576,2013-07-14 00:00:00,0.02793758876359697,0.0
2013-05-08,26,0,2013-10-06 05:32:18.461538560,2013-07-14 00:00:00,0.027907256658069722,0.0
2013-05-10,26,0,2013-09-19 18:27:41.538461440,2013-07-14 12:00:00,0.027825001407794068,0.0
2013-05-13,26,0,2013-09-20 02:46:09.230769152,2013-07-15 12:00:00,0.027799907090488078,0.0
2013-05-14,26,0,2013-10-10 08:18:27.692307712,2013-07-16 12:00:00,0.02784222383900275,0.0
2013-05-15,26,1,2013-10-14 00:00:00.000000000,2013-07-17 00:00:00,0.027834201402682886,0.038461538461538464
2013-05-16,26,0,2013-10-14 17:32:18.461538560,2013-07-17 12:00:00,0.027806206026967446,0.0
2013-05-17,26,1,2013-09-30 20:18:27.692307712,2013-07-18 00:00:00,0.027718798640383898,0.038461538461538464
2013-05-21,26,1,2013-10-22 19:23:04.615384576,2013-07-18 12:00:00,0.02782071755973126,0.038461538461538464
2013-05-22,26,1,2013-10-20 14:46:09.230769152,2013-07-19 00:00:00,0.027835194338904436,0.038461538461538464
2013-05-23,26,1,2013-10-27 07:23:04.615384576,2013-07-19 00:00:00,0.02777931673091227,0.038461538461538464
2013-05-24,26,1,2013-10-11 19:23:04.615384576,2013-07-18 12:00:00,0.027659876203149827,0.038461538461538464
2013-05-27,26,1,2013-10-12 09:13:50.769230848,2013-07-18 00:00:00,0.027638098450380805,0.038461538461538464
2013-05-28,26,1,2013-10-08 02:46:09.230769152,2013-07-17 00:00:00,0.027616820890167447,0.038461538461538464
2013-05-29,26,1,2013-10-18 10:09:13.846153728,2013-07-19 00:00:00,0.027628142433091987,0.038461538461538464
2013-05-30,26,0,2013-10-19 12:55:23.076923136,2013-07-19 00:00:00,0.027577300607051377,0.0
2013-05-31,26,0,2013-10-19 00:55:23.076923136,2013-07-20 00:00:00,0.02753143768300875,0.0
2013-06-03,26,0,2013-10-19 20:18:27.692307712,2013-07-18 00:00:00,0.02752661218642471,0.0
2013-06-04,26,0,2013-10-19 06:27:41.538461440,2013-07-10 00:00:00,0.027495985410449546,0.0
2013-06-05,26,0,2013-10-18 16:36:55.384615424,2013-07-05 12:00:00,0.027505799275627466,0.0
2013-06-06,26,0,2013-10-17 21:13:50.769230848,2013-07-05 12:00:00,0.027577556763031735,0.0
2013-06-07,26,0,2013-10-17 07:23:04.615384576,2013-07-06 00:00:00,0.027562054383197858,0.0
2013-06-10,26,0,2013-10-20 20:18:27.692307712,2013-07-08 00:00:00,0.02754994160014697,0.0
2013-06-11,26,0,2013-10-22 04:36:55.384615424,2013-07-10 00:00:00,0.027588584730622666,0.0
2013-06-12,26,0,2013-10-24 20:18:27.692307712,2013-07-12 12:00:00,0.027664936104787395,0.0
2013-06-13,26,0,2013-10-27 09:13:50.769230848,2013-07-14 12:00:00,0.027726839806609418,0.0
2013-06-14,26,0,2013-10-08 23:04:36.923076864,2013-07-15 12:00:00,0.02778105568089393,0.0
2013-06-17,26,0,2013-10-11 05:32:18.461538560,2013-07-17 00:00:00,0.02780556415403233,0.0
2013-06-18,26,0,2013-10-12 13:50:46.153846272,2013-07-17 12:00:00,0.02782117630467494,0.0
2013-06-19,26,0,2013-10-13 05:32:18.461538560,2013-07-18 12:00:00,0.027851065884777246,0.0
2013-06-20,26,0,2013-10-31 08:18:27.692307712,2013-07-10 12:00:00,0.028077517983742344,0.0
2013-06-21,26,0,2013-12-20 01:50:46.153846272,2013-07-11 00:00:00,0.028378178119020523,0.0
2013-06-24,26,0,2014-01-14 23:04:36.923076864,2013-07-13 00:00:00,0.02877711339242158,0.0
2013-06-25,26,0,2014-01-16 03:41:32.307692288,2013-07-15 00:00:00,0.028957798732344754,0.0
2013-06-26,26,0,2014-02-08 08:18:27.692307712,2013-08-31 12:00:00,0.02904644433035845,0.0
2013-06-27,26,1,2014-02-04 12:00:00.000000000,2013-07-16 00:00:00,0.029096475738201025,0.038461538461538464
2013-06-28,26,1,2014-02-05 23:04:36.923076864,2013-07-17 00:00:00,0.02911272480036486,0.038461538461538464
2013-07-01,26,1,2014-02-09 01:50:46.153846272,2013-07-17 00:00:00,0.02911078478635587,0.038461538461538464
2013-07-02,26,1,2014-02-07 04:36:55.384615424,2013-07-16 00:00:00,0.029095336506004623,0.038461538461538464
2013-07-03,26,1,2014-02-06 01:50:46.153846272,2013-07-16 00:00:00,0.02911041899854425,0.038461538461538464
2013-07-04,26,1,2014-02-05 07:23:04.615384576,2013-07-16 00:00:00,0.029093212789533824,0.038461538461538464
2013-07-05,26,1,2014-02-23 07:23:04.615384576,2013-08-30 00:00:00,0.029149620436867925,0.038461538461538464
2013-07-08,26,1,2014-02-24 12:55:23.076923136,2013-08-19 12:00:00,0.029145307603992896,0.038461538461538464
2013-07-09,26,1,2014-02-25 00:00:00.000000000,2013-08-15 12:00:00,0.02912941459243168,0.038461538461538464
2013-07-10,26,1,2014-02-25 00:55:23.076923136,2013-08-14 00:00:00,0.029098209321031774,0.038461538461538464
2013-07-11,26,1,2014-02-24 12:55:23.076923136,2013-08-12 00:00:00,0.02907072301035579,0.038461538461538464
2013-07-12,26,1,2014-02-21 10:09:13.846153728,2013-08-11 00:00:00,0.029036024191981855,0.038461538461538464
2013-07-15,26,1,2014-02-17 17:32:18.461538560,2013-08-10 00:00:00,0.029012309606068445,0.038461538461538464
2013-07-16,26,0,2014-02-08 06:27:41.538461440,2013-08-10 12:00:00,0.02895445972424134,0.0
2013-07-17,26,0,2014-02-07 21:13:50.769230848,2013-08-10 12:00:00,0.02891394696554637,0.0
2013-07-18,26,1,2014-01-22 10:09:13.846153728,2013-08-10 12:00:00,0.028893391901105698,0.038461538461538464
2013-07-19,26,1,2014-01-21 04:36:55.384615424,2013-08-12 12:00:00,0.028879608211132595,0.038461538461538464
2013-07-22,26,1,2014-01-21 15:41:32.307692288,2013-08-12 00:00:00,0.028883668517089234,0.038461538461538464
2013-07-23,26,1,2014-01-20 10:09:13.846153728,2013-08-12 00:00:00,0.028841372296271976,0.038461538461538464
2013-07-24,26,1,2014-01-13 12:00:00.000000000,2013-08-12 00:00:00,0.028805494525029722,0.038461538461538464
2013-07-25,26,1,2013-12-24 00:00:00.000000000,2013-07-26 00:00:00,0.02882994135980759,0.038461538461538464
2013-07-26,26,1,2014-01-29 16:36:55.384615424,2013-09-11 12:00:00,0.02874835178083403,0.038461538461538464
2013-07-29,26,1,2014-01-30 01:50:46.153846272,2013-09-10 12:00:00,0.028737755085701772,0.038461538461538464
2013-07-30,26,1,2014-01-29 07:23:04.615384576,2013-09-10 00:00:00,0.028686982793713626,0.038461538461538464
2013-07-31,26,1,2014-01-27 12:00:00.000000000,2013-09-09 00:00:00,0.02865250233497559,0.038461538461538464
2013-08-02,26,1,2014-01-28 05:32:18.461538560,2013-09-09 00:00:00,0.02868814907697209,0.038461538461538464
2013-08-05,26,2,2014-01-31 23:04:36.923076864,2013-09-27 12:00:00,0.028814068977822235,0.07692307692307693
2013-08-06,26,3,2014-01-23 09:13:50.769230848,2013-09-27 12:00:00,0.028803749375695766,0.11538461538461539
2013-08-07,26,3,2014-01-18 09:13:50.769230848,2013-10-10 00:00:00,0.028812263007910767,0.11538461538461539
2013-08-08,26,3,2014-01-20 20:18:27.692307712,2013-10-10 00:00:00,0.02880054243168392,0.11538461538461539
2013-08-09,26,3,2014-01-22 05:32:18.461538560,2013-10-09 12:00:00,0.028829019951409803,0.11538461538461539
2013-08-12,26,2,2014-01-19 14:46:09.230769152,2013-10-15 00:00:00,0.028857677376150782,0.07692307692307693
2013-08-13,26,2,2014-01-25 04:36:55.384615424,2013-10-21 12:00:00,0.028885859476940386,0.07692307692307693
2013-08-14,26,2,2014-01-06 14:46:09.230769152,2013-10-09 12:00:00,0.0289180854107761,0.07692307692307693
2013-08-15,26,2,2014-01-07 10:09:13.846153728,2013-10-09 12:00:00,0.028875856807355788,0.07692307692307693
2013-08-16,26,2,2014-01-07 21:13:50.769230848,2013-10-10 00:00:00,0.028834840458564517,0.07692307692307693
2013-08-19,26,2,2014-01-14 14:46:09.230769152,2013-10-11 12:00:00,0.02887463684144623,0.07692307692307693
2013-08-20,26,2,2014-01-19 18:27:41.538461440,2013-10-12 00:00:00,0.028834689024164174,0.07692307692307693
2013-08-21,26,2,2014-01-20 03:41:32.307692288,2013-10-09 12:00:00,0.028768904039272666,0.07692307692307693
2013-08-22,26,2,2014-01-22 16:36:55.384615424,2013-10-09 00:00:00,0.02873112453452614,0.07692307692307693
2013-08-23,26,2,2014-01-19 19:23:04.615384576,2013-10-09 00:00:00,0.028660348522559224,0.07692307692307693
2013-08-26,26,2,2014-01-26 19:23:04.615384576,2013-10-09 12:00:00,0.028688652381330178,0.07692307692307693
2013-08-27,26,2,2014-01-24 04:36:55.384615424,2013-10-09 12:00:00,0.02865406256079378,0.07692307692307693
2013-08-28,26,3,2014-02-04 03:41:32.307692288,2013-10-26 12:00:00,0.02869912143275005,0.11538461538461539
2013-08-29,26,3,2014-02-08 22:09:13.846153728,2013-10-27 12:00:00,0.028651979091835866,0.11538461538461539
2013-08-30,26,3,2014-02-03 13:50:46.153846272,2013-10-26 00:00:00,0.028594286265754387,0.11538461538461539
2013-09-02,26,3,2014-02-11 03:41:32.307692288,2013-10-28 00:00:00,0.028557832988491447,0.11538461538461539
2013-09-03,26,3,2014-02-17 01:50:46.153846272,2013-10-27 00:00:00,0.028494840128333906,0.11538461538461539
2013-09-04,26,4,2014-02-15 12:00:00.000000000,2013-10-10 00:00:00,0.028421357722834266,0.15384615384615385
2013-09-05,26,4,2014-02-08 08:18:27.692307712,2013-10-08 00:00:00,0.028363231828630965,0.15384615384615385
2013-09-06,26,4,2014-02-04 22:09:13.846153728,2013-10-08 00:00:00,0.028318200127455014,0.15384615384615385
2013-09-09,26,3,2014-02-01 00:55:23.076923136,2013-10-08 12:00:00,0.0282961616223403,0.11538461538461539
2013-09-10,26,3,2014-01-30 03:41:32.307692288,2013-10-08 12:00:00,0.028264177944283313,0.11538461538461539
2013-09-11,26,3,2014-01-23 00:00:00.000000000,2013-10-08 12:00:00,0.02822011261747754,0.11538461538461539
2013-09-12,26,3,2014-01-26 05:32:18.461538560,2013-10-10 00:00:00,0.028190809808859494,0.11538461538461539
2013-09-13,26,3,2014-01-25 00:55:23.076923136,2013-10-09 00:00:00,0.028159406144364744,0.11538461538461539
2013-09-16,26,3,2014-01-27 18:27:41.538461440,2013-10-10 00:00:00,0.0281499796145577,0.11538461538461539
2013-09-17,26,3,2014-02-20 13:50:46.153846272,2013-10-11 00:00:00,0.028191039020034555,0.11538461538461539
2013-09-18,26,3,2014-02-19 03:41:32.307692288,2013-10-10 00:00:00,0.028127475907295505,0.11538461538461539
2013-09-19,26,2,2014-02-24 05:32:18.461538560,2013-10-14 12:00:00,0.02812590862123884,0.07692307692307693
2013-09-20,26,2,2014-02-04 08:18:27.692307712,2013-10-10 00:00:00,0.027930588151997195,0.07692307692307693
2013-09-23,26,2,2014-02-28 12:55:23.076923136,2013-10-13 00:00:00,0.028002733996995353,0.07692307692307693
2013-09-24,26,2,2014-03-02 13:50:46.153846272,2013-10-14 00:00:00,0.02795287501228391,0.07692307692307693
2013-09-25,26,2,2014-02-28 13:50:46.153846272,2013-10-10 12:00:00,0.027900613789421387,0.07692307692307693
2013-09-26,26,2,2014-03-03 10:09:13.846153728,2013-10-10 00:00:00,0.027851754098574686,0.07692307692307693
2013-09-27,26,3,2014-03-11 06:27:41.538461440,2013-10-21 12:00:00,0.027874218642243487,0.11538461538461539
2013-09-30,26,3,2014-03-15 21:13:50.769230848,2013-11-18 00:00:00,0.027843421772302004,0.11538461538461539
2013-10-01,26,3,2014-03-14 20:18:27.692307712,2013-10-19 12:00:00,0.0277829232613245,0.11538461538461539
2013-10-02,26,3,2014-03-08 01:50:46.153846272,2013-10-19 00:00:00,0.027732692266270162,0.11538461538461539
2013-10-03,26,3,2014-03-04 13:50:46.153846272,2013-10-23 12:00:00,0.0276951363047512,0.11538461538461539
2013-10-04,26,3,2014-03-10 05:32:18.461538560,2013-10-20 00:00:00,0.027630180681930926,0.11538461538461539
2013-10-07,26,3,2014-03-12 17:32:18.461538560,2013-11-18 00:00:00,0.027590127341047717,0.11538461538461539
2013-10-08,26,3,2014-03-08 00:00:00.000000000,2013-11-21 12:00:00,0.02754453977605005,0.11538461538461539
2013-10-09,26,3,2014-03-15 09:13:50.769230848,2013-12-10 00:00:00,0.02762490469230398,0.11538461538461539
2013-10-10,26,3,2014-03-11 15:41:32.307692288,2013-11-25 00:00:00,0.027449828871708305,0.11538461538461539
2013-10-11,26,3,2014-03-11 02:46:09.230769152,2013-11-26 00:00:00,0.027406820440468032,0.11538461538461539
2013-10-14,26,3,2014-04-02 14:46:09.230769152,2013-12-21 00:00:00,0.027683802012012797,0.11538461538461539
2013-10-15,26,3,2014-04-18 19:23:04.615384576,2013-12-31 12:00:00,0.027784493743588448,0.11538461538461539
2013-10-16,26,3,2014-03-13 00:55:23.076923136,2013-11-27 12:00:00,0.027428404110739973,0.11538461538461539
2013-10-17,26,3,2014-04-08 08:18:27.692307712,2014-01-07 00:00:00,0.02777056817233511,0.11538461538461539
2013-10-18,26,3,2014-03-21 00:55:23.076923136,2014-01-05 12:00:00,0.027634044974013925,0.11538461538461539
2013-10-21,26,3,2014-04-15 11:04:36.923076864,2014-01-28 12:00:00,0.027760735198721995,0.11538461538461539
2013-10-22,26,3,2014-04-17 17:32:18.461538560,2014-02-11 00:00:00,0.027754485297332057,0.11538461538461539
2013-10-23,26,4,2014-05-01 18:27:41.538461440,2014-02-27 00:00:00,0.027822181162352796,0.15384615384615385
2013-10-24,26,4,2014-05-09 13:50:46.153846272,2014-04-09 12:00:00,0.027784872391079813,0.15384615384615385
2013-10-25,26,5,2014-04-20 10:09:13.846153728,2014-02-21 00:00:00,0.027657850755310572,0.19230769230769232
2013-10-28,26,5,2014-05-04 03:41:32.307692288,2014-02-27 00:00:00,0.02767738272979755,0.19230769230769232
2013-10-29,26,5,2014-05-25 16:36:55.384615424,2014-04-05 00:00:00,0.027711233433864915,0.19230769230769232
2013-10-30,26,5,2014-05-06 23:04:36.923076864,2014-03-08 00:00:00,0.027622614100247387,0.19230769230769232
2013-10-31,26,5,2014-05-10 13:50:46.153846272,2014-03-17 00:00:00,0.027600944050476143,0.19230769230769232
2013-11-01,26,5,2014-05-31 02:46:09.230769152,2014-05-19 12:00:00,0.027673236385192472,0.19230769230769232
2013-11-04,26,6,2014-06-05 11:04:36.923076864,2014-04-28 00:00:00,0.02766527088854367,0.23076923076923078
2013-11-05,26,5,2014-05-28 23:04:36.923076864,2014-04-20 12:00:00,0.02761866716822085,0.19230769230769232
2013-11-06,26,5,2014-06-06 02:46:09.230769152,2014-05-31 00:00:00,0.02757757950411038,0.19230769230769232
2013-11-07,26,6,2014-06-10 02:46:09.230769152,2014-06-15 00:00:00,0.027535118952419082,0.23076923076923078
2013-11-08,26,4,2014-05-05 13:50:46.153846272,2014-02-26 00:00:00,0.02746342471465431,0.15384615384615385
2013-11-11,26,4,2014-05-14 06:27:41.538461440,2014-05-25 00:00:00,0.02743729416343357,0.15384615384615385
2013-11-12,26,4,2014-05-26 01:50:46.153846272,2014-06-09 00:00:00,0.027385286949349018,0.15384615384615385
2013-11-13,26,4,2014-05-19 23:04:36.923076864,2014-05-16 00:00:00,0.0273430750506995,0.15384615384615385
2013-11-14,26,4,2014-05-13 06:27:41.538461440,2014-04-25 12:00:00,0.02724846571982127,0.15384615384615385
2013-11-15,26,4,2014-06-07 18:27:41.538461440,2014-05-16 00:00:00,0.02722171220562946,0.15384615384615385
2013-11-18,26,4,2014-05-21 18:27:41.538461440,2014-04-28 00:00:00,0.027206779209671128,0.15384615384615385
2013-11-19,26,4,2014-05-24 17:32:18.461538560,2014-04-10 12:00:00,0.027143945422356982,0.15384615384615385
2013-11-20,26,3,2014-05-27 01:50:46.153846272,2014-04-19 00:00:00,0.027131810896046514,0.11538461538461539
2013-11-21,26,3,2014-05-26 17:32:18.461538560,2014-04-06 12:00:00,0.027104535589911764,0.11538461538461539
2013-11-22,26,3,2014-05-31 06:27:41.538461440,2014-04-18 00:00:00,0.02702801262758868,0.11538461538461539
2013-11-25,26,4,2014-06-13 07:23:04.615384576,2014-05-24 00:00:00,0.026990694274801826,0.15384615384615385
2013-11-26,26,4,2014-06-09 22:09:13.846153728,2014-05-29 12:00:00,0.0269299822155892,0.15384615384615385
2013-11-27,26,3,2014-06-12 09:13:50.769230848,2014-06-20 12:00:00,0.026886368138835107,0.11538461538461539
2013-11-28,26,3,2014-06-01 20:18:27.692307712,2014-05-09 12:00:00,0.026763835097570222,0.11538461538461539
2013-11-29,26,4,2014-06-05 18:27:41.538461440,2014-05-21 12:00:00,0.02671462552651973,0.15384615384615385
2013-12-02,26,5,2014-06-23 00:55:23.076923136,2014-07-09 12:00:00,0.026685477691491398,0.19230769230769232
2013-12-03,26,5,2014-06-22 14:46:09.230769152,2014-07-06 00:00:00,0.02664091277577535,0.19230769230769232
2013-12-04,26,5,2014-06-17 10:09:13.846153728,2014-06-16 12:00:00,0.026612163712779517,0.19230769230769232
2013-12-05,26,5,2014-07-02 13:50:46.153846272,2014-06-23 00:00:00,0.02676651097697425,0.19230769230769232
2013-12-06,26,5,2014-06-29 00:55:23.076923136,2014-06-02 00:00:00,0.02673397241394576,0.19230769230769232
2013-12-09,26,5,2014-06-27 04:36:55.384615424,2014-05-20 00:00:00,0.02681336194966609,0.19230769230769232
2013-12-10,26,4,2014-06-26 09:13:50.769230848,2014-04-30 12:00:00,0.02675977574128804,0.15384615384615385
2013-12-11,26,5,2014-07-08 22:09:13.846153728,2014-05-22 00:00:00,0.026735152664057533,0.19230769230769232
2013-12-12,26,5,2014-07-07 07:23:04.615384576,2014-05-14 00:00:00,0.026731825108874376,0.19230769230769232
2013-12-13,26,5,2014-06-25 11:04:36.923076864,2014-05-06 00:00:00,0.026766972077062762,0.19230769230769232
2013-12-16,26,4,2014-07-15 00:00:00.000000000,2014-05-24 00:00:00,0.026679934461956937,0.15384615384615385
2013-12-17,26,4,2014-07-21 16:36:55.384615424,2014-05-22 12:00:00,0.02667873912362606,0.15384615384615385
2013-12-18,26,4,2014-07-11 00:55:23.076923136,2014-05-24 00:00:00,0.0265258821445177,0.15384615384615385
2013-12-19,26,4,2014-07-26 09:13:50.769230848,2014-07-08 00:00:00,0.02660558916093902,0.15384615384615385
2013-12-20,26,4,2014-07-26 18:27:41.538461440,2014-07-06 12:00:00,0.026597806240476453,0.15384615384615385
2013-12-23,26,4,2014-07-27 06:27:41.538461440,2014-06-26 00:00:00,0.026492686688894165,0.15384615384615385
2013-12-27,26,4,2014-08-11 17:32:18.461538560,2014-08-25 00:00:00,0.026494104671163712,0.15384615384615385
2013-12-30,26,4,2014-07-09 03:41:32.307692288,2014-05-25 12:00:00,0.02647832507269722,0.15384615384615385
2014-01-03,26,4,2014-06-16 16:36:55.384615424,2014-05-01 12:00:00,0.026404993377398076,0.15384615384615385
2014-01-06,26,4,2014-05-28 22:09:13.846153728,2014-04-08 12:00:00,0.026313544221049368,0.15384615384615385
2014-01-07,26,4,2014-05-24 21:13:50.769230848,2014-04-05 12:00:00,0.02623575654596866,0.15384615384615385
2014-01-08,26,4,2014-05-05 19:23:04.615384576,2014-04-07 12:00:00,0.02615324741154487,0.15384615384615385
2014-01-09,26,5,2014-05-20 16:36:55.384615424,2014-04-08 12:00:00,0.0261101983264852,0.19230769230769232
2014-01-10,26,4,2014-05-05 01:50:46.153846272,2014-04-02 00:00:00,0.02600551348847165,0.15384615384615385
2014-01-13,26,4,2014-05-15 15:41:32.307692288,2014-04-05 12:00:00,0.025928563560287228,0.15384615384615385
2014-01-14,26,4,2014-04-29 21:13:50.769230848,2014-04-05 00:00:00,0.02589018932086409,0.15384615384615385
2014-01-15,26,5,2014-04-28 02:46:09.230769152,2014-03-31 12:00:00,0.02582378866129246,0.19230769230769232
2014-01-16,26,5,2014-04-27 06:27:41.538461440,2014-03-30 12:00:00,0.02575628556935833,0.19230769230769232
2014-01-17,26,5,2014-04-06 21:13:50.769230848,2014-03-30 12:00:00,0.02572766444673373,0.19230769230769232
2014-01-20,26,5,2014-04-24 05:32:18.461538560,2014-03-29 12:00:00,0.02567185326881833,0.19230769230769232
2014-01-21,26,5,2014-04-21 12:00:00.000000000,2014-03-27 00:00:00,0.025603176817969385,0.19230769230769232
2014-01-22,26,6,2014-04-21 05:32:18.461538560,2014-03-25 00:00:00,0.025528280286853586,0.23076923076923078
2014-01-23,26,5,2014-04-15 11:04:36.923076864,2014-03-25 12:00:00,0.025452293137167126,0.19230769230769232
2014-01-24,26,6,2014-04-29 02:46:09.230769152,2014-03-23 00:00:00,0.025437409507500973,0.23076923076923078
2014-01-27,26,6,2014-04-30 08:18:27.692307712,2014-03-18 12:00:00,0.025423344933868594,0.23076923076923078
2014-01-28,26,6,2014-04-29 23:04:36.923076864,2014-03-16 12:00:00,0.02537287305763778,0.23076923076923078
2014-01-29,26,8,2014-05-03 10:09:13.846153728,2014-03-18 00:00:00,0.02542182185044992,0.3076923076923077
2014-01-30,26,8,2014-05-06 08:18:27.692307712,2014-03-14 12:00:00,0.025352991054807896,0.3076923076923077
2014-01-31,26,7,2014-05-07 16:36:55.384615424,2014-03-13 00:00:00,0.025302845279032767,0.2692307692307692
2014-02-03,26,7,2014-05-11 17:32:18.461538560,2014-03-13 00:00:00,0.02532941134451526,0.2692307692307692
2014-02-04,26,7,2014-05-21 15:41:32.307692288,2014-03-16 00:00:00,0.0253935516775834,0.2692307692307692
2014-02-05,26,6,2014-05-06 14:46:09.230769152,2014-03-13 12:00:00,0.02536061544192888,0.23076923076923078
2014-02-06,26,7,2014-05-23 17:32:18.461538560,2014-03-15 12:00:00,0.025354023308200708,0.2692307692307692
2014-02-07,26,7,2014-05-29 03:41:32.307692288,2014-03-17 00:00:00,0.02528904971678671,0.2692307692307692
2014-02-10,26,10,2014-07-13 19:23:04.615384576,2014-04-26 00:00:00,0.025313419608857933,0.38461538461538464
2014-02-11,26,8,2014-06-04 05:32:18.461538560,2014-03-18 00:00:00,0.025149347267338598,0.3076923076923077
2014-02-12,26,9,2014-06-06 09:13:50.769230848,2014-03-18 12:00:00,0.025076012723245215,0.34615384615384615
2014-02-13,26,12,2014-07-09 21:13:50.769230848,2014-05-05 00:00:00,0.025094034767168514,0.46153846153846156
2014-02-14,26,10,2014-05-31 01:50:46.153846272,2014-03-19 00:00:00,0.02487213254653927,0.38461538461538464
2014-02-18,26,10,2014-06-05 03:41:32.307692288,2014-03-23 12:00:00,0.024823319559358698,0.38461538461538464
2014-02-19,26,10,2014-05-20 07:23:04.615384576,2014-03-18 00:00:00,0.02475488737352622,0.38461538461538464
2014-02-20,26,10,2014-06-03 00:55:23.076923136,2014-03-30 00:00:00,0.02468223396277427,0.38461538461538464
2014-02-21,26,10,2014-06-11 11:04:36.923076864,2014-03-27 00:00:00,0.024619175717415138,0.38461538461538464
2014-02-24,26,10,2014-05-30 13:50:46.153846272,2014-03-23 12:00:00,0.024522968050387634,0.38461538461538464
2014-02-25,26,11,2014-06-10 00:55:23.076923136,2014-03-28 00:00:00,0.02446391022814786,0.4230769230769231
2014-02-26,26,12,2014-06-16 15:41:32.307692288,2014-03-28 12:00:00,0.024430463498343255,0.46153846153846156
2014-02-27,26,12,2014-06-17 18:27:41.538461440,2014-03-26 00:00:00,0.024349878359739865,0.46153846153846156
2014-02-28,26,12,2014-06-25 03:41:32.307692288,2014-04-08 00:00:00,0.024270162739758128,0.46153846153846156
2014-03-03,26,12,2014-06-26 04:36:55.384615424,2014-04-17 00:00:00,0.024203911333307397,0.46153846153846156
2014-03-04,26,11,2014-06-13 23:04:36.923076864,2014-03-20 12:00:00,0.024062390533205896,0.4230769230769231
2014-03-05,26,11,2014-06-17 04:36:55.384615424,2014-03-25 12:00:00,0.02397689711759597,0.4230769230769231
2014-03-06,26,12,2014-06-24 13:50:46.153846272,2014-04-19 00:00:00,0.023878454322188287,0.46153846153846156
2014-03-07,26,10,2014-06-13 04:36:55.384615424,2014-04-05 00:00:00,0.023753599709874892,0.38461538461538464
2014-03-10,26,10,2014-06-08 23:04:36.923076864,2014-03-28 12:00:00,0.02367867156406613,0.38461538461538464
2014-03-11,26,10,2014-05-31 09:13:50.769230848,2014-03-28 12:00:00,0.023604388896841782,0.38461538461538464
2014-03-12,26,9,2014-06-06 05:32:18.461538560,2014-04-13 12:00:00,0.023603577160201665,0.34615384615384615
2014-03-13,26,9,2014-05-28 18:27:41.538461440,2014-04-11 00:00:00,0.02365160337508425,0.34615384615384615
2014-03-14,26,9,2014-05-29 22:09:13.846153728,2014-04-08 00:00:00,0.02370301501489099,0.34615384615384615
2014-03-17,26,9,2014-06-03 08:18:27.692307712,2014-04-16 00:00:00,0.023706474715618396,0.34615384615384615
2014-03-18,26,8,2014-05-18 00:00:00.000000000,2014-04-16 00:00:00,0.023665502365002058,0.3076923076923077
2014-03-19,26,10,2014-06-29 12:55:23.076923136,2014-04-28 00:00:00,0.023667561685641936,0.38461538461538464
2014-03-20,26,10,2014-06-30 09:13:50.769230848,2014-04-29 00:00:00,0.02363942509944371,0.38461538461538464
2014-03-21,26,10,2014-07-04 22:09:13.846153728,2014-05-08 00:00:00,0.023621093845594836,0.38461538461538464
2014-03-24,26,10,2014-07-16 20:18:27.692307712,2014-05-31 00:00:00,0.02368028328010352,0.38461538461538464
2014-03-25,26,11,2014-07-17 07:23:04.615384576,2014-05-30 12:00:00,0.023624130144544068,0.4230769230769231
2014-03-26,26,11,2014-07-27 01:50:46.153846272,2014-06-06 12:00:00,0.023575709290975244,0.4230769230769231
2014-03-27,26,11,2014-08-02 21:13:50.769230848,2014-06-07 00:00:00,0.023534643020320045,0.4230769230769231
2014-03-28,26,11,2014-08-08 08:18:27.692307712,2014-06-16 00:00:00,0.023444011122892065,0.4230769230769231
2014-03-31,26,12,2014-08-17 22:09:13.846153728,2014-06-29 12:00:00,0.023380080199488593,0.46153846153846156
2014-04-01,26,12,2014-08-18 12:00:00.000000000,2014-06-28 00:00:00,0.02332028070575146,0.46153846153846156
2014-04-02,26,11,2014-07-27 01:50:46.153846272,2014-06-13 00:00:00,0.02319709566350651,0.4230769230769231
2014-04-03,26,11,2014-08-07 07:23:04.615384576,2014-06-27 12:00:00,0.0231583282138373,0.4230769230769231
2014-04-04,26,11,2014-07-31 18:27:41.538461440,2014-06-27 12:00:00,0.02306849286301182,0.4230769230769231
2014-04-07,26,11,2014-07-31 08:18:27.692307712,2014-06-29 12:00:00,0.022989240428831194,0.4230769230769231
2014-04-08,26,11,2014-08-04 13:50:46.153846272,2014-07-04 00:00:00,0.022907646523280093,0.4230769230769231
2014-04-09,26,10,2014-08-04 15:41:32.307692288,2014-07-04 12:00:00,0.022801656548293654,0.38461538461538464
2014-04-10,26,10,2014-08-13 16:36:55.384615424,2014-07-12 00:00:00,0.02272581530639383,0.38461538461538464
2014-04-11,26,11,2014-08-09 12:55:23.076923136,2014-07-03 00:00:00,0.022666165446374207,0.4230769230769231
2014-04-14,26,10,2014-08-12 00:55:23.076923136,2014-07-11 12:00:00,0.02262079246732601,0.38461538461538464
2014-04-15,26,11,2014-08-18 02:46:09.230769152,2014-07-12 00:00:00,0.022630067725764813,0.4230769230769231
2014-04-16,26,11,2014-09-03 17:32:18.461538560,2014-08-14 12:00:00,0.022599616021836418,0.4230769230769231
2014-04-17,26,11,2014-09-14 00:00:00.000000000,2014-08-25 12:00:00,0.02255396621604449,0.4230769230769231
2014-04-22,26,14,2014-10-08 09:13:50.769230848,2014-09-08 12:00:00,0.022506385294671232,0.5384615384615384
2014-04-23,26,13,2014-09-25 03:41:32.307692288,2014-09-03 00:00:00,0.02242585173243861,0.5
2014-04-24,26,12,2014-09-25 08:18:27.692307712,2014-09-01 00:00:00,0.022349333601961927,0.46153846153846156
2014-04-25,26,11,2014-09-13 12:55:23.076923136,2014-08-07 12:00:00,0.02227862989605721,0.4230769230769231
2014-04-28,26,13,2014-10-06 12:55:23.076923136,2014-09-14 00:00:00,0.022229432799887597,0.5
2014-04-29,26,12,2014-10-02 22:09:13.846153728,2014-09-10 12:00:00,0.022150949451544243,0.46153846153846156
2014-04-30,26,14,2014-09-28 20:18:27.692307712,2014-09-10 12:00:00,0.022098033801942647,0.5384615384615384
2014-05-02,26,15,2014-10-09 15:41:32.307692288,2014-09-16 00:00:00,0.022039789948883132,0.5769230769230769
2014-05-05,26,15,2014-10-15 05:32:18.461538560,2014-09-17 00:00:00,0.021980647600321142,0.5769230769230769
2014-05-06,26,15,2014-10-27 07:23:04.615384576,2014-09-28 12:00:00,0.02191603560473472,0.5769230769230769
2014-05-07,26,16,2014-11-02 01:50:46.153846272,2014-09-30 12:00:00,0.021857073351587503,0.6153846153846154
2014-05-08,26,15,2014-11-04 06:27:41.538461440,2014-10-01 12:00:00,0.021791431584472973,0.5769230769230769
2014-05-09,26,17,2014-12-04 00:55:23.076923136,2014-10-19 00:00:00,0.02191167695543367,0.6538461538461539
2014-05-12,26,14,2014-10-23 15:41:32.307692288,2014-09-20 12:00:00,0.021801917934472177,0.5384615384615384
2014-05-13,26,14,2014-10-24 03:41:32.307692288,2014-09-17 00:00:00,0.02174439193767056,0.5384615384615384
2014-05-14,26,17,2014-11-19 09:13:50.769230848,2014-10-16 00:00:00,0.021758780494865165,0.6538461538461539
2014-05-15,26,16,2014-11-13 14:46:09.230769152,2014-10-01 12:00:00,0.021827194970527868,0.6153846153846154
2014-05-16,26,19,2014-11-24 09:13:50.769230848,2014-10-17 12:00:00,0.021768165613909728,0.7307692307692307
2014-05-19,26,18,2014-11-15 07:23:04.615384576,2014-10-01 12:00:00,0.021653103113088306,0.6923076923076923
2014-05-20,26,19,2014-11-28 00:00:00.000000000,2014-10-17 12:00:00,0.021592128463765493,0.7307692307692307
2014-05-21,26,18,2014-11-30 08:18:27.692307712,2014-10-21 12:00:00,0.021490775324393717,0.6923076923076923
2014-05-22,26,16,2014-11-18 19:23:04.615384576,2014-10-17 00:00:00,0.0213229023025891,0.6153846153846154
2014-05-23,26,16,2014-11-28 05:32:18.461538560,2014-10-17 00:00:00,0.021319542187396026,0.6153846153846154
2014-05-26,26,17,2014-11-29 00:55:23.076923136,2014-10-23 12:00:00,0.02126877978947883,0.6538461538461539
2014-05-27,26,16,2014-11-19 16:36:55.384615424,2014-10-13 12:00:00,0.02119050484160651,0.6153846153846154
2014-05-28,26,16,2014-11-28 04:36:55.384615424,2014-10-21 12:00:00,0.021127118778521307,0.6153846153846154
2014-05-30,26,15,2014-11-20 00:55:23.076923136,2014-10-21 12:00:00,0.021005433868659957,0.5769230769230769
2014-06-02,26,16,2014-12-02 00:00:00.000000000,2014-10-26 00:00:00,0.020971313331289952,0.6153846153846154
2014-06-03,26,16,2014-11-25 15:41:32.307692288,2014-10-24 12:00:00,0.020887292441161852,0.6153846153846154
2014-06-04,26,16,2014-11-29 06:27:41.538461440,2014-10-24 00:00:00,0.020812428101415235,0.6153846153846154
2014-06-05,26,17,2014-12-05 04:36:55.384615424,2014-10-23 00:00:00,0.020745510628598366,0.6538461538461539
2014-06-06,26,17,2014-11-11 21:13:50.769230848,2014-10-15 12:00:00,0.020669747779181666,0.6538461538461539
2014-06-10,26,17,2014-11-28 09:13:50.769230848,2014-10-24 12:00:00,0.020604760844158115,0.6538461538461539
2014-06-11,26,17,2014-11-24 07:23:04.615384576,2014-10-21 12:00:00,0.0205315047293376,0.6538461538461539
2014-06-12,26,17,2014-12-12 02:46:09.230769152,2014-11-05 00:00:00,0.020463211482337276,0.6538461538461539
2014-06-13,26,18,2014-12-24 16:36:55.384615424,2014-11-19 00:00:00,0.02041002142870361,0.6923076923076923
2014-06-16,26,18,2014-12-13 22:09:13.846153728,2014-10-20 12:00:00,0.020367662661207934,0.6923076923076923
2014-06-17,26,17,2014-11-29 02:46:09.230769152,2014-10-05 12:00:00,0.020313162014089798,0.6538461538461539
2014-06-18,26,17,2014-11-24 21:13:50.769230848,2014-10-04 12:00:00,0.020275688585127426,0.6538461538461539
2014-06-19,26,18,2014-11-20 01:50:46.153846272,2014-10-05 00:00:00,0.02022814926951824,0.6923076923076923
2014-06-20,26,18,2014-12-01 02:46:09.230769152,2014-10-18 00:00:00,0.02017888629492257,0.6923076923076923
2014-06-23,26,17,2014-11-11 00:00:00.000000000,2014-09-28 12:00:00,0.02010759129281308,0.6538461538461539
2014-06-24,26,17,2014-11-15 03:41:32.307692288,2014-10-18 12:00:00,0.020040204336417452,0.6538461538461539
2014-06-25,26,16,2014-11-10 20:18:27.692307712,2014-09-29 12:00:00,0.01995504521389666,0.6153846153846154
2014-06-26,26,16,2014-11-07 07:23:04.615384576,2014-09-05 12:00:00,0.019900991627823068,0.6153846153846154
2014-06-27,26,13,2014-10-30 23:04:36.923076864,2014-09-09 12:00:00,0.019818568990731304,0.5
2014-06-30,26,16,2014-11-03 00:00:00.000000000,2014-10-07 12:00:00,0.019777717086716835,0.6153846153846154
2014-07-01,26,15,2014-11-04 00:55:23.076923136,2014-10-02 00:00:00,0.019702824535381136,0.5769230769230769
2014-07-02,26,16,2014-11-13 14:46:09.230769152,2014-10-10 00:00:00,0.019641170211965875,0.6153846153846154
2014-07-03,26,14,2014-11-15 08:18:27.692307712,2014-10-07 12:00:00,0.019584805135781178,0.5384615384615384
2014-07-04,26,15,2014-12-05 06:27:41.538461440,2014-10-20 00:00:00,0.01953940361461859,0.5769230769230769
2014-07-07,26,14,2014-11-18 18:27:41.538461440,2014-10-16 12:00:00,0.019467617786494893,0.5384615384615384
2014-07-08,26,14,2014-11-27 14:46:09.230769152,2014-10-17 00:00:00,0.019476341748109048,0.5384615384615384
2014-07-09,26,15,2014-11-21 15:41:32.307692288,2014-10-20 12:00:00,0.019457823399395155,0.5769230769230769
2014-07-10,26,14,2014-10-16 01:50:46.153846272,2014-10-03 12:00:00,0.01947869408554698,0.5384615384615384
2014-07-11,26,15,2014-11-10 00:00:00.000000000,2014-10-20 00:00:00,0.01950448063457316,0.5769230769230769
2014-07-14,26,15,2014-10-25 03:41:32.307692288,2014-10-20 12:00:00,0.019478079386659092,0.5769230769230769
2014-07-15,26,15,2014-10-31 09:13:50.769230848,2014-10-15 12:00:00,0.019475354892479084,0.5769230769230769
2014-07-16,26,15,2014-11-04 23:04:36.923076864,2014-10-23 00:00:00,0.0194327074019146,0.5769230769230769
2014-07-17,26,17,2014-11-10 00:00:00.000000000,2014-10-24 12:00:00,0.019425931505925982,0.6538461538461539
2014-07-18,26,18,2014-12-01 12:00:00.000000000,2014-11-07 12:00:00,0.01942283966072196,0.6923076923076923
2014-07-21,26,18,2014-11-27 12:00:00.000000000,2014-11-06 00:00:00,0.019443501670568845,0.6923076923076923
2014-07-22,26,18,2014-11-30 23:04:36.923076864,2014-11-05 00:00:00,0.019425937517111413,0.6923076923076923
2014-07-23,26,19,2014-12-02 01:50:46.153846272,2014-11-06 12:00:00,0.019397903316811165,0.7307692307692307
2014-07-24,26,19,2014-12-03 17:32:18.461538560,2014-11-06 00:00:00,0.019363248581806377,0.7307692307692307
2014-07-25,26,18,2014-12-03 15:41:32.307692288,2014-11-09 00:00:00,0.019323966851281963,0.6923076923076923
2014-07-28,26,18,2014-12-10 17:32:18.461538560,2014-11-09 12:00:00,0.019306053295512195,0.6923076923076923
2014-07-29,26,17,2014-12-11 20:18:27.692307712,2014-11-14 00:00:00,0.01924800484938799,0.6538461538461539
2014-07-30,26,16,2014-12-21 00:55:23.076923136,2014-11-28 00:00:00,0.019198075022247914,0.6153846153846154
2014-07-31,26,16,2014-12-14 16:36:55.384615424,2014-11-26 00:00:00,0.01921743277088582,0.6153846153846154
2014-08-04,26,15,2015-01-15 17:32:18.461538560,2014-12-02 12:00:00,0.019328883953681358,0.5769230769230769
2014-08-05,26,13,2015-01-30 22:09:13.846153728,2014-12-11 12:00:00,0.0193748073567927,0.5
2014-08-06,26,13,2015-04-02 18:27:41.538461440,2015-03-02 00:00:00,0.019482611851570054,0.5
2014-08-07,26,12,2015-03-29 03:41:32.307692288,2015-02-27 12:00:00,0.019611254514169455,0.46153846153846156
2014-08-08,26,11,2015-05-12 01:50:46.153846272,2015-03-08 12:00:00,0.019767796586081705,0.4230769230769231
2014-08-11,26,11,2015-05-18 11:04:36.923076864,2015-03-10 00:00:00,0.01980636224864823,0.4230769230769231
2014-08-12,26,11,2015-05-29 13:50:46.153846272,2015-03-16 12:00:00,0.019872399465080737,0.4230769230769231
2014-08-13,26,11,2015-06-02 13:50:46.153846272,2015-03-17 12:00:00,0.019897080028757237,0.4230769230769231
2014-08-14,26,9,2015-06-03 20:18:27.692307712,2015-03-20 00:00:00,0.019909149644631603,0.34615384615384615
2014-08-15,26,12,2015-07-20 01:50:46.153846272,2015-08-21 12:00:00,0.019981947191061607,0.46153846153846156
2014-08-18,26,12,2015-07-07 15:41:32.307692288,2015-04-29 12:00:00,0.019982646593276303,0.46153846153846156
2014-08-19,26,12,2015-07-05 09:13:50.769230848,2015-03-23 00:00:00,0.019982294704047172,0.46153846153846156
2014-08-20,26,12,2015-07-19 21:13:50.769230848,2015-07-20 12:00:00,0.020012636184994943,0.46153846153846156
2014-08-21,26,12,2015-07-26 00:55:23.076923136,2015-11-23 12:00:00,0.020025266675968177,0.46153846153846156
2014-08-22,26,12,2015-07-27 02:46:09.230769152,2015-12-13 00:00:00,0.02002393112094534,0.46153846153846156
2014-08-25,26,12,2015-07-28 21:13:50.769230848,2015-12-10 00:00:00,0.0200309399823955,0.46153846153846156
2014-08-26,26,12,2015-07-21 18:27:41.538461440,2015-09-07 12:00:00,0.020047006258389385,0.46153846153846156
2014-08-27,26,12,2015-07-20 00:00:00.000000000,2015-07-24 12:00:00,0.02005394032122111,0.46153846153846156
2014-08-28,26,12,2015-07-17 05:32:18.461538560,2015-07-04 00:00:00,0.0200474160114707,0.46153846153846156
2014-08-29,26,12,2015-07-12 09:13:50.769230848,2015-06-11 12:00:00,0.020046350472833707,0.46153846153846156
2014-09-01,26,12,2015-07-20 01:50:46.153846272,2015-07-05 00:00:00,0.020042251259302833,0.46153846153846156
2014-09-02,26,12,2015-08-04 19:23:04.615384576,2015-12-18 12:00:00,0.020061290038624145,0.46153846153846156
2014-09-03,26,12,2015-07-28 19:23:04.615384576,2015-10-02 12:00:00,0.0200205593183595,0.46153846153846156
2014-09-04,26,12,2015-07-25 10:09:13.846153728,2015-08-30 00:00:00,0.019985717270717313,0.46153846153846156
2014-09-05,26,11,2015-07-11 23:04:36.923076864,2015-04-02 12:00:00,0.019893288475179245,0.4230769230769231
2014-09-08,26,11,2015-07-10 04:36:55.384615424,2015-03-31 12:00:00,0.019815424853149157,0.4230769230769231
2014-09-09,26,11,2015-07-25 22:09:13.846153728,2015-08-08 12:00:00,0.01979315057380138,0.4230769230769231
2014-09-10,26,11,2015-06-26 09:13:50.769230848,2015-04-03 00:00:00,0.019693204604259065,0.4230769230769231
2014-09-11,26,12,2015-06-30 09:13:50.769230848,2015-04-01 00:00:00,0.01963738343194406,0.46153846153846156
2014-09-12,26,13,2015-07-18 00:55:23.076923136,2015-04-30 00:00:00,0.019619687649073715,0.5
2014-09-15,26,16,2015-07-17 06:27:41.538461440,2015-04-07 12:00:00,0.019550546567545228,0.6153846153846154
2014-09-16,26,17,2015-06-30 14:46:09.230769152,2015-04-06 12:00:00,0.019447489842741476,0.6538461538461539
2014-09-17,26,17,2015-07-16 23:04:36.923076864,2015-04-04 12:00:00,0.01944270787620359,0.6538461538461539
2014-09-18,26,17,2015-07-02 20:18:27.692307712,2015-04-04 00:00:00,0.019355639990167667,0.6538461538461539
2014-09-19,26,17,2015-07-18 10:09:13.846153728,2015-04-06 00:00:00,0.019358098659821042,0.6538461538461539
2014-09-22,26,17,2015-07-18 02:46:09.230769152,2015-04-09 12:00:00,0.019340719764095807,0.6538461538461539
2014-09-23,26,17,2015-07-25 00:55:23.076923136,2015-06-08 00:00:00,0.019307330883844714,0.6538461538461539
2014-09-24,26,17,2015-07-28 14:46:09.230769152,2015-07-25 00:00:00,0.019275956148643837,0.6538461538461539
2014-09-25,26,17,2015-07-30 05:32:18.461538560,2015-07-16 00:00:00,0.019263261942719455,0.6538461538461539
2014-09-26,26,18,2015-08-20 06:27:41.538461440,2015-11-25 00:00:00,0.01926364060798561,0.6923076923076923
2014-09-29,26,18,2015-08-24 10:09:13.846153728,2015-12-11 12:00:00,0.0192567063330061,0.6923076923076923
2014-09-30,26,18,2015-08-25 08:18:27.692307712,2015-11-28 12:00:00,0.01924804294453866,0.6923076923076923
2014-10-01,26,18,2015-08-27 00:55:23.076923136,2015-12-23 12:00:00,0.019247752057772183,0.6923076923076923
2014-10-02,26,18,2015-08-30 07:23:04.615384576,2015-12-17 12:00:00,0.019336196882429626,0.6923076923076923
2014-10-03,26,18,2015-08-13 12:55:23.076923136,2015-08-17 00:00:00,0.019373948286179103,0.6923076923076923
2014-10-06,26,17,2015-08-15 21:13:50.769230848,2015-08-24 12:00:00,0.019395026378701337,0.6538461538461539
2014-10-07,26,12,2015-09-14 19:23:04.615384576,2016-02-03 00:00:00,0.019441400793180078,0.46153846153846156
2014-10-08,26,11,2015-09-24 00:00:00.000000000,2016-02-12 00:00:00,0.01953371195764433,0.4230769230769231
2014-10-09,26,11,2015-09-24 15:41:32.307692288,2016-02-12 00:00:00,0.01958709346970396,0.4230769230769231
2014-10-10,26,10,2015-10-14 14:46:09.230769152,2016-02-16 12:00:00,0.019767294499295835,0.38461538461538464
2014-10-13,26,8,2015-10-23 05:32:18.461538560,2016-02-21 12:00:00,0.019913135488521423,0.3076923076923077
2014-10-14,26,8,2015-10-24 03:41:32.307692288,2016-02-22 12:00:00,0.02004799680233587,0.3076923076923077
2014-10-15,26,8,2015-10-26 23:04:36.923076864,2016-02-26 12:00:00,0.020498749454224606,0.3076923076923077
2014-10-16,26,7,2015-11-05 16:36:55.384615424,2016-02-28 00:00:00,0.020952930348182516,0.2692307692307692
2014-10-17,26,10,2015-12-22 23:04:36.923076864,2016-02-29 00:00:00,0.020999653634686755,0.38461538461538464
2014-10-20,26,9,2015-12-26 03:41:32.307692288,2016-03-03 00:00:00,0.021121807183249238,0.34615384615384615
2014-10-21,26,9,2015-12-26 15:41:32.307692288,2016-03-04 00:00:00,0.02111172279778189,0.34615384615384615
2014-10-22,26,9,2015-12-28 12:55:23.076923136,2016-03-05 00:00:00,0.02108646113051521,0.34615384615384615
2014-10-23,26,9,2015-12-29 14:46:09.230769152,2016-03-06 00:00:00,0.021050967101750036,0.34615384615384615
2014-10-24,26,8,2015-12-30 19:23:04.615384576,2016-03-07 00:00:00,0.021029601113277698,0.3076923076923077
2014-10-27,26,8,2016-01-03 15:41:32.307692288,2016-03-10 00:00:00,0.02104238835591499,0.3076923076923077
2014-10-28,26,8,2016-01-04 14:46:09.230769152,2016-03-11 00:00:00,0.021021616987855596,0.3076923076923077
2014-10-29,26,8,2016-01-06 01:50:46.153846272,2016-03-12 00:00:00,0.020994836591803796,0.3076923076923077
2014-10-30,26,8,2016-01-06 18:27:41.538461440,2016-03-13 00:00:00,0.02097311407626984,0.3076923076923077
2014-10-31,26,8,2016-01-07 09:13:50.769230848,2016-03-14 00:00:00,0.020969502563445788,0.3076923076923077
2014-11-03,26,8,2016-01-10 00:55:23.076923136,2016-03-17 00:00:00,0.020957433349618207,0.3076923076923077
2014-11-04,26,8,2016-01-11 02:46:09.230769152,2016-03-18 00:00:00,0.02095960680542486,0.3076923076923077
2014-11-05,26,8,2016-01-10 09:13:50.769230848,2016-03-19 00:00:00,0.020955801532674487,0.3076923076923077
2014-11-06,26,8,2016-01-10 11:04:36.923076864,2016-03-20 00:00:00,0.020953129451351325,0.3076923076923077
2014-11-07,26,8,2016-01-06 06:27:41.538461440,2016-03-21 00:00:00,0.020947886575764494,0.3076923076923077
2014-11-10,26,8,2016-01-06 07:23:04.615384576,2016-03-24 00:00:00,0.020941298419185683,0.3076923076923077
2014-11-11,26,8,2015-12-24 14:46:09.230769152,2016-03-25 00:00:00,0.020936880339959787,0.3076923076923077
2014-11-12,26,7,2015-12-22 16:36:55.384615424,2016-03-25 12:00:00,0.02089857678090232,0.2692307692307692
2014-11-13,26,7,2015-12-20 21:13:50.769230848,2016-03-26 12:00:00,0.02084997631873601,0.2692307692307692
2014-11-14,26,7,2015-12-17 18:27:41.538461440,2016-03-27 12:00:00,0.020802477313153385,0.2692307692307692
2014-11-17,26,7,2015-12-11 00:00:00.000000000,2016-03-30 00:00:00,0.020742143986232774,0.2692307692307692
2014-11-18,26,7,2015-12-05 22:09:13.846153728,2016-03-31 00:00:00,0.020693781081433903,0.2692307692307692
2014-11-19,26,7,2015-12-06 02:46:09.230769152,2016-03-31 00:00:00,0.020652729368372084,0.2692307692307692
2014-11-20,26,7,2015-12-03 15:41:32.307692288,2016-03-29 00:00:00,0.020598522550650835,0.2692307692307692
2014-11-21,26,7,2015-12-05 16:36:55.384615424,2016-04-03 12:00:00,0.02061915734947501,0.2692307692307692
2014-11-24,26,7,2015-11-26 12:55:23.076923136,2016-03-24 00:00:00,0.02063921973639661,0.2692307692307692
2014-11-25,26,7,2015-11-18 06:27:41.538461440,2016-03-12 00:00:00,0.02065946301833895,0.2692307692307692
2014-11-26,26,7,2015-11-16 00:55:23.076923136,2016-02-20 12:00:00,0.02068239884110434,0.2692307692307692
2014-11-27,26,7,2015-11-13 16:36:55.384615424,2016-01-30 12:00:00,0.02071704439365736,0.2692307692307692
2014-11-28,26,7,2015-11-07 08:18:27.692307712,2016-01-03 00:00:00,0.02074593641393182,0.2692307692307692
2014-12-01,26,7,2015-11-04 22:09:13.846153728,2015-12-17 12:00:00,0.020776577060117964,0.2692307692307692
2014-12-02,26,7,2015-11-02 11:04:36.923076864,2015-12-18 12:00:00,0.02081381256133874,0.2692307692307692
2014-12-03,26,7,2015-10-31 12:00:00.000000000,2015-11-21 12:00:00,0.020874525225800817,0.2692307692307692
2014-12-04,26,7,2015-10-27 07:23:04.615384576,2015-10-18 12:00:00,0.02088476818984375,0.2692307692307692
2014-12-05,26,7,2015-10-23 12:55:23.076923136,2015-10-10 00:00:00,0.02099293487710263,0.2692307692307692
2014-12-08,26,7,2015-10-26 15:41:32.307692288,2015-10-10 00:00:00,0.02107663077061512,0.2692307692307692
2014-12-09,26,7,2015-10-25 09:13:50.769230848,2015-10-06 12:00:00,0.021031894585690367,0.2692307692307692
2014-12-10,26,7,2015-10-23 17:32:18.461538560,2015-10-06 12:00:00,0.021070977030989622,0.2692307692307692
2014-12-11,26,7,2015-10-22 00:55:23.076923136,2015-10-07 12:00:00,0.021038554439926433,0.2692307692307692
2014-12-12,26,7,2015-10-30 06:27:41.538461440,2015-10-15 12:00:00,0.021093281273110696,0.2692307692307692
2014-12-15,26,7,2015-10-30 16:36:55.384615424,2015-10-28 12:00:00,0.021222882787978972,0.2692307692307692
2014-12-16,26,6,2015-11-03 01:50:46.153846272,2015-11-10 00:00:00,0.021257860040618012,0.23076923076923078
2014-12-17,26,6,2015-11-08 21:13:50.769230848,2015-11-25 00:00:00,0.021257329818207597,0.23076923076923078
2014-12-18,26,6,2015-11-12 04:36:55.384615424,2015-12-02 12:00:00,0.021223477430701156,0.23076923076923078
2014-12-19,26,6,2015-11-08 00:55:23.076923136,2015-12-01 00:00:00,0.021207653264897035,0.23076923076923078
2014-12-22,26,6,2015-11-05 18:27:41.538461440,2015-12-06 12:00:00,0.02115497950765772,0.23076923076923078
2014-12-23,26,6,2015-11-02 09:13:50.769230848,2015-11-18 12:00:00,0.021114367341856434,0.23076923076923078
2014-12-30,26,6,2015-11-13 04:36:55.384615424,2015-12-05 12:00:00,0.02105211988880678,0.23076923076923078
2015-01-05,26,6,2015-11-17 06:27:41.538461440,2015-12-23 12:00:00,0.02102700206684755,0.23076923076923078
2015-01-06,26,6,2015-11-19 02:46:09.230769152,2016-01-27 00:00:00,0.021017221457639897,0.23076923076923078
2015-01-07,26,6,2015-12-07 11:04:36.923076864,2016-03-12 12:00:00,0.02098628512365295,0.23076923076923078
2015-01-08,26,6,2015-11-28 08:18:27.692307712,2016-03-07 00:00:00,0.02090458095786128,0.23076923076923078
2015-01-09,26,6,2015-11-26 00:00:00.000000000,2016-03-11 00:00:00,0.020864275781128056,0.23076923076923078
2015-01-12,26,6,2015-11-30 04:36:55.384615424,2016-03-12 00:00:00,0.020846200291575023,0.23076923076923078
2015-01-13,26,6,2015-11-26 17:32:18.461538560,2016-02-16 12:00:00,0.020837101140021262,0.23076923076923078
2015-01-14,26,6,2015-11-22 05:32:18.461538560,2016-02-10 00:00:00,0.020815818097441017,0.23076923076923078
2015-01-15,26,6,2015-11-18 04:36:55.384615424,2016-01-04 12:00:00,0.02081376234656349,0.23076923076923078
2015-01-16,26,6,2015-11-17 10:09:13.846153728,2015-12-29 12:00:00,0.0208318643896512,0.23076923076923078
2015-01-19,26,6,2015-11-21 12:00:00.000000000,2015-12-24 00:00:00,0.020899544838190266,0.23076923076923078
2015-01-20,26,5,2015-11-15 02:46:09.230769152,2015-11-25 12:00:00,0.02093829114320344,0.19230769230769232
2015-01-21,26,5,2015-11-17 06:27:41.538461440,2015-12-07 00:00:00,0.02100197279412861,0.19230769230769232
2015-01-22,26,5,2015-11-20 21:13:50.769230848,2015-11-26 00:00:00,0.021131167999313586,0.19230769230769232
2015-01-23,26,6,2015-11-18 12:55:23.076923136,2015-11-08 12:00:00,0.02141251133757854,0.23076923076923078
2015-01-26,26,6,2015-12-30 11:04:36.923076864,2015-12-31 00:00:00,0.021874831024118545,0.23076923076923078
2015-01-27,26,6,2016-01-08 11:04:36.923076864,2015-12-19 12:00:00,0.022016779041447925,0.23076923076923078
2015-01-28,26,6,2016-01-04 23:04:36.923076864,2015-12-27 00:00:00,0.022064557933745895,0.23076923076923078
2015-01-29,26,6,2016-01-01 17:32:18.461538560,2016-01-13 12:00:00,0.022091601850266113,0.23076923076923078
2015-01-30,26,6,2016-01-01 00:00:00.000000000,2016-01-05 00:00:00,0.022094781569637567,0.23076923076923078
2015-02-02,26,6,2015-12-28 18:27:41.538461440,2015-12-27 12:00:00,0.02207564919838984,0.23076923076923078
2015-02-03,26,5,2015-12-27 10:09:13.846153728,2015-12-19 00:00:00,0.02208456846188844,0.19230769230769232
2015-02-04,26,5,2015-12-28 04:36:55.384615424,2015-12-08 12:00:00,0.02210552668091846,0.19230769230769232
2015-02-05,26,5,2015-12-24 03:41:32.307692288,2015-11-24 00:00:00,0.02208029677324813,0.19230769230769232
2015-02-06,26,5,2015-12-25 03:41:32.307692288,2015-11-17 12:00:00,0.022167990106335248,0.19230769230769232
2015-02-09,26,5,2015-12-20 11:04:36.923076864,2015-11-11 12:00:00,0.022122829110437718,0.19230769230769232
2015-02-10,26,5,2015-12-21 05:32:18.461538560,2015-11-11 00:00:00,0.0221384885892339,0.19230769230769232
2015-02-11,26,5,2015-12-18 07:23:04.615384576,2015-11-08 00:00:00,0.022135698816688296,0.19230769230769232
2015-02-12,26,5,2015-12-19 18:27:41.538461440,2015-11-11 00:00:00,0.022144293994338357,0.19230769230769232
2015-02-13,26,5,2015-12-16 11:04:36.923076864,2015-11-10 00:00:00,0.02215863131985252,0.19230769230769232
2015-02-16,26,5,2016-01-05 10:09:13.846153728,2015-11-29 12:00:00,0.022328475181755732,0.19230769230769232
2015-02-17,26,5,2016-01-06 22:09:13.846153728,2015-11-29 12:00:00,0.02232366415533502,0.19230769230769232
2015-02-18,26,5,2016-01-11 00:00:00.000000000,2015-11-28 12:00:00,0.022327981260798508,0.19230769230769232
2015-02-19,26,5,2016-01-10 02:46:09.230769152,2015-11-28 12:00:00,0.02233083882740127,0.19230769230769232
2015-02-20,26,5,2016-01-09 18:27:41.538461440,2015-11-26 00:00:00,0.022328600807859048,0.19230769230769232
2015-02-23,26,5,2016-01-11 05:32:18.461538560,2015-11-24 12:00:00,0.022333399714124732,0.19230769230769232
2015-02-24,26,4,2016-01-11 14:46:09.230769152,2015-11-26 12:00:00,0.02235147865626214,0.15384615384615385
2015-02-25,26,4,2016-01-14 12:55:23.076923136,2015-12-05 00:00:00,0.022359084072207026,0.15384615384615385
2015-02-26,26,4,2016-01-10 12:55:23.076923136,2015-11-22 00:00:00,0.02238732512150393,0.15384615384615385
2015-02-27,26,4,2016-01-11 22:09:13.846153728,2015-12-01 12:00:00,0.022418505383855612,0.15384615384615385
2015-03-02,26,4,2016-01-11 15:41:32.307692288,2015-11-30 12:00:00,0.022425966392816257,0.15384615384615385
2015-03-03,26,4,2016-01-12 09:13:50.769230848,2015-11-30 12:00:00,0.02241875915280784,0.15384615384615385
2015-03-04,26,4,2016-01-12 03:41:32.307692288,2015-11-22 00:00:00,0.022411159118911696,0.15384615384615385
2015-03-05,26,4,2016-01-09 10:09:13.846153728,2015-11-28 00:00:00,0.022414080770016862,0.15384615384615385
2015-03-06,26,4,2016-01-10 04:36:55.384615424,2015-12-02 12:00:00,0.02241913284223694,0.15384615384615385
2015-03-09,26,4,2016-01-01 10:09:13.846153728,2015-11-16 00:00:00,0.022409499698010607,0.15384615384615385
2015-03-10,26,4,2015-12-24 15:41:32.307692288,2015-11-14 00:00:00,0.022396003406206618,0.15384615384615385
2015-03-11,26,4,2015-12-24 11:04:36.923076864,2015-11-13 00:00:00,0.022386639398434247,0.15384615384615385
2015-03-12,26,4,2015-12-22 01:50:46.153846272,2015-11-09 00:00:00,0.02238085696015182,0.15384615384615385
2015-03-13,26,4,2015-12-18 11:04:36.923076864,2015-11-12 12:00:00,0.022375981718150625,0.15384615384615385
2015-03-16,26,4,2015-12-14 10:09:13.846153728,2015-11-14 00:00:00,0.022374342201914692,0.15384615384615385
2015-03-17,26,3,2015-12-09 17:32:18.461538560,2015-11-09 00:00:00,0.022361029479876223,0.11538461538461539
2015-03-18,26,3,2015-12-10 10:09:13.846153728,2015-11-11 00:00:00,0.022334259732495008,0.11538461538461539
2015-03-19,26,3,2015-12-09 02:46:09.230769152,2015-11-10 00:00:00,0.022319899570765505,0.11538461538461539
2015-03-20,26,3,2015-12-09 22:09:13.846153728,2015-11-13 12:00:00,0.02232474655631838,0.11538461538461539
2015-03-23,26,3,2015-11-29 21:13:50.769230848,2015-11-13 00:00:00,0.02231449294827774,0.11538461538461539
2015-03-24,26,3,2015-11-30 13:50:46.153846272,2015-11-14 00:00:00,0.02229896895611954,0.11538461538461539
2015-03-25,26,4,2015-11-11 20:18:27.692307712,2015-11-04 12:00:00,0.022269133546679025,0.15384615384615385
2015-03-26,26,4,2015-11-06 22:09:13.846153728,2015-11-01 00:00:00,0.022235699847728517,0.15384615384615385
2015-03-27,26,4,2015-11-04 09:13:50.769230848,2015-10-25 00:00:00,0.022197025872160374,0.15384615384615385
2015-03-30,26,4,2015-11-03 10:09:13.846153728,2015-10-20 00:00:00,0.022147906963031372,0.15384615384615385
2015-03-31,26,4,2015-11-02 08:18:27.692307712,2015-10-16 00:00:00,0.02210914242579794,0.15384615384615385
2015-04-01,26,4,2015-11-03 02:46:09.230769152,2015-10-15 12:00:00,0.022063310531290705,0.15384615384615385
2015-04-02,26,4,2015-11-02 16:36:55.384615424,2015-10-23 12:00:00,0.022014351697032822,0.15384615384615385
2015-04-07,26,4,2015-11-03 07:23:04.615384576,2015-10-22 12:00:00,0.02195941987121107,0.15384615384615385
2015-04-08,26,4,2015-11-05 07:23:04.615384576,2015-10-21 00:00:00,0.02190240608091384,0.15384615384615385
2015-04-09,26,4,2015-11-07 08:18:27.692307712,2015-10-23 00:00:00,0.02187951354519884,0.15384615384615385
2015-04-10,26,4,2015-11-10 18:27:41.538461440,2015-10-24 12:00:00,0.021862605732660547,0.15384615384615385
2015-04-13,26,3,2015-11-17 17:32:18.461538560,2015-11-04 00:00:00,0.021839113532027336,0.11538461538461539
2015-04-14,26,3,2015-11-25 17:32:18.461538560,2015-11-04 12:00:00,0.021813130715983762,0.11538461538461539
2015-04-15,26,2,2015-11-30 16:36:55.384615424,2015-11-04 12:00:00,0.02179457613941854,0.07692307692307693
2015-04-16,26,2,2015-11-29 05:32:18.461538560,2015-11-06 00:00:00,0.02176023506505677,0.07692307692307693
2015-04-17,26,2,2015-11-26 07:23:04.615384576,2015-11-05 12:00:00,0.02173740756471408,0.07692307692307693
2015-04-20,26,2,2015-11-28 17:32:18.461538560,2015-11-06 12:00:00,0.021714889923690663,0.07692307692307693
2015-04-21,26,2,2015-11-28 10:09:13.846153728,2015-11-07 00:00:00,0.0216909365508004,0.07692307692307693
2015-04-22,26,2,2015-11-26 06:27:41.538461440,2015-11-07 12:00:00,0.021662223831620978,0.07692307692307693
2015-04-23,26,2,2015-11-24 14:46:09.230769152,2015-11-06 12:00:00,0.02162893612338277,0.07692307692307693
2015-04-24,26,2,2015-11-30 12:55:23.076923136,2015-11-06 12:00:00,0.021592318506466143,0.07692307692307693
2015-04-27,26,2,2015-12-01 23:04:36.923076864,2015-11-06 12:00:00,0.02156741575024557,0.07692307692307693
2015-04-28,26,3,2015-11-25 02:46:09.230769152,2015-11-06 00:00:00,0.02155059148296053,0.11538461538461539
2015-04-29,26,3,2015-11-14 11:04:36.923076864,2015-10-26 00:00:00,0.021581063249813178,0.11538461538461539
2015-04-30,26,3,2015-11-08 23:04:36.923076864,2015-10-24 12:00:00,0.02160494496445013,0.11538461538461539
2015-05-04,26,3,2015-11-05 23:04:36.923076864,2015-10-24 00:00:00,0.02160506847611787,0.11538461538461539
2015-05-05,26,3,2015-11-06 10:09:13.846153728,2015-10-22 12:00:00,0.021638831845343407,0.11538461538461539
2015-05-06,26,2,2015-11-05 05:32:18.461538560,2015-10-21 12:00:00,0.021682038541028997,0.07692307692307693
2015-05-07,26,2,2015-11-05 06:27:41.538461440,2015-10-20 00:00:00,0.021699229197043,0.07692307692307693
2015-05-08,26,2,2015-11-06 02:46:09.230769152,2015-10-19 00:00:00,0.02166093172320814,0.07692307692307693
2015-05-11,26,2,2015-11-06 11:04:36.923076864,2015-10-22 00:00:00,0.021628720649440027,0.07692307692307693
2015-05-12,26,2,2015-11-05 10:09:13.846153728,2015-10-21 12:00:00,0.021601016187734003,0.07692307692307693
2015-05-13,26,2,2015-11-06 04:36:55.384615424,2015-10-22 00:00:00,0.021565080160729017,0.07692307692307693
2015-05-15,26,2,2015-11-07 06:27:41.538461440,2015-10-23 12:00:00,0.02153296538874461,0.07692307692307693
2015-05-18,26,2,2015-11-07 05:32:18.461538560,2015-10-24 00:00:00,0.02150361892877996,0.07692307692307693
2015-05-19,26,2,2015-11-08 19:23:04.615384576,2015-10-24 12:00:00,0.021490148875106738,0.07692307692307693
2015-05-20,26,2,2015-11-07 11:04:36.923076864,2015-10-25 12:00:00,0.021487873809277507,0.07692307692307693
2015-05-21,26,2,2015-11-07 00:00:00.000000000,2015-10-27 00:00:00,0.021497701544620298,0.07692307692307693
2015-05-22,26,1,2015-11-05 09:13:50.769230848,2015-10-28 00:00:00,0.021491634271982175,0.038461538461538464
2015-05-26,26,1,2015-11-01 15:41:32.307692288,2015-10-26 12:00:00,0.021462974976814004,0.038461538461538464
2015-05-27,26,1,2015-10-31 12:00:00.000000000,2015-10-24 12:00:00,0.021449860152921114,0.038461538461538464
2015-05-28,26,1,2015-10-31 00:55:23.076923136,2015-10-24 12:00:00,0.021427303665068502,0.038461538461538464
2015-05-29,26,1,2015-10-30 16:36:55.384615424,2015-10-28 00:00:00,0.021399667305379413,0.038461538461538464
2015-06-01,26,1,2015-10-31 10:09:13.846153728,2015-10-29 12:00:00,0.021349490354570396,0.038461538461538464
2015-06-02,26,1,2015-11-01 02:46:09.230769152,2015-10-29 12:00:00,0.021303665111531676,0.038461538461538464
2015-06-03,26,1,2015-11-02 18:27:41.538461440,2015-10-28 12:00:00,0.02126617254014674,0.038461538461538464
2015-06-04,26,1,2015-11-04 20:18:27.692307712,2015-10-29 12:00:00,0.021244045735632575,0.038461538461538464
2015-06-05,26,1,2015-11-09 09:13:50.769230848,2015-10-29 12:00:00,0.021260837064734327,0.038461538461538464
2015-06-08,26,1,2015-11-17 18:27:41.538461440,2015-10-28 12:00:00,0.021312426773879307,0.038461538461538464
2015-06-09,26,1,2015-11-22 18:27:41.538461440,2015-10-29 00:00:00,0.021355724217062184,0.038461538461538464
2015-06-10,26,1,2015-11-25 12:00:00.000000000,2015-10-29 12:00:00,0.021322528986540443,0.038461538461538464
2015-06-11,26,1,2015-11-25 06:27:41.538461440,2015-10-29 12:00:00,0.02127484316019154,0.038461538461538464
2015-06-12,26,1,2015-11-23 12:00:00.000000000,2015-10-29 12:00:00,0.021238036457577956,0.038461538461538464
2015-06-15,26,1,2015-11-30 11:04:36.923076864,2015-10-29 12:00:00,0.021248006603343108,0.038461538461538464
2015-06-16,26,0,2015-11-30 09:13:50.769230848,2015-11-01 00:00:00,0.021241809956673963,0.0
2015-06-17,26,0,2015-12-01 05:32:18.461538560,2015-11-02 00:00:00,0.021230602604977958,0.0
2015-06-18,26,0,2015-12-05 00:55:23.076923136,2015-11-06 12:00:00,0.021212651879511307,0.0
2015-06-19,26,0,2015-12-07 12:55:23.076923136,2015-11-06 00:00:00,0.021189370884151612,0.0
2015-06-22,26,0,2015-12-03 09:13:50.769230848,2015-11-03 00:00:00,0.02115071363092399,0.0
2015-06-23,26,0,2015-12-04 02:46:09.230769152,2015-11-01 12:00:00,0.021124800041826593,0.0
2015-06-24,26,0,2015-12-03 09:13:50.769230848,2015-11-03 00:00:00,0.021093003164424896,0.0
2015-06-25,26,0,2015-12-03 14:46:09.230769152,2015-10-30 12:00:00,0.0210581964401894,0.0
2015-06-26,26,0,2015-12-02 19:23:04.615384576,2015-10-30 00:00:00,0.02103201843717772,0.0
2015-06-29,26,0,2015-12-07 15:41:32.307692288,2015-11-01 00:00:00,0.021050860949180808,0.0
2015-06-30,26,0,2015-12-12 23:04:36.923076864,2015-11-06 00:00:00,0.021115295910783975,0.0
2015-07-01,26,0,2015-12-16 21:13:50.769230848,2015-11-07 12:00:00,0.021102629081760613,0.0
2015-07-02,26,0,2015-12-23 17:32:18.461538560,2015-11-12 12:00:00,0.021098850718606718,0.0
2015-07-03,26,0,2015-12-21 05:32:18.461538560,2015-11-10 12:00:00,0.021094424029040104,0.0
2015-07-06,26,0,2016-01-03 06:27:41.538461440,2015-11-18 12:00:00,0.02115277104913552,0.0
2015-07-07,26,0,2016-01-09 07:23:04.615384576,2015-11-24 12:00:00,0.02130460460983835,0.0
2015-07-08,26,0,2016-01-13 08:18:27.692307712,2015-11-27 00:00:00,0.021430324274384696,0.0
2015-07-09,26,0,2016-01-20 19:23:04.615384576,2015-11-28 12:00:00,0.021435515098321565,0.0
2015-07-10,26,0,2016-01-20 13:50:46.153846272,2015-11-29 00:00:00,0.02141909144433454,0.0
2015-07-13,26,0,2016-01-16 20:18:27.692307712,2015-12-01 00:00:00,0.021416299248248987,0.0
2015-07-14,26,0,2016-01-08 00:55:23.076923136,2015-11-28 00:00:00,0.02140212718965321,0.0
2015-07-15,26,0,2016-01-10 17:32:18.461538560,2015-12-01 00:00:00,0.021385024071220164,0.0
2015-07-16,26,0,2015-12-28 04:36:55.384615424,2015-11-21 12:00:00,0.021369289946088627,0.0
2015-07-17,26,0,2015-12-24 09:13:50.769230848,2015-11-21 00:00:00,0.021355285356386804,0.0
2015-07-20,26,0,2015-12-21 18:27:41.538461440,2015-11-21 12:00:00,0.02132281286464901,0.0
2015-07-21,26,0,2015-12-19 01:50:46.153846272,2015-11-21 12:00:00,0.021286355205342205,0.0
2015-07-22,26,0,2015-12-18 23:04:36.923076864,2015-11-21 12:00:00,0.021241732421533245,0.0
2015-07-23,26,0,2015-12-23 18:27:41.538461440,2015-11-24 00:00:00,0.021213318079028966,0.0
2015-07-24,26,0,2015-12-26 04:36:55.384615424,2015-11-27 00:00:00,0.021216480711287573,0.0
2015-07-27,26,0,2016-01-06 16:36:55.384615424,2015-12-06 00:00:00,0.021362334073161623,0.0
2015-07-28,26,0,2016-01-26 22:09:13.846153728,2015-12-14 00:00:00,0.021421430459583515,0.0
2015-07-29,26,0,2016-01-28 07:23:04.615384576,2015-12-14 12:00:00,0.02143802483384535,0.0
2015-07-30,26,0,2016-02-07 23:04:36.923076864,2015-12-30 12:00:00,0.021435127407035955,0.0
2015-07-31,26,0,2016-02-10 12:55:23.076923136,2016-01-02 00:00:00,0.021441488424604097,0.0
2015-08-03,26,0,2016-02-15 14:46:09.230769152,2016-01-04 12:00:00,0.021434961123794102,0.0
2015-08-04,26,0,2016-02-21 16:36:55.384615424,2016-01-11 00:00:00,0.021426746986294,0.0
2015-08-05,26,0,2016-02-22 19:23:04.615384576,2016-01-13 12:00:00,0.021393127954111493,0.0
2015-08-06,26,0,2016-02-28 22:09:13.846153728,2016-01-16 00:00:00,0.02137200896531133,0.0
2015-08-07,26,0,2016-02-27 00:00:00.000000000,2016-01-21 12:00:00,0.021369279186732718,0.0
2015-08-10,26,0,2016-03-10 01:50:46.153846272,2016-01-26 12:00:00,0.021356002834388814,0.0
2015-08-11,26,0,2016-03-20 11:04:36.923076864,2016-02-02 00:00:00,0.02140674219089384,0.0
2015-08-12,26,0,2016-03-25 23:04:36.923076864,2016-01-28 00:00:00,0.021623607892241933,0.0
2015-08-13,26,0,2016-04-02 03:41:32.307692288,2016-02-04 12:00:00,0.021733841818392243,0.0
2015-08-14,26,0,2016-04-11 15:41:32.307692288,2016-02-13 00:00:00,0.02185166172651777,0.0
2015-08-17,26,0,2016-04-18 14:46:09.230769152,2016-02-22 00:00:00,0.021962721200472178,0.0
2015-08-18,26,0,2016-04-26 16:36:55.384615424,2016-03-03 00:00:00,0.022039283742354254,0.0
2015-08-19,26,0,2016-05-05 16:36:55.384615424,2016-03-13 12:00:00,0.02220961700358444,0.0
2015-08-20,26,0,2016-05-17 07:23:04.615384576,2016-03-30 00:00:00,0.022519724631324293,0.0
2015-08-21,26,0,2016-06-03 09:13:50.769230848,2016-04-19 00:00:00,0.02313335622878854,0.0
2015-08-24,26,0,2016-06-15 00:00:00.000000000,2016-05-12 00:00:00,0.024426366615019738,0.0
2015-08-25,26,0,2016-07-04 18:27:41.538461440,2016-06-04 12:00:00,0.024965363038478836,0.0
2015-08-26,26,0,2016-07-26 04:36:55.384615424,2016-07-01 12:00:00,0.02560895461300315,0.0
2015-08-27,26,0,2016-08-09 01:50:46.153846272,2016-07-30 00:00:00,0.025834324632032668,0.0
2015-08-28,26,0,2016-08-19 13:50:46.153846272,2016-08-15 00:00:00,0.02602102739456787,0.0
2015-08-31,26,0,2016-09-01 09:13:50.769230848,2016-09-11 12:00:00,0.02621445801632167,0.0
2015-09-01,26,0,2016-09-15 08:18:27.692307712,2016-10-04 12:00:00,0.026604814725898488,0.0
2015-09-02,26,0,2016-09-27 22:09:13.846153728,2016-10-26 00:00:00,0.026928839670683522,0.0
2015-09-03,26,0,2016-10-04 03:41:32.307692288,2016-11-09 12:00:00,0.027071341575189145,0.0
2015-09-04,26,0,2016-10-16 04:36:55.384615424,2016-11-20 00:00:00,0.027364592766877117,0.0
2015-09-07,26,0,2016-11-09 05:32:18.461538560,2016-11-25 00:00:00,0.027633023305379714,0.0
2015-09-08,26,0,2016-11-21 08:18:27.692307712,2016-12-15 12:00:00,0.02777226417736721,0.0
2015-09-09,26,0,2016-10-28 18:27:41.538461440,2016-12-20 00:00:00,0.02780590267362967,0.0
2015-09-10,26,0,2016-11-03 08:18:27.692307712,2016-12-17 12:00:00,0.027913802707912674,0.0
2015-09-11,26,0,2016-11-10 21:13:50.769230848,2016-12-31 12:00:00,0.028062801364095138,0.0
2015-09-14,26,0,2016-12-02 00:00:00.000000000,2017-01-07 00:00:00,0.02826236395853616,0.0
2015-09-15,26,0,2016-12-07 12:00:00.000000000,2017-01-18 00:00:00,0.028373316148057423,0.0
2015-09-16,26,0,2016-12-01 16:36:55.384615424,2017-01-23 12:00:00,0.028408870344186824,0.0
2015-09-17,26,0,2016-12-02 23:04:36.923076864,2017-01-25 00:00:00,0.028444796745021424,0.0
2015-09-18,26,0,2016-11-19 23:04:36.923076864,2017-01-26 00:00:00,0.028521398957311754,0.0
2015-09-21,26,0,2016-11-24 09:13:50.769230848,2017-01-29 12:00:00,0.028586602728666168,0.0
2015-09-22,26,0,2016-11-24 12:55:23.076923136,2017-01-30 00:00:00,0.02877340746818291,0.0
2015-09-23,26,0,2016-12-06 21:13:50.769230848,2017-01-31 00:00:00,0.02894529254684889,0.0
2015-09-24,26,0,2016-12-09 10:09:13.846153728,2017-02-02 12:00:00,0.029202892410844877,0.0
2015-09-25,26,0,2016-12-12 08:18:27.692307712,2017-02-03 00:00:00,0.029293854845884856,0.0
2015-09-28,26,0,2016-12-17 00:55:23.076923136,2017-02-06 12:00:00,0.029486094917558377,0.0
2015-09-29,26,0,2016-12-19 02:46:09.230769152,2017-02-07 12:00:00,0.029721974207813376,0.0
2015-09-30,26,0,2016-12-13 12:00:00.000000000,2017-02-09 12:00:00,0.02980103043341072,0.0
2015-10-01,26,0,2016-12-15 12:55:23.076923136,2017-02-10 00:00:00,0.029887771377243324,0.0
2015-10-02,26,0,2016-12-16 03:41:32.307692288,2017-02-11 00:00:00,0.029976741045137558,0.0
2015-10-05,26,0,2016-12-21 02:46:09.230769152,2017-02-14 00:00:00,0.030068671797826886,0.0
2015-10-06,26,0,2016-12-05 12:55:23.076923136,2017-02-15 12:00:00,0.030100237368771123,0.0
2015-10-07,26,0,2016-12-07 09:13:50.769230848,2017-02-17 00:00:00,0.030222427475032527,0.0
2015-10-08,26,0,2016-12-06 06:27:41.538461440,2017-02-13 00:00:00,0.03024241528699006,0.0
2015-10-09,26,0,2016-12-07 12:55:23.076923136,2017-02-15 00:00:00,0.03030577625145198,0.0
2015-10-12,26,0,2016-12-11 04:36:55.384615424,2017-02-20 12:00:00,0.030374802251169807,0.0
2015-10-13,26,0,2016-12-04 07:23:04.615384576,2017-02-21 12:00:00,0.0304302943607785,0.0
2015-10-14,26,0,2016-12-14 12:00:00.000000000,2017-02-21 12:00:00,0.030479481982591292,0.0
2015-10-15,26,0,2016-12-05 03:41:32.307692288,2017-02-24 12:00:00,0.030459363406414693,0.0
2015-10-16,26,0,2016-12-06 03:41:32.307692288,2017-02-24 00:00:00,0.030471800942371008,0.0
2015-10-19,26,0,2016-12-08 03:41:32.307692288,2017-02-23 00:00:00,0.030483876889985544,0.0
2015-10-20,26,0,2016-12-07 03:41:32.307692288,2017-02-23 12:00:00,0.030488538529229028,0.0
2015-10-21,26,0,2016-11-30 18:27:41.538461440,2017-02-27 12:00:00,0.03048095489170036,0.0
2015-10-22,26,0,2016-12-01 00:55:23.076923136,2017-02-25 00:00:00,0.030495148107589163,0.0
2015-10-23,26,0,2016-11-26 11:04:36.923076864,2017-02-28 00:00:00,0.030561818331339276,0.0
2015-10-26,26,0,2016-11-18 02:46:09.230769152,2017-02-26 12:00:00,0.030598956695808817,0.0
2015-10-27,26,0,2016-11-17 12:55:23.076923136,2017-02-23 00:00:00,0.0305995944982954,0.0
2015-10-28,26,0,2016-11-14 21:13:50.769230848,2017-02-26 12:00:00,0.030611965716710002,0.0
2015-10-29,26,0,2016-11-11 00:55:23.076923136,2017-03-01 12:00:00,0.030612424562564453,0.0
2015-10-30,26,0,2016-11-11 08:18:27.692307712,2017-03-02 00:00:00,0.030604358776186426,0.0
2015-11-02,26,0,2016-11-12 22:09:13.846153728,2017-03-03 00:00:00,0.030601000025659318,0.0
2015-11-03,26,0,2016-11-09 08:18:27.692307712,2017-02-27 00:00:00,0.030617518712238535,0.0
2015-11-04,26,0,2016-10-23 14:46:09.230769152,2017-01-26 00:00:00,0.030591963107779067,0.0
2015-11-05,26,0,2016-10-15 03:41:32.307692288,2016-12-18 00:00:00,0.03056848464281612,0.0
2015-11-06,26,0,2016-10-14 21:13:50.769230848,2016-12-19 00:00:00,0.03055880292805868,0.0
2015-11-09,26,0,2016-10-19 06:27:41.538461440,2017-01-13 12:00:00,0.03056641297797872,0.0
2015-11-10,26,0,2016-10-10 22:09:13.846153728,2016-11-04 00:00:00,0.030559737575512218,0.0
2015-11-11,26,0,2016-10-11 00:00:00.000000000,2016-11-10 00:00:00,0.030567220989220288,0.0
2015-11-12,26,0,2016-10-14 09:13:50.769230848,2016-10-26 00:00:00,0.030583061272015235,0.0
2015-11-13,26,0,2016-10-17 13:50:46.153846272,2016-11-08 00:00:00,0.03060647753426652,0.0
2015-11-16,26,0,2016-10-22 02:46:09.230769152,2016-12-13 00:00:00,0.030611186653076803,0.0
2015-11-17,26,0,2016-10-20 08:18:27.692307712,2016-12-27 12:00:00,0.030566403267496486,0.0
2015-11-18,26,0,2016-10-27 00:55:23.076923136,2017-01-25 00:00:00,0.030525657781342887,0.0
2015-11-19,26,0,2016-11-01 08:18:27.692307712,2017-02-13 00:00:00,0.0304729142889083,0.0
2015-11-20,26,0,2016-11-02 16:36:55.384615424,2017-02-12 00:00:00,0.03041635799534827,0.0
2015-11-23,26,0,2016-11-05 23:04:36.923076864,2017-03-07 00:00:00,0.03037537312587687,0.0
2015-11-24,26,0,2016-11-14 23:04:36.923076864,2017-02-25 00:00:00,0.0303492636602771,0.0
2015-11-25,26,0,2016-11-12 03:41:32.307692288,2017-02-13 12:00:00,0.030296570617964376,0.0
2015-11-26,26,0,2016-11-19 02:46:09.230769152,2017-03-03 00:00:00,0.03023852174050183,0.0
2015-11-27,26,0,2016-11-12 22:09:13.846153728,2017-03-07 12:00:00,0.030189160398194307,0.0
2015-11-30,26,0,2016-11-11 00:00:00.000000000,2017-02-18 12:00:00,0.030158343092681096,0.0
2015-12-01,26,0,2016-11-13 00:55:23.076923136,2017-02-20 12:00:00,0.030139108806446453,0.0
2015-12-02,26,0,2016-11-17 06:27:41.538461440,2017-03-02 00:00:00,0.030120991997724816,0.0
2015-12-03,26,0,2016-11-15 12:55:23.076923136,2017-03-07 12:00:00,0.030185169010821602,0.0
2015-12-04,26,0,2016-11-15 15:41:32.307692288,2017-03-14 00:00:00,0.030265315670376356,0.0
2015-12-07,26,0,2016-11-15 22:09:13.846153728,2017-03-14 00:00:00,0.03034068719032146,0.0
2015-12-08,26,0,2016-10-29 10:09:13.846153728,2017-01-01 00:00:00,0.030500850631777,0.0
2015-12-09,26,0,2016-11-17 01:50:46.153846272,2017-02-22 00:00:00,0.030641494806895042,0.0
2015-12-10,26,0,2016-11-15 09:13:50.769230848,2017-03-06 00:00:00,0.030785868956832677,0.0
2015-12-11,26,0,2016-11-24 14:46:09.230769152,2017-03-18 12:00:00,0.03105042077686913,0.0
2015-12-14,26,0,2016-12-06 10:09:13.846153728,2017-04-10 12:00:00,0.03143303497999216,0.0
2015-12-15,26,0,2016-11-28 15:41:32.307692288,2017-04-14 12:00:00,0.03160570061432409,0.0
2015-12-16,26,0,2016-12-15 08:18:27.692307712,2017-04-18 12:00:00,0.031769117290120275,0.0
2015-12-17,26,0,2016-12-10 13:50:46.153846272,2017-04-17 12:00:00,0.03186790555477343,0.0
2015-12-18,26,0,2016-12-12 12:55:23.076923136,2017-04-16 12:00:00,0.03197584987863092,0.0
2015-12-21,26,0,2016-12-26 00:00:00.000000000,2017-04-25 00:00:00,0.03214104612502418,0.0
2015-12-22,26,0,2016-12-03 12:00:00.000000000,2017-04-24 12:00:00,0.03223783914812617,0.0
2015-12-23,26,0,2016-12-06 04:36:55.384615424,2017-04-26 12:00:00,0.032305371387831024,0.0
2015-12-28,26,0,2016-12-10 20:18:27.692307712,2017-04-30 12:00:00,0.03238688373349764,0.0
2015-12-29,26,0,2016-11-17 12:55:23.076923136,2017-01-31 12:00:00,0.032416498391265196,0.0
2015-12-30,26,0,2016-11-03 03:41:32.307692288,2016-11-07 00:00:00,0.03237140931830606,0.0
2016-01-04,26,0,2016-12-11 15:41:32.307692288,2017-05-01 12:00:00,0.032624545410025664,0.0
2016-01-05,26,0,2016-11-12 11:04:36.923076864,2016-12-13 12:00:00,0.03253946330273029,0.0
2016-01-06,26,0,2016-11-16 11:04:36.923076864,2016-12-27 12:00:00,0.03262271661377723,0.0
2016-01-07,26,0,2016-11-24 00:55:23.076923136,2017-02-16 00:00:00,0.032854116709611594,0.0
2016-01-08,26,0,2016-11-29 04:36:55.384615424,2017-02-21 00:00:00,0.03315774078399208,0.0
2016-01-11,26,0,2016-11-16 22:09:13.846153728,2016-12-26 00:00:00,0.033324817668838005,0.0
2016-01-12,26,0,2016-11-21 15:41:32.307692288,2017-01-19 12:00:00,0.03352090663736701,0.0
2016-01-13,26,0,2016-11-25 11:04:36.923076864,2017-02-07 00:00:00,0.033671148820192225,0.0
2016-01-14,26,0,2016-11-13 17:32:18.461538560,2016-12-14 00:00:00,0.03373332380387235,0.0
2016-01-15,26,0,2016-11-02 17:32:18.461538560,2016-12-04 00:00:00,0.03398149247238807,0.0
2016-01-18,26,0,2016-10-24 10:09:13.846153728,2016-11-06 00:00:00,0.034242689290344096,0.0
2016-01-19,26,0,2016-11-30 19:23:04.615384576,2017-02-09 12:00:00,0.03477993412229201,0.0
2016-01-20,26,0,2016-11-03 06:27:41.538461440,2016-11-24 00:00:00,0.03503744635584439,0.0
2016-01-21,26,0,2016-11-22 20:18:27.692307712,2017-01-21 00:00:00,0.035292415946864816,0.0
2016-01-22,26,0,2016-11-24 21:13:50.769230848,2017-01-26 00:00:00,0.03537142042859129,0.0
2016-01-25,26,0,2016-11-29 00:00:00.000000000,2017-01-30 12:00:00,0.03545789820706498,0.0
2016-01-26,26,0,2016-11-30 13:50:46.153846272,2017-02-02 12:00:00,0.03552459814402452,0.0
2016-01-27,26,0,2016-12-01 15:41:32.307692288,2017-02-05 12:00:00,0.03552112307431953,0.0
2016-01-28,26,0,2016-12-05 10:09:13.846153728,2017-02-14 12:00:00,0.03558859210911226,0.0
2016-01-29,26,0,2016-11-26 04:36:55.384615424,2017-01-25 00:00:00,0.03558685992067047,0.0
2016-02-01,26,0,2016-11-28 01:50:46.153846272,2017-02-05 00:00:00,0.035512805661862,0.0
2016-02-02,26,0,2016-12-29 18:27:41.538461440,2017-04-28 00:00:00,0.03571147420123288,0.0
2016-02-03,26,0,2016-12-16 01:50:46.153846272,2017-03-21 12:00:00,0.035760237059568684,0.0
2016-02-04,26,0,2016-12-02 11:04:36.923076864,2017-02-27 12:00:00,0.03549782579548561,0.0
2016-02-05,26,0,2016-12-12 12:00:00.000000000,2017-03-07 12:00:00,0.035862873289681206,0.0
2016-02-08,26,0,2016-12-19 16:36:55.384615424,2017-03-19 00:00:00,0.036200874193060825,0.0
2016-02-09,26,0,2017-01-06 04:36:55.384615424,2017-05-25 00:00:00,0.03651031200465549,0.0
2016-02-10,26,0,2017-01-27 15:41:32.307692288,2017-06-21 12:00:00,0.03690631446205385,0.0
2016-02-11,26,0,2017-01-26 15:41:32.307692288,2017-06-25 00:00:00,0.03731667701503401,0.0
2016-02-12,26,0,2017-01-20 13:50:46.153846272,2017-06-20 00:00:00,0.0373696193088988,0.0
2016-02-15,26,0,2017-01-23 22:09:13.846153728,2017-06-24 12:00:00,0.037398213211815474,0.0
2016-02-16,26,0,2017-01-22 11:04:36.923076864,2017-06-26 00:00:00,0.03742966116492524,0.0
2016-02-17,26,0,2017-01-27 14:46:09.230769152,2017-06-26 00:00:00,0.0374073576886234,0.0
2016-02-18,26,0,2017-01-07 09:13:50.769230848,2017-05-31 12:00:00,0.037285378047837714,0.0
2016-02-19,26,0,2017-01-10 16:36:55.384615424,2017-05-25 12:00:00,0.03730239064887463,0.0
2016-02-22,26,0,2017-01-11 12:55:23.076923136,2017-05-26 00:00:00,0.037255026319307744,0.0
2016-02-23,26,0,2017-01-24 17:32:18.461538560,2017-06-29 00:00:00,0.03725424368600886,0.0
2016-02-24,26,0,2017-02-18 13:50:46.153846272,2017-07-08 00:00:00,0.03736599089632746,0.0
2016-02-25,26,0,2017-02-19 20:18:27.692307712,2017-07-09 00:00:00,0.03733697933648888,0.0
2016-02-26,26,0,2017-02-17 02:46:09.230769152,2017-07-10 00:00:00,0.03725717121161699,0.0
2016-02-29,26,0,2017-02-18 17:32:18.461538560,2017-07-13 00:00:00,0.03720274721849463,0.0
2016-03-01,26,0,2017-02-17 12:00:00.000000000,2017-07-14 00:00:00,0.03714375687941607,0.0
2016-03-02,26,0,2017-02-17 03:41:32.307692288,2017-07-15 00:00:00,0.03709473640382594,0.0
2016-03-03,26,0,2017-02-25 17:32:18.461538560,2017-07-16 00:00:00,0.0370975774093178,0.0
2016-03-04,26,0,2017-02-22 06:27:41.538461440,2017-07-10 12:00:00,0.03698611615436224,0.0
2016-03-07,26,0,2017-02-27 08:18:27.692307712,2017-07-10 00:00:00,0.03694634261188531,0.0
2016-03-08,26,0,2017-02-25 05:32:18.461538560,2017-07-06 12:00:00,0.0368323124650822,0.0
2016-03-09,26,0,2017-02-25 09:13:50.769230848,2017-07-07 12:00:00,0.036749349191523416,0.0
2016-03-10,26,0,2017-03-18 02:46:09.230769152,2017-07-23 00:00:00,0.03675610909110462,0.0
2016-03-11,26,0,2017-02-25 05:32:18.461538560,2017-06-28 00:00:00,0.036614439127994565,0.0
2016-03-14,26,0,2017-02-13 19:23:04.615384576,2017-06-15 12:00:00,0.03648287677441267,0.0
2016-03-15,26,0,2017-02-14 07:23:04.615384576,2017-06-14 00:00:00,0.0363605370639912,0.0
2016-03-16,26,0,2017-02-05 01:50:46.153846272,2017-06-08 00:00:00,0.036216181554639154,0.0
2016-03-17,26,0,2017-03-14 07:23:04.615384576,2017-07-17 00:00:00,0.0362067845762218,0.0
2016-03-18,26,0,2017-03-15 12:00:00.000000000,2017-07-20 00:00:00,0.03610669458127174,0.0
2016-03-21,26,0,2017-03-02 12:00:00.000000000,2017-06-25 12:00:00,0.0359351477283271,0.0
2016-03-22,26,0,2017-03-07 05:32:18.461538560,2017-06-28 12:00:00,0.035840096452677876,0.0
2016-03-23,26,0,2017-03-06 18:27:41.538461440,2017-06-25 12:00:00,0.03575453034845868,0.0
2016-03-24,26,0,2017-03-20 03:41:32.307692288,2017-08-06 00:00:00,0.03577145524046467,0.0
2016-03-29,26,0,2017-03-20 21:13:50.769230848,2017-07-30 00:00:00,0.0357044782635953,0.0
2016-03-30,26,0,2017-03-24 13:50:46.153846272,2017-08-12 00:00:00,0.03563124837642198,0.0
2016-03-31,26,0,2017-03-25 12:55:23.076923136,2017-08-12 12:00:00,0.03556436681067023,0.0
2016-04-01,26,0,2017-03-06 09:13:50.769230848,2017-06-29 12:00:00,0.035418698235949626,0.0
2016-04-04,26,0,2017-03-08 12:55:23.076923136,2017-06-26 00:00:00,0.03535987948092689,0.0
2016-04-05,26,0,2017-03-08 10:09:13.846153728,2017-06-24 00:00:00,0.03531819238272864,0.0
2016-04-06,26,0,2017-03-09 03:41:32.307692288,2017-06-22 00:00:00,0.03527942184774634,0.0
2016-04-07,26,0,2017-03-29 21:13:50.769230848,2017-08-05 12:00:00,0.03530527530550107,0.0
2016-04-08,26,0,2017-02-21 01:50:46.153846272,2017-04-28 00:00:00,0.03517952099766259,0.0
2016-04-11,26,0,2017-03-14 19:23:04.615384576,2017-06-12 12:00:00,0.035140090622775316,0.0
2016-04-12,26,0,2017-02-27 09:13:50.769230848,2017-05-15 00:00:00,0.035095707830637916,0.0
2016-04-13,26,0,2017-03-22 11:04:36.923076864,2017-07-04 00:00:00,0.03518360067536132,0.0
2016-04-14,26,0,2017-03-24 22:09:13.846153728,2017-06-18 00:00:00,0.03521408382538209,0.0
2016-04-15,26,0,2017-03-27 03:41:32.307692288,2017-06-09 00:00:00,0.03521416551658789,0.0
2016-04-18,26,0,2017-04-18 15:41:32.307692288,2017-07-30 00:00:00,0.03528055098128971,0.0
2016-04-19,26,0,2017-03-31 15:41:32.307692288,2017-05-26 12:00:00,0.03534566711139271,0.0
2016-04-20,26,0,2017-04-03 22:09:13.846153728,2017-06-15 12:00:00,0.03541002605505003,0.0
2016-04-21,26,0,2017-04-05 10:09:13.846153728,2017-06-14 00:00:00,0.035425772782978114,0.0
2016-04-22,26,0,2017-04-06 16:36:55.384615424,2017-06-08 00:00:00,0.03541535491485531,0.0
2016-04-25,26,0,2017-04-10 15:41:32.307692288,2017-06-16 12:00:00,0.03541682480602349,0.0
2016-04-26,26,0,2017-04-10 13:50:46.153846272,2017-06-09 00:00:00,0.03543101691384641,0.0
2016-04-27,26,0,2017-04-11 07:23:04.615384576,2017-06-02 00:00:00,0.03544620490074675,0.0
2016-04-28,26,0,2017-04-14 03:41:32.307692288,2017-06-04 12:00:00,0.035458967153329184,0.0
2016-04-29,26,0,2017-04-15 02:46:09.230769152,2017-06-03 00:00:00,0.03541707102533101,0.0
2016-05-02,26,0,2017-04-16 18:27:41.538461440,2017-06-01 00:00:00,0.03539772270994084,0.0
2016-05-03,26,0,2017-04-18 04:36:55.384615424,2017-05-31 12:00:00,0.0353789433716457,0.0
2016-05-04,26,0,2017-04-18 17:32:18.461538560,2017-06-01 00:00:00,0.035351372242733034,0.0
2016-05-06,26,0,2017-04-21 01:50:46.153846272,2017-05-31 12:00:00,0.03532823511319878,0.0
2016-05-09,26,0,2017-04-03 09:13:50.769230848,2017-04-24 00:00:00,0.035284218540118706,0.0
2016-05-10,26,0,2017-04-23 20:18:27.692307712,2017-05-31 00:00:00,0.03531859465265978,0.0
2016-05-11,26,0,2017-04-24 22:09:13.846153728,2017-05-30 12:00:00,0.03530972565122954,0.0
2016-05-12,26,0,2017-04-26 22:09:13.846153728,2017-05-30 12:00:00,0.035312533651938524,0.0
2016-05-13,26,0,2017-04-28 09:13:50.769230848,2017-06-03 00:00:00,0.035317283814571235,0.0
2016-05-17,26,0,2017-04-25 08:18:27.692307712,2017-05-29 12:00:00,0.035342470955142376,0.0
2016-05-18,26,0,2017-05-03 02:46:09.230769152,2017-06-27 00:00:00,0.035340662219361905,0.0
2016-05-19,26,0,2017-04-25 09:13:50.769230848,2017-07-03 12:00:00,0.0353350429388892,0.0
2016-05-20,26,0,2017-04-13 05:32:18.461538560,2017-05-27 00:00:00,0.035293382277495414,0.0
2016-05-23,26,0,2017-04-14 00:00:00.000000000,2017-05-26 12:00:00,0.03526857588673152,0.0
2016-05-24,26,0,2017-04-11 18:27:41.538461440,2017-05-24 12:00:00,0.03528500942909965,0.0
2016-05-25,26,0,2017-04-13 15:41:32.307692288,2017-05-22 12:00:00,0.035332821959725515,0.0
2016-05-26,26,0,2017-04-15 22:09:13.846153728,2017-05-20 12:00:00,0.03536373855103265,0.0
2016-05-27,26,0,2017-04-16 14:46:09.230769152,2017-05-18 00:00:00,0.03536268062221444,0.0
2016-05-30,26,0,2017-04-21 01:50:46.153846272,2017-06-15 00:00:00,0.035352300142550544,0.0
2016-05-31,26,0,2017-04-17 08:18:27.692307712,2017-06-21 12:00:00,0.03525407558132895,0.0
2016-06-01,26,0,2017-04-29 22:09:13.846153728,2017-06-20 00:00:00,0.035271282667180354,0.0
2016-06-02,26,0,2017-04-19 05:32:18.461538560,2017-06-18 12:00:00,0.035141259045978854,0.0
2016-06-03,26,0,2017-04-25 20:18:27.692307712,2017-06-18 00:00:00,0.035074893801581256,0.0
2016-06-06,26,0,2017-05-17 07:23:04.615384576,2017-08-01 12:00:00,0.03503920195390289,0.0
2016-06-07,26,0,2017-05-19 03:41:32.307692288,2017-07-30 00:00:00,0.03500771566785205,0.0
2016-06-08,26,0,2017-05-29 14:46:09.230769152,2017-07-27 12:00:00,0.03508551218863596,0.0
2016-06-09,26,0,2017-05-12 07:23:04.615384576,2017-06-16 12:00:00,0.03503945027214312,0.0
2016-06-10,26,0,2017-04-16 00:00:00.000000000,2017-06-09 12:00:00,0.0348022492732023,0.0
2016-06-13,26,0,2017-04-18 13:50:46.153846272,2017-06-18 12:00:00,0.03483146348986326,0.0
2016-06-14,26,0,2017-04-28 13:50:46.153846272,2017-06-21 00:00:00,0.03501301636094518,0.0
2016-06-15,26,0,2017-05-01 07:23:04.615384576,2017-06-23 12:00:00,0.035045171836201996,0.0
2016-06-16,26,0,2017-04-25 22:09:13.846153728,2017-07-07 12:00:00,0.03504500166712122,0.0
2016-06-17,26,0,2017-05-06 06:27:41.538461440,2017-07-15 12:00:00,0.03514215766183022,0.0
2016-06-20,26,0,2017-05-27 02:46:09.230769152,2017-08-05 12:00:00,0.03520856816444713,0.0
2016-06-21,26,0,2017-05-20 00:55:23.076923136,2017-08-03 00:00:00,0.03518224609087599,0.0
2016-06-22,26,0,2017-04-25 16:36:55.384615424,2017-07-25 12:00:00,0.0350261331240917,0.0
2016-06-23,26,0,2017-04-18 11:04:36.923076864,2017-07-24 00:00:00,0.03511605192226786,0.0
2016-06-24,26,0,2017-05-08 20:18:27.692307712,2017-08-24 12:00:00,0.03516424538296826,0.0
2016-06-27,26,0,2017-06-02 19:23:04.615384576,2017-09-17 12:00:00,0.03546355415238998,0.0
2016-06-28,26,0,2017-06-01 12:55:23.076923136,2017-09-29 00:00:00,0.035497532941803585,0.0
2016-06-29,26,0,2017-06-10 14:46:09.230769152,2017-10-07 12:00:00,0.0355333719928755,0.0
2016-06-30,26,0,2017-05-20 00:00:00.000000000,2017-09-06 00:00:00,0.035388539884873234,0.0
2016-07-01,26,0,2017-05-21 12:00:00.000000000,2017-09-23 12:00:00,0.035331444436097495,0.0
2016-07-04,26,0,2017-06-04 23:04:36.923076864,2017-09-17 12:00:00,0.03535422102138469,0.0
2016-07-05,26,0,2017-06-08 10:09:13.846153728,2017-10-03 12:00:00,0.0352936515471316,0.0
2016-07-06,26,0,2017-06-11 12:55:23.076923136,2017-10-25 00:00:00,0.03528395046006141,0.0
2016-07-07,26,0,2017-06-10 21:13:50.769230848,2017-10-07 12:00:00,0.03526655189122971,0.0
2016-07-08,26,0,2017-06-10 16:36:55.384615424,2017-10-04 12:00:00,0.03523541174471451,0.0
2016-07-11,26,0,2017-06-01 03:41:32.307692288,2017-10-04 00:00:00,0.03513957061400978,0.0
2016-07-12,26,0,2017-05-30 21:13:50.769230848,2017-09-20 12:00:00,0.03513014418946437,0.0
2016-07-13,26,0,2017-05-31 14:46:09.230769152,2017-09-25 12:00:00,0.035128745693005725,0.0
2016-07-14,26,0,2017-05-09 04:36:55.384615424,2017-08-27 00:00:00,0.035119396190340345,0.0
2016-07-15,26,0,2017-04-25 15:41:32.307692288,2017-09-08 00:00:00,0.03508557290696919,0.0
2016-07-18,26,0,2017-04-27 23:04:36.923076864,2017-08-29 00:00:00,0.03508588156115232,0.0
2016-07-19,26,0,2017-05-03 06:27:41.538461440,2017-09-06 00:00:00,0.035124966824988904,0.0
2016-07-20,26,0,2017-04-14 10:09:13.846153728,2017-04-03 12:00:00,0.03509104994700295,0.0
2016-07-21,26,0,2017-05-04 00:55:23.076923136,2017-09-09 12:00:00,0.035102331770357334,0.0
2016-07-22,26,0,2017-05-05 04:36:55.384615424,2017-09-18 00:00:00,0.03509559423918522,0.0
2016-07-25,26,0,2017-05-06 23:04:36.923076864,2017-09-20 00:00:00,0.035098076429777914,0.0
2016-07-26,26,0,2017-05-10 03:41:32.307692288,2017-09-15 00:00:00,0.035099532299659605,0.0
2016-07-27,26,0,2017-05-12 20:18:27.692307712,2017-09-17 12:00:00,0.0350810853544652,0.0
2016-07-28,26,0,2017-04-24 15:41:32.307692288,2017-04-01 00:00:00,0.035014282025092665,0.0
2016-07-29,26,0,2017-04-26 12:00:00.000000000,2017-04-03 00:00:00,0.034983163218101326,0.0
2016-08-02,26,0,2017-05-01 10:09:13.846153728,2017-04-23 12:00:00,0.034939822421729175,0.0
2016-08-03,26,0,2017-05-04 16:36:55.384615424,2017-05-26 00:00:00,0.03488857892556154,0.0
2016-08-04,26,0,2017-05-08 08:18:27.692307712,2017-06-28 12:00:00,0.03486947863859837,0.0
2016-08-05,26,0,2017-05-18 08:18:27.692307712,2017-09-19 00:00:00,0.03479751556904874,0.0
2016-08-08,26,0,2017-06-09 09:13:50.769230848,2017-11-01 00:00:00,0.034777835704279066,0.0
2016-08-09,26,0,2017-06-12 20:18:27.692307712,2017-11-03 00:00:00,0.034729517268161834,0.0
2016-08-10,26,0,2017-05-25 11:04:36.923076864,2017-09-20 12:00:00,0.034606714857949854,0.0
2016-08-11,26,0,2017-05-25 12:00:00.000000000,2017-10-03 00:00:00,0.03457799607796003,0.0
2016-08-12,26,0,2017-05-18 00:55:23.076923136,2017-07-01 12:00:00,0.0345335650261399,0.0
2016-08-15,26,0,2017-06-01 14:46:09.230769152,2017-10-05 00:00:00,0.03455283039538686,0.0
2016-08-16,26,0,2017-05-15 00:00:00.000000000,2017-05-04 12:00:00,0.034456664258920425,0.0
2016-08-17,26,0,2017-05-15 09:13:50.769230848,2017-05-07 00:00:00,0.03440829657358925,0.0
2016-08-18,26,0,2017-06-05 03:41:32.307692288,2017-10-18 12:00:00,0.03443554018931049,0.0
2016-08-19,26,0,2017-06-05 22:09:13.846153728,2017-10-19 12:00:00,0.03443228417037822,0.0
2016-08-22,26,0,2017-06-07 23:04:36.923076864,2017-10-25 00:00:00,0.03443020353717768,0.0
2016-08-23,26,0,2017-06-09 15:41:32.307692288,2017-10-25 00:00:00,0.03444501630718241,0.0
2016-08-24,26,0,2017-06-26 03:41:32.307692288,2017-11-24 00:00:00,0.03449420284248374,0.0
2016-08-25,26,0,2017-07-01 00:55:23.076923136,2017-12-26 12:00:00,0.03447320127139494,0.0
2016-08-26,26,0,2017-07-02 23:04:36.923076864,2017-12-22 00:00:00,0.034473206397757666,0.0
2016-08-29,26,0,2017-07-23 06:27:41.538461440,2018-01-02 00:00:00,0.034534684267074796,0.0
2016-08-30,26,0,2017-07-24 12:55:23.076923136,2018-01-01 12:00:00,0.03454827232407438,0.0
2016-08-31,26,0,2017-08-30 09:13:50.769230848,2018-01-05 12:00:00,0.03465061142438748,0.0
2016-09-01,26,0,2017-08-30 10:09:13.846153728,2018-01-04 12:00:00,0.034614644039243886,0.0
2016-09-02,26,0,2017-08-13 14:46:09.230769152,2017-12-17 12:00:00,0.03457970711770137,0.0
2016-09-05,26,0,2017-09-09 07:23:04.615384576,2018-01-16 00:00:00,0.034596332104434385,0.0
2016-09-06,26,0,2017-09-12 12:00:00.000000000,2018-01-16 12:00:00,0.03455285869621786,0.0
2016-09-07,26,0,2017-09-13 07:23:04.615384576,2018-01-12 00:00:00,0.034506297423036944,0.0
2016-09-08,26,0,2017-09-17 07:23:04.615384576,2018-01-17 00:00:00,0.03445865602320984,0.0
2016-09-09,26,0,2017-09-17 23:04:36.923076864,2018-01-12 00:00:00,0.03439489386172852,0.0
2016-09-12,26,0,2017-09-20 11:04:36.923076864,2018-01-16 00:00:00,0.03430603316121535,0.0
2016-09-13,26,0,2017-09-07 22:09:13.846153728,2018-01-16 00:00:00,0.03423439085106971,0.0
2016-09-14,26,0,2017-08-30 00:55:23.076923136,2017-12-20 12:00:00,0.03418848542304153,0.0
2016-09-15,26,0,2017-09-11 23:04:36.923076864,2018-01-15 00:00:00,0.03415968072570708,0.0
2016-09-16,26,0,2017-09-25 10:09:13.846153728,2018-01-17 12:00:00,0.03409935950056729,0.0
2016-09-19,26,0,2017-09-27 07:23:04.615384576,2018-01-22 00:00:00,0.034011971441111184,0.0
2016-09-20,26,0,2017-09-24 17:32:18.461538560,2018-01-10 12:00:00,0.03396756491951008,0.0
2016-09-21,26,0,2017-09-24 18:27:41.538461440,2018-01-08 00:00:00,0.033909580666304125,0.0
2016-09-22,26,0,2017-09-25 10:09:13.846153728,2018-01-16 00:00:00,0.03388726195052817,0.0
2016-09-23,26,0,2017-09-05 12:55:23.076923136,2018-01-11 00:00:00,0.033810848330590566,0.0
2016-09-26,26,0,2017-09-22 10:09:13.846153728,2018-01-25 12:00:00,0.03379535054850614,0.0
2016-09-27,26,0,2017-09-18 20:18:27.692307712,2018-01-04 12:00:00,0.033777763342525934,0.0
2016-09-28,26,0,2017-09-12 00:55:23.076923136,2018-01-04 12:00:00,0.03376021741351688,0.0
2016-09-29,26,0,2017-09-18 10:09:13.846153728,2018-01-16 00:00:00,0.03373121631991177,0.0
2016-09-30,26,0,2017-09-17 23:04:36.923076864,2018-01-04 00:00:00,0.03371462429605565,0.0
2016-10-03,26,0,2017-08-31 07:23:04.615384576,2017-11-14 12:00:00,0.03371094247254993,0.0
2016-10-04,26,0,2017-09-08 00:00:00.000000000,2017-12-12 00:00:00,0.03368942538500129,0.0
2016-10-05,26,0,2017-08-22 13:50:46.153846272,2017-10-23 12:00:00,0.033649387641682835,0.0
2016-10-06,26,0,2017-08-06 10:09:13.846153728,2017-10-01 12:00:00,0.0336052296659297,0.0
2016-10-07,26,0,2017-08-10 08:18:27.692307712,2017-10-09 00:00:00,0.03357162922182578,0.0
2016-10-10,26,0,2017-07-28 00:00:00.000000000,2017-09-12 12:00:00,0.033528051371077616,0.0
2016-10-11,26,0,2017-07-23 08:18:27.692307712,2017-07-26 00:00:00,0.03347683495051336,0.0
2016-10-12,26,0,2017-07-07 23:04:36.923076864,2017-07-09 00:00:00,0.033427896480548495,0.0
2016-10-13,26,0,2017-06-08 12:00:00.000000000,2017-05-26 12:00:00,0.03335735694024725,0.0
2016-10-14,26,0,2017-06-07 03:41:32.307692288,2017-05-29 00:00:00,0.03327944746663636,0.0
2016-10-17,26,0,2017-06-06 23:04:36.923076864,2017-05-24 12:00:00,0.03321314143725715,0.0
2016-10-18,26,0,2017-06-05 02:46:09.230769152,2017-05-10 00:00:00,0.033112257139829515,0.0
2016-10-19,26,0,2017-06-03 13:50:46.153846272,2017-05-08 12:00:00,0.03301508923537867,0.0
2016-10-20,26,0,2017-06-06 10:09:13.846153728,2017-05-12 00:00:00,0.03293218848174842,0.0
2016-10-21,26,0,2017-06-12 03:41:32.307692288,2017-05-17 00:00:00,0.03284685474408738,0.0
2016-10-24,26,0,2017-06-11 20:18:27.692307712,2017-05-19 00:00:00,0.032757178716917926,0.0
2016-10-25,26,0,2017-06-30 07:23:04.615384576,2017-06-04 00:00:00,0.032725434913663504,0.0
2016-10-26,26,0,2017-07-03 08:18:27.692307712,2017-06-06 12:00:00,0.03261736114993113,0.0
2016-10-27,26,0,2017-07-02 09:13:50.769230848,2017-06-07 12:00:00,0.032546739234549114,0.0
2016-10-28,26,0,2017-06-03 06:27:41.538461440,2017-05-21 12:00:00,0.03246852068307647,0.0
2016-10-31,26,0,2017-06-06 19:23:04.615384576,2017-05-23 12:00:00,0.03249515636609994,0.0
2016-11-01,26,0,2017-05-29 14:46:09.230769152,2017-05-23 00:00:00,0.032442506188727786,0.0
2016-11-02,26,0,2017-05-23 18:27:41.538461440,2017-05-09 12:00:00,0.03250909687455361,0.0
2016-11-03,26,0,2017-06-03 23:04:36.923076864,2017-05-16 12:00:00,0.03249767589406077,0.0
2016-11-04,26,0,2017-05-23 07:23:04.615384576,2017-05-07 00:00:00,0.03250404601550055,0.0
2016-11-07,26,0,2017-06-03 01:50:46.153846272,2017-05-12 00:00:00,0.032498615226632284,0.0
2016-11-08,26,0,2017-05-31 14:46:09.230769152,2017-05-09 00:00:00,0.03244018720724002,0.0
2016-11-09,26,0,2017-05-30 00:55:23.076923136,2017-05-09 12:00:00,0.0323798515521002,0.0
2016-11-10,26,0,2017-05-28 19:23:04.615384576,2017-05-12 00:00:00,0.03229881089098773,0.0
2016-11-11,26,0,2017-06-02 10:09:13.846153728,2017-05-12 00:00:00,0.03223668520562867,0.0
2016-11-14,26,0,2017-06-05 13:50:46.153846272,2017-05-12 12:00:00,0.03216695678104983,0.0
2016-11-15,26,0,2017-06-03 01:50:46.153846272,2017-05-08 00:00:00,0.032103386539716346,0.0
2016-11-16,26,0,2017-06-01 18:27:41.538461440,2017-05-12 12:00:00,0.03203171115088126,0.0
2016-11-17,26,0,2017-06-08 14:46:09.230769152,2017-05-08 12:00:00,0.031978654490961114,0.0
2016-11-18,26,0,2017-06-15 03:41:32.307692288,2017-05-16 12:00:00,0.03190636668351755,0.0
2016-11-21,26,0,2017-05-26 16:36:55.384615424,2017-05-13 12:00:00,0.031784851790374435,0.0
2016-11-22,26,0,2017-06-05 02:46:09.230769152,2017-05-12 12:00:00,0.031710438790207046,0.0
2016-11-23,26,0,2017-06-08 06:27:41.538461440,2017-05-20 00:00:00,0.031609753158097005,0.0
2016-11-24,26,0,2017-06-09 07:23:04.615384576,2017-05-22 00:00:00,0.03152987847821416,0.0
2016-11-25,26,0,2017-06-14 14:46:09.230769152,2017-05-23 12:00:00,0.03143916317463641,0.0
2016-11-28,26,0,2017-06-17 13:50:46.153846272,2017-05-29 00:00:00,0.031372120664411855,0.0
2016-11-29,26,0,2017-06-14 14:46:09.230769152,2017-05-29 00:00:00,0.0312903706727879,0.0
2016-11-30,26,0,2017-06-23 06:27:41.538461440,2017-06-02 12:00:00,0.031227808100297745,0.0
2016-12-01,26,0,2017-06-16 03:41:32.307692288,2017-06-05 00:00:00,0.031148168276503903,0.0
2016-12-02,26,0,2017-06-19 19:23:04.615384576,2017-06-07 00:00:00,0.03108316475592773,0.0
2016-12-05,26,0,2017-06-20 22:09:13.846153728,2017-06-07 12:00:00,0.031053403922863897,0.0
2016-12-06,26,0,2017-07-02 12:00:00.000000000,2017-06-09 12:00:00,0.03102861931035341,0.0
2016-12-07,26,0,2017-07-06 04:36:55.384615424,2017-06-13 00:00:00,0.03104065396893307,0.0
2016-12-08,26,0,2017-07-20 08:18:27.692307712,2017-06-15 00:00:00,0.03107045373024381,0.0
2016-12-09,26,0,2017-07-24 21:13:50.769230848,2017-05-31 12:00:00,0.03113962461813507,0.0
2016-12-12,26,0,2017-08-02 09:13:50.769230848,2017-06-09 12:00:00,0.031179657984551804,0.0
2016-12-13,26,0,2017-08-11 22:09:13.846153728,2017-07-02 12:00:00,0.03125684500156932,0.0
2016-12-14,26,0,2017-08-17 21:13:50.769230848,2017-07-06 12:00:00,0.031277609869364204,0.0
2016-12-15,26,0,2017-08-25 00:55:23.076923136,2017-07-20 00:00:00,0.031314504094972176,0.0
2016-12-16,26,0,2017-09-03 00:00:00.000000000,2017-07-28 00:00:00,0.03135630603930033,0.0
2016-12-19,26,0,2017-09-16 23:04:36.923076864,2017-08-30 12:00:00,0.031351314597374454,0.0
2016-12-20,26,0,2017-09-29 15:41:32.307692288,2017-09-13 12:00:00,0.03141042155673878,0.0
2016-12-21,26,0,2017-09-30 20:18:27.692307712,2017-09-09 00:00:00,0.03144192985409294,0.0
2016-12-22,26,0,2017-09-30 09:13:50.769230848,2017-09-24 12:00:00,0.031451773790685617,0.0
2016-12-23,26,0,2017-10-09 03:41:32.307692288,2017-10-13 00:00:00,0.03145096212618904,0.0
2016-12-27,26,0,2017-10-17 03:41:32.307692288,2017-10-27 00:00:00,0.031446444435836114,0.0
2016-12-28,26,0,2017-11-10 09:13:50.769230848,2017-12-15 00:00:00,0.03146064977083383,0.0
2016-12-29,26,0,2017-10-21 13:50:46.153846272,2017-12-08 12:00:00,0.031397757197082085,0.0
2016-12-30,26,0,2017-11-02 05:32:18.461538560,2018-01-11 00:00:00,0.03137507024159856,0.0
2017-01-03,26,0,2017-12-03 05:32:18.461538560,2018-03-04 12:00:00,0.03136686270873793,0.0
2017-01-04,26,0,2017-12-12 11:04:36.923076864,2018-04-28 12:00:00,0.031327389537375565,0.0
2017-01-05,26,0,2017-12-15 01:50:46.153846272,2018-05-19 12:00:00,0.03130996209742233,0.0
2017-01-06,26,0,2017-12-26 20:18:27.692307712,2018-05-21 00:00:00,0.031288491154842085,0.0
2017-01-09,26,0,2017-12-29 16:36:55.384615424,2018-05-24 00:00:00,0.031266759720318886,0.0
2017-01-10,26,0,2017-12-30 13:50:46.153846272,2018-05-25 00:00:00,0.031254782045153556,0.0
2017-01-11,26,0,2017-12-31 16:36:55.384615424,2018-05-26 00:00:00,0.03125743245141514,0.0
2017-01-12,26,0,2018-01-01 08:18:27.692307712,2018-05-27 00:00:00,0.03125687543724162,0.0
2017-01-13,26,0,2018-01-02 09:13:50.769230848,2018-05-28 00:00:00,0.03128434656151999,0.0
2017-01-16,26,0,2018-01-24 00:55:23.076923136,2018-05-31 00:00:00,0.03131048825686522,0.0
2017-01-17,26,0,2018-01-24 19:23:04.615384576,2018-06-01 00:00:00,0.03129607131264664,0.0
2017-01-18,26,0,2018-02-14 04:36:55.384615424,2018-06-02 00:00:00,0.031358329210918155,0.0
2017-01-19,26,0,2018-01-26 19:23:04.615384576,2018-06-03 00:00:00,0.031282048789786854,0.0
2017-01-20,26,0,2018-01-27 20:18:27.692307712,2018-06-04 00:00:00,0.031246859226684274,0.0
2017-01-23,26,0,2018-02-18 08:18:27.692307712,2018-06-07 00:00:00,0.0312474851568448,0.0
2017-01-24,26,0,2018-02-19 05:32:18.461538560,2018-06-08 00:00:00,0.031194944732981053,0.0
2017-01-25,26,0,2018-02-10 19:23:04.615384576,2018-06-09 00:00:00,0.03113757845620109,0.0
2017-01-26,26,0,2018-01-30 00:00:00.000000000,2018-06-10 00:00:00,0.031096921745432722,0.0
2017-01-27,26,0,2018-02-13 19:23:04.615384576,2018-06-11 00:00:00,0.031074275564385696,0.0
2017-01-30,26,0,2018-03-07 00:00:00.000000000,2018-06-14 00:00:00,0.031051762312632732,0.0
2017-01-31,26,0,2018-04-09 19:23:04.615384576,2018-06-15 00:00:00,0.031027639491716184,0.0
2017-02-01,26,0,2018-03-26 08:18:27.692307712,2018-06-16 00:00:00,0.030902326916756213,0.0
2017-02-02,26,1,2018-03-24 13:50:46.153846272,2018-06-17 00:00:00,0.030808190141803107,0.038461538461538464
2017-02-03,26,0,2018-04-01 10:09:13.846153728,2018-06-18 00:00:00,0.030734122542314873,0.0
2017-02-06,26,0,2018-03-01 09:13:50.769230848,2018-06-21 00:00:00,0.030610366934036518,0.0
2017-02-07,26,0,2018-03-04 03:41:32.307692288,2018-06-22 00:00:00,0.030506240426485507,0.0
2017-02-08,26,0,2018-03-16 16:36:55.384615424,2018-06-23 00:00:00,0.030427364627664873,0.0
2017-02-09,26,0,2018-03-11 12:00:00.000000000,2018-06-24 00:00:00,0.030346998467113917,0.0
2017-02-10,26,0,2018-03-07 12:55:23.076923136,2018-06-25 00:00:00,0.030262107598243052,0.0
2017-02-13,26,0,2018-02-28 20:18:27.692307712,2018-06-28 00:00:00,0.030166634719223047,0.0
2017-02-14,26,0,2018-02-28 21:13:50.769230848,2018-06-29 00:00:00,0.030124593948823365,0.0
2017-02-15,26,0,2018-03-04 11:04:36.923076864,2018-06-30 00:00:00,0.03006036854902994,0.0
2017-02-16,26,0,2018-03-07 11:04:36.923076864,2018-07-01 00:00:00,0.030026143715990848,0.0
2017-02-17,26,0,2018-03-11 12:00:00.000000000,2018-07-02 00:00:00,0.029998994559505502,0.0
2017-02-20,26,0,2018-03-19 12:00:00.000000000,2018-07-05 00:00:00,0.029975761983884776,0.0
2017-02-21,26,0,2018-03-01 00:55:23.076923136,2018-07-06 00:00:00,0.029933500323411917,0.0
2017-02-22,26,0,2018-03-04 01:50:46.153846272,2018-07-07 00:00:00,0.029928012318451158,0.0
2017-02-23,26,0,2018-04-05 22:09:13.846153728,2018-07-08 00:00:00,0.029918030769844818,0.0
2017-02-24,26,0,2018-04-08 00:00:00.000000000,2018-07-09 00:00:00,0.029864377895662667,0.0
2017-02-27,26,0,2018-04-08 15:41:32.307692288,2018-07-12 00:00:00,0.029800132518082237,0.0
2017-02-28,26,0,2018-04-04 18:27:41.538461440,2018-07-13 00:00:00,0.02972849316064346,0.0
2017-03-01,26,0,2018-04-05 13:50:46.153846272,2018-07-14 00:00:00,0.02964758022850504,0.0
2017-03-02,26,0,2018-04-07 09:13:50.769230848,2018-07-15 00:00:00,0.029607374630392272,0.0
2017-03-03,26,0,2018-04-08 08:18:27.692307712,2018-07-16 00:00:00,0.029534577038463964,0.0
2017-03-06,26,0,2018-04-23 09:13:50.769230848,2018-07-19 00:00:00,0.029487764589159287,0.0
2017-03-07,26,0,2018-04-17 13:50:46.153846272,2018-07-20 00:00:00,0.029404076367941137,0.0
2017-03-08,26,0,2018-04-14 23:04:36.923076864,2018-07-21 00:00:00,0.029308949821683337,0.0
2017-03-09,26,0,2018-04-02 20:18:27.692307712,2018-07-22 00:00:00,0.02922162028931905,0.0
2017-03-10,26,0,2018-04-03 16:36:55.384615424,2018-07-23 00:00:00,0.029121497243111586,0.0
2017-03-13,26,1,2018-03-31 05:32:18.461538560,2018-07-26 00:00:00,0.029037440893005653,0.038461538461538464
2017-03-14,26,1,2018-03-20 18:27:41.538461440,2018-07-27 00:00:00,0.02892150792957733,0.038461538461538464
2017-03-15,26,1,2018-03-17 11:04:36.923076864,2018-07-28 00:00:00,0.02883025604880514,0.038461538461538464
2017-03-16,26,1,2018-03-25 01:50:46.153846272,2018-07-29 00:00:00,0.028766268303866995,0.038461538461538464
2017-03-17,26,1,2018-03-24 22:09:13.846153728,2018-07-30 00:00:00,0.028684182533790493,0.038461538461538464
2017-03-20,26,0,2018-03-25 00:55:23.076923136,2018-08-02 00:00:00,0.028599209030750125,0.0
2017-03-21,26,0,2018-03-26 06:27:41.538461440,2018-08-03 00:00:00,0.028528643075337555,0.0
2017-03-22,26,0,2018-03-27 01:50:46.153846272,2018-08-04 00:00:00,0.028452733218984987,0.0
2017-03-23,26,0,2018-03-26 22:09:13.846153728,2018-08-05 00:00:00,0.02840149071257458,0.0
2017-03-24,26,0,2018-03-28 00:55:23.076923136,2018-08-06 00:00:00,0.028360671899293262,0.0
2017-03-27,26,0,2018-04-01 08:18:27.692307712,2018-08-09 00:00:00,0.028320737707354358,0.0
2017-03-28,26,0,2018-04-01 14:46:09.230769152,2018-08-10 00:00:00,0.028289961495806086,0.0
2017-03-29,26,1,2018-04-06 16:36:55.384615424,2018-08-11 00:00:00,0.02826928499410501,0.038461538461538464
2017-03-30,26,1,2018-04-10 13:50:46.153846272,2018-08-12 00:00:00,0.028243209686130703,0.038461538461538464
2017-03-31,26,1,2018-04-09 22:09:13.846153728,2018-08-13 00:00:00,0.028181688667393862,0.038461538461538464
2017-04-03,26,1,2018-04-16 19:23:04.615384576,2018-08-16 00:00:00,0.02812631829880372,0.038461538461538464
2017-04-04,26,1,2018-04-21 00:55:23.076923136,2018-08-17 00:00:00,0.028057393131082284,0.038461538461538464
2017-04-05,26,1,2018-05-01 08:18:27.692307712,2018-08-18 00:00:00,0.027964189139586062,0.038461538461538464
2017-04-06,26,1,2018-04-29 15:41:32.307692288,2018-08-19 00:00:00,0.02791488073707016,0.038461538461538464
2017-04-07,26,1,2018-04-28 17:32:18.461538560,2018-08-20 00:00:00,0.027840999113291468,0.038461538461538464
2017-04-10,26,1,2018-04-10 20:18:27.692307712,2018-08-23 00:00:00,0.02777283496491732,0.038461538461538464
2017-04-11,26,1,2018-04-10 04:36:55.384615424,2018-08-24 00:00:00,0.02768976262980653,0.038461538461538464
2017-04-12,26,2,2018-04-06 11:04:36.923076864,2018-08-25 00:00:00,0.02760051205373278,0.07692307692307693
2017-04-13,26,1,2018-04-04 11:04:36.923076864,2018-08-26 00:00:00,0.02751518751288525,0.038461538461538464
2017-04-18,26,0,2018-04-05 18:27:41.538461440,2018-08-31 00:00:00,0.027456653465106253,0.0
2017-04-19,26,1,2018-04-04 02:46:09.230769152,2018-09-01 00:00:00,0.0273985525890279,0.038461538461538464
2017-04-20,26,1,2018-04-11 20:18:27.692307712,2018-09-02 00:00:00,0.02731673986411305,0.038461538461538464
2017-04-21,26,1,2018-04-09 05:32:18.461538560,2018-09-03 00:00:00,0.02723693940838581,0.038461538461538464
2017-04-24,26,1,2018-04-12 14:46:09.230769152,2018-09-06 00:00:00,0.027164145925375624,0.038461538461538464
2017-04-25,26,1,2018-04-13 18:27:41.538461440,2018-09-07 00:00:00,0.02708741060973469,0.038461538461538464
2017-04-26,26,1,2018-04-15 07:23:04.615384576,2018-09-08 00:00:00,0.027022443185065435,0.038461538461538464
2017-04-27,26,1,2018-04-14 22:09:13.846153728,2018-09-09 00:00:00,0.026955051333434624,0.038461538461538464
2017-04-28,26,2,2018-05-08 22:09:13.846153728,2018-09-10 00:00:00,0.02691493116153146,0.07692307692307693
2017-05-02,26,2,2018-05-16 01:50:46.153846272,2018-09-14 00:00:00,0.026869914574238898,0.07692307692307693
2017-05-03,26,2,2018-05-24 23:04:36.923076864,2018-09-15 00:00:00,0.02683178344857233,0.07692307692307693
2017-05-04,26,2,2018-05-25 12:00:00.000000000,2018-09-16 00:00:00,0.02680488994763309,0.07692307692307693
2017-05-05,26,2,2018-05-31 11:04:36.923076864,2018-09-17 00:00:00,0.026805421157742933,0.07692307692307693
2017-05-08,26,1,2018-05-16 12:55:23.076923136,2018-09-20 00:00:00,0.026768427390922406,0.038461538461538464
2017-05-09,26,1,2018-05-22 09:13:50.769230848,2018-09-21 00:00:00,0.02675621088240119,0.038461538461538464
2017-05-10,26,1,2018-05-31 08:18:27.692307712,2018-09-22 00:00:00,0.02672155983875679,0.038461538461538464
2017-05-11,26,1,2018-06-02 02:46:09.230769152,2018-09-23 00:00:00,0.026673666996681517,0.038461538461538464
2017-05-12,26,1,2018-06-02 00:00:00.000000000,2018-09-24 00:00:00,0.02662413702144532,0.038461538461538464
2017-05-15,26,1,2018-06-04 04:36:55.384615424,2018-09-27 00:00:00,0.02655837243782207,0.038461538461538464
2017-05-16,26,1,2018-06-06 12:55:23.076923136,2018-09-28 00:00:00,0.026518030730653435,0.038461538461538464
2017-05-17,26,1,2018-06-04 14:46:09.230769152,2018-09-29 00:00:00,0.02645239069030683,0.038461538461538464
2017-05-18,26,1,2018-06-01 10:09:13.846153728,2018-09-30 00:00:00,0.02639583952549452,0.038461538461538464
2017-05-19,26,2,2018-06-01 13:50:46.153846272,2018-10-01 00:00:00,0.026312341413483528,0.07692307692307693
2017-05-22,26,2,2018-06-02 08:18:27.692307712,2018-10-04 00:00:00,0.0262287102725618,0.07692307692307693
2017-05-23,26,2,2018-06-06 22:09:13.846153728,2018-10-05 00:00:00,0.026151536626474677,0.07692307692307693
2017-05-24,26,1,2018-06-07 05:32:18.461538560,2018-10-06 00:00:00,0.02606360486960885,0.038461538461538464
2017-05-26,26,1,2018-06-10 18:27:41.538461440,2018-10-08 00:00:00,0.02599063022583838,0.038461538461538464
2017-05-29,26,1,2018-06-13 15:41:32.307692288,2018-10-11 00:00:00,0.025902259001122436,0.038461538461538464
2017-05-30,26,1,2018-06-16 19:23:04.615384576,2018-10-12 00:00:00,0.025830412992266537,0.038461538461538464
2017-05-31,26,1,2018-06-19 11:04:36.923076864,2018-10-13 00:00:00,0.025766585281684996,0.038461538461538464
2017-06-01,26,1,2018-06-19 06:27:41.538461440,2018-10-14 00:00:00,0.02568738962337338,0.038461538461538464
2017-06-02,26,1,2018-06-22 23:04:36.923076864,2018-10-15 00:00:00,0.02562368873452805,0.038461538461538464
2017-06-06,26,2,2018-07-12 00:00:00.000000000,2018-10-19 00:00:00,0.025604734497843968,0.07692307692307693
2017-06-07,26,2,2018-07-12 17:32:18.461538560,2018-10-20 00:00:00,0.025530465355478267,0.07692307692307693
2017-06-08,26,3,2018-07-12 11:04:36.923076864,2018-10-21 00:00:00,0.02548638629349191,0.11538461538461539
2017-06-09,26,3,2018-07-12 17:32:18.461538560,2018-10-22 00:00:00,0.025446152122020955,0.11538461538461539
2017-06-12,26,2,2018-07-20 23:04:36.923076864,2018-10-25 00:00:00,0.025442998784648344,0.07692307692307693
2017-06-13,26,2,2018-07-14 02:46:09.230769152,2018-10-26 00:00:00,0.025403172447033575,0.07692307692307693
2017-06-14,26,2,2018-07-11 18:27:41.538461440,2018-10-27 00:00:00,0.025391049200674795,0.07692307692307693
2017-06-15,26,2,2018-07-15 17:32:18.461538560,2018-10-28 00:00:00,0.02538322280834176,0.07692307692307693
2017-06-16,26,2,2018-07-18 10:09:13.846153728,2018-10-29 00:00:00,0.025351484304980465,0.07692307692307693
2017-06-19,26,3,2018-07-21 13:50:46.153846272,2018-11-01 00:00:00,0.025307881495296163,0.11538461538461539
2017-06-20,26,2,2018-08-05 11:04:36.923076864,2018-11-02 00:00:00,0.025282400869061153,0.07692307692307693
2017-06-21,26,2,2018-07-14 19:23:04.615384576,2018-11-03 00:00:00,0.025161659220695628,0.07692307692307693
2017-06-22,26,2,2018-07-27 03:41:32.307692288,2018-11-04 00:00:00,0.025141876354823546,0.07692307692307693
2017-06-23,26,1,2018-07-29 04:36:55.384615424,2018-11-05 00:00:00,0.02509140413261451,0.038461538461538464
2017-06-26,26,2,2018-08-12 11:04:36.923076864,2018-11-07 12:00:00,0.025052020252806728,0.07692307692307693
2017-06-27,26,2,2018-08-12 05:32:18.461538560,2018-11-08 12:00:00,0.024992220598304686,0.07692307692307693
2017-06-28,26,2,2018-08-27 12:00:00.000000000,2018-11-08 12:00:00,0.02494608393073078,0.07692307692307693
2017-06-29,26,2,2018-09-16 05:32:18.461538560,2018-11-09 00:00:00,0.024920379035370924,0.07692307692307693
2017-06-30,26,2,2018-09-12 15:41:32.307692288,2018-11-10 00:00:00,0.024878641099693375,0.07692307692307693
2017-07-03,26,2,2018-09-17 19:23:04.615384576,2018-11-14 00:00:00,0.02480968216865654,0.07692307692307693
2017-07-04,26,2,2018-09-29 23:04:36.923076864,2018-11-16 00:00:00,0.02476120568243466,0.07692307692307693
2017-07-05,26,1,2018-09-30 03:41:32.307692288,2018-11-17 00:00:00,0.02467489871649086,0.038461538461538464
2017-07-06,26,1,2018-09-19 21:13:50.769230848,2018-11-18 00:00:00,0.02460419761653965,0.038461538461538464
2017-07-07,26,1,2018-09-24 03:41:32.307692288,2018-11-19 00:00:00,0.02452936406084075,0.038461538461538464
2017-07-10,26,1,2018-10-03 02:46:09.230769152,2018-11-17 12:00:00,0.024457002948201276,0.038461538461538464
2017-07-11,26,1,2018-09-28 15:41:32.307692288,2018-11-20 00:00:00,0.024396407055799613,0.038461538461538464
2017-07-12,26,0,2018-09-10 13:50:46.153846272,2018-11-21 12:00:00,0.024286402826787616,0.0
2017-07-13,26,0,2018-09-11 05:32:18.461538560,2018-11-23 00:00:00,0.024223298091985132,0.0
2017-07-14,26,0,2018-09-05 00:00:00.000000000,2018-11-24 12:00:00,0.02417302949713498,0.0
2017-07-17,26,1,2018-09-12 16:36:55.384615424,2018-11-27 12:00:00,0.02412947105627722,0.038461538461538464
2017-07-18,26,1,2018-09-11 01:50:46.153846272,2018-11-27 12:00:00,0.024084864241979413,0.038461538461538464
2017-07-19,26,1,2018-09-16 11:04:36.923076864,2018-11-29 12:00:00,0.024043588983430373,0.038461538461538464
2017-07-20,26,1,2018-09-14 01:50:46.153846272,2018-11-28 12:00:00,0.023991742806962153,0.038461538461538464
2017-07-21,26,1,2018-09-16 16:36:55.384615424,2018-12-01 12:00:00,0.02394288598259074,0.038461538461538464
2017-07-24,26,1,2018-09-20 14:46:09.230769152,2018-12-05 00:00:00,0.02389757482888917,0.038461538461538464
2017-07-25,26,0,2018-09-13 04:36:55.384615424,2018-12-06 12:00:00,0.023846562960785692,0.0
2017-07-26,26,0,2018-09-16 08:18:27.692307712,2018-12-07 00:00:00,0.023790962433545726,0.0
2017-07-27,26,0,2018-09-16 12:55:23.076923136,2018-12-03 00:00:00,0.023729011349777233,0.0
2017-07-28,26,0,2018-09-14 16:36:55.384615424,2018-12-05 00:00:00,0.023641113092339065,0.0
2017-07-31,26,0,2018-09-17 01:50:46.153846272,2018-12-09 12:00:00,0.023567872965125546,0.0
2017-08-02,26,0,2018-09-21 15:41:32.307692288,2018-12-09 12:00:00,0.02349434758798811,0.0
2017-08-03,26,0,2018-09-29 06:27:41.538461440,2018-12-10 12:00:00,0.023411856376624185,0.0
2017-08-04,26,0,2018-09-25 15:41:32.307692288,2018-12-11 00:00:00,0.02334726538186282,0.0
2017-08-07,26,0,2018-10-02 20:18:27.692307712,2018-12-17 00:00:00,0.02326671028342321,0.0
2017-08-08,26,0,2018-10-03 09:13:50.769230848,2018-12-16 00:00:00,0.023196848012615377,0.0
2017-08-09,26,0,2018-10-06 08:18:27.692307712,2018-12-15 12:00:00,0.023095480623422537,0.0
2017-08-10,26,0,2018-10-06 14:46:09.230769152,2018-12-17 12:00:00,0.02301934288438863,0.0
2017-08-11,26,0,2018-10-14 03:41:32.307692288,2018-12-20 00:00:00,0.0229747131956802,0.0
2017-08-14,26,0,2018-10-17 23:04:36.923076864,2018-12-24 12:00:00,0.022896843997315824,0.0
2017-08-15,26,0,2018-10-17 02:46:09.230769152,2018-12-22 00:00:00,0.022832452227012356,0.0
2017-08-16,26,0,2018-10-19 13:50:46.153846272,2018-12-27 00:00:00,0.022768159685956614,0.0
2017-08-17,26,0,2018-10-16 16:36:55.384615424,2018-12-22 12:00:00,0.02268802642229351,0.0
2017-08-18,26,0,2018-10-12 20:18:27.692307712,2018-12-29 00:00:00,0.022633263136330177,0.0
2017-08-21,26,0,2018-10-08 07:23:04.615384576,2018-12-26 12:00:00,0.022577522970770942,0.0
2017-08-22,26,0,2018-10-11 07:23:04.615384576,2018-12-26 00:00:00,0.022504409094436326,0.0
2017-08-23,26,0,2018-10-14 17:32:18.461538560,2019-01-01 12:00:00,0.022462347890901183,0.0
2017-08-24,26,0,2018-10-18 15:41:32.307692288,2018-12-29 12:00:00,0.022418449164704132,0.0
2017-08-25,26,0,2018-10-22 09:13:50.769230848,2018-12-30 12:00:00,0.022369733288066903,0.0
2017-08-28,26,0,2018-10-25 01:50:46.153846272,2018-12-28 00:00:00,0.02232246523051071,0.0
2017-08-29,26,0,2018-10-31 10:09:13.846153728,2019-01-02 00:00:00,0.022303543200459304,0.0
2017-08-30,26,0,2018-11-07 22:09:13.846153728,2019-01-08 00:00:00,0.02226547128870597,0.0
2017-08-31,26,0,2018-10-31 15:41:32.307692288,2019-01-04 12:00:00,0.02221941486030127,0.0
2017-09-01,26,0,2018-10-30 00:55:23.076923136,2019-01-03 00:00:00,0.02217056765116473,0.0
2017-09-04,26,0,2018-10-31 20:18:27.692307712,2019-01-03 12:00:00,0.02208190044571383,0.0
2017-09-05,26,0,2018-11-02 00:00:00.000000000,2019-01-07 00:00:00,0.022012362803376907,0.0
2017-09-06,26,0,2018-10-31 09:13:50.769230848,2018-12-20 00:00:00,0.021947531293636583,0.0
2017-09-07,26,0,2018-10-25 17:32:18.461538560,2018-12-20 00:00:00,0.021880358595026253,0.0
2017-09-08,26,0,2018-10-30 17:32:18.461538560,2019-01-09 00:00:00,0.02183158482853203,0.0
2017-09-11,26,0,2018-10-30 02:46:09.230769152,2019-01-21 12:00:00,0.021782589994530723,0.0
2017-09-12,26,0,2018-10-24 04:36:55.384615424,2019-01-14 12:00:00,0.02175209555312502,0.0
2017-09-13,26,0,2018-10-04 06:27:41.538461440,2018-12-14 00:00:00,0.021676085519730888,0.0
2017-09-14,26,0,2018-09-30 20:18:27.692307712,2018-12-22 00:00:00,0.021613510538458985,0.0
2017-09-15,26,0,2018-09-22 05:32:18.461538560,2018-11-23 00:00:00,0.02154730088501283,0.0
2017-09-18,26,0,2018-09-11 12:55:23.076923136,2018-10-12 12:00:00,0.021482941917125395,0.0
2017-09-19,26,0,2018-09-05 07:23:04.615384576,2018-08-19 12:00:00,0.021430381426076242,0.0
2017-09-20,26,0,2018-08-29 03:41:32.307692288,2018-07-02 00:00:00,0.02137757714199986,0.0
2017-09-21,26,0,2018-08-27 23:04:36.923076864,2018-07-10 12:00:00,0.021311145724115747,0.0
2017-09-22,26,0,2018-08-28 14:46:09.230769152,2018-07-04 12:00:00,0.021264420756018896,0.0
2017-09-25,26,0,2018-08-26 21:13:50.769230848,2018-08-01 12:00:00,0.021220882816024335,0.0
2017-09-26,26,0,2018-08-26 11:04:36.923076864,2018-07-19 12:00:00,0.021162197757189173,0.0
2017-09-27,26,0,2018-08-23 21:13:50.769230848,2018-07-12 12:00:00,0.021135936203028425,0.0
2017-09-28,26,0,2018-08-25 15:41:32.307692288,2018-09-06 00:00:00,0.02111442911019866,0.0
2017-09-29,26,0,2018-08-23 20:18:27.692307712,2018-08-13 12:00:00,0.021094089125975674,0.0
2017-10-02,26,0,2018-08-20 20:18:27.692307712,2018-08-10 00:00:00,0.02107659611536032,0.0
2017-10-03,26,0,2018-08-22 04:36:55.384615424,2018-09-10 12:00:00,0.021065177164250406,0.0
2017-10-04,26,0,2018-08-31 18:27:41.538461440,2018-11-06 12:00:00,0.021056026656722286,0.0
2017-10-05,26,0,2018-09-05 00:55:23.076923136,2018-12-30 12:00:00,0.021042869985943867,0.0
2017-10-06,26,0,2018-08-29 13:50:46.153846272,2018-10-05 00:00:00,0.021012871296078654,0.0
2017-10-09,26,0,2018-09-08 13:50:46.153846272,2019-01-10 12:00:00,0.020955443510443077,0.0
2017-10-10,26,0,2018-09-07 12:00:00.000000000,2019-01-01 00:00:00,0.02091463614338874,0.0
2017-10-11,26,0,2018-09-07 17:32:18.461538560,2018-12-13 12:00:00,0.02088038037935472,0.0
2017-10-12,26,0,2018-09-16 12:55:23.076923136,2019-02-02 12:00:00,0.020840699580985337,0.0
2017-10-13,26,0,2018-09-19 21:13:50.769230848,2019-02-09 00:00:00,0.020817062429397407,0.0
2017-10-16,26,0,2018-09-21 00:00:00.000000000,2019-01-19 00:00:00,0.02077963057693368,0.0
2017-10-17,26,0,2018-08-28 23:04:36.923076864,2018-09-15 12:00:00,0.02073037945665994,0.0
2017-10-18,26,0,2018-08-30 17:32:18.461538560,2018-09-18 00:00:00,0.020650219330904183,0.0
2017-10-19,26,0,2018-08-07 07:23:04.615384576,2018-04-13 00:00:00,0.020565823498827622,0.0
2017-10-20,26,0,2018-08-06 03:41:32.307692288,2018-04-17 00:00:00,0.020489768384654498,0.0
2017-10-23,26,0,2018-08-08 12:55:23.076923136,2018-04-18 00:00:00,0.020431567639423425,0.0
2017-10-24,26,0,2018-08-08 09:13:50.769230848,2018-04-16 12:00:00,0.020392555858500767,0.0
2017-10-25,26,0,2018-08-09 19:23:04.615384576,2018-04-17 12:00:00,0.020366283532689898,0.0
2017-10-26,26,0,2018-08-07 17:32:18.461538560,2018-04-18 00:00:00,0.02031462695982212,0.0
2017-10-27,26,0,2018-08-09 12:55:23.076923136,2018-04-17 12:00:00,0.020284373475094656,0.0
2017-10-30,26,0,2018-08-14 14:46:09.230769152,2018-05-01 12:00:00,0.020267075071092704,0.0
2017-10-31,26,0,2018-08-16 02:46:09.230769152,2018-05-03 12:00:00,0.020240757015925107,0.0
2017-11-01,26,0,2018-08-17 22:09:13.846153728,2018-04-26 12:00:00,0.02024841011791345,0.0
2017-11-02,26,0,2018-08-19 23:04:36.923076864,2018-04-18 12:00:00,0.020246601162254345,0.0
2017-11-03,26,0,2018-08-21 08:18:27.692307712,2018-04-19 12:00:00,0.02024309612947674,0.0
2017-11-06,26,0,2018-08-12 00:55:23.076923136,2018-04-18 12:00:00,0.020233534179380303,0.0
2017-11-07,26,0,2018-08-15 00:55:23.076923136,2018-04-19 12:00:00,0.0202202663109016,0.0
2017-11-08,26,0,2018-08-16 14:46:09.230769152,2018-04-20 00:00:00,0.02021106416224603,0.0
2017-11-09,26,0,2018-08-14 00:00:00.000000000,2018-04-29 12:00:00,0.020206259994548354,0.0
2017-11-10,26,0,2018-08-10 09:13:50.769230848,2018-04-15 00:00:00,0.020194870588186482,0.0
2017-11-13,26,0,2018-08-09 22:09:13.846153728,2018-04-22 12:00:00,0.020167102217128044,0.0
2017-11-14,26,0,2018-07-22 07:23:04.615384576,2018-04-12 00:00:00,0.02015621035889687,0.0
2017-11-15,26,0,2018-07-26 13:50:46.153846272,2018-04-12 12:00:00,0.020173430396906764,0.0
2017-11-16,26,0,2018-08-02 04:36:55.384615424,2018-04-13 00:00:00,0.02014220616641143,0.0
2017-11-17,26,0,2018-08-03 09:13:50.769230848,2018-04-19 00:00:00,0.020121110225746714,0.0
2017-11-20,26,0,2018-08-12 19:23:04.615384576,2018-04-20 12:00:00,0.020073292905543334,0.0
2017-11-21,26,0,2018-08-02 12:55:23.076923136,2018-04-13 12:00:00,0.0200183417125082,0.0
2017-11-22,26,0,2018-08-14 23:04:36.923076864,2018-04-23 00:00:00,0.019956649781081654,0.0
2017-11-23,26,0,2018-08-28 10:09:13.846153728,2018-04-24 00:00:00,0.019920564984332707,0.0
2017-11-24,26,0,2018-09-28 12:00:00.000000000,2018-11-29 00:00:00,0.01992279162579868,0.0
2017-11-27,26,0,2018-09-27 02:46:09.230769152,2018-12-04 00:00:00,0.019850250167044416,0.0
2017-11-28,26,0,2018-08-28 18:27:41.538461440,2018-05-20 00:00:00,0.01978708619245495,0.0
2017-11-29,26,0,2018-09-09 18:27:41.538461440,2018-05-19 12:00:00,0.019784920568953514,0.0
2017-11-30,26,0,2018-10-08 23:04:36.923076864,2019-02-03 12:00:00,0.019805910458725682,0.0
2017-12-01,26,0,2018-10-04 19:23:04.615384576,2018-10-27 00:00:00,0.019799567871481853,0.0
2017-12-04,26,0,2018-09-23 09:13:50.769230848,2018-08-26 00:00:00,0.019713710117466768,0.0
2017-12-05,26,0,2018-09-11 02:46:09.230769152,2018-06-29 00:00:00,0.019631221839901344,0.0
2017-12-06,26,0,2018-09-15 19:23:04.615384576,2018-07-06 12:00:00,0.019621854920488183,0.0
2017-12-07,26,0,2018-09-28 03:41:32.307692288,2018-11-22 00:00:00,0.019612697938633968,0.0
2017-12-08,26,0,2018-09-04 18:27:41.538461440,2018-05-11 00:00:00,0.019450579657517522,0.0
2017-12-11,26,0,2018-09-22 00:00:00.000000000,2018-09-29 12:00:00,0.01948464536675607,0.0
2017-12-12,26,0,2018-09-21 08:18:27.692307712,2018-09-29 00:00:00,0.019458874440360728,0.0
2017-12-13,26,0,2018-10-01 19:23:04.615384576,2018-12-11 12:00:00,0.019434096614389544,0.0
2017-12-14,26,0,2018-09-19 05:32:18.461538560,2018-09-01 12:00:00,0.019402881440063278,0.0
2017-12-15,26,0,2018-09-28 08:18:27.692307712,2018-10-10 00:00:00,0.019370675832270184,0.0
2017-12-18,26,0,2018-09-29 03:41:32.307692288,2018-09-16 00:00:00,0.019297397189327516,0.0
2017-12-19,26,0,2018-09-29 21:13:50.769230848,2018-09-13 00:00:00,0.019244457829252475,0.0
2017-12-20,26,0,2018-10-04 17:32:18.461538560,2018-10-25 12:00:00,0.01921297118533878,0.0
2017-12-21,26,0,2018-10-04 10:09:13.846153728,2018-10-19 12:00:00,0.019164647689670147,0.0
2017-12-22,26,0,2018-10-06 08:18:27.692307712,2018-10-26 00:00:00,0.01912411938455592,0.0
2017-12-27,26,0,2018-09-21 00:55:23.076923136,2018-05-18 12:00:00,0.019030311486873005,0.0
2017-12-28,26,0,2018-09-03 16:36:55.384615424,2018-05-16 00:00:00,0.018901092220813046,0.0
2017-12-29,26,0,2018-09-18 20:18:27.692307712,2018-05-21 00:00:00,0.018895277329537948,0.0
2018-01-03,26,0,2018-10-05 19:23:04.615384576,2018-11-07 12:00:00,0.0188828534590071,0.0
2018-01-04,26,0,2018-09-22 20:18:27.692307712,2018-05-23 00:00:00,0.01877151537405353,0.0
2018-01-05,26,0,2018-09-19 06:27:41.538461440,2018-05-24 00:00:00,0.018748859744873083,0.0
2018-01-08,26,0,2018-10-12 10:09:13.846153728,2018-11-17 00:00:00,0.018807991531514547,0.0
2018-01-09,26,0,2018-09-25 16:36:55.384615424,2018-05-25 00:00:00,0.018717511306183987,0.0
2018-01-10,26,0,2018-09-18 04:36:55.384615424,2018-05-25 12:00:00,0.01869649650830994,0.0
2018-01-11,26,0,2018-09-16 06:27:41.538461440,2018-05-25 12:00:00,0.018634427874488577,0.0
2018-01-12,26,0,2018-09-19 12:00:00.000000000,2018-05-25 00:00:00,0.018616904646503667,0.0
2018-01-15,26,0,2018-09-04 20:18:27.692307712,2018-05-18 00:00:00,0.018474411353707417,0.0
2018-01-16,26,0,2018-09-22 04:36:55.384615424,2018-05-24 12:00:00,0.01854754109433651,0.0
2018-01-17,26,0,2018-09-23 20:18:27.692307712,2018-05-25 00:00:00,0.01854231112559732,0.0
2018-01-18,26,0,2018-09-24 22:09:13.846153728,2018-05-24 12:00:00,0.01852692056779799,0.0
2018-01-19,26,0,2018-09-29 11:04:36.923076864,2018-05-23 12:00:00,0.01851144306563521,0.0
2018-01-22,26,0,2018-09-14 17:32:18.461538560,2018-05-24 00:00:00,0.01852789265807963,0.0
2018-01-23,26,0,2018-09-19 21:13:50.769230848,2018-05-24 00:00:00,0.018553499771443126,0.0
2018-01-24,26,0,2018-09-24 02:46:09.230769152,2018-05-23 12:00:00,0.018561975651432153,0.0
2018-01-25,26,0,2018-10-01 14:46:09.230769152,2018-05-25 00:00:00,0.018536127927983762,0.0
2018-01-26,26,0,2018-09-29 22:09:13.846153728,2018-05-24 12:00:00,0.018476556464779227,0.0
2018-01-29,26,0,2018-10-05 00:55:23.076923136,2018-05-25 12:00:00,0.018482838195859132,0.0
2018-01-30,26,0,2018-09-07 03:41:32.307692288,2018-05-23 00:00:00,0.01840892306474315,0.0
2018-01-31,26,0,2018-09-10 08:18:27.692307712,2018-05-23 00:00:00,0.018313487606946746,0.0
2018-02-01,26,0,2018-08-24 17:32:18.461538560,2018-05-19 12:00:00,0.018322160484617454,0.0
2018-02-02,26,0,2018-09-09 20:18:27.692307712,2018-05-20 12:00:00,0.018282640674928203,0.0
2018-02-05,26,0,2018-09-30 12:55:23.076923136,2018-05-23 12:00:00,0.01850456616474561,0.0
2018-02-06,26,0,2018-08-05 03:41:32.307692288,2018-05-11 00:00:00,0.018583947733984012,0.0
2018-02-07,26,0,2018-08-23 15:41:32.307692288,2018-05-12 00:00:00,0.018683802343709113,0.0
2018-02-08,26,0,2018-08-26 02:46:09.230769152,2018-05-12 12:00:00,0.018910216730500275,0.0
2018-02-09,26,0,2018-08-10 00:55:23.076923136,2018-05-06 12:00:00,0.019247293241904988,0.0
2018-02-12,26,0,2018-08-29 12:55:23.076923136,2018-05-12 00:00:00,0.019486334292386033,0.0
2018-02-13,26,0,2018-08-12 12:00:00.000000000,2018-05-05 00:00:00,0.019651403227751177,0.0
2018-02-14,26,0,2018-08-06 13:50:46.153846272,2018-05-05 00:00:00,0.019749498049146424,0.0
2018-02-15,26,0,2018-08-12 19:23:04.615384576,2018-05-06 12:00:00,0.01982854545838277,0.0
2018-02-16,26,0,2018-08-16 03:41:32.307692288,2018-05-07 00:00:00,0.019853415148243937,0.0
2018-02-19,26,0,2018-07-31 19:23:04.615384576,2018-05-06 00:00:00,0.019868210112776993,0.0
2018-02-20,26,0,2018-07-31 14:46:09.230769152,2018-05-06 12:00:00,0.019896809404739497,0.0
2018-02-21,26,0,2018-08-11 09:13:50.769230848,2018-05-12 12:00:00,0.01999964073646097,0.0
2018-02-22,26,0,2018-07-19 22:09:13.846153728,2018-05-07 12:00:00,0.01995532169081136,0.0
2018-02-23,26,0,2018-07-25 11:04:36.923076864,2018-05-13 12:00:00,0.02002193562177956,0.0
2018-02-26,26,0,2018-07-23 04:36:55.384615424,2018-05-11 12:00:00,0.019999658761751162,0.0
2018-02-27,26,0,2018-07-24 13:50:46.153846272,2018-05-14 00:00:00,0.02002521629684406,0.0
2018-02-28,26,0,2018-07-26 01:50:46.153846272,2018-05-14 00:00:00,0.020088723716389596,0.0
2018-03-01,26,0,2018-07-27 12:55:23.076923136,2018-05-14 12:00:00,0.02023640515596684,0.0
2018-03-02,26,0,2018-08-23 09:13:50.769230848,2018-06-05 00:00:00,0.02065236534397776,0.0
2018-03-05,26,0,2018-10-04 15:41:32.307692288,2018-06-09 00:00:00,0.020799216618962134,0.0
2018-03-06,26,0,2018-11-06 00:55:23.076923136,2018-06-21 12:00:00,0.020955183266339793,0.0
2018-03-07,26,0,2018-10-28 01:50:46.153846272,2018-06-23 12:00:00,0.02099871044597843,0.0
2018-03-08,26,0,2018-11-10 00:55:23.076923136,2018-07-04 12:00:00,0.021078085375363327,0.0
2018-03-09,26,0,2018-12-26 20:18:27.692307712,2018-12-24 00:00:00,0.021221871012658714,0.0
2018-03-12,26,0,2018-11-24 07:23:04.615384576,2018-07-10 12:00:00,0.021135946370624638,0.0
2018-03-13,26,0,2018-12-26 13:50:46.153846272,2019-01-19 12:00:00,0.021193624421384786,0.0
2018-03-14,26,0,2018-11-22 14:46:09.230769152,2018-07-13 12:00:00,0.021140532893312476,0.0
2018-03-15,26,0,2018-12-09 08:18:27.692307712,2018-08-06 00:00:00,0.021170871628714172,0.0
2018-03-16,26,0,2018-12-13 15:41:32.307692288,2018-08-07 12:00:00,0.021162523574591786,0.0
2018-03-19,26,0,2019-01-08 18:27:41.538461440,2019-02-22 12:00:00,0.02122455302594312,0.0
2018-03-20,26,0,2019-01-26 14:46:09.230769152,2019-07-05 12:00:00,0.021279828473041714,0.0
2018-03-21,26,0,2018-12-31 14:46:09.230769152,2019-03-29 12:00:00,0.02122221437718563,0.0
2018-03-22,26,0,2019-01-06 03:41:32.307692288,2019-04-18 00:00:00,0.021280429044035674,0.0
2018-03-23,26,0,2019-01-30 13:50:46.153846272,2019-05-30 00:00:00,0.021423410193936544,0.0
2018-03-26,26,0,2019-02-07 00:00:00.000000000,2019-07-10 12:00:00,0.021524316239671066,0.0
2018-03-27,26,0,2019-02-09 00:00:00.000000000,2019-06-29 12:00:00,0.021579952100866807,0.0
2018-03-28,26,0,2019-02-15 19:23:04.615384576,2019-07-19 12:00:00,0.02161130295732597,0.0
2018-03-29,26,0,2019-03-01 15:41:32.307692288,2019-07-17 00:00:00,0.021605829933764958,0.0
2018-04-03,26,0,2019-03-28 19:23:04.615384576,2019-08-16 00:00:00,0.021661816792407362,0.0
2018-04-04,26,0,2019-03-26 00:00:00.000000000,2019-08-17 00:00:00,0.02169623263164439,0.0
2018-04-05,26,0,2019-04-17 12:00:00.000000000,2019-08-18 00:00:00,0.02169885028059423,0.0
2018-04-06,26,0,2019-03-29 22:09:13.846153728,2019-08-19 00:00:00,0.021678812484674966,0.0
2018-04-09,26,0,2019-03-22 13:50:46.153846272,2019-08-22 00:00:00,0.02163000207809722,0.0
2018-04-10,26,0,2019-03-27 05:32:18.461538560,2019-08-23 00:00:00,0.021619907102802854,0.0
2018-04-11,26,0,2019-03-27 03:41:32.307692288,2019-08-24 00:00:00,0.02158175535118503,0.0
2018-04-12,26,0,2019-03-27 04:36:55.384615424,2019-08-25 00:00:00,0.021537977906565784,0.0
2018-04-13,26,0,2019-04-05 02:46:09.230769152,2019-08-26 00:00:00,0.02150520948506904,0.0
2018-04-16,26,0,2019-04-06 23:04:36.923076864,2019-08-29 00:00:00,0.021455459965456954,0.0
2018-04-17,26,0,2019-04-07 12:55:23.076923136,2019-08-30 00:00:00,0.02140556149225988,0.0
2018-04-18,26,0,2019-03-28 23:04:36.923076864,2019-08-31 00:00:00,0.021338656967248158,0.0
2018-04-19,26,0,2019-03-29 12:55:23.076923136,2019-09-01 00:00:00,0.02127866941690186,0.0
2018-04-20,26,0,2019-03-30 01:50:46.153846272,2019-09-02 00:00:00,0.021228387901410573,0.0
2018-04-23,26,0,2019-04-01 00:00:00.000000000,2019-09-05 00:00:00,0.021182424489427195,0.0
2018-04-24,26,0,2019-04-01 18:27:41.538461440,2019-09-06 00:00:00,0.02114596441592368,0.0
2018-04-25,26,0,2019-04-03 02:46:09.230769152,2019-09-07 00:00:00,0.021112091267869518,0.0
2018-04-26,26,0,2019-03-25 12:00:00.000000000,2019-09-08 00:00:00,0.021070133196578782,0.0
2018-04-27,26,0,2019-03-27 09:13:50.769230848,2019-09-09 00:00:00,0.021032451844441954,0.0
2018-04-30,26,0,2019-04-01 02:46:09.230769152,2019-09-12 00:00:00,0.02099853216080213,0.0
2018-05-02,26,0,2019-04-04 00:55:23.076923136,2019-09-14 00:00:00,0.020984412438475132,0.0
2018-05-03,26,0,2019-04-05 00:55:23.076923136,2019-09-15 00:00:00,0.020943615146750985,0.0
2018-05-04,26,0,2019-04-06 07:23:04.615384576,2019-09-16 00:00:00,0.020918730135589796,0.0
2018-05-07,26,0,2019-04-08 15:41:32.307692288,2019-09-18 00:00:00,0.020914775862239825,0.0
2018-05-08,26,0,2019-04-06 08:18:27.692307712,2019-09-17 12:00:00,0.020911036973454623,0.0
2018-05-09,26,0,2019-04-08 00:55:23.076923136,2019-09-17 12:00:00,0.02091478230870451,0.0
2018-05-11,26,0,2019-03-31 12:55:23.076923136,2019-09-08 00:00:00,0.020913235395487565,0.0
2018-05-14,26,0,2019-04-01 09:13:50.769230848,2019-09-08 12:00:00,0.0209001195453446,0.0
2018-05-15,26,0,2019-03-26 22:09:13.846153728,2019-08-05 00:00:00,0.020883478541652678,0.0
2018-05-16,26,0,2019-03-22 23:04:36.923076864,2019-07-16 00:00:00,0.020864650780706,0.0
2018-05-17,26,0,2019-03-23 23:04:36.923076864,2019-07-28 12:00:00,0.020844721511977523,0.0
2018-05-18,26,0,2019-03-26 08:18:27.692307712,2019-07-24 00:00:00,0.020818028821284758,0.0
2018-05-22,26,0,2019-03-28 02:46:09.230769152,2019-07-03 12:00:00,0.02080531003348698,0.0
2018-05-23,26,0,2019-03-31 06:27:41.538461440,2019-08-08 12:00:00,0.02075940838826227,0.0
2018-05-24,26,0,2019-04-01 13:50:46.153846272,2019-08-10 00:00:00,0.02071398240559304,0.0
2018-05-25,26,0,2019-04-01 15:41:32.307692288,2019-07-26 00:00:00,0.020661547872753424,0.0
2018-05-28,26,0,2019-04-06 10:09:13.846153728,2019-09-05 12:00:00,0.020603915802497152,0.0
2018-05-29,26,0,2019-04-06 08:18:27.692307712,2019-08-27 00:00:00,0.020539631104452557,0.0
2018-05-30,26,0,2019-03-31 06:27:41.538461440,2019-05-17 12:00:00,0.020459899765434778,0.0
2018-05-31,26,0,2019-04-08 00:00:00.000000000,2019-05-28 00:00:00,0.020413839109236165,0.0
2018-06-01,26,0,2019-04-05 12:00:00.000000000,2019-05-03 12:00:00,0.0203601555742089,0.0
2018-06-04,26,0,2019-04-06 00:55:23.076923136,2019-05-07 00:00:00,0.020322718052409823,0.0
2018-06-05,26,0,2019-04-08 12:55:23.076923136,2019-05-03 12:00:00,0.020284042445100244,0.0
2018-06-06,26,0,2019-04-04 09:13:50.769230848,2019-05-01 12:00:00,0.020224333668716614,0.0
2018-06-07,26,0,2019-04-06 12:55:23.076923136,2019-05-25 00:00:00,0.02018441367401802,0.0
2018-06-08,26,0,2019-04-09 14:46:09.230769152,2019-06-06 12:00:00,0.020147330777526597,0.0
2018-06-11,26,0,2019-04-11 23:04:36.923076864,2019-06-10 12:00:00,0.020116804368064182,0.0
2018-06-12,26,0,2019-04-14 18:27:41.538461440,2019-06-01 12:00:00,0.020088485931729842,0.0
2018-06-13,26,0,2019-04-10 14:46:09.230769152,2019-06-23 12:00:00,0.020062640268622645,0.0
2018-06-14,26,0,2019-04-23 06:27:41.538461440,2019-06-17 12:00:00,0.020103838642143143,0.0
2018-06-15,26,0,2019-04-29 09:13:50.769230848,2019-07-24 12:00:00,0.020073085584048536,0.0
2018-06-18,26,0,2019-04-29 13:50:46.153846272,2019-06-29 00:00:00,0.020038101398799454,0.0
2018-06-19,26,0,2019-05-01 19:23:04.615384576,2019-08-01 00:00:00,0.01999865720079358,0.0
2018-06-20,26,0,2019-04-30 23:04:36.923076864,2019-07-23 00:00:00,0.01998532900344548,0.0
2018-06-21,26,0,2019-05-06 08:18:27.692307712,2019-08-18 12:00:00,0.019928090604368936,0.0
2018-06-22,26,0,2019-05-13 21:13:50.769230848,2019-08-12 00:00:00,0.019929016838093838,0.0
2018-06-25,26,0,2019-05-23 15:41:32.307692288,2019-09-10 00:00:00,0.019930002691986345,0.0
2018-06-26,26,0,2019-05-07 12:00:00.000000000,2019-06-04 12:00:00,0.01987513046856519,0.0
2018-06-27,26,0,2019-05-15 16:36:55.384615424,2019-06-10 12:00:00,0.01986987905827831,0.0
2018-06-28,26,0,2019-05-10 01:50:46.153846272,2019-06-12 00:00:00,0.019828505627174618,0.0
2018-06-29,26,0,2019-05-08 10:09:13.846153728,2019-06-23 12:00:00,0.019796096802100926,0.0
2018-07-02,26,0,2019-05-15 15:41:32.307692288,2019-06-15 12:00:00,0.01977073920799758,0.0
2018-07-03,26,0,2019-05-18 05:32:18.461538560,2019-06-23 12:00:00,0.019707366340890483,0.0
2018-07-04,26,0,2019-05-17 14:46:09.230769152,2019-06-24 12:00:00,0.01964739875997466,0.0
2018-07-05,26,0,2019-05-24 09:13:50.769230848,2019-06-27 00:00:00,0.019593599963755613,0.0
2018-07-06,26,0,2019-05-18 04:36:55.384615424,2019-07-01 00:00:00,0.019550389171574332,0.0
2018-07-09,26,0,2019-05-21 03:41:32.307692288,2019-07-22 00:00:00,0.019522552788826357,0.0
2018-07-10,26,0,2019-05-17 12:00:00.000000000,2019-07-16 12:00:00,0.01949981536077592,0.0
2018-07-11,26,0,2019-05-19 21:13:50.769230848,2019-08-06 00:00:00,0.019466860336492007,0.0
2018-07-12,26,0,2019-05-22 02:46:09.230769152,2019-08-15 12:00:00,0.019437535706005735,0.0
2018-07-13,26,0,2019-05-20 10:09:13.846153728,2019-09-08 00:00:00,0.019403947087218675,0.0
2018-07-16,26,0,2019-05-21 06:27:41.538461440,2019-08-30 00:00:00,0.019367957816089156,0.0
2018-07-17,26,0,2019-05-24 04:36:55.384615424,2019-09-13 12:00:00,0.01933753325053008,0.0
2018-07-18,26,0,2019-05-26 00:55:23.076923136,2019-09-23 00:00:00,0.019311480150883388,0.0
2018-07-19,26,0,2019-05-21 10:09:13.846153728,2019-09-29 00:00:00,0.019283466181728916,0.0
2018-07-20,26,0,2019-05-22 03:41:32.307692288,2019-09-22 00:00:00,0.019253157081749652,0.0
2018-07-23,26,0,2019-05-21 04:36:55.384615424,2019-11-07 00:00:00,0.01921316729701603,0.0
2018-07-24,26,0,2019-05-23 05:32:18.461538560,2019-11-25 12:00:00,0.019161074064673225,0.0
2018-07-25,26,0,2019-05-24 00:00:00.000000000,2019-11-19 12:00:00,0.01910366849500429,0.0
2018-07-26,26,0,2019-05-25 01:50:46.153846272,2019-11-30 12:00:00,0.019053018794378207,0.0
2018-07-27,26,0,2019-05-26 06:27:41.538461440,2019-11-28 12:00:00,0.01899724296529245,0.0
2018-07-30,26,0,2019-05-16 01:50:46.153846272,2019-06-19 12:00:00,0.0189383669694816,0.0
2018-07-31,26,0,2019-05-18 01:50:46.153846272,2019-06-20 00:00:00,0.0188719461772482,0.0
2018-08-02,26,0,2019-05-17 11:04:36.923076864,2019-06-18 12:00:00,0.018811439532307947,0.0
2018-08-03,26,0,2019-05-18 06:27:41.538461440,2019-06-21 00:00:00,0.018750535590159826,0.0
2018-08-06,26,0,2019-06-02 20:18:27.692307712,2019-12-18 12:00:00,0.018703909029908185,0.0
2018-08-07,26,0,2019-06-04 07:23:04.615384576,2019-12-19 00:00:00,0.01865187151675711,0.0
2018-08-08,26,0,2019-06-05 03:41:32.307692288,2019-12-18 00:00:00,0.01858669042525786,0.0
2018-08-09,26,0,2019-05-23 09:13:50.769230848,2019-06-19 12:00:00,0.01849498960490912,0.0
2018-08-10,26,0,2019-05-20 01:50:46.153846272,2019-06-22 00:00:00,0.01844672026204871,0.0
2018-08-13,26,0,2019-05-21 20:18:27.692307712,2019-06-23 00:00:00,0.01840285376846185,0.0
2018-08-14,26,0,2019-05-25 12:55:23.076923136,2019-06-19 12:00:00,0.018361178034363577,0.0
2018-08-15,26,0,2019-05-23 00:00:00.000000000,2019-06-21 00:00:00,0.018349369173865218,0.0
2018-08-16,26,0,2019-06-07 00:55:23.076923136,2019-12-26 12:00:00,0.018362132021042685,0.0
2018-08-17,26,0,2019-05-24 05:32:18.461538560,2019-06-21 00:00:00,0.018288625516242354,0.0
2018-08-20,26,0,2019-05-26 00:00:00.000000000,2019-06-22 12:00:00,0.01826294873027313,0.0
2018-08-21,26,0,2019-05-26 10:09:13.846153728,2019-06-24 12:00:00,0.018232707038996984,0.0
2018-08-22,26,0,2019-05-27 07:23:04.615384576,2019-06-25 00:00:00,0.01820706073102973,0.0
2018-08-23,26,0,2019-05-28 03:41:32.307692288,2019-06-25 12:00:00,0.018188257855363987,0.0
2018-08-24,26,0,2019-05-28 13:50:46.153846272,2019-06-26 00:00:00,0.018169415462608265,0.0
2018-08-27,26,0,2019-05-29 18:27:41.538461440,2019-06-28 00:00:00,0.018141830619610277,0.0
2018-08-28,26,0,2019-05-30 03:41:32.307692288,2019-06-28 12:00:00,0.01811116203678523,0.0
2018-08-29,26,0,2019-05-30 08:18:27.692307712,2019-06-29 12:00:00,0.018066449675506382,0.0
2018-08-30,26,0,2019-05-30 20:18:27.692307712,2019-06-30 12:00:00,0.018019471050736348,0.0
2018-08-31,26,0,2019-05-31 21:13:50.769230848,2019-07-01 00:00:00,0.017999748694919188,0.0
2018-09-03,26,0,2019-06-02 01:50:46.153846272,2019-07-03 00:00:00,0.01797833101672244,0.0
2018-09-04,26,0,2019-06-01 21:13:50.769230848,2019-07-03 12:00:00,0.017967851923258536,0.0
2018-09-05,26,0,2019-06-02 16:36:55.384615424,2019-07-04 12:00:00,0.017998784506108173,0.0
2018-09-06,26,0,2019-05-31 16:36:55.384615424,2019-07-05 12:00:00,0.01805419535472588,0.0
2018-09-07,26,0,2019-05-18 17:32:18.461538560,2018-12-20 12:00:00,0.018075576453938855,0.0
2018-09-10,26,0,2019-05-21 10:09:13.846153728,2018-12-21 00:00:00,0.018099650946431164,0.0
2018-09-11,26,0,2019-05-21 22:09:13.846153728,2018-12-21 12:00:00,0.018108706490397804,0.0
2018-09-12,26,0,2019-05-22 12:55:23.076923136,2018-12-22 00:00:00,0.018085747023454432,0.0
2018-09-13,26,0,2019-05-23 07:23:04.615384576,2018-12-22 12:00:00,0.01807471428345249,0.0
2018-09-14,26,0,2019-05-23 21:13:50.769230848,2018-12-23 00:00:00,0.018059872112169466,0.0
2018-09-17,26,0,2019-05-28 07:23:04.615384576,2018-12-23 12:00:00,0.018061407000222376,0.0
2018-09-18,26,0,2019-05-28 13:50:46.153846272,2018-12-23 00:00:00,0.018045306318316,0.0
2018-09-19,26,0,2019-05-26 12:55:23.076923136,2018-12-23 12:00:00,0.018003188037305173,0.0
2018-09-20,26,0,2019-05-27 12:00:00.000000000,2018-12-22 12:00:00,0.017972495243035923,0.0
2018-09-21,26,0,2019-05-11 23:04:36.923076864,2018-12-21 00:00:00,0.017924890070424623,0.0
2018-09-24,26,0,2019-05-29 03:41:32.307692288,2018-12-20 12:00:00,0.01793730103361185,0.0
2018-09-25,26,0,2019-06-02 00:55:23.076923136,2018-12-21 00:00:00,0.017901481421473707,0.0
2018-09-26,26,0,2019-06-01 02:46:09.230769152,2018-12-21 00:00:00,0.017838236220290325,0.0
2018-09-27,26,0,2019-06-02 00:55:23.076923136,2018-12-21 00:00:00,0.017848741350337545,0.0
2018-09-28,26,0,2019-06-05 16:36:55.384615424,2018-12-21 12:00:00,0.017832788143767063,0.0
2018-10-01,26,0,2019-06-11 23:04:36.923076864,2018-12-21 00:00:00,0.017838974726944703,0.0
2018-10-02,26,0,2019-06-12 03:41:32.307692288,2018-12-21 00:00:00,0.01781481339994314,0.0
2018-10-03,26,0,2019-06-08 02:46:09.230769152,2018-12-21 12:00:00,0.01774668089452273,0.0
2018-10-04,26,0,2019-06-13 06:27:41.538461440,2018-12-20 12:00:00,0.017767777507255486,0.0
2018-10-05,26,0,2019-05-29 12:00:00.000000000,2018-12-19 00:00:00,0.0177646944714418,0.0
2018-10-08,26,0,2019-06-17 19:23:04.615384576,2018-12-17 00:00:00,0.01782418780464989,0.0
2018-10-09,26,0,2019-06-07 10:09:13.846153728,2018-12-16 12:00:00,0.017836926482049365,0.0
2018-10-10,26,0,2019-06-08 04:36:55.384615424,2018-12-15 12:00:00,0.017932266846059034,0.0
2018-10-11,26,0,2019-06-08 03:41:32.307692288,2018-12-14 00:00:00,0.018198847902476785,0.0
2018-10-12,26,0,2019-06-09 00:00:00.000000000,2018-12-13 12:00:00,0.01845406411354459,0.0
2018-10-15,26,0,2019-05-26 22:09:13.846153728,2018-12-14 12:00:00,0.018647524554990826,0.0
2018-10-16,26,0,2019-05-28 00:00:00.000000000,2018-12-14 12:00:00,0.01872573883388395,0.0
2018-10-17,26,0,2019-06-30 12:00:00.000000000,2018-12-17 00:00:00,0.018855280366954694,0.0
2018-10-18,26,0,2019-07-03 09:13:50.769230848,2019-01-07 00:00:00,0.01896338557815142,0.0
2018-10-19,26,0,2019-07-17 11:04:36.923076864,2019-07-22 00:00:00,0.019097316361300763,0.0
2018-10-22,26,0,2019-07-20 02:46:09.230769152,2019-07-24 00:00:00,0.01927961948866091,0.0
2018-10-23,26,0,2019-07-20 06:27:41.538461440,2019-07-27 12:00:00,0.019557232599431887,0.0
2018-10-24,26,0,2019-08-07 04:36:55.384615424,2020-02-26 00:00:00,0.019831203192474514,0.0
2018-10-25,26,0,2019-07-20 11:04:36.923076864,2019-08-19 00:00:00,0.019961146749022787,0.0
2018-10-26,26,0,2019-08-04 12:00:00.000000000,2020-03-03 00:00:00,0.020198272550482087,0.0
2018-10-29,26,0,2019-08-28 04:36:55.384615424,2020-02-29 12:00:00,0.020404362054381335,0.0
2018-10-30,26,0,2019-08-29 20:18:27.692307712,2020-02-29 00:00:00,0.02053645130769213,0.0
2018-10-31,26,0,2019-08-22 10:09:13.846153728,2020-03-02 12:00:00,0.020526884349686556,0.0
2018-11-01,26,0,2019-07-20 02:46:09.230769152,2019-07-21 00:00:00,0.020580602522952716,0.0
2018-11-02,26,0,2019-08-23 16:36:55.384615424,2020-02-22 00:00:00,0.020633162399017503,0.0
2018-11-05,26,0,2019-08-27 12:00:00.000000000,2020-03-06 12:00:00,0.020628283554691592,0.0
2018-11-06,26,0,2019-08-17 23:04:36.923076864,2020-03-09 00:00:00,0.02062619274496602,0.0
2018-11-07,26,0,2019-08-17 06:27:41.538461440,2020-03-03 00:00:00,0.02061279413535078,0.0
2018-11-08,26,0,2019-07-23 23:04:36.923076864,2019-08-13 00:00:00,0.020613559478075614,0.0
2018-11-09,26,0,2019-09-05 12:55:23.076923136,2020-03-03 00:00:00,0.020617792228287322,0.0
2018-11-12,26,0,2019-08-27 13:50:46.153846272,2020-02-18 12:00:00,0.020618322140539654,0.0
2018-11-13,26,0,2019-08-20 07:23:04.615384576,2020-02-07 00:00:00,0.020591565374095715,0.0
2018-11-14,26,0,2019-09-10 22:09:13.846153728,2020-03-16 00:00:00,0.02056777968091158,0.0
2018-11-15,26,0,2019-09-12 00:55:23.076923136,2020-03-22 00:00:00,0.020541089467582978,0.0
2018-11-16,26,0,2019-09-12 01:50:46.153846272,2020-03-25 12:00:00,0.020532252292306572,0.0
2018-11-19,26,0,2019-09-10 06:27:41.538461440,2020-03-26 00:00:00,0.020544658217736215,0.0
2018-11-20,26,0,2019-09-11 09:13:50.769230848,2020-02-29 00:00:00,0.020594809710562077,0.0
2018-11-21,26,0,2019-09-14 16:36:55.384615424,2020-03-02 00:00:00,0.020587624633514507,0.0
2018-11-22,26,0,2019-09-18 11:04:36.923076864,2020-03-26 00:00:00,0.020610537775717416,0.0
2018-11-23,26,0,2019-10-09 13:50:46.153846272,2020-04-05 00:00:00,0.020695625585081066,0.0
2018-11-26,26,0,2019-09-14 05:32:18.461538560,2020-02-28 12:00:00,0.020625014280354945,0.0
2018-11-27,26,0,2019-10-24 05:32:18.461538560,2020-04-10 00:00:00,0.020700565602781235,0.0
2018-11-28,26,0,2019-10-14 00:00:00.000000000,2020-04-10 00:00:00,0.020666580240398746,0.0
2018-11-29,26,0,2019-10-14 12:55:23.076923136,2020-04-11 00:00:00,0.020656930173031045,0.0
2018-11-30,26,0,2019-10-20 16:36:55.384615424,2020-04-12 00:00:00,0.020699078771842898,0.0
2018-12-03,26,0,2019-10-19 14:46:09.230769152,2020-04-12 00:00:00,0.02070344390319008,0.0
2018-12-04,26,0,2019-10-22 02:46:09.230769152,2020-04-15 12:00:00,0.02068111286523047,0.0
2018-12-05,26,0,2019-10-22 16:36:55.384615424,2020-04-13 00:00:00,0.02067111530423153,0.0
2018-12-06,26,0,2019-11-12 12:00:00.000000000,2020-04-19 00:00:00,0.020800899144423405,0.0
2018-12-07,26,0,2019-11-15 15:41:32.307692288,2020-04-20 00:00:00,0.020868060926238163,0.0
2018-12-10,26,0,2019-12-11 11:04:36.923076864,2020-04-23 00:00:00,0.021115743779592515,0.0
2018-12-11,26,0,2020-01-09 13:50:46.153846272,2020-04-24 00:00:00,0.021251753503145062,0.0
2018-12-12,26,0,2019-12-18 12:00:00.000000000,2020-04-25 00:00:00,0.02116900163366411,0.0
2018-12-13,26,0,2019-11-28 22:09:13.846153728,2020-04-26 00:00:00,0.021122475921373306,0.0
2018-12-14,26,0,2020-01-07 18:27:41.538461440,2020-04-27 00:00:00,0.021254493384895212,0.0
2018-12-17,26,0,2020-01-22 21:13:50.769230848,2020-04-30 00:00:00,0.021343602184337857,0.0
2018-12-18,26,0,2020-01-24 01:50:46.153846272,2020-05-01 00:00:00,0.021396442052657595,0.0
2018-12-19,26,0,2020-02-14 09:13:50.769230848,2020-05-02 00:00:00,0.02150086148594947,0.0
2018-12-20,26,0,2020-02-15 23:04:36.923076864,2020-05-03 00:00:00,0.021566615977808033,0.0
2018-12-21,26,0,2020-02-18 19:23:04.615384576,2020-05-04 00:00:00,0.021624984115822036,0.0
2018-12-27,26,0,2020-03-05 21:13:50.769230848,2020-05-10 00:00:00,0.021727226850000638,0.0
2018-12-28,26,0,2020-03-06 03:41:32.307692288,2020-05-11 00:00:00,0.021765510185236887,0.0
2019-01-03,26,0,2020-02-26 22:09:13.846153728,2020-05-17 00:00:00,0.021824827988964755,0.0
2019-01-04,26,0,2020-03-17 08:18:27.692307712,2020-05-18 00:00:00,0.021870977797241866,0.0
2019-01-07,26,0,2020-03-20 12:55:23.076923136,2020-05-21 00:00:00,0.021874354910725743,0.0
2019-01-08,26,0,2020-03-31 09:13:50.769230848,2020-05-22 00:00:00,0.021939570549908066,0.0
2019-01-09,26,0,2020-03-15 00:00:00.000000000,2020-05-23 00:00:00,0.02192239860699858,0.0
2019-01-10,26,0,2020-03-05 15:41:32.307692288,2020-05-24 00:00:00,0.021952227826243894,0.0
2019-01-11,26,0,2020-03-06 11:04:36.923076864,2020-05-25 00:00:00,0.021972180549569623,0.0
2019-01-14,26,0,2020-03-20 10:09:13.846153728,2020-05-28 00:00:00,0.021980993948230092,0.0
2019-01-15,26,0,2020-03-08 11:04:36.923076864,2020-05-29 00:00:00,0.02198201100882826,0.0
2019-01-16,26,0,2020-03-04 19:23:04.615384576,2020-05-30 00:00:00,0.021985762332893535,0.0
2019-01-17,26,0,2020-03-05 16:36:55.384615424,2020-05-31 00:00:00,0.021997531996981453,0.0
2019-01-18,26,0,2020-02-28 20:18:27.692307712,2020-05-31 12:00:00,0.02203443970342556,0.0
2019-01-21,26,0,2020-02-20 03:41:32.307692288,2020-06-01 00:00:00,0.02204343349276812,0.0
2019-01-22,26,0,2020-02-18 09:13:50.769230848,2020-05-31 00:00:00,0.022040270347299405,0.0
2019-01-23,26,0,2020-02-13 08:18:27.692307712,2020-05-14 00:00:00,0.022029562962030933,0.0
2019-01-24,26,0,2020-02-13 02:46:09.230769152,2020-05-21 12:00:00,0.022011529549204264,0.0
2019-01-25,26,0,2020-02-04 23:04:36.923076864,2020-03-05 00:00:00,0.022009912022530984,0.0
2019-01-28,26,0,2020-01-30 05:32:18.461538560,2020-02-12 12:00:00,0.021973545037001434,0.0
2019-01-29,26,0,2020-01-28 22:09:13.846153728,2020-02-16 00:00:00,0.021955611029161666,0.0
2019-01-30,26,0,2020-01-25 02:46:09.230769152,2020-02-15 00:00:00,0.02193234825826271,0.0
2019-01-31,26,0,2020-01-15 01:50:46.153846272,2020-01-27 12:00:00,0.021895150111335415,0.0
2019-02-01,26,0,2020-01-11 23:04:36.923076864,2020-01-26 00:00:00,0.021858201920013396,0.0
2019-02-04,26,0,2020-01-11 04:36:55.384615424,2020-02-05 12:00:00,0.02181157657884769,0.0
2019-02-05,26,0,2020-01-08 08:18:27.692307712,2020-01-23 00:00:00,0.021808518565927852,0.0
2019-02-06,26,0,2020-01-03 21:13:50.769230848,2019-12-09 00:00:00,0.021811212253276743,0.0
2019-02-07,26,0,2020-01-10 22:09:13.846153728,2020-02-07 12:00:00,0.02177229490808652,0.0
2019-02-08,26,0,2020-01-08 05:32:18.461538560,2020-01-03 00:00:00,0.02174006964084183,0.0
2019-02-11,26,0,2019-12-29 05:32:18.461538560,2019-10-30 12:00:00,0.021703510631645835,0.0
2019-02-12,26,0,2019-12-29 23:04:36.923076864,2019-10-26 12:00:00,0.021689295715364536,0.0
2019-02-13,26,0,2019-12-29 19:23:04.615384576,2019-10-23 12:00:00,0.021687778727618786,0.0
2019-02-14,26,0,2019-12-26 19:23:04.615384576,2019-10-10 12:00:00,0.021676842125413494,0.0
2019-02-15,26,0,2019-12-25 04:36:55.384615424,2019-10-01 12:00:00,0.021696819671052588,0.0
2019-02-18,26,0,2019-12-27 21:13:50.769230848,2019-10-09 00:00:00,0.0217089283724631,0.0
2019-02-19,26,0,2019-12-25 04:36:55.384615424,2019-10-21 00:00:00,0.02171343937730857,0.0
2019-02-20,26,0,2019-12-26 02:46:09.230769152,2019-10-22 00:00:00,0.021730221795444652,0.0
2019-02-21,26,0,2019-12-26 15:41:32.307692288,2019-10-30 00:00:00,0.02173470994560063,0.0
2019-02-22,26,0,2019-12-25 21:13:50.769230848,2019-10-29 00:00:00,0.02174061571784406,0.0
2019-02-25,26,0,2019-12-31 13:50:46.153846272,2019-10-26 12:00:00,0.021744512964240816,0.0
2019-02-26,26,0,2020-01-02 00:55:23.076923136,2019-10-15 00:00:00,0.02176326667415205,0.0
2019-02-27,26,0,2019-12-31 14:46:09.230769152,2019-10-10 12:00:00,0.021765034803477214,0.0
2019-02-28,26,0,2019-12-29 20:18:27.692307712,2019-10-13 00:00:00,0.0217582967784063,0.0
2019-03-01,26,0,2019-12-29 09:13:50.769230848,2019-10-16 00:00:00,0.02176202381773745,0.0
2019-03-04,26,0,2020-01-01 05:32:18.461538560,2019-10-26 00:00:00,0.02176734122790982,0.0
2019-03-05,26,0,2020-01-02 02:46:09.230769152,2019-10-26 00:00:00,0.021778104582514442,0.0
2019-03-06,26,0,2019-12-31 00:55:23.076923136,2019-10-30 00:00:00,0.021777115862405043,0.0
2019-03-07,26,0,2019-12-24 09:13:50.769230848,2019-10-03 12:00:00,0.021747167311739993,0.0
2019-03-08,26,0,2019-12-24 12:55:23.076923136,2019-10-04 00:00:00,0.021700847221912352,0.0
2019-03-11,26,0,2019-12-26 04:36:55.384615424,2019-10-17 00:00:00,0.021665151486588468,0.0
2019-03-12,26,0,2019-12-26 23:04:36.923076864,2019-10-10 12:00:00,0.021632034631974606,0.0
2019-03-13,26,0,2019-12-28 19:23:04.615384576,2019-10-18 12:00:00,0.021620336295297568,0.0
2019-03-14,26,0,2019-12-28 15:41:32.307692288,2019-10-24 12:00:00,0.021634257509335363,0.0
2019-03-15,26,0,2019-12-31 16:36:55.384615424,2019-10-25 12:00:00,0.021684205705258305,0.0
2019-03-18,26,0,2020-01-02 10:09:13.846153728,2019-10-28 12:00:00,0.02173070584263191,0.0
2019-03-19,26,0,2020-01-05 18:27:41.538461440,2019-11-07 00:00:00,0.021810735920021532,0.0
2019-03-20,26,0,2020-01-06 11:04:36.923076864,2019-11-14 00:00:00,0.021846614288829207,0.0
2019-03-21,26,0,2020-01-07 21:13:50.769230848,2019-11-23 00:00:00,0.021880226186845153,0.0
2019-03-22,26,0,2020-01-06 17:32:18.461538560,2019-11-18 12:00:00,0.021882479870108294,0.0
2019-03-25,26,0,2020-01-08 05:32:18.461538560,2019-11-26 00:00:00,0.02187520913477122,0.0
2019-03-26,26,0,2020-01-09 19:23:04.615384576,2019-12-01 00:00:00,0.021880240080571486,0.0
2019-03-27,26,0,2020-01-12 00:00:00.000000000,2019-12-17 12:00:00,0.02188086653940531,0.0
2019-03-28,26,0,2020-01-11 14:46:09.230769152,2019-12-11 12:00:00,0.021875852026099964,0.0
2019-03-29,26,0,2020-01-14 12:55:23.076923136,2019-12-09 00:00:00,0.021881133768003495,0.0
2019-04-01,26,0,2020-01-12 06:27:41.538461440,2019-10-19 00:00:00,0.021941397701606167,0.0
2019-04-02,26,0,2020-01-11 07:23:04.615384576,2019-10-26 12:00:00,0.0219825624668338,0.0
2019-04-03,26,0,2020-01-21 09:13:50.769230848,2019-12-06 00:00:00,0.022057718646943923,0.0
2019-04-04,26,0,2020-01-28 19:23:04.615384576,2019-12-26 12:00:00,0.022096404208435734,0.0
2019-04-05,26,0,2020-02-02 00:00:00.000000000,2019-12-29 00:00:00,0.02212420426861657,0.0
2019-04-08,26,0,2020-02-06 13:50:46.153846272,2020-01-11 12:00:00,0.02214517237653044,0.0
2019-04-09,26,0,2020-02-08 21:13:50.769230848,2020-01-22 00:00:00,0.022148549657545983,0.0
2019-04-10,26,0,2020-02-13 06:27:41.538461440,2020-01-22 00:00:00,0.022153566894339748,0.0
2019-04-11,26,0,2020-02-17 06:27:41.538461440,2020-01-27 00:00:00,0.022154391635468975,0.0
2019-04-12,26,0,2020-02-20 05:32:18.461538560,2020-02-02 00:00:00,0.022162695644124267,0.0
2019-04-15,26,0,2020-02-24 16:36:55.384615424,2020-02-05 12:00:00,0.02218000031260925,0.0
2019-04-16,26,0,2020-03-08 05:32:18.461538560,2020-03-19 00:00:00,0.022205924718353386,0.0
2019-04-17,26,0,2020-03-02 03:41:32.307692288,2020-02-12 12:00:00,0.02222125691158973,0.0
2019-04-18,26,0,2020-03-06 23:04:36.923076864,2020-03-05 00:00:00,0.02224615383274507,0.0
2019-04-23,26,0,2020-03-14 06:27:41.538461440,2020-03-20 00:00:00,0.022290178515798707,0.0
2019-04-24,26,0,2020-03-15 02:46:09.230769152,2020-02-22 12:00:00,0.022328244668014943,0.0
2019-04-25,26,0,2020-03-19 00:00:00.000000000,2020-02-23 12:00:00,0.0223461130367002,0.0
2019-04-26,26,0,2020-03-23 02:46:09.230769152,2020-02-23 12:00:00,0.02235602616352293,0.0
2019-04-29,26,0,2020-03-26 20:18:27.692307712,2020-03-06 00:00:00,0.02236230293696638,0.0
2019-04-30,26,0,2020-04-03 09:13:50.769230848,2020-04-02 00:00:00,0.02236225323537467,0.0
2019-05-02,26,0,2020-04-03 06:27:41.538461440,2020-04-07 00:00:00,0.022347001438724104,0.0
2019-05-03,26,0,2020-04-07 21:13:50.769230848,2020-03-30 00:00:00,0.022319863607206055,0.0
2019-05-06,26,0,2020-04-05 02:46:09.230769152,2020-03-22 12:00:00,0.02227815826092809,0.0
2019-05-07,26,0,2020-04-05 22:09:13.846153728,2020-04-02 12:00:00,0.02223207013778615,0.0
2019-05-08,26,0,2020-04-04 14:46:09.230769152,2020-03-31 12:00:00,0.022188671559010015,0.0
2019-05-09,26,0,2020-04-04 09:13:50.769230848,2020-03-31 00:00:00,0.022176105541114585,0.0
2019-05-10,26,0,2020-03-26 11:04:36.923076864,2020-03-17 00:00:00,0.022143018228569584,0.0
2019-05-13,26,0,2020-03-28 04:36:55.384615424,2020-04-04 00:00:00,0.02212534400176112,0.0
2019-05-14,26,0,2020-03-24 12:55:23.076923136,2020-03-23 12:00:00,0.02207422879451792,0.0
2019-05-15,26,0,2020-03-23 03:41:32.307692288,2020-03-09 00:00:00,0.022016970176542163,0.0
2019-05-16,26,0,2020-03-26 15:41:32.307692288,2020-03-21 00:00:00,0.02197844161245634,0.0
2019-05-17,26,0,2020-03-30 07:23:04.615384576,2020-03-25 00:00:00,0.021938550664911745,0.0
2019-05-20,26,0,2020-03-28 15:41:32.307692288,2020-03-09 12:00:00,0.021890553495321763,0.0
2019-05-21,26,0,2020-03-22 06:27:41.538461440,2020-02-04 12:00:00,0.021837262974191196,0.0
2019-05-22,26,0,2020-03-23 23:04:36.923076864,2020-02-07 12:00:00,0.021799485069021667,0.0
2019-05-23,26,0,2020-03-25 10:09:13.846153728,2020-02-03 00:00:00,0.021765752529004277,0.0
2019-05-24,26,0,2020-03-26 12:55:23.076923136,2020-02-07 12:00:00,0.02172667301730276,0.0
2019-05-27,26,0,2020-03-24 14:46:09.230769152,2020-02-03 12:00:00,0.021697823312659233,0.0
2019-05-28,26,0,2020-03-28 19:23:04.615384576,2020-02-04 00:00:00,0.02167014508969996,0.0
2019-05-29,26,0,2020-03-29 00:00:00.000000000,2020-02-24 12:00:00,0.02167143920407957,0.0
2019-05-31,26,0,2020-03-26 10:09:13.846153728,2020-01-28 12:00:00,0.021656345316166056,0.0
2019-06-03,26,0,2020-03-30 04:36:55.384615424,2020-02-12 12:00:00,0.02165034002922865,0.0
2019-06-04,26,0,2020-03-27 15:41:32.307692288,2020-02-16 00:00:00,0.021638117528626242,0.0
2019-06-05,26,0,2020-03-23 00:55:23.076923136,2020-02-04 00:00:00,0.021625442988477468,0.0
2019-06-06,26,0,2020-03-13 08:18:27.692307712,2020-01-18 12:00:00,0.02159839619722004,0.0
2019-06-07,26,0,2020-03-12 16:36:55.384615424,2020-01-19 12:00:00,0.021587858355025972,0.0
2019-06-11,26,0,2020-03-09 07:23:04.615384576,2020-01-20 12:00:00,0.021609316485100352,0.0
2019-06-12,26,0,2020-02-27 18:27:41.538461440,2020-01-06 12:00:00,0.021594577778527947,0.0
2019-06-13,26,0,2020-02-10 06:27:41.538461440,2019-12-20 12:00:00,0.021561553111992426,0.0
2019-06-14,26,0,2020-02-13 04:36:55.384615424,2019-12-21 00:00:00,0.021524828055374055,0.0
2019-06-17,26,0,2020-02-08 06:27:41.538461440,2019-12-20 12:00:00,0.02149962800281691,0.0
2019-06-18,26,0,2020-02-09 19:23:04.615384576,2019-12-22 12:00:00,0.021506951674467905,0.0
2019-06-19,26,0,2020-02-11 06:27:41.538461440,2019-12-24 12:00:00,0.021502924611119648,0.0
2019-06-20,26,0,2020-02-03 22:09:13.846153728,2019-12-27 12:00:00,0.021490376028518752,0.0
2019-06-21,26,0,2020-02-03 03:41:32.307692288,2019-12-29 12:00:00,0.021446832614420645,0.0
2019-06-24,26,0,2020-02-10 12:00:00.000000000,2019-12-31 00:00:00,0.021405776587386585,0.0
2019-06-25,26,0,2020-02-15 18:27:41.538461440,2020-01-08 00:00:00,0.021366573623417158,0.0
2019-06-26,26,0,2020-02-16 03:41:32.307692288,2020-01-08 00:00:00,0.021331631036242225,0.0
2019-06-27,26,0,2020-02-21 15:41:32.307692288,2020-01-16 00:00:00,0.021299351415856777,0.0
2019-06-28,26,0,2020-02-20 08:18:27.692307712,2020-01-15 00:00:00,0.02127481338781944,0.0
2019-07-01,26,0,2020-02-14 00:55:23.076923136,2020-01-18 00:00:00,0.021264143097730222,0.0
2019-07-02,26,0,2020-02-15 08:18:27.692307712,2020-01-16 12:00:00,0.0212658860897718,0.0
2019-07-03,26,0,2020-02-20 11:04:36.923076864,2020-01-25 00:00:00,0.021270158728384905,0.0
2019-07-04,26,0,2020-02-22 10:09:13.846153728,2020-01-25 12:00:00,0.021282977051658988,0.0
2019-07-05,26,0,2020-02-26 19:23:04.615384576,2020-01-29 12:00:00,0.02127144415720085,0.0
2019-07-08,26,0,2020-02-23 14:46:09.230769152,2020-01-29 00:00:00,0.021273609496463293,0.0
2019-07-09,26,0,2020-02-22 16:36:55.384615424,2020-02-01 00:00:00,0.021269556534248557,0.0
2019-07-10,26,0,2020-02-23 19:23:04.615384576,2020-02-04 12:00:00,0.021258759483365926,0.0
2019-07-11,26,0,2020-02-21 03:41:32.307692288,2020-02-09 00:00:00,0.02123734479782807,0.0
2019-07-12,26,0,2020-02-11 14:46:09.230769152,2020-02-06 12:00:00,0.02120629813288322,0.0
2019-07-15,26,0,2020-03-08 00:55:23.076923136,2020-02-24 00:00:00,0.02127286752245994,0.0
2019-07-16,26,0,2020-02-10 23:04:36.923076864,2020-02-15 00:00:00,0.021127830222235727,0.0
2019-07-17,26,0,2020-02-25 00:00:00.000000000,2020-02-16 12:00:00,0.021163831382970906,0.0
2019-07-18,26,0,2020-03-01 18:27:41.538461440,2020-02-18 00:00:00,0.021064888653958322,0.0
2019-07-19,26,0,2020-02-26 04:36:55.384615424,2020-02-19 00:00:00,0.021008248961791452,0.0
2019-07-22,26,0,2020-02-17 20:18:27.692307712,2020-02-19 00:00:00,0.020949143233916594,0.0
2019-07-23,26,0,2020-03-10 10:09:13.846153728,2020-03-01 12:00:00,0.020993547389936144,0.0
2019-07-24,26,0,2020-03-14 04:36:55.384615424,2020-03-04 00:00:00,0.020980326196125863,0.0
2019-07-25,26,0,2020-03-15 14:46:09.230769152,2020-03-12 00:00:00,0.02095169253727059,0.0
2019-07-26,26,0,2020-03-01 23:04:36.923076864,2020-03-07 00:00:00,0.020828455649655266,0.0
2019-07-29,26,0,2020-03-05 23:04:36.923076864,2020-03-10 00:00:00,0.02078748518534034,0.0
2019-07-30,26,0,2020-03-06 16:36:55.384615424,2020-03-11 00:00:00,0.0207512665854801,0.0
2019-07-31,26,0,2020-03-10 12:55:23.076923136,2020-03-12 00:00:00,0.020717714937397772,0.0
2019-08-02,26,0,2020-03-12 20:18:27.692307712,2020-03-10 12:00:00,0.02072630828539325,0.0
2019-08-05,26,0,2020-03-01 20:18:27.692307712,2020-03-03 00:00:00,0.02079761416141184,0.0
2019-08-06,26,0,2020-04-03 03:41:32.307692288,2020-03-17 12:00:00,0.021089912102924106,0.0
2019-08-07,26,0,2020-03-09 07:23:04.615384576,2020-03-04 00:00:00,0.02113313681558487,0.0
2019-08-08,26,0,2020-03-09 08:18:27.692307712,2020-03-03 12:00:00,0.021096500608547755,0.0
2019-08-09,26,0,2020-03-10 00:00:00.000000000,2020-03-03 00:00:00,0.021132952283386384,0.0
2019-08-12,26,0,2020-02-22 06:27:41.538461440,2020-02-26 12:00:00,0.02108294031147117,0.0
2019-08-13,26,0,2020-03-12 00:55:23.076923136,2020-03-01 00:00:00,0.021205964679995002,0.0
2019-08-14,26,0,2020-03-11 00:55:23.076923136,2020-02-29 00:00:00,0.021336358074539007,0.0
2019-08-15,26,0,2020-03-28 20:18:27.692307712,2020-03-06 00:00:00,0.021550055886338813,0.0
2019-08-16,26,0,2020-03-11 18:27:41.538461440,2020-02-27 00:00:00,0.02154541925693323,0.0
2019-08-19,26,0,2020-04-01 05:32:18.461538560,2020-03-05 00:00:00,0.02163003275900959,0.0
2019-08-20,26,0,2020-03-26 20:18:27.692307712,2020-03-07 00:00:00,0.021645779588287156,0.0
2019-08-21,26,0,2020-03-12 20:18:27.692307712,2020-03-04 12:00:00,0.0215230898293117,0.0
2019-08-22,26,0,2020-02-25 05:32:18.461538560,2020-02-28 00:00:00,0.02145180276066576,0.0
2019-08-23,26,0,2020-02-24 03:41:32.307692288,2020-02-27 00:00:00,0.021507538132444784,0.0
2019-08-26,26,0,2020-03-02 14:46:09.230769152,2020-03-04 00:00:00,0.021519203893301916,0.0
2019-08-27,26,0,2020-03-20 08:18:27.692307712,2020-03-09 00:00:00,0.021620176353531674,0.0
2019-08-28,26,0,2020-03-20 19:23:04.615384576,2020-03-17 12:00:00,0.02162875535509145,0.0
2019-08-29,26,0,2020-03-03 19:23:04.615384576,2020-03-04 12:00:00,0.021525031614071623,0.0
2019-08-30,26,0,2020-03-03 11:04:36.923076864,2020-03-05 12:00:00,0.02150248264075039,0.0
2019-09-02,26,0,2020-03-02 20:18:27.692307712,2020-03-07 00:00:00,0.021469993643580747,0.0
2019-09-03,26,0,2020-03-03 14:46:09.230769152,2020-03-09 12:00:00,0.021465408828017504,0.0
2019-09-04,26,0,2020-03-03 02:46:09.230769152,2020-03-10 00:00:00,0.02144397239555186,0.0
2019-09-05,26,0,2020-01-28 07:23:04.615384576,2020-02-23 00:00:00,0.021348618774246115,0.0
2019-09-06,26,0,2020-02-06 01:50:46.153846272,2020-03-07 12:00:00,0.0214914676895947,0.0
2019-09-09,26,0,2020-01-25 12:00:00.000000000,2020-02-24 00:00:00,0.02131178186838613,0.0
2019-09-10,26,0,2020-01-30 12:00:00.000000000,2020-02-24 00:00:00,0.02131255423737651,0.0
2019-09-11,26,0,2020-01-30 22:09:13.846153728,2020-02-25 00:00:00,0.021316902273868007,0.0
2019-09-12,26,0,2020-02-17 13:50:46.153846272,2020-03-23 12:00:00,0.021422922616845436,0.0
2019-09-13,26,0,2020-02-25 00:55:23.076923136,2020-03-21 12:00:00,0.02153120703598785,0.0
2019-09-16,26,0,2020-02-24 11:04:36.923076864,2020-03-26 00:00:00,0.021482591244904196,0.0
2019-09-17,26,0,2020-02-03 18:27:41.538461440,2020-02-18 12:00:00,0.0214346961306567,0.0
2019-09-18,26,0,2020-02-01 12:55:23.076923136,2020-02-11 00:00:00,0.021397629500151276,0.0
2019-09-19,26,0,2020-02-04 03:41:32.307692288,2020-02-06 12:00:00,0.021409232122359567,0.0
2019-09-20,26,0,2020-02-06 21:13:50.769230848,2020-02-05 00:00:00,0.021429536192572565,0.0
2019-09-23,26,0,2020-02-14 18:27:41.538461440,2020-02-17 12:00:00,0.02150050025732075,0.0
2019-09-24,26,0,2020-02-18 12:00:00.000000000,2020-02-19 00:00:00,0.02148465621755824,0.0
2019-09-25,26,0,2020-02-13 21:13:50.769230848,2020-02-04 00:00:00,0.02138582435770072,0.0
2019-09-26,26,0,2020-02-18 12:55:23.076923136,2020-02-03 00:00:00,0.021354891334914305,0.0
2019-09-27,26,0,2020-02-25 01:50:46.153846272,2020-02-03 12:00:00,0.021341884531843738,0.0
2019-09-30,26,0,2020-03-09 10:09:13.846153728,2020-02-16 00:00:00,0.021413666961002706,0.0
2019-10-01,26,0,2020-03-07 10:09:13.846153728,2020-02-06 12:00:00,0.021353654140029026,0.0
2019-10-02,26,0,2020-03-06 08:18:27.692307712,2020-01-02 12:00:00,0.02133711857195785,0.0
2019-10-03,26,0,2020-03-05 21:13:50.769230848,2020-01-01 12:00:00,0.021328803632906953,0.0
2019-10-04,26,0,2020-03-07 07:23:04.615384576,2020-01-02 00:00:00,0.02130462725467965,0.0
2019-10-07,26,0,2020-03-15 15:41:32.307692288,2020-02-27 12:00:00,0.02130654187649172,0.0
2019-10-08,26,0,2020-03-12 00:00:00.000000000,2020-01-01 00:00:00,0.021268584161731705,0.0
2019-10-09,26,0,2020-03-16 00:55:23.076923136,2020-01-01 00:00:00,0.021237923385832486,0.0
2019-10-10,26,0,2020-03-15 09:13:50.769230848,2020-01-01 00:00:00,0.021215314480610672,0.0
2019-10-11,26,0,2020-04-05 16:36:55.384615424,2020-03-20 12:00:00,0.021343699234368036,0.0
2019-10-14,26,0,2020-04-03 12:55:23.076923136,2020-03-02 12:00:00,0.02134767666879642,0.0
2019-10-15,26,0,2020-04-20 12:00:00.000000000,2020-03-26 00:00:00,0.021350577034768517,0.0
2019-10-16,26,0,2020-04-25 09:13:50.769230848,2020-03-29 00:00:00,0.021344217254624546,0.0
2019-10-17,26,0,2020-04-19 06:27:41.538461440,2020-01-11 00:00:00,0.021244868730909052,0.0
2019-10-18,26,0,2020-04-24 08:18:27.692307712,2020-01-13 12:00:00,0.021241701170516637,0.0
2019-10-21,26,0,2020-04-20 00:55:23.076923136,2020-01-17 00:00:00,0.02130225198486056,0.0
2019-10-22,26,0,2020-04-07 03:41:32.307692288,2020-01-10 12:00:00,0.02121712938410915,0.0
2019-10-23,26,0,2020-04-21 00:00:00.000000000,2020-01-13 12:00:00,0.0212211950766042,0.0
2019-10-24,26,0,2020-05-09 19:23:04.615384576,2020-01-29 12:00:00,0.021314337900754956,0.0
2019-10-25,26,0,2020-05-12 12:55:23.076923136,2020-02-04 00:00:00,0.02131919622723126,0.0
2019-10-28,26,0,2020-05-20 09:13:50.769230848,2020-02-07 12:00:00,0.02136291965329719,0.0
2019-10-29,26,0,2020-05-27 07:23:04.615384576,2020-02-11 12:00:00,0.021369575095841118,0.0
2019-10-30,26,0,2020-05-31 01:50:46.153846272,2020-02-16 12:00:00,0.021369371070739215,0.0
2019-10-31,26,0,2020-06-04 12:55:23.076923136,2020-02-19 12:00:00,0.02133847393219215,0.0
2019-11-01,26,0,2020-05-22 01:50:46.153846272,2020-02-13 00:00:00,0.02129496425406444,0.0
2019-11-04,26,0,2020-05-28 19:23:04.615384576,2020-02-17 00:00:00,0.021341392769262977,0.0
2019-11-05,26,0,2020-06-02 16:36:55.384615424,2020-02-22 12:00:00,0.021399484518980647,0.0
2019-11-06,26,0,2020-06-07 12:55:23.076923136,2020-02-27 00:00:00,0.0214665333186912,0.0
2019-11-07,26,0,2020-06-09 17:32:18.461538560,2020-03-01 12:00:00,0.021516987502415093,0.0
2019-11-08,26,0,2020-06-24 20:18:27.692307712,2020-03-20 12:00:00,0.02163500227410277,0.0
2019-11-11,26,0,2020-07-02 16:36:55.384615424,2020-03-26 12:00:00,0.02165746303074675,0.0
2019-11-12,26,0,2020-06-22 17:32:18.461538560,2020-03-15 00:00:00,0.021588839082946207,0.0
2019-11-13,26,0,2020-06-27 07:23:04.615384576,2020-03-20 00:00:00,0.02159093621975877,0.0
2019-11-14,26,0,2020-06-29 22:09:13.846153728,2020-03-23 00:00:00,0.02157238226921573,0.0
2019-11-15,26,0,2020-06-30 17:32:18.461538560,2020-03-27 00:00:00,0.021591567878114042,0.0
2019-11-18,26,0,2020-06-29 20:18:27.692307712,2020-03-29 12:00:00,0.021651866547441383,0.0
2019-11-19,26,0,2020-07-11 20:18:27.692307712,2020-04-29 00:00:00,0.021699899656758552,0.0
2019-11-20,26,0,2020-07-17 00:00:00.000000000,2020-05-06 00:00:00,0.02169209095606521,0.0
2019-11-21,26,0,2020-07-22 12:00:00.000000000,2020-05-11 00:00:00,0.021680847487881797,0.0
2019-11-22,26,0,2020-07-20 03:41:32.307692288,2020-05-14 12:00:00,0.021685648534088723,0.0
2019-11-25,26,0,2020-08-20 09:13:50.769230848,2020-08-16 12:00:00,0.02184116908214066,0.0
2019-11-26,26,0,2020-08-14 16:36:55.384615424,2020-07-26 00:00:00,0.021781241340184856,0.0
2019-11-27,26,0,2020-08-14 07:23:04.615384576,2020-07-25 12:00:00,0.021812813204482244,0.0
2019-11-28,26,0,2020-07-26 11:04:36.923076864,2020-06-07 00:00:00,0.021784534122045843,0.0
2019-11-29,26,0,2020-07-30 16:36:55.384615424,2020-06-15 12:00:00,0.02179222631353584,0.0
2019-12-02,26,0,2020-08-04 23:04:36.923076864,2020-06-20 00:00:00,0.021816085669657013,0.0
2019-12-03,26,0,2020-07-25 10:09:13.846153728,2020-05-09 12:00:00,0.021856466446095093,0.0
2019-12-04,26,0,2020-07-27 14:46:09.230769152,2020-06-28 12:00:00,0.02179034005080466,0.0
2019-12-05,26,0,2020-08-14 12:55:23.076923136,2020-07-29 12:00:00,0.021800246749572573,0.0
2019-12-06,26,0,2020-08-29 07:23:04.615384576,2020-08-01 00:00:00,0.02187647729297274,0.0
2019-12-09,26,0,2020-08-03 12:00:00.000000000,2020-06-14 12:00:00,0.021708036345787437,0.0
2019-12-10,26,0,2020-07-30 12:55:23.076923136,2020-05-26 12:00:00,0.021751327835248566,0.0
2019-12-11,26,0,2020-08-06 16:36:55.384615424,2020-05-30 12:00:00,0.021862060478503045,0.0
2019-12-12,26,0,2020-08-07 23:04:36.923076864,2020-06-03 12:00:00,0.02181131539708113,0.0
2019-12-13,26,0,2020-08-06 22:09:13.846153728,2020-06-11 00:00:00,0.021805197876876604,0.0
2019-12-16,26,0,2020-07-26 16:36:55.384615424,2020-05-20 00:00:00,0.021779496866467265,0.0
2019-12-17,26,0,2020-08-06 07:23:04.615384576,2020-06-25 00:00:00,0.021857952982755422,0.0
2019-12-18,26,0,2020-08-29 18:27:41.538461440,2020-08-10 12:00:00,0.02197383468493881,0.0
2019-12-19,26,0,2020-08-25 20:18:27.692307712,2020-08-25 00:00:00,0.021952997614014355,0.0
2019-12-20,26,0,2020-08-26 10:09:13.846153728,2020-08-31 12:00:00,0.02197608590143282,0.0
2019-12-23,26,0,2020-09-21 09:13:50.769230848,2020-09-23 12:00:00,0.02205863088817906,0.0
2019-12-27,26,0,2020-09-16 03:41:32.307692288,2020-09-18 00:00:00,0.022080020160833873,0.0
2019-12-30,26,0,2020-10-13 16:36:55.384615424,2020-10-03 00:00:00,0.022218033663877472,0.0
2020-01-03,26,0,2020-10-22 09:13:50.769230848,2020-10-27 12:00:00,0.02225458644555972,0.0
2020-01-06,26,0,2020-10-28 19:23:04.615384576,2020-11-09 12:00:00,0.02227934529781373,0.0
2020-01-07,26,0,2020-10-08 12:00:00.000000000,2020-09-25 12:00:00,0.022244530631493453,0.0
2020-01-08,26,0,2020-10-17 14:46:09.230769152,2020-11-20 00:00:00,0.022300271456938858,0.0
2020-01-09,26,0,2020-10-21 17:32:18.461538560,2020-12-01 12:00:00,0.022314197038129327,0.0
2020-01-10,26,0,2020-11-02 00:00:00.000000000,2020-11-27 12:00:00,0.02231258473423481,0.0
2020-01-13,26,0,2020-11-04 01:50:46.153846272,2020-12-12 12:00:00,0.02236253303428817,0.0
2020-01-14,26,0,2020-10-17 03:41:32.307692288,2020-12-03 00:00:00,0.02234898648347757,0.0
2020-01-15,26,0,2020-10-20 06:27:41.538461440,2020-12-24 00:00:00,0.02234376545416848,0.0
2020-01-16,26,0,2020-11-24 02:46:09.230769152,2021-01-12 12:00:00,0.02240726134310766,0.0
2020-01-17,26,0,2020-11-15 00:00:00.000000000,2021-01-17 00:00:00,0.022476457829907197,0.0
2020-01-20,26,0,2020-11-10 08:18:27.692307712,2021-01-30 00:00:00,0.022469042777714034,0.0
2020-01-21,26,0,2020-11-11 23:04:36.923076864,2021-02-07 00:00:00,0.022453215128013262,0.0
2020-01-22,26,0,2020-10-08 06:27:41.538461440,2020-11-19 12:00:00,0.022393302172216266,0.0
2020-01-23,26,0,2020-10-29 15:41:32.307692288,2021-01-03 00:00:00,0.022385543946050277,0.0
2020-01-24,26,0,2020-11-01 06:27:41.538461440,2021-01-09 12:00:00,0.022354524495429278,0.0
2020-01-27,26,0,2020-10-11 04:36:55.384615424,2021-01-01 00:00:00,0.022353244082586543,0.0
2020-01-28,26,0,2020-11-02 14:46:09.230769152,2020-12-19 12:00:00,0.022289621428108024,0.0
2020-01-29,26,0,2020-11-03 07:23:04.615384576,2021-01-12 00:00:00,0.022229999368620516,0.0
2020-01-30,26,0,2020-10-31 11:04:36.923076864,2020-12-21 12:00:00,0.022171528928841888,0.0
2020-01-31,26,0,2020-10-18 14:46:09.230769152,2020-12-06 12:00:00,0.02213864104148901,0.0
2020-02-03,26,0,2020-11-05 00:00:00.000000000,2020-12-31 12:00:00,0.02213467382615294,0.0
2020-02-04,26,0,2020-10-31 22:09:13.846153728,2020-11-18 12:00:00,0.022098034362602006,0.0
2020-02-05,26,0,2020-11-01 21:13:50.769230848,2020-12-14 12:00:00,0.022091516704953493,0.0
2020-02-06,26,0,2020-10-25 13:50:46.153846272,2020-11-26 00:00:00,0.022098157837721517,0.0
2020-02-07,26,0,2020-10-25 10:09:13.846153728,2020-12-25 00:00:00,0.022080033317655408,0.0
2020-02-10,26,1,2020-11-04 01:50:46.153846272,2020-12-31 00:00:00,0.022120202692346387,0.038461538461538464
2020-02-11,26,1,2020-11-10 02:46:09.230769152,2021-02-06 12:00:00,0.022130970847470892,0.038461538461538464
2020-02-12,26,1,2020-11-13 18:27:41.538461440,2021-02-03 00:00:00,0.022160297855345738,0.038461538461538464
2020-02-13,26,1,2020-11-18 14:46:09.230769152,2021-03-03 12:00:00,0.022180458881044855,0.038461538461538464
2020-02-14,26,1,2020-11-20 12:00:00.000000000,2021-03-02 00:00:00,0.022185068903885004,0.038461538461538464
2020-02-17,26,1,2020-11-25 15:41:32.307692288,2021-02-20 12:00:00,0.022254445391717947,0.038461538461538464
2020-02-18,26,1,2020-12-03 08:18:27.692307712,2021-03-06 12:00:00,0.022234741936335616,0.038461538461538464
2020-02-19,26,0,2020-11-17 09:13:50.769230848,2021-03-13 12:00:00,0.02220848587552052,0.0
2020-02-20,26,2,2020-11-08 05:32:18.461538560,2021-03-12 00:00:00,0.022211717283207366,0.07692307692307693
2020-02-21,26,3,2020-11-16 16:36:55.384615424,2021-03-15 00:00:00,0.022183068160847128,0.11538461538461539
2020-02-24,26,1,2020-12-15 06:27:41.538461440,2021-04-08 12:00:00,0.022266615632281776,0.038461538461538464
2020-02-25,26,0,2021-01-06 11:04:36.923076864,2021-04-08 12:00:00,0.022372580203350013,0.0
2020-02-26,26,0,2020-12-25 12:55:23.076923136,2021-02-19 00:00:00,0.022450823564270823,0.0
2020-02-27,26,0,2020-12-31 09:13:50.769230848,2021-03-17 12:00:00,0.022825449850262653,0.0
2020-02-28,26,0,2020-12-31 05:32:18.461538560,2021-03-03 00:00:00,0.023559294526675496,0.0
2020-03-02,26,0,2020-12-30 00:00:00.000000000,2021-02-09 00:00:00,0.02415313030791542,0.0
2020-03-03,26,0,2021-01-03 05:32:18.461538560,2021-02-18 12:00:00,0.024459114809470568,0.0
2020-03-04,26,0,2021-01-06 01:50:46.153846272,2021-02-06 00:00:00,0.024626224956685133,0.0
2020-03-05,26,0,2021-01-08 21:13:50.769230848,2021-02-05 12:00:00,0.024889285885830833,0.0
2020-03-06,26,0,2021-01-14 13:50:46.153846272,2021-02-12 12:00:00,0.02547006535978489,0.0
2020-03-09,26,0,2021-01-09 15:41:32.307692288,2021-01-31 00:00:00,0.027088628346356128,0.0
2020-03-10,26,0,2020-12-24 00:00:00.000000000,2021-01-13 12:00:00,0.028610121666404788,0.0
2020-03-11,26,0,2020-12-22 20:18:27.692307712,2021-01-15 12:00:00,0.03001112422460241,0.0
2020-03-12,26,0,2020-12-28 10:09:13.846153728,2021-01-18 12:00:00,0.03353783882839054,0.0
2020-03-13,26,0,2020-12-22 00:55:23.076923136,2021-01-18 12:00:00,0.036089335299503936,0.0
2020-03-16,26,0,2021-01-16 12:55:23.076923136,2021-01-08 00:00:00,0.03894728846658188,0.0
2020-03-17,26,0,2021-01-15 00:00:00.000000000,2021-01-13 00:00:00,0.04099607476664571,0.0
2020-03-18,26,0,2021-01-11 12:00:00.000000000,2021-01-08 00:00:00,0.04337845345153757,0.0
2020-03-19,26,0,2021-02-08 15:41:32.307692288,2021-01-08 00:00:00,0.045059852626347416,0.0
2020-03-20,26,0,2021-02-28 01:50:46.153846272,2021-01-21 00:00:00,0.04623876343405985,0.0
2020-03-23,26,0,2021-03-18 14:46:09.230769152,2021-02-05 00:00:00,0.04759777368434792,0.0
2020-03-24,26,0,2021-03-20 02:46:09.230769152,2021-02-09 00:00:00,0.048141740975749386,0.0
2020-03-25,26,0,2021-03-21 16:36:55.384615424,2021-02-08 12:00:00,0.04852464064314991,0.0
2020-03-26,26,0,2021-03-23 04:36:55.384615424,2021-02-17 12:00:00,0.04883100631550784,0.0
2020-03-27,26,0,2021-03-26 01:50:46.153846272,2021-02-22 00:00:00,0.049224121353149845,0.0
2020-03-30,26,0,2021-03-23 13:50:46.153846272,2021-02-13 12:00:00,0.04955685034835881,0.0
2020-03-31,26,0,2021-03-22 17:32:18.461538560,2021-02-12 00:00:00,0.04983358041562962,0.0
2020-04-01,26,0,2021-03-18 21:13:50.769230848,2021-02-14 12:00:00,0.05011089170762773,0.0
2020-04-02,26,0,2021-03-19 12:00:00.000000000,2021-02-12 12:00:00,0.0503565734074755,0.0
2020-04-03,26,0,2021-03-22 00:55:23.076923136,2021-03-11 00:00:00,0.050583637158221215,0.0
2020-04-06,26,0,2021-03-17 14:46:09.230769152,2021-03-12 00:00:00,0.050781315819749664,0.0
2020-04-07,26,0,2021-03-23 05:32:18.461538560,2021-03-28 12:00:00,0.05094080620563802,0.0
2020-04-08,26,0,2021-03-17 12:55:23.076923136,2021-03-12 00:00:00,0.05106231650297587,0.0
2020-04-09,26,0,2021-03-16 00:00:00.000000000,2021-03-11 00:00:00,0.05116461988891755,0.0
2020-04-14,26,0,2021-03-14 23:04:36.923076864,2021-03-18 12:00:00,0.051261381537109914,0.0
2020-04-15,26,0,2021-03-19 07:23:04.615384576,2021-04-21 00:00:00,0.05129391840474681,0.0
2020-04-16,26,0,2021-03-20 18:27:41.538461440,2021-04-21 00:00:00,0.051318701176612684,0.0
2020-04-17,26,0,2021-03-22 06:27:41.538461440,2021-04-18 00:00:00,0.05133675657847803,0.0
2020-04-20,26,0,2021-03-21 00:00:00.000000000,2021-04-16 00:00:00,0.051348671128185384,0.0
2020-04-21,26,0,2021-03-23 00:00:00.000000000,2021-04-25 00:00:00,0.05133609812846103,0.0
2020-04-22,26,0,2021-03-25 01:50:46.153846272,2021-04-29 00:00:00,0.05132180581104768,0.0
2020-04-23,26,0,2021-03-25 05:32:18.461538560,2021-05-03 12:00:00,0.05129455502562841,0.0
2020-04-24,26,0,2021-03-24 23:04:36.923076864,2021-05-12 12:00:00,0.05126257695847081,0.0
2020-04-27,26,0,2021-03-27 11:04:36.923076864,2021-05-20 12:00:00,0.051257764346472216,0.0
2020-04-28,26,0,2021-03-26 12:00:00.000000000,2021-05-27 12:00:00,0.05127592491626844,0.0
2020-04-29,26,0,2021-03-25 00:00:00.000000000,2021-05-16 00:00:00,0.051323663652557236,0.0
2020-04-30,26,0,2021-03-25 07:23:04.615384576,2021-05-15 12:00:00,0.051314016240788955,0.0
2020-05-04,26,0,2021-03-28 00:00:00.000000000,2021-05-21 00:00:00,0.051307781985716214,0.0
2020-05-05,26,0,2021-03-28 02:46:09.230769152,2021-05-23 00:00:00,0.0512953061366945,0.0
2020-05-06,26,0,2021-03-30 10:09:13.846153728,2021-05-23 00:00:00,0.05128242992034464,0.0
2020-05-07,26,0,2021-03-29 01:50:46.153846272,2021-05-24 00:00:00,0.05127071598816318,0.0
2020-05-08,26,0,2021-03-31 12:00:00.000000000,2021-05-24 00:00:00,0.05126526767952445,0.0
2020-05-11,26,0,2021-03-30 05:32:18.461538560,2021-05-24 00:00:00,0.051281886821509325,0.0
2020-05-12,26,0,2021-04-01 08:18:27.692307712,2021-05-24 00:00:00,0.05129627839833681,0.0
2020-05-13,26,0,2021-04-02 03:41:32.307692288,2021-05-25 12:00:00,0.05128066376224791,0.0
2020-05-14,26,0,2021-04-03 00:55:23.076923136,2021-05-30 12:00:00,0.05126838213508817,0.0
2020-05-15,26,0,2021-04-03 03:41:32.307692288,2021-06-03 12:00:00,0.051260399659143537,0.0
2020-05-18,26,0,2021-03-27 21:13:50.769230848,2021-05-25 12:00:00,0.05133351109606391,0.0
2020-05-19,26,0,2021-03-20 16:36:55.384615424,2021-05-23 12:00:00,0.05137547857163983,0.0
2020-05-20,26,0,2021-03-16 04:36:55.384615424,2021-05-20 00:00:00,0.05142634365782128,0.0
2020-05-22,26,0,2021-03-02 11:04:36.923076864,2021-05-10 00:00:00,0.05144328999086305,0.0
2020-05-25,26,0,2021-02-25 12:55:23.076923136,2021-04-27 12:00:00,0.051527553655770886,0.0
2020-05-26,26,0,2021-02-20 02:46:09.230769152,2021-04-13 12:00:00,0.05159341653565009,0.0
2020-05-27,26,0,2021-02-15 12:55:23.076923136,2021-04-02 00:00:00,0.051635325442624246,0.0
2020-05-28,26,0,2021-02-10 14:46:09.230769152,2021-03-21 00:00:00,0.051702729813682215,0.0
2020-05-29,26,0,2021-02-10 00:55:23.076923136,2021-03-13 00:00:00,0.05171659115659633,0.0
2020-06-02,26,0,2021-02-06 23:04:36.923076864,2021-02-28 00:00:00,0.05183010049017388,0.0
2020-06-03,26,0,2021-02-03 12:55:23.076923136,2021-02-19 00:00:00,0.052009338360476755,0.0
2020-06-04,26,0,2021-01-31 15:41:32.307692288,2021-02-11 00:00:00,0.052110930768411334,0.0
2020-06-05,26,0,2021-01-29 14:46:09.230769152,2021-02-04 00:00:00,0.0522837509769266,0.0
2020-06-08,26,0,2021-01-28 17:32:18.461538560,2021-01-29 00:00:00,0.05241880450692756,0.0
2020-06-09,26,0,2021-01-28 00:00:00.000000000,2021-01-25 00:00:00,0.05247082383779236,0.0
2020-06-10,26,0,2021-01-27 15:41:32.307692288,2021-01-21 00:00:00,0.05249755985882157,0.0
2020-06-11,26,0,2021-01-27 20:18:27.692307712,2021-01-20 00:00:00,0.05244459079110389,0.0
2020-06-12,26,0,2021-01-27 12:55:23.076923136,2021-01-18 00:00:00,0.05239769398252133,0.0
2020-06-15,26,0,2021-01-27 22:09:13.846153728,2021-01-17 00:00:00,0.05235470257333827,0.0
2020-06-16,26,0,2021-01-28 09:13:50.769230848,2021-01-17 00:00:00,0.05234443132105303,0.0
2020-06-17,26,0,2021-01-28 10:09:13.846153728,2021-01-19 00:00:00,0.05234408984858933,0.0
2020-06-18,26,0,2021-01-28 20:18:27.692307712,2021-01-18 12:00:00,0.05232482169894183,0.0
2020-06-19,26,0,2021-01-29 11:04:36.923076864,2021-01-17 12:00:00,0.05230954089299948,0.0
2020-06-22,26,0,2021-01-30 12:00:00.000000000,2021-01-17 00:00:00,0.052291156555760436,0.0
2020-06-23,26,0,2021-01-30 12:55:23.076923136,2021-01-18 00:00:00,0.05230308651795322,0.0
2020-06-24,26,0,2021-02-01 07:23:04.615384576,2021-01-17 12:00:00,0.05226473113551748,0.0
2020-06-25,26,0,2021-02-01 18:27:41.538461440,2021-01-18 00:00:00,0.05223369614206274,0.0
2020-06-26,26,0,2021-02-01 20:18:27.692307712,2021-01-18 00:00:00,0.05220004780450672,0.0
2020-06-29,26,0,2021-02-03 10:09:13.846153728,2021-01-17 12:00:00,0.05219028345951075,0.0
2020-06-30,26,0,2021-02-04 08:18:27.692307712,2021-01-18 00:00:00,0.052175852073229105,0.0
2020-07-01,26,0,2021-01-26 00:55:23.076923136,2021-01-19 00:00:00,0.052138492006383604,0.0
2020-07-02,26,0,2021-01-27 00:55:23.076923136,2021-01-20 00:00:00,0.05216095815335972,0.0
2020-07-03,26,0,2021-01-28 08:18:27.692307712,2021-01-19 12:00:00,0.05215909519438182,0.0
2020-07-06,26,0,2021-01-30 06:27:41.538461440,2021-01-19 12:00:00,0.05222759022524671,0.0
2020-07-07,26,0,2021-02-01 01:50:46.153846272,2021-01-20 00:00:00,0.052252849664125675,0.0
2020-07-08,26,0,2021-02-02 21:13:50.769230848,2021-01-26 12:00:00,0.05225436885471764,0.0
2020-07-09,26,0,2021-02-04 11:04:36.923076864,2021-01-26 00:00:00,0.05223805572331013,0.0
2020-07-10,26,0,2021-02-06 13:50:46.153846272,2021-01-25 12:00:00,0.052234608815024536,0.0
2020-07-13,26,0,2021-02-08 22:09:13.846153728,2021-01-25 00:00:00,0.05227298365890988,0.0
2020-07-14,26,0,2021-02-10 16:36:55.384615424,2021-01-31 00:00:00,0.052281564382495246,0.0
2020-07-15,26,0,2021-02-12 20:18:27.692307712,2021-02-03 00:00:00,0.05233508791498666,0.0
2020-07-16,26,0,2021-02-15 00:00:00.000000000,2021-02-02 12:00:00,0.05236196235720864,0.0
2020-07-17,26,0,2021-02-17 01:50:46.153846272,2021-02-02 00:00:00,0.052390362948966415,0.0
2020-07-20,26,0,2021-02-19 23:04:36.923076864,2021-02-01 00:00:00,0.05245727636366933,0.0
2020-07-21,26,0,2021-02-22 22:09:13.846153728,2021-02-07 00:00:00,0.052514717513863905,0.0
2020-07-22,26,0,2021-02-25 08:18:27.692307712,2021-02-08 00:00:00,0.0525350022626809,0.0
2020-07-23,26,0,2021-02-27 16:36:55.384615424,2021-02-08 00:00:00,0.05255187424962585,0.0
2020-07-24,26,0,2021-03-02 01:50:46.153846272,2021-02-08 00:00:00,0.052530106420977815,0.0
2020-07-27,26,0,2021-03-05 03:41:32.307692288,2021-02-08 00:00:00,0.05252139646910089,0.0
2020-07-28,26,0,2021-03-08 10:09:13.846153728,2021-02-08 12:00:00,0.05251391069200331,0.0
2020-07-29,26,0,2021-03-11 22:09:13.846153728,2021-02-08 12:00:00,0.05250478667586104,0.0
2020-07-30,26,0,2021-03-15 17:32:18.461538560,2021-02-09 00:00:00,0.05247299550922489,0.0
2020-07-31,26,0,2021-03-17 00:00:00.000000000,2021-02-10 00:00:00,0.05243058563949772,0.0
2020-08-03,26,0,2021-03-18 16:36:55.384615424,2021-02-12 00:00:00,0.052396695088462425,0.0
2020-08-04,26,0,2021-03-20 01:50:46.153846272,2021-02-16 00:00:00,0.052368239984897265,0.0
2020-08-05,26,0,2021-03-10 07:23:04.615384576,2021-02-16 00:00:00,0.052334973789990254,0.0
2020-08-06,26,0,2021-03-11 16:36:55.384615424,2021-02-16 12:00:00,0.052316954406696786,0.0
2020-08-07,26,0,2021-03-13 09:13:50.769230848,2021-02-17 00:00:00,0.05230463035651272,0.0
2020-08-10,26,0,2021-03-15 12:55:23.076923136,2021-02-17 00:00:00,0.052328274930520134,0.0
2020-08-11,26,0,2021-03-17 22:09:13.846153728,2021-02-17 00:00:00,0.05239067066667551,0.0
2020-08-12,26,0,2021-03-20 14:46:09.230769152,2021-02-20 00:00:00,0.05248312230472206,0.0
2020-08-13,26,0,2021-03-23 01:50:46.153846272,2021-02-20 12:00:00,0.05254775654010196,0.0
2020-08-14,26,0,2021-03-25 04:36:55.384615424,2021-02-21 00:00:00,0.05258150413402007,0.0
2020-08-17,26,0,2021-03-27 10:09:13.846153728,2021-02-21 00:00:00,0.052642132850789065,0.0
2020-08-18,26,0,2021-03-29 10:09:13.846153728,2021-02-21 00:00:00,0.05267567348247685,0.0
2020-08-19,26,0,2021-03-31 14:46:09.230769152,2021-02-22 00:00:00,0.05271594633070464,0.0
2020-08-20,26,0,2021-04-02 22:09:13.846153728,2021-02-25 00:00:00,0.05271183853701478,0.0
2020-08-21,26,0,2021-04-04 23:04:36.923076864,2021-02-26 00:00:00,0.05269832052463618,0.0
2020-08-24,26,0,2021-04-08 16:36:55.384615424,2021-02-26 00:00:00,0.05272468913139107,0.0
2020-08-25,26,0,2021-04-12 01:50:46.153846272,2021-02-26 00:00:00,0.052735514700207,0.0
2020-08-26,26,0,2021-04-05 15:41:32.307692288,2021-02-22 12:00:00,0.05264550562631668,0.0
2020-08-27,26,0,2021-04-18 09:13:50.769230848,2021-02-26 12:00:00,0.05273421833395208,0.0
2020-08-28,26,0,2021-04-05 11:04:36.923076864,2021-02-23 00:00:00,0.05270717012215985,0.0
2020-08-31,26,0,2021-04-10 14:46:09.230769152,2021-03-01 00:00:00,0.05267113607095875,0.0
2020-09-01,26,0,2021-04-11 21:13:50.769230848,2021-02-26 12:00:00,0.05261211874982742,0.0
2020-09-02,26,0,2021-04-15 02:46:09.230769152,2021-03-02 12:00:00,0.052555366197810476,0.0
2020-09-03,26,0,2021-04-17 03:41:32.307692288,2021-03-02 12:00:00,0.05242005028199819,0.0
2020-09-04,26,0,2021-04-08 05:32:18.461538560,2021-03-02 12:00:00,0.052225316036012694,0.0
2020-09-07,26,0,2021-04-12 18:27:41.538461440,2021-03-02 12:00:00,0.05208584572259333,0.0
2020-09-08,26,0,2021-04-18 11:04:36.923076864,2021-03-02 12:00:00,0.052014715345028266,0.0
2020-09-09,26,0,2021-04-18 00:00:00.000000000,2021-03-02 12:00:00,0.05196955521226744,0.0
2020-09-10,26,0,2021-04-26 03:41:32.307692288,2021-03-02 00:00:00,0.051882571532532645,0.0
2020-09-11,26,0,2021-04-14 10:09:13.846153728,2021-03-02 00:00:00,0.05179291623106911,0.0
2020-09-14,26,1,2021-04-30 21:13:50.769230848,2021-03-04 12:00:00,0.05196262167607123,0.038461538461538464
2020-09-15,26,1,2021-04-12 02:46:09.230769152,2021-02-23 12:00:00,0.051765297326937465,0.038461538461538464
2020-09-16,26,1,2021-04-15 00:00:00.000000000,2021-02-23 00:00:00,0.05181510238396485,0.038461538461538464
2020-09-17,26,0,2021-04-28 14:46:09.230769152,2021-02-27 12:00:00,0.051906381434425025,0.0
2020-09-18,26,0,2021-04-23 23:04:36.923076864,2021-02-27 12:00:00,0.05191065520940113,0.0
2020-09-21,26,0,2021-04-25 22:09:13.846153728,2021-02-25 12:00:00,0.0518845783462233,0.0
2020-09-22,26,0,2021-05-02 08:18:27.692307712,2021-02-23 12:00:00,0.05177434011325605,0.0
2020-09-23,26,0,2021-05-03 05:32:18.461538560,2021-02-22 12:00:00,0.051738657280732604,0.0
2020-09-24,26,0,2021-05-06 04:36:55.384615424,2021-02-23 12:00:00,0.05167965696410854,0.0
2020-09-25,26,0,2021-05-08 17:32:18.461538560,2021-02-21 00:00:00,0.051604767607721855,0.0
2020-09-28,26,0,2021-05-10 05:32:18.461538560,2021-02-20 00:00:00,0.05157152370467565,0.0
2020-09-29,26,0,2021-05-11 13:50:46.153846272,2021-02-19 00:00:00,0.05153375269240791,0.0
2020-09-30,26,0,2021-05-02 00:55:23.076923136,2021-02-18 00:00:00,0.051471972765107406,0.0
2020-10-01,26,0,2021-04-21 12:55:23.076923136,2021-02-15 12:00:00,0.051203698856445094,0.0
2020-10-02,26,0,2021-04-23 04:36:55.384615424,2021-02-15 12:00:00,0.05114410421021293,0.0
2020-10-05,26,0,2021-04-22 09:13:50.769230848,2021-02-15 12:00:00,0.05114678872914886,0.0
2020-10-06,26,0,2021-04-24 21:13:50.769230848,2021-02-16 00:00:00,0.05113560850810794,0.0
2020-10-07,26,0,2021-04-16 02:46:09.230769152,2021-02-14 00:00:00,0.05108126556775123,0.0
2020-10-08,26,0,2021-04-18 01:50:46.153846272,2021-02-15 00:00:00,0.051004316499189906,0.0
2020-10-09,26,0,2021-04-11 05:32:18.461538560,2021-02-12 12:00:00,0.050752187243130055,0.0
2020-10-12,26,0,2021-04-29 06:27:41.538461440,2021-02-17 12:00:00,0.050740967745841276,0.0
2020-10-13,26,0,2021-04-21 05:32:18.461538560,2021-02-18 12:00:00,0.05068618800406255,0.0
2020-10-14,26,0,2021-04-15 20:18:27.692307712,2021-02-19 12:00:00,0.05066838479904566,0.0
2020-10-15,26,0,2021-04-16 00:55:23.076923136,2021-02-18 00:00:00,0.050562260909645565,0.0
2020-10-16,26,0,2021-03-30 17:32:18.461538560,2021-02-19 12:00:00,0.050533157199681884,0.0
2020-10-19,26,0,2021-04-26 19:23:04.615384576,2021-02-22 12:00:00,0.05070122775032545,0.0
2020-10-20,26,0,2021-04-30 18:27:41.538461440,2021-02-25 12:00:00,0.050714810048437586,0.0
2020-10-21,26,0,2021-04-21 15:41:32.307692288,2021-02-25 00:00:00,0.050576795433835635,0.0
2020-10-22,26,0,2021-04-11 20:18:27.692307712,2021-02-26 00:00:00,0.05047880965231222,0.0
2020-10-23,26,0,2021-04-25 02:46:09.230769152,2021-02-28 00:00:00,0.050507934380657434,0.0
2020-10-26,26,0,2021-04-30 10:09:13.846153728,2021-03-01 12:00:00,0.050486409806115455,0.0
2020-10-27,26,0,2021-05-02 03:41:32.307692288,2021-03-01 12:00:00,0.05036437888949917,0.0
2020-10-28,26,0,2021-05-02 14:46:09.230769152,2021-03-02 00:00:00,0.05036863611585023,0.0
2020-10-29,26,0,2021-05-10 04:36:55.384615424,2021-03-02 12:00:00,0.05039577028262957,0.0
2020-10-30,26,0,2021-05-10 13:50:46.153846272,2021-03-02 00:00:00,0.05034431530848214,0.0
2020-11-02,26,0,2021-05-22 03:41:32.307692288,2021-03-05 12:00:00,0.05033428510186721,0.0
2020-11-03,26,0,2021-05-23 20:18:27.692307712,2021-03-08 00:00:00,0.050269589952007365,0.0
2020-11-04,26,0,2021-05-25 23:04:36.923076864,2021-03-10 00:00:00,0.05025049380393982,0.0
2020-11-05,26,0,2021-05-28 12:00:00.000000000,2021-03-12 12:00:00,0.050253337992879635,0.0
2020-11-06,26,0,2021-05-11 00:55:23.076923136,2021-03-14 12:00:00,0.05021060774709571,0.0
2020-11-09,26,0,2021-05-27 14:46:09.230769152,2021-03-19 12:00:00,0.05046354649084551,0.0
2020-11-10,26,0,2021-05-17 02:46:09.230769152,2021-03-23 00:00:00,0.050525953994552696,0.0
2020-11-11,26,0,2021-05-04 14:46:09.230769152,2021-03-26 12:00:00,0.05063091667542051,0.0
2020-11-12,26,0,2021-04-19 14:46:09.230769152,2021-03-14 12:00:00,0.0507004786322585,0.0
2020-11-13,26,0,2021-03-25 09:13:50.769230848,2021-03-16 12:00:00,0.050694806716651504,0.0
2020-11-16,26,0,2021-03-15 14:46:09.230769152,2021-03-18 00:00:00,0.05073466464869476,0.0
2020-11-17,26,0,2021-03-09 03:41:32.307692288,2021-02-14 12:00:00,0.050749545027361335,0.0
2020-11-18,26,0,2021-02-21 12:55:23.076923136,2021-01-13 12:00:00,0.05075591793459006,0.0
2020-11-19,26,0,2021-02-18 13:50:46.153846272,2021-01-12 00:00:00,0.05070986582321984,0.0
2020-11-20,26,0,2021-03-06 01:50:46.153846272,2021-01-15 12:00:00,0.05082022245718075,0.0
2020-11-23,26,0,2021-03-02 01:50:46.153846272,2021-01-13 12:00:00,0.050836836178060715,0.0
2020-11-24,26,0,2021-03-04 11:04:36.923076864,2021-01-13 00:00:00,0.05095719117845622,0.0
2020-11-25,26,0,2021-03-04 03:41:32.307692288,2021-01-13 12:00:00,0.05096878965761852,0.0
2020-11-26,26,0,2021-02-21 12:00:00.000000000,2021-01-13 12:00:00,0.050918677486585254,0.0
2020-11-27,26,0,2021-03-02 04:36:55.384615424,2021-01-17 00:00:00,0.051053159579310656,0.0
2020-11-30,26,0,2021-03-18 00:00:00.000000000,2021-01-25 00:00:00,0.05111037139525697,0.0
2020-12-01,26,0,2021-03-30 13:50:46.153846272,2021-02-28 00:00:00,0.05112649445018328,0.0
2020-12-02,26,0,2021-04-13 16:36:55.384615424,2021-03-05 12:00:00,0.05112797270660617,0.0
2020-12-03,26,0,2021-04-16 02:46:09.230769152,2021-03-04 00:00:00,0.05109910293411534,0.0
2020-12-04,26,0,2021-04-15 00:55:23.076923136,2021-02-14 00:00:00,0.051038847013303176,0.0
2020-12-07,26,0,2021-04-11 20:18:27.692307712,2021-02-13 00:00:00,0.05102758988521379,0.0
2020-12-08,26,0,2021-04-15 13:50:46.153846272,2021-02-14 00:00:00,0.050974851082509195,0.0
2020-12-09,26,0,2021-05-16 20:18:27.692307712,2021-03-17 00:00:00,0.05107747016177718,0.0
2020-12-10,26,0,2021-06-09 01:50:46.153846272,2021-04-08 00:00:00,0.05114137645849218,0.0
2020-12-11,26,0,2021-06-15 01:50:46.153846272,2021-04-12 00:00:00,0.051102751422405265,0.0
2020-12-14,26,0,2021-05-02 05:32:18.461538560,2021-03-01 12:00:00,0.05096686108299934,0.0
2020-12-15,26,0,2021-05-19 14:46:09.230769152,2021-03-04 00:00:00,0.05095649381317216,0.0
2020-12-16,26,0,2021-07-17 21:13:50.769230848,2021-05-16 00:00:00,0.05102261477187287,0.0
2020-12-17,26,0,2021-08-15 19:23:04.615384576,2021-06-21 12:00:00,0.05096524643614496,0.0
2020-12-18,26,0,2021-08-14 07:23:04.615384576,2021-05-26 12:00:00,0.05085949906267376,0.0
2020-12-21,26,0,2021-08-18 20:18:27.692307712,2021-05-30 12:00:00,0.050786292970671915,0.0
2020-12-22,26,0,2021-08-14 23:04:36.923076864,2021-06-05 00:00:00,0.05063839300132659,0.0
2020-12-23,26,0,2021-09-17 03:41:32.307692288,2021-09-28 00:00:00,0.050708801032303456,0.0
2020-12-28,26,0,2021-09-25 23:04:36.923076864,2021-10-06 12:00:00,0.05075691128073792,0.0
2020-12-29,26,0,2021-09-14 06:27:41.538461440,2021-06-25 12:00:00,0.050792884931065325,0.0
2020-12-30,26,0,2021-10-04 19:23:04.615384576,2021-10-29 00:00:00,0.050882180632866134,0.0
2021-01-04,26,0,2021-09-23 00:55:23.076923136,2021-07-04 12:00:00,0.05093658846961085,0.0
2021-01-05,26,0,2021-09-27 23:04:36.923076864,2021-07-09 00:00:00,0.05097671233357382,0.0
2021-01-06,26,0,2021-09-14 17:32:18.461538560,2021-07-06 00:00:00,0.05098725531047309,0.0
2021-01-07,26,0,2021-09-30 19:23:04.615384576,2021-07-19 12:00:00,0.051044395849844985,0.0
2021-01-08,26,0,2021-10-02 12:55:23.076923136,2021-07-25 00:00:00,0.05102599308588566,0.0
2021-01-11,26,0,2021-10-17 09:13:50.769230848,2021-07-29 12:00:00,0.05109161267228408,0.0
2021-01-12,26,0,2021-11-03 18:27:41.538461440,2022-05-26 00:00:00,0.05105509182062187,0.0
2021-01-13,26,0,2021-10-25 23:04:36.923076864,2021-12-30 12:00:00,0.05099985213783764,0.0
2021-01-14,26,0,2021-11-02 02:46:09.230769152,2022-01-15 00:00:00,0.05095730859904382,0.0
2021-01-15,26,0,2021-11-06 06:27:41.538461440,2022-01-22 12:00:00,0.050891168728953794,0.0
2021-01-18,26,0,2021-11-10 15:41:32.307692288,2022-01-23 00:00:00,0.05086008385661847,0.0
2021-01-19,26,0,2021-11-09 05:32:18.461538560,2022-01-28 12:00:00,0.0508066670991046,0.0
2021-01-20,26,0,2021-11-23 02:46:09.230769152,2022-06-04 00:00:00,0.05075813927619049,0.0
2021-01-21,26,0,2021-11-24 05:32:18.461538560,2022-06-05 00:00:00,0.05071374849013433,0.0
2021-01-22,26,0,2021-11-27 08:18:27.692307712,2022-06-06 00:00:00,0.050666935332033335,0.0
2021-01-25,26,0,2021-11-29 22:09:13.846153728,2022-06-09 00:00:00,0.05060406660059157,0.0
2021-01-26,26,0,2021-11-30 17:32:18.461538560,2022-06-10 00:00:00,0.05051527708907374,0.0
2021-01-27,26,0,2021-12-01 12:55:23.076923136,2022-06-11 00:00:00,0.05039325970116597,0.0
2021-01-28,26,0,2021-11-28 14:46:09.230769152,2022-06-10 12:00:00,0.05026891241645747,0.0
2021-01-29,26,0,2021-11-27 03:41:32.307692288,2022-06-13 00:00:00,0.05016182411475735,0.0
2021-02-01,26,0,2021-11-27 18:27:41.538461440,2022-06-16 00:00:00,0.05011762385352633,0.0
2021-02-02,26,0,2021-11-28 12:55:23.076923136,2022-06-17 00:00:00,0.05007173023717973,0.0
2021-02-03,26,0,2021-11-29 01:50:46.153846272,2022-06-18 00:00:00,0.050036893345467424,0.0
2021-02-04,26,0,2021-11-29 09:13:50.769230848,2022-06-19 00:00:00,0.050040779302236195,0.0
2021-02-05,26,0,2021-12-06 15:41:32.307692288,2022-06-20 00:00:00,0.05008801483360529,0.0
2021-02-08,26,0,2021-12-07 23:04:36.923076864,2022-06-23 00:00:00,0.05008998225412834,0.0
2021-02-09,26,0,2021-11-29 15:41:32.307692288,2022-06-24 00:00:00,0.05002900833426256,0.0
2021-02-10,26,0,2021-12-04 23:04:36.923076864,2022-06-25 00:00:00,0.0499735711132016,0.0
2021-02-11,26,0,2021-12-08 02:46:09.230769152,2022-06-26 00:00:00,0.049936999472226344,0.0
2021-02-12,26,0,2021-11-25 09:13:50.769230848,2022-06-27 00:00:00,0.049891797351098506,0.0
2021-02-15,26,0,2021-11-27 12:55:23.076923136,2022-06-30 00:00:00,0.049842983865229576,0.0
2021-02-16,26,0,2021-11-20 04:36:55.384615424,2022-06-30 12:00:00,0.04981785334325019,0.0
2021-02-17,26,0,2021-11-21 14:46:09.230769152,2022-07-02 00:00:00,0.04979969895896785,0.0
2021-02-18,26,0,2021-11-28 15:41:32.307692288,2022-07-02 12:00:00,0.04985112619344215,0.0
2021-02-19,26,0,2021-11-28 22:09:13.846153728,2022-07-04 00:00:00,0.049663245176804545,0.0
2021-02-22,26,0,2021-12-01 19:23:04.615384576,2022-07-02 00:00:00,0.04960449108092916,0.0
2021-02-23,26,0,2021-12-04 01:50:46.153846272,2022-07-03 12:00:00,0.049537646092813956,0.0
2021-02-24,26,0,2021-12-11 08:18:27.692307712,2022-07-01 12:00:00,0.04956250869207874,0.0
2021-02-25,26,0,2021-12-17 11:04:36.923076864,2022-07-10 00:00:00,0.04951455139480899,0.0
2021-02-26,26,0,2021-12-21 03:41:32.307692288,2022-07-11 00:00:00,0.04946386119748398,0.0
2021-03-01,26,0,2021-12-16 02:46:09.230769152,2022-07-14 00:00:00,0.04931558479904192,0.0
2021-03-02,26,0,2021-12-18 09:13:50.769230848,2022-07-13 12:00:00,0.04923177953778276,0.0
2021-03-03,26,0,2021-12-21 01:50:46.153846272,2022-07-16 00:00:00,0.04921578562920348,0.0
2021-03-04,26,0,2021-12-14 19:23:04.615384576,2022-07-17 00:00:00,0.04909930418096698,0.0
2021-03-05,26,0,2021-12-16 20:18:27.692307712,2022-07-18 00:00:00,0.04899301945333054,0.0
2021-03-08,26,0,2021-12-20 05:32:18.461538560,2022-07-21 00:00:00,0.04891249342142844,0.0
2021-03-09,26,0,2021-12-19 05:32:18.461538560,2022-07-21 12:00:00,0.04895818855997681,0.0
2021-03-10,26,0,2021-12-18 12:00:00.000000000,2022-07-23 00:00:00,0.04888924854703,0.0
2021-03-11,26,0,2021-12-18 12:00:00.000000000,2022-07-24 00:00:00,0.04891609165803379,0.0
2021-03-12,26,0,2021-12-19 07:23:04.615384576,2022-07-25 00:00:00,0.04897569817193188,0.0
2021-03-15,26,0,2021-12-17 23:04:36.923076864,2022-07-20 12:00:00,0.048959381140891094,0.0
2021-03-16,26,0,2021-12-20 12:00:00.000000000,2022-07-29 00:00:00,0.048972204893913726,0.0
2021-03-17,26,0,2021-12-23 19:23:04.615384576,2022-07-29 12:00:00,0.048935647791961134,0.0
2021-03-18,26,0,2021-12-21 11:04:36.923076864,2022-07-30 12:00:00,0.04889512263932787,0.0
2021-03-19,26,1,2021-12-26 20:18:27.692307712,2022-08-01 00:00:00,0.04885375138798349,0.038461538461538464
2021-03-22,26,1,2021-12-29 23:04:36.923076864,2022-08-04 00:00:00,0.048782474961372606,0.038461538461538464
2021-03-23,26,1,2021-12-30 12:55:23.076923136,2022-08-05 00:00:00,0.04873902752035408,0.038461538461538464
2021-03-24,26,1,2022-01-18 12:55:23.076923136,2022-08-06 00:00:00,0.048868721608257955,0.038461538461538464
2021-03-25,26,1,2022-01-11 23:04:36.923076864,2022-08-06 00:00:00,0.04867123981932922,0.038461538461538464
2021-03-26,26,1,2022-02-21 06:27:41.538461440,2022-08-08 00:00:00,0.04888340874952975,0.038461538461538464
2021-03-29,26,1,2022-01-14 19:23:04.615384576,2022-07-24 00:00:00,0.04856720052351438,0.038461538461538464
2021-03-30,26,1,2022-02-06 20:18:27.692307712,2022-08-12 00:00:00,0.04862590306997446,0.038461538461538464
2021-03-31,26,1,2022-01-19 18:27:41.538461440,2022-07-24 00:00:00,0.04846978628796318,0.038461538461538464
2021-04-01,26,1,2022-02-10 23:04:36.923076864,2022-08-13 12:00:00,0.048574575395406376,0.038461538461538464
2021-04-06,26,1,2022-02-16 21:13:50.769230848,2022-08-19 00:00:00,0.048572382195204794,0.038461538461538464
2021-04-07,26,1,2022-02-04 12:55:23.076923136,2022-08-20 00:00:00,0.048497228180786424,0.038461538461538464
2021-04-08,26,1,2022-01-21 01:50:46.153846272,2022-04-30 00:00:00,0.04836847729047645,0.038461538461538464
2021-04-09,26,1,2022-02-08 00:55:23.076923136,2022-08-22 00:00:00,0.04836536753610383,0.038461538461538464
2021-04-12,26,1,2022-02-09 05:32:18.461538560,2022-08-25 00:00:00,0.04827736501763347,0.038461538461538464
2021-04-13,26,1,2022-02-17 18:27:41.538461440,2022-08-11 00:00:00,0.048310143021060736,0.038461538461538464
2021-04-14,26,1,2022-01-14 07:23:04.615384576,2022-02-02 00:00:00,0.048073862397980546,0.038461538461538464
2021-04-15,26,1,2022-01-17 11:04:36.923076864,2022-03-02 00:00:00,0.04803933635708059,0.038461538461538464
2021-04-16,26,1,2022-01-25 02:46:09.230769152,2022-05-19 00:00:00,0.04801013683768967,0.038461538461538464
2021-04-19,26,1,2022-01-31 07:23:04.615384576,2022-06-12 00:00:00,0.04803179878076583,0.038461538461538464
2021-04-20,26,1,2022-01-28 01:50:46.153846272,2022-05-18 12:00:00,0.04799403372926148,0.038461538461538464
2021-04-21,26,1,2022-02-12 21:13:50.769230848,2022-06-03 00:00:00,0.04805078867028128,0.038461538461538464
2021-04-22,26,1,2022-01-31 07:23:04.615384576,2022-06-13 00:00:00,0.0479071959647483,0.038461538461538464
2021-04-23,26,1,2022-02-19 22:09:13.846153728,2022-08-31 12:00:00,0.047903766861657156,0.038461538461538464
2021-04-26,26,2,2022-03-07 21:13:50.769230848,2022-09-03 12:00:00,0.047902702299326014,0.07692307692307693
2021-04-27,26,2,2022-03-08 17:32:18.461538560,2022-09-04 12:00:00,0.04782289556159613,0.07692307692307693
2021-04-28,26,2,2022-02-20 22:09:13.846153728,2022-07-25 00:00:00,0.047648028159438055,0.07692307692307693
2021-04-29,26,2,2022-03-15 12:55:23.076923136,2022-09-05 12:00:00,0.047651140208882205,0.07692307692307693
2021-04-30,26,2,2022-02-22 22:09:13.846153728,2022-08-08 00:00:00,0.04747202711629335,0.07692307692307693
2021-05-03,26,2,2022-03-14 15:41:32.307692288,2022-08-11 12:00:00,0.04743558796668145,0.07692307692307693
2021-05-04,26,1,2022-03-02 08:18:27.692307712,2022-05-13 12:00:00,0.047262535280686496,0.038461538461538464
2021-05-05,26,2,2022-03-06 13:50:46.153846272,2022-06-07 00:00:00,0.047103221297724304,0.07692307692307693
2021-05-06,26,2,2022-02-14 12:00:00.000000000,2022-04-10 00:00:00,0.046956920077019605,0.07692307692307693
2021-05-07,26,2,2022-03-10 07:23:04.615384576,2022-06-18 00:00:00,0.046833287177539956,0.07692307692307693
2021-05-10,26,2,2022-03-13 15:41:32.307692288,2022-06-23 00:00:00,0.046728452415843585,0.07692307692307693
2021-05-11,26,2,2022-03-17 20:18:27.692307712,2022-06-29 00:00:00,0.04661567717241947,0.07692307692307693
2021-05-12,26,2,2022-02-26 17:32:18.461538560,2022-04-15 00:00:00,0.04649994682935111,0.07692307692307693
2021-05-14,26,1,2022-03-18 03:41:32.307692288,2022-05-28 00:00:00,0.046411399118782934,0.038461538461538464
2021-05-17,26,1,2022-03-04 00:55:23.076923136,2022-04-18 00:00:00,0.04624607919568325,0.038461538461538464
2021-05-18,26,1,2022-03-21 11:04:36.923076864,2022-05-31 00:00:00,0.04610841254264885,0.038461538461538464
2021-05-19,26,1,2022-03-21 11:04:36.923076864,2022-05-30 12:00:00,0.04598614353420197,0.038461538461538464
2021-05-20,26,1,2022-03-22 07:23:04.615384576,2022-05-29 00:00:00,0.045900040410737766,0.038461538461538464
2021-05-21,26,1,2022-03-25 04:36:55.384615424,2022-06-02 12:00:00,0.04582339647532552,0.038461538461538464
2021-05-25,26,1,2022-03-24 21:13:50.769230848,2022-05-31 12:00:00,0.045745386229521956,0.038461538461538464
2021-05-26,26,1,2022-03-26 12:55:23.076923136,2022-06-01 12:00:00,0.04569325889318831,0.038461538461538464
2021-05-27,26,1,2022-03-27 21:13:50.769230848,2022-06-02 00:00:00,0.045639744279097526,0.038461538461538464
2021-05-28,26,2,2022-04-15 07:23:04.615384576,2022-08-15 12:00:00,0.04558169518626375,0.07692307692307693
2021-05-31,26,1,2022-04-01 05:32:18.461538560,2022-06-14 00:00:00,0.045500964874278224,0.038461538461538464
2021-06-01,26,1,2022-04-02 20:18:27.692307712,2022-06-10 12:00:00,0.04539829184535387,0.038461538461538464
2021-06-02,26,1,2022-04-05 07:23:04.615384576,2022-06-30 12:00:00,0.045305504454046415,0.038461538461538464
2021-06-03,26,1,2022-04-06 01:50:46.153846272,2022-07-12 12:00:00,0.04520709078791756,0.038461538461538464
2021-06-04,26,1,2022-04-08 04:36:55.384615424,2022-07-13 12:00:00,0.04506951943344786,0.038461538461538464
2021-06-07,26,1,2022-04-10 05:32:18.461538560,2022-07-17 12:00:00,0.04497337291247735,0.038461538461538464
2021-06-08,26,2,2022-04-12 12:00:00.000000000,2022-07-26 00:00:00,0.04482901592229767,0.07692307692307693
2021-06-09,26,2,2022-04-14 09:13:50.769230848,2022-08-04 00:00:00,0.04467293964956138,0.07692307692307693
2021-06-10,26,2,2022-04-16 04:36:55.384615424,2022-08-13 12:00:00,0.0444897749930258,0.07692307692307693
2021-06-11,26,2,2022-04-20 10:09:13.846153728,2022-08-23 00:00:00,0.04432587075198873,0.07692307692307693
2021-06-14,26,2,2022-04-22 01:50:46.153846272,2022-08-17 00:00:00,0.04418766193468393,0.07692307692307693
2021-06-15,26,2,2022-04-23 23:04:36.923076864,2022-08-28 12:00:00,0.04405261877799128,0.07692307692307693
2021-06-16,26,2,2022-04-25 03:41:32.307692288,2022-09-03 00:00:00,0.04394117747627993,0.07692307692307693
2021-06-17,26,2,2022-04-27 00:00:00.000000000,2022-09-04 00:00:00,0.04383245787866185,0.07692307692307693
2021-06-18,26,2,2022-04-27 14:46:09.230769152,2022-09-05 00:00:00,0.043751602619578764,0.07692307692307693
2021-06-21,26,2,2022-04-27 05:32:18.461538560,2022-09-06 12:00:00,0.043637638338827174,0.07692307692307693
2021-06-22,26,2,2022-04-29 09:13:50.769230848,2022-09-07 00:00:00,0.043501165233668385,0.07692307692307693
2021-06-23,26,2,2022-04-29 04:36:55.384615424,2022-09-07 12:00:00,0.04336284108811698,0.07692307692307693
2021-06-24,26,2,2022-04-27 20:18:27.692307712,2022-09-08 12:00:00,0.04323748711555885,0.07692307692307693
2021-06-25,26,2,2022-04-11 21:13:50.769230848,2022-07-17 12:00:00,0.0431593349518236,0.07692307692307693
2021-06-28,26,2,2022-05-01 23:04:36.923076864,2022-09-11 00:00:00,0.04308162068125844,0.07692307692307693
2021-06-29,26,2,2022-04-14 04:36:55.384615424,2022-07-16 00:00:00,0.043005796939631184,0.07692307692307693
2021-06-30,26,2,2022-05-04 02:46:09.230769152,2022-09-19 00:00:00,0.04296536777821798,0.07692307692307693
2021-07-01,26,2,2022-05-05 20:18:27.692307712,2022-09-20 12:00:00,0.04291775463993272,0.07692307692307693
2021-07-02,26,2,2022-05-07 15:41:32.307692288,2022-09-22 00:00:00,0.04285028629479198,0.07692307692307693
2021-07-05,26,2,2022-05-09 17:32:18.461538560,2022-10-09 12:00:00,0.04277590287800692,0.07692307692307693
2021-07-06,26,2,2022-05-20 03:41:32.307692288,2022-10-11 12:00:00,0.042710635392404245,0.07692307692307693
2021-07-07,26,2,2022-05-23 05:32:18.461538560,2022-10-15 00:00:00,0.042624866324841956,0.07692307692307693
2021-07-08,26,1,2022-05-22 19:23:04.615384576,2022-10-16 00:00:00,0.04256218634095914,0.038461538461538464
2021-07-09,26,1,2022-06-13 23:04:36.923076864,2022-11-19 12:00:00,0.042472053927223405,0.038461538461538464
2021-07-12,26,1,2022-06-02 00:00:00.000000000,2022-11-18 12:00:00,0.04232782636501267,0.038461538461538464
2021-07-13,26,2,2022-06-01 21:13:50.769230848,2022-11-25 00:00:00,0.04218988326776532,0.07692307692307693
2021-07-14,26,3,2022-05-09 23:04:36.923076864,2022-09-09 12:00:00,0.04200756223603689,0.11538461538461539
2021-07-15,26,3,2022-06-03 02:46:09.230769152,2022-11-20 00:00:00,0.04189189007658198,0.11538461538461539
2021-07-16,26,3,2022-07-08 18:27:41.538461440,2022-11-25 00:00:00,0.04182335545219272,0.11538461538461539
2021-07-19,26,1,2022-07-17 15:41:32.307692288,2022-11-30 12:00:00,0.04178364956001536,0.038461538461538464
2021-07-20,26,0,2022-07-14 19:23:04.615384576,2022-12-02 00:00:00,0.04171759109084997,0.0
2021-07-21,26,1,2022-08-14 10:09:13.846153728,2022-12-03 00:00:00,0.041706428823399505,0.038461538461538464
2021-07-22,26,1,2022-08-19 08:18:27.692307712,2022-12-04 00:00:00,0.04158281112065306,0.038461538461538464
2021-07-23,26,1,2022-08-11 14:46:09.230769152,2022-12-05 00:00:00,0.04149316600100887,0.038461538461538464
2021-07-26,26,1,2022-08-16 17:32:18.461538560,2022-12-08 00:00:00,0.041384617868109,0.038461538461538464
2021-07-27,26,1,2022-08-20 03:41:32.307692288,2022-12-08 00:00:00,0.04125460163351931,0.038461538461538464
2021-07-28,26,1,2022-08-12 01:50:46.153846272,2022-12-10 00:00:00,0.04112707575699056,0.038461538461538464
2021-07-29,26,3,2022-08-12 11:04:36.923076864,2022-12-11 00:00:00,0.0410246098475829,0.11538461538461539
2021-07-30,26,3,2022-08-16 06:27:41.538461440,2022-12-12 00:00:00,0.040945554134576595,0.11538461538461539
2021-08-02,26,5,2022-08-17 03:41:32.307692288,2022-12-15 00:00:00,0.04088583445540894,0.19230769230769232
2021-08-03,26,5,2022-08-04 22:09:13.846153728,2022-12-14 12:00:00,0.040852902455708454,0.19230769230769232
2021-08-04,26,5,2022-08-03 01:50:46.153846272,2022-12-12 00:00:00,0.0408143092088664,0.19230769230769232
2021-08-05,26,5,2022-07-09 08:18:27.692307712,2022-12-16 00:00:00,0.04070873780465546,0.19230769230769232
2021-08-06,26,5,2022-07-10 01:50:46.153846272,2022-12-16 00:00:00,0.04065030316408022,0.19230769230769232
2021-08-09,26,5,2022-07-13 06:27:41.538461440,2022-12-18 12:00:00,0.04059343394967497,0.19230769230769232
2021-08-10,26,5,2022-07-10 15:41:32.307692288,2022-12-23 00:00:00,0.040501925141447175,0.19230769230769232
2021-08-11,26,5,2022-07-11 10:09:13.846153728,2022-12-24 00:00:00,0.04042391132124612,0.19230769230769232
2021-08-12,26,5,2022-07-11 17:32:18.461538560,2022-12-25 00:00:00,0.04034189579475451,0.19230769230769232
2021-08-13,26,5,2022-07-12 07:23:04.615384576,2022-12-26 00:00:00,0.0402247622152065,0.19230769230769232
2021-08-16,26,5,2022-07-15 13:50:46.153846272,2022-12-29 00:00:00,0.04013353649254922,0.19230769230769232
2021-08-17,26,5,2022-07-16 10:09:13.846153728,2022-12-30 00:00:00,0.040006486439211224,0.19230769230769232
2021-08-18,26,5,2022-07-20 14:46:09.230769152,2022-12-31 00:00:00,0.03987477992889162,0.19230769230769232
2021-08-19,26,5,2022-07-24 04:36:55.384615424,2023-01-01 00:00:00,0.03973672634281303,0.19230769230769232
2021-08-20,26,5,2022-07-27 12:55:23.076923136,2023-01-02 00:00:00,0.03960513809282895,0.19230769230769232
2021-08-23,26,5,2022-08-02 19:23:04.615384576,2023-01-05 00:00:00,0.03949071039981316,0.19230769230769232
2021-08-24,26,5,2022-07-25 19:23:04.615384576,2023-01-06 00:00:00,0.03937553814292923,0.19230769230769232
2021-08-25,26,5,2022-07-28 03:41:32.307692288,2023-01-07 00:00:00,0.039273022556377164,0.19230769230769232
2021-08-26,26,5,2022-07-29 23:04:36.923076864,2023-01-08 00:00:00,0.039178484396442906,0.19230769230769232
2021-08-27,26,6,2022-08-26 04:36:55.384615424,2023-01-09 00:00:00,0.039138648647213975,0.23076923076923078
2021-08-30,26,6,2022-09-01 18:27:41.538461440,2023-01-12 00:00:00,0.03904525197053859,0.23076923076923078
2021-08-31,26,6,2022-09-02 20:18:27.692307712,2023-01-13 00:00:00,0.038935607328690905,0.23076923076923078
2021-09-01,26,6,2022-09-07 15:41:32.307692288,2023-01-14 00:00:00,0.03882431584283416,0.23076923076923078
2021-09-02,26,6,2022-08-22 00:55:23.076923136,2023-01-15 00:00:00,0.03872556324478271,0.23076923076923078
2021-09-03,26,6,2022-08-25 10:09:13.846153728,2023-01-16 00:00:00,0.03864754287388068,0.23076923076923078
2021-09-06,26,6,2022-08-25 18:27:41.538461440,2023-01-19 00:00:00,0.038593280948168794,0.23076923076923078
2021-09-07,26,6,2022-08-28 17:32:18.461538560,2023-01-20 00:00:00,0.03855213677428104,0.23076923076923078
2021-09-08,26,6,2022-09-05 03:41:32.307692288,2023-01-21 00:00:00,0.03854999545412459,0.23076923076923078
2021-09-09,26,6,2022-09-09 06:27:41.538461440,2023-01-22 00:00:00,0.03854770017714723,0.23076923076923078
2021-09-10,26,6,2022-09-21 05:32:18.461538560,2023-01-23 00:00:00,0.0385332394585518,0.23076923076923078
2021-09-13,26,7,2022-10-16 11:04:36.923076864,2023-01-26 00:00:00,0.038557918055519516,0.2692307692307692
2021-09-14,26,6,2022-10-13 18:27:41.538461440,2023-01-27 00:00:00,0.03845522399023561,0.23076923076923078
2021-09-15,26,7,2022-11-10 07:23:04.615384576,2023-01-28 00:00:00,0.038459028661089995,0.2692307692307692
2021-09-16,26,5,2022-11-11 00:55:23.076923136,2023-01-29 00:00:00,0.03839642745350207,0.19230769230769232
2021-09-17,26,5,2022-11-30 15:41:32.307692288,2023-01-30 00:00:00,0.03837534918549534,0.19230769230769232
2021-09-20,26,5,2022-12-23 00:55:23.076923136,2023-02-02 00:00:00,0.038421453688830626,0.19230769230769232
2021-09-21,26,4,2022-12-24 12:55:23.076923136,2023-02-03 00:00:00,0.03833685046916886,0.15384615384615385
2021-09-22,26,2,2022-12-07 21:13:50.769230848,2023-02-04 00:00:00,0.03816317082953127,0.07692307692307693
2021-09-23,26,2,2022-12-08 20:18:27.692307712,2023-02-05 00:00:00,0.037995363231629616,0.07692307692307693
2021-09-24,26,1,2022-12-05 00:55:23.076923136,2023-02-06 00:00:00,0.03785480276726616,0.038461538461538464
2021-09-27,26,2,2022-12-27 12:00:00.000000000,2023-02-09 00:00:00,0.037799766633367475,0.07692307692307693
2021-09-28,26,2,2022-12-31 05:32:18.461538560,2023-02-10 00:00:00,0.03774269011498159,0.07692307692307693
2021-09-29,26,1,2022-12-08 08:18:27.692307712,2023-02-11 00:00:00,0.03762710635678485,0.038461538461538464
2021-09-30,26,2,2022-12-24 23:04:36.923076864,2023-02-12 00:00:00,0.03759025022275328,0.07692307692307693
2021-10-01,26,2,2022-12-28 16:36:55.384615424,2023-02-13 00:00:00,0.03752766371358769,0.07692307692307693
2021-10-04,26,2,2022-12-30 14:46:09.230769152,2023-02-16 00:00:00,0.03746602764632853,0.07692307692307693
2021-10-05,26,1,2022-12-31 13:50:46.153846272,2023-02-17 00:00:00,0.03736664015293768,0.038461538461538464
2021-10-06,26,1,2023-01-02 07:23:04.615384576,2023-02-18 00:00:00,0.03729349102610567,0.038461538461538464
2021-10-07,26,1,2022-12-31 20:18:27.692307712,2023-02-19 00:00:00,0.037213389502994625,0.038461538461538464
2021-10-08,26,1,2023-01-05 05:32:18.461538560,2023-02-20 00:00:00,0.03714382075543942,0.038461538461538464
2021-10-11,26,1,2023-01-05 11:04:36.923076864,2023-02-23 00:00:00,0.03712378758341796,0.038461538461538464
2021-10-12,26,1,2023-01-21 13:50:46.153846272,2023-02-24 00:00:00,0.03709985245483414,0.038461538461538464
2021-10-13,26,0,2023-01-22 22:09:13.846153728,2023-02-25 00:00:00,0.03706604029659681,0.0
2021-10-14,26,0,2023-01-20 14:46:09.230769152,2023-02-26 00:00:00,0.03705155568542842,0.0
2021-10-15,26,1,2023-01-19 09:13:50.769230848,2023-02-27 00:00:00,0.03703595283775017,0.038461538461538464
2021-10-18,26,1,2023-01-14 10:09:13.846153728,2023-03-02 00:00:00,0.037002644956826355,0.038461538461538464
2021-10-19,26,0,2023-01-11 12:00:00.000000000,2023-03-03 00:00:00,0.036949132229722376,0.0
2021-10-20,26,0,2023-01-07 06:27:41.538461440,2023-03-04 00:00:00,0.03690941466349877,0.0
2021-10-21,26,0,2023-01-06 17:32:18.461538560,2023-03-05 00:00:00,0.0368674651638688,0.0
2021-10-22,26,0,2022-12-27 18:27:41.538461440,2023-03-06 00:00:00,0.036802072407792145,0.0
2021-10-25,26,0,2022-12-24 07:23:04.615384576,2023-03-09 00:00:00,0.03674761593673045,0.0
2021-10-26,26,1,2022-12-16 15:41:32.307692288,2023-03-10 00:00:00,0.03666835099189913,0.038461538461538464
2021-10-27,26,1,2022-12-11 12:00:00.000000000,2023-03-11 00:00:00,0.036565851649609675,0.038461538461538464
2021-10-28,26,3,2022-12-12 14:46:09.230769152,2023-03-12 00:00:00,0.03645664806921478,0.11538461538461539
2021-10-29,26,4,2023-01-04 08:18:27.692307712,2023-03-13 00:00:00,0.03640325689518094,0.15384615384615385
2021-11-01,26,8,2022-12-28 12:00:00.000000000,2023-03-16 00:00:00,0.03633140197872108,0.3076923076923077
2021-11-02,26,8,2022-12-20 15:41:32.307692288,2023-03-15 12:00:00,0.036254743547263185,0.3076923076923077
2021-11-03,26,8,2022-12-11 09:13:50.769230848,2023-03-17 00:00:00,0.03619275007538165,0.3076923076923077
2021-11-04,26,7,2022-11-18 19:23:04.615384576,2023-03-18 12:00:00,0.03607986213798019,0.2692307692307692
2021-11-05,26,7,2022-11-14 11:04:36.923076864,2023-03-18 12:00:00,0.03601036599303115,0.2692307692307692
2021-11-08,26,7,2022-11-26 12:00:00.000000000,2023-03-22 00:00:00,0.03593466561306548,0.2692307692307692
2021-11-09,26,7,2022-11-11 00:55:23.076923136,2023-03-19 00:00:00,0.035855691577378494,0.2692307692307692
2021-11-10,26,7,2022-11-10 07:23:04.615384576,2023-03-24 12:00:00,0.03579009133934512,0.2692307692307692
2021-11-11,26,7,2022-11-19 20:18:27.692307712,2023-03-25 00:00:00,0.035743379668207606,0.2692307692307692
2021-11-12,26,7,2022-11-17 02:46:09.230769152,2023-03-26 00:00:00,0.035684156062886725,0.2692307692307692
2021-11-15,26,6,2022-11-18 18:27:41.538461440,2023-03-29 00:00:00,0.03565710477470001,0.23076923076923078
2021-11-16,26,7,2022-11-16 21:13:50.769230848,2023-03-31 00:00:00,0.035643794096460374,0.2692307692307692
2021-11-17,26,6,2022-11-19 09:13:50.769230848,2023-04-01 00:00:00,0.03563391782822596,0.23076923076923078
2021-11-18,26,6,2022-11-15 08:18:27.692307712,2023-04-01 12:00:00,0.03560972301940402,0.23076923076923078
2021-11-19,26,7,2022-11-08 02:46:09.230769152,2023-04-01 00:00:00,0.03556364846681986,0.2692307692307692
2021-11-22,26,8,2022-12-01 00:00:00.000000000,2023-04-04 12:00:00,0.03561799622486734,0.3076923076923077
2021-11-23,26,8,2022-11-16 00:00:00.000000000,2023-04-05 12:00:00,0.035458558340996024,0.3076923076923077
2021-11-24,26,8,2022-11-21 04:36:55.384615424,2023-04-06 12:00:00,0.035403637040916994,0.3076923076923077
2021-11-25,26,9,2022-12-09 07:23:04.615384576,2023-04-08 00:00:00,0.03542250144660918,0.34615384615384615
2021-11-26,26,9,2022-12-15 07:23:04.615384576,2023-04-07 00:00:00,0.03544384369397547,0.34615384615384615
2021-11-29,26,9,2022-12-19 21:13:50.769230848,2023-04-12 00:00:00,0.035418393717405836,0.34615384615384615
2021-11-30,26,11,2022-12-27 05:32:18.461538560,2023-04-11 12:00:00,0.03539345721410238,0.4230769230769231
2021-12-01,26,11,2022-12-28 14:46:09.230769152,2023-04-14 00:00:00,0.03529563704328085,0.4230769230769231
2021-12-02,26,11,2023-01-04 20:18:27.692307712,2023-04-13 12:00:00,0.035205711955386805,0.4230769230769231
2021-12-03,26,11,2023-01-16 22:09:13.846153728,2023-04-15 00:00:00,0.03514429794670695,0.4230769230769231
2021-12-06,26,11,2023-02-08 10:09:13.846153728,2023-04-19 00:00:00,0.035067405404052183,0.4230769230769231
2021-12-07,26,11,2023-01-29 11:04:36.923076864,2023-04-20 00:00:00,0.034980407892243236,0.4230769230769231
2021-12-08,26,11,2023-01-29 16:36:55.384615424,2023-04-20 00:00:00,0.0348977707528706,0.4230769230769231
2021-12-09,26,10,2023-01-22 13:50:46.153846272,2023-04-22 12:00:00,0.03480052691511346,0.38461538461538464
2021-12-10,26,11,2023-02-10 13:50:46.153846272,2023-04-23 12:00:00,0.0347387412511001,0.4230769230769231
2021-12-13,26,11,2023-02-17 16:36:55.384615424,2023-04-26 12:00:00,0.03468547989602695,0.4230769230769231
2021-12-14,26,10,2023-02-07 23:04:36.923076864,2023-04-27 12:00:00,0.03461823905651727,0.38461538461538464
2021-12-15,26,10,2023-02-08 12:55:23.076923136,2023-04-27 12:00:00,0.03457021980082273,0.38461538461538464
2021-12-16,26,10,2023-02-09 00:55:23.076923136,2023-04-29 00:00:00,0.0345182474029358,0.38461538461538464
2021-12-17,26,10,2023-02-11 18:27:41.538461440,2023-04-30 00:00:00,0.03445078790814254,0.38461538461538464
2021-12-20,26,10,2023-02-15 17:32:18.461538560,2023-05-04 00:00:00,0.034449253303496775,0.38461538461538464
2021-12-21,26,10,2023-02-14 20:18:27.692307712,2023-05-05 00:00:00,0.03441425005851717,0.38461538461538464
2021-12-22,26,10,2023-02-16 18:27:41.538461440,2023-05-06 00:00:00,0.03436383001871358,0.38461538461538464
2021-12-23,26,10,2023-02-22 23:04:36.923076864,2023-05-07 00:00:00,0.03431904625248568,0.38461538461538464
2021-12-27,26,10,2023-02-21 13:50:46.153846272,2023-05-11 00:00:00,0.03424967805599665,0.38461538461538464
2021-12-28,26,10,2023-02-27 12:55:23.076923136,2023-05-12 00:00:00,0.03419891801991094,0.38461538461538464
2021-12-29,26,11,2023-02-26 09:13:50.769230848,2023-05-12 00:00:00,0.03411316248472977,0.4230769230769231
2021-12-30,26,11,2023-02-28 05:32:18.461538560,2023-05-11 00:00:00,0.03404089479942523,0.4230769230769231
2022-01-03,26,11,2023-02-27 02:46:09.230769152,2023-05-16 00:00:00,0.0339691655639655,0.4230769230769231
2022-01-04,26,11,2023-02-27 11:04:36.923076864,2023-05-16 12:00:00,0.033894027593490764,0.4230769230769231
2022-01-05,26,11,2023-03-01 23:04:36.923076864,2023-05-16 00:00:00,0.03384024843397744,0.4230769230769231
2022-01-06,26,11,2023-02-24 13:50:46.153846272,2023-05-17 12:00:00,0.033727461199567335,0.4230769230769231
2022-01-07,26,11,2023-02-27 09:13:50.769230848,2023-05-20 12:00:00,0.03361248158717148,0.4230769230769231
2022-01-10,26,11,2023-02-22 09:13:50.769230848,2023-05-19 12:00:00,0.03348471381033078,0.4230769230769231
2022-01-11,26,11,2023-02-28 16:36:55.384615424,2023-05-25 00:00:00,0.03336833979555127,0.4230769230769231
2022-01-12,26,11,2023-02-24 13:50:46.153846272,2023-05-24 00:00:00,0.03328364580191306,0.4230769230769231
2022-01-13,26,11,2023-02-26 19:23:04.615384576,2023-05-24 12:00:00,0.0331875657909796,0.4230769230769231
2022-01-14,26,11,2023-03-03 06:27:41.538461440,2023-05-27 00:00:00,0.033103390263339985,0.4230769230769231
2022-01-17,26,11,2023-03-09 02:46:09.230769152,2023-05-30 00:00:00,0.033022580440186716,0.4230769230769231
2022-01-18,26,10,2023-02-17 05:32:18.461538560,2023-05-30 12:00:00,0.03293693157628216,0.38461538461538464
2022-01-19,26,10,2023-02-20 01:50:46.153846272,2023-05-29 12:00:00,0.032868684959790825,0.38461538461538464
2022-01-20,26,10,2023-01-31 01:50:46.153846272,2023-05-31 12:00:00,0.03279975068471623,0.38461538461538464
2022-01-21,26,10,2023-01-30 17:32:18.461538560,2023-05-30 00:00:00,0.032769169859791766,0.38461538461538464
2022-01-24,26,10,2023-03-01 20:18:27.692307712,2023-06-05 12:00:00,0.033023175164653855,0.38461538461538464
2022-01-25,26,11,2023-03-21 12:00:00.000000000,2023-06-09 00:00:00,0.033186805824847204,0.4230769230769231
2022-01-26,26,10,2023-03-04 21:13:50.769230848,2023-06-10 00:00:00,0.03316915189886499,0.38461538461538464
2022-01-27,26,10,2023-03-10 04:36:55.384615424,2023-06-11 00:00:00,0.03316359038876611,0.38461538461538464
2022-01-28,26,11,2023-04-04 00:55:23.076923136,2023-06-12 00:00:00,0.033227623780830884,0.4230769230769231
2022-01-31,26,11,2023-04-03 22:09:13.846153728,2023-06-15 00:00:00,0.03323414338655044,0.4230769230769231
2022-02-01,26,11,2023-04-06 08:18:27.692307712,2023-06-16 00:00:00,0.033178225885874685,0.4230769230769231
2022-02-02,26,11,2023-04-07 18:27:41.538461440,2023-06-17 00:00:00,0.033117129007721825,0.4230769230769231
2022-02-03,26,12,2023-04-08 00:00:00.000000000,2023-06-18 00:00:00,0.03307939482553495,0.46153846153846156
2022-02-04,26,12,2023-04-08 16:36:55.384615424,2023-06-19 00:00:00,0.03311947896242896,0.46153846153846156
2022-02-07,26,12,2023-04-13 00:00:00.000000000,2023-06-22 00:00:00,0.033128037068398036,0.46153846153846156
2022-02-08,26,12,2023-04-14 06:27:41.538461440,2023-06-23 00:00:00,0.03310196980050824,0.46153846153846156
2022-02-09,26,12,2023-04-14 22:09:13.846153728,2023-06-24 00:00:00,0.03303627488374767,0.46153846153846156
2022-02-10,26,10,2023-03-28 10:09:13.846153728,2023-06-25 00:00:00,0.0329270709196312,0.38461538461538464
2022-02-11,26,10,2023-04-15 12:00:00.000000000,2023-06-26 00:00:00,0.032860034491963876,0.38461538461538464
2022-02-14,26,9,2023-04-18 04:36:55.384615424,2023-06-29 00:00:00,0.03281948003319333,0.34615384615384615
2022-02-15,26,9,2023-04-17 18:27:41.538461440,2023-06-30 00:00:00,0.032726121060103655,0.34615384615384615
2022-02-16,26,6,2023-04-19 16:36:55.384615424,2023-07-01 00:00:00,0.03264722064393487,0.23076923076923078
2022-02-17,26,3,2023-04-20 14:46:09.230769152,2023-07-02 00:00:00,0.032576981329812855,0.11538461538461539
2022-02-18,26,2,2023-05-10 01:50:46.153846272,2023-07-03 00:00:00,0.03259601341324391,0.07692307692307693
2022-02-21,26,2,2023-05-27 07:23:04.615384576,2023-07-06 00:00:00,0.032709354706108106,0.07692307692307693
2022-02-22,26,2,2023-05-16 06:27:41.538461440,2023-07-07 00:00:00,0.03266580657777143,0.07692307692307693
2022-02-23,26,1,2023-06-03 19:23:04.615384576,2023-07-08 00:00:00,0.0327363105201072,0.038461538461538464
2022-02-24,26,1,2023-05-30 00:55:23.076923136,2023-07-09 00:00:00,0.03289183555544773,0.038461538461538464
2022-02-25,26,1,2023-06-06 04:36:55.384615424,2023-07-10 00:00:00,0.03286555868452787,0.038461538461538464
2022-02-28,26,1,2023-06-28 11:04:36.923076864,2023-07-13 00:00:00,0.03286091749865461,0.038461538461538464
2022-03-01,26,1,2023-06-30 09:13:50.769230848,2023-07-14 00:00:00,0.03290423886224293,0.038461538461538464
2022-03-02,26,1,2023-07-06 03:41:32.307692288,2023-07-15 00:00:00,0.03290606642604232,0.038461538461538464
2022-03-03,26,1,2023-07-09 08:18:27.692307712,2023-07-16 00:00:00,0.032986438160868124,0.038461538461538464
2022-03-04,26,1,2023-07-10 02:46:09.230769152,2023-07-17 00:00:00,0.03329469828299174,0.038461538461538464
2022-03-07,26,0,2023-07-12 20:18:27.692307712,2023-07-20 00:00:00,0.033614558878916276,0.0
2022-03-08,26,0,2023-07-09 14:46:09.230769152,2023-07-21 00:00:00,0.033901628725871324,0.0
2022-03-09,26,0,2023-07-12 02:46:09.230769152,2023-07-22 00:00:00,0.033889921421053994,0.0
2022-03-10,26,0,2023-07-13 07:23:04.615384576,2023-07-23 00:00:00,0.0339007476471391,0.0
2022-03-11,26,0,2023-07-14 02:46:09.230769152,2023-07-24 00:00:00,0.03387393346313371,0.0
2022-03-14,26,0,2023-07-15 06:27:41.538461440,2023-07-27 00:00:00,0.03382712534921785,0.0
2022-03-15,26,0,2023-07-16 07:23:04.615384576,2023-07-28 00:00:00,0.033748585987906914,0.0
2022-03-16,26,0,2023-07-11 09:13:50.769230848,2023-07-29 00:00:00,0.033727591537916615,0.0
2022-03-17,26,0,2023-07-07 07:23:04.615384576,2023-07-30 00:00:00,0.033687083037855024,0.0
2022-03-18,26,0,2023-06-21 09:13:50.769230848,2023-07-31 00:00:00,0.033664979374336386,0.0
2022-03-21,26,0,2023-06-10 09:13:50.769230848,2023-08-03 00:00:00,0.03360470221129616,0.0
2022-03-22,26,0,2023-06-07 00:00:00.000000000,2023-08-04 00:00:00,0.033579488448186055,0.0
2022-03-23,26,0,2023-06-05 12:55:23.076923136,2023-08-05 00:00:00,0.03352526705143701,0.0
2022-03-24,26,0,2023-06-04 23:04:36.923076864,2023-08-06 00:00:00,0.03344277384026795,0.0
2022-03-25,26,0,2023-06-02 15:41:32.307692288,2023-08-07 00:00:00,0.03337223029198278,0.0
2022-03-28,26,0,2023-06-05 06:27:41.538461440,2023-08-10 00:00:00,0.033303971338760244,0.0
2022-03-29,26,0,2023-05-30 09:13:50.769230848,2023-08-11 00:00:00,0.03329810631491802,0.0
2022-03-30,26,0,2023-05-28 01:50:46.153846272,2023-08-12 00:00:00,0.03326463355375993,0.0
2022-03-31,26,0,2023-05-26 16:36:55.384615424,2023-08-13 00:00:00,0.03320371600362656,0.0
2022-04-01,26,0,2023-05-25 20:18:27.692307712,2023-08-14 00:00:00,0.033160532223865224,0.0
2022-04-04,26,0,2023-05-23 05:32:18.461538560,2023-08-17 00:00:00,0.03313753001879321,0.0
2022-04-05,26,0,2023-05-18 14:46:09.230769152,2023-08-18 00:00:00,0.03311695442920086,0.0
2022-04-06,26,0,2023-05-19 19:23:04.615384576,2023-08-19 00:00:00,0.03306869235825807,0.0
2022-04-07,26,0,2023-05-20 01:50:46.153846272,2023-08-20 00:00:00,0.03302122912670174,0.0
2022-04-08,26,0,2023-05-19 20:18:27.692307712,2023-08-21 00:00:00,0.03298011699590024,0.0
2022-04-11,26,0,2023-05-21 00:00:00.000000000,2023-08-24 00:00:00,0.0329280960601708,0.0
2022-04-12,26,0,2023-05-18 13:50:46.153846272,2023-08-25 00:00:00,0.032860884961067545,0.0
2022-04-13,26,0,2023-05-18 05:32:18.461538560,2023-08-26 00:00:00,0.03279812865204682,0.0
2022-04-14,26,0,2023-05-18 20:18:27.692307712,2023-08-27 00:00:00,0.03271139751075334,0.0
2022-04-19,26,0,2023-05-21 03:41:32.307692288,2023-09-01 00:00:00,0.03261930570206986,0.0
2022-04-20,26,0,2023-05-22 14:46:09.230769152,2023-09-02 00:00:00,0.03255411344627332,0.0
2022-04-21,26,0,2023-05-19 01:50:46.153846272,2023-09-03 00:00:00,0.03245854576402643,0.0
2022-04-22,26,0,2023-05-20 17:32:18.461538560,2023-09-03 12:00:00,0.03237191112188044,0.0
2022-04-25,26,0,2023-05-22 15:41:32.307692288,2023-09-07 00:00:00,0.03227356438194306,0.0
2022-04-26,26,0,2023-05-23 12:55:23.076923136,2023-09-07 12:00:00,0.032197122853417706,0.0
2022-04-27,26,0,2023-05-24 03:41:32.307692288,2023-09-09 00:00:00,0.03208939181780766,0.0
2022-04-28,26,0,2023-05-25 10:09:13.846153728,2023-09-10 00:00:00,0.031993182554926954,0.0
2022-04-29,26,0,2023-05-25 05:32:18.461538560,2023-09-11 00:00:00,0.03192267196602634,0.0
2022-05-02,26,0,2023-05-28 21:13:50.769230848,2023-09-14 00:00:00,0.031837961279097354,0.0
2022-05-03,26,0,2023-05-29 04:36:55.384615424,2023-09-15 00:00:00,0.031770129700328574,0.0
2022-05-04,26,0,2023-05-30 18:27:41.538461440,2023-09-15 12:00:00,0.03171247541391378,0.0
2022-05-05,26,0,2023-06-01 03:41:32.307692288,2023-09-17 00:00:00,0.03166870228189276,0.0
2022-05-06,26,0,2023-06-01 00:00:00.000000000,2023-09-18 00:00:00,0.03163539998760037,0.0
2022-05-09,26,0,2023-06-06 12:00:00.000000000,2023-09-21 00:00:00,0.031721080329196696,0.0
2022-05-10,26,0,2023-06-11 19:23:04.615384576,2023-09-22 00:00:00,0.031762894815098724,0.0
2022-05-11,26,0,2023-06-12 02:46:09.230769152,2023-09-23 00:00:00,0.0317412451707172,0.0
2022-05-12,26,0,2023-06-14 23:04:36.923076864,2023-09-24 00:00:00,0.03172934893233575,0.0
2022-05-13,26,0,2023-06-16 03:41:32.307692288,2023-09-25 00:00:00,0.031686663043892976,0.0
2022-05-16,26,0,2023-06-18 00:00:00.000000000,2023-09-28 00:00:00,0.03163359427329399,0.0
2022-05-17,26,0,2023-06-18 20:18:27.692307712,2023-09-29 00:00:00,0.03156158850284663,0.0
2022-05-18,26,0,2023-06-21 03:41:32.307692288,2023-09-30 00:00:00,0.03148582544658723,0.0
2022-05-19,26,0,2023-06-23 19:23:04.615384576,2023-10-01 00:00:00,0.03142389188168039,0.0
2022-05-20,26,0,2023-06-26 20:18:27.692307712,2023-10-02 00:00:00,0.0313466559139567,0.0
2022-05-23,26,0,2023-06-27 18:27:41.538461440,2023-10-05 00:00:00,0.03123046861056102,0.0
2022-05-24,26,0,2023-07-06 07:23:04.615384576,2023-10-06 00:00:00,0.031156511381962158,0.0
2022-05-25,26,0,2023-07-05 11:04:36.923076864,2023-10-07 00:00:00,0.03106398123021707,0.0
2022-05-27,26,0,2023-07-03 18:27:41.538461440,2023-10-09 00:00:00,0.030946000501125066,0.0
2022-05-30,26,0,2023-07-03 20:18:27.692307712,2023-10-12 00:00:00,0.030884284605505276,0.0
2022-05-31,26,0,2023-07-02 01:50:46.153846272,2023-10-13 00:00:00,0.03078670868341225,0.0
2022-06-01,26,0,2023-07-01 18:27:41.538461440,2023-10-14 00:00:00,0.030686850863494056,0.0
2022-06-02,26,0,2023-07-04 05:32:18.461538560,2023-10-15 00:00:00,0.030579902302150762,0.0
2022-06-03,26,0,2023-07-01 12:00:00.000000000,2023-10-16 00:00:00,0.03048504146957907,0.0
2022-06-07,26,0,2023-07-03 12:55:23.076923136,2023-10-20 00:00:00,0.030440050939336598,0.0
2022-06-08,26,0,2023-07-07 12:00:00.000000000,2023-10-21 00:00:00,0.030363415057136793,0.0
2022-06-09,26,0,2023-07-09 04:36:55.384615424,2023-10-22 00:00:00,0.030277982196543166,0.0
2022-06-10,26,0,2023-07-09 18:27:41.538461440,2023-10-23 00:00:00,0.030239438547593162,0.0
2022-06-13,26,0,2023-06-26 12:55:23.076923136,2023-10-26 00:00:00,0.030208033560925437,0.0
2022-06-14,26,0,2023-07-04 03:41:32.307692288,2023-10-27 00:00:00,0.03027276189109003,0.0
2022-06-15,26,0,2023-07-06 11:04:36.923076864,2023-10-28 00:00:00,0.03025415200709727,0.0
2022-06-16,26,0,2023-07-10 14:46:09.230769152,2023-10-29 00:00:00,0.030340084967356837,0.0
2022-06-17,26,0,2023-07-10 22:09:13.846153728,2023-10-30 00:00:00,0.03040528677369669,0.0
2022-06-20,26,0,2023-07-14 05:32:18.461538560,2023-11-02 00:00:00,0.030421857251167035,0.0
2022-06-21,26,0,2023-07-14 19:23:04.615384576,2023-11-03 00:00:00,0.030416524143300212,0.0
2022-06-22,26,0,2023-07-16 13:50:46.153846272,2023-11-04 00:00:00,0.030428489256686522,0.0
2022-06-23,26,0,2023-07-17 12:55:23.076923136,2023-11-05 00:00:00,0.030457618140547458,0.0
2022-06-24,26,0,2023-06-29 14:46:09.230769152,2023-11-06 00:00:00,0.030367526507657665,0.0
2022-06-27,26,0,2023-07-21 02:46:09.230769152,2023-11-09 00:00:00,0.030314268310495402,0.0
2022-06-28,26,0,2023-07-21 22:09:13.846153728,2023-11-10 00:00:00,0.030245815433293424,0.0
2022-06-29,26,0,2023-07-22 20:18:27.692307712,2023-11-11 00:00:00,0.030159117740408917,0.0
2022-06-30,26,0,2023-07-22 12:00:00.000000000,2023-11-12 00:00:00,0.030110698443893986,0.0
2022-07-01,26,0,2023-07-23 23:04:36.923076864,2023-11-13 00:00:00,0.03005224344233955,0.0
2022-07-04,26,0,2023-07-27 13:50:46.153846272,2023-11-16 00:00:00,0.029966352615667595,0.0
2022-07-05,26,0,2023-07-28 03:41:32.307692288,2023-11-17 00:00:00,0.029922459712759513,0.0
2022-07-06,26,0,2023-07-29 12:00:00.000000000,2023-11-18 00:00:00,0.029837716429346038,0.0
2022-07-07,26,0,2023-07-29 13:50:46.153846272,2023-11-19 00:00:00,0.029777712707006278,0.0
2022-07-08,26,0,2023-08-18 12:55:23.076923136,2023-11-20 00:00:00,0.029825422304006886,0.0
2022-07-11,26,0,2023-08-20 14:46:09.230769152,2023-11-23 00:00:00,0.029782707909554743,0.0
2022-07-12,26,0,2023-08-22 05:32:18.461538560,2023-11-24 00:00:00,0.029755571303046784,0.0
2022-07-13,26,0,2023-08-04 08:18:27.692307712,2023-11-25 00:00:00,0.029579328185533667,0.0
2022-07-14,26,0,2023-08-05 06:27:41.538461440,2023-11-26 00:00:00,0.029514995269433873,0.0
2022-07-15,26,0,2023-08-06 11:04:36.923076864,2023-11-27 00:00:00,0.029480053383104936,0.0
2022-07-18,26,0,2023-08-09 00:00:00.000000000,2023-11-30 00:00:00,0.02949360239909416,0.0
2022-07-19,26,0,2023-08-09 06:27:41.538461440,2023-12-01 00:00:00,0.02953355461445995,0.0
2022-07-20,26,0,2023-08-10 17:32:18.461538560,2023-12-02 00:00:00,0.02955212426009707,0.0
2022-07-21,26,0,2023-08-09 17:32:18.461538560,2023-12-03 00:00:00,0.02958197179666021,0.0
2022-07-22,26,0,2023-08-08 07:23:04.615384576,2023-12-04 00:00:00,0.02962142234199288,0.0
2022-07-25,26,0,2023-08-08 16:36:55.384615424,2023-12-07 00:00:00,0.029675290707790285,0.0
2022-07-26,26,0,2023-08-09 12:00:00.000000000,2023-12-08 00:00:00,0.029733160879689018,0.0
2022-07-27,26,0,2023-08-08 23:04:36.923076864,2023-12-09 00:00:00,0.0297682427305117,0.0
2022-07-28,26,0,2023-08-03 02:46:09.230769152,2023-12-10 00:00:00,0.029828217189541803,0.0
2022-07-29,26,0,2023-08-04 03:41:32.307692288,2023-12-11 00:00:00,0.029970027616488117,0.0
2022-08-02,26,0,2023-07-31 10:09:13.846153728,2023-12-13 12:00:00,0.03002901519286838,0.0
2022-08-03,26,0,2023-07-28 06:27:41.538461440,2023-12-13 12:00:00,0.030111268699447725,0.0
2022-08-04,26,0,2023-07-28 00:00:00.000000000,2023-12-07 12:00:00,0.030155430407103265,0.0
2022-08-05,26,0,2023-08-08 07:23:04.615384576,2023-12-05 12:00:00,0.030185178517508134,0.0
2022-08-08,26,0,2023-08-05 22:09:13.846153728,2023-12-07 12:00:00,0.030231976542581016,0.0
2022-08-09,26,0,2023-08-05 06:27:41.538461440,2023-11-18 00:00:00,0.030261507165403108,0.0
2022-08-10,26,0,2023-08-02 05:32:18.461538560,2023-10-31 12:00:00,0.03026525918084794,0.0
2022-08-11,26,0,2023-08-02 05:32:18.461538560,2023-11-16 00:00:00,0.03023398179101181,0.0
2022-08-12,26,0,2023-08-01 15:41:32.307692288,2023-11-16 12:00:00,0.030212160993741417,0.0
2022-08-15,26,0,2023-08-14 08:18:27.692307712,2023-10-22 00:00:00,0.03024729816915585,0.0
2022-08-16,26,0,2023-08-28 04:36:55.384615424,2023-10-31 00:00:00,0.030291861533118948,0.0
2022-08-17,26,0,2023-09-07 02:46:09.230769152,2023-10-22 00:00:00,0.030282402842090446,0.0
2022-08-18,26,0,2023-09-04 12:00:00.000000000,2023-10-16 12:00:00,0.03018451767440738,0.0
2022-08-19,26,0,2023-09-05 09:13:50.769230848,2023-10-18 12:00:00,0.030090482494020323,0.0
2022-08-22,26,0,2023-09-08 10:09:13.846153728,2023-10-28 12:00:00,0.030004942320446745,0.0
2022-08-23,26,0,2023-09-06 19:23:04.615384576,2023-10-27 12:00:00,0.029935948604167182,0.0
2022-08-24,26,0,2023-09-04 09:13:50.769230848,2023-10-11 00:00:00,0.029863366685180606,0.0
2022-08-25,26,0,2023-09-04 12:00:00.000000000,2023-10-13 12:00:00,0.029784514731216325,0.0
2022-08-26,26,0,2023-09-04 13:50:46.153846272,2023-10-11 00:00:00,0.02974214965617009,0.0
2022-08-29,26,0,2023-09-05 14:46:09.230769152,2023-10-19 12:00:00,0.02972303413859808,0.0
2022-08-30,26,0,2023-09-03 10:09:13.846153728,2023-10-10 12:00:00,0.0297278607116522,0.0
2022-08-31,26,0,2023-08-30 01:50:46.153846272,2023-10-07 00:00:00,0.029782846339781614,0.0
2022-09-01,26,0,2023-08-29 12:55:23.076923136,2023-10-06 00:00:00,0.02990317123473262,0.0
2022-09-02,26,0,2023-09-18 05:32:18.461538560,2023-11-21 00:00:00,0.02990419044496299,0.0
2022-09-05,26,0,2023-08-26 02:46:09.230769152,2023-11-02 12:00:00,0.029898657566385493,0.0
2022-09-06,26,0,2023-08-28 06:27:41.538461440,2023-11-17 00:00:00,0.029847502709704585,0.0
2022-09-07,26,0,2023-09-02 19:23:04.615384576,2023-12-10 00:00:00,0.029812060302745157,0.0
2022-09-08,26,0,2023-09-01 08:18:27.692307712,2023-12-07 00:00:00,0.029732417227930165,0.0
2022-09-09,26,0,2023-08-18 13:50:46.153846272,2023-11-05 12:00:00,0.029658918747645067,0.0
2022-09-12,26,0,2023-08-19 16:36:55.384615424,2023-11-21 00:00:00,0.029599658939336058,0.0
2022-09-13,26,0,2023-08-17 06:27:41.538461440,2023-11-15 00:00:00,0.029501817225551293,0.0
2022-09-14,26,0,2023-08-18 03:41:32.307692288,2023-11-23 12:00:00,0.029425462145227343,0.0
2022-09-15,26,0,2023-08-06 15:41:32.307692288,2023-11-18 00:00:00,0.0293167855258511,0.0
2022-09-16,26,0,2023-08-07 00:00:00.000000000,2023-11-18 00:00:00,0.029262066176099055,0.0
2022-09-19,26,0,2023-08-10 10:09:13.846153728,2023-11-15 00:00:00,0.029197567470808903,0.0
2022-09-20,26,0,2023-08-18 13:50:46.153846272,2023-12-02 00:00:00,0.02918973167963452,0.0
2022-09-21,26,0,2023-08-21 00:55:23.076923136,2023-12-09 00:00:00,0.029145722767299004,0.0
2022-09-22,26,0,2023-08-28 05:32:18.461538560,2023-12-19 12:00:00,0.029145215728797802,0.0
2022-09-23,26,0,2023-09-04 08:18:27.692307712,2024-01-08 00:00:00,0.029262672228146484,0.0
2022-09-26,26,0,2023-09-11 13:50:46.153846272,2024-01-28 00:00:00,0.029349889433460667,0.0
2022-09-27,26,0,2023-09-14 05:32:18.461538560,2024-01-29 12:00:00,0.029441486394754517,0.0
2022-09-28,26,0,2023-09-18 01:50:46.153846272,2024-02-06 12:00:00,0.029499169091615242,0.0
2022-09-29,26,0,2023-09-03 12:55:23.076923136,2024-02-06 12:00:00,0.029565618135476642,0.0
2022-09-30,26,0,2023-09-03 16:36:55.384615424,2024-02-08 00:00:00,0.029612468983628508,0.0
2022-10-03,26,0,2023-09-06 05:32:18.461538560,2024-02-14 00:00:00,0.029626533090729323,0.0
2022-10-04,26,0,2023-09-06 18:27:41.538461440,2024-02-15 00:00:00,0.029617034694320813,0.0
2022-10-05,26,0,2023-09-08 00:00:00.000000000,2024-02-17 00:00:00,0.029614365289269202,0.0
2022-10-06,26,0,2023-09-08 11:04:36.923076864,2024-02-18 00:00:00,0.029610649802829084,0.0
2022-10-07,26,0,2023-09-09 14:46:09.230769152,2024-02-19 00:00:00,0.029614692326802465,0.0
2022-10-10,26,0,2023-09-11 23:04:36.923076864,2024-02-22 00:00:00,0.029619513393495483,0.0
2022-10-11,26,0,2023-09-13 03:41:32.307692288,2024-02-23 00:00:00,0.029614794338509318,0.0
2022-10-12,26,0,2023-08-29 17:32:18.461538560,2024-02-24 00:00:00,0.02957390593371725,0.0
2022-10-13,26,0,2023-08-30 00:55:23.076923136,2024-02-25 00:00:00,0.02952273926512127,0.0
2022-10-14,26,0,2023-08-31 09:13:50.769230848,2024-02-26 00:00:00,0.02946325136950173,0.0
2022-10-17,26,0,2023-09-02 00:00:00.000000000,2024-02-29 00:00:00,0.029394843552734768,0.0
2022-10-18,26,0,2023-09-01 23:04:36.923076864,2024-03-01 00:00:00,0.029298889439943878,0.0
2022-10-19,26,0,2023-09-02 06:27:41.538461440,2024-03-02 00:00:00,0.029212222401874377,0.0
2022-10-20,26,0,2023-09-02 21:13:50.769230848,2024-03-03 00:00:00,0.029108374150720515,0.0
2022-10-21,26,0,2023-09-04 21:13:50.769230848,2024-03-04 00:00:00,0.029013700371927728,0.0
2022-10-24,26,0,2023-09-06 23:04:36.923076864,2024-03-07 00:00:00,0.02889786721223871,0.0
2022-10-25,26,0,2023-09-07 12:55:23.076923136,2024-03-08 00:00:00,0.02882264819303296,0.0
2022-10-26,26,0,2023-09-07 12:00:00.000000000,2024-03-09 00:00:00,0.02875847252523385,0.0
2022-10-27,26,0,2023-09-07 03:41:32.307692288,2024-03-10 00:00:00,0.028677282510755304,0.0
2022-10-28,26,0,2023-09-07 22:09:13.846153728,2024-03-11 00:00:00,0.028608583341754805,0.0
2022-10-31,26,0,2023-09-08 16:36:55.384615424,2024-03-14 00:00:00,0.028552530425563383,0.0
2022-11-01,26,0,2023-09-10 11:04:36.923076864,2024-03-15 00:00:00,0.0285187706496094,0.0
2022-11-02,26,0,2023-09-11 21:13:50.769230848,2024-03-16 00:00:00,0.02847500148419358,0.0
2022-11-03,26,0,2023-09-12 23:04:36.923076864,2024-03-17 00:00:00,0.028409520999748306,0.0
2022-11-04,26,0,2023-09-14 07:23:04.615384576,2024-03-18 00:00:00,0.02836738861487697,0.0
2022-11-07,26,0,2023-09-16 22:09:13.846153728,2024-03-21 00:00:00,0.02835187956987325,0.0
2022-11-08,26,0,2023-09-18 23:04:36.923076864,2024-03-22 00:00:00,0.028385936676718907,0.0
2022-11-09,26,0,2023-09-19 21:13:50.769230848,2024-03-23 00:00:00,0.028405426670781095,0.0
2022-11-10,26,0,2023-09-21 03:41:32.307692288,2024-03-23 12:00:00,0.028575232105838955,0.0
2022-11-11,26,0,2023-09-22 17:32:18.461538560,2024-03-22 00:00:00,0.028723893042642838,0.0
2022-11-14,26,0,2023-09-24 21:13:50.769230848,2024-03-18 00:00:00,0.028886261592011922,0.0
2022-11-15,26,0,2023-09-26 18:27:41.538461440,2024-03-16 12:00:00,0.02902931999071278,0.0
2022-11-16,26,0,2023-09-29 16:36:55.384615424,2024-03-23 12:00:00,0.029077334228045256,0.0
2022-11-17,26,0,2023-10-01 00:55:23.076923136,2024-03-21 12:00:00,0.029093039481197295,0.0
2022-11-18,26,0,2023-10-03 21:13:50.769230848,2024-03-27 00:00:00,0.029173686456470116,0.0
2022-11-21,26,0,2023-10-06 07:23:04.615384576,2024-03-29 12:00:00,0.02927322482729657,0.0
2022-11-22,26,0,2023-10-08 13:50:46.153846272,2024-03-31 12:00:00,0.029378898514255236,0.0
2022-11-23,26,0,2023-10-26 12:00:00.000000000,2024-03-28 00:00:00,0.02953573538777217,0.0
2022-11-24,26,0,2023-11-15 00:00:00.000000000,2024-04-01 00:00:00,0.02964615722587612,0.0
2022-11-25,26,0,2023-12-21 12:00:00.000000000,2024-04-08 00:00:00,0.029740921402844414,0.0
2022-11-28,26,0,2024-01-08 06:27:41.538461440,2024-04-11 00:00:00,0.02975762119033798,0.0
2022-11-29,26,0,2024-01-26 12:00:00.000000000,2024-04-12 00:00:00,0.02974450009223701,0.0
2022-11-30,26,0,2024-01-25 02:46:09.230769152,2024-04-13 00:00:00,0.029722102724393278,0.0
2022-12-01,26,0,2024-01-24 08:18:27.692307712,2024-04-09 00:00:00,0.029700700680940335,0.0
2022-12-02,26,0,2024-01-23 14:46:09.230769152,2024-04-03 12:00:00,0.029665576985985168,0.0
2022-12-05,26,0,2024-01-28 03:41:32.307692288,2024-04-09 00:00:00,0.029632410768493853,0.0
2022-12-06,26,0,2024-02-11 11:04:36.923076864,2024-04-10 00:00:00,0.02963151536123882,0.0
2022-12-07,26,0,2024-02-12 11:04:36.923076864,2024-04-16 00:00:00,0.02961318985357002,0.0
2022-12-08,26,0,2024-02-11 11:04:36.923076864,2024-04-16 12:00:00,0.02959766272599523,0.0
2022-12-09,26,0,2024-02-09 20:18:27.692307712,2024-04-09 12:00:00,0.02960558641195076,0.0
2022-12-12,26,0,2024-02-12 18:27:41.538461440,2024-04-12 00:00:00,0.029607627047860668,0.0
2022-12-13,26,0,2024-02-24 23:04:36.923076864,2024-04-08 12:00:00,0.029757305651613233,0.0
2022-12-14,26,0,2024-03-10 04:36:55.384615424,2024-04-15 00:00:00,0.02984325841642686,0.0
2022-12-15,26,0,2024-03-13 04:36:55.384615424,2024-04-21 12:00:00,0.029815235645384998,0.0
2022-12-16,26,0,2024-03-13 11:04:36.923076864,2024-04-14 00:00:00,0.029806736077443368,0.0
2022-12-19,26,0,2024-03-01 22:09:13.846153728,2024-04-13 00:00:00,0.029698111768357592,0.0
2022-12-20,26,0,2024-03-02 07:23:04.615384576,2024-04-24 12:00:00,0.029659924668128505,0.0
2022-12-21,26,0,2024-03-19 14:46:09.230769152,2024-04-23 00:00:00,0.02966562933723714,0.0
2022-12-22,26,0,2024-03-13 04:36:55.384615424,2024-04-21 12:00:00,0.029590684567776113,0.0
2022-12-23,26,0,2024-03-05 23:04:36.923076864,2024-04-25 00:00:00,0.029504384972729145,0.0
2022-12-27,26,0,2024-03-08 02:46:09.230769152,2024-05-02 12:00:00,0.02945044308591518,0.0
2022-12-28,26,0,2024-03-12 18:27:41.538461440,2024-05-04 12:00:00,0.029371767302022518,0.0
2022-12-29,26,0,2024-03-05 12:55:23.076923136,2024-05-04 12:00:00,0.029276172882980993,0.0
2022-12-30,26,0,2024-02-26 03:41:32.307692288,2024-04-23 12:00:00,0.029187566889631904,0.0
2023-01-03,26,0,2024-03-01 19:23:04.615384576,2024-04-29 00:00:00,0.02907185929800761,0.0
2023-01-04,26,0,2024-03-02 15:41:32.307692288,2024-05-07 12:00:00,0.028949331079648213,0.0
2023-01-05,26,0,2024-03-01 15:41:32.307692288,2024-05-03 00:00:00,0.028828588941735796,0.0
2023-01-06,26,0,2024-03-03 06:27:41.538461440,2024-05-03 00:00:00,0.028711083006642452,0.0
2023-01-09,26,0,2024-03-02 18:27:41.538461440,2024-05-07 00:00:00,0.028578085566772268,0.0
2023-01-10,26,0,2024-02-29 06:27:41.538461440,2024-05-06 12:00:00,0.028451840054403814,0.0
2023-01-11,26,0,2024-03-04 16:36:55.384615424,2024-05-08 00:00:00,0.028323734406286008,0.0
2023-01-12,26,0,2024-03-01 00:00:00.000000000,2024-05-12 00:00:00,0.02823824174439065,0.0
2023-01-13,26,0,2024-03-12 15:41:32.307692288,2024-05-18 00:00:00,0.02817994224366107,0.0
2023-01-16,26,0,2024-03-14 00:55:23.076923136,2024-05-21 12:00:00,0.028137957862516518,0.0
2023-01-17,26,0,2024-03-16 01:50:46.153846272,2024-05-21 00:00:00,0.028096088869467593,0.0
2023-01-18,26,0,2024-03-15 00:00:00.000000000,2024-05-23 00:00:00,0.02808020652874846,0.0
2023-01-19,26,0,2024-03-16 22:09:13.846153728,2024-05-23 00:00:00,0.02804800086711267,0.0
2023-01-20,26,0,2024-03-15 19:23:04.615384576,2024-05-22 00:00:00,0.0280188012086034,0.0
2023-01-23,26,0,2024-03-07 08:18:27.692307712,2024-05-14 12:00:00,0.027903977170779838,0.0
2023-01-24,26,0,2024-03-08 08:18:27.692307712,2024-05-18 00:00:00,0.027861605522917686,0.0
2023-01-25,26,0,2024-03-11 14:46:09.230769152,2024-06-01 00:00:00,0.027808819834386395,0.0
2023-01-26,26,0,2024-02-24 19:23:04.615384576,2024-05-08 00:00:00,0.02773703875382433,0.0
2023-01-27,26,0,2024-02-23 03:41:32.307692288,2024-04-09 00:00:00,0.027671461629984018,0.0
2023-01-30,26,0,2024-02-19 06:27:41.538461440,2024-04-14 12:00:00,0.02757870527017642,0.0
2023-01-31,26,0,2024-02-19 00:55:23.076923136,2024-04-25 12:00:00,0.027483595970511813,0.0
2023-02-01,26,0,2024-02-14 14:46:09.230769152,2024-04-04 00:00:00,0.027406084479909595,0.0
2023-02-02,26,0,2024-02-22 12:55:23.076923136,2024-05-02 12:00:00,0.02730302016469638,0.0
2023-02-03,26,0,2024-02-14 15:41:32.307692288,2024-04-12 00:00:00,0.027195829108456977,0.0
2023-02-06,26,0,2024-02-11 08:18:27.692307712,2024-03-26 12:00:00,0.02708161723585264,0.0
2023-02-07,26,0,2024-02-15 12:55:23.076923136,2024-04-09 12:00:00,0.026981349201074,0.0
2023-02-08,26,0,2024-02-21 11:04:36.923076864,2024-04-18 00:00:00,0.02687155015304952,0.0
2023-02-09,26,0,2024-02-17 16:36:55.384615424,2024-04-18 00:00:00,0.026764375934414733,0.0
2023-02-10,26,0,2024-02-17 12:00:00.000000000,2024-04-07 00:00:00,0.026654796613353897,0.0
2023-02-13,26,0,2024-02-13 16:36:55.384615424,2024-04-08 00:00:00,0.026530616492568007,0.0
2023-02-14,26,0,2024-02-14 22:09:13.846153728,2024-03-26 00:00:00,0.026408353342697984,0.0
2023-02-15,26,0,2024-02-09 21:13:50.769230848,2024-03-15 00:00:00,0.026292946125681133,0.0
2023-02-16,26,0,2024-02-03 16:36:55.384615424,2024-03-06 00:00:00,0.02620472363414321,0.0
2023-02-17,26,0,2024-01-23 20:18:27.692307712,2024-03-04 00:00:00,0.02614389276502369,0.0
2023-02-20,26,0,2024-02-04 00:55:23.076923136,2024-03-29 12:00:00,0.026098628023103806,0.0
2023-02-21,26,0,2024-02-14 18:27:41.538461440,2024-03-16 12:00:00,0.02606688096705574,0.0
2023-02-22,26,0,2024-02-04 11:04:36.923076864,2024-02-24 12:00:00,0.026048444029499376,0.0
2023-02-23,26,0,2024-02-01 17:32:18.461538560,2024-02-29 00:00:00,0.026036891802508892,0.0
2023-02-24,26,0,2024-01-25 18:27:41.538461440,2024-02-23 00:00:00,0.026048647081046674,0.0
2023-02-27,26,0,2024-01-19 08:18:27.692307712,2024-02-17 00:00:00,0.026061114903289943,0.0
2023-02-28,26,0,2024-01-08 06:27:41.538461440,2024-01-21 00:00:00,0.026044463263540832,0.0
2023-03-01,26,0,2024-01-03 12:00:00.000000000,2024-01-19 00:00:00,0.026040333002407396,0.0
2023-03-02,26,0,2024-01-02 20:18:27.692307712,2024-01-15 00:00:00,0.025999012928263766,0.0
2023-03-03,26,0,2023-12-31 10:09:13.846153728,2024-01-08 00:00:00,0.0259499661186782,0.0
2023-03-06,26,0,2023-12-26 05:32:18.461538560,2024-01-03 12:00:00,0.025906555431479496,0.0
2023-03-07,26,0,2023-12-20 21:13:50.769230848,2024-01-01 12:00:00,0.02586396643982108,0.0
2023-03-08,26,0,2023-12-24 23:04:36.923076864,2024-01-05 00:00:00,0.025837830875093146,0.0
2023-03-09,26,0,2023-12-12 17:32:18.461538560,2023-12-29 00:00:00,0.025769059381139818,0.0
2023-03-10,26,0,2023-12-06 13:50:46.153846272,2023-12-24 12:00:00,0.025756668465190632,0.0
2023-03-13,26,0,2023-11-13 08:18:27.692307712,2023-12-12 00:00:00,0.025824799606968016,0.0
2023-03-14,26,0,2023-11-09 18:27:41.538461440,2023-12-06 12:00:00,0.02582910914480793,0.0
2023-03-15,26,0,2023-11-03 14:46:09.230769152,2023-11-25 00:00:00,0.0260796230073244,0.0
2023-03-16,26,0,2023-10-18 09:13:50.769230848,2023-11-10 12:00:00,0.026069692736105172,0.0
2023-03-17,26,0,2023-10-14 12:00:00.000000000,2023-11-01 00:00:00,0.026191573157758767,0.0
2023-03-20,26,0,2023-10-31 08:18:27.692307712,2023-11-07 00:00:00,0.02631743868486342,0.0
2023-03-21,26,0,2023-10-31 09:13:50.769230848,2023-11-05 00:00:00,0.02623460616240038,0.0
2023-03-22,26,0,2023-10-29 21:13:50.769230848,2023-11-03 12:00:00,0.02618414133722423,0.0
2023-03-23,26,0,2023-10-29 07:23:04.615384576,2023-11-01 12:00:00,0.026172479855534076,0.0
2023-03-24,26,0,2023-10-27 04:36:55.384615424,2023-10-30 00:00:00,0.02621830993573868,0.0
2023-03-27,26,0,2023-10-27 15:41:32.307692288,2023-11-06 00:00:00,0.026247338657323958,0.0
2023-03-28,26,0,2023-10-28 14:46:09.230769152,2023-11-06 00:00:00,0.026264633838960418,0.0
2023-03-29,26,0,2023-10-26 04:36:55.384615424,2023-10-30 00:00:00,0.02627767532550334,0.0
2023-03-30,26,0,2023-10-27 04:36:55.384615424,2023-11-06 00:00:00,0.026284814020341565,0.0
2023-03-31,26,0,2023-10-29 10:09:13.846153728,2023-11-07 12:00:00,0.026295837600637004,0.0
2023-04-03,26,0,2023-10-29 16:36:55.384615424,2023-11-10 00:00:00,0.026344028750383067,0.0
2023-04-04,26,0,2023-10-26 02:46:09.230769152,2023-11-07 12:00:00,0.026346773869579718,0.0
2023-04-05,26,0,2023-10-27 12:00:00.000000000,2023-11-09 00:00:00,0.026350288582955825,0.0
2023-04-06,26,0,2023-10-27 10:09:13.846153728,2023-11-10 00:00:00,0.02634196847228069,0.0
2023-04-11,26,0,2023-10-31 01:50:46.153846272,2023-11-17 00:00:00,0.026346219634642915,0.0
2023-04-12,26,0,2023-10-31 08:18:27.692307712,2023-11-19 00:00:00,0.026343729093140957,0.0
2023-04-13,26,0,2023-10-30 13:50:46.153846272,2023-11-22 12:00:00,0.026346026176905183,0.0
2023-04-14,26,1,2023-10-31 20:18:27.692307712,2023-11-23 12:00:00,0.026368998854858845,0.038461538461538464
2023-04-17,26,1,2023-11-11 15:41:32.307692288,2023-11-30 12:00:00,0.026413583451979226,0.038461538461538464
2023-04-18,26,0,2023-10-26 11:04:36.923076864,2023-11-30 00:00:00,0.02638326649854928,0.0
2023-04-19,26,0,2023-11-02 07:23:04.615384576,2023-12-02 12:00:00,0.02633248994216882,0.0
2023-04-20,26,0,2023-11-14 20:18:27.692307712,2023-12-15 12:00:00,0.026281174920664594,0.0
2023-04-21,26,0,2023-11-30 21:13:50.769230848,2023-12-24 00:00:00,0.02623023344570223,0.0
2023-04-24,26,0,2023-12-06 12:00:00.000000000,2023-12-21 00:00:00,0.026183131771785915,0.0
2023-04-25,26,0,2023-12-16 01:50:46.153846272,2023-12-24 12:00:00,0.026138334354388466,0.0
2023-04-26,26,0,2023-12-25 11:04:36.923076864,2023-12-28 00:00:00,0.02605302541504695,0.0
2023-04-27,26,0,2023-12-25 22:09:13.846153728,2023-12-28 00:00:00,0.025972418234484537,0.0
2023-04-28,26,1,2024-01-15 17:32:18.461538560,2024-01-07 00:00:00,0.025902340749377195,0.038461538461538464
2023-05-02,26,1,2024-01-12 18:27:41.538461440,2024-01-07 00:00:00,0.025872831094602786,0.038461538461538464
2023-05-03,26,1,2024-01-13 19:23:04.615384576,2024-01-06 00:00:00,0.025845398128643997,0.038461538461538464
2023-05-04,26,1,2024-01-23 02:46:09.230769152,2024-01-08 00:00:00,0.02582154585655677,0.038461538461538464
2023-05-05,26,1,2024-02-05 12:55:23.076923136,2024-01-13 00:00:00,0.025774729131517286,0.038461538461538464
2023-05-08,26,1,2024-02-13 00:55:23.076923136,2024-01-18 00:00:00,0.02585939152393218,0.038461538461538464
2023-05-09,26,1,2024-03-02 15:41:32.307692288,2024-02-04 00:00:00,0.02583625138062869,0.038461538461538464
2023-05-10,26,1,2024-03-04 11:04:36.923076864,2024-01-24 12:00:00,0.02581107117016395,0.038461538461538464
2023-05-11,26,1,2024-03-08 00:00:00.000000000,2024-02-17 12:00:00,0.025784252861577782,0.038461538461538464
2023-05-12,26,1,2024-03-11 07:23:04.615384576,2024-02-12 00:00:00,0.025783309725863287,0.038461538461538464
2023-05-15,26,1,2024-03-17 13:50:46.153846272,2024-02-20 12:00:00,0.02579611356841064,0.038461538461538464
2023-05-16,26,1,2024-03-26 02:46:09.230769152,2024-02-25 00:00:00,0.025797108562774264,0.038461538461538464
2023-05-17,26,1,2024-04-02 10:09:13.846153728,2024-03-19 12:00:00,0.025767490787712614,0.038461538461538464
2023-05-19,26,1,2024-04-01 08:18:27.692307712,2024-02-28 12:00:00,0.025766430289445533,0.038461538461538464
2023-05-22,26,1,2024-04-06 11:04:36.923076864,2024-03-12 12:00:00,0.02575952917930812,0.038461538461538464
2023-05-23,26,1,2024-04-15 22:09:13.846153728,2024-04-26 00:00:00,0.025747331027400802,0.038461538461538464
2023-05-24,26,1,2024-04-13 16:36:55.384615424,2024-04-06 00:00:00,0.025713093560511956,0.038461538461538464
2023-05-25,26,1,2024-03-29 07:23:04.615384576,2024-03-25 00:00:00,0.025635148973386864,0.038461538461538464
2023-05-26,26,1,2024-04-04 10:09:13.846153728,2024-04-05 12:00:00,0.025584228318132392,0.038461538461538464
2023-05-30,26,2,2024-04-12 06:27:41.538461440,2024-04-16 12:00:00,0.025543452889358814,0.07692307692307693
2023-05-31,26,1,2024-03-22 01:50:46.153846272,2024-03-17 12:00:00,0.02551967817537136,0.038461538461538464
2023-06-01,26,1,2024-03-24 07:23:04.615384576,2024-04-01 00:00:00,0.02547814501207163,0.038461538461538464
2023-06-02,26,1,2024-03-20 03:41:32.307692288,2024-04-10 00:00:00,0.025419921931195008,0.038461538461538464
2023-06-05,26,1,2024-03-26 07:23:04.615384576,2024-04-12 12:00:00,0.025352364224621546,0.038461538461538464
2023-06-06,26,1,2024-04-09 21:13:50.769230848,2024-05-10 00:00:00,0.025277314346226397,0.038461538461538464
2023-06-07,26,1,2024-04-03 12:00:00.000000000,2024-05-07 00:00:00,0.02521533682437314,0.038461538461538464
2023-06-08,26,1,2024-04-07 11:04:36.923076864,2024-04-27 00:00:00,0.025177376746618376,0.038461538461538464
2023-06-09,26,1,2024-04-27 14:46:09.230769152,2024-05-03 12:00:00,0.025221341154824658,0.038461538461538464
2023-06-12,26,1,2024-05-04 16:36:55.384615424,2024-06-18 00:00:00,0.025216976818612482,0.038461538461538464
2023-06-13,26,1,2024-05-07 16:36:55.384615424,2024-06-24 12:00:00,0.025149707066407692,0.038461538461538464
2023-06-14,26,1,2024-05-12 16:36:55.384615424,2024-07-09 12:00:00,0.025124744152908343,0.038461538461538464
2023-06-15,26,1,2024-05-09 18:27:41.538461440,2024-07-17 00:00:00,0.02511044305044188,0.038461538461538464
2023-06-16,26,1,2024-05-13 18:27:41.538461440,2024-07-11 12:00:00,0.02507866707198224,0.038461538461538464
2023-06-19,26,1,2024-05-15 00:00:00.000000000,2024-07-18 12:00:00,0.025057359672529214,0.038461538461538464
2023-06-20,26,1,2024-05-28 18:27:41.538461440,2024-08-08 00:00:00,0.025162147217927807,0.038461538461538464
2023-06-21,26,1,2024-05-21 23:04:36.923076864,2024-07-18 00:00:00,0.025140669952536186,0.038461538461538464
2023-06-22,26,1,2024-05-26 18:27:41.538461440,2024-09-08 00:00:00,0.0250587462419478,0.038461538461538464
2023-06-23,26,1,2024-05-28 14:46:09.230769152,2024-08-31 12:00:00,0.025060087203270038,0.038461538461538464
2023-06-26,26,1,2024-05-30 00:00:00.000000000,2024-08-17 12:00:00,0.02510088010055558,0.038461538461538464
2023-06-27,26,1,2024-06-02 13:50:46.153846272,2024-09-16 12:00:00,0.02507762779944524,0.038461538461538464
2023-06-28,26,0,2024-06-07 21:13:50.769230848,2024-09-01 00:00:00,0.025121411453146805,0.0
2023-06-29,26,0,2024-06-18 11:04:36.923076864,2024-09-02 12:00:00,0.02508509446957695,0.0
2023-06-30,26,0,2024-05-26 18:27:41.538461440,2024-09-07 00:00:00,0.024976445562797968,0.0
2023-07-03,26,0,2024-06-13 03:41:32.307692288,2024-10-06 00:00:00,0.024936647056380493,0.0
2023-07-04,26,0,2024-06-14 22:09:13.846153728,2024-10-07 00:00:00,0.024863029414043423,0.0
2023-07-05,26,0,2024-06-19 04:36:55.384615424,2024-09-27 00:00:00,0.024809743122359427,0.0
2023-07-06,26,0,2024-06-20 02:46:09.230769152,2024-10-02 00:00:00,0.024809289119242493,0.0
2023-07-07,26,0,2024-06-21 21:13:50.769230848,2024-09-10 00:00:00,0.024809536869714956,0.0
2023-07-10,26,0,2024-07-08 17:32:18.461538560,2024-10-05 00:00:00,0.024847431954014884,0.0
2023-07-11,26,0,2024-07-22 00:00:00.000000000,2024-10-04 00:00:00,0.02485736335628525,0.0
2023-07-12,26,0,2024-07-11 10:09:13.846153728,2024-10-20 12:00:00,0.024771609072799346,0.0
2023-07-13,26,0,2024-07-18 10:09:13.846153728,2024-10-18 00:00:00,0.024761396646395865,0.0
2023-07-14,26,0,2024-07-24 11:04:36.923076864,2024-10-02 00:00:00,0.024800240958791773,0.0
2023-07-17,26,0,2024-07-28 19:23:04.615384576,2024-10-23 00:00:00,0.024788522261886787,0.0
2023-07-18,26,0,2024-07-30 22:09:13.846153728,2024-10-23 12:00:00,0.024768403674145685,0.0
2023-07-19,26,0,2024-07-19 13:50:46.153846272,2024-11-03 12:00:00,0.024711036060705016,0.0
2023-07-20,26,0,2024-08-09 12:55:23.076923136,2024-11-14 12:00:00,0.024758594230083385,0.0
2023-07-21,26,0,2024-07-25 17:32:18.461538560,2024-11-03 12:00:00,0.024691680216187492,0.0
2023-07-24,26,0,2024-07-20 09:13:50.769230848,2024-11-22 00:00:00,0.024697574966219327,0.0
2023-07-25,26,0,2024-07-22 05:32:18.461538560,2024-11-26 12:00:00,0.024731755089418765,0.0
2023-07-26,26,0,2024-08-01 09:13:50.769230848,2024-11-22 12:00:00,0.02474915058107785,0.0
2023-07-27,26,0,2024-07-21 08:18:27.692307712,2024-11-24 00:00:00,0.024779240195725118,0.0
2023-07-28,26,0,2024-07-20 18:27:41.538461440,2024-11-14 00:00:00,0.024799777699329402,0.0
2023-07-31,26,0,2024-07-26 15:41:32.307692288,2024-11-21 00:00:00,0.024829413007003864,0.0
2023-08-02,26,0,2024-07-05 15:41:32.307692288,2024-12-05 00:00:00,0.02477960554024581,0.0
2023-08-03,26,0,2024-07-31 08:18:27.692307712,2024-12-10 12:00:00,0.02477146679117143,0.0
2023-08-04,26,0,2024-08-02 07:23:04.615384576,2024-12-11 00:00:00,0.024719249301241662,0.0
2023-08-07,26,0,2024-08-08 14:46:09.230769152,2024-12-16 12:00:00,0.024676087003887022,0.0
2023-08-08,26,0,2024-08-25 07:23:04.615384576,2024-12-16 00:00:00,0.024672041418232427,0.0
2023-08-09,26,0,2024-08-27 14:46:09.230769152,2024-12-19 12:00:00,0.02460906289697579,0.0
2023-08-10,26,0,2024-08-16 16:36:55.384615424,2024-12-19 12:00:00,0.02455001716031128,0.0
2023-08-11,26,0,2024-08-21 13:50:46.153846272,2024-12-16 00:00:00,0.024512884994888042,0.0
2023-08-14,26,0,2024-08-10 02:46:09.230769152,2024-12-18 00:00:00,0.02447180699814487,0.0
2023-08-15,26,0,2024-08-16 03:41:32.307692288,2024-12-20 00:00:00,0.024442377618175234,0.0
2023-08-16,26,0,2024-08-18 14:46:09.230769152,2024-12-09 12:00:00,0.024423466593669153,0.0
2023-08-17,26,0,2024-08-22 05:32:18.461538560,2024-12-08 12:00:00,0.024427364099117357,0.0
2023-08-18,26,0,2024-08-28 08:18:27.692307712,2024-12-30 00:00:00,0.02441842774259822,0.0
2023-08-21,26,0,2024-09-03 10:09:13.846153728,2025-01-02 00:00:00,0.024444749062660587,0.0
2023-08-22,26,0,2024-09-05 22:09:13.846153728,2025-01-01 12:00:00,0.024451732734846247,0.0
2023-08-23,26,0,2024-09-10 05:32:18.461538560,2024-12-29 12:00:00,0.024433750471119106,0.0
2023-08-24,26,0,2024-09-11 19:23:04.615384576,2025-01-05 00:00:00,0.024425739262193585,0.0
2023-08-25,26,0,2024-09-01 10:09:13.846153728,2025-01-05 00:00:00,0.024417376108624538,0.0
2023-08-28,26,0,2024-09-04 15:41:32.307692288,2025-01-06 00:00:00,0.02440595788733729,0.0
2023-08-29,26,0,2024-08-18 06:27:41.538461440,2025-01-07 00:00:00,0.02436227603327453,0.0
2023-08-30,26,0,2024-09-23 10:09:13.846153728,2025-01-08 00:00:00,0.02446864467946089,0.0
2023-08-31,26,0,2024-09-27 15:41:32.307692288,2025-01-10 12:00:00,0.02445326599582883,0.0
2023-09-01,26,0,2024-09-30 12:55:23.076923136,2025-01-11 12:00:00,0.024438734655608467,0.0
2023-09-04,26,0,2024-10-01 08:18:27.692307712,2025-01-16 00:00:00,0.02441688782130336,0.0
2023-09-05,26,0,2024-10-07 16:36:55.384615424,2025-01-16 00:00:00,0.024415578947787113,0.0
2023-09-06,26,0,2024-10-09 07:23:04.615384576,2025-01-15 00:00:00,0.024376434048454063,0.0
2023-09-07,26,0,2024-10-09 05:32:18.461538560,2025-01-11 12:00:00,0.024333140308890708,0.0
2023-09-08,26,0,2024-10-15 09:13:50.769230848,2025-01-16 12:00:00,0.02426428992442568,0.0
2023-09-11,26,0,2024-10-18 02:46:09.230769152,2025-01-20 00:00:00,0.02419610455738963,0.0
2023-09-12,26,0,2024-10-18 20:18:27.692307712,2025-01-22 12:00:00,0.024127216274574217,0.0
2023-09-13,26,0,2024-10-03 05:32:18.461538560,2025-01-19 00:00:00,0.02405093079929664,0.0
2023-09-14,26,0,2024-10-05 05:32:18.461538560,2025-01-24 12:00:00,0.024001318210480238,0.0
2023-09-15,26,0,2024-10-05 16:36:55.384615424,2025-01-22 00:00:00,0.023958165523662606,0.0
2023-09-18,26,0,2024-10-10 06:27:41.538461440,2025-01-29 00:00:00,0.02391431706648804,0.0
2023-09-19,26,0,2024-09-24 20:18:27.692307712,2025-01-18 12:00:00,0.02385665660880789,0.0
2023-09-20,26,0,2024-10-11 10:09:13.846153728,2025-01-29 00:00:00,0.023827368827378,0.0
2023-09-21,26,0,2024-09-30 07:23:04.615384576,2025-01-25 12:00:00,0.023786581102802542,0.0
2023-09-22,26,0,2024-10-02 06:27:41.538461440,2025-01-27 00:00:00,0.023763536511996173,0.0
2023-09-25,26,0,2024-10-08 09:13:50.769230848,2025-02-02 12:00:00,0.02376844602952464,0.0
2023-09-26,26,0,2024-10-13 06:27:41.538461440,2025-02-05 12:00:00,0.02375036121212495,0.0
2023-09-27,26,0,2024-09-18 09:13:50.769230848,2025-01-29 00:00:00,0.02371177047987267,0.0
2023-09-28,26,0,2024-09-09 12:55:23.076923136,2025-01-20 00:00:00,0.023690192709789372,0.0
2023-09-29,26,0,2024-10-08 07:23:04.615384576,2025-02-06 12:00:00,0.023669964986975198,0.0
2023-10-02,26,0,2024-10-13 23:04:36.923076864,2025-02-06 00:00:00,0.023679424324177214,0.0
2023-10-03,26,0,2024-10-22 02:46:09.230769152,2025-02-07 00:00:00,0.023721604687105494,0.0
2023-10-04,26,0,2024-11-10 19:23:04.615384576,2025-02-13 12:00:00,0.023764727408737283,0.0
2023-10-05,26,0,2024-11-27 12:00:00.000000000,2025-02-16 00:00:00,0.023765939090673184,0.0
2023-10-06,26,0,2024-12-07 22:09:13.846153728,2025-02-17 00:00:00,0.023744701206361747,0.0
2023-10-09,26,0,2024-12-08 12:00:00.000000000,2025-02-20 00:00:00,0.023721672785880568,0.0
2023-10-10,26,0,2024-12-10 12:55:23.076923136,2025-02-21 00:00:00,0.02369205819353714,0.0
2023-10-11,26,0,2024-12-06 05:32:18.461538560,2025-02-22 00:00:00,0.023653211714761455,0.0
2023-10-12,26,0,2024-11-14 23:04:36.923076864,2025-02-23 00:00:00,0.023612035435233117,0.0
2023-10-13,26,0,2024-11-29 07:23:04.615384576,2025-02-24 00:00:00,0.023555886177371428,0.0
2023-10-16,26,0,2024-12-19 00:55:23.076923136,2025-02-27 00:00:00,0.023527665037247982,0.0
2023-10-17,26,0,2024-11-25 10:09:13.846153728,2025-02-26 00:00:00,0.02345840099733116,0.0
2023-10-18,26,0,2024-11-18 11:04:36.923076864,2025-02-28 00:00:00,0.023393112513359533,0.0
2023-10-19,26,0,2024-11-24 00:55:23.076923136,2025-02-28 12:00:00,0.02336635327987078,0.0
2023-10-20,26,0,2025-01-11 14:46:09.230769152,2025-03-03 00:00:00,0.023378558637776048,0.0
2023-10-23,26,0,2025-01-15 13:50:46.153846272,2025-03-06 00:00:00,0.02338977357540152,0.0
2023-10-24,26,0,2025-01-28 10:09:13.846153728,2025-03-07 00:00:00,0.023415406599704588,0.0
2023-10-25,26,0,2025-01-23 05:32:18.461538560,2025-03-08 00:00:00,0.02334980771640212,0.0
2023-10-26,26,0,2025-01-26 22:09:13.846153728,2025-03-09 00:00:00,0.023346652518547374,0.0
2023-10-27,26,0,2025-02-15 11:04:36.923076864,2025-03-10 00:00:00,0.023408170116714186,0.0
2023-10-30,26,0,2025-02-01 10:09:13.846153728,2025-03-13 00:00:00,0.023372241675928433,0.0
2023-10-31,26,0,2025-02-02 13:50:46.153846272,2025-03-14 00:00:00,0.023350594981708547,0.0
2023-11-01,26,0,2025-02-20 23:04:36.923076864,2025-03-15 00:00:00,0.023337896289756275,0.0
2023-11-02,26,0,2025-01-31 22:09:13.846153728,2025-03-16 00:00:00,0.02327500744550976,0.0
2023-11-03,26,0,2025-01-25 17:32:18.461538560,2025-03-17 00:00:00,0.023261659971905532,0.0
2023-11-06,26,0,2025-01-28 08:18:27.692307712,2025-03-20 00:00:00,0.023239302318400802,0.0
2023-11-07,26,0,2025-01-23 05:32:18.461538560,2025-03-21 00:00:00,0.023193361664257586,0.0
2023-11-08,26,0,2025-01-25 11:04:36.923076864,2025-03-22 00:00:00,0.023228224196910414,0.0
2023-11-09,26,0,2025-01-21 10:09:13.846153728,2025-03-23 00:00:00,0.023205483324033674,0.0
2023-11-10,26,0,2025-02-10 18:27:41.538461440,2025-03-24 00:00:00,0.023186958356641453,0.0
2023-11-13,26,0,2025-02-09 06:27:41.538461440,2025-03-27 00:00:00,0.02318576527886023,0.0
2023-11-14,26,0,2025-01-15 10:09:13.846153728,2025-03-24 12:00:00,0.02318654950697953,0.0
2023-11-15,26,0,2025-01-07 22:09:13.846153728,2025-03-17 12:00:00,0.023234405989365284,0.0
2023-11-16,26,0,2024-12-13 09:13:50.769230848,2025-01-31 00:00:00,0.02317439591088172,0.0
2023-11-17,26,0,2024-11-16 23:04:36.923076864,2024-10-28 00:00:00,0.023196035469688087,0.0
2023-11-20,26,0,2024-11-11 08:18:27.692307712,2024-10-10 12:00:00,0.02318050053952843,0.0
2023-11-21,26,0,2024-10-30 10:09:13.846153728,2024-09-22 00:00:00,0.02315108777186982,0.0
2023-11-22,26,0,2024-10-26 05:32:18.461538560,2024-09-24 00:00:00,0.02308869107127345,0.0
2023-11-23,26,0,2024-10-22 00:00:00.000000000,2024-09-02 12:00:00,0.02311154779529629,0.0
2023-11-24,26,0,2024-10-21 19:23:04.615384576,2024-09-01 00:00:00,0.023109972606979032,0.0
2023-11-27,26,0,2024-10-17 16:36:55.384615424,2024-09-03 00:00:00,0.023089619447848913,0.0
2023-11-28,26,0,2024-10-14 11:04:36.923076864,2024-08-24 12:00:00,0.02305215265606114,0.0
2023-11-29,26,0,2024-10-11 07:23:04.615384576,2024-08-29 12:00:00,0.023024185553492452,0.0
2023-11-30,26,0,2024-10-06 11:04:36.923076864,2024-08-19 12:00:00,0.023012599403261225,0.0
2023-12-01,26,0,2024-10-02 18:27:41.538461440,2024-08-15 00:00:00,0.02303565416073037,0.0
2023-12-04,26,0,2024-10-02 02:46:09.230769152,2024-08-11 12:00:00,0.02304004008293336,0.0
2023-12-05,26,0,2024-09-28 11:04:36.923076864,2024-08-06 00:00:00,0.023035479654902394,0.0
2023-12-06,26,0,2024-09-23 02:46:09.230769152,2024-08-02 00:00:00,0.023033087856885463,0.0
2023-12-07,26,0,2024-09-16 06:27:41.538461440,2024-07-30 12:00:00,0.023015351021313482,0.0
2023-12-08,26,0,2024-09-14 17:32:18.461538560,2024-07-27 00:00:00,0.023015575713379567,0.0
2023-12-11,26,0,2024-09-16 12:00:00.000000000,2024-07-26 12:00:00,0.023016753018825546,0.0
2023-12-12,26,0,2024-09-13 11:04:36.923076864,2024-07-22 00:00:00,0.02300712915785936,0.0
2023-12-13,26,0,2024-09-13 17:32:18.461538560,2024-07-21 12:00:00,0.02299971803055805,0.0
2023-12-14,26,0,2024-09-16 16:36:55.384615424,2024-07-19 00:00:00,0.022995582867556725,0.0
2023-12-15,26,0,2024-09-11 19:23:04.615384576,2024-07-19 12:00:00,0.02298302804503344,0.0
2023-12-18,26,0,2024-09-15 11:04:36.923076864,2024-07-16 12:00:00,0.022950682898673098,0.0
2023-12-19,26,0,2024-09-16 06:27:41.538461440,2024-07-17 00:00:00,0.022924968683271707,0.0
2023-12-20,26,0,2024-09-17 12:00:00.000000000,2024-07-12 12:00:00,0.02288561322821116,0.0
2023-12-21,26,0,2024-09-16 11:04:36.923076864,2024-07-12 00:00:00,0.022839076112302688,0.0
2023-12-22,26,0,2024-09-17 22:09:13.846153728,2024-07-14 00:00:00,0.022783943468589692,0.0
2023-12-27,26,0,2024-09-22 05:32:18.461538560,2024-07-10 00:00:00,0.022732972583796616,0.0
2023-12-28,26,0,2024-09-23 11:04:36.923076864,2024-07-14 12:00:00,0.02267567469299418,0.0
2023-12-29,26,0,2024-09-20 20:18:27.692307712,2024-07-11 12:00:00,0.022622572677578997,0.0
2024-01-03,26,0,2024-09-18 16:36:55.384615424,2024-07-11 00:00:00,0.022587691085406782,0.0
2024-01-04,26,0,2024-09-17 18:27:41.538461440,2024-07-10 00:00:00,0.022551213814476063,0.0
2024-01-05,26,0,2024-09-15 15:41:32.307692288,2024-07-11 00:00:00,0.022504829720097673,0.0
2024-01-08,26,0,2024-09-15 00:55:23.076923136,2024-07-12 00:00:00,0.02245370025618682,0.0
2024-01-09,26,0,2024-09-13 18:27:41.538461440,2024-07-13 12:00:00,0.02240537021616943,0.0
2024-01-10,26,0,2024-09-14 21:13:50.769230848,2024-07-14 00:00:00,0.022365635484383993,0.0
2024-01-11,26,0,2024-09-15 05:32:18.461538560,2024-07-15 00:00:00,0.02233908522915745,0.0
2024-01-12,26,0,2024-09-15 16:36:55.384615424,2024-07-12 12:00:00,0.022311634684101387,0.0
2024-01-15,26,0,2024-09-12 15:41:32.307692288,2024-07-13 12:00:00,0.022279899247057214,0.0
2024-01-16,26,0,2024-09-13 18:27:41.538461440,2024-07-11 12:00:00,0.02224083935025212,0.0
2024-01-17,26,0,2024-09-07 11:04:36.923076864,2024-07-10 12:00:00,0.022219237372576046,0.0
2024-01-18,26,0,2024-09-01 03:41:32.307692288,2024-07-10 12:00:00,0.02218570559429298,0.0
2024-01-19,26,0,2024-09-02 07:23:04.615384576,2024-07-09 00:00:00,0.022161237273801822,0.0
2024-01-22,26,0,2024-08-30 13:50:46.153846272,2024-07-09 00:00:00,0.022137411601121263,0.0
2024-01-23,26,0,2024-08-29 14:46:09.230769152,2024-07-11 00:00:00,0.022116066639094115,0.0
2024-01-24,26,0,2024-08-30 00:00:00.000000000,2024-07-12 00:00:00,0.022087218439925685,0.0
2024-01-25,26,0,2024-08-31 21:13:50.769230848,2024-07-12 12:00:00,0.02206503543940254,0.0
2024-01-26,26,0,2024-09-06 08:18:27.692307712,2024-07-14 00:00:00,0.022052019922745397,0.0
2024-01-29,26,0,2024-09-10 09:13:50.769230848,2024-07-17 00:00:00,0.022041306290728688,0.0
2024-01-30,26,0,2024-09-13 17:32:18.461538560,2024-07-19 00:00:00,0.022016585040729453,0.0
2024-01-31,26,0,2024-09-17 06:27:41.538461440,2024-07-23 12:00:00,0.02199914022818263,0.0
2024-02-01,26,0,2024-09-19 00:00:00.000000000,2024-07-25 12:00:00,0.02195971019749051,0.0
2024-02-02,26,0,2024-09-22 22:09:13.846153728,2024-07-29 12:00:00,0.021923544703044102,0.0
2024-02-05,26,0,2024-09-26 12:00:00.000000000,2024-08-01 00:00:00,0.021880682093242756,0.0
2024-02-06,26,0,2024-10-02 21:13:50.769230848,2024-08-04 00:00:00,0.02184995205262591,0.0
2024-02-07,26,0,2024-10-01 01:50:46.153846272,2024-08-10 12:00:00,0.021822527454715752,0.0
2024-02-08,26,0,2024-10-05 12:55:23.076923136,2024-08-14 00:00:00,0.02178869971912952,0.0
2024-02-09,26,0,2024-10-05 22:09:13.846153728,2024-08-11 00:00:00,0.02176041922602833,0.0
2024-02-12,26,0,2024-09-30 20:18:27.692307712,2024-08-08 00:00:00,0.0217308328477709,0.0
2024-02-13,26,0,2024-10-19 03:41:32.307692288,2024-08-22 12:00:00,0.021781775789598185,0.0
2024-02-14,26,0,2024-10-24 16:36:55.384615424,2024-08-26 00:00:00,0.021760906010613226,0.0
2024-02-15,26,0,2024-10-28 03:41:32.307692288,2024-08-30 12:00:00,0.021761972356082612,0.0
2024-02-16,26,0,2024-10-22 10:09:13.846153728,2024-08-23 00:00:00,0.021690855439151443,0.0
2024-02-19,26,0,2024-10-24 22:09:13.846153728,2024-08-28 12:00:00,0.021694900224881998,0.0
2024-02-20,26,0,2024-10-30 12:00:00.000000000,2024-09-11 12:00:00,0.02168951723179157,0.0
2024-02-21,26,0,2024-10-24 09:13:50.769230848,2024-09-07 00:00:00,0.02167825943346851,0.0
2024-02-22,26,0,2024-10-16 18:27:41.538461440,2024-09-05 12:00:00,0.021626733941988482,0.0
2024-02-23,26,0,2024-10-25 06:27:41.538461440,2024-09-09 12:00:00,0.021641944160876146,0.0
2024-02-26,26,0,2024-11-03 08:18:27.692307712,2024-09-27 00:00:00,0.021646208350691462,0.0
2024-02-27,26,0,2024-11-07 03:41:32.307692288,2024-09-24 12:00:00,0.021655605110479557,0.0
2024-02-28,26,0,2024-11-20 05:32:18.461538560,2024-10-13 12:00:00,0.02163732450374528,0.0
2024-02-29,26,0,2024-11-23 02:46:09.230769152,2024-10-18 12:00:00,0.0216219254708609,0.0
2024-03-01,26,0,2024-11-15 21:13:50.769230848,2024-10-06 00:00:00,0.021600498689515225,0.0
2024-03-04,26,0,2024-11-25 00:55:23.076923136,2024-10-13 00:00:00,0.021589404221561706,0.0
2024-03-05,26,0,2024-11-24 02:46:09.230769152,2024-10-22 12:00:00,0.02155555886550851,0.0
2024-03-06,26,0,2024-11-22 00:55:23.076923136,2024-10-25 12:00:00,0.0215412402473077,0.0
2024-03-07,26,0,2024-11-25 08:18:27.692307712,2024-10-27 00:00:00,0.021519607342969333,0.0
2024-03-08,26,0,2024-11-30 17:32:18.461538560,2024-11-04 00:00:00,0.021514532570469855,0.0
2024-03-11,26,0,2024-12-07 05:32:18.461538560,2024-11-08 12:00:00,0.021505576549856225,0.0
2024-03-12,26,0,2024-12-11 09:13:50.769230848,2024-11-15 12:00:00,0.021513655191499777,0.0
2024-03-13,26,0,2024-12-24 00:00:00.000000000,2024-11-20 12:00:00,0.021535813217918507,0.0
2024-03-14,26,0,2024-12-24 18:27:41.538461440,2024-11-29 12:00:00,0.021540791026294234,0.0
2024-03-15,26,0,2024-12-31 17:32:18.461538560,2024-12-05 12:00:00,0.021536977141533412,0.0
2024-03-18,26,0,2025-01-01 11:04:36.923076864,2024-12-12 00:00:00,0.02154262151894037,0.0
2024-03-19,26,0,2025-01-07 12:00:00.000000000,2024-12-21 00:00:00,0.02154046207437641,0.0
2024-03-20,26,0,2025-01-10 09:13:50.769230848,2024-12-27 00:00:00,0.02153358154553952,0.0
2024-03-21,26,0,2025-01-17 02:46:09.230769152,2025-01-15 12:00:00,0.021557716240505367,0.0
2024-03-22,26,0,2025-01-23 00:00:00.000000000,2025-01-21 00:00:00,0.02157797660870702,0.0
2024-03-25,26,0,2025-01-30 00:00:00.000000000,2025-02-13 00:00:00,0.02161279588742738,0.0
2024-03-26,26,0,2025-02-06 08:18:27.692307712,2025-02-07 12:00:00,0.02163243385310974,0.0
2024-03-27,26,0,2025-02-14 12:55:23.076923136,2025-03-06 12:00:00,0.02165249252978818,0.0
2024-03-28,26,0,2025-02-15 07:23:04.615384576,2025-03-25 12:00:00,0.02167529819920063,0.0
2024-04-02,26,0,2025-02-18 23:04:36.923076864,2025-02-26 00:00:00,0.02172139079260619,0.0
2024-04-03,26,0,2025-02-22 03:41:32.307692288,2025-03-10 00:00:00,0.021737840147808277,0.0
2024-04-04,26,0,2025-02-26 23:04:36.923076864,2025-03-22 12:00:00,0.021756079354104188,0.0
2024-04-05,26,0,2025-03-06 07:23:04.615384576,2025-04-03 00:00:00,0.02183760502736489,0.0
2024-04-08,26,0,2025-03-15 17:32:18.461538560,2025-05-03 12:00:00,0.021842369271637588,0.0
2024-04-09,26,0,2025-02-23 02:46:09.230769152,2025-03-16 12:00:00,0.021739276119528802,0.0
2024-04-10,26,0,2025-02-17 08:18:27.692307712,2025-03-10 12:00:00,0.021716979655045134,0.0
2024-04-11,26,0,2025-02-22 19:23:04.615384576,2025-03-19 12:00:00,0.021685605395185888,0.0
2024-04-12,26,0,2025-03-06 16:36:55.384615424,2025-04-02 00:00:00,0.021732094377472186,0.0
2024-04-15,26,0,2025-03-13 08:18:27.692307712,2025-04-11 12:00:00,0.021707069551855165,0.0
2024-04-16,26,0,2025-02-25 22:09:13.846153728,2025-03-20 12:00:00,0.02164768777719943,0.0
2024-04-17,26,0,2025-02-20 16:36:55.384615424,2025-03-22 12:00:00,0.021626150563018445,0.0
2024-04-18,26,0,2025-02-21 10:09:13.846153728,2025-03-31 12:00:00,0.021601408864560197,0.0
2024-04-19,26,0,2025-02-25 08:18:27.692307712,2025-04-06 12:00:00,0.021590896498712493,0.0
2024-04-22,26,0,2025-03-18 21:13:50.769230848,2025-05-07 12:00:00,0.021625843789848682,0.0
2024-04-23,26,0,2025-03-20 04:36:55.384615424,2025-05-16 12:00:00,0.02160862147498154,0.0
2024-04-24,26,0,2025-03-20 21:13:50.769230848,2025-05-21 00:00:00,0.021587245770921287,0.0
2024-04-25,26,0,2025-03-21 07:23:04.615384576,2025-05-27 00:00:00,0.021574102371863715,0.0
2024-04-26,26,0,2025-03-23 15:41:32.307692288,2025-05-31 12:00:00,0.021560259252167084,0.0
2024-04-29,26,0,2025-03-24 20:18:27.692307712,2025-06-09 00:00:00,0.02156504194668178,0.0
2024-04-30,26,0,2025-04-02 03:41:32.307692288,2025-06-23 00:00:00,0.02156684403432058,0.0
2024-05-02,26,1,2025-04-21 04:36:55.384615424,2025-07-07 12:00:00,0.021619840285913256,0.038461538461538464
2024-05-03,26,0,2025-04-23 13:50:46.153846272,2025-07-08 12:00:00,0.021599929348555542,0.0
2024-05-06,26,0,2025-04-29 00:00:00.000000000,2025-07-15 12:00:00,0.021603461930554103,0.0
2024-05-07,26,0,2025-04-30 00:55:23.076923136,2025-07-10 12:00:00,0.021641356277071363,0.0
2024-05-08,26,0,2025-05-09 13:50:46.153846272,2025-07-11 12:00:00,0.02169280216604376,0.0
2024-05-10,26,1,2025-05-12 11:04:36.923076864,2025-07-20 12:00:00,0.021792312499221908,0.038461538461538464
2024-05-13,26,1,2025-05-09 14:46:09.230769152,2025-07-17 12:00:00,0.02186033227204643,0.038461538461538464
2024-05-14,26,1,2025-05-17 08:18:27.692307712,2025-07-26 12:00:00,0.021926178595346846,0.038461538461538464
2024-05-15,26,1,2025-04-16 15:41:32.307692288,2025-07-25 12:00:00,0.021962143315010788,0.038461538461538464
2024-05-16,26,0,2025-04-30 02:46:09.230769152,2025-07-30 00:00:00,0.021970142749967152,0.0
2024-05-17,26,0,2025-04-25 18:27:41.538461440,2025-08-01 00:00:00,0.02196513809543024,0.0
2024-05-21,26,1,2025-04-15 12:55:23.076923136,2025-08-03 00:00:00,0.021984920073905425,0.038461538461538464
2024-05-22,26,1,2025-04-21 10:09:13.846153728,2025-08-08 12:00:00,0.02196633144258033,0.038461538461538464
2024-05-23,26,2,2025-05-09 12:00:00.000000000,2025-08-09 12:00:00,0.02203891172386639,0.07692307692307693
2024-05-24,26,2,2025-05-25 13:50:46.153846272,2025-08-21 12:00:00,0.022045615475143106,0.07692307692307693
2024-05-27,26,2,2025-05-14 09:13:50.769230848,2025-08-18 12:00:00,0.02201195946907801,0.07692307692307693
2024-05-28,26,1,2025-06-04 01:50:46.153846272,2025-08-25 00:00:00,0.02202657325425272,0.038461538461538464
2024-05-29,26,1,2025-05-15 01:50:46.153846272,2025-08-22 00:00:00,0.02195856136382894,0.038461538461538464
2024-05-30,26,0,2025-05-02 03:41:32.307692288,2025-08-17 00:00:00,0.021909001767632268,0.0
2024-05-31,26,0,2025-05-21 10:09:13.846153728,2025-08-22 12:00:00,0.021929715118444167,0.0
2024-06-03,26,0,2025-05-27 11:04:36.923076864,2025-08-27 00:00:00,0.021925246138997437,0.0
2024-06-04,26,0,2025-05-15 22:09:13.846153728,2025-09-01 00:00:00,0.02186250995856092,0.0
2024-06-05,26,0,2025-06-05 11:04:36.923076864,2025-09-06 12:00:00,0.02186619593646661,0.0
2024-06-06,26,1,2025-07-07 03:41:32.307692288,2025-09-07 00:00:00,0.021949975822531203,0.038461538461538464
2024-06-07,26,1,2025-06-07 06:27:41.538461440,2025-09-05 12:00:00,0.021885825846958914,0.038461538461538464
2024-06-10,26,1,2025-05-21 16:36:55.384615424,2025-09-07 00:00:00,0.02185021192546175,0.038461538461538464
2024-06-11,26,1,2025-06-29 05:32:18.461538560,2025-09-13 00:00:00,0.0218858838163555,0.038461538461538464
2024-06-12,26,2,2025-07-17 02:46:09.230769152,2025-09-26 12:00:00,0.021950807522777036,0.07692307692307693
2024-06-13,26,2,2025-07-19 05:32:18.461538560,2025-09-20 00:00:00,0.021949544920819263,0.07692307692307693
2024-06-14,26,2,2025-07-05 14:46:09.230769152,2025-09-29 12:00:00,0.021925670483975753,0.07692307692307693
2024-06-17,26,2,2025-07-26 21:13:50.769230848,2025-09-30 12:00:00,0.021991098624046003,0.07692307692307693
2024-06-18,26,2,2025-07-12 05:32:18.461538560,2025-10-03 00:00:00,0.022033760087662366,0.07692307692307693
2024-06-19,26,2,2025-07-09 17:32:18.461538560,2025-09-26 00:00:00,0.022022203742852877,0.07692307692307693
2024-06-20,26,2,2025-07-13 23:04:36.923076864,2025-10-06 00:00:00,0.02200954911017015,0.07692307692307693
2024-06-21,26,1,2025-07-12 13:50:46.153846272,2025-09-21 12:00:00,0.021923333189828587,0.038461538461538464
2024-06-24,26,1,2025-06-10 00:55:23.076923136,2025-09-18 12:00:00,0.021827561863041287,0.038461538461538464
2024-06-25,26,1,2025-06-14 05:32:18.461538560,2025-10-11 00:00:00,0.02178759293790213,0.038461538461538464
2024-06-26,26,1,2025-05-30 09:13:50.769230848,2025-10-08 12:00:00,0.0217849148452637,0.038461538461538464
2024-06-27,26,1,2025-05-17 20:18:27.692307712,2025-09-26 00:00:00,0.02174594491858434,0.038461538461538464
2024-06-28,26,1,2025-05-31 23:04:36.923076864,2025-09-24 12:00:00,0.02176108920532575,0.038461538461538464
2024-07-01,26,1,2025-06-17 03:41:32.307692288,2025-10-01 12:00:00,0.02170403554068017,0.038461538461538464
2024-07-02,26,1,2025-05-17 23:04:36.923076864,2025-10-07 00:00:00,0.021655614132647695,0.038461538461538464
2024-07-03,26,1,2025-06-16 13:50:46.153846272,2025-10-18 12:00:00,0.021681936670283446,0.038461538461538464
2024-07-04,26,1,2025-05-21 09:13:50.769230848,2025-10-24 00:00:00,0.02167305316593989,0.038461538461538464
2024-07-05,26,1,2025-05-27 14:46:09.230769152,2025-11-02 12:00:00,0.021613390075625148,0.038461538461538464
2024-07-08,26,1,2025-06-14 06:27:41.538461440,2025-11-06 00:00:00,0.021543702489100428,0.038461538461538464
2024-07-09,26,1,2025-06-15 01:50:46.153846272,2025-10-19 12:00:00,0.021478238156986504,0.038461538461538464
2024-07-10,26,1,2025-06-17 15:41:32.307692288,2025-11-03 12:00:00,0.02141770079414386,0.038461538461538464
2024-07-11,26,1,2025-06-21 03:41:32.307692288,2025-11-12 12:00:00,0.021381592753426566,0.038461538461538464
2024-07-12,26,2,2025-06-18 16:36:55.384615424,2025-11-08 12:00:00,0.021372006897435365,0.07692307692307693
2024-07-15,26,2,2025-06-23 12:00:00.000000000,2025-11-19 00:00:00,0.021337475467135516,0.07692307692307693
2024-07-16,26,1,2025-06-21 12:55:23.076923136,2025-11-16 12:00:00,0.021291735140086865,0.038461538461538464
2024-07-17,26,1,2025-06-22 07:23:04.615384576,2025-11-11 12:00:00,0.02125419581339988,0.038461538461538464
2024-07-18,26,1,2025-06-26 13:50:46.153846272,2025-11-21 12:00:00,0.0212265498099405,0.038461538461538464
2024-07-19,26,0,2025-06-27 07:23:04.615384576,2025-11-17 00:00:00,0.021200988590430295,0.0
2024-07-22,26,0,2025-07-02 03:41:32.307692288,2025-11-20 00:00:00,0.021181881343470953,0.0
2024-07-23,26,0,2025-07-04 13:50:46.153846272,2025-11-24 00:00:00,0.021156137668647792,0.0
2024-07-24,26,0,2025-07-03 02:46:09.230769152,2025-11-22 12:00:00,0.021114953219949918,0.0
2024-07-25,26,0,2025-07-09 08:18:27.692307712,2025-11-26 12:00:00,0.021078354311641016,0.0
2024-07-26,26,0,2025-07-08 00:55:23.076923136,2025-11-29 12:00:00,0.021021657234025517,0.0
2024-07-29,26,0,2025-07-10 18:27:41.538461440,2025-11-24 12:00:00,0.020970636673006804,0.0
2024-07-30,26,0,2025-07-09 02:46:09.230769152,2025-11-19 12:00:00,0.020911873238790304,0.0
2024-07-31,26,0,2025-07-11 00:00:00.000000000,2025-11-25 12:00:00,0.020869196282486128,0.0
2024-08-02,26,0,2025-07-15 09:13:50.769230848,2025-11-26 12:00:00,0.020883989784797736,0.0
2024-08-05,26,0,2025-07-22 00:55:23.076923136,2025-12-07 00:00:00,0.021027295787387594,0.0
2024-08-06,26,0,2025-08-04 05:32:18.461538560,2025-11-29 12:00:00,0.02106316886266573,0.0
2024-08-07,26,0,2025-08-06 05:32:18.461538560,2025-12-01 12:00:00,0.021036974694936553,0.0
2024-08-08,26,0,2025-08-07 13:50:46.153846272,2025-12-03 00:00:00,0.021011670991252455,0.0
2024-08-09,26,0,2025-08-10 01:50:46.153846272,2025-12-05 12:00:00,0.020966902122735033,0.0
2024-08-12,26,0,2025-08-12 08:18:27.692307712,2025-12-12 00:00:00,0.020912500727800657,0.0
2024-08-13,26,0,2025-08-13 20:18:27.692307712,2025-12-09 12:00:00,0.020852751550774963,0.0
2024-08-14,26,0,2025-08-15 15:41:32.307692288,2025-12-17 00:00:00,0.020790780785302124,0.0
2024-08-15,26,0,2025-08-17 12:55:23.076923136,2025-12-17 00:00:00,0.02075065171663743,0.0
2024-08-16,26,0,2025-08-08 00:00:00.000000000,2025-12-11 00:00:00,0.02072871107280245,0.0
2024-08-19,26,0,2025-08-07 02:46:09.230769152,2025-12-06 00:00:00,0.020731900139703843,0.0
2024-08-20,26,0,2025-08-19 12:55:23.076923136,2025-12-14 00:00:00,0.02069093447052322,0.0
2024-08-21,26,0,2025-08-06 20:18:27.692307712,2025-12-14 00:00:00,0.02067652401543227,0.0
2024-08-22,26,0,2025-08-04 11:04:36.923076864,2025-12-06 00:00:00,0.02064161136351842,0.0
2024-08-23,26,0,2025-07-27 04:36:55.384615424,2025-11-15 00:00:00,0.020642984886314237,0.0
2024-08-26,26,0,2025-07-19 15:41:32.307692288,2025-11-12 12:00:00,0.020642072294086697,0.0
2024-08-27,26,0,2025-07-06 02:46:09.230769152,2025-09-30 00:00:00,0.02063768517558756,0.0
2024-08-28,26,0,2025-06-23 14:46:09.230769152,2025-09-23 00:00:00,0.020635531384877566,0.0
2024-08-29,26,0,2025-06-12 15:41:32.307692288,2025-08-05 12:00:00,0.0206335453291054,0.0
2024-08-30,26,0,2025-05-08 21:13:50.769230848,2025-06-08 00:00:00,0.020661781521602866,0.0
2024-09-02,26,0,2025-05-19 06:27:41.538461440,2025-06-04 12:00:00,0.0205962217586441,0.0
2024-09-03,26,0,2025-05-23 08:18:27.692307712,2025-05-30 00:00:00,0.020525577737921345,0.0
2024-09-04,26,0,2025-05-12 05:32:18.461538560,2025-06-05 12:00:00,0.020478460471446268,0.0
2024-09-05,26,0,2025-05-22 09:13:50.769230848,2025-06-08 00:00:00,0.02041335950789487,0.0
2024-09-06,26,0,2025-05-28 21:13:50.769230848,2025-06-12 12:00:00,0.020402766340865637,0.0
2024-09-09,26,0,2025-06-07 07:23:04.615384576,2025-07-25 00:00:00,0.020348100424124344,0.0
2024-09-10,26,0,2025-06-17 05:32:18.461538560,2025-07-25 00:00:00,0.020330892686085456,0.0
2024-09-11,26,0,2025-06-26 14:46:09.230769152,2025-08-18 00:00:00,0.02028994801067207,0.0
2024-09-12,26,0,2025-06-13 19:23:04.615384576,2025-07-31 00:00:00,0.020251431324663068,0.0
2024-09-13,26,0,2025-06-18 04:36:55.384615424,2025-07-29 12:00:00,0.020202421353434124,0.0
2024-09-16,26,0,2025-06-18 21:13:50.769230848,2025-08-08 12:00:00,0.020155930222452545,0.0
2024-09-17,26,0,2025-06-16 09:13:50.769230848,2025-07-30 12:00:00,0.020110186858515382,0.0
2024-09-18,26,0,2025-06-03 18:27:41.538461440,2025-07-26 00:00:00,0.02004591611409429,0.0
2024-09-19,26,0,2025-06-07 18:27:41.538461440,2025-07-31 12:00:00,0.01999371249210692,0.0
2024-09-20,26,0,2025-06-07 13:50:46.153846272,2025-08-04 00:00:00,0.01994596212762548,0.0
2024-09-23,26,0,2025-06-23 03:41:32.307692288,2025-08-09 12:00:00,0.01988943446958225,0.0
2024-09-24,26,0,2025-06-15 01:50:46.153846272,2025-07-28 00:00:00,0.019866164991027748,0.0
2024-09-25,26,0,2025-06-14 14:46:09.230769152,2025-07-30 12:00:00,0.019818536638991364,0.0
2024-09-26,26,0,2025-06-09 12:00:00.000000000,2025-07-16 00:00:00,0.01978849467208654,0.0
2024-09-27,26,0,2025-06-05 15:41:32.307692288,2025-08-01 00:00:00,0.019779097445152903,0.0
2024-09-30,26,0,2025-06-06 13:50:46.153846272,2025-08-02 00:00:00,0.019743549222549728,0.0
2024-10-01,26,0,2025-06-11 12:00:00.000000000,2025-08-07 12:00:00,0.019715750081117915,0.0
2024-10-02,26,0,2025-06-11 15:41:32.307692288,2025-08-04 12:00:00,0.019684699546076816,0.0
2024-10-03,26,0,2025-06-16 00:00:00.000000000,2025-08-04 00:00:00,0.019649736729227985,0.0
2024-10-04,26,0,2025-06-15 14:46:09.230769152,2025-08-11 00:00:00,0.019609724548316557,0.0
2024-10-07,26,0,2025-06-26 10:09:13.846153728,2025-08-28 12:00:00,0.019500850060003242,0.0
2024-10-08,26,0,2025-06-26 23:04:36.923076864,2025-08-16 12:00:00,0.019463054895905624,0.0
2024-10-09,26,0,2025-07-05 23:04:36.923076864,2025-09-08 12:00:00,0.019405953915085056,0.0
2024-10-10,26,0,2025-07-01 09:13:50.769230848,2025-08-31 00:00:00,0.019358561146951878,0.0
2024-10-11,26,0,2025-07-08 10:09:13.846153728,2025-09-10 00:00:00,0.019299749217072757,0.0
2024-10-14,26,0,2025-07-10 12:55:23.076923136,2025-08-27 00:00:00,0.01925369573431223,0.0
2024-10-15,26,0,2025-07-22 10:09:13.846153728,2025-09-13 00:00:00,0.01920433648664139,0.0
2024-10-16,26,0,2025-07-27 23:04:36.923076864,2025-10-02 12:00:00,0.019151263569033277,0.0
2024-10-17,26,0,2025-07-29 16:36:55.384615424,2025-09-26 00:00:00,0.019104762868022533,0.0
2024-10-18,26,0,2025-08-01 22:09:13.846153728,2025-10-03 12:00:00,0.019054729408051287,0.0
2024-10-21,26,0,2025-08-09 04:36:55.384615424,2025-10-17 12:00:00,0.019006339658137764,0.0
2024-10-22,26,0,2025-08-15 03:41:32.307692288,2025-11-04 12:00:00,0.018962705240944924,0.0
2024-10-23,26,0,2025-08-21 01:50:46.153846272,2025-10-31 12:00:00,0.018924913504878366,0.0
2024-10-24,26,0,2025-08-21 07:23:04.615384576,2025-11-06 00:00:00,0.018883157529630636,0.0
2024-10-25,26,0,2025-08-23 12:55:23.076923136,2025-11-09 12:00:00,0.01885943559150522,0.0
2024-10-28,26,0,2025-08-29 02:46:09.230769152,2025-11-21 00:00:00,0.018828417831500775,0.0
2024-10-29,26,0,2025-08-31 04:36:55.384615424,2025-11-30 12:00:00,0.018807999130894232,0.0
2024-10-30,26,0,2025-09-06 05:32:18.461538560,2025-12-13 00:00:00,0.018831823155434992,0.0
2024-10-31,26,0,2025-09-18 00:00:00.000000000,2025-12-16 00:00:00,0.0189290516144209,0.0
2024-11-01,26,0,2025-09-07 02:46:09.230769152,2026-01-05 12:00:00,0.018944432038078274,0.0
2024-11-04,26,0,2025-09-11 11:04:36.923076864,2026-01-01 12:00:00,0.0189910894676298,0.0
2024-11-05,26,0,2025-09-18 08:18:27.692307712,2026-01-24 00:00:00,0.019032499375567422,0.0
2024-11-06,26,0,2025-10-05 13:50:46.153846272,2026-02-01 00:00:00,0.019086437887170415,0.0
2024-11-07,26,0,2025-10-12 02:46:09.230769152,2026-02-16 12:00:00,0.019098264681323848,0.0
2024-11-08,26,0,2025-09-28 21:13:50.769230848,2026-02-11 00:00:00,0.019099231253830482,0.0
2024-11-11,26,0,2025-10-03 16:36:55.384615424,2026-02-03 00:00:00,0.019101628142903004,0.0
2024-11-12,26,0,2025-10-20 10:09:13.846153728,2026-02-24 12:00:00,0.01921383225178125,0.0
2024-11-13,26,0,2025-10-06 12:55:23.076923136,2026-02-22 00:00:00,0.019250436411357045,0.0
2024-11-14,26,0,2025-10-08 08:18:27.692307712,2026-02-24 12:00:00,0.019269713394735048,0.0
2024-11-15,26,0,2025-10-10 06:27:41.538461440,2026-02-28 00:00:00,0.019312675488189983,0.0
2024-11-18,26,0,2025-10-20 20:18:27.692307712,2026-03-03 12:00:00,0.01936715468194489,0.0
2024-11-19,26,0,2025-10-30 12:55:23.076923136,2026-03-04 00:00:00,0.01943438497325565,0.0
2024-11-20,26,0,2025-11-03 10:09:13.846153728,2026-03-11 00:00:00,0.019483611300432743,0.0
2024-11-21,26,0,2025-11-30 21:13:50.769230848,2026-03-16 12:00:00,0.019539116894747546,0.0
2024-11-22,26,0,2025-11-23 15:41:32.307692288,2026-03-19 00:00:00,0.019486578713686083,0.0
2024-11-25,26,0,2025-12-05 13:50:46.153846272,2026-03-30 12:00:00,0.019492463371628015,0.0
2024-11-26,26,0,2025-11-28 08:18:27.692307712,2026-03-31 12:00:00,0.019440341414055935,0.0
2024-11-27,26,0,2025-11-21 08:18:27.692307712,2026-03-28 12:00:00,0.019442493082121336,0.0
2024-11-28,26,0,2025-11-24 02:46:09.230769152,2026-04-04 00:00:00,0.01941365953439557,0.0
2024-11-29,26,0,2025-11-25 14:46:09.230769152,2026-04-06 00:00:00,0.019386867867674438,0.0
2024-12-02,26,0,2025-12-04 22:09:13.846153728,2026-04-05 00:00:00,0.019339839065331106,0.0
2024-12-03,26,0,2025-12-05 23:04:36.923076864,2026-04-02 12:00:00,0.01931573967650404,0.0
2024-12-04,26,0,2025-12-06 01:50:46.153846272,2026-04-01 12:00:00,0.019251528612489188,0.0
2024-12-05,26,0,2025-12-07 20:18:27.692307712,2026-04-09 00:00:00,0.019214967048329177,0.0
2024-12-06,26,0,2025-11-09 02:46:09.230769152,2026-04-03 12:00:00,0.0191862989964171,0.0
2024-12-09,26,0,2025-11-09 13:50:46.153846272,2026-04-02 12:00:00,0.019129834727570218,0.0
2024-12-10,26,0,2025-11-28 00:00:00.000000000,2026-04-04 00:00:00,0.019110019342892644,0.0
2024-12-11,26,0,2025-11-11 06:27:41.538461440,2026-04-05 00:00:00,0.01906916653475506,0.0
2024-12-12,26,0,2025-11-29 13:50:46.153846272,2026-04-07 00:00:00,0.019041792145491513,0.0
2024-12-13,26,0,2025-12-01 03:41:32.307692288,2026-04-14 00:00:00,0.01900660045810522,0.0
2024-12-16,26,0,2025-12-03 04:36:55.384615424,2026-04-15 12:00:00,0.018968061019602335,0.0
2024-12-17,26,0,2025-12-03 02:46:09.230769152,2026-04-16 00:00:00,0.0189456996739461,0.0
2024-12-18,26,0,2025-12-04 05:32:18.461538560,2026-04-18 12:00:00,0.018912229632936255,0.0
2024-12-19,26,0,2025-12-04 16:36:55.384615424,2026-04-17 12:00:00,0.01893477021236529,0.0
2024-12-20,26,0,2025-12-06 16:36:55.384615424,2026-04-26 00:00:00,0.018990360476377484,0.0
2024-12-23,26,0,2025-12-16 18:27:41.538461440,2026-04-29 12:00:00,0.019039726014910767,0.0
2024-12-27,26,0,2025-12-19 07:23:04.615384576,2026-05-04 00:00:00,0.019032624344916274,0.0
2024-12-30,26,0,2025-12-20 13:50:46.153846272,2026-05-03 00:00:00,0.019041824661764253,0.0
2025-01-03,26,0,2025-12-23 17:32:18.461538560,2026-05-06 12:00:00,0.01903893606033464,0.0
2025-01-06,26,0,2026-01-04 02:46:09.230769152,2026-05-09 12:00:00,0.0190054110532143,0.0
2025-01-07,26,0,2025-12-26 04:36:55.384615424,2026-05-15 12:00:00,0.01896834363424792,0.0
2025-01-08,26,0,2026-01-05 14:46:09.230769152,2026-05-14 12:00:00,0.018930886449339497,0.0
2025-01-09,26,0,2026-01-06 04:36:55.384615424,2026-05-13 00:00:00,0.01889551568109588,0.0
2025-01-10,26,0,2026-01-08 04:36:55.384615424,2026-05-19 00:00:00,0.018869841251825305,0.0
2025-01-13,26,0,2026-01-10 12:00:00.000000000,2026-05-18 00:00:00,0.018883259599680256,0.0
2025-01-14,26,0,2026-01-11 07:23:04.615384576,2026-05-18 12:00:00,0.01889318462383614,0.0
2025-01-15,26,0,2026-01-13 01:50:46.153846272,2026-05-28 12:00:00,0.01886757631444918,0.0
2025-01-16,26,0,2026-01-13 00:55:23.076923136,2026-05-27 00:00:00,0.018821581133462682,0.0
2025-01-17,26,0,2026-01-13 13:50:46.153846272,2026-05-27 12:00:00,0.01879546799376359,0.0
2025-01-20,26,0,2026-01-15 15:41:32.307692288,2026-05-30 00:00:00,0.01877759452296361,0.0
2025-01-21,26,0,2026-01-17 16:36:55.384615424,2026-06-01 00:00:00,0.018798377532660428,0.0
2025-01-22,26,0,2026-01-17 22:09:13.846153728,2026-05-26 12:00:00,0.018803252710165308,0.0
2025-01-23,26,0,2026-01-21 10:09:13.846153728,2026-05-28 00:00:00,0.018837471266539407,0.0
2025-01-24,26,0,2026-01-22 21:13:50.769230848,2026-06-03 12:00:00,0.018826153294614192,0.0
2025-01-27,26,0,2026-01-26 00:00:00.000000000,2026-06-05 00:00:00,0.018813681773655538,0.0
2025-01-28,26,0,2026-02-09 00:00:00.000000000,2026-06-03 12:00:00,0.01880721365935356,0.0
2025-01-29,26,0,2026-02-13 14:46:09.230769152,2026-06-05 12:00:00,0.01878915228187745,0.0
2025-01-30,26,0,2026-01-28 18:27:41.538461440,2026-06-03 12:00:00,0.018773173687665415,0.0
2025-01-31,26,0,2026-01-29 14:46:09.230769152,2026-06-04 00:00:00,0.018771870280828305,0.0
2025-02-03,26,0,2026-02-17 04:36:55.384615424,2026-06-08 12:00:00,0.018738179099946965,0.0
2025-02-04,26,0,2026-02-02 11:04:36.923076864,2026-06-07 12:00:00,0.018717743481646832,0.0
2025-02-05,26,0,2026-02-03 03:41:32.307692288,2026-06-10 00:00:00,0.018702251638686614,0.0
2025-02-06,26,0,2026-02-09 01:50:46.153846272,2026-06-14 12:00:00,0.01876536494798747,0.0
2025-02-07,26,0,2026-01-25 23:04:36.923076864,2026-06-12 12:00:00,0.018780948078605142,0.0
2025-02-10,26,0,2026-02-10 05:32:18.461538560,2026-06-15 12:00:00,0.018755566860846173,0.0
2025-02-11,26,0,2026-02-22 23:04:36.923076864,2026-06-09 00:00:00,0.0187198488207109,0.0
2025-02-12,26,0,2026-02-26 14:46:09.230769152,2026-06-12 00:00:00,0.018729381773194404,0.0
2025-02-13,26,0,2026-03-26 23:04:36.923076864,2026-06-05 12:00:00,0.018741129845168538,0.0
2025-02-14,26,0,2026-03-28 05:32:18.461538560,2026-06-03 00:00:00,0.018714663899449598,0.0
2025-02-17,26,0,2026-03-12 04:36:55.384615424,2026-05-23 00:00:00,0.018703195592034337,0.0
2025-02-18,26,0,2026-03-23 12:55:23.076923136,2026-05-31 00:00:00,0.018679047120649044,0.0
2025-02-19,26,0,2026-03-08 04:36:55.384615424,2026-05-27 00:00:00,0.018662086887085757,0.0
2025-02-20,26,0,2026-03-05 00:00:00.000000000,2026-05-23 12:00:00,0.018611966102727532,0.0
2025-02-21,26,0,2026-03-03 17:32:18.461538560,2026-06-01 00:00:00,0.018576079262436554,0.0
2025-02-24,26,0,2026-03-20 00:00:00.000000000,2026-05-23 12:00:00,0.01850397122140823,0.0
2025-02-25,26,0,2026-03-18 01:50:46.153846272,2026-05-23 00:00:00,0.018475669121302083,0.0
2025-02-26,26,0,2026-03-20 03:41:32.307692288,2026-06-02 00:00:00,0.018463823984070486,0.0
2025-02-27,26,0,2026-03-21 03:41:32.307692288,2026-06-01 12:00:00,0.018440711924837688,0.0
2025-02-28,26,0,2026-03-19 23:04:36.923076864,2026-05-31 12:00:00,0.018398043017529522,0.0
2025-03-03,26,0,2026-03-20 15:41:32.307692288,2026-05-30 00:00:00,0.018364838497978833,0.0
2025-03-04,26,0,2026-03-19 14:46:09.230769152,2026-06-01 00:00:00,0.01832433199277286,0.0
2025-03-05,26,0,2026-03-18 05:32:18.461538560,2026-05-28 12:00:00,0.018271576201141816,0.0
2025-03-06,26,0,2026-03-20 05:32:18.461538560,2026-05-21 12:00:00,0.018215929620556442,0.0
2025-03-07,26,0,2026-03-21 15:41:32.307692288,2026-06-04 00:00:00,0.018171458419924368,0.0
2025-03-10,26,0,2026-03-20 23:04:36.923076864,2026-06-05 00:00:00,0.01816234302469607,0.0
2025-03-11,26,0,2026-03-13 08:18:27.692307712,2026-06-07 00:00:00,0.018256918234942427,0.0
2025-03-12,26,0,2026-03-05 06:27:41.538461440,2026-06-09 00:00:00,0.018270673508239504,0.0
2025-03-13,26,0,2026-02-24 12:00:00.000000000,2026-06-01 12:00:00,0.01826781643562632,0.0
2025-03-14,26,0,2026-02-19 09:13:50.769230848,2026-06-03 12:00:00,0.018234090973153472,0.0
2025-03-17,26,0,2026-02-12 23:04:36.923076864,2026-05-20 00:00:00,0.018183910092235498,0.0
2025-03-18,26,0,2026-02-14 09:13:50.769230848,2026-05-28 00:00:00,0.018138089256366344,0.0
2025-03-19,26,0,2026-02-15 11:04:36.923076864,2026-06-02 00:00:00,0.018093687997157683,0.0
2025-03-20,26,0,2026-02-22 00:00:00.000000000,2026-05-28 00:00:00,0.018051980611381316,0.0
2025-03-21,26,0,2026-02-20 14:46:09.230769152,2026-05-30 00:00:00,0.01801049120453157,0.0
2025-03-24,26,0,2026-02-07 16:36:55.384615424,2026-05-17 12:00:00,0.01798120553200279,0.0
2025-03-25,26,0,2026-01-28 14:46:09.230769152,2026-03-24 12:00:00,0.01793919476436632,0.0
2025-03-26,26,0,2026-01-27 06:27:41.538461440,2026-03-13 12:00:00,0.01789247350243866,0.0
2025-03-27,26,0,2026-01-25 03:41:32.307692288,2026-02-24 00:00:00,0.017855780278891033,0.0
2025-03-28,26,0,2026-01-21 15:41:32.307692288,2026-02-09 00:00:00,0.017847054756977752,0.0
2025-03-31,26,0,2026-01-18 02:46:09.230769152,2026-01-16 12:00:00,0.017899482558375857,0.0
2025-04-01,26,0,2026-01-14 03:41:32.307692288,2026-01-16 12:00:00,0.017905113418778665,0.0
2025-04-02,26,0,2026-01-11 02:46:09.230769152,2026-01-08 12:00:00,0.017930201995570053,0.0
2025-04-03,26,0,2026-01-02 14:46:09.230769152,2025-10-17 00:00:00,0.018099300666481848,0.0
2025-04-04,26,0,2025-11-23 12:00:00.000000000,2025-09-04 00:00:00,0.01885041296305139,0.0
2025-04-07,26,0,2025-11-07 10:09:13.846153728,2025-09-10 12:00:00,0.020242523097145117,0.0
2025-04-08,26,0,2025-10-08 03:41:32.307692288,2025-09-11 00:00:00,0.020939223199957738,0.0
2025-04-09,26,0,2025-09-30 19:23:04.615384576,2025-09-06 00:00:00,0.022079888890405516,0.0
2025-04-10,26,0,2025-09-24 02:46:09.230769152,2025-08-22 12:00:00,0.02254803458067463,0.0
2025-04-11,26,0,2025-09-22 11:04:36.923076864,2025-08-19 12:00:00,0.022983789918995415,0.0
2025-04-14,26,0,2025-09-20 10:09:13.846153728,2025-08-15 12:00:00,0.023154942335022462,0.0
2025-04-15,26,0,2025-09-19 01:50:46.153846272,2025-08-13 00:00:00,0.02323742383933682,0.0
2025-04-16,26,0,2025-09-17 11:04:36.923076864,2025-08-14 12:00:00,0.02332313492438913,0.0
2025-04-17,26,0,2025-09-08 13:50:46.153846272,2025-07-31 00:00:00,0.023396926436235057,0.0
2025-04-22,26,0,2025-09-17 07:23:04.615384576,2025-08-04 00:00:00,0.023480051616581524,0.0
2025-04-23,26,0,2025-09-16 17:32:18.461538560,2025-07-26 00:00:00,0.02348663279668126,0.0
2025-04-24,26,0,2025-09-16 20:18:27.692307712,2025-07-27 00:00:00,0.0234810225893898,0.0
2025-04-25,26,0,2025-09-18 01:50:46.153846272,2025-07-27 12:00:00,0.023460361722021608,0.0
2025-04-28,26,0,2025-09-19 02:46:09.230769152,2025-07-31 00:00:00,0.02343484290792847,0.0
2025-04-29,26,0,2025-09-20 10:09:13.846153728,2025-08-02 12:00:00,0.02340184770570804,0.0
2025-04-30,26,0,2025-09-22 03:41:32.307692288,2025-08-09 12:00:00,0.02337181892254832,0.0
2025-05-02,26,0,2025-09-21 02:46:09.230769152,2025-08-09 00:00:00,0.023325847154226594,0.0
2025-05-05,26,0,2025-09-22 08:18:27.692307712,2025-08-11 12:00:00,0.023272697130763485,0.0
2025-05-06,26,0,2025-09-25 08:18:27.692307712,2025-08-05 00:00:00,0.023196685502176538,0.0
2025-05-07,26,0,2025-09-25 21:13:50.769230848,2025-08-06 00:00:00,0.02315732379002691,0.0
2025-05-08,26,0,2025-09-18 21:13:50.769230848,2025-08-05 12:00:00,0.02311387126621186,0.0
2025-05-09,26,0,2025-09-26 12:55:23.076923136,2025-08-06 12:00:00,0.023088603552141658,0.0
2025-05-12,26,0,2025-09-26 11:04:36.923076864,2025-08-04 00:00:00,0.023061316187051702,0.0
2025-05-13,26,0,2025-09-26 10:09:13.846153728,2025-08-04 00:00:00,0.023031800277092805,0.0
2025-05-14,26,0,2025-09-26 04:36:55.384615424,2025-08-03 12:00:00,0.022993341288596408,0.0
2025-05-15,26,0,2025-09-26 12:00:00.000000000,2025-08-03 00:00:00,0.022956459451659732,0.0
2025-05-16,26,0,2025-09-26 17:32:18.461538560,2025-08-06 00:00:00,0.022915148293776395,0.0
2025-05-19,26,0,2025-09-26 17:32:18.461538560,2025-08-03 12:00:00,0.02288372822722369,0.0
2025-05-20,26,0,2025-09-25 22:09:13.846153728,2025-07-30 12:00:00,0.022849210988064896,0.0
2025-05-21,26,0,2025-09-25 03:41:32.307692288,2025-07-29 00:00:00,0.022817095044318017,0.0
2025-05-22,26,0,2025-09-24 20:18:27.692307712,2025-07-31 00:00:00,0.022778630150890315,0.0
2025-05-23,26,0,2025-09-16 09:13:50.769230848,2025-07-29 00:00:00,0.022746145431483185,0.0
2025-05-26,26,0,2025-09-17 00:00:00.000000000,2025-07-30 00:00:00,0.022713269887670477,0.0
2025-05-27,26,0,2025-09-17 13:50:46.153846272,2025-07-29 12:00:00,0.022664910070110338,0.0
2025-05-28,26,0,2025-09-17 23:04:36.923076864,2025-07-30 12:00:00,0.022620733988202687,0.0
2025-05-30,26,0,2025-09-18 09:13:50.769230848,2025-08-03 00:00:00,0.02257842270071926,0.0
2025-06-02,26,0,2025-09-19 04:36:55.384615424,2025-07-31 00:00:00,0.02255542704273193,0.0
2025-06-03,26,0,2025-09-19 10:09:13.846153728,2025-07-27 00:00:00,0.02252527719390349,0.0
2025-06-04,26,0,2025-09-28 00:00:00.000000000,2025-07-29 12:00:00,0.022504908309058404,0.0
2025-06-05,26,0,2025-09-28 23:04:36.923076864,2025-08-01 00:00:00,0.02247009556279632,0.0
2025-06-06,26,0,2025-09-30 16:36:55.384615424,2025-08-03 12:00:00,0.02244737915315096,0.0
2025-06-10,26,0,2025-09-27 13:50:46.153846272,2025-08-02 00:00:00,0.022418262548551914,0.0
2025-06-11,26,0,2025-09-28 23:04:36.923076864,2025-08-05 12:00:00,0.0223997761671747,0.0
2025-06-12,26,0,2025-09-30 02:46:09.230769152,2025-08-06 00:00:00,0.02237491790768649,0.0
2025-06-13,26,0,2025-09-30 15:41:32.307692288,2025-08-07 12:00:00,0.022347212528325312,0.0
2025-06-16,26,0,2025-10-01 05:32:18.461538560,2025-08-08 00:00:00,0.02233429166985854,0.0
2025-06-17,26,0,2025-10-02 08:18:27.692307712,2025-08-06 00:00:00,0.0223236563401796,0.0
2025-06-18,26,0,2025-10-02 21:13:50.769230848,2025-08-05 00:00:00,0.022312080373432387,0.0
2025-06-19,26,0,2025-10-03 17:32:18.461538560,2025-08-04 00:00:00,0.022304133163161783,0.0
2025-06-20,26,0,2025-10-04 22:09:13.846153728,2025-08-04 00:00:00,0.022284420031633743,0.0
2025-06-23,26,0,2025-10-06 14:46:09.230769152,2025-08-04 12:00:00,0.02227596477755354,0.0
2025-06-24,26,0,2025-10-07 16:36:55.384615424,2025-08-04 00:00:00,0.022257813192343174,0.0
2025-06-25,26,0,2025-10-09 07:23:04.615384576,2025-08-05 12:00:00,0.02224538024133993,0.0
2025-06-26,26,0,2025-10-10 14:46:09.230769152,2025-08-07 00:00:00,0.02222522484780141,0.0
2025-06-27,26,0,2025-10-11 00:55:23.076923136,2025-08-07 00:00:00,0.022204139473912213,0.0
2025-06-30,26,0,2025-10-04 13:50:46.153846272,2025-08-09 00:00:00,0.02218568420649394,0.0
2025-07-01,26,0,2025-10-02 20:18:27.692307712,2025-08-11 12:00:00,0.022168925323718478,0.0
2025-07-02,26,0,2025-09-23 12:55:23.076923136,2025-08-12 00:00:00,0.02213449699900272,0.0
2025-07-03,26,0,2025-09-22 21:13:50.769230848,2025-08-14 00:00:00,0.0220847531553852,0.0
2025-07-04,26,0,2025-09-24 11:04:36.923076864,2025-08-15 00:00:00,0.022053756375966495,0.0
2025-07-07,26,0,2025-10-03 14:46:09.230769152,2025-08-18 00:00:00,0.02202859096007467,0.0
2025-07-08,26,0,2025-10-04 19:23:04.615384576,2025-08-19 00:00:00,0.02199582575077025,0.0
2025-07-09,26,0,2025-09-28 00:00:00.000000000,2025-08-21 00:00:00,0.02195042077316127,0.0
2025-07-10,26,0,2025-10-05 22:09:13.846153728,2025-08-21 00:00:00,0.02191255921708818,0.0
2025-07-11,26,0,2025-10-06 23:04:36.923076864,2025-08-23 00:00:00,0.0218848084912737,0.0
2025-07-14,26,0,2025-10-08 03:41:32.307692288,2025-08-25 00:00:00,0.021882440011782564,0.0
2025-07-15,26,0,2025-10-09 05:32:18.461538560,2025-08-28 00:00:00,0.02188396311588903,0.0
2025-07-16,26,0,2025-10-08 00:55:23.076923136,2025-08-22 12:00:00,0.021886362532881197,0.0
2025-07-17,26,0,2025-10-09 00:00:00.000000000,2025-08-24 00:00:00,0.021862462302600246,0.0
2025-07-18,26,0,2025-10-08 18:27:41.538461440,2025-08-18 12:00:00,0.021845756558594196,0.0
2025-07-21,26,0,2025-10-05 03:41:32.307692288,2025-08-13 12:00:00,0.021834344572390994,0.0
2025-07-22,26,0,2025-10-07 07:23:04.615384576,2025-08-11 12:00:00,0.021846350703175248,0.0
2025-07-23,26,0,2025-10-07 15:41:32.307692288,2025-08-11 12:00:00,0.021836197423419416,0.0
2025-07-24,26,0,2025-10-08 03:41:32.307692288,2025-08-11 12:00:00,0.021820871013616842,0.0
2025-07-25,26,0,2025-10-08 20:18:27.692307712,2025-08-12 00:00:00,0.021796726254380082,0.0
2025-07-28,26,0,2025-10-06 00:55:23.076923136,2025-08-15 12:00:00,0.02176340133044526,0.0
2025-07-29,26,0,2025-10-05 03:41:32.307692288,2025-08-16 00:00:00,0.021743565331674417,0.0
2025-07-30,26,0,2025-10-05 09:13:50.769230848,2025-08-13 12:00:00,0.02171242023695756,0.0
2025-07-31,26,0,2025-09-24 14:46:09.230769152,2025-08-12 00:00:00,0.021682223192997292,0.0
2025-08-04,26,0,2025-09-28 08:18:27.692307712,2025-08-14 00:00:00,0.021683898697355448,0.0
2025-08-05,26,0,2025-09-25 14:46:09.230769152,2025-08-15 00:00:00,0.021664743843496346,0.0
2025-08-06,26,0,2025-09-26 08:18:27.692307712,2025-08-16 12:00:00,0.021655166474066186,0.0
2025-08-07,26,0,2025-09-28 03:41:32.307692288,2025-08-18 00:00:00,0.021629729890886858,0.0
2025-08-08,26,0,2025-09-27 15:41:32.307692288,2025-08-17 12:00:00,0.02158074101107251,0.0
2025-08-11,26,0,2025-09-28 19:23:04.615384576,2025-08-17 12:00:00,0.021551955202150662,0.0
2025-08-12,26,0,2025-09-29 07:23:04.615384576,2025-08-17 12:00:00,0.021514866705024595,0.0
2025-08-13,26,0,2025-09-30 00:55:23.076923136,2025-08-17 12:00:00,0.02147819149213428,0.0
2025-08-14,26,0,2025-09-30 11:04:36.923076864,2025-08-17 12:00:00,0.021439857035128143,0.0
2025-08-15,26,0,2025-10-02 10:09:13.846153728,2025-08-18 00:00:00,0.021415064769114384,0.0
2025-08-18,26,0,2025-10-04 09:13:50.769230848,2025-08-23 00:00:00,0.02139242936798376,0.0
2025-08-19,26,0,2025-10-05 11:04:36.923076864,2025-08-30 00:00:00,0.021372367754191084,0.0
2025-08-20,26,0,2025-10-07 18:27:41.538461440,2025-09-05 12:00:00,0.021343874008789895,0.0
2025-08-21,26,0,2025-10-09 13:50:46.153846272,2025-09-06 00:00:00,0.021310473519130298,0.0
2025-08-22,26,0,2025-10-09 10:09:13.846153728,2025-09-06 00:00:00,0.021278741436241325,0.0
2025-08-25,26,0,2025-10-10 23:04:36.923076864,2025-09-06 12:00:00,0.021259269847261127,0.0
2025-08-26,26,0,2025-10-11 13:50:46.153846272,2025-09-08 00:00:00,0.02123331189962629,0.0
2025-08-27,26,0,2025-10-12 03:41:32.307692288,2025-09-09 00:00:00,0.02121878772638449,0.0
2025-08-28,26,0,2025-10-12 20:18:27.692307712,2025-09-10 12:00:00,0.021204656856901212,0.0
2025-08-29,26,0,2025-10-12 09:13:50.769230848,2025-09-11 12:00:00,0.02119797315666729,0.0
2025-09-01,26,0,2025-10-14 16:36:55.384615424,2025-09-11 12:00:00,0.02118214902392721,0.0
2025-09-02,26,0,2025-10-15 03:41:32.307692288,2025-09-09 00:00:00,0.021192491945721384,0.0
2025-09-03,26,0,2025-10-12 04:36:55.384615424,2025-09-09 12:00:00,0.02117672127820542,0.0
2025-09-04,26,0,2025-10-13 07:23:04.615384576,2025-09-10 12:00:00,0.021158475945524672,0.0
2025-09-05,26,0,2025-10-13 08:18:27.692307712,2025-09-11 12:00:00,0.021140023843642962,0.0
2025-09-08,26,0,2025-10-08 19:23:04.615384576,2025-09-09 12:00:00,0.021114231949426583,0.0
2025-09-09,26,0,2025-10-09 12:55:23.076923136,2025-09-10 00:00:00,0.02108935341890119,0.0
2025-09-10,26,0,2025-10-10 10:09:13.846153728,2025-09-11 00:00:00,0.02107130077773894,0.0
2025-09-11,26,0,2025-10-12 20:18:27.692307712,2025-09-14 00:00:00,0.02104784352954698,0.0
2025-09-12,26,0,2025-10-12 00:00:00.000000000,2025-09-13 00:00:00,0.021005008289918452,0.0
2025-09-15,26,0,2025-10-15 03:41:32.307692288,2025-09-16 00:00:00,0.020991612233930035,0.0
2025-09-16,26,0,2025-10-14 17:32:18.461538560,2025-09-17 00:00:00,0.020967102237880005,0.0
2025-09-17,26,0,2025-10-15 11:04:36.923076864,2025-09-18 00:00:00,0.02095098990720012,0.0
2025-09-18,26,0,2025-10-16 05:32:18.461538560,2025-09-19 00:00:00,0.020923034212697002,0.0
2025-09-19,26,0,2025-10-18 06:27:41.538461440,2025-09-21 00:00:00,0.020901420273893544,0.0
2025-09-22,26,0,2025-10-20 00:55:23.076923136,2025-09-23 00:00:00,0.02088926695651034,0.0
2025-09-23,26,0,2025-10-21 10:09:13.846153728,2025-09-24 12:00:00,0.02086470924792972,0.0
2025-09-24,26,0,2025-10-22 03:41:32.307692288,2025-09-25 00:00:00,0.02083015126584807,0.0
2025-09-25,26,0,2025-10-22 16:36:55.384615424,2025-09-26 00:00:00,0.020795569380309076,0.0
2025-09-26,26,0,2025-10-23 16:36:55.384615424,2025-09-29 12:00:00,0.020753915216899878,0.0
2025-09-29,26,0,2025-10-25 11:04:36.923076864,2025-10-02 00:00:00,0.020717336418636434,0.0
2025-09-30,26,0,2025-10-26 00:00:00.000000000,2025-10-01 00:00:00,0.02067086203967923,0.0
2025-10-01,26,0,2025-10-29 18:27:41.538461440,2025-10-04 00:00:00,0.02065155222135607,0.0
2025-10-02,26,0,2025-11-15 18:27:41.538461440,2025-10-03 00:00:00,0.020650366278605913,0.0
2025-10-03,26,0,2025-11-16 20:18:27.692307712,2025-10-05 00:00:00,0.02056862596472618,0.0
2025-10-06,26,0,2025-11-17 22:09:13.846153728,2025-10-07 00:00:00,0.020514123194835955,0.0
2025-10-07,26,0,2025-11-19 21:13:50.769230848,2025-10-08 00:00:00,0.020498275803363847,0.0
2025-10-08,26,0,2025-11-18 17:32:18.461538560,2025-10-09 00:00:00,0.020476727777556904,0.0
2025-10-09,26,0,2025-11-19 01:50:46.153846272,2025-10-10 00:00:00,0.02046857336199024,0.0
2025-10-10,26,0,2025-11-19 15:41:32.307692288,2025-10-11 00:00:00,0.02040441268260899,0.0
2025-10-13,26,0,2025-11-21 05:32:18.461538560,2025-10-14 00:00:00,0.020388088845648168,0.0
2025-10-14,26,0,2025-11-17 01:50:46.153846272,2025-10-15 00:00:00,0.02035039217677643,0.0
2025-10-15,26,0,2025-11-02 12:00:00.000000000,2025-10-16 00:00:00,0.020319303513018545,0.0
2025-10-16,26,0,2025-11-03 11:04:36.923076864,2025-10-17 00:00:00,0.020309679214465193,0.0
2025-10-17,26,0,2025-11-01 17:32:18.461538560,2025-10-18 00:00:00,0.02022948384764066,0.0
2025-10-20,26,0,2025-11-04 02:46:09.230769152,2025-10-21 00:00:00,0.020259987586445996,0.0
2025-10-21,26,0,2025-11-04 20:18:27.692307712,2025-10-22 00:00:00,0.020255410807816898,0.0
2025-10-22,26,0,2025-11-08 09:13:50.769230848,2025-10-23 00:00:00,0.02029060792990211,0.0
2025-10-23,26,0,2025-11-10 02:46:09.230769152,2025-10-24 00:00:00,0.020295274865809607,0.0
2025-10-24,26,0,2025-11-08 12:00:00.000000000,2025-10-25 00:00:00,0.020293846689240107,0.0
2025-10-27,26,1,2025-11-29 05:32:18.461538560,2025-10-28 00:00:00,0.020373199778857987,0.038461538461538464
2025-10-28,26,1,2025-12-02 00:00:00.000000000,2025-10-29 00:00:00,0.02036907516777734,0.038461538461538464
2025-10-29,26,0,2025-11-12 12:55:23.076923136,2025-10-30 00:00:00,0.02033542988328603,0.0
2025-10-30,26,1,2025-12-04 11:04:36.923076864,2025-10-31 00:00:00,0.0203485485823953,0.038461538461538464
2025-10-31,26,1,2025-12-05 00:00:00.000000000,2025-11-01 00:00:00,0.020328146721412935,0.038461538461538464
2025-11-03,26,0,2025-12-06 20:18:27.692307712,2025-11-04 00:00:00,0.020336511868022527,0.0
2025-11-04,26,0,2025-12-07 15:41:32.307692288,2025-11-05 00:00:00,0.020287447733819387,0.0
2025-11-05,26,1,2025-12-17 13:50:46.153846272,2025-11-06 00:00:00,0.02027891916390601,0.038461538461538464
2025-11-06,26,0,2025-12-01 02:46:09.230769152,2025-11-07 12:00:00,0.020210821373647405,0.0
2025-11-07,26,0,2025-12-19 04:36:55.384615424,2025-11-09 00:00:00,0.020191930226553436,0.0
2025-11-10,26,0,2025-12-22 13:50:46.153846272,2025-11-11 00:00:00,0.02016361251623477,0.0
2025-11-11,26,0,2025-12-30 21:13:50.769230848,2025-11-12 00:00:00,0.020155994572247368,0.0
2025-11-12,26,0,2026-01-01 16:36:55.384615424,2025-11-13 00:00:00,0.020137924109157126,0.0
2025-11-13,26,0,2025-12-13 08:18:27.692307712,2025-11-14 00:00:00,0.020112503615135554,0.0
2025-11-14,26,0,2025-12-14 12:00:00.000000000,2025-11-15 00:00:00,0.020056358168404783,0.0
2025-11-17,26,0,2025-12-16 23:04:36.923076864,2025-11-18 00:00:00,0.020081513163858717,0.0
2025-11-18,26,0,2025-12-11 02:46:09.230769152,2025-11-19 00:00:00,0.020101984849389885,0.0
2025-11-19,26,0,2025-12-07 02:46:09.230769152,2025-11-20 00:00:00,0.02013551891614246,0.0
2025-11-20,26,0,2025-12-07 00:00:00.000000000,2025-11-21 00:00:00,0.020156141019215056,0.0
2025-11-21,26,0,2025-12-06 06:27:41.538461440,2025-11-22 00:00:00,0.02017758255683328,0.0
2025-11-24,26,0,2025-12-07 12:55:23.076923136,2025-11-25 00:00:00,0.020238305651185968,0.0
2025-11-25,26,0,2025-12-15 00:55:23.076923136,2025-11-26 00:00:00,0.020220140627106847,0.0
2025-11-26,26,0,2025-12-14 23:04:36.923076864,2025-11-27 00:00:00,0.020195376530341567,0.0
2025-11-27,26,0,2025-12-13 23:04:36.923076864,2025-11-28 00:00:00,0.020157457829451855,0.0
2025-11-28,26,0,2025-12-13 20:18:27.692307712,2025-11-29 00:00:00,0.0201335905438513,0.0
2025-12-01,26,0,2025-12-14 16:36:55.384615424,2025-12-02 00:00:00,0.02011395472342243,0.0
2025-12-02,26,0,2025-12-15 16:36:55.384615424,2025-12-04 12:00:00,0.020083665651949044,0.0
2025-12-03,26,1,2025-12-14 13:50:46.153846272,2025-12-06 12:00:00,0.02003619855331494,0.038461538461538464
2025-12-04,26,0,2025-12-18 12:55:23.076923136,2025-12-07 00:00:00,0.019979646636557453,0.0
2025-12-05,26,0,2025-12-18 00:55:23.076923136,2025-12-07 00:00:00,0.019924844763788183,0.0
2025-12-08,26,0,2025-12-20 05:32:18.461538560,2025-12-09 00:00:00,0.019891052195234626,0.0
2025-12-09,26,0,2025-12-21 22:09:13.846153728,2025-12-10 00:00:00,0.0198598803242833,0.0
2025-12-10,26,0,2025-12-21 19:23:04.615384576,2025-12-11 00:00:00,0.019836776399719085,0.0
2025-12-11,26,0,2025-12-23 00:00:00.000000000,2025-12-12 00:00:00,0.019816542598445137,0.0
2025-12-12,26,0,2025-12-27 06:27:41.538461440,2025-12-13 00:00:00,0.019805056925753912,0.0
2025-12-15,26,0,2025-12-29 06:27:41.538461440,2025-12-16 00:00:00,0.01986074374228116,0.0
2025-12-16,26,0,2025-12-30 01:50:46.153846272,2025-12-17 00:00:00,0.019863892426974897,0.0
2025-12-17,26,0,2025-12-30 19:23:04.615384576,2025-12-18 00:00:00,0.01982473115853533,0.0
2025-12-18,26,0,2025-12-31 11:04:36.923076864,2025-12-19 00:00:00,0.01981070120819891,0.0
2025-12-19,26,0,2026-01-01 02:46:09.230769152,2025-12-20 00:00:00,0.019754690869821453,0.0
2025-12-22,26,0,2026-01-03 12:55:23.076923136,2025-12-23 00:00:00,0.019753981635291025,0.0
2025-12-23,26,0,2026-01-07 00:00:00.000000000,2025-12-24 00:00:00,0.019734852032399743,0.0
2025-12-29,26,0,2026-01-13 15:41:32.307692288,2025-12-30 00:00:00,0.019853232338278196,0.0
2025-12-30,26,0,2026-01-14 13:50:46.153846272,2025-12-31 00:00:00,0.019869283060598687,0.0
2026-01-05,26,0,2026-01-24 12:55:23.076923136,2026-01-06 00:00:00,0.020098002125286174,0.0
2026-01-06,26,0,2026-01-20 17:32:18.461538560,2026-01-07 00:00:00,0.02013833470691143,0.0
2026-01-07,26,0,2026-01-18 11:04:36.923076864,2026-01-08 00:00:00,0.020127446518813097,0.0
2026-01-08,26,0,2026-01-20 15:41:32.307692288,2026-01-09 00:00:00,0.020153644453873132,0.0
2026-01-09,26,1,2026-01-18 16:36:55.384615424,2026-01-10 00:00:00,0.020169848125875467,0.038461538461538464
2026-01-12,26,1,2026-01-21 06:27:41.538461440,2026-01-13 00:00:00,0.02022425109673914,0.038461538461538464
2026-01-13,26,1,2026-01-23 12:00:00.000000000,2026-01-14 00:00:00,0.02023648414441547,0.038461538461538464
2026-01-14,26,2,2026-01-19 18:27:41.538461440,2026-01-15 00:00:00,0.020234293235081142,0.07692307692307693
2026-01-15,26,1,2026-01-20 19:23:04.615384576,2026-01-16 00:00:00,0.020225248765390183,0.038461538461538464
2026-01-16,26,1,2026-01-21 19:23:04.615384576,2026-01-17 00:00:00,0.020216278429131228,0.038461538461538464
2026-01-19,26,1,2026-01-24 23:04:36.923076864,2026-01-20 00:00:00,0.02026535132397248,0.038461538461538464
2026-01-20,26,1,2026-02-01 00:55:23.076923136,2026-01-21 00:00:00,0.02030413281925659,0.038461538461538464
2026-01-21,26,0,2026-02-03 13:50:46.153846272,2026-01-22 00:00:00,0.020295081612644317,0.0
2026-01-22,26,1,2026-02-18 22:09:13.846153728,2026-01-23 00:00:00,0.02030607468245712,0.038461538461538464
2026-01-23,26,0,2026-02-07 12:55:23.076923136,2026-01-24 00:00:00,0.020296572176832346,0.0
2026-01-26,26,0,2026-03-01 11:04:36.923076864,2026-01-27 00:00:00,0.02035553459975835,0.0
2026-01-27,26,1,2026-03-05 12:00:00.000000000,2026-02-06 12:00:00,0.020388165778062003,0.038461538461538464
2026-01-28,26,2,2026-03-03 11:04:36.923076864,2026-01-29 00:00:00,0.02036925197221456,0.07692307692307693
2026-01-29,26,2,2026-03-04 20:18:27.692307712,2026-01-30 00:00:00,0.020344462641546816,0.07692307692307693
2026-01-30,26,2,2026-03-08 17:32:18.461538560,2026-02-12 12:00:00,0.020350857129924658,0.07692307692307693
2026-02-02,26,2,2026-03-11 10:09:13.846153728,2026-02-25 12:00:00,0.020319280828418138,0.07692307692307693
2026-02-03,26,2,2026-03-10 16:36:55.384615424,2026-03-01 00:00:00,0.020318540868671894,0.07692307692307693
2026-02-04,26,2,2026-03-10 21:13:50.769230848,2026-02-24 12:00:00,0.0202745440852653,0.07692307692307693
2026-02-05,26,3,2026-03-13 12:00:00.000000000,2026-03-02 12:00:00,0.020265729543857032,0.11538461538461539
2026-02-06,26,3,2026-03-15 10:09:13.846153728,2026-03-04 00:00:00,0.02024918446038978,0.11538461538461539
2026-02-09,26,2,2026-03-16 06:27:41.538461440,2026-03-02 12:00:00,0.02023853793686224,0.07692307692307693
2026-02-10,26,2,2026-03-16 22:09:13.846153728,2026-03-02 12:00:00,0.020213989641659456,0.07692307692307693
2026-02-11,26,2,2026-03-17 15:41:32.307692288,2026-03-03 00:00:00,0.020175773065472358,0.07692307692307693
2026-02-12,26,2,2026-03-20 11:04:36.923076864,2026-03-05 00:00:00,0.020152746505437545,0.07692307692307693
2026-02-13,26,3,2026-04-09 23:04:36.923076864,2026-03-07 00:00:00,0.020137125085816533,0.11538461538461539
2026-02-16,26,5,2026-04-12 16:36:55.384615424,2026-03-04 12:00:00,0.02013894315004853,0.19230769230769232
2026-02-17,26,5,2026-04-30 08:18:27.692307712,2026-03-03 12:00:00,0.020138210612747863,0.19230769230769232
2026-02-18,26,4,2026-04-13 11:04:36.923076864,2026-03-03 12:00:00,0.02007419767264838,0.15384615384615385
2026-02-19,26,4,2026-03-26 17:32:18.461538560,2026-03-04 00:00:00,0.020007503502100215,0.15384615384615385
2026-02-20,26,4,2026-04-13 23:04:36.923076864,2026-03-05 00:00:00,0.019980368220647058,0.15384615384615385
2026-02-23,26,4,2026-03-28 04:36:55.384615424,2026-03-04 00:00:00,0.019932487289196728,0.15384615384615385
2026-02-24,26,5,2026-05-24 20:18:27.692307712,2026-03-08 12:00:00,0.01995713366359478,0.19230769230769232
2026-02-25,26,5,2026-05-24 09:13:50.769230848,2026-03-06 00:00:00,0.019921730901047017,0.19230769230769232
2026-02-26,26,5,2026-04-18 23:04:36.923076864,2026-03-09 00:00:00,0.01985516716902331,0.19230769230769232
2026-02-27,26,6,2026-05-26 07:23:04.615384576,2026-03-12 12:00:00,0.01987525434450027,0.23076923076923078
2026-03-02,26,6,2026-06-14 22:09:13.846153728,2026-03-12 00:00:00,0.019912582142767074,0.23076923076923078
2026-03-03,26,4,2026-06-17 05:32:18.461538560,2026-03-13 00:00:00,0.020107833689277436,0.15384615384615385
2026-03-04,26,4,2026-06-16 19:23:04.615384576,2026-03-13 00:00:00,0.020190149843652663,0.15384615384615385
2026-03-05,26,5,2026-06-24 11:04:36.923076864,2026-03-14 00:00:00,0.020341178259106914,0.19230769230769232
2026-03-06,26,6,2026-07-01 02:46:09.230769152,2026-04-01 12:00:00,0.02054515160524153,0.23076923076923078
2026-03-09,26,6,2026-06-18 00:00:00.000000000,2026-04-03 00:00:00,0.020767300436583792,0.23076923076923078
2026-03-10,26,7,2026-06-27 00:00:00.000000000,2026-04-04 00:00:00,0.020868074307030197,0.2692307692307692
2026-03-11,26,10,2026-07-29 05:32:18.461538560,2026-04-17 00:00:00,0.0209899228134708,0.38461538461538464
2026-03-12,26,10,2026-08-20 14:46:09.230769152,2026-06-03 00:00:00,0.021111260269330006,0.38461538461538464
2026-03-13,26,11,2026-08-05 09:13:50.769230848,2026-06-28 00:00:00,0.0212742650954549,0.4230769230769231
2026-03-16,26,11,2026-08-18 04:36:55.384615424,2026-07-25 00:00:00,0.02139675558510252,0.4230769230769231
2026-03-17,26,10,2026-08-24 14:46:09.230769152,2026-08-17 00:00:00,0.0214187223555055,0.38461538461538464
2026-03-18,26,10,2026-08-22 03:41:32.307692288,2026-08-08 00:00:00,0.02145340125280365,0.38461538461538464
2026-03-19,26,10,2026-08-21 07:23:04.615384576,2026-08-13 00:00:00,0.021629983675039655,0.38461538461538464
2026-03-20,26,11,2026-09-12 21:13:50.769230848,2026-09-07 12:00:00,0.02194887191362354,0.4230769230769231
2026-03-23,26,12,2026-10-05 12:55:23.076923136,2026-09-08 00:00:00,0.02215746315295253,0.46153846153846156
2026-03-24,26,12,2026-11-11 07:23:04.615384576,2026-10-21 00:00:00,0.02228697971380101,0.46153846153846156
2026-03-25,26,13,2026-11-13 08:18:27.692307712,2026-10-21 12:00:00,0.022337092950861264,0.5
2026-03-26,26,11,2026-10-17 03:41:32.307692288,2026-10-17 00:00:00,0.022388650294062267,0.4230769230769231
2026-03-27,26,13,2026-11-05 09:13:50.769230848,2026-11-11 00:00:00,0.022517925235798063,0.5
2026-03-30,26,14,2026-12-08 17:32:18.461538560,2026-11-30 00:00:00,0.02257922668360681,0.5384615384615384
2026-03-31,26,14,2026-12-16 16:36:55.384615424,2027-01-04 00:00:00,0.022617744811843168,0.5384615384615384
2026-04-01,26,14,2026-12-06 16:36:55.384615424,2027-01-02 00:00:00,0.022606344501604567,0.5384615384615384
2026-04-02,26,14,2026-12-18 15:41:32.307692288,2027-01-22 12:00:00,0.022600497955109537,0.5384615384615384
2026-04-07,26,14,2026-12-07 05:32:18.461538560,2027-01-07 00:00:00,0.022612166225053094,0.5384615384615384
2026-04-08,26,14,2026-12-21 11:04:36.923076864,2027-01-14 12:00:00,0.02266423752099955,0.5384615384615384
2026-04-09,26,14,2026-12-22 06:27:41.538461440,2027-01-30 00:00:00,0.02268671446378887,0.5384615384615384
2026-04-10,26,14,2026-12-16 17:32:18.461538560,2027-01-25 12:00:00,0.02270544485499449,0.5384615384615384
2026-04-13,26,14,2026-12-10 09:13:50.769230848,2027-01-12 00:00:00,0.0226793916086079,0.5384615384615384
2026-04-14,26,14,2026-12-01 15:41:32.307692288,2027-01-09 00:00:00,0.02267337593803907,0.5384615384615384
2026-04-15,26,14,2026-12-11 00:55:23.076923136,2027-01-10 12:00:00,0.02263872518780474,0.5384615384615384
2026-04-16,26,14,2026-12-06 01:50:46.153846272,2027-01-02 00:00:00,0.022594563114749496,0.5384615384615384
2026-04-17,26,16,2026-12-16 02:46:09.230769152,2027-01-30 00:00:00,0.0226017664480031,0.6153846153846154
2026-04-20,26,16,2026-12-15 18:27:41.538461440,2026-12-16 00:00:00,0.022587217327267425,0.6153846153846154
2026-04-21,26,16,2026-12-24 13:50:46.153846272,2027-01-08 12:00:00,0.022558447570136086,0.6153846153846154
2026-04-22,26,17,2026-12-14 05:32:18.461538560,2027-01-14 12:00:00,0.02253075061759054,0.6538461538461539
2026-04-23,26,17,2026-12-17 10:09:13.846153728,2027-01-07 12:00:00,0.022507423843673578,0.6538461538461539
2026-04-24,26,17,2026-12-20 06:27:41.538461440,2026-12-22 00:00:00,0.022481678263822486,0.6538461538461539
2026-04-27,26,17,2026-12-28 21:13:50.769230848,2026-12-29 00:00:00,0.02246313994115281,0.6538461538461539
2026-04-28,26,16,2026-12-21 12:55:23.076923136,2026-12-23 12:00:00,0.022434855007716224,0.6153846153846154
2026-04-29,26,16,2026-12-16 07:23:04.615384576,2026-12-23 12:00:00,0.022430953759006285,0.6153846153846154
2026-04-30,26,15,2026-12-15 13:50:46.153846272,2026-12-25 00:00:00,0.022391036172985386,0.5769230769230769
2026-05-04,26,15,2026-12-25 00:55:23.076923136,2026-12-29 00:00:00,0.022374446829687526,0.5769230769230769
2026-05-05,26,15,2026-12-24 10:09:13.846153728,2027-01-07 12:00:00,0.022338642863545692,0.5769230769230769
2026-05-06,26,15,2026-12-28 07:23:04.615384576,2027-01-05 00:00:00,0.022306640353886624,0.5769230769230769
2026-05-07,26,14,2026-12-25 08:18:27.692307712,2026-12-11 12:00:00,0.022260054236856,0.5384615384615384
2026-05-08,26,14,2026-12-30 01:50:46.153846272,2026-12-19 00:00:00,0.02222170436191046,0.5384615384615384
2026-05-11,26,14,2026-12-05 08:18:27.692307712,2026-11-14 00:00:00,0.022183429749374373,0.5384615384615384
2026-05-12,26,14,2026-12-15 21:13:50.769230848,2026-12-23 00:00:00,0.02217925358714779,0.5384615384615384
2026-05-13,26,14,2026-12-17 14:46:09.230769152,2026-11-11 00:00:00,0.022152462824699903,0.5384615384615384
2026-05-15,26,14,2026-12-25 05:32:18.461538560,2026-11-17 00:00:00,0.022145463855602867,0.5384615384615384
