t1,t2,window_dt_requested,observations,window_calendar_days,tc_predicted,tc_days_after_t2,tc_search_upper_days_after_t2,tc_valid_upper_days_after_t2,positive_lppls_valid,RMSE,SSE,A,B,C1,C2,C,m,omega,phi,damping,optimizer_success
2004-12-21,2005-02-03,30,31,44.0,2005-02-04,1,14.666666666666664,8.8,False,0.00314762699993868,0.00030713422765303225,5.640428524478335,-0.07854926500146926,-0.0015109355509898312,-0.0016973820575397697,0.0022724506790033723,0.1,10.491218069428239,-2.2981462961090675,0.32947445265847664,True
2004-12-07,2005-02-03,40,41,58.0,2005-02-04,1,19.33333333333333,11.600000000000001,False,0.0035461642003192656,0.000515586501960665,5.589432800065206,-0.027570391595437397,-0.001133625569818934,-0.00028712897230204985,0.0011694229257554918,0.2300949069608309,12.30510455330518,-2.8935257675617194,0.4408522165759762,True
2004-11-23,2005-02-03,50,51,72.0,2005-02-04,1,24.0,14.4,False,0.0038697426275219626,0.0007637203081662898,5.573325457484301,-0.014318501382554347,0.000512309878192259,-0.0003192634694374061,0.00060364772360258,0.33242638306780514,11.032560534168507,-0.5572925730582774,0.7147154393115656,True
2004-11-09,2005-02-03,60,61,86.0,2005-02-04,1,28.666666666666657,17.2,False,0.0041953398070683524,0.0010736534419031115,5.570727897065315,-0.012226934787172296,0.00043382333876083867,0.00025087251645266825,0.0005011384127812352,0.3602366358786359,11.41437225791387,0.5242977900791573,0.7700089070171814,True
2004-10-26,2005-02-03,70,71,100.0,2005-02-04,1,33.333333333333314,20.0,False,0.005709289287368139,0.0023143148758468183,5.55071969994717,-0.0008726404458184768,-0.0001486389783461838,-3.443113350795886e-05,0.00015257473197892297,0.9,12.23411247094771,-2.9139646642117514,0.4207486809213687,True
2004-10-12,2005-02-03,80,81,114.0,2005-02-04,1,38.0,22.8,False,0.005900324732814365,0.0028199203881655336,5.551243256239074,-0.0008970372869547479,-0.00017129794623328473,-4.86799253413177e-05,0.00017808066013741517,0.9,12.238416143413648,-2.864709493685871,0.3704341624945478,True
2004-09-28,2005-02-03,90,91,128.0,2005-02-05,2,42.66666666666666,25.6,False,0.006738681248016595,0.004132294071575715,5.55313034178395,-0.000929468303653706,0.00011342115755020247,9.109827817668725e-05,0.00014547596113030135,0.9,13.0,0.6766805670754693,0.4423260388699449,True
2004-09-14,2005-02-03,100,101,142.0,2005-02-05,2,47.333333333333314,28.400000000000002,False,0.0068996531659326335,0.004808126594826585,5.553618792445143,-0.0009476514613202155,9.92727469332474e-05,7.532176609429903e-05,0.00012461318843219154,0.9,13.0,0.6490684833880727,0.5264823126290604,True
2004-08-31,2005-02-03,110,111,156.0,2005-02-04,1,52.0,31.200000000000003,False,0.006821911460160257,0.005165770832699509,5.552068723212132,-0.0009270276570622713,-0.00011625289902189419,2.1646463626080326e-05,0.00011825102924926253,0.9,12.1519244853965,2.957499402622031,0.5806109324670833,True
2004-08-17,2005-02-03,120,121,170.0,2005-02-04,1,56.66666666666666,34.0,False,0.006895092124932487,0.0057526177447680266,5.552744869984831,-0.000948207570517825,-8.519960768978491e-05,0.00010794163295421244,0.0001375149783671407,0.9,11.995932945294294,2.2389860280948164,0.5173231264010805,True
2004-08-03,2005-02-03,130,131,184.0,2005-02-04,1,61.333333333333314,36.800000000000004,False,0.007885523932095923,0.008145774886559138,5.552417369042282,-0.0009332283392735087,2.4071575169149535e-05,-0.0001410995338618603,0.00014313811228026683,0.9,12.559430797141008,-1.401823117020502,0.46720252930171396,True
2004-07-20,2005-02-03,140,141,198.0,2005-02-04,1,66.0,39.6,False,0.008165885600047695,0.009402117956262349,5.552020142228306,-0.0009173064229736165,0.00011491120344524207,9.106839864523739e-05,0.00014662209215886155,0.9,12.998829503006121,0.6701577991553935,0.4331649263423313,True
2004-07-06,2005-02-03,150,151,212.0,2005-02-05,2,70.66666666666663,42.400000000000006,False,0.008140232772193242,0.010005771827408822,5.553045168279766,-0.00106199808156221,0.00013322543491357634,0.00013643005757070438,0.0001906886916328739,0.869532117176196,13.0,0.7972817403813769,0.37251268723762265,True
2004-06-22,2005-02-03,160,161,226.0,2005-02-04,1,75.33333333333331,45.2,False,0.009535980247906091,0.014640522005441272,5.553729221433636,-0.0017855554447986043,-0.0004164356577727531,6.240260775602845e-05,0.00042108519627194,0.7615202251864134,12.186803807986493,2.992850055655304,0.26496895286421845,True
2004-06-08,2005-02-03,170,171,240.0,2005-02-04,1,80.0,48.0,False,0.010535132457135396,0.0189791217170853,5.554792799524344,-0.00255825164370997,0.0005321297938757043,0.0004295526444244289,0.0006838695722593741,0.6864733924892301,11.705394164779054,0.6791356761767929,0.2193853621193218,True
2004-05-24,2005-02-03,180,181,255.0,2005-02-04,1,85.0,51.0,False,0.010565571796856903,0.02020526663841138,5.556599261230931,-0.003266573662184331,0.0008410721586142344,-0.00018907366574491433,0.000862062194435081,0.639959744322887,11.514982685562613,-0.22112480072618193,0.21059265671624855,True
2004-05-10,2005-02-03,190,191,269.0,2005-02-04,1,89.66666666666663,53.800000000000004,False,0.010791750102016282,0.02224421722049437,5.561174110672344,-0.004911822213047891,0.0005403518387299712,-0.0010295086454319847,0.0011626986542686204,0.5680755870768374,11.333644229599306,-1.0874560879676543,0.21174444186512456,True
2004-04-26,2005-02-03,200,201,283.0,2005-03-10,35,94.33333333333331,56.6,False,0.014147254261799328,0.04022910543274785,5.576518403442557,-0.0036416646613318684,-0.00071631156964366,0.0001287689405787127,0.0007277937241163378,0.6270176420384607,6.0,2.963725738643641,0.5229018226319344,True
2004-12-28,2005-02-09,30,31,43.0,2005-02-23,14,14.333333333333329,8.6,False,0.0035545439628222523,0.0003916782662927198,5.917844360724624,-0.26563626622858116,-0.0005572985971114969,-0.004559314988212784,0.004593248838032203,0.1,6.0,-1.6924259363749699,0.9638648503324669,True
2004-12-13,2005-02-09,40,41,58.0,2005-02-10,1,19.33333333333333,11.600000000000001,False,0.0038733263571151645,0.0006151089398176443,5.721903258305388,-0.13390963852350382,-0.0008248578110455068,-0.001526113578464658,0.0017347659965588989,0.1,11.6562826990908,-2.0663132902474133,0.6622330709967497,True
2004-11-29,2005-02-09,50,51,72.0,2005-02-11,2,24.0,14.4,False,0.0042185099888687955,0.0009075871528354759,5.730439875082215,-0.1400978211401471,0.0011979045763117289,-0.00022239591460274793,0.0012183740463341196,0.1,12.205847339687102,-0.18356416142384507,0.942069206067256,True
2004-11-15,2005-02-09,60,61,86.0,2005-02-11,2,28.666666666666657,17.2,False,0.004277020633522794,0.001115867235474363,5.731855966783631,-0.14080961801160544,-0.00041801985709335326,0.0013977230926306957,0.0014588935686325661,0.10000311570226408,12.8189517551125,1.861401538550657,0.7529562258899152,True
2004-11-01,2005-02-09,70,71,100.0,2005-02-11,2,33.333333333333314,20.0,True,0.004972161786977073,0.0017552898913471282,5.690227903816596,-0.09790782153076152,0.0002843108774982679,0.001026233076592411,0.0010648882582487988,0.13679783104276197,8.973764628010242,1.3005315794309407,1.4015799832155806,True
2004-10-18,2005-02-09,80,81,114.0,2005-03-19,38,38.0,22.8,False,0.006683790008151,0.003618516958717791,5.621899815591926,-0.006218617348996048,-0.0005531648085583083,6.568676691826405e-05,0.0005570512155767405,0.6205072041084788,6.0,3.0233989351098782,1.1545009258113228,True
2004-10-04,2005-02-09,90,91,128.0,2005-02-10,1,42.66666666666666,25.6,False,0.00674397325184294,0.004138786945163147,5.573554055156901,-0.005409795014153993,0.0001953028841885768,0.0007283069294364285,0.0007540385932016314,0.5713823265077469,13.0,1.30880013770401,0.3153339169992449,True
2004-09-20,2005-02-09,100,101,142.0,2005-03-23,42,47.333333333333314,28.400000000000002,False,0.007821551867729612,0.0061788440355780416,5.683958717626231,-0.033061365480992234,0.0007652812299166799,-0.0008476809607742102,0.0011420238054094469,0.349932555383999,12.937560643957685,-0.836439757402432,0.783028518023027,True
2004-09-06,2005-02-09,110,111,156.0,2005-02-10,1,52.0,31.200000000000003,False,0.0073597899271695836,0.006012482362699422,5.569463847504461,-0.0032693532239356214,7.58356861811326e-05,0.0002806003739062678,0.00029066754399984277,0.6760841644419993,13.0,1.3068400848649724,0.5849553469638539,True
2004-08-23,2005-02-09,120,121,170.0,2005-02-10,1,56.66666666666666,34.0,False,0.00724222167096829,0.00634642274250457,5.5677612211171414,-0.0027351899778863785,6.939654750507665e-05,0.00026119714261737273,0.0002702588169090964,0.7099976624919543,13.0,1.3111092769995718,0.5527403787857372,True
2004-08-09,2005-02-09,130,131,184.0,2005-02-10,1,61.333333333333314,36.800000000000004,False,0.007562702848486997,0.0074924761430612465,5.560317152783549,-0.0010402307198679633,0.00013123329581266836,-6.50090293880237e-05,0.00014645255829731432,0.8957206752477905,12.594085683615361,-0.4599367023550476,0.5051712982031288,True
2004-07-26,2005-02-09,140,141,198.0,2005-02-10,1,66.0,39.6,False,0.008623072351931141,0.010484390126916134,5.5661335323309125,-0.0023165792878079424,0.00011220444333471573,0.00028460873762743276,0.00030592804813866657,0.7413214353249158,13.0,1.1952644121396117,0.43180839243595576,True
2004-07-12,2005-02-09,150,151,212.0,2005-02-10,1,70.66666666666663,42.400000000000006,False,0.008476569137765039,0.010849685876443922,5.566699567613955,-0.0025024589122461883,0.0001314609654935549,0.00032198023388486615,0.00034778334701513635,0.7262420930363718,13.0,1.1831648058963165,0.4019724025062023,True
2004-06-28,2005-02-09,160,161,226.0,2005-02-10,1,75.33333333333331,45.2,False,0.009371225663116526,0.014138999139077658,5.569127943067051,-0.0035227907074760773,0.00017496283185117228,0.0005844553498971426,0.0006100820014987928,0.6588664820352558,13.0,1.2799263546405353,0.2926528053957836,True
2004-06-14,2005-02-09,170,171,240.0,2005-02-10,1,80.0,48.0,False,0.010552060726673232,0.019040163534077337,5.572557968069031,-0.005193533166200346,0.0010150939183719686,-0.00020647323772328804,0.0010358797521969885,0.5834685762235127,12.676564265727642,-0.2006656082461478,0.23076475222391685,True
2004-05-28,2005-02-09,180,181,257.0,2005-02-10,1,85.66666666666663,51.400000000000006,False,0.011096482604074523,0.02228687863903766,5.574178391486839,-0.006324553385132041,-0.0011063601434648305,-0.0006953010802394241,0.0013067043886165037,0.5438728080344739,12.19052553248443,-2.5805104225388504,0.21593718256760985,True
2004-05-14,2005-02-09,190,191,271.0,2005-02-10,1,90.33333333333331,54.2,False,0.011075858701790972,0.023430857382569406,5.573705907707148,-0.006631312739987504,0.0011563579375183613,0.0007035225820319296,0.0013535537311427986,0.5322968981995588,11.584867165618885,0.5465695620286688,0.22510590461189867,True
2004-04-30,2005-02-09,200,201,285.0,2005-02-10,1,95.0,57.0,False,0.012932895666167272,0.033619217852705614,5.5918197103476555,-0.015514015376532244,0.00025661918629124467,0.00225180411464138,0.0022663793101527887,0.39543782106830694,10.536031136201125,1.457324272792973,0.2569169630834498,True
2005-01-04,2005-02-15,30,31,42.0,2005-02-24,9,14.0,8.4,False,0.0037353352332385003,0.00043253460844486056,5.95038992619394,-0.2874033002548427,0.0002932505408875796,-0.00439955704023233,0.0044093194520230345,0.1,6.0,-1.504240215633697,1.0863479174886408,True
2004-12-17,2005-02-15,40,41,60.0,2005-03-06,19,20.0,12.0,False,0.00340454587347936,0.00047522823678963896,6.048501219251637,-0.3451548119718097,0.0044679142538918,0.0016158889515816444,0.0047511424819692725,0.10044471603558396,6.002914875143245,0.34702891793448115,1.2155722812446355,True
2004-12-03,2005-02-15,50,51,74.0,2005-03-11,24,24.666666666666657,14.8,False,0.003956273370359453,0.0007982570480317828,6.066417698180051,-0.3533774257221873,0.0012479677672748851,0.004633642055786633,0.004798756323185376,0.1,6.0,1.307711296248834,1.2273229489858675,True
2004-11-19,2005-02-15,60,61,88.0,2005-02-18,3,29.33333333333333,17.6,True,0.004603578205199079,0.0012927688697744225,5.797689205134713,-0.18324585452844702,8.821594479010465e-05,-0.001210019890385923,0.0012132313003070652,0.1,12.899285358866349,-1.4980205396726793,1.1709137395523532,True
2004-11-05,2005-02-15,70,71,102.0,2005-02-17,2,34.0,20.400000000000002,True,0.004941332358731784,0.0017335903490409371,5.791458949193419,-0.17855197619491947,-0.0006455720395863122,-0.000639872191925718,0.000908955268588864,0.1,6.131675108915668,-2.3606286073365705,3.2036348883893444,True
2004-10-22,2005-02-15,80,81,116.0,2005-03-25,38,38.66666666666666,23.200000000000003,False,0.006551431443865584,0.003476621571057326,5.699724936925015,-0.02934995765738405,-0.0016887064724455019,-0.0003889459658552776,0.001732919073250227,0.39681851490525116,6.0,-2.91521862609232,1.1201337279117722,True
2004-10-08,2005-02-15,90,91,130.0,2005-03-29,42,43.333333333333314,26.0,False,0.006951474056109386,0.0043973922313013305,6.212482951993923,-0.43679878841168823,-0.005040736084706298,-0.001916730940432751,0.0053928543252782565,0.1,6.0,-2.7782287589371117,1.3499307357029053,True
2004-09-24,2005-02-15,100,101,144.0,2005-03-17,30,48.0,28.8,False,0.007837978039526848,0.006204823874558618,6.0510970908567465,-0.33880522737716606,-0.0028202531699638086,0.002887003237851446,0.004035915712456796,0.1,6.0,2.3444993743911136,1.3991257974468618,True
2004-09-10,2005-02-15,110,111,158.0,2005-03-15,28,52.66666666666666,31.6,True,0.007620699106909217,0.006446331091463209,6.028473520507165,-0.32503221655966863,-0.0019513424421445085,0.003503679227730608,0.00401042459813739,0.1,6.0,2.07895285998903,1.3507805661883752,True
2004-08-27,2005-02-15,120,121,172.0,2005-02-16,1,57.333333333333314,34.4,False,0.007613021475837593,0.0070129296149792925,5.588197985684342,-0.0068519558885777624,-0.00014592627696820737,0.00039175968936289125,0.0004180551787976212,0.558698882171495,13.0,1.9273639858434783,0.7043935989957321,True
2004-08-13,2005-02-15,130,131,186.0,2005-02-16,1,62.0,37.2,False,0.008106935428159955,0.008609634666762508,5.5764662650494525,-0.0027433240530346866,-0.000128465145905854,0.0002662690055974759,0.00029563909933309063,0.7271852637154379,13.0,2.0203167831266686,0.5190592775143967,True
2004-07-30,2005-02-15,140,141,200.0,2005-02-16,1,66.66666666666663,40.0,False,0.009069509135995071,0.011598095431473627,5.580843941874988,-0.004078645105577457,-8.911389218867193e-05,0.0004065403841428152,0.00041619270743250896,0.6532226395180958,13.0,1.7865839995123425,0.4924241313336089,True
2004-07-16,2005-02-15,150,151,214.0,2005-02-16,1,71.33333333333331,42.800000000000004,False,0.008976512535349217,0.012167244371889527,5.582087091040028,-0.004540044072068716,-7.065616268957405e-05,0.00046574769097669597,0.00047107664448170153,0.6331520309538674,13.0,1.7213531470460666,0.4693892594472951,True
2004-07-02,2005-02-15,160,161,228.0,2005-02-16,1,76.0,45.6,False,0.009094509737186084,0.013316327284923372,5.584040869668724,-0.005498030789601383,-8.713446949978659e-05,0.00066683824325817,0.0006725069950912418,0.5962438877238205,13.0,1.7007282466914566,0.37496518786537875,True
2004-06-18,2005-02-15,170,171,242.0,2005-02-16,1,80.66666666666663,48.400000000000006,False,0.010634642103254235,0.01933934976559661,5.587087864880927,-0.007578326083389443,-0.000336736253005523,0.001145030545686699,0.0011935184349827945,0.5331691984745006,13.0,1.856817676247585,0.26041491630824853,True
2004-06-04,2005-02-15,180,181,256.0,2005-02-16,1,85.33333333333331,51.2,False,0.011472863729962625,0.02382441499209884,5.593779405473299,-0.010971868270196274,0.0007489651791661068,-0.0016379320334888286,0.0018010469693853538,0.4678206781901229,12.398422853049912,-1.141919199225902,0.22986270651994864,True
2004-05-20,2005-02-15,190,191,271.0,2005-02-16,1,90.33333333333331,54.2,False,0.011341530105587536,0.02456838828096615,5.597715453249854,-0.01295186479998994,-0.002021382559060139,0.00031926763671443354,0.0020464406353289935,0.4403645665242056,11.977307303343892,2.9849415586199823,0.232694611089711,True
2004-05-06,2005-02-15,200,201,285.0,2005-02-16,1,95.0,57.0,False,0.011907885228804533,0.02850134385509862,5.608847804630905,-0.01928164813743056,0.002493076533093814,-0.0005702186090999657,0.0025574557399937487,0.37813469470301986,11.355646577612536,-0.2248531759833157,0.25105604684410404,True
2005-01-10,2005-02-21,30,31,42.0,2005-03-06,13,14.0,8.4,False,0.0034676537225954954,0.00037276329253474233,5.614351841614393,-0.0023851515046569446,0.0003253407562019293,5.2937331878096265e-05,0.0003296194301803443,0.891413332302608,6.005721054346804,0.16129990104948186,1.0740317867004676,True
2004-12-23,2005-02-21,40,41,60.0,2005-03-12,19,20.0,12.0,False,0.0034370240269667915,0.00048433850063982784,5.649294702483712,-0.009786178947270586,-0.0002966424304237207,-0.0007820145215423089,0.0008363871372939318,0.6054156493596189,6.844601635761057,-1.933358710486664,1.0349307089848534,True
2004-12-09,2005-02-21,50,51,74.0,2005-03-12,19,24.666666666666657,14.8,False,0.0035912995672743695,0.0006577690616771587,6.053684383606884,-0.3372807748829513,-0.0048579747945306576,0.0007682677002481819,0.004918348743586593,0.10551001278947965,6.4297585634091785,2.984745952375811,1.1253076654988228,True
2004-11-25,2005-02-21,60,61,88.0,2005-03-16,23,29.33333333333333,17.6,False,0.004194115818045876,0.00107302705720614,6.089981982625037,-0.36533207501715304,-0.0025302065891611436,0.003891628312518186,0.004641844063152877,0.1,6.0,2.147288627457732,1.311734697269605,True
2004-11-11,2005-02-21,70,71,102.0,2005-03-27,34,34.0,20.400000000000002,False,0.005182763442218651,0.0019071336197578666,6.140137854774209,-0.39136325398732624,-0.004169035882526484,-0.001981820504307393,0.004616110126620312,0.1,6.0,-2.69784522906038,1.413034074333141,True
2004-10-28,2005-02-21,80,81,116.0,2005-03-30,37,38.66666666666666,23.200000000000003,False,0.005302543883983886,0.0022774747029675677,6.015902714059548,-0.26263789926619024,-0.0033457347018828187,-0.0026651599970046944,0.004277501432497361,0.13725990722942702,6.0060294992311665,-2.4689378804709103,1.4032125892412335,True
2004-10-14,2005-02-21,90,91,130.0,2005-04-05,43,43.333333333333314,26.0,False,0.006195863614048851,0.0034933740590743986,5.674649221712283,-0.011394958838498372,-0.0004377228555962767,-0.0007389356589153438,0.0008588522610600801,0.5577651980470292,6.0,-2.105586181888959,1.2333730649335706,True
2004-09-30,2005-02-21,100,101,144.0,2005-02-23,2,48.0,28.8,False,0.007753550098140778,0.006071871451562265,5.615871168916599,-0.015865959546608032,-0.0009531464565922022,0.00031214242270086537,0.0010029561604396457,0.4245118234996302,13.0,2.825113611868621,0.5165719626077505,True
2004-09-16,2005-02-21,110,111,158.0,2005-03-15,22,52.66666666666666,31.6,True,0.007610484911223028,0.0064290623448188255,6.033227356316836,-0.3278605737322715,-0.0019152629924597308,0.003492187960409038,0.003982914646475824,0.1,6.0,2.0724426871452213,1.371945768502179,True
2004-09-02,2005-02-21,120,121,172.0,2005-03-17,24,57.333333333333314,34.4,True,0.00740694398006029,0.006638401113973916,6.053178748524847,-0.339842174588074,-0.0026806020218747457,0.0028004664931220932,0.0038766273716696747,0.1,6.0,2.3343291607946526,1.4610731700774866,True
2004-08-19,2005-02-21,130,131,186.0,2005-02-22,1,62.0,37.2,False,0.007915022140518145,0.00820683238852091,5.593477707439637,-0.005376251930539634,-0.0003409445363621623,0.00022816112221488464,0.00041024465208649015,0.6155766206632662,13.0,2.5518361501715643,0.6205480968497835,True
2004-08-05,2005-02-21,140,141,200.0,2005-02-22,1,66.66666666666663,40.0,False,0.008387519313646263,0.009919417713387259,5.5879503235023495,-0.003578161314175776,-0.00030133424226413876,0.00017680559322952728,0.00034937450301667373,0.6897336595673783,13.0,2.610978385389294,0.5433839126868429,True
2004-07-22,2005-02-21,150,151,214.0,2005-02-22,1,71.33333333333331,42.800000000000004,False,0.009173259098865315,0.012706451056732206,5.594944258476177,-0.006060472224266619,-0.0003365449170521049,0.00038990310903528583,0.0005150601087533281,0.5934792398378879,13.0,2.2828753492398928,0.5371687375139033,True
2004-07-08,2005-02-21,160,161,228.0,2005-02-22,1,76.0,45.6,False,0.009239015658837573,0.013742865065423587,5.597642839986462,-0.007332326779665383,-0.00040745361217179774,0.0005760456035842314,0.0007055827261778502,0.5582320634587444,13.0,2.186423993920864,0.44623671233901213,True
2004-06-24,2005-02-21,170,171,242.0,2005-02-22,1,80.66666666666663,48.400000000000006,False,0.01039402035442315,0.018474097710915825,5.601866409921705,-0.009810391413831455,-0.0007659768365372106,0.0009502851247555044,0.0012205582052664007,0.5036998649331889,13.0,2.2492151102791977,0.31142704333446813,True
2004-06-10,2005-02-21,180,181,256.0,2005-02-22,1,85.33333333333331,51.2,False,0.011339851965884254,0.023275195912078585,5.606210355409057,-0.012734002270312357,-0.0010151026196078899,0.001492394990927369,0.0018049033595403114,0.4557041587228968,12.955521044099104,2.1680985313202292,0.2481641696242713,True
2004-05-26,2005-02-21,190,191,271.0,2005-02-22,1,90.33333333333331,54.2,False,0.01155267353465302,0.02549167476747001,5.6096226915997836,-0.015385017825957475,0.0021055478982973715,0.0006255888692271131,0.002196518469151884,0.4219014535529811,12.583512671714125,0.28880747432139275,0.23484011009023661,True
2004-05-12,2005-02-21,200,201,285.0,2005-02-22,1,95.0,57.0,False,0.011510196874029956,0.026629411047864725,5.614947875285259,-0.01858637612297038,0.0019221777055144645,-0.001561092921523538,0.002476242767017755,0.3918681631480503,12.391473140748067,-0.6821045347317601,0.23736601723573403,True
2005-01-14,2005-02-25,30,31,42.0,2005-03-11,14,14.0,8.4,False,0.003698201786118703,0.00042397758997639854,5.600563885767386,-0.0015470760611299844,0.0003661371534000618,0.00040890427760971156,0.0005488707710813361,0.8884246595734797,6.0,0.840522695714702,0.417360088919731,True
2004-12-30,2005-02-25,40,41,57.0,2005-03-16,19,19.0,11.4,False,0.004303038175900245,0.0007591616392734514,5.9799131705841795,-0.29054950245710676,-0.003634146839901861,0.007171563794903409,0.008039797915267403,0.1,6.0,2.0398245596381797,0.6023151027742449,True
2004-12-15,2005-02-25,50,51,72.0,2005-03-20,23,24.0,14.4,False,0.004658307155603446,0.0011066911033532597,5.621796217314446,-0.002210105729883588,0.00023567174523629034,0.00015493546246343227,0.0002820393040543757,0.869095673026029,7.129931576899451,0.5815741425395897,0.9551809266372852,True
2004-12-01,2005-02-25,60,61,86.0,2005-03-25,28,28.666666666666657,17.2,False,0.0050792947903024535,0.0015737533695744123,5.876594051784313,-0.1568584451840808,0.0007014850782781842,0.0036991294223496195,0.0037650550856978943,0.18081009721394464,7.092266982272302,1.3833865115390638,1.062121438604758,True
2004-11-17,2005-02-25,70,71,100.0,2005-03-23,26,33.333333333333314,20.0,False,0.005487374195598802,0.002137900564939175,6.070839063747587,-0.33965983343813827,-0.00030843249723926797,-0.004568268978910342,0.004578669246519974,0.10620940249790413,6.345499337829208,-1.638210290063029,1.2416582619905092,True
2004-11-03,2005-02-25,80,81,114.0,2005-03-26,29,38.0,22.8,False,0.005514670063963972,0.002463338459064813,6.071662863771008,-0.3383746518492851,-0.0035442596430839968,-0.0026743985235136818,0.004440065751784095,0.10629648334693667,6.029860378462657,-2.4951719818663483,1.3434455250864556,True
2004-10-20,2005-02-25,90,91,128.0,2005-04-02,36,42.66666666666666,25.6,False,0.006400650755543809,0.003728118038594361,5.618342768694984,-0.0015003165654009312,-0.0001154003092077671,-0.00016563923989533014,0.00020187518212586456,0.9,6.0,-2.1793018584801866,1.1147852967376035,True
2004-10-06,2005-02-25,100,101,142.0,2005-03-24,27,47.333333333333314,28.400000000000002,True,0.007563248093847504,0.005777474894637879,6.095024284002987,-0.3639773166990928,0.0042261861800846415,-0.0020097667916194883,0.004679723515917891,0.1,6.630817430112404,-0.4438977543676549,1.1729704016604716,True
2004-09-22,2005-02-25,110,111,156.0,2005-03-21,24,52.0,31.200000000000003,True,0.007785179813040189,0.0067276017440719,6.06543582375924,-0.34613407047326555,-0.00018233305822383528,-0.00445430224427476,0.0044580325063274745,0.1,6.441260611056529,-1.6117076325709436,1.205397392988102,True
2004-09-08,2005-02-25,120,121,170.0,2005-03-21,24,56.66666666666666,34.0,True,0.007605614402334058,0.00699928982287594,6.061863994132655,-0.3437640662329698,0.000883973673299814,-0.0042945580273264505,0.004384590984933626,0.1,6.508269950829709,-1.3677957953132733,1.2046637245597804,True
2004-08-25,2005-02-25,130,131,184.0,2005-03-20,23,61.333333333333314,36.800000000000004,True,0.007983367778505631,0.008349175102381536,6.054941089568054,-0.33480896819989453,-0.003989894807958284,0.0009518652240136649,0.0041018664024147665,0.10353625939945943,6.0,2.90740117284234,1.4084998055357785,True
2004-08-11,2005-02-25,140,141,198.0,2005-03-02,5,66.0,39.6,False,0.00835394297714581,0.009840159220421935,5.588290495219965,-0.0022889459704744375,-0.0002238550698649187,-4.58987769229813e-05,0.0002285121222763756,0.7737672868945095,13.0,-2.9393576705133606,0.5962018374742575,True
2004-07-28,2005-02-25,150,151,212.0,2005-02-26,1,70.66666666666663,42.400000000000006,False,0.009611310528810207,0.01394897080226391,5.591616537785641,-0.00424675236057684,-0.0002983457335150572,0.00017193709022754645,0.00034434363607093566,0.655174266292442,13.0,2.618780820938246,0.6215532684184152,True
2004-07-14,2005-02-25,160,161,226.0,2005-02-26,1,75.33333333333331,45.2,False,0.009519982590702802,0.014591441032892795,5.593281548291121,-0.004886209183650227,-0.00034223914613199126,0.0002515471980551982,0.0004247394801458602,0.6288974880307586,13.0,2.5077581601452295,0.5565266068029016,True
2004-06-30,2005-02-25,170,171,240.0,2005-02-26,1,80.0,48.0,False,0.010058575505051981,0.017300914943632225,5.596408784527175,-0.0063434538483225665,-0.000553980845338656,0.00044496461417082786,0.000710554913336278,0.5794918286399039,13.0,2.464895636122739,0.3979532920693905,True
2004-06-16,2005-02-25,180,181,254.0,2005-02-26,1,84.66666666666663,50.800000000000004,False,0.01153952360786739,0.024102069522471715,5.600025671123081,-0.008529851189211516,-0.0010602077120403534,0.0006315534257128268,0.0012340583949714244,0.5227485466031104,13.0,2.604349485626622,0.2779426702403323,True
2004-06-02,2005-02-25,190,191,268.0,2005-02-26,1,89.33333333333331,53.6,False,0.011969002465455382,0.027362090823452714,5.60361435766772,-0.01064215253318098,-0.0012242385623735732,0.0010671150439950912,0.0016240365065857227,0.48262186798220374,12.941183983541828,2.424659670203232,0.2443805717463056,True
2004-05-18,2005-02-25,200,201,283.0,2005-02-26,1,94.33333333333331,56.6,False,0.011913784909100868,0.02852959244292423,5.607546757930135,-0.012880346426128418,0.0011746910528288295,0.0014717624522136152,0.0018830782738223969,0.4503415349026962,12.643070880093,0.8971828531784105,0.24364000634790872,True
2005-01-20,2005-03-03,30,31,42.0,2005-03-16,13,14.0,8.4,False,0.0030788725124661657,0.0002938631343886113,5.599038169636234,-0.0012408151840168269,-0.00010005249875654946,0.0005059560855895009,0.00051575387836882,0.899563379854287,6.006030556791202,1.7660268886887331,0.36033697385915164,True
2005-01-06,2005-03-03,40,41,56.0,2005-03-19,16,18.666666666666657,11.200000000000001,False,0.003703828766357495,0.0005624522487503886,5.644017953734015,-0.015087107065172195,-0.0021548751664715003,0.0012116490082022772,0.002472161059104592,0.44918848426984936,6.061351889308028,2.629368285774853,0.45226015513732265,True
2004-12-21,2005-03-03,50,51,72.0,2005-03-27,24,24.0,14.4,False,0.004771741214281433,0.0011612452250196743,5.624118776119112,-0.001850991804379562,-7.69322780420135e-05,-0.00020826478758392407,0.0002220198125215646,0.9,7.876545382725625,-1.9246452887293797,0.9526195588231144,True
2004-12-07,2005-03-03,60,61,86.0,2005-03-31,28,28.666666666666657,17.2,False,0.004690760255080457,0.0013421971380091911,5.629292107804223,-0.0021320626932716056,7.110433473081173e-05,-0.00022812558591276473,0.0002389500143660877,0.8636017000727809,7.837526706113835,-1.2686500804146525,0.9831671627503256,True
2004-11-23,2005-03-03,70,71,100.0,2005-04-04,32,33.333333333333314,20.0,False,0.004997999551436193,0.0017735799656471037,5.763109418492457,-0.057435463579896866,0.0014412975903111292,-0.0015629227926684062,0.0021260447783805207,0.3101593722782004,7.757996415717493,-0.8258608470629086,1.0800480020491172,True
2004-11-09,2005-03-03,80,81,114.0,2005-03-31,28,38.0,22.8,False,0.005601451606984633,0.002541477068536649,5.743931074594749,-0.05652263994497223,-0.0004414544730097468,-0.0020521009260918883,0.0020990474655441928,0.29594700967403803,6.081347942502451,-1.7826902196016758,1.3104313742898501,True
2004-10-26,2005-03-03,90,91,128.0,2005-04-02,30,42.66666666666666,25.6,False,0.006102667590439274,0.0033890722064652086,5.6182270519669935,-0.001492935830201488,-0.00010788249615522884,-0.00016741230789516875,0.00019916202904035133,0.9,6.0,-2.1432331994556084,1.1244129998537604,True
2004-10-12,2005-03-03,100,101,142.0,2005-03-31,28,47.333333333333314,28.400000000000002,True,0.006630523458649739,0.004440347974906154,5.703469906632173,-0.030666924791223314,0.0015713435280937079,-7.20281507030629e-05,0.0015729934957830194,0.3862273646531305,6.529711913061075,-0.045806512071847896,1.153167306458554,True
2004-09-28,2005-03-03,110,111,156.0,2005-04-02,30,52.0,31.200000000000003,True,0.007807745363475691,0.006766658530357253,6.139488919696286,-0.38787276520672137,-7.920581938240107e-05,-0.004339273665014486,0.0043399964863709605,0.1,7.62335411927769,-1.5890475436187834,1.1723406238591372,True
2004-09-14,2005-03-03,120,121,170.0,2005-04-03,31,56.66666666666666,34.0,True,0.0076258509237008805,0.007036585879571658,6.147353348309682,-0.3923068515525899,0.0030601261617193426,-0.0030941442689256388,0.004351792835437428,0.1,7.7799054961917875,-0.7909256684256514,1.1587329547837817,True
2004-08-31,2005-03-03,130,131,184.0,2005-04-02,30,61.333333333333314,36.800000000000004,True,0.007753627686457311,0.007875555241325854,6.146781436988601,-0.3928535025315418,-0.0040516373204912415,-0.0005415031768156122,0.0040876632282147276,0.1,7.2803169825967124,-3.008729550505192,1.3200951410112505,True
2004-08-17,2005-03-03,140,141,198.0,2005-03-04,1,66.0,39.6,False,0.00824861468141022,0.009593589826895045,5.590312429811241,-0.0025310035799906605,-0.0002025800891231261,-7.524614823275968e-05,0.00021610339037830977,0.7542864004944905,13.0,-2.785947594161315,0.6795542052091036,True
2004-08-03,2005-03-03,150,151,212.0,2005-03-04,1,70.66666666666663,42.400000000000006,False,0.009131621987064695,0.012591364537311148,5.5920118253865825,-0.0029715318409952547,-0.0002326687865149911,-4.786281588216621e-05,0.0002375407614758542,0.7244132996880542,13.0,-2.938710642952545,0.6970843082286362,True
2004-07-20,2005-03-03,160,161,226.0,2005-03-04,1,75.33333333333331,45.2,False,0.009716371365514325,0.015199667474526463,5.596453437687549,-0.004394287375751329,-0.00031702696111902967,4.5712553779444134e-05,0.0003203056846972987,0.6513231198657281,13.0,2.998388295363021,0.6873484395348859,True
2004-07-06,2005-03-03,170,171,240.0,2005-03-04,1,80.0,48.0,False,0.009991028173820221,0.01706933011888187,5.599038345037115,-0.005520609155730819,-0.0004776141765096154,0.0001439085472069976,0.0004988235876160897,0.6081026943132326,13.0,2.8489371074803667,0.517694552542343,True
2004-06-22,2005-03-03,180,181,254.0,2005-03-04,1,84.66666666666663,50.800000000000004,False,0.011328241267617016,0.023227558089338754,5.6018589843844815,-0.0072667392319635685,-0.0008879741959676901,0.0002167407336204222,0.0009140430615210558,0.5546115481036981,13.0,2.9021892265233227,0.3391708152970489,True
2004-06-08,2005-03-03,190,191,268.0,2005-03-04,1,89.33333333333331,53.6,False,0.012206012557147001,0.028456467826138983,5.604402453474165,-0.009055900073543835,-0.0013261081198221874,0.00011575158973750371,0.0013311503205818253,0.5122911656987583,13.0,3.054526632782617,0.2680884075280032,True
2004-05-24,2005-03-03,200,201,283.0,2005-03-04,1,94.33333333333331,56.6,False,0.012177740058608335,0.02980776793994186,5.60729430120837,-0.010645259103921306,-0.0015640065169614283,-4.825326087546744e-06,0.0015640139605737763,0.4839160701137097,13.0,-3.138507429375522,0.25336248125117244,True
2005-01-26,2005-03-09,30,31,42.0,2005-03-15,6,14.0,8.4,False,0.003370250500742721,0.0003521162415704534,5.593492069197188,-0.0009978766130677883,-0.00011240959377744399,0.0005335446038185212,0.0005452575180931234,0.9,6.104304614875255,1.7784440473860526,0.2698245701352881,True
2005-01-12,2005-03-09,40,41,56.0,2005-03-16,7,18.666666666666657,11.200000000000001,False,0.004199091019707912,0.0007229269810634569,5.597507608707153,-0.0012277295926052287,-0.00013993987906745593,0.0004821117637230929,0.0005020108788398968,0.9,6.0,1.853297615178307,0.3668435220295637,True
2004-12-28,2005-03-09,50,51,71.0,2005-04-01,23,23.666666666666657,14.200000000000001,False,0.005308809212079009,0.0014373562177630024,5.616584442071662,-0.0014565224026126516,0.00021057502323808735,0.00015965830981547167,0.0002642586163303936,0.9,6.750048099290262,0.6487294726718459,0.7348922274170893,True
2004-12-13,2005-03-09,60,61,86.0,2005-04-06,28,28.666666666666657,17.2,False,0.005299718391656065,0.0017133079168823108,5.62846043756741,-0.0016701029616275375,0.00015154455410180376,-9.066099747031945e-05,0.00017659322846651793,0.9,7.836053519840149,-0.5391291566945343,1.0862112979710696,True
2004-11-29,2005-03-09,70,71,100.0,2005-04-11,33,33.333333333333314,20.0,False,0.005346645706021951,0.0020296500417063303,5.631183335689109,-0.001620736160325134,0.00015573947446487763,-5.697002429255483e-05,0.00016583234779285542,0.9,7.733311707935201,-0.3506835937182662,1.1374179197036505,True
2004-11-15,2005-03-09,80,81,114.0,2005-04-05,27,38.0,22.8,False,0.005709194678759918,0.0026401872142784257,5.631647661521162,-0.003208722405302961,-9.16080621817403e-05,-0.0002985429218259953,0.00031228178497808023,0.7567764962638789,6.0,-1.8685261269367706,1.2959906811615818,True
2004-11-01,2005-03-09,90,91,128.0,2005-04-08,30,42.66666666666666,25.6,False,0.005652306975122309,0.0029073202468324834,5.638951559559334,-0.004059836085830276,0.00022374345869196678,-0.00029277246671043414,0.00036847910737402206,0.7144623483811321,6.146853290023102,-0.9182544549250755,1.280625454662149,True
2004-10-18,2005-03-09,100,101,142.0,2005-04-04,26,47.333333333333314,28.400000000000002,True,0.0063616512715148074,0.004087531296936963,5.62019280877733,-0.0014895528876264633,-2.2417858573050294e-05,-0.00018896260790245666,0.00019028774939101797,0.9,6.066400995130307,-1.6888808723189925,1.1613322684834664,True
2004-10-04,2005-03-09,110,111,156.0,2005-04-24,46,52.0,31.200000000000003,False,0.007993465150478904,0.007092398847423198,6.289862899092426,-0.47245312781492815,-0.003970963295234567,0.0005740620432526516,0.004012243352739659,0.1,9.547444761929208,2.9980223661306415,1.2333442344125438,True
2004-09-20,2005-03-09,120,121,170.0,2005-04-24,46,56.66666666666666,34.0,False,0.007854392299727819,0.007464668886160862,6.288468276835407,-0.4718684594558093,-0.0030360106547718257,0.0026957108080259834,0.004060076040716005,0.1,9.427730493044571,2.4154961930900436,1.2327630900188848,True
2004-09-06,2005-03-09,130,131,184.0,2005-04-24,46,61.333333333333314,36.800000000000004,False,0.00763812084832308,0.007642656602259988,6.29108908031915,-0.4734358484401217,-0.002628951869876786,0.0029989916786868354,0.003988149824537881,0.1,9.394278960765265,2.2905385463845116,1.263648313049593,True
2004-08-23,2005-03-09,140,141,198.0,2005-04-19,41,66.0,39.6,False,0.008334811867873942,0.009795141531072176,6.26788628871721,-0.45862806461833916,0.0015253651658996281,0.0031295971319102167,0.0034815394723312636,0.10137158037659859,7.8022072208019635,1.117279554698848,1.7115438878036768,True
2004-08-09,2005-03-09,150,151,212.0,2005-03-10,1,70.66666666666663,42.400000000000006,False,0.008453932413453808,0.010791814960937986,5.592684680448667,-0.001843557045260524,-0.00010281347909727495,-0.00013454632528573662,0.00016933199677550916,0.8165045686331768,13.0,-2.223291652094789,0.683805859156583,True
2004-07-26,2005-03-09,160,161,226.0,2005-04-16,38,75.33333333333331,45.2,True,0.010132309153222184,0.016528853893011678,5.759783165495465,-0.05024634133132024,-0.00011776484680034276,0.0012164021319269556,0.0012220894835069775,0.3257789991466703,6.564084736142806,1.6673096128935336,2.040564577411003,True
2004-07-12,2005-03-09,170,171,240.0,2005-04-20,42,80.0,48.0,True,0.01034248482204013,0.01829135568229631,5.922945306631717,-0.15695052936479884,0.001829044006139053,-0.0019552464526916592,0.0026773850427528187,0.19541356291517514,7.337529365771569,-0.8187348465667231,1.5611937456299927,True
2004-06-28,2005-03-09,180,181,254.0,2005-03-10,1,84.66666666666663,50.800000000000004,False,0.011317628680559457,0.023184058130134983,5.60844946460263,-0.007122490717767996,-0.000716406074437753,-8.58894053600717e-05,0.000721536314709397,0.565468522716241,13.0,-3.022272881520315,0.4293770029449671,True
2004-06-14,2005-03-09,190,191,268.0,2005-03-10,1,89.33333333333331,53.6,False,0.012287656647460002,0.028838422624200784,5.60753780207825,-0.007986827728356079,-0.0010424884254550306,-0.00020103893609427854,0.001061696176424135,0.5387491039596701,13.0,-2.951086035363435,0.3117577599434065,True
2004-05-28,2005-03-09,200,201,285.0,2005-03-10,1,95.0,57.0,False,0.012565315775912234,0.031735319270226166,5.6142956377805735,-0.010754740950986736,-0.0013757086615454543,-0.0005021282352271421,0.0014644818490044556,0.48875421606813996,13.0,-2.791621278880613,0.2760979137742721,True
2005-02-01,2005-03-15,30,31,42.0,2005-03-29,14,14.0,8.4,False,0.0046956250640869295,0.0006835157370169227,5.584673484861791,-0.0003017844053426741,-0.00032555310394142694,7.761544768235238e-05,0.0003346774285858392,0.9,10.86269213103812,2.907550652863637,0.07470942757373364,True
2005-01-18,2005-03-15,40,41,56.0,2005-03-16,1,18.666666666666657,11.200000000000001,False,0.005238049659061468,0.0011249237334625527,5.5873030090995135,-0.0007449731657021058,-0.0004058809698167169,0.00048405195206876713,0.0006317006046862253,0.9,6.159379628632937,2.268580179670132,0.17231967784432797,True
2005-01-04,2005-03-15,50,51,70.0,2005-04-07,23,23.33333333333333,14.0,False,0.006104984179348422,0.0019008124233348212,5.603186121365914,-0.0009663340512624937,-0.00016189471039918817,-0.00031664720181264616,0.00035563372684690027,0.9,6.0,-2.0434254809512686,0.40758256809477145,True
2004-12-17,2005-03-15,60,61,88.0,2005-04-13,29,29.33333333333333,17.6,False,0.006209255242513072,0.00235184589066724,5.612298488901007,-0.00114605976659755,8.68108721600661e-05,-0.00024537921548213674,0.0002602827057562992,0.9,6.0,-1.2307557797115731,0.6604701779556174,True
2004-12-03,2005-03-15,70,71,102.0,2005-04-18,34,34.0,20.400000000000002,False,0.006299487756297667,0.002817531765413839,5.618162878266352,-0.0012240311956614469,0.00014958966656045608,-0.00013392506108667146,0.00020078095111025128,0.9,6.0,-0.7302028131394858,0.9144526825575076,True
2004-11-19,2005-03-15,80,81,116.0,2005-04-22,38,38.66666666666666,23.200000000000003,False,0.006372662973095559,0.0032894775028617135,5.632030585886954,-0.0014535011121050688,0.00012283134387214636,-6.166392179983649e-05,0.00013744081740579768,0.9,7.439174380358792,-0.46526315181472583,1.2794325912630995,True
2004-11-05,2005-03-15,90,91,130.0,2005-04-26,42,43.333333333333314,26.0,False,0.006280987997110848,0.0035900237300064,5.630605384078113,-0.001352194068600904,-7.78597729015829e-05,-0.00011986834897075768,0.00014293552854787857,0.9,6.942356388258916,-2.146850953622796,1.2264064883472923,True
2004-10-22,2005-03-15,100,101,144.0,2005-05-01,47,48.0,28.8,False,0.006846912740221708,0.004734901621293244,5.639385152060674,-0.0014406070013134396,-0.00012801722523429879,-7.940299026311048e-05,0.00015064277221099194,0.9,8.156751111152987,-2.5864146348552994,1.0551702076343994,True
2004-10-08,2005-03-15,110,111,158.0,2005-05-06,52,52.66666666666666,31.6,False,0.007769706544986636,0.006700885717268107,5.723615537967738,-0.020147005193480214,0.0007110565751437554,0.0005078019899903852,0.0008737644500054705,0.4670524704577428,8.757987562276979,0.6201604878916521,1.2296385691205696,True
2004-09-24,2005-03-15,120,121,172.0,2005-05-11,57,57.333333333333314,34.4,False,0.008506760571076251,0.008756162025047722,6.372863403904073,-0.5172477183670025,0.0007516331017918057,0.004373076138522544,0.004437200382338442,0.1,10.225205073345146,1.4005820381461405,1.1400332420664525,True
2004-09-10,2005-03-15,130,131,186.0,2005-05-16,62,62.0,37.2,False,0.008237976641362502,0.008890217947816081,6.400339395658468,-0.5320037984584022,0.0005516832005602358,-0.004393403745082514,0.004427905918273947,0.1,10.863086040157947,-1.4458793583528284,1.1060203789723775,True
2004-08-27,2005-03-15,140,141,200.0,2005-05-19,65,66.66666666666663,40.0,False,0.00833743396023491,0.009801305510820252,6.439942956900704,-0.554897959182587,-0.0005676600658289267,-0.003897486686293375,0.003938608944814274,0.1,10.707076957271305,-1.7154270762664108,1.315828656930565,True
2004-08-13,2005-03-15,150,151,214.0,2005-03-16,1,71.33333333333331,42.800000000000004,False,0.008885544761554457,0.011921888762147769,5.589958256800862,-0.0011436414631645715,-1.91241829686286e-05,-0.0001027964206644781,0.00010456021459257783,0.9,13.0,-1.7547328959463502,0.757220884899618,True
2004-07-30,2005-03-15,160,161,228.0,2005-05-24,70,76.0,45.6,False,0.010348228537067678,0.017240819250716476,5.782646314906896,-0.035980228184149865,0.0005872734612344145,0.0004986570276663349,0.0007704212805415445,0.39120341776626544,8.416202195630902,0.7039744343921756,2.170811545078864,True
2004-07-16,2005-03-15,170,171,242.0,2005-05-28,74,80.66666666666663,48.400000000000006,False,0.010397297320934992,0.018485748360166657,5.993823445468987,-0.15629107452181046,0.0020229160600754754,-0.0005867978037852909,0.002106305070173484,0.2172380818996759,9.45351812301391,-0.2823267974024394,1.7051217819056796,True
2004-07-02,2005-03-15,180,181,256.0,2005-05-22,68,85.33333333333331,51.2,False,0.0109892889709663,0.021858369447819687,6.476878699096635,-0.5770556141773285,0.0030760485693732686,-0.0040871391152139894,0.0051153475882148546,0.1,9.442271391131188,-0.9256227235696585,1.1947197481030907,True
2004-06-18,2005-03-15,190,191,270.0,2005-04-30,46,90.0,54.0,False,0.012816796816235087,0.031375623600072886,6.292999476521553,-0.4732657881205113,-0.006414542382339995,-0.0036195905201622386,0.007365309871857695,0.1,8.163282571459508,-2.627852937154776,0.7871350620164718,True
2004-06-04,2005-03-15,200,201,284.0,2005-04-22,38,94.66666666666663,56.800000000000004,False,0.013352348317825957,0.03583532632571048,6.2206097904508155,-0.4312907027173401,0.007192265362142205,0.005022190895953391,0.008772176607596752,0.1,7.65366647853202,0.609568410719921,0.6423817532990794,True
2005-02-07,2005-03-21,30,31,42.0,2005-03-26,5,14.0,8.4,False,0.0051748750478425,0.0008301592845842703,5.5322577173108725,0.03307086698498114,-0.0023350687810327307,-0.003631753676201381,0.00431765920108986,0.1,11.505885235862388,-2.1422058889601,0.06656978935818522,True
2005-01-24,2005-03-21,40,41,56.0,2005-03-22,1,18.666666666666657,11.200000000000001,False,0.0074592118136777,0.0022812334761336673,5.579835624070922,-0.0003320715927824698,-0.0005901716314109593,8.161233057463695e-05,0.0005957878204731086,0.9,7.847595250651823,3.0041783964706066,0.06392136172254381,True
2005-01-10,2005-03-21,50,51,70.0,2005-04-13,23,23.33333333333333,14.0,False,0.0069807444615944065,0.00248527045514213,5.592517267946229,-0.0006263071926273934,-1.0860973331368426e-05,-0.00041033742610727293,0.00041048113721101287,0.9,6.0,-1.5972585439698601,0.22886819972391292,True
2004-12-23,2005-03-21,60,61,88.0,2005-04-19,29,29.33333333333333,17.6,False,0.0064249469592390215,0.0025180765491711193,5.598742000137704,-0.0007566591931639299,0.00022732826878565313,-0.0002707754195288502,0.0003535498120634587,0.9,6.0,-0.8724030719411687,0.3210265572258812,True
2004-12-09,2005-03-21,70,71,102.0,2005-04-24,34,34.0,20.400000000000002,False,0.006881090244533227,0.003361807609692135,5.697065403147394,-0.034801229474076815,0.003794038763089722,-0.0006098558983587402,0.003842740474269676,0.31796446243659465,6.0,-0.1593772491419111,0.4799332792118212,True
2004-11-25,2005-03-21,80,81,116.0,2005-04-28,38,38.66666666666666,23.200000000000003,False,0.00693139904600472,0.003891587711531367,6.066814045703525,-0.32851031839617656,0.008659125268137391,0.0035632074135226663,0.009363594260810232,0.1,6.0,0.39037845584266795,0.5847297331309016,True
2004-11-11,2005-03-21,90,91,130.0,2005-05-03,43,43.333333333333314,26.0,False,0.006878168600933674,0.00430513750056116,6.107675171341203,-0.3532413739374511,0.005900753475203088,0.006392062136087742,0.008699272953915626,0.1,6.0,0.8253440412116526,0.6767641690839113,True
2004-10-28,2005-03-21,100,101,144.0,2005-05-08,48,48.0,28.8,False,0.007627275436074112,0.005875708388351693,5.635888835111679,-0.0013332529924457942,-0.00010961454417153331,-7.293595404476599e-05,0.00013166245359385204,0.9,8.061150565258993,-2.5544773732119768,1.1305664657406556,True
2004-10-14,2005-03-21,110,111,158.0,2005-05-12,52,52.66666666666666,31.6,False,0.007968343239669825,0.00704788883235629,5.640605531008032,-0.0013534264775343539,0.00010279630127570945,7.971732330717599e-05,0.00013008432338766746,0.9,8.677708031947004,0.6596150304342938,1.0790639451417436,True
2004-09-30,2005-03-21,120,121,172.0,2005-05-16,56,57.333333333333314,34.4,False,0.009799401742917917,0.011619421216811428,5.637892204583559,-0.0012689438767052718,-6.099838420803278e-05,5.331038277108787e-05,8.101110903567909e-05,0.9,7.605063682180846,2.423349800810117,1.8536916392247749,True
2004-09-16,2005-03-21,130,131,186.0,2005-05-22,62,62.0,37.2,False,0.00945388334077617,0.011708244238951681,6.025445203651555,-0.21044708679500068,0.0010419854188934716,-0.0032036837574802753,0.003368875662758948,0.1725286076690572,10.828705828627976,-1.256341919384756,0.9952736296858256,True
2004-09-02,2005-03-21,140,141,200.0,2005-05-26,66,66.66666666666663,40.0,False,0.009135304111070927,0.011766983149446662,6.084387030807207,-0.2479442535704209,0.003324426126026188,0.0009446015958249794,0.0034560210129917592,0.16114556991697426,11.040558063226037,0.27684334801970445,1.0471406462975588,True
2004-08-19,2005-03-21,150,151,214.0,2005-05-19,59,71.33333333333331,42.800000000000004,False,0.00956581874355793,0.013817238123425236,5.637198785378593,-0.0012234531608794094,6.639990897524988e-06,-7.099181439194403e-05,7.130166330303556e-05,0.9,6.682685089098304,-1.4775358669373522,2.3108896077710095,True
2004-08-05,2005-03-21,160,161,228.0,2005-05-21,61,76.0,45.6,False,0.009896869677464091,0.01576963273544602,5.640152197023993,-0.0012385057812827958,7.152265378625278e-05,2.864404220893641e-05,7.704525396606536e-05,0.9,7.042802815413512,0.38092793144185566,2.0542302838402486,True
2004-07-22,2005-03-21,170,171,242.0,2005-06-09,80,80.66666666666663,48.400000000000006,False,0.010846071079118861,0.020115971092914058,5.807990131505635,-0.04166703908365401,-0.0007477725174251369,0.0005415815700007976,0.000923295367030971,0.3733198123718008,9.852297618631765,2.5147698136392784,1.7099975966047687,True
2004-07-08,2005-03-21,180,181,256.0,2005-06-14,85,85.33333333333331,51.2,False,0.01113862098868255,0.022456466832843015,6.079496803394812,-0.2054661555879249,0.002722366292475969,0.0013407522208530517,0.0030346160791987747,0.1926474702090473,10.642471435538889,0.457625731712215,1.225624284764815,True
2004-06-24,2005-03-21,190,191,270.0,2005-06-11,82,90.0,54.0,False,0.012580751644357983,0.03023058457997007,6.532552652971489,-0.6030059224443551,0.006771355012691285,0.00022762516532288946,0.006775179844386987,0.1,10.615961998092983,0.033603242188872874,0.838380936410134,True
2004-06-10,2005-03-21,200,201,284.0,2005-05-21,61,94.66666666666663,56.800000000000004,False,0.013483746639385114,0.036544096110461,6.371433751617728,-0.5133420635350129,-0.002552096106628446,-0.008099720706261665,0.008492271195440713,0.1,9.293611681074788,-1.8760339834533497,0.6504268714350449,True
2005-02-11,2005-03-29,30,31,46.0,2005-04-13,15,15.333333333333329,9.200000000000001,False,0.004818376750937192,0.0007197193899331334,5.55285815985589,0.000964452749759181,0.0001388431452535835,-0.00019538179500724835,0.00023969035192131138,0.8902121024893291,8.461671593346686,-0.952975172376189,0.42331897020699716,True
2005-01-28,2005-03-29,40,41,60.0,2005-04-07,9,20.0,12.0,False,0.007499553814164714,0.0023059756038736525,5.5755664985383735,-4.9016478813607896e-05,0.00023508318070756496,0.0002608668788091405,0.00035116325307641235,0.9,12.924815249135834,0.8373398978113662,0.009719663098064144,True
2005-01-14,2005-03-29,50,51,74.0,2005-04-22,24,24.666666666666657,14.8,False,0.0062337418295415675,0.001981836397066189,5.585487655184859,-0.00040041821617316166,0.00026757317319996,-0.00030692400729517724,0.0004071826976560102,0.9,6.0,-0.8537874733183601,0.14750806645697778,True
2004-12-30,2005-03-29,60,61,89.0,2005-04-27,29,29.666666666666657,17.8,False,0.0058085123671793625,0.0020580677711002117,5.588458022249971,-0.0004640466914730794,0.00036043388176731537,-0.00013517565426226494,0.00038494810121766606,0.9,6.0,-0.3588021658189447,0.18082178740661758,True
2004-12-15,2005-03-29,70,71,104.0,2005-05-02,34,34.66666666666666,20.8,False,0.005913619290940091,0.0024829334113906933,5.644192879077269,-0.013542565399027609,0.002804257949569571,0.0009266544948582643,0.00295339655321888,0.4121692603445172,6.0,0.3191492806030158,0.31499490293646687,True
2004-12-01,2005-03-29,80,81,118.0,2005-05-07,39,39.333333333333314,23.6,False,0.006075001775686472,0.0029893573725420963,5.992513380792168,-0.2779479058864363,0.007408131072704341,0.008600681281790867,0.011351304969091236,0.1,6.0,0.8597541852271163,0.4080997833043102,True
2004-11-17,2005-03-29,90,91,132.0,2005-05-12,44,44.0,26.400000000000002,False,0.0066410621028994195,0.0040134372327655845,6.054918722393068,-0.31692539107460854,0.0025319923428036234,0.010187026406352925,0.010496975384735737,0.1,6.0,1.3271821938160049,0.5032011277195592,True
2004-11-03,2005-03-29,100,101,146.0,2005-05-16,48,48.66666666666666,29.200000000000003,False,0.007253458868676051,0.005313879221517101,6.110737109278451,-0.3511553924797117,-0.0016251445654635113,0.009215544965188976,0.009357743524166256,0.1,6.0,1.7453498102005807,0.6254274718630214,True
2004-10-20,2005-03-29,110,111,160.0,2005-05-21,53,53.333333333333314,32.0,False,0.00892941158638814,0.008850517431982625,5.6420377487965405,-0.0013042509047612103,-8.3608584162962e-05,-9.626423664689114e-05,0.00012750371995727717,0.9,9.262120748766677,-2.285951354883871,0.9939633290170491,True
2004-10-06,2005-03-29,120,121,174.0,2005-05-26,58,58.0,34.800000000000004,False,0.00991541376373078,0.011896167042823796,5.641283193312021,-0.0012426768850130711,-8.382085994893402e-05,2.7242820264444788e-05,8.813686980225504e-05,0.9,8.90224435149114,2.827349524038222,1.4254224561455597,True
2004-09-22,2005-03-29,130,131,188.0,2005-05-29,61,62.66666666666666,37.6,False,0.01014545175136337,0.013483855052340715,5.642392680961512,-0.001219899125062455,6.983610823724652e-05,-6.863137151955691e-06,7.017253497837289e-05,0.9,8.188705152872787,-0.0979603510567947,1.9106627187585334,True
2004-09-08,2005-03-29,140,141,202.0,2005-06-04,67,67.33333333333331,40.400000000000006,False,0.009955609228114079,0.013975095869510335,5.716027415101875,-0.015357517227633876,-0.0002589805208961847,-0.000505674786256199,0.0005681354588994704,0.492327581231671,11.73739006520892,-2.0441153373695373,1.1338399226253033,True
2004-08-25,2005-03-29,150,151,216.0,2005-06-07,70,72.0,43.2,False,0.009826666293447556,0.014581068936859527,5.645715550689159,-0.0011795357281616308,-5.6771089694441655e-05,-4.04152144612571e-06,5.691476540137747e-05,0.9,7.382377402582984,-3.070522771062275,2.526576288959339,True
2004-08-11,2005-03-29,160,161,230.0,2005-06-13,76,76.66666666666663,46.0,False,0.010087643115465823,0.016383447523625805,5.652900788876902,-0.0012206168370342628,-3.0173465771224036e-05,6.594461803539903e-05,7.251986406828065e-05,0.9,8.367605010942722,1.9999174102345902,1.810354863161209,True
2004-07-28,2005-03-29,170,171,244.0,2005-06-18,81,81.33333333333331,48.800000000000004,False,0.011309259217702079,0.021870787833093683,5.727987715142373,-0.012863196479815478,-0.00010768373700822758,-0.0003627864602057155,0.0003784307108634952,0.5318159828099183,10.117136559948024,-1.8593368409933941,1.7867603351757257,True
2004-07-14,2005-03-29,180,181,258.0,2005-06-22,85,86.0,51.6,False,0.01125512295549351,0.02292868048653313,5.796368581265711,-0.033469457994738466,-0.0005420754323486182,0.00071602922231696,0.0008980777369291435,0.4017944250385432,10.88169004175508,2.2187990794626162,1.3760756322113328,True
2004-06-30,2005-03-29,190,191,272.0,2005-06-27,90,90.66666666666663,54.400000000000006,False,0.011946083536024854,0.02725740216328966,6.1981022394232355,-0.2884285007712772,0.0016029987428709536,-0.004135815720840392,0.00443560330128793,0.1622236874891261,11.38289606890775,-1.2010342257697981,0.9267166651749634,True
2004-06-16,2005-03-29,200,201,286.0,2005-06-23,86,95.33333333333331,57.2,False,0.013487208787338516,0.03656286497552552,6.544454848609605,-0.6057820790799776,-0.0067404352021898616,-0.004556103748139459,0.008135818832713195,0.1,11.179144321949032,-2.547200147535447,0.6660496267959735,True
2005-02-17,2005-04-04,30,31,46.0,2005-04-19,15,15.333333333333329,9.200000000000001,False,0.005036924288529396,0.0007864887949396982,5.529053594080117,0.018776141659784362,0.001205642739629182,0.0022995637856882815,0.0025964529689693166,0.23764137528618967,6.868518487347316,1.087904562441442,0.2501986018017268,True
2005-02-03,2005-04-04,40,41,60.0,2005-04-23,19,20.0,12.0,False,0.005432320496093036,0.001209914344863172,5.56576070360286,0.00024748810636217766,9.349858916087332e-05,-0.0002252096695120078,0.0002438470451262052,0.8865676541518388,6.009849789225268,-1.1772876247244526,0.14972182091795158,True
2005-01-20,2005-04-04,50,51,74.0,2005-04-28,24,24.666666666666657,14.8,False,0.006292601338307602,0.0020194384117464014,5.58167847464205,-0.0003095812318782628,0.0003734701523296108,-0.00014825353335504388,0.0004018196919432369,0.9,6.0,-0.3778848440270077,0.1155672201060255,True
2005-01-06,2005-04-04,60,61,88.0,2005-05-03,29,29.33333333333333,17.6,False,0.005821014194971202,0.0020669365817414295,5.584469937709101,-0.00036428357151029793,0.0003778104246297273,1.1756988559920921e-05,0.0003779933117647625,0.9,6.0,0.03110871202263473,0.14455953062087645,True
2004-12-21,2005-04-04,70,71,104.0,2005-05-08,34,34.66666666666666,20.8,False,0.005699754668487972,0.0023065914329474806,5.590154907892572,-0.00048098788741485774,0.0002912763165967131,0.00018123313712348183,0.000343055888452257,0.9,6.0,0.5565858049388555,0.21031028920020856,True
2004-12-07,2005-04-04,80,81,118.0,2005-05-13,39,39.333333333333314,23.6,False,0.005996644770585921,0.0029127396288722335,5.679854055990378,-0.030067686446271554,0.0019417315496639749,0.0042348257357737885,0.0046587627567126096,0.30764043928976753,6.0,1.140883845506197,0.3309189138049579,True
2004-11-23,2005-04-04,90,91,132.0,2005-05-18,44,44.0,26.400000000000002,False,0.006404482380092888,0.003732582904679744,6.011660411996148,-0.2879094561833666,-0.0005391025988823461,0.011480822485183867,0.011493472780166365,0.1,6.0,1.617718652547981,0.41749704620782047,True
2004-11-09,2005-04-04,100,101,146.0,2005-05-22,48,48.66666666666666,29.200000000000003,False,0.006554235820357263,0.0043387587260742795,6.054488111008354,-0.3139851600508414,-0.004395024852805671,0.009935041931973962,0.010863760934725157,0.1,6.0,1.9872921359358147,0.48170113759777333,True
2004-10-26,2005-04-04,110,111,160.0,2005-05-27,53,53.333333333333314,32.0,False,0.009863248715615065,0.010798487950095128,5.638486356620575,-0.0012150689568605551,-2.0722192806325765e-05,-0.00010289520679754869,0.00010496110163585769,0.9,9.282844100326495,-1.7695292543181431,1.1223646968512702,True
2004-10-12,2005-04-04,120,121,174.0,2005-06-01,58,58.0,34.800000000000004,False,0.00981622291465291,0.01165934610952898,5.641771506506752,-0.0012165048169466928,8.412206466119754e-05,5.4868315733000905e-05,0.00010043432597592805,0.9,9.694824194025223,0.5779528073305575,1.1244346886263201,True
2004-09-28,2005-04-04,130,131,188.0,2005-06-05,62,62.66666666666666,37.6,False,0.010456726758267379,0.014323950619115516,5.630802550466351,-0.0010175056388194445,-8.737981858052688e-05,5.004009001564761e-06,8.752298441697204e-05,0.9,6.0,3.0843878032355527,1.7438373113031116,True
2004-09-14,2005-04-04,140,141,202.0,2005-06-10,67,67.33333333333331,40.400000000000006,False,0.010191881527102742,0.014646297317812232,5.6338427897463985,-0.0010245554152896565,-7.80389210846942e-05,-1.6812000064350924e-05,7.98292963154935e-05,0.9,6.0,-2.929404606402831,1.9251492796087841,True
2004-08-31,2005-04-04,150,151,216.0,2005-06-15,72,72.0,43.2,False,0.010096759816803379,0.015393628378530522,5.638098551645827,-0.0010454628520952744,-5.936469278148055e-05,-2.7572812120730053e-05,6.545553236575688e-05,0.9,6.0,-2.7067750937510446,2.395816245722438,True
2004-08-17,2005-04-04,160,161,230.0,2005-06-19,76,76.66666666666663,46.0,False,0.010323806067814781,0.017159536447861737,5.65209626867204,-0.0011799798282113455,-6.373890398659964e-05,4.624192251707882e-06,6.390642405418819e-05,0.9,8.515900045529127,3.0691705602135277,1.9513807676069137,True
2004-08-03,2005-04-04,170,171,244.0,2005-06-24,81,81.33333333333331,48.800000000000004,False,0.010948247350516294,0.02049676452822289,5.654410463594032,-0.0011727985347091368,1.8709752042702634e-06,-5.7623579377463486e-05,5.765394564542681e-05,0.9,8.794173662316801,-1.5383388126956334,2.081813652168901,True
2004-07-20,2005-04-04,180,181,258.0,2005-06-29,86,86.0,51.6,False,0.011566700966424618,0.024215731395650565,5.697309375964404,-0.006034459685417134,-0.00020484227252201667,4.91550262085004e-05,0.0002106574784182667,0.6384761752434639,10.952192481804534,2.906080534823824,1.6699564182264115,True
2004-07-06,2005-04-04,190,191,272.0,2005-07-03,90,90.66666666666663,54.400000000000006,False,0.011856074496342378,0.026848201970398656,5.7774057618830845,-0.0254607160952728,0.0008481221069401531,-0.0001972900679816723,0.00087076660432335,0.4356464886433377,11.515585809116764,-0.2285552170179501,1.1061576614998583,True
2004-06-22,2005-04-04,200,201,286.0,2005-07-08,95,95.33333333333331,57.2,False,0.013167751614918188,0.034851326201028286,6.209419556319951,-0.2963738820240611,-0.0006452316494989785,0.005446226913567503,0.005484315041605668,0.15856126639598028,11.820345563172017,1.6887198050107632,0.7249106277178629,True
2005-02-23,2005-04-08,30,31,44.0,2005-04-13,5,14.666666666666664,8.8,False,0.0052185391853250725,0.0008442276880919713,5.576515162809939,-0.00019619160784265595,0.0001169596881272516,0.0004917489842848757,0.0005054667468706828,0.8856163058865176,7.174411660976449,1.3372906443693477,0.04791231419754173,True
2005-02-09,2005-04-08,40,41,58.0,2005-04-27,19,19.33333333333333,11.600000000000001,False,0.005430274150108908,0.0012090029711589818,5.553993071659757,0.01360700441755699,0.00426470857329888,-0.0035803137336816605,0.005568337781309471,0.1,6.0,-0.6983791014650541,0.040727307836909275,True
2005-01-26,2005-04-08,50,51,72.0,2005-05-02,24,24.0,14.4,False,0.005824712257409118,0.001730290916962213,5.5832541743908,-0.0003305699804191163,0.0003654033986149476,-2.43346485419675e-05,0.00036621280540010526,0.9,6.0,-0.06649847374668598,0.13540077335278564,True
2005-01-12,2005-04-08,60,61,86.0,2005-05-06,28,28.666666666666657,17.2,False,0.0053946048539182416,0.0017752074533250136,5.590526182307752,-0.0005054588213363626,0.000344050625506193,0.00015613490637013882,0.0003778213094816314,0.9,6.0,0.4260209177159817,0.20067376110806817,True
2004-12-28,2005-04-08,70,71,101.0,2005-05-11,33,33.66666666666666,20.200000000000003,False,0.005525312418857454,0.002167564490144609,5.591145321651003,-0.00047097642266718707,-0.0003336049811071846,-1.1519614925750886e-05,0.00033380381206265836,0.9,6.545691211680804,-3.1070756640221293,0.19399693574116833,True
2004-12-13,2005-04-08,80,81,116.0,2005-05-16,38,38.66666666666666,23.200000000000003,False,0.00552237159810819,0.002470223633474952,5.666794427960153,-0.023383097221349423,-0.00246060209293921,0.0032828059147057536,0.004102606163575039,0.33400591614562686,6.205284157344576,2.2140044816848925,0.30678540365916157,True
2004-11-29,2005-04-08,90,91,130.0,2005-05-20,42,43.333333333333314,26.0,False,0.005903320302156874,0.003171276343677035,5.9947361862379624,-0.2763128457852774,-0.0015561604557679173,0.01149013194935642,0.011595032021418353,0.1,6.0,1.7054117685209125,0.39717131336201006,True
2004-11-15,2005-04-08,100,101,144.0,2005-05-24,46,48.0,28.8,False,0.006155732527130374,0.003827197337502661,6.043450629639113,-0.306388604279251,-0.005022153772080432,0.009843774536777122,0.011050878953337756,0.1,6.0,2.042559314855128,0.46208783568705913,True
2004-11-01,2005-04-08,110,111,158.0,2005-05-30,52,52.66666666666666,31.6,False,0.007227798329533904,0.005798758624857854,6.113131014520186,-0.3487351650359431,-0.008175028664221332,0.005598068260717279,0.009908050358798676,0.1,6.0,2.54115697702332,0.5866192177190116,True
2004-10-18,2005-04-08,120,121,172.0,2005-06-04,57,57.333333333333314,34.4,False,0.00998777301834201,0.0120704287937764,5.641123579782609,-0.001190780960398795,-7.655143795182227e-05,6.518325838292049e-05,0.00010054342258898028,0.9,10.043231600055664,2.4362306102715476,1.0613222004179144,True
2004-10-04,2005-04-08,130,131,186.0,2005-06-09,62,62.0,37.2,False,0.010192384277930304,0.013608895342239111,5.62884948708264,-0.0009693110438747369,-0.00010425896967749634,-7.0347482208828215e-06,0.00010449603074157561,0.9,6.0,-3.0742209772659908,1.3914084157013045,True
2004-09-20,2005-04-08,140,141,200.0,2005-06-13,66,66.66666666666663,40.0,False,0.010142453961849528,0.014504581503921445,5.633474744776366,-0.000999442551484851,-8.067978832220204e-05,-3.1965702629732266e-05,8.678153253041687e-05,0.9,6.0,-2.764362455797213,1.7275148104832334,True
2004-09-06,2005-04-08,150,151,214.0,2005-06-18,71,71.33333333333331,42.800000000000004,False,0.009836215672246275,0.014609421951392431,5.6362763514426195,-0.0010037668259532183,-6.616262875185113e-05,-4.587086050567772e-05,8.050856654348419e-05,0.9,6.0,-2.5353743371428834,1.8701739498946333,True
2004-08-23,2005-04-08,160,161,228.0,2005-06-23,76,76.0,45.6,False,0.010145733674211614,0.016572681797873072,5.651413413719627,-0.001153562823310344,-3.6060157263280364e-05,4.168552642599385e-05,5.5118218905047575e-05,0.9,8.307768899190993,2.283964334015914,2.2672748905243587,True
2004-08-09,2005-04-08,170,171,242.0,2005-06-27,80,80.66666666666663,48.400000000000006,False,0.010339944963778908,0.01828237297703003,5.657213180802995,-0.001185579638242712,7.048623665115587e-05,-4.6406363097133444e-06,7.063883537121615e-05,0.9,9.058478024535207,-0.06574260243899174,1.6675331483676052,True
2004-07-26,2005-04-08,180,181,256.0,2005-07-02,85,85.33333333333331,51.2,False,0.011509906257248462,0.02397850751116716,5.668429938968949,-0.0023375428036768345,-5.233647460881287e-05,6.169700493642024e-05,8.090504924047434e-05,0.780904106827287,10.773718903765925,2.2742923071290013,2.0941896661400334,True
2004-07-12,2005-04-08,190,191,270.0,2005-07-07,90,90.0,54.0,False,0.01165190843540015,0.025931491305707297,5.704223156496661,-0.0066326092475133425,0.0002371112106513292,0.00010938167236008642,0.0002611246377974095,0.6231605065839693,11.607785985168828,0.4322190692105852,1.3636003086705226,True
2004-06-28,2005-04-08,200,201,284.0,2005-07-11,94,94.66666666666663,56.800000000000004,False,0.012745116572061543,0.03265003728352299,5.845144436772645,-0.051954370565138956,-0.0013289228444039484,0.0011994588824391784,0.0017901780741146742,0.3429806683761176,11.928407946665489,2.4073540884478857,0.8344743904215964,True
2005-03-01,2005-04-14,30,31,44.0,2005-04-28,14,14.666666666666664,8.8,False,0.004331476608215123,0.0005816123778329583,5.58595828379254,-0.000486088234521626,0.0002830834979549548,-0.000324807867889629,0.0004308554489123,0.9,6.0,-0.8539285514063317,0.16922899631956445,True
2005-02-15,2005-04-14,40,41,58.0,2005-05-03,19,19.33333333333333,11.600000000000001,False,0.005147548893186952,0.001086387643917759,5.614562255782959,-0.027671166412342414,0.006383964226177836,0.00013384457222650635,0.006385367147677012,0.1,6.0,0.02096267485802176,0.0722254642851903,True
2005-02-01,2005-04-14,50,51,72.0,2005-05-07,23,24.0,14.4,False,0.005131411088764316,0.0013429003678565624,5.586016922930747,-0.0003653042531654717,0.00025973888515516273,0.0001691168680733398,0.0003099432262989179,0.8976970816684596,6.016186062287611,0.5771504976171917,0.17586569527758641,True
2005-01-18,2005-04-14,60,61,86.0,2005-05-06,22,28.666666666666657,17.2,False,0.005425852173752279,0.0017958321804961521,5.5890825397053705,-0.000476405882020026,0.0003424881610197617,0.00015866438906730266,0.00037745533351219004,0.9,6.0,0.4338340546961753,0.18932275148443772,True
2005-01-04,2005-04-14,70,71,100.0,2005-05-07,23,33.333333333333314,20.0,False,0.0054427245432482315,0.0021032507822110434,5.586487358494338,-0.00038683035759295287,-0.0002344661820510728,0.00026715117052696243,0.0003554492065535285,0.9,6.428974972293889,2.2911272658181123,0.15235046161967192,True
2004-12-17,2005-04-14,80,81,118.0,2005-05-10,26,39.333333333333314,23.6,False,0.005615406190444494,0.00255415572137827,5.5917186309115525,-0.0005112316461369069,0.000228453277470275,0.00023843099361428312,0.0003302124145195101,0.9,6.018673163632588,0.8067657660181526,0.23150804209519496,True
2004-12-03,2005-04-14,90,91,132.0,2005-05-17,33,44.0,26.400000000000002,False,0.0059645788973356085,0.003237434329451255,5.605265864900222,-0.0013330606815091823,0.000132422808762627,0.0005036103342745062,0.0005207294586142243,0.7705057704515759,6.0,1.3136698908766307,0.3287474684065813,True
2004-11-19,2005-04-14,100,101,146.0,2005-05-29,45,48.66666666666666,29.200000000000003,False,0.0064241820994153775,0.004168281680291346,5.833468767927954,-0.1219162623292977,-0.005971673987952748,0.004610833974279065,0.0075445795215344875,0.17522900910931674,6.040551062233706,2.4840859609420347,0.46876593535099664,True
2004-11-05,2005-04-14,110,111,160.0,2005-06-02,49,53.333333333333314,32.0,False,0.006612744770884624,0.004853851667939675,6.083793634031673,-0.3295255635182595,-0.008926710051025119,0.005190880851675038,0.010326247931914062,0.1,6.008146691591211,2.614887259608094,0.5311363632303637,True
2004-10-22,2005-04-14,120,121,174.0,2005-06-11,58,58.0,34.800000000000004,False,0.009891481075628537,0.011838809142211614,5.866376366473446,-0.11511411346546864,-0.0049690972910193774,-0.0009564947857856126,0.005060317199825637,0.2079903735540261,6.0,-2.9514298758295214,0.7885746589775162,True
2004-10-08,2005-04-14,130,131,188.0,2005-06-15,62,62.66666666666666,37.6,False,0.010003416211338963,0.013108952002543573,5.631047445192285,-0.0009572227229105288,-9.370212480316943e-05,-4.1557628065247226e-05,0.000102504266462612,0.9,6.0,-2.7241506990781477,1.4007554357647227,True
2004-09-24,2005-04-14,140,141,202.0,2005-06-20,67,67.33333333333331,40.400000000000006,False,0.010028151951834458,0.014179500251240457,5.633867845970682,-0.0009633698056898205,-7.597891710984798e-05,-5.774670956705397e-05,9.543310909221617e-05,0.9,6.0,-2.4916994074375114,1.5142068850951793,True
2004-09-10,2005-04-14,150,151,216.0,2005-06-25,72,72.0,43.2,False,0.009736281390240183,0.014314071471800537,5.636561798413015,-0.0009677772353871238,-5.784661188140811e-05,-6.879259149207323e-05,8.988131702614027e-05,0.9,6.0,-2.2699744091539498,1.6150918801718228,True
2004-08-27,2005-04-14,160,161,230.0,2005-06-29,76,76.66666666666663,46.0,False,0.009763251831615135,0.015346694898733342,5.641348754039221,-0.0009963139146846709,-3.156537275969903e-05,-6.596365897951266e-05,7.312712946249286e-05,0.9,6.0,-2.0171182071662175,2.0436613374705557,True
2004-08-13,2005-04-14,170,171,244.0,2005-07-04,81,81.33333333333331,48.800000000000004,False,0.01041029170165206,0.01853198363660606,5.6587256678652,-0.001163228347460689,5.895627255764619e-06,6.300992189079311e-05,6.32851378873647e-05,0.9,9.291474589028073,1.4775013021197556,1.7804144586219257,True
2004-07-30,2005-04-14,180,181,258.0,2005-07-09,86,86.0,51.6,False,0.01129637635502802,0.023097069494552938,5.65899420190358,-0.0011358132221590612,-3.932718095442188e-05,2.40608564734079e-05,4.6103708918651845e-05,0.9,9.449952739561205,2.592532818205376,2.3463020947224824,True
2004-07-16,2005-04-14,190,191,272.0,2005-07-13,90,90.66666666666663,54.400000000000006,False,0.011498034546984748,0.025251116502738057,5.666435592148676,-0.0017838390882443642,-5.5072934127401845e-05,4.013779634431097e-05,6.814741938458511e-05,0.8202464172960061,11.9215133187244,2.5117905609593514,1.8010228191018665,True
2004-07-02,2005-04-14,200,201,286.0,2005-07-18,95,95.33333333333331,57.2,False,0.012032408495714646,0.02910054969575694,5.717615126733023,-0.008112139925906765,1.9916961637355714e-05,-0.00036173486752639756,0.00036228276214195497,0.5926151885019212,12.302333617353638,-1.5157923072786927,1.0786313552906481,True
2005-03-07,2005-04-20,30,31,44.0,2005-05-04,14,14.666666666666664,8.8,False,0.004625695425624135,0.0006633088032898415,5.486367344086966,0.06190609807013175,0.008320106123818642,0.0046750568524456595,0.009543601127729699,0.1,6.0,0.5119325724994194,0.10811100415449855,True
2005-02-21,2005-04-20,40,41,58.0,2005-05-09,19,19.33333333333333,11.600000000000001,False,0.005841183805616903,0.0013988965582910479,5.582801712504241,-0.007483769928595004,-0.0005449012097101735,0.007950433255538847,0.007969084406575302,0.1,7.866050226703695,1.6392266109815472,0.011938651795649836,True
2005-02-07,2005-04-20,50,51,72.0,2005-05-04,14,24.0,14.4,False,0.005873068651634323,0.0017591397047273002,5.5581795841651935,0.010100240967829896,0.0012994785194398813,0.006987734680283858,0.0071075368718373465,0.1,6.309451868197549,1.3869310419367642,0.02252272748573687,True
2005-01-24,2005-04-20,60,61,86.0,2005-05-06,16,28.666666666666657,17.2,False,0.007292855976035799,0.003244330645519265,5.577284463964504,-0.0002568526743545708,-0.0005388157458659654,7.432002465810361e-05,0.0005439171573486883,0.8165199074418386,6.644061739318121,3.0045253656897293,0.05803426008974357,True
2005-01-10,2005-04-20,70,71,100.0,2005-05-04,14,33.333333333333314,20.0,False,0.0069794018734311005,0.0034585555862706027,5.577856479342551,-0.00022269660301483933,0.0002657465802391967,0.0003208332611969195,0.0004165995996146403,0.9,6.185455139353543,0.8790351840977636,0.07777957972571911,True
2004-12-23,2005-04-20,80,81,118.0,2005-05-03,13,39.333333333333314,23.6,False,0.006988613744143394,0.003956098487251225,5.57970744137329,-0.0002878873376166172,0.00040667543408358603,6.651287861306272e-05,0.00041207872028105157,0.9,6.0,0.16211738252772076,0.10479332835493241,True
2004-12-09,2005-04-20,90,91,132.0,2005-05-06,16,44.0,26.400000000000002,False,0.008031135136098367,0.00586942097325891,5.585277270660338,-0.0004436650122765849,0.0002978630663520485,0.00020840020875269327,0.0003635286141486128,0.9,6.0,0.6104917350220499,0.18306606206872555,True
2004-11-25,2005-04-20,100,101,146.0,2005-06-07,48,48.66666666666666,29.200000000000003,False,0.008555403484581982,0.00739268780718375,5.601159514159873,-0.0005745732733547094,-0.00017765012433667893,0.0001473356504845423,0.00023079722827742255,0.9,6.0,2.449204738169683,0.37342732253096755,True
2004-11-11,2005-04-20,110,111,160.0,2005-06-12,53,53.333333333333314,32.0,False,0.0083128743712187,0.00767053071459478,5.604278946125902,-0.0006050426400492656,-0.00019886915941840134,8.594998919115034e-05,0.00021664797070302871,0.9,6.0,2.7336447267991884,0.41891182138878486,True
2004-10-28,2005-04-20,120,121,174.0,2005-06-17,58,58.0,34.800000000000004,False,0.009454198314881663,0.010815205759030467,5.612746609605625,-0.0007138945457645496,-0.00017328676219496573,-4.808420996956218e-06,0.0001733534622224159,0.9,6.0,-3.11385142632307,0.6177216220077067,True
2004-10-14,2005-04-20,130,131,188.0,2005-06-21,62,62.66666666666666,37.6,False,0.011287606331056004,0.01669071742572132,5.623869638307378,-0.0008488196095673873,-0.00010614305856365469,-7.519426628399884e-05,0.00013007892436223614,0.9,6.0,-2.52523549373257,0.9788129941830288,True
2004-09-30,2005-04-20,140,141,202.0,2005-06-26,67,67.33333333333331,40.400000000000006,False,0.010930366725579345,0.016845681262546954,5.6254209861032525,-0.0008425349237902336,-8.903175983545377e-05,-9.421596022587167e-05,0.0001296275488493127,0.9,6.0,-2.3279113662676663,0.9749489185778514,True
2004-09-16,2005-04-20,150,151,216.0,2005-07-01,72,72.0,43.2,False,0.010786643035223207,0.017569101863368724,5.629761102817122,-0.0008720050658656688,-5.2511319334439967e-05,-0.00010343656570216563,0.00011600242145102815,0.9,6.0,-2.0405586168984,1.127569220053475,True
2004-09-02,2005-04-20,160,161,230.0,2005-07-05,76,76.66666666666663,46.0,False,0.010584946908162777,0.01803861726882858,5.633818307579059,-0.0008953967198494708,-2.2192621811838978e-05,-0.00010071302294518324,0.0001031291687818743,0.9,6.0,-1.7876852522281153,1.3023425822571597,True
2004-08-19,2005-04-20,170,171,244.0,2005-07-10,81,81.33333333333331,48.800000000000004,False,0.011583656438156682,0.022944967497609537,5.642337889752679,-0.0009662922053221542,1.2235682462348848e-05,-6.933155593594889e-05,7.040295855870718e-05,0.9,6.0,-1.396114308297681,2.0587747129612217,True
2004-08-05,2005-04-20,180,181,258.0,2005-07-15,86,86.0,51.6,False,0.012126474390795658,0.02661629998826275,5.65882419094037,-0.0011172150284712388,-3.693573836055156e-05,-4.428102208067975e-05,5.7663313161392034e-05,0.9,9.706850503150994,-2.2659993811748644,1.796392964326252,True
2004-07-22,2005-04-20,190,191,272.0,2005-07-19,90,90.66666666666663,54.400000000000006,False,0.012679834332683227,0.03070863595251983,5.653792940897174,-0.0010403196099734598,2.795061689910827e-05,2.2706891459876054e-05,3.601166345521002e-05,0.9,11.494087472175577,0.6822522278743409,2.261994860060908,True
2004-07-08,2005-04-20,200,201,286.0,2005-07-24,95,95.33333333333331,57.2,False,0.01298500793932712,0.033890696668062055,5.653208010383823,-0.0010106368964345027,4.051965316589493e-05,2.8485708912279366e-05,4.9530575455162344e-05,0.9,12.645144494513467,0.6127430374613125,1.4522470027987535,True
2005-03-11,2005-04-26,30,31,46.0,2005-05-07,11,15.333333333333329,9.200000000000001,False,0.004369531641608126,0.0005918770097774528,5.429318483575265,0.10125290609282865,0.002492870196655679,0.009158872816509254,0.009492067903590149,0.1,6.048290321736302,1.3050529001002986,0.1763656612906528,True
2005-02-25,2005-04-26,40,41,60.0,2005-05-08,12,20.0,12.0,False,0.005294900478273516,0.0011494748140676654,5.454791774254623,0.08267293912418999,0.002861116344930881,0.007590943938860898,0.008112238693613473,0.1,6.0,1.210350612146487,0.1698522899506478,True
2005-02-11,2005-04-26,50,51,74.0,2005-05-20,24,24.666666666666657,14.8,False,0.006269143851699298,0.0020044103962982545,5.4941545004342895,0.05218179181537111,-0.003947075738237399,0.005292190672707035,0.00660202158430807,0.1,9.049948831495119,2.2116234312931,0.08733652827512167,True
2005-01-28,2005-04-26,60,61,88.0,2005-05-23,27,29.33333333333333,17.6,False,0.0069517039065464335,0.0029478974194618694,5.536176533576,0.02346556187138362,-0.0014048717985971136,-0.008251168096393516,0.008369912766895226,0.1,9.507452407460878,-1.7394424583958192,0.029488037206603635,True
2005-01-14,2005-04-26,70,71,102.0,2005-05-13,17,34.0,20.400000000000002,False,0.0076692431589848176,0.004176027634846115,5.572861571616684,-8.56084698346129e-05,0.00013706748703843082,0.00035165714510939847,0.0003774258121929698,0.9,7.51873553897956,1.1991347652497517,0.027150812857874115,True
2004-12-30,2005-04-26,80,81,117.0,2005-05-05,9,39.0,23.400000000000002,False,0.007650057372815399,0.004740393602396748,5.573303946580283,-0.00013614082981991312,0.00020713390982458652,0.0003789289099880477,0.0004318467036159358,0.9,6.201312083415741,1.070544129719524,0.04575280302364582,True
2004-12-15,2005-04-26,90,91,132.0,2005-05-06,10,44.0,26.400000000000002,False,0.00820663696989183,0.006128749022359176,5.577691241707899,-0.00027901597472176215,0.0003528402760154327,0.00020422807772682932,0.0004076829259493738,0.9,6.0,0.5246941502894082,0.10265918326307726,True
2004-12-01,2005-04-26,100,101,146.0,2005-05-09,13,48.66666666666666,29.200000000000003,False,0.009100994383286957,0.008365637975226695,5.58268005933397,-0.00041304890105101815,0.000215902008812724,0.00028389085038870023,0.0003566618739699955,0.9,6.0,0.9206022832836467,0.1737144889303894,True
2004-11-17,2005-04-26,110,111,160.0,2005-06-18,53,53.333333333333314,32.0,False,0.008915819919046122,0.008823594776003415,5.597737282271344,-0.0005006976090355837,-0.00023003466239489707,4.731239672225261e-05,0.00023484975790223435,0.9,6.0,2.938746292512047,0.31979867480469315,True
2004-11-03,2005-04-26,120,121,174.0,2005-06-23,58,58.0,34.800000000000004,False,0.008972642102604518,0.009741505062473179,5.6025619359434335,-0.0005583383701729467,-0.00021051170947336645,-2.5881840748525397e-05,0.00021209679277615462,0.9,6.0,-3.0192593130036127,0.3948704477315313,True
2004-10-20,2005-04-26,130,131,188.0,2005-06-27,62,62.66666666666666,37.6,False,0.011583663133563514,0.017577743958536084,5.614941745927659,-0.0007173908440420876,-0.00012510713666420058,-0.00010498632865358476,0.00016332153822589803,0.9,6.0,-2.4434188497264806,0.6588759068474751,True
2004-10-06,2005-04-26,140,141,202.0,2005-07-02,67,67.33333333333331,40.400000000000006,False,0.011356677275141993,0.018185350741173445,5.618978130141605,-0.0007494163446237767,-8.367387577965172e-05,-0.00012940081935903396,0.0001540970133999291,0.9,6.0,-2.14479569047654,0.729491436682304,True
2004-09-22,2005-04-26,150,151,216.0,2005-07-07,72,72.0,43.2,False,0.011375907773029154,0.019541102926730235,5.623792661179948,-0.0007878596173887406,-3.774077644086475e-05,-0.0001332723578604793,0.00013851313142099919,0.9,6.0,-1.8467563345997253,0.8531966709287366,True
2004-09-08,2005-04-26,160,161,230.0,2005-07-11,76,76.66666666666663,46.0,False,0.011074290497378916,0.01974502551327425,5.627342588698372,-0.0008081702113487386,-4.283854994618927e-06,-0.0001280964899029883,0.00012816810109805523,0.9,6.0,-1.6042262752284375,0.9458323144661945,True
2004-08-25,2005-04-26,170,171,244.0,2005-07-16,81,81.33333333333331,48.800000000000004,False,0.011404267795152889,0.022239802394348987,5.6335166629820215,-0.0008559786115740657,2.8887412987109744e-05,-0.00010268170303483415,0.00010666777754890043,0.9,6.0,-1.296555016973714,1.203707386490246,True
2004-08-11,2005-04-26,180,181,258.0,2005-07-21,86,86.0,51.6,False,0.013368743184553947,0.032348916274554926,5.656277920656102,-0.0010751089322184333,6.022484637813907e-06,-5.437840510410338e-05,5.471088797377247e-05,0.9,9.836620023317241,-1.4604944414315952,1.7979405213899322,True
2004-07-28,2005-04-26,190,191,272.0,2005-07-25,90,90.66666666666663,54.400000000000006,False,0.01321472506451896,0.0333541310793877,5.646229507132244,-0.0009452794304875364,6.234397800345694e-05,-4.0765655220210926e-05,7.448899407851225e-05,0.9,6.0,-0.5790999438296163,1.9035283846588151,True
2004-07-14,2005-04-26,200,201,286.0,2005-06-05,40,95.33333333333331,57.2,True,0.013648043280945946,0.03744008616511333,5.620292806839178,-0.0009602541767246999,-5.758549863031263e-05,3.437562554000468e-06,5.7688009922464855e-05,0.9,10.078727124763512,3.0819684754644827,1.4864060691655712,True
2005-03-17,2005-05-02,30,31,46.0,2005-05-03,1,15.333333333333329,9.200000000000001,False,0.00450165676927263,0.0006282123237184807,5.491728353192566,0.04552960354660129,0.008020859201521142,0.0003603794507737988,0.008028951094580562,0.17627518014815435,6.0,0.044900082657793376,0.16659999072333082,True
2005-03-03,2005-05-02,40,41,60.0,2005-05-03,1,20.0,12.0,False,0.005265737311951339,0.001136847566977537,5.4571783436998125,0.08192933224081386,0.00865605476862226,0.0024289700845194426,0.008990393752716203,0.1,6.0,0.27357368324262654,0.15188309969935251,True
2005-02-17,2005-05-02,50,51,74.0,2005-05-03,1,24.666666666666657,14.8,False,0.0069743283659546755,0.0024807040639641606,5.490932751911849,0.055657204349066715,0.00029427079851404277,0.006406713720515534,0.006413468328408591,0.1,6.4254046759947565,1.5248969577205675,0.13506037418744551,True
2005-02-03,2005-05-02,60,61,88.0,2005-05-03,1,29.33333333333333,17.6,False,0.006744129866324341,0.002774480546884726,5.494375931983392,0.05313276004063398,-0.00046712209067986937,0.006921100077517714,0.006936845776764598,0.1,6.450511674527639,1.6381865876622101,0.11874249544860935,True
2005-01-20,2005-05-02,70,71,102.0,2005-05-04,2,34.0,20.400000000000002,False,0.00906367999595481,0.005832670949904069,5.558174898868719,0.0029213644437718856,-0.0014703979800816283,0.0045657700220265145,0.004796699502143545,0.3248970661694782,6.480004245789162,1.8823561041627557,0.030536111040801835,True
2005-01-06,2005-05-02,80,81,116.0,2005-05-03,1,38.66666666666666,23.200000000000003,False,0.008967339875023184,0.006513467939168645,5.565738423236205,4.5300861021115846e-05,0.0003955403848585116,0.0002621234485581796,0.00047451122045537775,0.9,6.151237549109923,0.5852493741937773,0.013968185075528099,True
2004-12-21,2005-05-02,90,91,132.0,2005-05-03,1,44.0,26.400000000000002,False,0.009467767377197114,0.00815711433889333,5.569164161345738,-9.259327337784797e-05,0.0004610586457749958,8.722233535317105e-05,0.0004692364123001689,0.9,6.0,0.18696885026921634,0.029599133065130626,True
2004-12-07,2005-05-02,100,101,146.0,2005-05-11,9,48.66666666666666,29.200000000000003,False,0.010599132284196804,0.0113465021229682,5.574371989416439,-0.0002498966011799488,0.00021784441112915397,0.0003242723607919014,0.00039065170092265173,0.9,6.0,0.9792520334827922,0.09595373599669588,True
2004-11-23,2005-05-02,110,111,160.0,2005-06-24,53,53.333333333333314,32.0,False,0.009906127524399481,0.010892581240792815,5.587933125332148,-0.0003609181553652605,-0.0002606341287194859,1.0177583890910917e-05,0.00026083276685880954,0.9,6.0,3.1025631697072438,0.20755721743385935,True
2004-11-09,2005-05-02,120,121,174.0,2005-06-29,58,58.0,34.800000000000004,False,0.009523852424154487,0.010975155564645869,5.591360278635828,-0.00040314676658063226,-0.00023933218198912183,-6.105742918635065e-05,0.0002469977793311518,0.9,6.0,-2.8918049138995627,0.24482817275057178,True
2004-10-26,2005-05-02,130,131,188.0,2005-07-03,62,62.66666666666666,37.6,False,0.011414480880294042,0.01706803896342437,5.601628637439438,-0.0005383032001809961,-0.00015553416606010315,-0.0001359638796909285,0.0002065842525281659,0.9,6.0,-2.4232308303010317,0.390859801940327,True
2004-10-12,2005-05-02,140,141,202.0,2005-07-08,67,67.33333333333331,40.400000000000006,False,0.012360837587381287,0.02154343312648814,5.610752909450222,-0.0006447616744727625,-7.046744113841185e-05,-0.00016602416985627696,0.00018035987701554203,0.9,6.0,-1.9721932808031868,0.536229303164696,True
2004-09-28,2005-05-02,150,151,216.0,2005-07-13,72,72.0,43.2,False,0.01203213578583193,0.0218606160268733,5.613645541375336,-0.0006629268991012647,-2.843753406983656e-05,-0.00017013993035820183,0.0001725001137572578,0.9,6.0,-1.7364074883509555,0.5764577929793157,True
2004-09-14,2005-05-02,160,161,230.0,2005-07-17,76,76.66666666666663,46.0,False,0.011858349127931614,0.02263989149042655,5.618235088133789,-0.0006999174280930428,1.7400930239296057e-05,-0.00015760128797363062,0.00015855900587522645,0.9,6.0,-1.4608306413517966,0.6621359262089059,True
2004-08-31,2005-05-02,170,171,244.0,2005-07-22,81,81.33333333333331,48.800000000000004,False,0.012002717077241301,0.0246351521474073,5.623818633987219,-0.0007447463577822068,5.398921454467692e-05,-0.00012912502277010515,0.00013995751781355415,0.9,6.0,-1.1747710626805181,0.7981847307134243,True
2004-08-17,2005-05-02,180,181,258.0,2005-07-27,86,86.0,51.6,False,0.013434614171841138,0.032668483288268484,5.633443837641606,-0.0008285823185995658,7.88679899415805e-05,-7.496053136897951e-05,0.00010880827680165238,0.9,6.0,-0.760002232523101,1.1422600508277458,True
2004-08-03,2005-05-02,190,191,272.0,2005-07-31,90,90.66666666666663,54.400000000000006,False,0.014258929117439161,0.03883355837904548,5.64045382702143,-0.0008799612648925914,8.694304440609124e-05,-3.524482563454362e-05,9.381519442291284e-05,0.9,6.0,-0.38513424749262337,1.4069596140137752,True
2004-07-20,2005-05-02,200,201,286.0,2005-06-16,45,95.33333333333331,57.2,True,0.01505039601273032,0.045529398448141745,5.622040434012227,-0.0009311212558274388,4.185120541701402e-05,4.1397796385623555e-05,5.886680677973497e-05,0.9,10.674182969308745,0.7799517972138206,1.3336554045227085,True
2005-03-23,2005-05-06,30,31,44.0,2005-05-20,14,14.666666666666664,8.8,False,0.006468588571470954,0.0012971217813159035,5.534143056795313,0.004538473960564246,-0.0020622208047731245,-0.0005284738940190556,0.002128858685845253,0.5230402025994251,6.0,-2.890726777075992,0.18584326863412187,True
2005-03-09,2005-05-06,40,41,58.0,2005-05-25,19,19.33333333333333,11.600000000000001,False,0.006000559656999139,0.0014762753640854306,5.491079905134028,0.021536910529723348,-0.00285697856273104,-0.001940937839852649,0.0034539204110802246,0.3360071354064446,7.6016823516350485,-2.544848761164661,0.27561944899173535,True
2005-02-23,2005-05-06,50,51,72.0,2005-05-24,18,24.0,14.4,False,0.007523765929414329,0.002886959741791409,5.35482316142012,0.14621880633062584,0.0006068304444569253,0.00657046978824578,0.006598432876567764,0.1,7.032686729654824,1.4787003506896879,0.31509474393346276,True
2005-02-09,2005-05-06,60,61,86.0,2005-06-03,28,28.666666666666657,17.2,False,0.007439457723277106,0.00337607740420207,5.387720490580017,0.11963312762190405,-0.0007967784424747545,-0.005356947377318733,0.005415878607368757,0.1,10.620413526787438,-1.7184512328690789,0.20798935505162416,True
2005-01-26,2005-05-06,70,71,100.0,2005-06-08,33,33.333333333333314,20.0,False,0.008834718001024396,0.00554170919319134,5.546377633078257,0.0024252247589191442,0.0002155887747020524,0.0013782395696727249,0.0013949992226482387,0.5094729634278179,11.18623919032727,1.4156304244091722,0.07917992174170398,True
2005-01-12,2005-05-06,80,81,114.0,2005-05-07,1,38.0,22.8,False,0.009361659189089388,0.007098893684585603,5.56425786964989,7.878251516872703e-05,-0.00044730127492219346,-5.670461805079566e-05,0.00045088118640647043,0.9,6.702650660708073,-3.015494753141281,0.023461925545365407,True
2004-12-28,2005-05-06,90,91,129.0,2005-05-07,1,43.0,25.8,False,0.009410086610090223,0.008058025430855337,5.5660831468669425,-7.061013717340122e-06,6.183013228486516e-05,0.0004543841294763827,0.0004585715891530722,0.9,6.251743174360349,1.4355523974055673,0.002216671265241133,True
2004-12-13,2005-05-06,100,101,144.0,2005-05-08,2,48.0,28.8,False,0.010061055978503214,0.010223709587660102,5.5697849906801755,-0.00014379844073202986,0.00033045226611085786,0.0002770885741362837,0.0004312502499647739,0.9,6.0,0.6977874464280661,0.05001681995909887,True
2004-11-29,2005-05-06,110,111,158.0,2005-06-27,52,52.66666666666666,31.6,False,0.009623373692449113,0.010279634655921906,5.582486222947694,-0.0002787419968931343,-0.0002721011992306298,-3.1840057427773833e-06,0.00027211982749391294,0.9,6.0,-3.129891637794777,0.15365032353221458,True
2004-11-15,2005-05-06,120,121,172.0,2005-07-02,57,57.333333333333314,34.4,False,0.009223303421405293,0.010293388446400098,5.586497732020157,-0.0003333122210532974,-0.00024710257554722497,-8.104349893542922e-05,0.00026005332445821366,0.9,6.0,-2.82467221037661,0.19225608156387283,True
2004-11-01,2005-05-06,130,131,186.0,2005-07-07,62,62.0,37.2,False,0.009624612477743722,0.012134944660422963,5.59256056143906,-0.00041252219815000445,-0.00018556385153884074,-0.00014567752489244392,0.00023591499370900006,0.9,6.0,-2.476032196357163,0.26229078851523646,True
2004-10-18,2005-05-06,140,141,200.0,2005-07-11,66,66.66666666666663,40.0,False,0.012157499092577306,0.02084047457022854,5.604405030133006,-0.0005627570225089716,-7.467578233822709e-05,-0.00018467170885718364,0.0001991986759997633,0.9,6.0,-1.9550646475171598,0.4237656347497312,True
2004-10-04,2005-05-06,150,151,214.0,2005-07-16,71,71.33333333333331,42.800000000000004,False,0.011689174720980931,0.020632157654300563,5.607356472532323,-0.0005848127118953345,-2.7399353694432002e-05,-0.00019101739619976235,0.00019297245978068883,0.9,6.0,-1.71326360311383,0.45458251858319676,True
2004-09-20,2005-05-06,160,161,228.0,2005-07-21,76,76.0,45.6,False,0.01182327029979163,0.022506145013691508,5.613132823008293,-0.0006390644761754635,2.899213629755748e-05,-0.00017264218343954587,0.0001750596111896458,0.9,6.0,-1.4044168285637761,0.5475830248615867,True
2004-09-06,2005-05-06,170,171,242.0,2005-07-25,80,80.66666666666663,48.400000000000006,False,0.011629384763923972,0.023126482887843178,5.617464263896653,-0.0006722921666850668,6.598486643242587e-05,-0.00014756435835107861,0.0001616454220003481,0.9,6.0,-1.150306723359582,0.623858218530574,True
2004-08-23,2005-05-06,180,181,256.0,2005-07-30,85,85.33333333333331,51.2,False,0.012481394866731565,0.02819712442528842,5.625094831089812,-0.0007383960435839543,9.404313593813474e-05,-9.924281612553004e-05,0.00013672325321467544,0.9,6.0,-0.8122931671837014,0.8100992620742042,True
2004-08-09,2005-05-06,190,191,270.0,2005-08-04,90,90.0,54.0,False,0.014487592357777445,0.040089053474100106,5.636233220844795,-0.0008353209538662431,0.00010141296828244467,-3.357428660102812e-05,0.00010682613377177004,0.9,6.0,-0.3197076871054338,1.1729165762717875,True
2004-07-26,2005-05-06,200,201,284.0,2005-08-08,94,94.66666666666663,56.800000000000004,False,0.014070145298074658,0.03979176673049541,5.637597960631519,-0.0008295175950944288,0.00010723347239678397,-1.932889127620364e-05,0.0001089615695566062,0.9,6.0,-0.178335604617703,1.1419405921784505,True
2005-03-31,2005-05-12,30,31,42.0,2005-05-25,13,14.0,8.4,False,0.006202458291248974,0.0011925851544951774,5.552875388433713,0.0002943720710053295,0.0006140073203364331,-7.758465258078465e-05,0.0006188896248466347,0.9,6.541069671003283,-0.12569174269673403,0.06544509998888709,True
2005-03-15,2005-05-12,40,41,58.0,2005-05-31,19,19.33333333333333,11.600000000000001,False,0.006351567021615251,0.0016540385488328878,5.361309405528303,0.13954144466111323,0.0058390267225511445,-0.005487221970351057,0.008012729748254942,0.1,7.773220354914622,-0.7543471342033435,0.22403802755099053,True
2005-03-01,2005-05-12,50,51,72.0,2005-06-05,24,24.0,14.4,False,0.005988340458100106,0.0018288712935480476,5.4299088219815985,0.06451814591722099,0.004874059537035465,-0.002820628494990318,0.005631376517097548,0.19123723410437496,9.266005746069986,-0.5246120560531365,0.23645429200544144,True
2005-02-15,2005-05-12,60,61,86.0,2005-06-09,28,28.666666666666657,17.2,False,0.007387188992888797,0.003328804234216101,5.387790537409403,0.11878356395054167,0.0026917046637015066,0.004725472740877619,0.005438323879778574,0.1,11.027608814638652,1.0530177140970567,0.19806600013854256,True
2005-02-01,2005-05-12,70,71,100.0,2005-06-14,33,33.333333333333314,20.0,False,0.00731108998990023,0.003795094615669774,5.395578540421163,0.11238067576916483,0.0041668542034944064,0.005158138464450384,0.006630917460775814,0.1,12.296444098620343,0.891304451331626,0.13782832474976794,True
2005-01-18,2005-05-12,80,81,114.0,2005-06-03,22,38.0,22.8,False,0.009241738477895117,0.0069181881375983785,5.56079841233377,0.00013239432756420003,-0.00029451812369161437,7.859052482993517e-05,0.000304823548591433,0.9,10.22164171601136,2.8808242949271285,0.038242186821511426,True
2005-01-04,2005-05-12,90,91,128.0,2005-05-13,1,42.66666666666666,25.6,False,0.009247215863962344,0.007781501112359234,5.564580494627102,4.239239533746493e-05,0.00040306114682579964,-0.00014047981343096996,0.0004268405628125436,0.9,7.172080584738668,-0.33536666021526224,0.012462914670860754,True
2004-12-17,2005-05-12,100,101,146.0,2005-06-29,48,48.66666666666666,29.200000000000003,False,0.009849596921221995,0.009798470510565127,5.574383682220155,-0.00015424798755537836,-0.000276386784687284,2.0760490552588423e-05,0.0002771653887442644,0.9,6.0,3.06661953946159,0.08347794880931197,True
2004-12-03,2005-05-12,110,111,160.0,2005-07-04,53,53.333333333333314,32.0,False,0.009256011776603262,0.009509786694956631,5.578407504472053,-0.00021557591219039453,-0.0002651142282093088,-6.286868644880449e-05,0.0002724665589293768,0.9,6.0,-2.9087554498889148,0.11868020411613432,True
2004-11-19,2005-05-12,120,121,174.0,2005-07-09,58,58.0,34.800000000000004,False,0.008987883583541354,0.009774628208666352,5.583096612626433,-0.00028180347726323865,-0.00022348530195872698,-0.00013680388526165872,0.0002620324087098168,0.9,6.0,-2.592295796781313,0.16131791406114787,True
2004-11-05,2005-05-12,130,131,188.0,2005-07-13,62,62.66666666666666,37.6,False,0.008794203577875722,0.010131280170554998,5.586457013643721,-0.0003227196662063903,-0.00017026146787272543,-0.00018102713883201373,0.0002485151754639549,0.9,6.0,-2.3255578503747314,0.19478870793538214,True
2004-10-22,2005-05-12,140,141,202.0,2005-07-18,67,67.33333333333331,40.400000000000006,False,0.01131768145513372,0.018060677806302758,5.5975360361229045,-0.00046421525312000773,-5.9517582279722194e-05,-0.0002080484901760345,0.00021639435497477986,0.9,6.0,-1.8494299353176875,0.32178421648807154,True
2004-10-08,2005-05-12,150,151,216.0,2005-07-23,72,72.0,43.2,False,0.011538379860104772,0.020103265679206783,5.604040228657206,-0.0005344738526868512,1.2532932503307869e-05,-0.00020159810934789209,0.00020198730675410553,0.9,6.0,-1.5087083244851263,0.3969114653359185,True
2004-09-24,2005-05-12,160,161,230.0,2005-07-27,76,76.66666666666663,46.0,False,0.01153577407636424,0.021424927450087672,5.608218771323122,-0.0005705364313661858,5.93572442687418e-05,-0.00018050173427221582,0.00019001094316501007,0.9,6.0,-1.253089939628161,0.4503975575270301,True
2004-09-10,2005-05-12,170,171,244.0,2005-08-01,81,81.33333333333331,48.800000000000004,False,0.011320819234762481,0.02191552213299476,5.612372785216951,-0.0006037223508937866,9.513135540520007e-05,-0.0001506324237396969,0.00017815751980459902,0.9,6.0,-1.0075033774112003,0.5083049692956619,True
2004-08-27,2005-05-12,180,181,258.0,2005-08-06,86,86.0,51.6,False,0.011663767129029059,0.0246238669188796,5.618343167876465,-0.0006538087251972309,0.0001198303350247978,-0.00010606971267478701,0.00016003153795132743,0.9,6.0,-0.724558689248582,0.612824884613759,True
2004-08-13,2005-05-12,190,191,272.0,2005-08-10,90,90.66666666666663,54.400000000000006,False,0.01378194356884957,0.036278915990176214,5.629158783155415,-0.0007493793761585424,0.00012479557604378459,-3.768180648834064e-05,0.00013036047844467574,0.9,6.0,-0.29324322508612183,0.8622774921118921,True
2004-07-30,2005-05-12,200,201,286.0,2005-08-15,95,95.33333333333331,57.2,False,0.014095641931791216,0.03993611141532344,5.633778265226669,-0.0007779143631924456,0.00012350284603471795,-4.837208650422875e-06,0.0001235975386737251,0.9,6.0,-0.03914676944568676,0.944089629380886,True
2005-04-06,2005-05-18,30,31,42.0,2005-05-24,6,14.0,8.4,False,0.006003682760722837,0.001117370407433418,5.554380094534309,0.0002928976288044183,-0.0003296958551516802,-0.0005592338045758208,0.0006491854935875762,0.9,6.0,-2.103495991757435,0.06767656510293832,True
2005-03-21,2005-05-18,40,41,58.0,2005-05-24,6,19.33333333333333,11.600000000000001,False,0.006175662297439126,0.001563690997292455,5.552524057672244,0.0005425733339673442,-0.00038581823015262836,-0.0006299156859078191,0.0007386809040924401,0.8025932905349799,6.0,-2.120350421027616,0.09825300637321159,True
2005-03-07,2005-05-18,50,51,72.0,2005-06-10,23,24.0,14.4,False,0.006473338483590119,0.00213710966727957,5.539082063019839,0.0007334131954175589,0.0002650821987112991,-8.042611228644173e-05,0.0002770143166176218,0.9,10.605002328731794,-0.29457373252556507,0.22468715533037492,True
2005-02-21,2005-05-18,60,61,86.0,2005-06-15,28,28.666666666666657,17.2,False,0.007611653426592901,0.0035341733410803704,5.465630869343685,0.053495156288700024,-0.002446845884108563,-0.0035736222327915866,0.004331031129336447,0.15272784980599718,13.0,-2.171177334420488,0.14511023340852733,True
2005-02-07,2005-05-18,70,71,100.0,2005-06-19,32,33.333333333333314,20.0,False,0.007183421741584357,0.003663709902140145,5.43405487433423,0.07615965119576765,0.0007031398603373484,-0.004461013735221847,0.004516087821226819,0.13185476503532825,13.0,-1.414463636112742,0.17104683575546817,True
2005-01-24,2005-05-18,80,81,114.0,2005-06-13,26,38.0,22.8,False,0.008796560083569629,0.006267737013611891,5.55667953865927,0.00021166609952308834,0.00011967037855064263,-0.000220233041810023,0.00025064634888094707,0.9,11.868311555752259,-1.0730493329831612,0.06403884569999148,True
2005-01-10,2005-05-18,90,91,128.0,2005-05-23,5,42.66666666666666,25.6,False,0.009355626992096265,0.007965025833786858,5.5629830614952684,7.09826781714861e-05,0.0003585000310167497,9.94500830661748e-05,0.00037203842712934854,0.9,8.486840560476798,0.27060173189500464,0.020233035695624377,True
2004-12-23,2005-05-18,100,101,146.0,2005-05-19,1,48.66666666666666,29.200000000000003,False,0.00995287133135118,0.010005024421581651,5.565634289265742,-2.9623608069631388e-05,0.0002127419557798333,0.0003328888204419996,0.0003950621552671103,0.9,7.304498643536201,1.002137422869357,0.009238992640947068,True
2004-12-09,2005-05-18,110,111,160.0,2005-07-10,53,53.333333333333314,32.0,False,0.009194741803886458,0.009384303729255231,5.57536366358696,-0.00017347041946539732,-0.00024240603600075074,-0.0001162360149730711,0.0002688335869388668,0.9,6.0,-2.6944713456721066,0.09679059531250728,True
2004-11-25,2005-05-18,120,121,174.0,2005-07-15,58,58.0,34.800000000000004,False,0.008747771781519193,0.009259344848126759,5.578825641090002,-0.0002209948480305766,-0.000197110580364055,-0.0001721654806351803,0.0002617126928786551,0.9,6.0,-2.4236433796891355,0.12666266523021244,True
2004-11-11,2005-05-18,130,131,188.0,2005-07-19,62,62.66666666666666,37.6,False,0.008409769742831752,0.009264873753695745,5.581641847959477,-0.00025582486268394797,-0.0001443570743777157,-0.00020779050338844157,0.0002530135534340311,0.9,6.0,-2.177972648090143,0.15166669485394774,True
2004-10-28,2005-05-18,140,141,202.0,2005-07-24,67,67.33333333333331,40.400000000000006,False,0.009428309596539881,0.012533916080597049,5.591208527077681,-0.0004613804683730378,-6.706212223834492e-05,-0.0002794657946563509,0.0002873994756815266,0.8587635732582835,6.0,-1.8063085951861262,0.22977120302211132,True
2004-10-14,2005-05-18,150,151,216.0,2005-07-29,72,72.0,43.2,False,0.01137151932344578,0.019526029210248617,5.5997690787457355,-0.00047672462227797566,4.3210257223115455e-05,-0.00020646241370316697,0.00021093566460280127,0.9,6.0,-1.3644854537698061,0.3390071255913482,True
2004-09-30,2005-05-18,160,161,230.0,2005-08-02,76,76.66666666666663,46.0,False,0.010995583895607895,0.01946536129806162,5.602365906650116,-0.0004956492975982804,8.227243455828092e-05,-0.0001871490840793601,0.00020443466721642396,0.9,6.0,-1.1566170222850516,0.3636731267355672,True
2004-09-16,2005-05-18,170,171,244.0,2005-08-07,81,81.33333333333331,48.800000000000004,False,0.011041169729979946,0.020846170360064552,5.607464107668109,-0.0005417124428056102,0.00012046348062058455,-0.00014851977782720602,0.00019123173002686712,0.9,6.0,-0.8893273445772486,0.42491309579966324,True
2004-09-02,2005-05-18,180,181,258.0,2005-08-12,86,86.0,51.6,False,0.011076828731914004,0.02220800039086416,5.612398749251309,-0.0005824250661159693,0.0001424485700878891,-0.0001055701298454252,0.00017730382803443414,0.9,6.0,-0.6377875057681244,0.49273476430767477,True
2004-08-19,2005-05-18,190,191,272.0,2005-08-16,90,90.66666666666663,54.400000000000006,False,0.012589136090629116,0.03027089237410068,5.6213618838666,-0.0006610569914854657,0.0001468782733861406,-4.286160316942411e-05,0.0001530043928099682,0.9,6.0,-0.28393281434094575,0.6480764826535079,True
2004-08-05,2005-05-18,200,201,286.0,2005-08-21,95,95.33333333333331,57.2,False,0.014169974117723213,0.0403584214658861,5.63095860831069,-0.0007402315109885862,0.0001326993992135046,1.4632670816522767e-05,0.00013350372881253087,0.9,6.0,0.10982560651584967,0.8316975685690814,True
2005-04-12,2005-05-24,30,31,42.0,2005-05-26,2,14.0,8.4,False,0.007816518871457411,0.0018940369853033445,5.56675168814745,-0.00035795876916376476,0.0006064501941948594,-0.00024322862994460967,0.0006534079923475949,0.9,6.473420438926251,-0.3814279540669007,0.0761653177893543,True
2005-03-29,2005-05-24,40,41,56.0,2005-05-25,1,18.666666666666657,11.200000000000001,False,0.0072400279680696535,0.0021491382041156624,5.565197785510418,-0.00021274682521444014,-6.235636184200431e-05,-0.0007083843754207198,0.000711123575197992,0.9,6.096152737590696,-1.6585961856985496,0.044167689506400584,True
2005-03-11,2005-05-24,50,51,74.0,2005-06-17,24,24.666666666666657,14.8,False,0.008180067937189008,0.00341258908430841,5.563715927129201,-0.00017866437174636837,0.0022891244247724434,0.002588084980091239,0.0034551808196190887,0.30705601980492814,6.0,0.8466190248363081,0.0026462662753607533,True
2005-02-25,2005-05-24,60,61,88.0,2005-06-16,23,29.33333333333333,17.6,False,0.008236721896793987,0.004138458843912658,5.529535609288471,0.010550656075158467,-0.0007885215592813038,-0.002632297519920757,0.0027478639855044477,0.3101771492363665,12.983722376762914,-1.86184609580704,0.09172649815889956,True
2005-02-11,2005-05-24,70,71,102.0,2005-06-17,24,34.0,20.400000000000002,False,0.008297730078134242,0.004888515035919732,5.46336926550389,0.06588550532354365,-0.0026879191559791237,-0.005115239551902484,0.005778458709935293,0.11130085689110548,12.916667244037853,-2.054613883674516,0.09824849427220185,True
2005-01-28,2005-05-24,80,81,116.0,2005-06-16,23,38.66666666666666,23.200000000000003,False,0.008521578039737307,0.0058820006752739835,5.543996725470165,0.004692749878018037,-0.0020569603889012706,0.00042040406653743104,0.0020994822268049986,0.38539765051219466,12.665564499698831,2.939987956836561,0.06801421915554089,True
2005-01-14,2005-05-24,90,91,130.0,2005-06-09,16,43.333333333333314,26.0,False,0.009308253277388647,0.0078845656959175,5.5638171234182225,6.49886584128566e-05,0.0002169722363777915,0.00019741536207308727,0.00029334242199386773,0.9,10.953361808160974,0.7382385141876865,0.018203620558026642,True
2004-12-30,2005-05-24,100,101,145.0,2005-05-25,1,48.333333333333314,29.0,False,0.009660585997457156,0.009426019103240792,5.566975472110974,-2.9275359885137052e-05,0.00036687628196362853,-1.6860010251822775e-05,0.00036726348336466486,0.9,8.366880162581083,-0.045923263859623906,0.008574394365462517,True
2004-12-15,2005-05-24,110,111,160.0,2005-07-16,53,53.333333333333314,32.0,False,0.008909343035874661,0.008810779659728605,5.578474679081211,-0.0002083205854864247,-0.00018962118413206507,-0.0001704850868636615,0.0002549928593403289,0.9,6.0,-2.4092846933386087,0.12254495245005319,True
2004-12-01,2005-05-24,120,121,174.0,2005-07-20,57,58.0,34.800000000000004,False,0.008553226782851083,0.008852080296264612,5.580942980173416,-0.00023771179141303346,-0.0001397447659211283,-0.00020361211409324826,0.00024695443427456994,0.9,6.002995340761117,-2.17228763321631,0.14431397841986482,True
2004-11-17,2005-05-24,130,131,188.0,2005-07-25,62,62.66666666666666,37.6,False,0.008363968630012658,0.009164232232942493,5.58897095136723,-0.0005640724561866863,-0.0001174261618496878,-0.0003917214161930491,0.0004089432373704657,0.7954786432913872,6.013906352622232,-1.8620417073781048,0.18244994051029956,True
2004-11-03,2005-05-24,140,141,202.0,2005-07-30,67,67.33333333333331,40.400000000000006,False,0.008338183583273831,0.00980306807104119,5.627833783095595,-0.006864002654763719,-7.20484196468957e-05,-0.0021564549378650317,0.002157658192072158,0.46454489496624624,6.0,-1.6041944877743888,0.2463038711770317,True
2004-10-20,2005-05-24,150,151,216.0,2005-08-04,72,72.0,43.2,False,0.010580275896534132,0.016903277945063952,5.629526400798253,-0.004154276034202952,0.0004459419272697512,-0.001131245423002073,0.0012159689180074459,0.5702754983649446,6.0,-1.1952961164925258,0.324717981502458,True
2004-10-06,2005-05-24,160,161,230.0,2005-08-08,76,76.66666666666663,46.0,False,0.01045482824959942,0.017597852830308156,5.64265860471253,-0.00569655251046683,0.000832216018681784,-0.0011447415784079551,0.0014152797543547692,0.5387294480422278,6.0,-0.9421847906586976,0.36140093860883404,True
2004-09-22,2005-05-24,170,171,244.0,2005-08-13,81,81.33333333333331,48.800000000000004,False,0.010627695814735874,0.019314094034524804,5.659332469837123,-0.008024479603383875,0.0012853100464409824,-0.0010407742700758893,0.0016538539828939314,0.5040599118608804,6.0,-0.6806552500853972,0.4076154367764923,True
2004-09-08,2005-05-24,180,181,258.0,2005-08-18,86,86.0,51.6,False,0.01048476866223975,0.01989739767602393,5.68957058960161,-0.014937489486079529,0.002167016240338251,-0.001030767019288991,0.0023996749850643605,0.4305096352981774,6.0,-0.44398823270894294,0.4466391762042435,True
2004-08-25,2005-05-24,190,191,272.0,2005-08-22,90,90.66666666666663,54.400000000000006,False,0.011130152869911238,0.02366113785535033,5.65639481082036,-0.00461911084393611,0.0008656778306187389,-0.00016514309821522087,0.0008812890271147645,0.6014294808023346,6.0,-0.1885024922571045,0.5253799361245496,True
2004-08-11,2005-05-24,200,201,286.0,2005-08-27,95,95.33333333333331,57.2,False,0.01346122210135617,0.03642210459287,5.628932235911502,-0.0007031908193240811,0.00013864945920476988,2.6476360632230826e-05,0.00014115477395434804,0.9,6.0,0.18868735975994783,0.7472550870488152,True
2005-04-18,2005-05-30,30,31,42.0,2005-06-01,2,14.0,8.4,False,0.005306830300296881,0.0008730358829206216,5.722355474640446,-0.11866896404551296,-0.001704731336891729,-0.0027286114941365135,0.003217363768198206,0.1,9.329705454582129,-2.129224098866761,0.3953384464793876,True
2005-04-04,2005-05-30,40,41,56.0,2005-05-31,1,18.666666666666657,11.200000000000001,False,0.00877327212418148,0.0031557824543625317,5.574618958139345,-0.0005430571387406988,8.114072597991033e-05,-0.0006862160849220934,0.0006909966227257212,0.9,7.611306597800523,-1.4530991313020416,0.09292934910318196,True
2005-03-17,2005-05-30,50,51,74.0,2005-06-23,24,24.666666666666657,14.8,False,0.007691051625513583,0.0030167660304220717,5.5839994484077575,-0.0005560435949139541,0.00012612301294191648,0.0003987332165582622,0.00041820472544011844,0.9,6.0,1.2644448641755357,0.1994394949729851,True
2005-03-03,2005-05-30,60,61,88.0,2005-06-28,29,29.33333333333333,17.6,False,0.009460394001815099,0.005459442334844324,5.582633789981087,-0.010926980861034958,-0.004492282934656361,0.006533189305602044,0.007928629671502995,0.1,6.0,2.173158014467565,0.02296946070497867,True
2005-02-17,2005-05-30,70,71,102.0,2005-06-18,19,34.0,20.400000000000002,False,0.009898723893308233,0.006956916164832541,5.561591200617934,0.00044445005389609406,-6.986309620217573e-05,-0.0005292826939592152,0.00053387360145982,0.6593058806308888,13.0,-1.702033465890807,0.04222096094240504,True
2005-02-03,2005-05-30,80,81,116.0,2005-06-21,22,38.66666666666666,23.200000000000003,False,0.009465770481651323,0.007257665675715422,5.558065392789065,0.0008768317527586499,0.0003558120711735221,-0.0005487627966430731,0.0006540205172411018,0.596534352312777,13.0,-0.9955540552037359,0.061520095603965506,True
2005-01-20,2005-05-30,90,91,130.0,2005-06-03,4,43.333333333333314,26.0,False,0.0099394771417433,0.008990181732462616,5.566792071704742,3.0299556647427844e-05,-0.00025210071809075174,0.0001364748090334402,0.0002866707964941435,0.9,10.161167112639912,2.645414503212008,0.009361635685437141,True
2005-01-06,2005-05-30,100,101,144.0,2005-07-17,48,48.0,28.8,False,0.00933132237120674,0.00879443129673372,5.582256259086052,-0.0002627898619597008,-0.0001800918292180421,-0.000193733253790749,0.00026451018992744153,0.9,6.0,-2.3197192108984757,0.14902442626035733,True
2004-12-21,2005-05-30,110,111,160.0,2005-07-22,53,53.333333333333314,32.0,False,0.008868903963491737,0.008730977784013978,5.593011856684236,-0.0009612814644893033,-0.00028537573007451976,-0.0005584175407810539,0.0006271119973079172,0.7174445059470155,6.0,-2.0432397610642195,0.18329158330228318,True
2004-12-07,2005-05-30,120,121,174.0,2005-07-26,57,58.0,34.800000000000004,False,0.00855239231972114,0.008850353141241442,5.614253100960029,-0.004338721796929031,-0.0004136774640515769,-0.0016622311053766288,0.0017129335340128505,0.5125412427495072,6.0,-1.8147100500527267,0.21637090383115992,True
2004-11-23,2005-05-30,130,131,188.0,2005-07-31,62,62.66666666666666,37.6,False,0.008323738407499727,0.00907628536101968,5.631701367869595,-0.00836523690911959,0.001501213022184991,-0.0020126173121590572,0.002510830337394413,0.43394212616541405,6.130618761053064,-0.9299238213961264,0.23582420562916548,True
2004-11-09,2005-05-30,140,141,202.0,2005-08-04,66,67.33333333333331,40.400000000000006,False,0.008167731337288965,0.009406368762936637,5.652945665664707,-0.015234289918948138,0.0035005024846167937,-0.000589561688623147,0.003549802900091852,0.36377559785053415,6.245966259566421,-0.16685609807056598,0.24994928896777388,True
2004-10-26,2005-05-30,150,151,216.0,2005-08-10,72,72.0,43.2,False,0.009389455427224119,0.013312442856194097,5.862886256296176,-0.1412362042142569,0.005768368893901897,-0.008984554008478446,0.010676904533964941,0.15357193988079376,6.0,-1.000043101826897,0.3385799975012151,True
2004-10-12,2005-05-30,160,161,230.0,2005-08-14,76,76.66666666666663,46.0,False,0.010189641583058155,0.016716436090181253,5.736297628305882,-0.040579645957069005,0.003973712879935124,-0.0033071422759658967,0.005169872733989028,0.2941176108691737,6.0,-0.6941015248066758,0.38476732190919827,True
2004-09-28,2005-05-30,170,171,244.0,2005-08-19,81,81.33333333333331,48.800000000000004,False,0.010061648803566773,0.01731148880652015,5.965658280242287,-0.19656545312862553,0.010173265308735555,-0.005278751718423895,0.011461262877479322,0.14434357806134457,6.0,-0.47864097883981477,0.41259212489847663,True
2004-09-14,2005-05-30,180,181,258.0,2005-08-24,86,86.0,51.6,False,0.010003293739887087,0.018111925302010022,6.205908165425936,-0.3899326675721148,0.014093139591362089,-0.003510299578863174,0.014523731843950595,0.1,6.0,-0.24411128196526885,0.4474661101358385,True
2004-08-31,2005-05-30,190,191,272.0,2005-08-28,90,90.66666666666663,54.400000000000006,False,0.010302015553304351,0.020271121171960227,6.262473263315969,-0.4228737843231794,0.014395601397524022,-2.2286393654209757e-05,0.014395618648732596,0.1,6.0,-0.0015481378814233234,0.4895862121220353,True
2004-08-17,2005-05-30,200,201,286.0,2005-09-02,95,95.33333333333331,57.2,False,0.012083956492341194,0.02935042290626777,5.662781009510885,-0.004004172233147046,0.0006590880322237526,0.00017620997209474214,0.0006822367539836945,0.6343706834042239,6.0,0.2612441959835362,0.6205395857028293,True
2005-04-22,2005-06-03,30,31,42.0,2005-06-07,4,14.0,8.4,False,0.0053558262037213394,0.0008892311040585122,5.8105805404412125,-0.17814553670005964,-0.0038175480956249806,0.00037399943348823074,0.003835824427507004,0.1,12.043604579568392,3.043935796207937,0.38562016599234933,True
2005-04-08,2005-06-03,40,41,56.0,2005-06-04,1,18.666666666666657,11.200000000000001,False,0.009754393866720511,0.0039010761879917037,5.639673495368926,-0.03902750974877362,-0.00024072803055933756,-0.0066009113979307865,0.006605299483598722,0.19446550594964634,9.059464329178416,-1.6072490800405352,0.1268289468332036,True
2005-03-23,2005-06-03,50,51,72.0,2005-06-27,24,24.0,14.4,False,0.00842516227338638,0.00362015132597755,5.60010993967008,-0.0009372686158010211,6.977702533614473e-05,0.0004826446045569301,0.00048766243198823135,0.9,6.0,1.4272188541893491,0.288294285448558,True
2005-03-09,2005-06-03,60,61,86.0,2005-07-01,28,28.666666666666657,17.2,False,0.008333073828362389,0.004235847285165231,5.7325761077556505,-0.10978680800309262,-0.005505037730761069,0.0087546707203288,0.010341648796903004,0.1,6.0,2.13213181053689,0.1769331147594993,True
2005-02-23,2005-06-03,70,71,100.0,2005-07-06,33,33.333333333333314,20.0,False,0.009644350978249448,0.006603958911207936,5.659582957619292,-0.05962329048066893,-0.00938240934049474,0.002090220471907596,0.00961242043679866,0.1,6.0,2.9223914979350396,0.10337890592123329,True
2005-02-09,2005-06-03,80,81,114.0,2005-07-11,38,38.0,22.8,False,0.009769963952272807,0.007731627845925517,5.615418893594684,-0.029728676232566517,-0.00801522519081923,-0.003615998901703575,0.008793138399721945,0.1,6.0,-2.7177900487397744,0.05634824731350866,True
2005-01-26,2005-06-03,90,91,128.0,2005-07-15,42,42.66666666666666,25.6,False,0.009541046943155265,0.00828387348620581,5.674399308994026,-0.06756047408891667,-0.007780760897689748,-0.006495145544566754,0.01013544058204295,0.1,6.0,-2.4460071248088773,0.11109609812886705,True
2005-01-12,2005-06-03,100,101,142.0,2005-07-20,47,47.333333333333314,28.400000000000002,False,0.009400828947857426,0.008925934075594291,5.598216820205033,-0.0011925874517436067,-0.0003653981961477463,-0.0006213332950671641,0.0007208126700516901,0.710937938012409,6.0,-2.1024104091855316,0.19604161133416087,True
2004-12-28,2005-06-03,110,111,157.0,2005-07-25,52,52.333333333333314,31.400000000000002,False,0.008942837494978158,0.00887715201323618,5.621933454100264,-0.006046486773309957,-0.0006139277645317389,-0.002088086259166095,0.0021764676716600215,0.4740964635221918,6.0,-1.8567528871681718,0.21951608664553474,True
2004-12-13,2005-06-03,120,121,172.0,2005-07-30,57,57.333333333333314,34.4,False,0.00858254793392776,0.008912875613618284,5.678187965745551,-0.02950626800720748,-0.00024674494072619325,-0.005516704996446714,0.005522220303790326,0.2816409519270171,6.0,-1.61549340610905,0.2508101497888356,True
2004-11-29,2005-06-03,130,131,186.0,2005-08-03,61,62.0,37.2,False,0.008344098158554818,0.009120740604427325,5.710985419130979,-0.04732617853337574,0.006457531006381292,-0.0025169555969635354,0.0069307122415709806,0.23376882968284712,6.207484766310602,-0.37165692518746124,0.25715472606371076,True
2004-11-15,2005-06-03,140,141,200.0,2005-08-08,66,66.66666666666663,40.0,False,0.008128125004152316,0.009315364667720776,5.73705092103228,-0.061502738828892005,0.005069742745386465,0.005807311970479939,0.007708901596652942,0.21168241666185447,6.409671821606213,0.8531041618357901,0.26348199621881463,True
2004-11-01,2005-06-03,150,151,214.0,2005-08-09,67,71.33333333333331,42.800000000000004,False,0.008244524159507357,0.010263798971121774,5.994418721490238,-0.26424450253299886,0.009973079615623652,-0.009576871185901545,0.013826741435743972,0.1,6.068352720921806,-0.7651344705496059,0.31493092100303693,True
2004-10-18,2005-06-03,160,161,228.0,2005-08-18,76,76.0,45.6,False,0.009942658942356656,0.01591589116188799,6.1278525487812905,-0.34400081339701194,0.012118362147396767,-0.007802138302430359,0.014412774307041295,0.1,6.0,-0.5720239873019907,0.39779620271644717,True
2004-10-04,2005-06-03,170,171,242.0,2005-08-22,80,80.66666666666663,48.400000000000006,False,0.009756516118682598,0.016277422758373385,6.165297801599263,-0.3655685478571863,0.013289650967509052,-0.005210303300525521,0.014274525677642723,0.1,6.0,-0.3736404351819803,0.42683093424924673,True
2004-09-20,2005-06-03,180,181,256.0,2005-08-27,85,85.33333333333331,51.2,False,0.009875277704910519,0.017651320864587604,6.22077617657079,-0.39798352532102343,0.01416153556541501,-0.001928251417237098,0.014292209174882345,0.1,6.0,-0.13532894986168528,0.4641031119952801,True
2004-09-06,2005-06-03,190,191,270.0,2005-09-01,90,90.0,54.0,False,0.009792444519678646,0.018315366207158016,6.265816936092633,-0.42392340845573745,0.014111437505159571,0.0010500382130956415,0.014150450477316447,0.1,6.0,0.07427355544685264,0.4993049622169251,True
2004-08-23,2005-06-03,200,201,284.0,2005-09-05,94,94.66666666666663,56.800000000000004,False,0.01069273887135283,0.0229812675787589,6.336041086445396,-0.46484624125854485,0.013301665477297261,0.0047267770102876125,0.014116540843099818,0.1,6.0,0.3414350077603774,0.5488198164422156,True
2005-04-28,2005-06-09,30,31,42.0,2005-06-14,5,14.0,8.4,False,0.003856209590840106,0.0004609809246631038,5.636056521237406,-0.009513619548310391,-0.0008133603435114445,-0.0005815774225595676,0.0009998936677607698,0.5861543269604902,11.233318622526854,-2.5208501972388366,0.4964732569330189,True
2005-04-14,2005-06-09,40,41,56.0,2005-06-16,7,18.666666666666657,11.200000000000001,False,0.007579667143997139,0.00235550551456538,5.849672005207325,-0.19884500924049578,-0.004936698581315728,-0.001790596372988543,0.005251402503496037,0.1,12.977601027448756,-2.7936389173421174,0.29177291205441336,True
2005-03-31,2005-06-09,50,51,70.0,2005-07-02,23,23.33333333333333,14.0,False,0.00873698935853187,0.0038930841356060557,5.61445759946601,-0.001202822886749895,-0.0001256085095389628,0.0004870413491030416,0.000502977905483641,0.9,6.0,1.8231974029124716,0.3587104543667722,True
2005-03-15,2005-06-09,60,61,86.0,2005-07-07,28,28.666666666666657,17.2,False,0.007911415265053857,0.0038180199812637584,5.632486491704041,-0.00655239107697364,-0.0014890512150357222,0.0011902226252365337,0.0019062799948130146,0.5463513000917943,6.0,2.467268856419606,0.31299244194236453,True
2005-03-01,2005-06-09,70,71,100.0,2005-07-12,33,33.333333333333314,20.0,False,0.009564136597853202,0.006494562329230046,5.76826322418235,-0.1291238249150904,-0.011049845196644544,-0.0013389366888721574,0.011130670704257512,0.1,6.0,-3.021008093195715,0.1933453792467034,True
2005-02-15,2005-06-09,80,81,114.0,2005-07-17,38,38.0,22.8,False,0.009613420290881008,0.007485845824818937,5.725403604805835,-0.09964781441871844,-0.008101789694676807,-0.007037432261788799,0.010731470034251464,0.1,6.0,-2.4263836322607015,0.15475949722432258,True
2005-02-01,2005-06-09,90,91,128.0,2005-07-21,42,42.66666666666666,25.6,False,0.009017173436531346,0.007399156927388274,5.728647971955103,-0.10075746603653368,-0.004604522605346337,-0.009731790592964955,0.010766121705074053,0.1,6.0,-2.0127279247946825,0.155979204639443,True
2005-01-18,2005-06-09,100,101,142.0,2005-07-26,47,47.333333333333314,28.400000000000002,False,0.009195126418244765,0.008539585334597784,5.633190476447427,-0.008689971510517563,-0.0006043577041182984,-0.0026617834213200917,0.0027295309517464048,0.43487842845919455,6.0,-1.794061050720769,0.23075278137873986,True
2005-01-04,2005-06-09,110,111,156.0,2005-07-31,52,52.0,31.200000000000003,False,0.008851850079635494,0.008697432731390063,5.644040402664456,-0.009750703164923158,8.445453253789299e-05,-0.0027105702251801677,0.002711885601145347,0.4385543510178828,6.0,-1.5396489252261583,0.2628068883544142,True
2004-12-17,2005-06-09,120,121,174.0,2005-08-03,55,58.0,34.800000000000004,False,0.008523592686180251,0.008790847505868563,5.6840633508757845,-0.026441917023016934,0.0013993712767766831,-0.004660600278728622,0.004866151963138113,0.3129845882369051,6.015975968840147,-1.2791050644794655,0.28269890799533537,True
2004-12-03,2005-06-09,130,131,188.0,2005-08-07,59,62.66666666666666,37.6,False,0.008302335248014287,0.00902966894472508,5.703690385877548,-0.0409410502147431,0.004032695555438585,0.004801232245990109,0.006270124761341623,0.2513737567117728,6.422729746547366,0.8721779654726926,0.25555423584486503,True
2004-11-19,2005-06-09,140,141,202.0,2005-08-13,65,67.33333333333331,40.400000000000006,False,0.008101671586246783,0.009254828631287185,5.738383861918135,-0.058039459846868466,-0.0034103028964456335,0.006333952270168282,0.007193685926301996,0.22330424783796615,6.602456762049325,2.0647025943630424,0.2728747230796706,True
2004-11-05,2005-06-09,150,151,216.0,2005-08-13,65,72.0,43.2,False,0.008014896064342995,0.009700022397255344,5.754234055910167,-0.0679283591443169,-0.0015443037469450548,0.007563546713114971,0.007719592796534077,0.20909461833225101,6.5419581271540705,1.7722051741743563,0.2812495439670619,True
2004-10-22,2005-06-09,160,161,230.0,2005-08-19,71,76.66666666666663,46.0,False,0.00961927017435807,0.014897387748654456,6.1153334346655495,-0.33605162422502105,0.011908823031724637,-0.007364260907809672,0.014001871472029335,0.1,6.0,-0.5538297331654841,0.40000798571382684,True
2004-10-08,2005-06-09,170,171,244.0,2005-08-26,78,81.33333333333331,48.800000000000004,False,0.009703296968092183,0.016100329220718766,6.195293709437588,-0.3828863916758803,0.013878434197442842,-0.003028543299044853,0.014205034680948176,0.1,6.0,-0.2148512546487133,0.4492378937887053,True
2004-09-24,2005-06-09,180,181,258.0,2005-08-28,80,86.0,51.6,False,0.009828722113871032,0.01748528388889724,6.222468110785528,-0.3986310384927664,0.014089377315135113,-0.0013105890189179376,0.01415020129555591,0.1,6.0,-0.0927527503983495,0.46952340131251075,True
2004-09-10,2005-06-09,190,191,272.0,2005-09-01,84,90.66666666666663,54.400000000000006,False,0.009705762839846142,0.017992549969937606,6.259761431168204,-0.42013299029662043,0.014026754980688158,0.0010384744183270025,0.014065144308032521,0.1,6.0,0.07390043289880917,0.49784178189659595,True
2004-08-27,2005-06-09,200,201,286.0,2005-09-08,91,95.33333333333331,57.2,False,0.009992597094714221,0.020070251336155507,6.329293490516485,-0.4600253171160758,0.012878552145218478,0.0051241033984079296,0.013860502912762118,0.1,6.0,0.3786764551476482,0.553160925462651,True
2005-05-04,2005-06-15,30,31,42.0,2005-06-16,1,14.0,8.4,False,0.0038528966158292545,0.00046018918230032415,5.622327817100174,-0.0027296417062762325,-3.248656027506663e-05,0.0004496126964460374,0.0004507848194027635,0.8749485694786497,12.26999974864208,1.642925522793828,0.4317917441547764,True
2005-04-20,2005-06-15,40,41,56.0,2005-07-01,16,18.666666666666657,11.200000000000001,False,0.005429350262462877,0.0012085916151727343,6.095483195890701,-0.3582505003384296,0.0016287773125231442,0.003398315453499355,0.0037684829116346862,0.1,6.0,1.123853870929652,1.5844152175595612,True
2005-04-06,2005-06-15,50,51,70.0,2005-07-08,23,23.33333333333333,14.0,False,0.009235439280714498,0.00434996027409598,5.628346664518659,-0.001403382832700222,-0.0003282337472773062,0.0003770169805437828,0.0004998791818730338,0.9,6.0,2.2871330207297,0.4211166068494145,True
2005-03-21,2005-06-15,60,61,86.0,2005-07-13,28,28.666666666666657,17.2,False,0.007779723758914317,0.003691970207665971,5.630661144553381,-0.0013381626482616923,-0.0004411196666147759,0.00016640222677406834,0.00047146183445714824,0.9,6.0,2.780871018971324,0.4257489844758536,True
2005-03-07,2005-06-15,70,71,100.0,2005-07-18,33,33.333333333333314,20.0,False,0.008661192986856856,0.0053261547408460655,5.907849832978782,-0.21830480977304267,-0.011270978459817893,-0.004105804262123427,0.01199552350172971,0.1,6.0,-2.792252342530487,0.30331427350317236,True
2005-02-21,2005-06-15,80,81,114.0,2005-07-23,38,38.0,22.8,False,0.00904634887951393,0.006628750672040518,5.853018114813481,-0.18034199942912146,-0.007160254454640316,-0.009910821466335505,0.012226758605320263,0.1,6.0,-2.196443078500732,0.24582966651337007,True
2005-02-07,2005-06-15,90,91,128.0,2005-07-27,42,42.66666666666666,25.6,False,0.00911342728316374,0.007557964672941702,5.812670155551751,-0.1526187194127248,-0.0012363525214756643,-0.01195973793978438,0.012023472840476546,0.1,6.0,-1.6738066436174024,0.21155662405476827,True
2005-01-24,2005-06-15,100,101,142.0,2005-08-01,47,47.333333333333314,28.400000000000002,False,0.009018684288429757,0.008215003295731346,5.723729700300183,-0.05648781334645543,0.0007304929099035944,-0.007702975329282352,0.007737535060660597,0.21526471887481335,6.0,-1.4762465206688657,0.26192306215840927,True
2005-01-10,2005-06-15,110,111,156.0,2005-08-06,52,52.0,31.200000000000003,False,0.008639060509428005,0.00828430367989699,5.652187326725255,-0.007055737442945649,0.0006913448129358764,-0.0018484940258251977,0.001973547013345461,0.5227055444758363,6.0,-1.212898837754759,0.311458932981587,True
2004-12-23,2005-06-15,120,121,174.0,2005-08-11,57,58.0,34.800000000000004,False,0.008492677900742976,0.008727194929017941,5.7098629150217235,-0.03231040356850742,0.005005598825955188,-0.0011440879748133258,0.0051346817720786175,0.30840159342613305,6.15518619804569,-0.22470188443530745,0.3152856958983368,True
2004-12-09,2005-06-15,130,131,188.0,2005-08-16,62,62.66666666666666,37.6,False,0.008284430495485691,0.008990764311123861,5.795174473082955,-0.09497319191261962,-0.007726213446781722,0.004701428645740486,0.009044213925832356,0.17979022720994695,6.679529240822813,2.594943961332332,0.28265093980876715,True
2004-11-25,2005-06-15,140,141,202.0,2005-08-21,67,67.33333333333331,40.400000000000006,False,0.00806397271774258,0.009168899494942026,5.846543110787181,-0.13490851406358625,-0.0036221712375637052,-0.009761821470772297,0.01041216994201808,0.1482070326903112,6.989410496213895,-1.9261037605459814,0.27474283502147046,True
2004-11-11,2005-06-15,150,151,216.0,2005-08-24,70,72.0,43.2,False,0.00788530002710974,0.009388871434148066,5.855591380901885,-0.13905068538369383,0.00527476029048283,-0.00899071720276828,0.010423823288132239,0.14780082382308943,7.135824477122998,-1.040221377784321,0.2762986667874535,True
2004-10-28,2005-06-15,160,161,230.0,2005-08-09,55,76.66666666666663,46.0,False,0.00845856427103486,0.011519116833883625,5.806474356668027,-0.10146408991383622,0.004544095997989156,-0.00796996880829158,0.009174377975867454,0.1785406817854138,6.0,-1.05261285843683,0.3290952955721592,True
2004-10-14,2005-06-15,170,171,244.0,2005-08-27,73,81.33333333333331,48.800000000000004,False,0.009718888884589962,0.01615211299682208,6.204097131572962,-0.3878778763299493,0.013942048601908119,-0.002177443367453402,0.014111058742576154,0.1,6.0,-0.15492660417247955,0.4581251761542608,True
2004-09-30,2005-06-15,180,181,258.0,2005-08-26,72,86.0,51.6,False,0.009648222500747919,0.01684896373373285,6.191359049966939,-0.3804285352578171,0.013768154879172476,-0.002872285607748812,0.014064569434908478,0.1,6.0,-0.2056682458218501,0.4508119226098118,True
2004-09-16,2005-06-15,190,191,272.0,2005-08-31,77,90.66666666666663,54.400000000000006,False,0.009653678133450205,0.017799958787312633,6.241346795568844,-0.40945597221337765,0.014062815483787516,8.486597359634585e-05,0.014063071555123666,0.1,6.0,0.006034705033627243,0.4852614293262255,True
2004-09-02,2005-06-15,200,201,286.0,2005-09-05,82,95.33333333333331,57.2,False,0.009663085544679182,0.018768419671001343,6.291848936299438,-0.43854548573517443,0.013599305523037092,0.0030850374311869877,0.013944840144681902,0.1,6.0,0.22307704563102843,0.5241430775172435,True
2005-05-10,2005-06-21,30,31,42.0,2005-07-04,13,14.0,8.4,False,0.00401811819330983,0.000500503488277631,5.653668414457247,-0.002533366921407985,4.591891216135875e-05,0.00014296560856018803,0.00015015895486139843,0.9,6.0,1.2600156344263764,2.530685156685825,True
2005-04-26,2005-06-21,40,41,56.0,2005-06-26,5,18.666666666666657,11.200000000000001,True,0.005001291770034819,0.0010255296941297386,5.63803992192202,-0.0024303487409059565,-0.00015053145946370344,0.0001425913613523393,0.00020734516300262708,0.9,6.717016640535781,2.383275823909877,1.570510244051598,True
2005-04-12,2005-06-21,50,51,70.0,2005-07-14,23,23.33333333333333,14.0,False,0.008389309819892674,0.0035894064819615296,5.646275158907324,-0.0017399590399799665,-0.00034263394132932315,0.00020938664873057023,0.00040154798768949804,0.9,6.0,2.593044865826397,0.6499692788868157,True
2005-03-29,2005-06-21,60,61,84.0,2005-07-19,28,28.0,16.8,False,0.008132879496984484,0.004034767463660707,5.641713261907183,-0.0014597069992157465,-0.0004637536837363151,-5.2102422085215355e-06,0.0004637829511774593,0.9,6.0,-3.130358191872151,0.47210888051506206,True
2005-03-11,2005-06-21,70,71,102.0,2005-07-25,34,34.0,20.400000000000002,False,0.007666923364382752,0.0041735016851475884,5.641683251108351,-0.0013231631084519838,-0.00035830046099028136,-0.00023889039056725086,0.0004306365509930872,0.9,6.0,-2.5535448059331824,0.4608862527114741,True
2005-02-25,2005-06-21,80,81,116.0,2005-07-29,38,38.66666666666666,23.200000000000003,False,0.00888134680033776,0.00638914400001745,5.94869599580089,-0.23939942162410988,-0.003418307225591881,-0.012417454672840958,0.012879363526222615,0.1,6.0,-1.8394251013037415,0.3097971691130652,True
2005-02-11,2005-06-21,90,91,130.0,2005-08-03,43,43.333333333333314,26.0,False,0.008963680277323244,0.007311628334380708,5.908752151704389,-0.21172894847356896,0.00284212949378648,-0.012696621019751636,0.013010837228197503,0.1,6.0,-1.3505774243457105,0.2712212708529666,True
2005-01-28,2005-06-21,100,101,144.0,2005-08-08,48,48.0,28.8,False,0.008539337525637706,0.007364948823053193,5.941273078328705,-0.23104936366488127,0.006233483347447721,-0.011649728131538375,0.013212587944141173,0.1,6.0,-1.0794836742511,0.2914510574331187,True
2005-01-14,2005-06-21,110,111,158.0,2005-08-12,52,52.66666666666666,31.6,False,0.008450139063632718,0.007925938371615211,5.658912172593327,-0.004977774111432648,0.0008951686118043054,-0.0010747366653421594,0.0013987085984544572,0.6048126277444181,6.0,-0.8763026122513877,0.3587381298220833,True
2004-12-30,2005-06-21,120,121,173.0,2005-08-15,55,57.66666666666666,34.6,False,0.008436923007707476,0.008612982050396036,5.695602291667129,-0.017478203944920466,0.0030293278339740513,-0.0013159390224663707,0.0033028052677291867,0.4112423125643057,6.069718863157373,-0.4098052403832528,0.35854448835010627,True
2004-12-15,2005-06-21,130,131,188.0,2005-08-22,62,62.66666666666666,37.6,False,0.008271768084532295,0.008963301289001607,5.902905236613827,-0.1711753605701665,-0.009925909263179152,-0.00544025648122682,0.011319013441214571,0.13687164999717577,6.828428851120981,-2.640219757403918,0.3031275363476936,True
2004-12-01,2005-06-21,140,141,202.0,2005-08-27,67,67.33333333333331,40.400000000000006,False,0.008066081150343834,0.009173694782474425,6.016909695685149,-0.2737249444996399,0.011865539968124356,-0.005845979449484465,0.01322749086028606,0.1,7.221600486961832,-0.4577789026471002,0.2865520023393966,True
2004-11-17,2005-06-21,150,151,216.0,2005-08-31,71,72.0,43.2,False,0.007887056064978385,0.009393053659188964,6.038364912891234,-0.2859446532858286,0.010966449796234318,0.0074742619658211065,0.013271307888337445,0.1,7.388844324015698,0.5982406591729429,0.2916028331187444,True
2004-11-03,2005-06-21,160,161,230.0,2005-08-30,70,76.66666666666663,46.0,False,0.007876201265610921,0.009987561966602183,6.057986546374156,-0.2981462076778893,0.011555711239827404,-0.0065501142773689985,0.013283013939045105,0.1,7.171958094548091,-0.5156720082892666,0.3129643848437535,True
2004-10-20,2005-06-21,170,171,244.0,2005-08-21,61,81.33333333333331,48.800000000000004,False,0.009581371578100394,0.015698258505314734,5.871365666329268,-0.12486399806225788,0.008160152958563944,-0.003879992934968844,0.00903562070267273,0.18143518717478985,6.0,-0.44384024093041535,0.4178780039080419,True
2004-10-06,2005-06-21,180,181,258.0,2005-08-22,62,86.0,51.6,False,0.009550287579791976,0.016508646707067923,5.851051339442482,-0.10602938102598197,0.007697210007139953,-0.002962185557369962,0.00824751994058254,0.20020986152276868,6.0,-0.3673684999895056,0.42898002158002535,True
2004-09-22,2005-06-21,190,191,272.0,2005-08-30,70,90.66666666666663,54.400000000000006,False,0.009701588200221089,0.01797707539887379,6.009998513046524,-0.2135860216657404,0.010852679854809331,-0.0004273947762204258,0.01086109231733737,0.14652237847592442,6.0,-0.03936115670339966,0.48023303410773177,True
2004-09-08,2005-06-21,200,201,286.0,2005-09-03,74,95.33333333333331,57.2,False,0.009606247305032982,0.018548277444376135,6.175559521652039,-0.3429530884621146,0.012718139072256704,0.0018044420153595087,0.012845507870382444,0.11448799874797799,6.0,0.14093874147434657,0.5094389566461567,True
2005-05-16,2005-06-27,30,31,42.0,2005-07-11,14,14.0,8.4,False,0.005739559711529135,0.0010212189161484606,5.656309076786861,-0.0022865586724371335,-6.596466233115157e-05,0.00017559696303350275,0.0001875783305796599,0.9,6.0,1.9301450384738605,1.8284830652115929,True
2005-05-02,2005-06-27,40,41,56.0,2005-07-15,18,18.666666666666657,11.200000000000001,False,0.00535198369865115,0.0011743929099357335,5.659569467794467,-0.0021419190158759355,-0.00014747582665587374,0.00016735982586292433,0.0002230659784922427,0.9,6.0,2.293121504227657,1.4403265551880802,True
2005-04-18,2005-06-27,50,51,70.0,2005-07-20,23,23.33333333333333,14.0,False,0.005479561618041779,0.0015313053718217487,5.662239348641563,-0.002032431568877773,-0.00023939972160111925,5.3614060497561176e-05,0.00024532976620404126,0.9,6.0,2.9212758804576473,1.2426732395697526,True
2005-04-04,2005-06-27,60,61,84.0,2005-07-25,28,28.0,16.8,False,0.00812923688468901,0.004031154031970684,5.6480324860626885,-0.0014486768098664398,-0.0004050180442002053,-0.00021454482072706058,0.00045833295346130854,0.9,6.0,-2.654455274719228,0.47411280345197804,True
2005-03-17,2005-06-27,70,71,102.0,2005-07-31,34,34.0,20.400000000000002,False,0.0074129279499749005,0.0039015565561978543,5.6523713929121655,-0.0014335162175057765,-0.00010254210672747458,-0.00039715755899665873,0.0004101816796497538,0.9,6.090196076221936,-1.8234682396847457,0.5164610640686396,True
2005-03-03,2005-06-27,80,81,116.0,2005-08-04,38,38.66666666666666,23.200000000000003,False,0.008447545439608243,0.0057802429402939275,6.0267351738653945,-0.28713932713808915,0.0005687205866552747,-0.01284574797319838,0.012858331310734524,0.1,6.0,-1.5265521581865058,0.3721832434280392,True
2005-02-17,2005-06-27,90,91,130.0,2005-08-09,43,43.333333333333314,26.0,False,0.008329175200240485,0.0063131395159834024,5.992084476024128,-0.26274288343259267,0.006246319829788918,-0.011750179601047066,0.013307262380853427,0.1,6.0,-1.0821944720506123,0.32907204591610667,True
2005-02-03,2005-06-27,100,101,144.0,2005-08-14,48,48.0,28.8,False,0.008111021550123741,0.0066446557292437446,5.977714203366584,-0.2517900483314562,0.010191443566478837,-0.008730899751527868,0.013419915515380576,0.1,6.0,-0.7083647000464823,0.31270694668045096,True
2005-01-20,2005-06-27,110,111,158.0,2005-08-18,52,52.66666666666666,31.6,False,0.008424485135519784,0.007877886427643909,5.651177713080411,-0.0016658975851651901,0.00046184136639290955,-0.00030483120394515274,0.000553371042439267,0.8064016485409934,6.0,-0.5833969910168486,0.40460572742658063,True
2005-01-06,2005-06-27,120,121,172.0,2005-08-17,51,57.333333333333314,34.4,False,0.008382960540961881,0.008503157319190192,5.673592801705242,-0.007041926196802615,0.0014101419555213024,-0.000959142172875872,0.001705419022560289,0.5586531053474579,6.0099112990325665,-0.5972957659511678,0.3838261158683385,True
2004-12-21,2005-06-27,130,131,188.0,2005-08-28,62,62.66666666666666,37.6,False,0.008259772818262316,0.008937323958218954,5.857788321982775,-0.12110911572846039,-0.0007175453986183467,-0.0094955392613458,0.009522611892901963,0.17630220632723873,6.9672164243114025,-1.6462195584572028,0.32182456781223173,True
2004-12-07,2005-06-27,140,141,202.0,2005-09-01,66,67.33333333333331,40.400000000000006,False,0.008072915387611622,0.009189246762630648,6.064878566733487,-0.3016780463144883,0.012194248002794526,0.005554427017961008,0.013399677005492092,0.1,7.3380792739788605,0.42741470856902775,0.3068082106050075,True
2004-11-23,2005-06-27,150,151,216.0,2005-09-06,71,72.0,43.2,False,0.007899736202554497,0.009423280642562471,6.074010314199886,-0.30611113282009794,-0.005624024466494688,0.011990510313084318,0.013243941587303694,0.1,7.606255701710098,2.009370311371239,0.3038721836954747,True
2004-11-09,2005-06-27,160,161,230.0,2005-09-09,74,76.66666666666663,46.0,False,0.007784737038470343,0.009756943052059253,6.084650272035577,-0.31175861207400535,-0.013182644034645481,0.00013500222165909598,0.013183335289069568,0.1,7.792346801888447,3.131352105328279,0.3034763758512666,True
2004-10-26,2005-06-27,170,171,244.0,2005-08-14,48,81.33333333333331,48.800000000000004,False,0.008908711486876074,0.013571439000944006,5.851664935859593,-0.12671980447553804,0.0066335027427557695,-0.007153097999989578,0.009755519957214132,0.16695008100918696,6.0,-0.8230687583717737,0.3614343762205929,True
2004-10-12,2005-06-27,180,181,258.0,2005-08-21,55,86.0,51.6,False,0.009588619715239829,0.016641434675870953,5.781493196096295,-0.06067753327129454,0.005630214087162301,-0.002401723901844517,0.006121077386210051,0.25707429608704413,6.0,-0.4032062331636276,0.424724635055201,True
2004-09-28,2005-06-27,190,191,272.0,2005-08-22,56,90.66666666666663,54.400000000000006,False,0.00961772064528965,0.017667605128468673,5.782570068581566,-0.06032722781531203,0.005630767909938204,-0.0021617553606447897,0.006031478549648198,0.2589633132743546,6.0,-0.3665665179233126,0.4316945578963452,True
2004-09-14,2005-06-27,200,201,286.0,2005-08-27,61,95.33333333333331,57.2,False,0.009636021586703278,0.01866343531590172,5.794323124641548,-0.060949785864055236,0.005662746858162046,-0.000789272114579017,0.005717486550091409,0.2655980219618546,6.0,-0.13848754097972754,0.4718898308043205,True
2005-05-20,2005-07-01,30,31,42.0,2005-07-15,14,14.0,8.4,False,0.00430302845779276,0.0005739976711658044,5.645556731810069,-0.001559026139526203,3.700895640329342e-05,0.0002889978560050795,0.00029135789611677514,0.9,6.0,1.4434299237686432,0.8026345743353483,True
2005-05-06,2005-07-01,40,41,56.0,2005-07-19,18,18.666666666666657,11.200000000000001,False,0.005006077333952247,0.001027493221213928,5.6567190860216625,-0.0018732704635522491,-0.00027083408409183085,0.0001209379779412377,0.0002966093316373849,0.9,6.0,2.7216206321814846,0.9473423104447637,True
2005-04-22,2005-07-01,50,51,70.0,2005-07-24,23,23.33333333333333,14.0,False,0.005377027939469732,0.001474533902553744,5.662683072986574,-0.0019075145392367608,-0.0002525503895689288,-6.547209069978965e-05,0.00026089901098321394,0.9,6.0,-2.8879331617765898,1.0966970699015923,True
2005-04-08,2005-07-01,60,61,84.0,2005-07-29,28,28.0,16.8,False,0.007924354792425675,0.003830519331450626,5.653847306411388,-0.001489180904636187,-0.000305745006717674,-0.0002970920039649047,0.00042631404850494134,0.9,6.0,-2.3705473059764617,0.5239731988162218,True
2005-03-23,2005-07-01,70,71,100.0,2005-08-03,33,33.333333333333314,20.0,False,0.007555012884870585,0.004052553598029799,5.655095305677897,-0.0014107085467388594,-0.00013169940831482833,-0.0003810709763629991,0.0004031870821054728,0.9,6.015082803833254,-1.903548957323459,0.5235179627525843,True
2005-03-09,2005-07-01,80,81,114.0,2005-08-07,37,38.0,22.8,False,0.007514846117055229,0.004574305885204624,5.654803252389333,-0.0013281093201887994,5.297921624737291e-05,-0.00037946055649846664,0.0003831411114619676,0.9,6.040633060055828,-1.4320758571365342,0.5164581365559333,True
2005-02-23,2005-07-01,90,91,128.0,2005-08-12,42,42.66666666666666,25.6,False,0.008194433570340632,0.006110535480024021,5.782696726500133,-0.06723279360337264,0.003899070747615094,-0.005797513611501957,0.006986695697571077,0.24234136094682918,6.0,-0.9787372845201542,0.3886741173838671,True
2005-02-09,2005-07-01,100,101,142.0,2005-08-17,47,47.333333333333314,28.400000000000002,False,0.008148806527533657,0.006706707830140689,6.011906347672201,-0.2720142906069642,0.011555685652398132,-0.007025037987599458,0.013523499163465626,0.1,6.0,-0.5462293575476485,0.3352365726737151,True
2005-01-26,2005-07-01,110,111,156.0,2005-08-21,51,52.0,31.200000000000003,False,0.00829849228473737,0.007644012136182868,5.6601284668095415,-0.002567277897714823,0.0006931190442321325,-0.0002998294987578598,0.0007551898687102829,0.733005891444358,6.0,-0.40827349315602274,0.4153105291727605,True
2005-01-12,2005-07-01,120,121,170.0,2005-08-23,53,56.66666666666666,34.0,False,0.00809849426487788,0.007935858732349449,5.650318684241924,-0.0010134034948838656,0.00032639024836826153,-0.00012668009288929998,0.00035011203944499986,0.9,6.0,-0.3702272532317877,0.43417679801456704,True
2004-12-28,2005-07-01,130,131,185.0,2005-08-21,51,61.66666666666666,37.0,False,0.008276032972850823,0.008972546551570537,5.720383919986034,-0.025054817390049774,0.0030153451398105225,0.002594900941556755,0.00397816756920458,0.36950498003577664,6.241619572059529,0.7105957900800683,0.37284744414496157,True
2004-12-13,2005-07-01,140,141,200.0,2005-09-05,66,66.66666666666663,40.0,False,0.008142297605305474,0.009347878451364217,6.10118144789978,-0.32300487833936475,0.01187918052135176,0.006286139326041898,0.013439883834515593,0.1,7.318605483102418,0.4867125696498235,0.32838645078858447,True
2004-11-29,2005-07-01,150,151,214.0,2005-09-09,70,71.33333333333331,42.800000000000004,False,0.007986301991979299,0.00963093394557097,6.103487677128283,-0.3230999864682559,-0.008243397000756034,0.010218250766451345,0.013128832500955943,0.1,7.623172888677021,2.249629110633571,0.3228308747115656,True
2004-11-15,2005-07-01,160,161,228.0,2005-09-14,75,76.0,45.6,False,0.007807040749778377,0.009812931528260719,6.113119845989294,-0.32761609589243995,-0.006143929060570451,-0.011502423371865838,0.013040460410850822,0.1,7.95958007638929,-2.0613831370610955,0.3156328155377201,True
2004-11-01,2005-07-01,170,171,242.0,2005-09-01,62,80.66666666666663,48.400000000000006,False,0.00795501235542127,0.010821259889308765,6.090464739236952,-0.3172975909713099,0.008146446791006508,-0.0103814778828267,0.013196199390366916,0.1,7.0752173150243625,-0.9054485008684642,0.3398428381980423,True
2004-10-18,2005-07-01,180,181,256.0,2005-08-20,50,85.33333333333331,51.2,False,0.009506374038566157,0.016357177672363554,5.793497550721244,-0.07089904493417708,0.006011720815550713,-0.003154978553657003,0.006789306064551911,0.2370330563838856,6.0,-0.48329378540359075,0.4125462689819975,True
2004-10-04,2005-07-01,190,191,270.0,2005-08-20,50,90.0,54.0,False,0.009408226633421715,0.016906313121692704,5.789269396745134,-0.06790338461445876,0.005888341078886029,-0.003066231982166049,0.006638850746157397,0.24198453183365323,6.0,-0.48009322570340424,0.4125103717527459,True
2004-09-20,2005-07-01,200,201,284.0,2005-08-24,54,94.66666666666663,56.800000000000004,False,0.009598772413782174,0.018519422802168714,5.765803963160722,-0.0477269987490648,0.004922273359479312,-0.0013077488588164633,0.00509303270195426,0.289218883013439,6.0,-0.2596808658289425,0.45171348374586745,True
2005-05-26,2005-07-07,30,31,42.0,2005-07-13,6,14.0,8.4,False,0.004833088126263226,0.0007241209659230239,5.6362352399157665,-0.00113669497737647,0.00023477649241295613,0.00023736561973251592,0.00033385990897490553,0.9,6.0,0.7908818965787756,0.5107059638576922,True
2005-05-12,2005-07-07,40,41,56.0,2005-07-25,18,18.666666666666657,11.200000000000001,False,0.005360080347369654,0.0011779489145405937,5.658356135260968,-0.0017327923016723014,-0.0002840349720062112,-8.371059097458488e-05,0.00029611370850381684,0.9,6.0,-2.854987542235465,0.8777670124228474,True
2005-04-28,2005-07-07,50,51,70.0,2005-07-30,23,23.33333333333333,14.0,False,0.005447515136847464,0.0015134464794752946,5.665479656972434,-0.0018111463341920295,-0.00015471446066924946,-0.000199545969755731,0.00025249783837873115,0.9,6.0,-2.230314046324257,1.0759377263313967,True
2005-04-14,2005-07-07,60,61,84.0,2005-08-03,27,28.0,16.8,False,0.006542784354080849,0.0026112896533443146,5.663445759264791,-0.0016140379332731565,-0.00010899031723910331,-0.0002977353281267158,0.0003170571160951974,0.9,6.0,-1.9217101646743546,0.7636027633528354,True
2005-03-31,2005-07-07,70,71,98.0,2005-08-08,32,32.66666666666666,19.6,False,0.007811267860705437,0.004332129297009968,5.65669051511292,-0.0013226289657228116,8.009892395068605e-06,-0.0004079864128912388,0.0004080650333954638,0.9,6.0,-1.5511661056485648,0.4861831537184268,True
2005-03-15,2005-07-07,80,81,114.0,2005-08-13,37,38.0,22.8,False,0.007682982533376773,0.004781285869261979,5.664023140863323,-0.0014197342293659936,0.00012172597589446647,0.0003391379926897226,0.0003603217885350185,0.9,6.5575865936568,1.2261904589442445,0.5407730050513573,True
2005-03-01,2005-07-07,90,91,128.0,2005-08-18,42,42.66666666666666,25.6,False,0.008451055315637326,0.006499250571264533,5.670745971598817,-0.0036281399189977428,0.0006861335190165461,-0.0005980462709836245,0.0009101859964619583,0.6930909548386209,6.0,-0.7169112719493009,0.46046100660030725,True
2005-02-15,2005-07-07,100,101,142.0,2005-08-23,47,47.333333333333314,28.400000000000002,False,0.008344048160321329,0.007031937109877939,5.760538423546831,-0.04684621540327661,0.005479913887619912,-0.0015853528484520395,0.005704629687352595,0.2867723764466714,6.0,-0.28161392143909386,0.39249408682081754,True
2005-02-01,2005-07-07,110,111,156.0,2005-08-27,51,52.0,31.200000000000003,False,0.008125965282045691,0.007329475605916322,5.693804524708235,-0.010504071149625894,0.002110556286696774,-3.199065923322397e-05,0.002110798721241192,0.5011852454438497,6.013636055988052,-0.015156293076960469,0.4147362231768913,True
2005-01-18,2005-07-07,120,121,170.0,2005-08-28,52,56.66666666666666,34.0,False,0.008254645426314591,0.008244839704815344,5.655677735326771,-0.0010414328229123497,0.0003012571150547745,0.00016368685398050623,0.00034285453991038416,0.9,6.131320104247041,0.4977202382772603,0.44587166684167645,True
2005-01-04,2005-07-07,130,131,184.0,2005-09-06,61,61.333333333333314,36.800000000000004,False,0.008391461991331275,0.009224579100106427,5.697984793463089,-0.008936346366077931,-0.0008060175899124067,-0.001548624586862929,0.0017458242942188034,0.534557882350693,6.793657512413322,-2.050688025505512,0.4027639110772294,True
2004-12-17,2005-07-07,140,141,202.0,2005-09-12,67,67.33333333333331,40.400000000000006,False,0.008296769137746594,0.009705929315634075,5.909653693537363,-0.13762911392822796,0.003647815101436927,0.00842688850252346,0.009182538039574537,0.17969567259796645,7.378782995235819,1.1622718644442962,0.3650063820879999,True
2004-12-03,2005-07-07,150,151,216.0,2005-09-17,72,72.0,43.2,False,0.008194011972684092,0.010138416663482027,6.16549598969679,-0.358813702708392,-0.013064256295972385,0.0002911719917846889,0.013067500667520701,0.1,7.7222723924968495,3.1193086607455083,0.35557512573005284,True
2004-11-19,2005-07-07,160,161,230.0,2005-09-21,76,76.66666666666663,46.0,False,0.008016837409788967,0.010347418810853694,6.171793581681816,-0.36132114916430236,0.001409781844613607,-0.012780227606793062,0.012857748734939474,0.1,8.011314595205372,-1.4609309078778416,0.35077179238316736,True
2004-11-05,2005-07-07,170,171,244.0,2005-09-26,81,81.33333333333331,48.800000000000004,False,0.007936516294700309,0.010770997743223442,6.180992303719336,-0.3656443846316805,0.012422193363163539,0.0028340113296451905,0.012741369948650796,0.1,8.294702478341796,0.22430205086222166,0.3459728103966842,True
2004-10-22,2005-07-07,180,181,258.0,2005-08-22,46,86.0,51.6,False,0.009370766488950162,0.015893838890868074,5.87120360852667,-0.12560564829675336,0.008455672608563608,-0.002773421522322076,0.008898891290699769,0.17994553641608751,6.0256001264131545,-0.3169387248848383,0.4215159753112046,True
2004-10-08,2005-07-07,190,191,272.0,2005-08-23,47,90.66666666666663,54.400000000000006,False,0.009458648117937077,0.01708801062582033,5.805031760715477,-0.07287706305000424,0.006266405500435481,-0.0020663861118403095,0.006598317168725263,0.2400673922257501,6.0,-0.318527693627517,0.44191587117623726,True
2004-09-24,2005-07-07,200,201,286.0,2005-08-25,49,95.33333333333331,57.2,False,0.009603056933479489,0.018535959195997348,5.7913452241483885,-0.06200353718277539,0.005733083252761984,-0.0013993276627145834,0.005901386404120492,0.2602608557511002,6.0,-0.23939864150180803,0.4557430108151358,True
2005-06-01,2005-07-13,30,31,42.0,2005-07-14,1,14.0,8.4,False,0.003821687171015658,0.00045276407782627557,5.6381335208361145,-0.002089418060514985,0.0002571949263366432,-0.0005747604365675973,0.0006296814985186451,0.7040504457782095,7.38324390362215,-1.1500383773018148,0.3164178488995304,True
2005-05-18,2005-07-13,40,41,56.0,2005-07-31,18,18.666666666666657,11.200000000000001,False,0.004842460571096674,0.000961426399687663,5.659581293813432,-0.001572464710138567,-0.00018757022534068006,-0.00018508647990054486,0.0002635139360191948,0.9,6.0,-2.36285936064467,0.8950938613872926,True
2005-05-04,2005-07-13,50,51,70.0,2005-08-05,23,23.33333333333333,14.0,False,0.004991534026577045,0.001270686008862299,5.6660771819310005,-0.001646015265956598,0.00011719195168944819,-0.00024303725043232915,0.00026981671304514965,0.9,6.175535540230897,-1.1214918883797194,0.8890637344798581,True
2005-04-20,2005-07-13,60,61,84.0,2005-08-08,26,28.0,16.8,False,0.0053141986077455015,0.0017226831173964177,5.671691928103004,-0.001716308562295013,0.0002461471840961104,-2.7266253371304534e-05,0.0002476527504619172,0.9,6.311025163899033,-0.11032238358810179,0.988313689593266,True
2005-04-06,2005-07-13,70,71,98.0,2005-08-02,20,32.66666666666666,19.6,False,0.007853173901137045,0.0043787361628265025,5.656420067634354,-0.001431441176423569,-0.00019089442609755898,-0.00038701321157401353,0.00043153204730118086,0.9,6.0,-2.0290297006964977,0.49756716287093655,True
2005-03-21,2005-07-13,80,81,114.0,2005-08-02,20,38.0,22.8,False,0.007535990697406175,0.004600083619102785,5.658450418440758,-0.0014994477266650332,-8.643941858537963e-05,-0.00039317338434462153,0.00040256314193227126,0.9,6.070838850259962,-1.7872041587318546,0.5521932910130573,True
2005-03-07,2005-07-13,90,91,128.0,2005-08-10,28,42.66666666666666,25.6,False,0.008360714745490643,0.006361041146047285,5.660210759994429,-0.0013445838038037249,7.877160193301477e-05,-0.0003744972762324894,0.0003826920108607532,0.9,6.0,-1.3634789122823887,0.5270232062512146,True
2005-02-21,2005-07-13,100,101,142.0,2005-08-29,47,47.333333333333314,28.400000000000002,False,0.008426821129492038,0.007172142749193801,5.661208675482786,-0.001109438283670206,0.000327666323465783,-5.1982707129958e-05,0.00033176410501159124,0.9,6.0,-0.15733405358096092,0.5016086431192326,True
2005-02-07,2005-07-13,110,111,156.0,2005-09-03,52,52.0,31.200000000000003,False,0.008312305438325276,0.0076694808087013275,5.679850825322824,-0.004435111173432297,0.0010340673980563718,0.0002482108934954419,0.0010634397168494698,0.6443653221307861,6.0,0.23557672610782354,0.44789121481205035,True
2005-01-24,2005-07-13,120,121,170.0,2005-09-06,55,56.66666666666666,34.0,False,0.00849822706658786,0.008738603456309668,5.66353416159361,-0.0010625979658183413,-0.00020019584540378893,0.0002524618038873191,0.00032220387790803654,0.9,6.397049185688724,2.2412388992940437,0.4639818974281043,True
2005-01-10,2005-07-13,130,131,184.0,2005-09-11,60,61.333333333333314,36.800000000000004,False,0.008326174438690317,0.009081598682638501,5.665386050203329,-0.0010444272852909143,-0.0002592621941914057,-0.00016248169202214978,0.00030596925593811365,0.9,6.637875824110324,-2.581766053970781,0.462821797190257,True
2004-12-23,2005-07-13,140,141,202.0,2005-09-17,66,67.33333333333331,40.400000000000006,False,0.008584270389988121,0.01039024743610818,5.7513504893693135,-0.02420021852788137,0.0026851826916001542,0.0016760503884429906,0.003165335841876648,0.39749613129676814,7.203984363814697,0.5580129341077851,0.42185153810134624,True
2004-12-09,2005-07-13,150,151,216.0,2005-09-22,71,72.0,43.2,False,0.00853621685490904,0.01100291672729901,6.152716209318012,-0.32526151045197893,-0.012098048088252742,-0.0013653696621995157,0.012174851204845613,0.1142610506596022,7.691463003311117,-3.029209514271777,0.39687913736923197,True
2004-11-25,2005-07-13,160,161,230.0,2005-09-27,76,76.66666666666663,46.0,False,0.008446805301635005,0.011487111688400404,6.231236343509581,-0.39542463507008313,0.0034637107646625087,-0.012041729313416445,0.01252998551949809,0.1,7.9888822480148685,-1.2907150694884697,0.39502732099675286,True
2004-11-11,2005-07-13,170,171,244.0,2005-10-02,81,81.33333333333331,48.800000000000004,False,0.008355411583301827,0.011938006366210011,6.22761790678705,-0.3917753934972268,0.007969223187766827,0.00930371254450068,0.012250207562614593,0.1,8.367709178481183,0.8625039709780847,0.3821968738229896,True
2004-10-28,2005-07-13,180,181,258.0,2005-10-05,84,86.0,51.6,False,0.008620279894235564,0.013449969807348104,6.2671789915762615,-0.41501299790154467,0.010089568772378724,0.007187255781171478,0.012387737633504464,0.1,8.278716660593746,0.6189633643145818,0.4046752847488131,True
2004-10-14,2005-07-13,190,191,272.0,2005-08-28,46,90.66666666666663,54.400000000000006,False,0.009656345666950542,0.01780979722317019,5.824044213081356,-0.07885505053803246,0.006423608476546818,-0.0008440453348289925,0.006478823842890832,0.2378964588852298,6.0,-0.13064891616123975,0.4825808341946265,True
2004-09-30,2005-07-13,200,201,286.0,2005-08-27,45,95.33333333333331,57.2,False,0.009605760336466195,0.018546396959967057,5.842061205410979,-0.09317541742381688,0.0070154013611164676,-0.0014353562285188103,0.007160733465246596,0.2183673039593651,6.0,-0.20181539787778,0.47356565722574495,True
2005-06-07,2005-07-19,30,31,42.0,2005-07-20,1,14.0,8.4,False,0.0036787307594287684,0.00041952486001138833,5.649898410790471,-0.005721807344602825,0.0007831871203276517,0.0007421512327645623,0.0010789673385886522,0.49118268111758656,11.258014306634642,0.7585018412036568,0.23136953920860656,True
2005-05-24,2005-07-19,40,41,56.0,2005-07-30,11,18.666666666666657,11.200000000000001,False,0.004400332028596831,0.0007938798004376991,5.653990890240958,-0.001405646215616929,-0.00022867973056551116,-9.518743403568033e-05,0.0002476995493936389,0.9,6.0,-2.74715849377166,0.8512204921594987,True
2005-05-10,2005-07-19,50,51,70.0,2005-08-11,23,23.33333333333333,14.0,False,0.004699399537725506,0.0011263021567739099,5.675271939393954,-0.0017669189028245585,0.00012704242624852276,-0.0002136633581309599,0.00024857958217623216,0.9,6.0,-1.034363122144343,1.0662091918546368,True
2005-04-26,2005-07-19,60,61,84.0,2005-08-15,27,28.0,16.8,False,0.005262787788904336,0.001689513053973476,5.6797046386292385,-0.001741250102885588,-3.012742688159884e-05,0.0002119250306339219,0.00021405578819479472,0.9,6.570283604828503,1.7120108757835657,1.114275476421818,True
2005-04-12,2005-07-19,70,71,98.0,2005-08-01,13,32.66666666666666,19.6,False,0.007184476873717285,0.003664786264377473,5.657675519095537,-0.0015063526474729519,-0.0001769928507559988,-0.00032506429008748194,0.0003701260081496758,0.9,6.0,-2.0693960384838412,0.6104756005948367,True
2005-03-29,2005-07-19,80,81,112.0,2005-07-31,12,37.333333333333314,22.400000000000002,False,0.0075083390932572155,0.004566387631086102,5.655107174228634,-0.0014539193961163378,-0.00023597774986654896,-0.00034302516870402287,0.0004163553347760815,0.9,6.0,-2.173376485374665,0.5238023659159783,True
2005-03-11,2005-07-19,90,91,130.0,2005-08-02,14,43.333333333333314,26.0,False,0.007456629495311824,0.0050597204321622385,5.656094726740965,-0.001435561695900084,-0.00017710122617759248,-0.00036603246159976044,0.00040662588119595494,0.9,6.0,-2.021432736827722,0.5295635726670384,True
2005-02-25,2005-07-19,100,101,144.0,2005-09-05,48,48.0,28.8,False,0.008830671496497916,0.007876056666985133,5.667481876880588,-0.0011206607882537365,0.0003144212533108858,5.372738804701357e-05,0.0003189786148943885,0.9,6.0,0.16924248517431678,0.5269918119549076,True
2005-02-11,2005-07-19,110,111,158.0,2005-09-09,52,52.66666666666666,31.6,False,0.008700009080907487,0.008401607538873873,5.665937170417051,-0.0010463008957220755,0.0002790717161062359,0.00014356774821273937,0.00031383549999538943,0.9,6.0,0.4751386976615606,0.500087257052236,True
2005-01-28,2005-07-19,120,121,172.0,2005-09-14,57,57.333333333333314,34.4,False,0.008681618313741299,0.009119830082004086,5.670203395446254,-0.001075179141902355,-0.0002036334788677537,0.00022635065912827155,0.0003044687415870254,0.9,6.338616248012088,2.303410964277409,0.5014021227808373,True
2005-01-14,2005-07-19,130,131,186.0,2005-09-18,61,62.0,37.2,False,0.008598927107980844,0.009686342710496183,5.673786479081495,-0.0010900668963893904,-3.1904161767723665e-05,-0.0002975621387387694,0.00029926760925447937,0.9,6.761807009694909,-1.6776067685736715,0.48481179239415556,True
2004-12-30,2005-07-19,140,141,201.0,2005-09-23,66,67.0,40.2,False,0.008821771981860488,0.010973136186891358,5.687953002114265,-0.002477619767741868,0.00047352738670600235,-0.0002837891330308079,0.0005520547599532074,0.7568380729598926,6.93559591338338,-0.5399111148650736,0.4897468910995626,True
2004-12-15,2005-07-19,150,151,216.0,2005-09-29,72,72.0,43.2,False,0.008972510173019935,0.012156396759546882,5.855530787405484,-0.07214993724524002,-0.0049257711552935235,0.0027377200668841106,0.005635453188426076,0.2675057036574864,7.514357104311455,2.6343110274058192,0.455772720041618,True
2004-12-01,2005-07-19,160,161,230.0,2005-10-03,76,76.66666666666663,46.0,False,0.008956939575287804,0.012916509415412454,6.300491014185162,-0.4353524309105879,0.0011767111950290177,-0.012298742200033679,0.01235490626995591,0.1,7.898977348020622,-1.4754093214054693,0.44609838442430516,True
2004-11-17,2005-07-19,170,171,244.0,2005-10-08,81,81.33333333333331,48.800000000000004,False,0.008846969524304627,0.013383976729639698,6.3002295251334255,-0.4336437495164383,0.011297214707731127,0.003867988612018841,0.011941038315627496,0.1,8.208512145545114,0.32987416043487405,0.44241164919736664,True
2004-11-03,2005-07-19,180,181,258.0,2005-10-13,86,86.0,51.6,False,0.008704645324232436,0.013714523889943375,6.3087067449051615,-0.4373410170150923,-0.0052065625329020815,0.010591171152515393,0.011801745624732555,0.1,8.493803866318393,2.027697032648255,0.4362864576022906,True
2004-10-20,2005-07-19,190,191,272.0,2005-09-29,72,90.66666666666663,54.400000000000006,False,0.009846241364660125,0.018517157581128523,6.010278716744647,-0.1848765809302981,-0.0023690119092599528,0.008258794030223098,0.008591850572482285,0.16864014449975234,7.35232600555284,1.8501430796144078,0.4935502719648348,True
2004-10-06,2005-07-19,200,201,286.0,2005-09-20,63,95.33333333333331,57.2,False,0.009780520212041252,0.019227373699247638,5.926607862143399,-0.12927818640612013,0.0038265223582484072,-0.0063634745203346235,0.007425367420479805,0.19954173172957443,6.872276209213797,-1.0294024339413328,0.5055224340060911,True
2005-06-13,2005-07-25,30,31,42.0,2005-07-28,3,14.0,8.4,False,0.0038286275150381153,0.00045441004811611497,5.653727990026666,-0.004425076018111638,-0.0005777489520262584,-0.00016760662538101623,0.0006015694743244975,0.5653578515863367,12.998699531571386,-2.8592403504223354,0.3199325799268622,True
2005-05-30,2005-07-25,40,41,56.0,2005-08-02,8,18.666666666666657,11.200000000000001,False,0.004213342925922486,0.0007278426030682633,5.654220841923778,-0.0012595315583319672,-0.00017217894611145355,4.733876436341334e-05,0.00017856804892114826,0.9,7.381311206046438,2.8732828464659614,0.860031371434101,True
2005-05-16,2005-07-25,50,51,70.0,2005-08-01,7,23.33333333333333,14.0,False,0.005054251523323743,0.0013028183815120393,5.6578952562550295,-0.0015320836048599892,-0.00017077199217471826,-0.0002501457094884683,0.0003028794302801219,0.9,6.0,-2.1698101753352605,0.7587591554713813,True
2005-05-02,2005-07-25,60,61,84.0,2005-08-02,8,28.0,16.8,False,0.005129382615142824,0.0016049445267642955,5.658895607811909,-0.0015556350380399773,-0.00014297213815430353,-0.0002624353500823551,0.00029885338422253396,0.9,6.0,-2.0696306921429457,0.7808017845039416,True
2005-04-18,2005-07-25,70,71,98.0,2005-08-03,9,32.66666666666666,19.6,False,0.005409750355067111,0.00207784332219456,5.661550652507142,-0.001603435104771352,-6.595724477956378e-05,-0.00026833283429145204,0.0002763202274495936,0.9,6.0,-1.8118217933543426,0.8704222196674967,True
2005-04-04,2005-07-25,80,81,112.0,2005-08-01,7,37.333333333333314,22.400000000000002,False,0.007441636905733298,0.00448561474677852,5.654690617579994,-0.0014185777539934947,-0.00021273780693696197,-0.0003728242102195479,0.0004292496548934871,0.9,6.0,-2.0893263288974637,0.4957177266731282,True
2005-03-17,2005-07-25,90,91,130.0,2005-07-31,6,43.333333333333314,26.0,False,0.007172354143586813,0.00468128242045345,5.6553611742841525,-0.0014679351572952357,-0.000237604235528923,-0.0003266740105814921,0.00040394514718050613,0.9,6.0,-2.1996389355033905,0.545099440186842,True
2005-03-03,2005-07-25,100,101,144.0,2005-08-10,16,48.0,28.8,False,0.008674951805921401,0.0076007336723409565,5.658767714594781,-0.00130721935149066,0.00010234497539749385,-0.00037548030453218227,0.000389178561949003,0.9,6.0,-1.3046899025866388,0.5038378829029468,True
2005-02-17,2005-07-25,110,111,158.0,2005-09-15,52,52.66666666666666,31.6,False,0.008862516503971327,0.00871840606493122,5.672815582080257,-0.001082603429569871,0.0002298396582326841,0.00019152193886973516,0.0002991770739293698,0.9,6.0,0.6947097490265199,0.5427906366709705,True
2005-02-03,2005-07-25,120,121,172.0,2005-09-19,56,57.333333333333314,34.4,False,0.008643238467048354,0.009039374114989989,5.673374964542217,-0.0010565794901517293,9.678804780995586e-05,0.00027791897509477905,0.0002942904737102353,0.9,6.07112563667731,1.2356725053661677,0.5322298903902645,True
2005-01-20,2005-07-25,130,131,186.0,2005-09-25,62,62.0,37.2,False,0.008929278270001393,0.010444893365428597,5.6805983624620255,-0.0011201327743483788,0.00016095930821360502,-0.0002411667905490543,0.00028994709821678457,0.9,6.849803220265935,-0.9822730291526919,0.5075924479739127,True
2005-01-06,2005-07-25,140,141,200.0,2005-09-29,66,66.66666666666663,40.0,False,0.008866693173090058,0.011085172943426778,5.681790030195165,-0.0010981609216749344,0.0002696060748374728,-5.212936328695957e-05,0.00027459953770167343,0.9,6.960846698067457,-0.19099690697456617,0.5170667646662576,True
2004-12-21,2005-07-25,150,151,216.0,2005-10-05,72,72.0,43.2,False,0.009101676422651217,0.012508917569099404,5.736034840474496,-0.010120147859314865,-0.0005033600906638003,0.0013796371818184505,0.0014685946119773917,0.5402969010506948,7.322594378886643,1.9206384678304962,0.5084548870447515,True
2004-12-07,2005-07-25,160,161,230.0,2005-10-09,76,76.66666666666663,46.0,False,0.00917296244821098,0.013547061652282495,6.020122340482805,-0.17600262223086297,-0.0005319773660629919,-0.008262989749624357,0.008280096588832797,0.18028960048628673,7.814392879840539,-1.6350883337636763,0.4904098330909639,True
2004-11-23,2005-07-25,170,171,244.0,2005-10-14,81,81.33333333333331,48.800000000000004,False,0.009090791740282152,0.014131866553546157,6.3689084230516375,-0.4730732446752861,0.011750607821710429,0.0018872715328609319,0.011901200696500734,0.1,8.121369834924394,0.15925051114871966,0.4894499850156482,True
2004-11-09,2005-07-25,180,181,258.0,2005-08-18,24,86.0,51.6,False,0.009092680676591214,0.0149645083814484,6.111159263678779,-0.3329459015500248,0.009195028758371217,-0.007244286820058392,0.011705906432162589,0.1,6.0,-0.6672872596358713,0.474042603306707,True
2004-10-26,2005-07-25,190,191,272.0,2005-10-23,90,90.66666666666663,54.400000000000006,False,0.009538753074120962,0.01737867174992895,6.406362079325894,-0.4928601839639018,-0.006342438024696133,0.009827386295838889,0.011696325983177512,0.1,8.417524935549766,2.1439197192880264,0.5005988636144115,True
2004-10-12,2005-07-25,200,201,286.0,2005-10-05,72,95.33333333333331,57.2,False,0.009920448647138563,0.019781475573463186,5.9590244332484055,-0.13398159866436707,-0.0015153105146431568,0.00675396829438463,0.006921867788201457,0.20566420141029573,7.29134232601836,1.7915001413651364,0.5459753942447875,True
2005-06-17,2005-07-29,30,31,42.0,2005-08-09,11,14.0,8.4,False,0.004070679861472532,0.0005136834705725391,5.755853737272445,-0.06824582777947927,0.0009177113300748259,0.0011663157983613911,0.001484077702431741,0.17517993612529542,8.034019968402507,0.9041275222168438,1.0026997868433953,True
2005-06-03,2005-07-29,40,41,56.0,2005-08-14,16,18.666666666666657,11.200000000000001,False,0.003933118602177858,0.000634246299490698,5.670741286094707,-0.0024483678588933353,7.259438239273254e-05,-0.0002052334778386612,0.00021769410828209043,0.7683717689544984,10.61065634800025,-1.230814807049121,0.8144400934965362,True
2005-05-20,2005-07-29,50,51,70.0,2005-07-30,1,23.33333333333333,14.0,False,0.004052575753076012,0.0008375918819554,5.6528215357089096,-0.0013775420641951206,-0.00023155431237983933,-0.00011881135983219602,0.0002602566786979265,0.9,6.0279341852305075,-2.6675171722301743,0.7902727256190236,True
2005-05-06,2005-07-29,60,61,84.0,2005-08-02,4,28.0,16.8,False,0.004934960072435526,0.0014855836859085036,5.657943000355827,-0.0015097435439722644,-0.00015861376478740424,-0.00026316783703747744,0.0003072712756360709,0.9,6.0,-2.11320575113917,0.7370084663040827,True
2005-04-22,2005-07-29,70,71,98.0,2005-08-04,6,32.66666666666666,19.6,False,0.0053744248349288735,0.002050795403747318,5.6611020266419265,-0.0015728059625534808,-6.160006098796886e-05,-0.00027914329648907334,0.0002858593141538477,0.9,6.0,-1.7879907682771627,0.8253042063063615,True
2005-04-08,2005-07-29,80,81,112.0,2005-08-01,3,37.333333333333314,22.400000000000002,False,0.00727382110610844,0.004285586352177158,5.655643234712526,-0.001437221610776927,-0.00019027008521005316,-0.0003635323124980775,0.00041031505889504077,0.9,6.0,-2.052982326759954,0.525409041035673,True
2005-03-23,2005-07-29,90,91,128.0,2005-07-31,2,42.66666666666666,25.6,False,0.007183350143203104,0.0046956472544669005,5.6551495434755035,-0.0014589456790541928,-0.00023339155451515163,-0.0003330792768734968,0.0004067104896625738,0.9,6.0,-2.181997785364504,0.5380777172472007,True
2005-03-09,2005-07-29,100,101,142.0,2005-08-02,4,47.333333333333314,28.400000000000002,False,0.00733318962467997,0.005431342677222909,5.655646454216732,-0.0014082328026674693,-0.00014741533979262717,-0.0003806301753136771,0.0004081796329626165,0.9,6.0,-1.9403004842627565,0.5175048026452279,True
2005-02-23,2005-07-29,110,111,156.0,2005-08-15,17,52.0,31.200000000000003,False,0.008720975816151192,0.008442151529634229,5.665804311920656,-0.0018681880988289717,0.0003103798877081374,-0.00042542951462839796,0.0005266174575635242,0.8273772249761299,6.0,-0.9405002506246032,0.489190101449208,True
2005-02-09,2005-07-29,120,121,170.0,2005-08-23,25,56.66666666666666,34.0,False,0.009381734225521852,0.010650049386477699,5.694193411567934,-0.007190202868167741,0.0014302924515068767,-0.0005108941224321163,0.0015187986374675326,0.5835496535611902,6.0,-0.34307068637278654,0.46043413186865556,True
2005-01-26,2005-07-29,130,131,184.0,2005-08-22,24,61.333333333333314,36.800000000000004,False,0.009235714765136011,0.011174093966206621,5.683410586843667,-0.004575717642081107,0.00101655548726986,-0.0004224752026193607,0.0011008498333227527,0.6590674285762043,6.0,-0.39387748941298134,0.4565724844224368,True
2005-01-12,2005-07-29,140,141,198.0,2005-08-22,24,66.0,39.6,False,0.008989236941132767,0.011393699690519463,5.679932183181846,-0.003803498316873608,0.0008774782550067953,-0.00038427882504959,0.0009579343940955789,0.6912930311560336,6.0,-0.41277586659648313,0.4574655454268482,True
2004-12-28,2005-07-29,150,151,213.0,2005-10-08,71,71.0,42.6,False,0.00934453955324705,0.013185383338791982,5.689640106698748,-0.0011188275919739848,0.00025139502924398003,-4.387579743579132e-05,0.0002551951142345953,0.9,6.898467483034636,-0.1727889127980508,0.5719798119697002,True
2004-12-13,2005-07-29,160,161,228.0,2005-08-24,26,76.0,45.6,False,0.009222990787622454,0.013695233010039554,5.80501851355552,-0.06336135386208283,0.005439508186451376,-0.0019419375610664757,0.005775757162619664,0.26775161274456755,6.0,-0.3429026413600843,0.4895492257433363,True
2004-11-29,2005-07-29,170,171,242.0,2005-08-24,26,80.66666666666663,48.400000000000006,False,0.009204544626976514,0.014487742746090378,5.914919152990728,-0.1466165635543461,0.007972404445701697,-0.0030232673867985407,0.008526393043833005,0.17468600534388184,6.0,-0.3624622020201979,0.5006388530470244,True
2004-11-15,2005-07-29,180,181,256.0,2005-08-25,27,85.33333333333331,51.2,False,0.009187887917485319,0.015279528473553362,6.156067182358396,-0.3585937219500851,0.01035424226464765,0.005282527864254476,0.011623916444625737,0.1,6.16217478378829,0.4717584450780851,0.5006292150065537,True
2004-11-01,2005-07-29,190,191,270.0,2005-08-26,28,90.0,54.0,False,0.009078131412126001,0.015740781757743304,6.156907051902302,-0.35895595966384486,0.009480281326784037,0.006587006842772497,0.011544019801685278,0.1,6.186087787289933,0.6072351378710783,0.5026527076966578,True
2004-10-18,2005-07-29,200,201,284.0,2005-08-26,28,94.66666666666663,56.800000000000004,False,0.009888862737079509,0.01965571085279273,5.899023326484521,-0.12957550658137673,0.007683207277986943,-0.0017143868856346473,0.007872153229590211,0.18970883363294758,6.0,-0.21953791046820936,0.5204340223915863,True
2005-06-23,2005-08-04,30,31,42.0,2005-08-07,3,14.0,8.4,False,0.0042596419519386215,0.0005624810363201795,5.674146765846426,-0.008251537506422418,0.0003804395647778293,-0.0005063365817579608,0.0006333332428308815,0.4874025403141816,7.678926788707461,-0.9264272660304685,0.82697019097055,True
2005-06-09,2005-08-04,40,41,56.0,2005-08-22,18,18.666666666666657,11.200000000000001,False,0.003945119427216979,0.0006381226590951978,5.759809811810653,-0.044739386130971594,-0.0001529063399385109,0.0010458384670598568,0.0010569571646833673,0.2783396482636107,12.523129137006936,1.7159722896734801,0.9407946714177059,True
2005-05-26,2005-08-04,50,51,70.0,2005-08-06,2,23.33333333333333,14.0,False,0.004104785296595993,0.0008593123788886834,5.660393837313259,-0.001407990781743366,7.162208279271965e-05,-0.0001748489878073881,0.0001889494410704497,0.8943262057896745,7.751309825307925,-1.1820222968547076,0.8597556931707806,True
2005-05-12,2005-08-04,60,61,84.0,2005-08-05,1,28.0,16.8,False,0.00487825984702552,0.0014516425672411889,5.66145885068435,-0.0015462798278047785,0.00018764254159737469,-0.00021548908588345787,0.00028573636372014464,0.9,6.219081708470852,-0.8543641770847431,0.7831389479957335,True
2005-04-28,2005-08-04,70,71,98.0,2005-08-22,18,32.66666666666666,19.6,True,0.005212533530748249,0.0019291059124514115,5.680818238301315,-0.0016509126140262416,0.00020153402369781082,-4.608536270991697e-05,0.0002067361201240228,0.9,6.016980820149937,-0.2248075668564771,1.1944599888700513,True
2005-04-14,2005-08-04,80,81,112.0,2005-08-05,1,37.333333333333314,22.400000000000002,False,0.006078019278291156,0.0029923277861295945,5.661059014753144,-0.0015387162581177083,0.00014181376085408722,-0.00027873156593450905,0.00031273379832676195,0.9,6.149727195134101,-1.1001473770856542,0.7200628112532838,True
2005-03-31,2005-08-04,90,91,126.0,2005-08-05,1,42.0,25.200000000000003,False,0.007226800418873282,0.00475262463077466,5.658895086476423,-0.0014510010909055489,0.00038487145873916434,-0.00010658156950172411,0.00039935657088554724,0.9,6.351371042404733,-0.27015749745861745,0.5148514369315683,True
2005-03-15,2005-08-04,100,101,142.0,2005-08-05,1,47.333333333333314,28.400000000000002,False,0.0071169111979585385,0.005115692924962392,5.659027112898401,-0.001456203466230677,0.0003573459909100094,-0.0001572887323760531,0.0003904304067973218,0.9,6.319355030714039,-0.4146393232392959,0.5311879094026899,True
2005-03-01,2005-08-04,110,111,156.0,2005-08-18,14,52.0,31.200000000000003,False,0.008712693895497798,0.00842612487574755,5.673784254187708,-0.002393059641336,0.0004317696104016858,-0.0004273864984060899,0.0006075230164250918,0.7874081265794972,6.0,-0.7802965597131908,0.5169391551246468,True
2005-02-15,2005-08-04,120,121,170.0,2005-08-21,17,56.66666666666666,34.0,False,0.009133701619867157,0.010094365138972433,5.682967735959298,-0.0045135919025745186,0.0009306942743430306,-0.0005114051721202156,0.0010619449526063994,0.6641898474276484,6.0,-0.5024499009639227,0.47050177597306175,True
2005-02-01,2005-08-04,130,131,184.0,2005-08-22,18,61.333333333333314,36.800000000000004,False,0.009137935005192877,0.010938743156845943,5.688771156133924,-0.006070814661102131,0.0012805420845326224,-0.00045133528907423306,0.0013577523976862921,0.6088663436983622,6.0,-0.3388614956755141,0.4537296014936711,True
2005-01-18,2005-08-04,140,141,198.0,2005-08-22,18,66.0,39.6,False,0.008997630975519571,0.011414988207199727,5.679609109395879,-0.003659235507260251,0.0008533208927024583,-0.0003694836052066385,0.0009298788525603835,0.6985948034388929,6.0,-0.40862287439695066,0.4581820708673253,True
2005-01-04,2005-08-04,150,151,212.0,2005-08-22,18,70.66666666666663,42.400000000000006,False,0.009062483967741885,0.012401420965502383,5.695691798768589,-0.008310564871040142,0.001539002095851887,-0.0006554967752104359,0.0016727831519201112,0.5572270285092878,6.0,-0.40265238896152794,0.46139387154553435,True
2004-12-17,2005-08-04,160,161,230.0,2005-08-20,16,76.66666666666663,46.0,False,0.009131070576572654,0.01342360842977049,5.724865947340541,-0.021597130673133715,0.002775711198246833,-0.0014047918634487865,0.003110950471429075,0.4041640140290506,6.0,-0.46851696173664065,0.46763752238684353,True
2004-12-03,2005-08-04,170,171,244.0,2005-08-19,15,81.33333333333331,48.800000000000004,False,0.009255027943712607,0.014647097722852106,5.764749900621819,-0.04656626633098756,0.00405723899322722,-0.0025549604616457583,0.0047946857257526836,0.29379368694806307,6.0,-0.5619926146501916,0.4755568927526397,True
2004-11-19,2005-08-04,180,181,258.0,2005-08-18,14,86.0,51.6,False,0.009192457086659061,0.015294729379502377,5.795465996201525,-0.0694328427086185,0.004706873143547379,-0.0034890141433908377,0.00585899944378124,0.2420779797699911,6.0,-0.637883640344939,0.4781294842196467,True
2004-11-05,2005-08-04,190,191,272.0,2005-08-16,12,90.66666666666663,54.400000000000006,False,0.009223097130205004,0.016247514448580396,5.83028732612842,-0.09872933173911813,0.005047724039608023,-0.004729829875959711,0.006917427891605216,0.1996525829505919,6.0,-0.7528969647320038,0.4749252275936782,True
2004-10-22,2005-08-04,200,201,286.0,2005-08-20,16,95.33333333333331,57.2,False,0.009906299316881162,0.019725087997283675,5.782151558743871,-0.057885560778212934,0.004521420016852741,-0.002545112135637949,0.0051885291510955405,0.2662487493487602,6.0,-0.5126940734829065,0.4950650982111393,True
2005-06-29,2005-08-10,30,31,42.0,2005-08-23,13,14.0,8.4,False,0.004176611875165148,0.0005407666894288864,5.70829397777758,-0.013809931492643788,0.0004902374552106456,-1.6138487903143953e-05,0.0004905030206667535,0.4468749639624868,11.949028408896647,-0.032907852533337924,1.052939136937185,True
2005-06-15,2005-08-10,40,41,56.0,2005-08-26,16,18.666666666666657,11.200000000000001,False,0.004272582428740405,0.0007484533850256315,5.701988424447867,-0.00839100913814652,-8.865509986480608e-06,-0.0003886100501800506,0.0003887111631639383,0.5479240013493206,12.99113020950538,-1.5936057534757335,0.9104593704928833,True
2005-06-01,2005-08-10,50,51,70.0,2005-08-25,15,23.33333333333333,14.0,False,0.004082540087467861,0.0008500238118548868,5.693285492438477,-0.0053195099277552355,-0.00010492103875625917,-0.00029229488893938284,0.00031055551270872423,0.6329162861660637,12.971242728225674,-1.915427483936763,0.8357897980172064,True
2005-05-18,2005-08-10,60,61,84.0,2005-08-19,9,28.0,16.8,True,0.0048865105857163,0.0014565571279633648,5.6763293642615045,-0.0015880732522735776,0.00017915457587235306,-0.00010383970812166888,0.0002070725646694803,0.9,6.0,-0.5252915994966711,1.1503744507209734,True
2005-05-04,2005-08-10,70,71,98.0,2005-08-23,13,32.66666666666666,19.6,False,0.005227220891621066,0.0019399925157357809,5.681201492920799,-0.0016048585246314889,-0.00010301868357847255,-0.00017908706224660896,0.00020660354554160546,0.9,7.015737950784197,-2.092813647364175,0.996478960759516,True
2005-04-20,2005-08-10,80,81,112.0,2005-08-20,10,37.333333333333314,22.400000000000002,True,0.0054300068241440146,0.0023882829029302955,5.677900997463392,-0.0015980701557779154,3.164532566467191e-05,0.0002204579598912291,0.00022271762102677446,0.9,6.43630000604199,1.4282266247012207,1.0033385350578279,True
2005-04-06,2005-08-10,90,91,126.0,2005-08-11,1,42.0,25.200000000000003,False,0.007547535159145079,0.005183841115046333,5.664750850733722,-0.001468789459838686,-0.00035558083900099886,9.300354024345509e-05,0.000367542367030619,0.9,6.950952770609939,2.8857696783695137,0.5174284585352754,True
2005-03-21,2005-08-10,100,101,142.0,2005-08-11,1,47.333333333333314,28.400000000000002,False,0.007228815177133454,0.005277832655380652,5.665310967787935,-0.001489601472536391,-0.00034109188994785225,-0.00010377520588398013,0.0003565290601682564,0.9,7.076199238746906,-2.846246722881734,0.5313951857823186,True
2005-03-07,2005-08-10,110,111,156.0,2005-08-11,1,52.0,31.200000000000003,False,0.008019261383109846,0.007138249397500688,5.6628985569321335,-0.001500712421567432,8.764167249673653e-05,-0.00040343207201425503,0.0004128419788342027,0.8824427917628872,6.0,-1.3568799132290656,0.5346245968254775,True
2005-02-21,2005-08-10,120,121,170.0,2005-08-18,8,56.66666666666666,34.0,False,0.008610681319240997,0.00897140376656463,5.679527686446504,-0.0037712585584981436,0.0006774114339081537,-0.000593495103918136,0.0009006235002287582,0.7013843231075476,6.0,-0.7194651518449482,0.48949452437559665,True
2005-02-07,2005-08-10,130,131,184.0,2005-08-20,10,61.333333333333314,36.800000000000004,False,0.009199306417470849,0.011086168251690166,5.69543373917106,-0.008967419830524185,0.0016367281839603284,-0.0008302443109686427,0.0018352614974618388,0.5424464881648258,6.0,-0.46943754699226686,0.4417486192653233,True
2005-01-24,2005-08-10,140,141,198.0,2005-08-19,9,66.0,39.6,False,0.009054735055371863,0.011560339996140194,5.686500170181119,-0.005905209044983567,0.001175604163600282,-0.000683804385653798,0.0013600123482210324,0.6151010277431204,6.0,-0.5268266102749394,0.44513078102545683,True
2005-01-10,2005-08-10,150,151,212.0,2005-08-19,9,70.66666666666663,42.400000000000006,False,0.00886541261214501,0.011867926658320552,5.689941998382179,-0.006991019524810625,0.0013274596592506842,-0.0007596974827803033,0.0015294735735803583,0.5859240669837538,6.0,-0.5197984325010158,0.44636344851985305,True
2004-12-23,2005-08-10,160,161,230.0,2005-08-19,9,76.66666666666663,46.0,False,0.00901341649890255,0.013079909994212878,5.71327252967236,-0.016456239577424356,0.002341015214614643,-0.001278630737046347,0.0026674423699073477,0.4448002331833218,6.0,-0.49991061017049215,0.4573506619384626,True
2004-12-09,2005-08-10,170,171,244.0,2005-08-20,10,81.33333333333331,48.800000000000004,False,0.009119194797056068,0.014220311050677913,5.741296863984661,-0.03175441210644096,0.0033820558415707472,-0.0019132425015805678,0.003885717254942398,0.345839735090899,6.0,-0.5148200233828877,0.4710386247176724,True
2004-11-25,2005-08-10,180,181,258.0,2005-08-19,9,86.0,51.6,False,0.00921388874448084,0.0153661299890164,5.77326335348676,-0.05294226865919227,0.004292404196888998,-0.002646619599498451,0.005042750151843696,0.2758050143200475,6.0,-0.5525230810826698,0.4825985400164279,True
2004-11-11,2005-08-10,190,191,272.0,2005-08-21,11,90.66666666666663,54.400000000000006,False,0.009283170324403272,0.016459854992929377,5.849620509526574,-0.10925509460209532,0.003609088347163277,0.006150338655648989,0.007131071748117527,0.19176730936533548,6.318455611184198,1.0401308315606215,0.46499740301023856,True
2004-10-28,2005-08-10,200,201,286.0,2005-08-20,10,95.33333333333331,57.2,False,0.009273191251664323,0.01728440727397869,5.799454366696891,-0.07186020439256073,0.00548020887137317,-0.0019402118241186213,0.005813528291522017,0.23777269543976423,6.045566185816289,-0.3402691701842646,0.48615377094336987,True
2005-07-05,2005-08-16,30,31,42.0,2005-08-29,13,14.0,8.4,False,0.004122437703272324,0.0005268292711381969,5.683223657956231,-0.0015363192653508894,0.00011164049857541067,-3.056434054437001e-05,0.00011574877897878014,0.9,13.0,-0.26722667393360755,0.9188914601318697,True
2005-06-21,2005-08-16,40,41,56.0,2005-08-28,12,18.666666666666657,11.200000000000001,False,0.004413542678597372,0.0007986537180078192,5.692486065309921,-0.005099174237742115,0.000211722649425874,-0.00026313092036152997,0.00033773415807439045,0.6301416923232831,12.99715034089303,-0.8932394667403095,0.732006499961305,True
2005-06-07,2005-08-16,50,51,70.0,2005-08-27,11,23.33333333333333,14.0,False,0.004089370002147204,0.0008528702977375324,5.682831226367788,-0.002267552399586429,3.589371343990996e-05,-0.00015238077937679886,0.00015655114368150436,0.7966303853926777,12.987077334450753,-1.3394605977227707,0.8884776916611746,True
2005-05-24,2005-08-16,60,61,84.0,2005-08-20,4,28.0,16.8,False,0.00446940557254401,0.0012185107564851344,5.673355592437811,-0.0014251164200420343,0.0001586757369516323,-8.24972052312575e-06,0.00015889004810199186,0.9,10.54480632121648,-0.051944295459234825,0.7655217767565847,True
2005-05-10,2005-08-16,70,71,98.0,2005-08-20,4,32.66666666666666,19.6,False,0.005077777217038063,0.0018306513240768283,5.6764910106538204,-0.0015997085101454418,0.00022987043037960074,-7.831636015575541e-05,0.00024284535620626733,0.9,6.024571797638893,-0.3283639066287403,0.9840731378105909,True
2005-04-26,2005-08-16,80,81,112.0,2005-08-20,4,37.333333333333314,22.400000000000002,True,0.005364568943854344,0.0023310665962226872,5.676225091705035,-0.001581021653041511,0.00022738107413584966,-1.639386016592188e-05,0.00022797129539990898,0.9,6.091699911561773,-0.07197407371969226,1.024617240753473,True
2005-04-12,2005-08-16,90,91,126.0,2005-08-23,7,42.0,25.200000000000003,False,0.007067320678266033,0.004545178962819646,5.677775412287832,-0.0015247549389209138,0.00014072979106829334,-0.0002366744670699747,0.00027535373151090945,0.9,7.267791354632626,-1.0343470335502798,0.6857236701893863,True
2005-03-29,2005-08-16,100,101,140.0,2005-08-22,6,46.66666666666666,28.0,False,0.007531701731736483,0.005729379628560076,5.67545839341912,-0.0014673280239106909,0.0001557049735909502,-0.00028345180827931603,0.00032340217441719936,0.9,7.276607104573497,-1.0684774356377111,0.5611744114626351,True
2005-03-11,2005-08-16,110,111,158.0,2005-08-21,5,52.66666666666666,31.6,False,0.007470420839922012,0.006194597815335062,5.673318173724512,-0.0014381844106119638,-0.0003257216456063871,-6.868784497934501e-05,0.00033288528123730454,0.9,6.89041118417149,-2.9337587641682865,0.5643094904567709,True
2005-02-25,2005-08-16,120,121,172.0,2005-08-18,2,57.333333333333314,34.4,False,0.008512365366168484,0.008767704059384507,5.672049915757332,-0.002251583856250911,0.0004183036021098627,-0.00041970875610203664,0.0005925650542234204,0.7966408396422412,6.0,-0.7870749318382908,0.5045025973616122,True
2005-02-11,2005-08-16,130,131,186.0,2005-08-20,4,62.0,37.2,False,0.00911339058039354,0.010880059311075548,5.683046881538299,-0.004965728289771694,0.001020337288446388,-0.0005752722369796336,0.0011713352760135242,0.6445107999579469,6.0,-0.5133809657109314,0.4553870524169218,True
2005-01-28,2005-08-16,140,141,200.0,2005-08-20,4,66.66666666666663,40.0,False,0.009014050806133577,0.011456688782913593,5.6842792899251,-0.005417500208853187,0.001128725509448503,-0.0005831093149224907,0.0012704478536442018,0.6276044456807122,6.0,-0.47684604131066066,0.44604312904298793,True
2005-01-14,2005-08-16,150,151,214.0,2005-08-20,4,71.33333333333331,42.800000000000004,False,0.008813188403336199,0.01172851576473765,5.682168480359833,-0.0047514549126027854,0.0010094443927842914,-0.0005538334813967161,0.001151394592326911,0.6516172716704675,6.0,-0.5018075340203343,0.44817101325769093,True
2004-12-30,2005-08-16,160,161,229.0,2005-08-20,4,76.33333333333331,45.800000000000004,False,0.008971123058903777,0.012957448879017203,5.693083063348457,-0.008434130678507267,0.0015165166221221076,-0.000761528475693146,0.0016969821108262085,0.5508127588838062,6.0,-0.46537121327191955,0.4562635789516684,True
2004-12-15,2005-08-16,170,171,244.0,2005-08-20,4,81.33333333333331,48.800000000000004,False,0.00921549135418141,0.014522223033727681,5.709985583321705,-0.016037545342299016,0.0022447083859722847,-0.0011221566550691999,0.0025095719349264318,0.4439714952496939,6.0,-0.46357720524714047,0.4728703520217408,True
2004-12-01,2005-08-16,180,181,258.0,2005-08-20,4,86.0,51.6,False,0.009467653622194828,0.016224200184884453,5.728597559188187,-0.026480329582735423,0.002901753898382246,-0.0015566862161157094,0.0032929390614193283,0.36606817408523223,6.0,-0.4923914505259097,0.4906258370169049,True
2004-11-17,2005-08-16,190,191,272.0,2005-08-20,4,90.66666666666663,54.400000000000006,False,0.00952763886427152,0.01733819734464363,5.750753326286499,-0.04044755943087067,0.004063859468379462,0.0007297456563537773,0.004128859709617731,0.30538948929569953,6.141830874305486,0.1776760231503744,0.4871003342618993,True
2004-11-03,2005-08-16,200,201,286.0,2005-08-31,15,95.33333333333331,57.2,False,0.00944469774572257,0.017929665417119458,5.887645547660125,-0.12498879410702313,-0.00629152918602939,-0.003028077479682135,0.006982305688067356,0.18721766426343348,6.731601942798843,-2.693021230959063,0.4978524114828787,True
2005-07-11,2005-08-22,30,31,42.0,2005-09-04,13,14.0,8.4,False,0.0038056992031565286,0.0004489837391720933,5.677066208632776,-0.0010006121548926008,4.353820184620528e-05,0.00016588352579640308,0.00017150195086542555,0.8983986047695248,6.008442625651686,1.3141230964375645,0.8723763027563973,True
2005-06-27,2005-08-22,40,41,56.0,2005-08-31,9,18.666666666666657,11.200000000000001,True,0.004792186243531145,0.0009415670087002553,5.680223906047332,-0.0013581701841741283,7.469713238682396e-05,-2.2620150010224535e-05,7.804699080233501e-05,0.9,12.697241864873616,-0.2940464065824949,1.2334772569092736,True
2005-06-13,2005-08-22,50,51,70.0,2005-09-14,23,23.33333333333333,14.0,False,0.004468629210619714,0.0010184009981221924,5.688190481590791,-0.0012152415406288652,-0.00010048930362696886,-2.2139107419024155e-05,0.00010289917502460468,0.9,6.0,-2.924743747172469,1.7715033288725834,True
2005-05-30,2005-08-22,60,61,84.0,2005-08-26,4,28.0,16.8,False,0.004572123968036284,0.0012751633723246032,5.675043228633633,-0.0013095434382370747,5.9898938457036434e-06,-0.00011965095592801782,0.0001198007933311431,0.9,13.0,-1.5207766887078307,0.7567620968891455,True
2005-05-16,2005-08-22,70,71,98.0,2005-09-23,32,32.66666666666666,19.6,False,0.0056850704483308945,0.0022947218461764523,5.710775111547158,-0.0016348276846789586,0.00014671307547662655,-2.774347066647053e-06,0.0001467393046101028,0.9,9.633768998438775,-0.018907765628474796,1.0408108428415086,True
2005-05-02,2005-08-22,80,81,112.0,2005-09-20,29,37.333333333333314,22.400000000000002,False,0.005672343024610284,0.002606213506496441,5.7090117137172465,-0.0016462665515742823,-5.3694834236074146e-05,-0.0001463524129143753,0.00015589151352623173,0.9,9.261852079836643,-1.9224355482428028,1.0261771728816458,True
2005-04-18,2005-08-22,90,91,126.0,2005-09-21,30,42.0,25.200000000000003,False,0.005778060345495877,0.003038124303413466,5.710317554811017,-0.001658314286552375,-1.9784371950779413e-05,-0.0001554869898060802,0.000156740630892066,0.9,9.286013190282695,-1.6973575607661666,1.0254121639710247,True
2005-04-04,2005-08-22,100,101,140.0,2005-08-25,3,46.66666666666666,28.0,False,0.0077121764116149264,0.006007244165390838,5.676847414069444,-0.0014472037290132155,0.0002645378096178499,0.00017476751066674667,0.00031705509852715064,0.9,7.5797505160914325,0.5838272407613997,0.5419790877892819,True
2005-03-17,2005-08-22,110,111,158.0,2005-08-26,4,52.66666666666666,31.6,False,0.007406524789629758,0.0060890836499934145,5.677575126896131,-0.001462176079711177,0.0001570075988999288,0.00026360530883635236,0.0003068210308290969,0.9,7.673818548820727,1.0336064255011703,0.5589147020120219,True
2005-03-03,2005-08-22,120,121,172.0,2005-08-23,1,57.333333333333314,34.4,False,0.008522112141951163,0.008787793838558964,5.671139449220301,-0.0013621397042743763,8.611687852472596e-05,0.0003473795967420136,0.0003578948183467964,0.8962890623076737,6.40822593518105,1.327791104484248,0.5323245833063615,True
2005-02-17,2005-08-22,130,131,186.0,2005-08-23,1,62.0,37.2,False,0.008890733490788895,0.010354913602554822,5.672305062662909,-0.0018534349026505307,0.00045354463314627717,-0.00023051555537859374,0.0005087633590651873,0.8273735826874715,6.0,-0.4702284263420283,0.5023563667863284,True
2005-02-03,2005-08-22,140,141,200.0,2005-08-29,7,66.66666666666663,40.0,False,0.009149890043779725,0.011804588781669569,5.684050608651852,-0.0031891029870606685,0.0007847904384266325,-1.69133612989361e-05,0.000784972670884977,0.7244362063845886,6.0,-0.021548100803627807,0.49052698592919586,True
2005-01-20,2005-08-22,150,151,214.0,2005-08-23,1,71.33333333333331,42.800000000000004,False,0.009011978987770076,0.012263580556677416,5.673391103195754,-0.0022679981438252714,0.0005912446605976615,-0.00023169752715968247,0.0006350228285480419,0.7842374818419423,6.0,-0.3734876724610313,0.46682026565946483,True
2005-01-06,2005-08-22,160,161,228.0,2005-08-29,7,76.0,45.6,False,0.009046457836335583,0.013175982300920194,5.684092750728077,-0.0032276000956968677,0.0007748800335774753,-6.367340859839406e-05,0.0007774917166115451,0.7236935842088243,6.0,-0.0819877544358703,0.5007113327259265,True
2004-12-21,2005-08-22,170,171,244.0,2005-08-30,8,81.33333333333331,48.800000000000004,False,0.009272394757497748,0.014702119076147066,5.7002820950525255,-0.00711637162841028,0.001326177385116581,1.5935170541552792e-05,0.0013262731191028645,0.5872223378084201,6.0,0.012015288357796331,0.5251422606900331,True
2004-12-07,2005-08-22,180,181,258.0,2005-09-01,10,86.0,51.6,False,0.009562499752135196,0.01655089367323501,5.72215778507663,-0.014853799520915506,0.002084454082329932,0.00011832142867203516,0.0020878095655075704,0.46835223864774,6.0,0.05670290015989977,0.5553515969542162,True
2004-11-23,2005-08-22,190,191,272.0,2005-09-05,14,90.66666666666663,54.400000000000006,False,0.009688525299733537,0.017928696794363173,5.800651578845012,-0.05547207711998003,-0.0042082970786488675,-0.0015114244432251293,0.0044714838867810965,0.2841422637278223,6.653081027310195,-2.7967866936242456,0.529829068116872,True
2004-11-09,2005-08-22,200,201,286.0,2005-09-09,18,95.33333333333331,57.2,False,0.009703360758916669,0.018925197213554457,5.927538028700624,-0.14601302016863066,0.006718392644560506,0.0024140396980711527,0.0071389346117154045,0.17726851508618258,7.250765808082887,0.3449517340635769,0.5000413381137797,True
2005-07-15,2005-08-26,30,31,42.0,2005-09-09,14,14.0,8.4,False,0.005682937099245607,0.0010011689962934444,5.662602080070108,-0.00030860569323151027,6.70797609761033e-05,0.00030664559160920566,0.00031389681933076494,0.9,6.0,1.35543539725188,0.14747156114362572,True
2005-07-01,2005-08-26,40,41,56.0,2005-09-13,18,18.666666666666657,11.200000000000001,False,0.005900381633351022,0.001427394640186629,5.671801366017714,-0.0006966703202106843,-0.00023457249114740975,8.457903431156327e-05,0.00024935490099089336,0.9,6.0,2.795535461755813,0.4190835937707079,True
2005-06-17,2005-08-26,50,51,70.0,2005-09-18,23,23.33333333333333,14.0,False,0.005757998151525103,0.0016908816783612912,5.678241997695868,-0.0008709465775965426,-0.00016286052480775294,-0.0001226112807871951,0.0002038555290320405,0.9,6.0,-2.4962632404354905,0.6408557435739113,True
2005-06-03,2005-08-26,60,61,84.0,2005-09-09,14,28.0,16.8,True,0.006798761501697905,0.0028196126353751422,5.680759016631162,-0.0011929867595258349,6.214176108213328e-05,2.2530156035196553e-05,6.60999727788086e-05,0.9,13.0,0.34782057482302414,1.2494920583473332,True
2005-05-20,2005-08-26,70,71,98.0,2005-09-27,32,32.66666666666666,19.6,False,0.0069396425285177775,0.0034192633280764957,5.703005346886735,-0.0014120224702139366,0.00010681982207753318,-4.470858363705166e-05,0.00011579866942027913,0.9,9.547121921482605,-0.3963879855828802,1.1494976279589377,True
2005-05-06,2005-08-26,80,81,112.0,2005-10-02,37,37.333333333333314,22.400000000000002,False,0.007379227870568553,0.004410693321227832,5.712606722434253,-0.0015385214554065514,-0.00010110218327026712,0.00012017183183906421,0.00015704432695761732,0.9,9.966229563821688,2.270225758004492,0.8846936850897459,True
2005-04-22,2005-08-26,90,91,126.0,2005-10-06,41,42.0,25.200000000000003,False,0.00738020673626768,0.004956538083774626,5.719114716398546,-0.001587344617883973,7.219049493988118e-07,-0.0001545405520485153,0.00015454223815583826,0.9,10.364087321410452,-1.5661250629162786,0.8919396537876508,True
2005-04-08,2005-08-26,100,101,140.0,2005-10-11,46,46.66666666666666,28.0,False,0.00874773998615723,0.007728818441406823,5.719746283888467,-0.0015203060816271743,-0.00019044391713913763,8.321757288808285e-06,0.00019062564680460118,0.9,11.264723138472794,3.097923803647475,0.6371940176636285,True
2005-03-23,2005-08-26,110,111,156.0,2005-10-13,48,52.0,31.200000000000003,False,0.008627421002605768,0.008261995640338545,5.719947532717311,-0.0014928838809115058,-4.844768007053907e-05,-0.00019863891272189666,0.00020446172099333065,0.9,11.50739791243854,-1.8100239580915385,0.5710569159324164,True
2005-03-09,2005-08-26,120,121,170.0,2005-09-24,29,56.66666666666666,34.0,False,0.008802593266008563,0.009375763433020295,5.698633835068446,-0.0013915716730978395,-0.0002331506380396142,8.623990686247086e-05,0.0002485891018406214,0.9,8.90582052752001,2.787310181347152,0.5657076673183976,True
2005-02-23,2005-08-26,130,131,184.0,2005-08-27,1,61.333333333333314,36.800000000000004,False,0.009293964507192892,0.011315488690185917,5.670599943912473,-0.001247197208124027,0.000327336691825329,-0.0001010843997918783,0.00034258920837708053,0.9,6.0,-0.29951839924941626,0.5460755232333225,True
2005-02-09,2005-08-26,140,141,198.0,2005-08-30,4,66.0,39.6,False,0.009584795569519041,0.012953431161435533,5.670517624636995,-0.0011903819270856321,0.0003543044202677012,-1.4665684771397812e-05,0.00035460781792149735,0.9,6.0,-0.041369276279710425,0.5035345529307355,True
2005-01-26,2005-08-26,150,151,212.0,2005-08-30,4,70.66666666666663,42.400000000000006,False,0.00942164286703249,0.013403870501399536,5.670686113219829,-0.0011940059991637872,0.0003565994316498843,-1.808778347538344e-05,0.00035705787004920204,0.9,6.0,-0.050679540037557716,0.5016018827701186,True
2005-01-12,2005-08-26,160,161,226.0,2005-08-30,4,75.33333333333331,45.2,False,0.00920296589409397,0.013635827580904949,5.670702914083154,-0.001195120022365483,0.0003558046786900323,-1.9829769966580467e-05,0.0003563568284102953,0.9,6.0,-0.05567458329842765,0.5030575789849052,True
2004-12-28,2005-08-26,170,171,241.0,2005-08-30,4,80.33333333333331,48.2,False,0.009641612022809803,0.015896276690124785,5.677406095312306,-0.0024006131006089706,0.000594631795908584,8.831145447446836e-06,0.0005946973699583527,0.7683217228673731,6.0,0.014850360024069491,0.5169136680748616,True
2004-12-13,2005-08-26,180,181,256.0,2005-09-07,12,85.33333333333331,51.2,False,0.010163924667165314,0.01869827099980589,5.699263271474341,-0.005557448238538106,0.0009124761823760066,0.00039326057785889494,0.000993612935453944,0.6276141852851437,6.010995383479127,0.40692631022470077,0.583988837696435,True
2004-11-29,2005-08-26,190,191,270.0,2005-09-14,19,90.0,54.0,False,0.010385501370043095,0.0206009999930689,5.780884999245892,-0.03792720751800177,0.0031400023307458676,-0.0012838863750859117,0.0033923412064856807,0.3375362362108383,7.042279889649928,-0.3881386385605591,0.5358687876772893,True
2004-11-15,2005-08-26,200,201,284.0,2005-09-20,25,94.66666666666663,56.800000000000004,False,0.010325311261437453,0.021429022581758987,5.925185607788159,-0.131803529842273,-0.003071005247123223,-0.005727600013437905,0.006498959543018578,0.19311682869905258,7.901056491435769,-2.062964674826161,0.49569913594398757,True
2005-07-21,2005-09-01,30,31,42.0,2005-09-15,14,14.0,8.4,False,0.005055306973435057,0.0007922399864654947,5.643421268854781,0.008656716496928701,-0.0018032308135093155,0.006205557879159943,0.006462243415284937,0.1,6.0,1.8535916147186826,0.02232639642463598,True
2005-07-07,2005-09-01,40,41,56.0,2005-09-19,18,18.666666666666657,11.200000000000001,False,0.00582898250661528,0.0013930585195595052,5.661855108983264,-0.0003400334549717136,-0.00037202258498518547,-5.283823233677211e-05,0.00037575614770158353,0.8711094508521118,6.0,-3.0005066494689063,0.13138235086929997,True
2005-06-23,2005-09-01,50,51,70.0,2005-09-24,23,23.33333333333333,14.0,False,0.005813607928689292,0.001723699894574469,5.669708407169853,-0.0006340048310223657,-0.00014343583450268174,-0.00029290006576474843,0.00032613538162007915,0.8702340622806127,6.0,-2.0261773942079335,0.28195479070960877,True
2005-06-09,2005-09-01,60,61,84.0,2005-09-29,28,28.0,16.8,False,0.006077058596708177,0.0022527691124573103,5.682585175411971,-0.001643093654790252,0.00015700946289675917,-0.0003878440567902919,0.00041841962648360556,0.7510784074460174,6.0,-1.1861363085428178,0.4915687854223511,True
2005-05-26,2005-09-01,70,71,98.0,2005-09-26,25,32.66666666666666,19.6,False,0.008338898279143735,0.00493714294020335,5.6905669058744115,-0.0011793145422292588,-8.298233322878074e-05,2.781151336530221e-05,8.751884313541165e-05,0.9,13.0,2.818208160422082,0.9328831369176215,True
2005-05-12,2005-09-01,80,81,112.0,2005-10-08,37,37.333333333333314,22.400000000000002,False,0.008891284381041259,0.006403449973508407,5.709423906797316,-0.0014129038691563522,-0.0001524585481909933,-4.22378334401993e-05,0.00015820127524842346,0.9,10.122857168333478,-2.8713264926428095,0.7940393675807732,True
2005-04-28,2005-09-01,90,91,126.0,2005-10-13,42,42.0,25.200000000000003,False,0.008796545744057926,0.007041508749484627,5.717398069485012,-0.0014934187952473014,0.00012648462565991006,-0.00010191546191477558,0.00016243497746984683,0.9,10.446419430551313,-0.678239494911227,0.7920947059378847,True
2005-04-14,2005-09-01,100,101,140.0,2005-10-17,46,46.66666666666666,28.0,False,0.0088874604089758,0.007977682204632339,5.721373777950996,-0.001491336268184925,-0.00016404267039174473,1.599059388279929e-05,0.0001648201953705286,0.9,11.132418860552601,3.0444213928905572,0.7315063932087855,True
2005-03-31,2005-09-01,110,111,154.0,2005-10-22,51,51.333333333333314,30.8,False,0.009477354710120749,0.009970048005460723,5.722013258342814,-0.0014337345649597104,0.00010849083219221289,0.00016143781838821603,0.00019450560371286356,0.9,11.921206498137952,0.9790907915447074,0.5564920138274435,True
2005-03-15,2005-09-01,120,121,170.0,2005-10-24,53,56.66666666666666,34.0,False,0.009273814801137804,0.010406440556862113,5.723017865549352,-0.0014180420190831593,-9.623649968487035e-05,0.00017073975678020582,0.0001959936948398083,0.9,12.09176947091231,2.0840546625649616,0.5385172884711494,True
2005-03-01,2005-09-01,130,131,184.0,2005-09-05,4,61.333333333333314,36.800000000000004,False,0.010143449883204347,0.013478534394833253,5.674684157665361,-0.0012149522334340456,-0.0002351720520542608,0.0001980895011249009,0.0003074822670062846,0.9,6.469264634508127,2.4415757035354844,0.5497012465975866,True
2005-02-15,2005-09-01,140,141,198.0,2005-11-06,66,66.0,39.6,False,0.009638392339045966,0.013098703570274577,5.70460951054835,-0.0010274309731333844,-0.000220653972228858,0.00011896373205359898,0.00025068016476078464,0.9,6.0,2.647124243240163,0.6147859608959245,True
2005-02-01,2005-09-01,150,151,212.0,2005-11-10,70,70.66666666666663,42.400000000000006,False,0.00969888833319023,0.014204333669853728,5.71298514556997,-0.0011012807392094704,0.00010581315288888741,-0.0002011773663281004,0.00022730762426059924,0.9,6.472337824648506,-1.0865896318436803,0.6736981782829307,True
2005-01-18,2005-09-01,160,161,226.0,2005-09-04,3,75.33333333333331,45.2,False,0.009852407011289553,0.015628257750493313,5.6722246254399105,-0.0011730166280851057,0.0002888245032160677,0.0001701157710233358,0.00033519989440462583,0.9,6.07915745706197,0.5322872160570788,0.5180830842732916,True
2005-01-04,2005-09-01,170,171,240.0,2005-09-04,3,80.0,48.0,False,0.00991647459482738,0.01681553609466552,5.671755683680781,-0.0011547483080807084,0.0003163549470584502,6.388327136057776e-05,0.00032274064647652305,0.9,6.0,0.1992558529366164,0.5366917619553885,True
2004-12-17,2005-09-01,180,181,258.0,2005-11-26,86,86.0,51.6,False,0.01008449996013057,0.0184071822397031,5.729674859261526,-0.0011887161817744879,0.00018459771702102528,-6.645765659549765e-05,0.00019619617032332618,0.9,7.715533171995595,-0.3455674664369299,0.706747393537251,True
2004-12-03,2005-09-01,190,191,272.0,2005-11-30,90,90.66666666666663,54.400000000000006,False,0.010351763280493184,0.020467369575935097,5.843675588417716,-0.021478131471394848,-0.0008045932483236868,0.0014882605556270825,0.0016918303037490178,0.46522293126450875,8.126584541983572,2.0664146000777923,0.7267629052691461,True
2004-11-19,2005-09-01,200,201,286.0,2005-12-05,95,95.33333333333331,57.2,False,0.01034710280466512,0.02151956982651207,6.392269061867083,-0.37309999618008594,0.0018266251516474638,-0.008330740306232706,0.008528645466574473,0.14391999660362817,8.624852326422781,-1.3549488727717307,0.7299862091268449,True
2005-07-27,2005-09-07,30,31,42.0,2005-09-21,14,14.0,8.4,False,0.00491505514249191,0.0007488907786658215,5.730731594454938,-0.05280676307767827,-0.0068456474986565725,-0.000682008998443652,0.006879536754013391,0.1,6.0,-3.0422936579320305,0.12793197411844098,True
2005-07-13,2005-09-07,40,41,56.0,2005-09-22,15,18.666666666666657,11.200000000000001,False,0.004326328003952577,0.0007674016739091558,5.748364405799826,-0.06515051699510431,-0.006754212188436961,-0.0021429937412131353,0.007086028821653852,0.1,6.0,-2.8343566707951515,0.1532370213624073,True
2005-06-29,2005-09-07,50,51,70.0,2005-09-28,21,23.33333333333333,14.0,False,0.004871386609926672,0.0012102507826720166,5.8665542180057475,-0.14553766939193774,0.0003082099514454019,-0.00760307427809679,0.0076093187508756,0.1,6.0,-1.5302809668122772,0.318770694540802,True
2005-06-15,2005-09-07,60,61,84.0,2005-10-02,25,28.0,16.8,False,0.0051261132053787885,0.0016028992322558865,5.93117110927063,-0.18813985563635838,0.004798588906000293,-0.005738571313393649,0.0074804850248960195,0.1,6.0,-0.8743690846558352,0.41917927115288345,True
2005-06-01,2005-09-07,70,71,98.0,2005-10-09,32,32.66666666666666,19.6,False,0.006276451821788697,0.0027969631704576605,6.047547493635418,-0.263453359249654,0.006838203193087193,0.0014646415520566808,0.00699329663220136,0.1,6.0,0.21099717853613675,0.6278711674561697,True
2005-05-18,2005-09-07,80,81,112.0,2005-10-14,37,37.333333333333314,22.400000000000002,False,0.008536411096634606,0.005902495467270461,5.708609990644439,-0.0013099283026295403,-4.007707215820987e-05,0.00011980430000209396,0.00012632989357933496,0.9,11.046505463878752,1.8936155345740175,0.8448098972946287,True
2005-05-04,2005-09-07,90,91,126.0,2005-10-19,42,42.0,25.200000000000003,False,0.008670493792532673,0.006841149097177633,5.71773154490423,-0.001418318239388924,-0.00012500928989405964,-9.050154038211318e-05,0.0001543303319874363,0.9,11.29014154718803,-2.514967457776046,0.73259764813224,True
2005-04-20,2005-09-07,100,101,140.0,2005-10-23,46,46.66666666666666,28.0,False,0.008690365875878937,0.0076277683647207484,5.725711551572645,-0.0014916710531422206,0.00010485901978885075,-0.0001094627781267807,0.00015158335603327765,0.9,11.508780791002033,-0.806875448939884,0.7695462661889377,True
2005-04-06,2005-09-07,110,111,154.0,2005-10-28,51,51.333333333333314,30.8,False,0.009596404628696452,0.010222098979541001,5.725461170169352,-0.0014213203193885154,-0.0001176753510770317,-0.00014292495258098285,0.00018513516770559522,0.9,12.426164511956637,-2.2596058395506122,0.556043094243996,True
2005-03-21,2005-09-07,120,121,170.0,2005-11-02,56,56.66666666666666,34.0,False,0.009198294531689011,0.010237643297295698,5.730377680073297,-0.0014322397453795737,8.448619670830626e-05,0.0001586220679368874,0.00017971888568208167,0.9,13.0,1.08139005492464,0.5517230919788354,True
2005-03-07,2005-09-07,130,131,184.0,2005-10-01,24,61.333333333333314,36.800000000000004,False,0.009831799576737712,0.012663021062145318,5.697056726594811,-0.0012960559989641412,-0.00022610799897812691,-7.187877859867354e-05,0.00023725805784994904,0.9,8.936195609173023,-2.83379963642167,0.5501645946104936,True
2005-02-21,2005-09-07,140,141,198.0,2005-11-02,56,66.0,39.6,False,0.009924357656011865,0.013887495358706224,5.708883144648384,-0.001104230201417759,-0.00023589711123966846,5.584880751692068e-05,0.00024241810244344906,0.9,6.089083314817254,2.9091222586237304,0.673263649395215,True
2005-02-07,2005-09-07,150,151,212.0,2005-11-09,63,70.66666666666663,42.400000000000006,False,0.00968954621455093,0.014176983182431657,5.711473803872652,-0.0010784876681465205,-0.00014367226093649785,-0.00018946543185259377,0.00023777903277979532,0.9,6.254568077107606,-2.2195903981316856,0.6526597240119293,True
2005-01-24,2005-09-07,160,161,226.0,2005-09-08,1,75.33333333333331,45.2,False,0.009980398148083616,0.01603694389827761,5.674376096801798,-0.0011629636433875023,-0.0001626058661093323,0.00027977145604555625,0.0003235934722935812,0.9,6.353806564294023,2.0972847902692147,0.5090669545293849,True
2005-01-10,2005-09-07,170,171,240.0,2005-09-08,1,80.0,48.0,False,0.00979027068027466,0.016390247398810804,5.67427342185188,-0.0011611058230453415,-1.9788700153230838e-06,0.0003206748858906639,0.00032068099159059593,0.9,6.250018764836776,1.576967202607322,0.5213864897201856,True
2004-12-23,2005-09-07,180,181,258.0,2005-11-30,84,86.0,51.6,False,0.010054867799660212,0.018299166330824526,5.735034549041214,-0.0012075443937932314,-2.1236836611552687e-05,0.00019509648000345454,0.00019624892289896555,0.9,8.058939396350565,1.679222422868744,0.6871640706865315,True
2004-12-09,2005-09-07,190,191,272.0,2005-12-05,89,90.66666666666663,54.400000000000006,False,0.01022147081442271,0.019955386931528193,5.84246406973988,-0.018878396831870675,-0.0011004365363933705,-0.0010688135226270485,0.0015340544047653193,0.48623741827508765,8.432724930383568,-2.3707713130951507,0.7095855967209336,True
2004-11-25,2005-09-07,200,201,286.0,2005-12-11,95,95.33333333333331,57.2,False,0.01029301870603378,0.02129519305063502,6.6621612687602285,-0.5910479348911702,0.007076624635205647,0.0073241175227909405,0.010184366142045992,0.11131998438371436,8.97606735075277,0.8025825919819177,0.719740156510052,True
2005-08-02,2005-09-13,30,31,42.0,2005-09-25,12,14.0,8.4,False,0.00477271346986403,0.000706142609828068,5.838506870177378,-0.12785851213862204,-0.0028383077023914904,-0.007806692560171087,0.008306650308185934,0.1,6.084767708716745,-1.9195119391527233,0.2529645796096707,True
2005-07-19,2005-09-13,40,41,56.0,2005-09-26,13,18.666666666666657,11.200000000000001,False,0.004378056974271517,0.0007858626976686662,5.826351653274717,-0.11857297335690214,-0.002875951594894356,-0.007069487579917825,0.007632087015933962,0.1,6.007517033608851,-1.9571611934484523,0.2586112338427742,True
2005-07-05,2005-09-13,50,51,70.0,2005-09-26,13,23.33333333333333,14.0,False,0.004712038882613204,0.001132368831994193,5.831542286554383,-0.122074575516093,-0.002243702333247416,-0.0072179779506516845,0.0075586642904890144,0.1,6.0,-1.8721765147414897,0.2691714012436874,True
2005-06-21,2005-09-13,60,61,84.0,2005-09-28,15,28.0,16.8,False,0.004995263792183494,0.0015221122815634648,5.754065621471935,-0.04470758689717499,0.0006816859108345948,-0.004826285281301318,0.0048741897067652315,0.21321328712003887,6.0,-1.4304800869467986,0.3259431185837574,True
2005-06-07,2005-09-13,70,71,98.0,2005-10-07,24,32.66666666666666,19.6,False,0.005716946582122854,0.002320526953822079,5.818640051649025,-0.07394839377166712,0.004276014964577583,-0.0006498134762842889,0.004325108268153769,0.20146015033937587,6.0,-0.15081317757542823,0.574076362291646,True
2005-05-24,2005-09-13,80,81,112.0,2005-10-20,37,37.333333333333314,22.400000000000002,False,0.007333391840304615,0.004356069506559151,5.70470364539159,-0.0011336683938325896,-5.856524074642833e-06,0.0001281340936792875,0.0001282678636184812,0.9,6.0,1.6164707511804162,1.325743286570083,True
2005-05-10,2005-09-13,90,91,126.0,2005-10-25,42,42.0,25.200000000000003,False,0.008682079586086078,0.006859444040461065,5.7214540335660935,-0.0014045961656538105,-9.3131737752416e-05,0.00011444247499519566,0.0001475486382851796,0.9,12.153646557016467,2.253887302958975,0.7049400415719,True
2005-04-26,2005-09-13,100,101,140.0,2005-10-29,46,46.66666666666666,28.0,False,0.007882250256824,0.0062751167802314045,5.725130721526213,-0.001406984051250906,-0.0001651565162805058,4.38027302385103e-05,0.0001708664801716846,0.9,6.0,2.882341828316153,1.235160971745762,True
2005-04-12,2005-09-13,110,111,154.0,2005-11-02,50,51.333333333333314,30.8,False,0.009203222801359911,0.009401623402393278,5.731039721440667,-0.0014533175407079946,0.0001289704980005957,9.001673720238113e-05,0.00015727810505942718,0.9,12.898973487261054,0.6093580708291081,0.6447325649027974,True
2005-03-29,2005-09-13,120,121,168.0,2005-11-02,50,56.0,33.6,False,0.009306023626748856,0.010478851164734558,5.7286007288300285,-0.0014140330146379947,8.256002672653567e-05,0.00015683443187903485,0.00017723768514598106,0.9,13.0,1.0862405650008833,0.5523350930726808,True
2005-03-11,2005-09-13,130,131,186.0,2005-10-18,35,62.0,37.2,False,0.009235278526109107,0.011173038398580372,5.713112685572567,-0.0013600035831152469,-0.00019420570671230817,5.69067124630362e-05,0.00020237151588842173,0.9,11.10188125575936,2.8565491286732207,0.5447993732992208,True
2005-02-25,2005-09-13,140,141,200.0,2005-10-23,40,66.66666666666663,40.0,False,0.009975521858141484,0.014031056124258454,5.705993475710642,-0.0011416534519551674,-0.00012399284262334725,0.00022120265002404128,0.000253583984903378,0.9,6.0,2.0816953257035427,0.6753108555279032,True
2005-02-11,2005-09-13,150,151,214.0,2005-10-24,41,71.33333333333331,42.800000000000004,False,0.009787690204280719,0.014465630809780885,5.705579771793224,-0.0011259826144975576,-0.00013854336388392509,0.00021982797473480415,0.0002598434185279269,0.9,6.0,2.1331515437208153,0.6499968062746267,True
2005-01-28,2005-09-13,160,161,228.0,2005-10-30,47,76.0,45.6,False,0.009972347787746463,0.016011082984363254,5.713160073574025,-0.0011843005156610567,0.00011674645639659373,-0.0002071228579499316,0.00023775957050455255,0.9,6.570705435785937,-1.0575276321678813,0.6822670883767399,True
2005-01-14,2005-09-13,170,171,242.0,2005-11-18,66,80.66666666666663,48.400000000000006,False,0.01010122414115879,0.017447938684637884,5.7296815262439305,-0.001235895167056966,0.0002124542402546707,4.1485866210295095e-05,0.00021646681338581173,0.9,7.875642990324569,0.1928430413322475,0.652449343508214,True
2004-12-30,2005-09-13,180,181,257.0,2005-11-15,63,85.66666666666663,51.400000000000006,False,0.010013370877224795,0.018148434934798514,5.727019095287357,-0.0012263285433703297,8.352514242678144e-05,-0.00019904866005807136,0.00021586296228933712,0.9,7.636620634360293,-1.17348993030927,0.6695299314841429,True
2004-12-15,2005-09-13,190,191,272.0,2005-11-19,67,90.66666666666663,54.400000000000006,False,0.01016736978039607,0.01974470297600044,5.768765206411901,-0.005584716351562586,0.0005925961947855264,-0.0003251259552155145,0.0006759268723975148,0.6594541465196768,7.72865666369823,-0.5018036263477572,0.7049884404766227,True
2004-12-01,2005-09-13,200,201,286.0,2005-12-16,94,95.33333333333331,57.2,False,0.010258669581012006,0.021153300616048587,6.6273785899288296,-0.5476594530060209,-0.00773006823108395,0.006121524275087987,0.009860375971924441,0.11878245783483032,9.239452805199313,2.4718036694102308,0.714041032917794,True
2005-08-08,2005-09-19,30,31,42.0,2005-09-24,5,14.0,8.4,False,0.004344464155825055,0.0005851054328387099,5.6920755718852645,-0.0016023433981227418,-0.0005387629008010684,-0.0003996243906903627,0.0006707943924290255,0.9,6.0,-2.5033960682920107,0.35830876410291707,True
2005-07-25,2005-09-19,40,41,56.0,2005-09-27,8,18.666666666666657,11.200000000000001,False,0.004874869017580942,0.0009743382654813941,5.863895104362823,-0.1443088829612262,-0.002080162188001483,-0.007194209193524138,0.007488906505530587,0.1,6.0,-1.852263942888433,0.3211614469452328,True
2005-07-11,2005-09-19,50,51,70.0,2005-09-27,8,23.33333333333333,14.0,False,0.004629017701173189,0.0010928180487665105,5.850255525124434,-0.13436992179113022,-0.0018871907598261711,-0.0063657107916943005,0.006639560440832402,0.1,6.0,-1.8590040117450286,0.337296228639809,True
2005-06-27,2005-09-19,60,61,84.0,2005-09-28,9,28.0,16.8,False,0.005206121280202407,0.001653325625834757,5.784364762988675,-0.06685518434338694,0.0006170658208429127,-0.005319891136661865,0.0053555589748583675,0.17652996957172956,6.0,-1.455320171539115,0.3672801697966109,True
2005-06-13,2005-09-19,70,71,98.0,2005-10-02,13,32.66666666666666,19.6,False,0.005239907217771683,0.00194942056321076,5.742449250467185,-0.02801162539487351,0.001951821946273423,-0.0023166518675969737,0.0030292713291475096,0.2970969882684592,6.0,-0.8706617537387494,0.45787521360036193,True
2005-05-30,2005-09-19,80,81,112.0,2005-10-23,34,37.333333333333314,22.400000000000002,False,0.006563845524457322,0.0034898095135840112,5.8097247356469275,-0.039458487775606926,-2.4707708110180415e-05,0.0021099967375709026,0.0021101413941724168,0.3233498338429738,6.0,1.5825056239965174,1.007744117777588,True
2005-05-16,2005-09-19,90,91,126.0,2005-10-31,42,42.0,25.200000000000003,False,0.0077751692904121355,0.005501246432005683,5.721920617089328,-0.001331511733590577,-0.0001435167853199044,5.5761631341137285e-05,0.00015396891633828055,0.9,6.0,2.771006759861557,1.2971888403745908,True
2005-05-02,2005-09-19,100,101,140.0,2005-11-04,46,46.66666666666666,28.0,False,0.0075146263652300805,0.005703430550310116,5.729686220270778,-0.0014069797881909537,-0.0001642786437759495,-2.613828089427267e-06,0.00016429943669454985,0.9,6.0,-3.1256830533382423,1.2845264261069977,True
2005-04-18,2005-09-19,110,111,154.0,2005-11-09,51,51.333333333333314,30.8,False,0.007470630346383433,0.0061949452727258604,5.733187319580535,-0.0014025460941452818,-0.00015307656485832074,-2.8333395594474565e-05,0.00015567663927107582,0.9,6.0,-2.958570998183778,1.3514032362650092,True
2005-04-04,2005-09-19,120,121,168.0,2005-10-27,38,56.0,33.6,False,0.009361450905777802,0.01060404833041585,5.7224684562370225,-0.0013952050387235763,-0.0001524622319917603,-0.00010440377982247532,0.0001847833364379192,0.9,12.381433089877218,-2.541151563761369,0.5488413526233632,True
2005-03-17,2005-09-19,130,131,186.0,2005-10-26,37,62.0,37.2,False,0.009027208958672537,0.010675255707443439,5.721887772438336,-0.0013944702235197746,-0.000184103295049793,-1.5441626421690876e-05,0.00018474974174471313,0.9,12.289785205980381,-3.0579137168324726,0.5527434717152141,True
2005-03-03,2005-09-19,140,141,200.0,2005-09-26,7,66.66666666666663,40.0,False,0.009837522114898928,0.013645534631918692,5.6919787154593715,-0.001261272682060531,0.0002470869669134904,-5.632480651793876e-05,0.0002534254388331833,0.9,8.247370164382668,-0.22412564077227348,0.5431075052222216,True
2005-02-17,2005-09-19,150,151,214.0,2005-10-23,34,71.33333333333331,42.800000000000004,False,0.00972392174457852,0.014277752768297732,5.705887988125453,-0.0011397310132133553,-0.00012551712650594278,0.00022187816510165176,0.0002549205154458634,0.9,6.0,2.085615537771174,0.670639048736387,True
2005-02-03,2005-09-19,160,161,228.0,2005-10-23,34,76.0,45.6,False,0.009569972751461748,0.014745084932658976,5.7058891493769135,-0.0011400329170293765,-0.000124349677187723,0.0002235365926063456,0.00025579572015721106,0.9,6.0,2.07845077889903,0.6685214961740076,True
2005-01-20,2005-09-19,170,171,242.0,2005-11-20,62,80.66666666666663,48.400000000000006,False,0.010090243239454033,0.017410024475960476,5.7307426341013885,-0.0012313161373224183,0.00018383913118805422,0.00010898451504362393,0.00021371581755984394,0.9,7.922213304908943,0.535127391769832,0.6545289838351604,True
2005-01-06,2005-09-19,180,181,256.0,2005-11-17,59,85.33333333333331,51.2,False,0.009946279582887987,0.01790605443491637,5.7289659384677405,-0.001231292419453563,0.00021124212872321204,-4.145672322309509e-05,0.0002152716814815883,0.9,7.805431604201747,-0.19378928023656303,0.6595077289459296,True
2004-12-21,2005-09-19,190,191,272.0,2005-11-10,52,90.66666666666663,54.400000000000006,False,0.009952177637143187,0.01891775538675931,5.7224363118356525,-0.001213966970821049,-0.00020715915508778376,5.920907415025536e-05,0.00021545447314552297,0.9,7.248830306142046,2.8632004183068944,0.6995615510696207,True
2004-12-07,2005-09-19,200,201,286.0,2005-12-23,95,95.33333333333331,57.2,False,0.010110171412701964,0.020545328764837417,6.12963628511373,-0.1475861929303595,-0.00441834191810161,-0.002929626638552698,0.005301363744035245,0.23954095472172837,9.420119721617475,-2.5560909981972397,0.7079155958265868,True
2005-08-12,2005-09-23,30,31,42.0,2005-09-26,3,14.0,8.4,False,0.004991815218674705,0.0007724647944991644,5.689763889790556,-0.0014444842982009114,0.0003170305580962224,0.0004578100215427267,0.0005568647866329439,0.9,6.903963967259698,0.965125929420419,0.33814818646606515,True
2005-07-29,2005-09-23,40,41,56.0,2005-10-11,18,18.666666666666657,11.200000000000001,False,0.005460243091764585,0.0012223844394676777,5.705945934137114,-0.0025239837892747194,0.000615634325743136,8.437482113298568e-05,0.000621389357387483,0.7535737725902316,7.5842802500522355,0.13620489252754353,0.40358419747432783,True
2005-07-15,2005-09-23,50,51,70.0,2005-10-16,23,23.33333333333333,14.0,False,0.005070805060106596,0.001311366261837736,5.963711531484919,-0.2044521443572679,-0.004220896452328349,-0.004652402266614883,0.006281784277709745,0.1,8.353579979072306,-2.307603074381953,0.3896153122143043,True
2005-07-01,2005-09-23,60,61,84.0,2005-10-19,26,28.0,16.8,False,0.005134437821234823,0.0016081095561477222,5.976926924067026,-0.21213488109161574,0.00599080073498948,-0.0016896264408171706,0.0062245104992970325,0.1,8.735416462282632,-0.27489645317801525,0.39014250329006317,True
2005-06-17,2005-09-23,70,71,98.0,2005-10-09,16,32.66666666666666,19.6,False,0.005214088776881976,0.001930257245897667,5.766197688623464,-0.03877800510368587,-0.002710314044704951,-0.0019559038190228497,0.0033423587434913502,0.2638948126698899,6.947532486764234,-2.5164824002666566,0.44068946525455804,True
2005-06-03,2005-09-23,80,81,112.0,2005-10-08,15,37.333333333333314,22.400000000000002,False,0.006120366159062244,0.00303416943560054,5.718133354529242,-0.008933223919521529,0.0011382393614788645,-1.526418300246352e-05,0.0011383417058610063,0.49440323522200774,6.0,-0.013409541608079834,0.6466445567316828,True
2005-05-20,2005-09-23,90,91,126.0,2005-11-04,42,42.0,25.200000000000003,False,0.007145179219410146,0.004645876333051643,5.719408785381612,-0.001235667135279656,-0.00011331412205152554,4.690948671906136e-05,0.0001226400839878782,0.9,6.0,2.749095157711359,1.5113335237952745,True
2005-05-06,2005-09-23,100,101,140.0,2005-11-08,46,46.66666666666666,28.0,False,0.0077336114807929155,0.006040683400121051,5.730150586003618,-0.0013732099011242952,-0.00015823484745856515,-2.1614712337796537e-05,0.00015970429781217871,0.9,6.0,-3.0058339394489564,1.2897679523370758,True
2005-04-22,2005-09-23,110,111,154.0,2005-11-13,51,51.333333333333314,30.8,False,0.007631859424025969,0.006465225887758434,5.735581593043296,-0.0014017806895025222,-0.00014557901337534354,-5.881686335915977e-05,0.0001570116955858656,0.9,6.0,-2.7576253909536788,1.3391811523389907,True
2005-04-08,2005-09-23,120,121,168.0,2005-11-01,39,56.0,33.6,False,0.009295107291070042,0.010454281365852917,5.726550016447699,-0.001406618123679175,0.0001603001610465789,6.079829066214562e-05,0.00017144262532695268,0.9,12.872645795907493,0.3625157760116014,0.5736303093147754,True
2005-03-23,2005-09-23,130,131,184.0,2005-10-31,38,61.333333333333314,36.800000000000004,False,0.009095291133438585,0.010836886025062857,5.725192485478327,-0.0013958064762168724,0.000177097866414002,-2.3683854824329577e-05,0.00017867450648520515,0.9,12.794398457460858,-0.13294434073544567,0.5495222168380774,True
2005-03-09,2005-09-23,140,141,198.0,2005-10-18,25,66.0,39.6,False,0.00922633975867458,0.012002673693292405,5.711314223939717,-0.001334305589795147,-7.875739437494543e-05,0.0001893772592372916,0.0002051011298968366,0.9,10.919210197376033,1.9649132710753319,0.5362144776222371,True
2005-02-23,2005-09-23,150,151,212.0,2005-10-22,29,70.66666666666663,42.400000000000006,False,0.009780606545603188,0.014444699924384288,5.704552012411031,-0.0011354939217861177,-0.00011599840834976033,0.00022069782883750737,0.00024932541465576155,0.9,6.0,2.054712254535205,0.6831396971828188,True
2005-02-09,2005-09-23,160,161,226.0,2005-10-22,29,75.33333333333331,45.2,False,0.009584571813065835,0.014790106711210393,5.703327866486928,-0.0011209120351184639,-0.0001200787439606475,0.0002293763838874014,0.0002589062189991335,0.9,6.0,2.0530674166680507,0.6494119991313623,True
2005-01-26,2005-09-23,170,171,240.0,2005-11-03,41,80.0,48.0,False,0.009985408789118612,0.017050134465273037,5.715374514680449,-0.0011855627374327271,0.00015026103709669941,0.00016994115518230324,0.00022684438607572228,0.9,6.908666456239253,0.8467824820961158,0.6808395697086842,True
2005-01-12,2005-09-23,180,181,254.0,2005-11-22,60,84.66666666666663,50.800000000000004,False,0.010023122245621997,0.01818379929867354,5.731287183610574,-0.0012246705472798464,8.567422731165571e-06,0.0002082559515466124,0.00020843210426141044,0.9,8.093444719507096,1.5296806017816602,0.6533768835486715,True
2004-12-28,2005-09-23,190,191,269.0,2005-11-16,54,89.66666666666663,53.800000000000004,False,0.009935269743303315,0.01885353071058988,5.72588961640105,-0.0012101794962206711,8.043680306720503e-05,-0.00019376989372753707,0.00020980193279103348,0.9,7.627989256751346,-1.1773280052348964,0.6805699079562333,True
2004-12-13,2005-09-23,200,201,284.0,2005-10-31,38,94.66666666666663,56.800000000000004,False,0.010192583910335874,0.020881642120616786,5.713417100520788,-0.001187257956362263,0.00019200098647984297,-9.476840365868276e-05,0.00021411545750189985,0.9,6.684491033605629,-0.45850076298848147,0.7465711990548397,True
2005-08-18,2005-09-29,30,31,42.0,2005-10-02,3,14.0,8.4,False,0.004887080444087229,0.0007403902132763748,5.698302762261765,-0.001664398385359909,-0.00021326720864587993,0.00039910717052219554,0.00045251456976084007,0.9,10.437494010067963,2.061553206916384,0.31715458125535456,True
2005-08-04,2005-09-29,40,41,56.0,2005-10-16,17,18.666666666666657,11.200000000000001,False,0.004914884051435229,0.0009903994948011472,5.707420304988004,-0.001372223250646754,-0.00028348372313400684,0.00020685797160433409,0.0003509319616366935,0.9,9.589141147887796,2.511210864691945,0.36699880300527377,True
2005-07-21,2005-09-29,50,51,70.0,2005-10-09,10,23.33333333333333,14.0,False,0.005091938255697658,0.0013223195951917027,5.712360340606896,-0.005612657771051772,-0.0005256868346110914,-0.0009760460585045462,0.001108608387306216,0.5846062338137776,7.0749651949317895,-2.0648358384626504,0.41834013913326873,True
2005-07-07,2005-09-29,60,61,84.0,2005-10-13,14,28.0,16.8,False,0.005212715550171465,0.0016575166078269634,5.779217566273807,-0.045371946630985004,0.0016754644366761143,0.0030115789924585155,0.0034462717690837814,0.24741753389477375,7.722669287483522,1.0630979338585693,0.4217945139005155,True
2005-06-23,2005-09-29,70,71,98.0,2005-10-11,12,32.66666666666666,19.6,False,0.005262022207205207,0.0019659103173475735,5.757944098574662,-0.03141482701154052,0.0013187171852537148,-0.002542998941613187,0.002864586991475258,0.29420882920161406,7.240058240837106,-1.0924051132485229,0.4456421893412069,True
2005-06-09,2005-09-29,80,81,112.0,2005-10-06,7,37.333333333333314,22.400000000000002,False,0.0054275749955297395,0.0023861441969000715,5.720459248681654,-0.012135001534703767,0.0015851678333935757,-0.0002503252345995217,0.0016048114478352242,0.42990645318436715,6.062403240273556,-0.15662377447163608,0.536222417203052,True
2005-05-26,2005-09-29,90,91,126.0,2005-11-01,33,42.0,25.200000000000003,False,0.006855052358368119,0.004276248598073117,5.719268883903235,-0.0016517015995092153,-0.0001239521466955144,7.674188634946796e-05,0.00014578563643549036,0.8390744450675717,6.0398055109127835,2.587229137814177,1.5739625420094498,True
2005-05-12,2005-09-29,100,101,140.0,2005-11-14,46,46.66666666666666,28.0,False,0.007506813065504155,0.0056915764824428125,5.735879761747526,-0.0013926627014993747,-0.00013851770709791923,-6.51530742551421e-05,0.00015307540058598902,0.9,6.0,-2.701937619326078,1.3646830543981392,True
2005-04-28,2005-09-29,110,111,154.0,2005-11-19,51,51.333333333333314,30.8,False,0.007310631354022313,0.005932431718179967,5.742966749238381,-0.0014472686823225002,-0.0001169308324233135,-0.00010702481602456145,0.00015851539614908152,0.9,6.0,-2.400397723078446,1.369521873725153,True
2005-04-14,2005-09-29,120,121,168.0,2005-11-23,55,56.0,33.6,False,0.008336900991301526,0.008409974094790489,5.741336546419583,-0.0013626116090378686,7.526409636077831e-05,0.00012040582343143661,0.00014199382563057737,0.9,6.7012989977171795,1.0121345631194405,1.2888018126885616,True
2005-03-31,2005-09-29,130,131,182.0,2005-11-02,34,60.66666666666666,36.4,False,0.009100080867004921,0.010848302803969805,5.7264243600309594,-0.0013915703419109314,8.59937775310225e-05,0.00015551540015865925,0.0001777075391213409,0.9,12.995331090774382,1.065683493242304,0.5423185653272284,True
2005-03-15,2005-09-29,140,141,198.0,2005-10-30,31,66.0,39.6,False,0.008946060596396624,0.011284512027410445,5.723160293289754,-0.0013744715703033978,3.5719705576855895e-05,-0.00018037867459969273,0.00018388138463922634,0.9,12.55601399789374,-1.3752993588238553,0.5357827341719268,True
2005-03-01,2005-09-29,150,151,212.0,2005-10-24,25,70.66666666666663,42.400000000000006,False,0.009800616440705236,0.014503864475291088,5.706483899488462,-0.0011385387872803541,-0.0001318789736420139,0.00021247074571021588,0.000250071752646168,0.9,6.0,2.1262920318205483,0.6829272650145923,True
2005-02-15,2005-09-29,160,161,226.0,2005-10-25,26,75.33333333333331,45.2,False,0.009616958817946159,0.014890229401877654,5.70633490931283,-0.00112648780805918,-0.00014443558098071053,0.00021088884170730922,0.00025560856912452273,0.9,6.0,2.171308953803881,0.6610622319416832,True
2005-02-01,2005-09-29,170,171,240.0,2005-10-25,26,80.0,48.0,False,0.00955180491815219,0.015601523100248618,5.707214979958536,-0.00114791583001776,-0.00020862012095841377,0.0001342546333413254,0.00024808599606248823,0.9,6.088022664977781,2.5697747206722794,0.6840282588620862,True
2005-01-18,2005-09-29,180,181,254.0,2005-11-18,50,84.66666666666663,50.800000000000004,False,0.009992352670247062,0.01807232725147344,5.727708473128312,-0.0012155069250900995,0.00021011236204300797,1.596898051134396e-05,0.00021071832626011374,0.9,7.849198202027857,0.07585626649351146,0.6614124159963847,True
2005-01-04,2005-09-29,190,191,268.0,2005-11-16,48,89.33333333333331,53.6,False,0.009883573541806023,0.018657839957651016,5.726050515116043,-0.001213206803473838,0.0001581715032230839,-0.00014034774190597869,0.0002114609020361855,0.9,7.714470520701163,-0.7257617195346264,0.669331312081352,True
2004-12-17,2005-09-29,200,201,286.0,2005-11-14,46,95.33333333333331,57.2,False,0.00991951540273207,0.019777753950832793,5.723565362390419,-0.001199445422685803,-0.00018215795529612078,-9.649971748258932e-05,0.0002061400401471851,0.9,7.362906827511749,-2.654422665146451,0.7112320842295724,True
2005-08-24,2005-10-05,30,31,42.0,2005-10-18,13,14.0,8.4,False,0.0045135233914509985,0.000631528695560435,5.736308129666085,-0.007042783997571909,0.000526361079894899,-0.0006770982983595939,0.0008576235141771602,0.6098694981983814,8.481097465238648,-0.9100025204533325,0.5905171946767015,True
2005-08-10,2005-10-05,40,41,56.0,2005-10-23,18,18.666666666666657,11.200000000000001,False,0.00515585640695366,0.0010898970668541293,5.740000131102752,-0.008211193248658946,0.0012097535251312424,0.00019201730369373688,0.0012248976432687264,0.5580490426907841,10.243064919585942,0.15741117591173592,0.36521526069080923,True
2005-07-27,2005-10-05,50,51,70.0,2005-10-19,14,23.33333333333333,14.0,False,0.0052617728208336646,0.0014119989141212566,5.792233084479542,-0.04479754014460835,0.0027734187086333245,0.0019572872127563115,0.0033945286221531124,0.269201677582115,8.9499407819996,0.614561842987046,0.3969467884357586,True
2005-07-13,2005-10-05,60,61,84.0,2005-10-18,13,28.0,16.8,False,0.005006772465440563,0.0015291340017623202,5.977000577546805,-0.21214567328160575,0.005543673030578391,-0.0014187734763607893,0.005722344698389558,0.1,8.76889273990632,-0.25054882894777325,0.4227809457299979,True
2005-06-29,2005-10-05,70,71,98.0,2005-10-16,11,32.66666666666666,19.6,False,0.005086516863635564,0.0018369584200874775,5.845851372750977,-0.09403931641071993,-0.004451235226595398,-0.0008939910193005614,0.0045401227940523635,0.17161720453133605,8.162714816222865,-2.943388466065473,0.4354798495363588,True
2005-06-15,2005-10-05,80,81,112.0,2005-10-07,2,37.333333333333314,22.400000000000002,False,0.005182431000147699,0.0021754648767746423,5.723822095789164,-0.014012694309734593,-0.00013095591150089634,0.0018509794634092287,0.0018556062148849758,0.4028434635330962,6.50109127597175,1.641428156189119,0.4679353845335221,True
2005-06-01,2005-10-05,90,91,126.0,2005-10-10,5,42.0,25.200000000000003,False,0.00606382861738243,0.0033460715925897368,5.725548071516538,-0.010395105505417505,0.0011064074373448858,0.00029423218154450313,0.0011448624345608144,0.47995095947578215,6.0,0.25991893950028766,0.7263086391526482,True
2005-05-18,2005-10-05,100,101,140.0,2005-11-20,46,46.66666666666666,28.0,False,0.007080035319026507,0.00506281691198494,5.7414277493770465,-0.001399686628486959,-9.866160237785292e-05,-8.957890333283349e-05,0.0001332609909391292,0.9,6.0,-2.40440760101918,1.5755022740971956,True
2005-05-04,2005-10-05,110,111,154.0,2005-11-25,51,51.333333333333314,30.8,False,0.0072049491786007926,0.005762153485950446,5.749478188476937,-0.0014701829643167185,-7.762635951810969e-05,-0.00012731346464659636,0.00014911260836144932,0.9,6.0,-2.118336793908403,1.4789322450382514,True
2005-04-20,2005-10-05,120,121,168.0,2005-11-29,55,56.0,33.6,False,0.0073190885570793155,0.006481855934070695,5.7521608870316925,-0.0014570241781647602,8.128474388323722e-05,-0.00011161562933731812,0.00013807700134536911,0.9,6.212901044484508,-0.9413572737161944,1.528598696054882,True
2005-04-06,2005-10-05,130,131,182.0,2005-11-02,28,60.66666666666666,36.4,False,0.009107732947098929,0.010866554726072949,5.726921557679264,-0.001394404576854661,7.806960942699514e-05,0.00015922462346951532,0.0001773339917643893,0.9,13.0,1.1149297912462723,0.5443722352047056,True
2005-03-21,2005-10-05,140,141,198.0,2005-11-02,28,66.0,39.6,False,0.008810120916392581,0.010944170509165586,5.727119564618113,-0.0013965602079431278,7.71057006895275e-05,0.00015806376758953879,0.00017586768805958285,0.9,13.0,1.1169450488860626,0.5497595296768188,True
2005-03-07,2005-10-05,150,151,212.0,2005-10-06,1,70.66666666666663,42.400000000000006,False,0.009419308406914855,0.01339722900055111,5.699983302933232,-0.0012934879605637586,0.0002225397767526814,5.007328391495038e-05,0.00022810367379584335,0.9,9.484750057746721,0.22132228707167864,0.5380798505829029,True
2005-02-21,2005-10-05,160,161,226.0,2005-11-07,33,75.33333333333331,45.2,False,0.009743075517365076,0.015283330806469677,5.721432657043911,-0.0014404024808660472,0.0002496989129399977,-0.00010084340016129254,0.0002692934059339499,0.86559501544781,6.63304405553255,-0.3838295181365695,0.6980073674124407,True
2005-02-07,2005-10-05,170,171,240.0,2005-11-01,27,80.0,48.0,False,0.00958205025267175,0.015700482484648275,5.718625630857215,-0.0017508504672646944,-0.0003482771885482079,-5.513833890008935e-05,0.0003526148557274708,0.827479845430765,6.169496449024401,-2.9845784215152267,0.6659722868393042,True
2005-01-24,2005-10-05,180,181,254.0,2005-11-27,53,84.66666666666663,50.800000000000004,False,0.009970591019167556,0.017993696034142352,5.734789337193375,-0.0012202702505462028,-1.8770430283691827e-05,0.00020330006711155745,0.00020416475293399372,0.9,8.075438331544305,1.6628640027856918,0.666118753270642,True
2005-01-10,2005-10-05,190,191,268.0,2005-11-30,56,89.33333333333331,53.6,False,0.009846828421461614,0.018519365722685505,5.737457219150099,-0.0012315792060909273,-0.00020175127250003443,-9.620277792869321e-06,0.00020198050821847917,0.9,8.344527251985921,-3.093944892875029,0.6576482354137774,True
2004-12-23,2005-10-05,200,201,286.0,2005-11-23,49,95.33333333333331,57.2,False,0.00983672537133479,0.01944899437224338,5.731777951763525,-0.0012173382434590295,0.00020246152880979014,1.0666255234636556e-05,0.0002027422986175502,0.9,7.8049768418152885,0.05263421493760886,0.6923692803150745,True
2005-08-30,2005-10-11,30,31,42.0,2005-10-25,14,14.0,8.4,False,0.007203393734490841,0.0016085553201171594,5.708469616346568,-0.0011905875226498267,0.0002997262579374541,-8.585523236711489e-05,0.0003117802922283584,0.9,9.987424353253857,-0.2789755398465473,0.3441134704728795,True
2005-08-16,2005-10-11,40,41,56.0,2005-10-29,18,18.666666666666657,11.200000000000001,False,0.006832696516816069,0.001914115409327328,5.7127342005558335,-0.0012136509271529362,0.00011359031906020165,0.00027589002586329663,0.0002983589565524201,0.9,11.72985486675552,1.1802247886019,0.3121077718049392,True
2005-08-02,2005-10-11,50,51,70.0,2005-11-03,23,23.33333333333333,14.0,False,0.006597180591119897,0.002219662379344303,5.71659249567857,-0.0012913652307317244,0.0002581708247245142,0.00010607381324364278,0.00027911257333732394,0.8876748751156633,12.82183623149989,0.38983904057043534,0.32031213374097645,True
2005-07-19,2005-10-11,60,61,84.0,2005-11-03,23,28.0,16.8,False,0.0063935122217659394,0.0024934969103220963,6.021434969420739,-0.23496500865059464,0.002044489886387512,0.005774068766622631,0.006125341542904185,0.1,12.957526925337847,1.230490225293223,0.29604024965699655,True
2005-07-05,2005-10-11,70,71,98.0,2005-10-30,19,32.66666666666666,19.6,False,0.00648924234147984,0.0029898288978182884,5.793031292250865,-0.04180018161210445,0.0010318934141302408,0.0027350170702155657,0.00292320413117112,0.2728473712021228,11.614653643196208,1.2100198748673492,0.33591742721846374,True
2005-06-21,2005-10-11,80,81,112.0,2005-10-25,14,37.333333333333314,22.400000000000002,False,0.0065505844126988065,0.0034757226479792975,5.72775725138249,-0.007419292607036002,0.00035931659011307666,-0.0008527280251735287,0.0009253396656616613,0.5322486099247027,9.75546598084459,-1.1720017637424915,0.43744941232359574,True
2005-06-07,2005-10-11,90,91,126.0,2005-11-21,41,42.0,25.200000000000003,False,0.006826823917104278,0.004241102756358377,5.773857824701914,-0.011984234231144156,-0.00027786069805820824,0.0006572917314072004,0.0007136098287591547,0.4990858831977787,9.755316092976935,1.970747552648918,0.8591785093663026,True
2005-05-24,2005-10-11,100,101,140.0,2005-11-01,21,46.66666666666666,28.0,True,0.007466207792286342,0.005630170138557327,5.7143886660691,-0.0011749762849488329,-9.830993609615852e-05,7.564231298336362e-05,0.0001240427468605235,0.9,6.0,2.485773796235399,1.4208524658076174,True
2005-05-10,2005-10-11,110,111,154.0,2005-11-05,25,51.333333333333314,30.8,True,0.008200720039834207,0.007464950818062957,5.722148125191652,-0.0012991294023472662,-0.00017165328207441387,1.5982670928426908e-05,0.00017239575115682136,0.9,6.0,3.0487501386745905,1.1303608647223864,True
2005-04-26,2005-10-11,120,121,168.0,2005-11-06,26,56.0,33.6,True,0.008109534798891238,0.007957511113185782,5.724047964325563,-0.0013253806401615335,-0.00017868587564441168,-5.878311934988162e-06,0.00017878254027173677,0.9,6.0,-3.1087070508396795,1.1120050969298085,True
2005-04-12,2005-10-11,130,131,182.0,2005-11-04,24,60.66666666666666,36.4,False,0.0093475307212614,0.01144629930662526,5.719432689990173,-0.001245832207920256,-0.00012989528673946373,-0.00012829517898723975,0.00018257173513031908,0.9,6.224671500089671,-2.3623918037248868,0.9866249270863039,True
2005-03-29,2005-10-11,140,141,196.0,2005-11-03,23,65.33333333333331,39.2,False,0.00934966263867126,0.012325682995432099,5.724417178987454,-0.0013609759239740277,6.598869727167609e-05,0.00016499035617356265,0.00017769728697392083,0.9,13.0,1.190328851191319,0.5302355017671538,True
2005-03-11,2005-10-11,150,151,214.0,2005-11-02,22,71.33333333333331,42.800000000000004,False,0.009291356386388665,0.0130357248283317,5.722946675992188,-0.0013440884569012256,0.00017622402920554827,4.983780734267518e-05,0.0001831357843518397,0.9,12.82155197710905,0.2756119297749025,0.5151771007344713,True
2005-02-25,2005-10-11,160,161,228.0,2005-11-03,23,76.0,45.6,False,0.009833388135291006,0.01556797907730439,5.713941221188392,-0.0011532489804224378,5.717656575267055e-06,-0.0002354948639157772,0.0002355642641136875,0.9,6.43612201245677,-1.5465217698673832,0.6845921469132439,True
2005-02-11,2005-10-11,170,171,242.0,2005-11-01,21,80.66666666666663,48.400000000000006,False,0.009687444650173134,0.01604776583837874,5.711080755353778,-0.0011295161554296406,-0.00023838296137389128,-7.378721500105279e-05,0.0002495415584046027,0.9,6.198925447612037,-2.841413777925832,0.6571668687112406,True
2005-01-28,2005-10-11,180,181,256.0,2005-11-11,31,85.33333333333331,51.2,False,0.009807225578347928,0.017408882911572936,5.720510158407006,-0.0011812208329021181,-0.0001091155961219688,0.00019362959973973814,0.00022225803745292048,0.9,7.083714550044684,2.083965946600818,0.6752352092090682,True
2005-01-14,2005-10-11,190,191,270.0,2005-11-23,43,90.0,54.0,False,0.009943393024849551,0.0188843733857057,5.73127680151385,-0.0012164108575142135,-5.9007803892558e-05,0.00019786049645203829,0.00020647202468244852,0.9,8.143365720428774,1.8606278655540687,0.6511149113575285,True
2004-12-30,2005-10-11,200,201,285.0,2005-11-17,37,95.0,57.0,False,0.009865869448335802,0.01956441137429276,5.726505180518039,-0.0012118338866296118,0.0001438698810454183,-0.0001536295121409882,0.00021047700509248236,0.9,7.690776284738251,-0.8181919520899543,0.6737686009367284,True
2005-09-05,2005-10-17,30,31,42.0,2005-10-31,14,14.0,8.4,False,0.006416984529246097,0.0012765084039060963,5.612780042547549,0.05012606402872878,0.0020683045582103677,0.00834521366755918,0.008597701722130766,0.1,6.0,1.3278486098821916,0.09716950267399688,True
2005-08-22,2005-10-17,40,41,56.0,2005-11-04,18,18.666666666666657,11.200000000000001,False,0.009104750582958074,0.003398755810292891,5.688221946511145,-0.0003003667486198856,-0.00043873163200542823,1.8153720001814328e-05,0.0004391070512666026,0.9,6.0,3.1002385116064146,0.10260598677024618,True
2005-08-08,2005-10-17,50,51,70.0,2005-11-09,23,23.33333333333333,14.0,False,0.007728678556304147,0.0030463560835604533,5.8205704032663315,-0.09728389789640439,-0.008098090101610217,-0.005616283870950107,0.009855034642906726,0.1,6.0,-2.5352208949342954,0.16452487048743422,True
2005-07-25,2005-10-17,60,61,84.0,2005-11-14,28,28.0,16.8,False,0.008653262384181765,0.0045676159432592,5.896494185604037,-0.14832525129887597,-0.0011460402820638073,-0.007429384962619079,0.007517258093939797,0.1,6.0,-1.7238477194865622,0.32885494827440614,True
2005-07-11,2005-10-17,70,71,98.0,2005-11-07,21,32.66666666666666,19.6,False,0.008725785162167099,0.0054058921954369815,5.701984564423518,-0.0008021667715546966,-7.389616695160418e-05,0.0001268867745421395,0.00014683629334686675,0.9,13.0,2.0981582854791463,0.3782077399278031,True
2005-06-27,2005-10-17,80,81,112.0,2005-11-23,37,37.333333333333314,22.400000000000002,False,0.008509973201640687,0.0058659911553040536,5.718234445341905,-0.0009962194887973943,8.933364397376955e-05,9.572861938285856e-05,0.0001309368875244116,0.9,9.497957816084428,0.8199402234272459,0.7209502443294622,True
2005-06-13,2005-10-17,90,91,126.0,2005-11-27,41,42.0,25.200000000000003,False,0.008179608268526766,0.0060884452198161805,5.730851421907973,-0.0025133109112664906,0.0001753284944915392,-0.00020273778685314962,0.00026803486937110034,0.7299613334258089,10.428394514796457,-0.8577701865616861,0.6563527720161132,True
2005-05-30,2005-10-17,100,101,140.0,2005-12-02,46,46.66666666666666,28.0,False,0.008503494834233087,0.00730325186397871,5.725374908291875,-0.0010341061315256867,-0.00010111662367556558,-7.066882841302467e-06,0.00010136326956367699,0.9,9.762323514701666,-3.0718176712545104,0.9405325197924419,True
2005-05-16,2005-10-17,110,111,154.0,2005-11-05,19,51.333333333333314,30.8,True,0.009560568683692178,0.01014589656467111,5.7139949135046635,-0.001164508137835954,-0.00016592676252233574,5.1650824522954505e-05,0.00017378002818231052,0.9,6.0,2.8398133560759113,1.0051570511436587,True
2005-05-02,2005-10-17,120,121,168.0,2005-11-06,20,56.0,33.6,False,0.009499443630882568,0.01091897094485416,5.717433468480069,-0.0012218438924998956,-0.00019249433344071013,1.217679561418025e-05,0.0001928790884419895,0.9,6.0,3.078418885341051,0.9502149007205972,True
2005-04-18,2005-10-17,130,131,182.0,2005-11-06,20,60.66666666666666,36.4,False,0.00935135003959908,0.011455654930767374,5.717776920165839,-0.0012285302425345027,-0.0001957471501157579,8.043545015007847e-06,0.00019591234109889432,0.9,6.0,3.100524252928993,0.9406223995207795,True
2005-04-04,2005-10-17,140,141,196.0,2005-11-16,30,65.33333333333331,39.2,False,0.010818144845282231,0.016501548362984418,5.721831333396943,-0.0011701847271155487,-0.00019333989152250624,-4.801279133577027e-05,0.00019921230329923576,0.9,7.283289342278342,-2.898182980593015,0.7258605854978996,True
2005-03-17,2005-10-17,150,151,214.0,2005-11-18,32,71.33333333333331,42.800000000000004,False,0.01050865982478728,0.01667522162827783,5.724374856228923,-0.0011851616909817298,-3.2804115211530196e-05,-0.00018691356153056877,0.00018977035980061023,0.9,7.483644811108562,-1.7445311696898276,0.7510668027996648,True
2005-03-03,2005-10-17,160,161,228.0,2005-11-14,28,76.0,45.6,False,0.010463017653631073,0.017625432885651472,5.718948019535297,-0.0011448914843692323,-0.00014036837955343058,0.0001629679357157342,0.00021508563422484455,0.9,7.086396098722781,2.2818285835280565,0.6760362846635458,True
2005-02-17,2005-10-17,170,171,242.0,2005-11-12,26,80.66666666666663,48.400000000000006,False,0.010268325185772077,0.01802998386265016,5.717182753117237,-0.0011295237843813807,5.265961431346656e-06,0.0002242748256892765,0.0002243366394233269,0.9,6.9538635909509665,1.5473206914313167,0.6516456683190096,True
2005-02-03,2005-10-17,180,181,256.0,2005-11-13,27,85.33333333333331,51.2,False,0.010102866588265796,0.018474292307353823,5.717593670380893,-0.001129709562355035,-6.625877534204401e-05,0.00021509443793459886,0.00022506852854237185,0.9,7.011175886303707,1.869617454722995,0.6443230683834151,True
2005-01-20,2005-10-17,190,191,270.0,2005-11-28,42,90.0,54.0,False,0.010461114220223477,0.020902067949155313,5.7311212938109515,-0.0011908998533838979,-0.00019010563445756573,-6.501217241620987e-05,0.00020091474514029228,0.9,8.406718374011028,-2.8120811073261707,0.6345698614557067,True
2005-01-06,2005-10-17,200,201,284.0,2005-11-27,41,94.66666666666663,56.800000000000004,False,0.010320630553861182,0.021409598420887882,5.730451161416886,-0.0011922026187068837,-0.00020019846803491975,2.0385382081184524e-05,0.000201233671154021,0.9,8.336643450649465,3.04011654317376,0.6395885834898807,True
2005-09-09,2005-10-21,30,31,42.0,2005-11-04,14,14.0,8.4,False,0.006647831279774931,0.001370003482454974,5.636022683835452,0.003183196739616483,5.042385129820561e-05,0.001099348161571936,0.0011005039505296375,0.7635108177394416,6.0,1.5249614063396588,0.36807457536771054,True
2005-08-26,2005-10-21,40,41,56.0,2005-11-08,18,18.666666666666657,11.200000000000001,False,0.010742032593517168,0.004731041833847593,5.657536918693502,0.0038492153536912586,-0.003388616711767967,-0.0003269424323268384,0.003404352298650793,0.4396559075970826,6.0,-3.0454078091434846,0.08285130921646275,True
2005-08-12,2005-10-21,50,51,70.0,2005-11-13,23,23.33333333333333,14.0,False,0.008479949920981087,0.0036673870837797035,5.6786495381642945,-0.0018681747447307087,-0.008159234735242344,-0.010009831343160839,0.01291393956092835,0.1,6.0,-2.254690285154569,0.0024110571060527337,True
2005-07-29,2005-10-21,60,61,84.0,2005-11-18,28,28.0,16.8,False,0.008604001270100643,0.004515759109209502,5.733565749705976,-0.03980206383751477,0.0007654584330616214,-0.011678654215005116,0.011703712696678858,0.1,6.0,-1.505346565549482,0.056680110646725713,True
2005-07-15,2005-10-21,70,71,98.0,2005-11-04,14,32.66666666666666,19.6,False,0.011800656343548006,0.009887139799834906,5.68907483022877,-0.0005709153314514197,2.1549602112974808e-05,0.0001829281437029202,0.00018419308105850163,0.9,13.0,1.4535331364913588,0.21458410562917857,True
2005-07-01,2005-10-21,80,81,112.0,2005-11-02,12,37.333333333333314,22.400000000000002,False,0.011454985807774775,0.010628552688362044,5.690593399391645,-0.0006444699436576961,-0.00018674465355331073,-3.89922766305292e-05,0.00019077201908974432,0.9,11.999183297739673,-2.9357500876040734,0.25338378161664704,True
2005-06-17,2005-10-21,90,91,126.0,2005-12-02,42,42.0,25.200000000000003,False,0.011073203936384007,0.011158041932924275,5.707881636499844,-0.000768685552241512,9.217899433595671e-05,-9.307349147349639e-05,0.0001309948159732107,0.9,10.404788026888319,-0.7902266556148915,0.5075792758820077,True
2005-06-03,2005-10-21,100,101,140.0,2005-12-06,46,46.66666666666666,28.0,False,0.010843896752791366,0.011876599775305113,5.714545141988117,-0.000853178790105738,0.00011428838741663472,-5.4141471661397326e-05,0.00012646396503335122,0.9,10.301131843683342,-0.4424090042559791,0.5894280778899111,True
2005-05-20,2005-10-21,110,111,154.0,2005-12-07,47,51.333333333333314,30.8,False,0.011481616733780214,0.014632855033177825,5.723176657209489,-0.000998424312843359,-5.463043422164625e-05,0.00012106723078655093,0.00013282228244375867,0.9,9.351076140933882,1.9946813504869714,0.723477660082686,True
2005-05-06,2005-10-21,120,121,168.0,2005-11-20,30,56.0,33.6,False,0.012208587815502417,0.01803500359030892,5.717639455428944,-0.001101374999185865,-0.00017126163442385793,7.716702435746957e-05,0.00018784381031515909,0.9,7.097390584300614,2.718256711806973,0.7435019779982531,True
2005-04-22,2005-10-21,130,131,182.0,2005-11-14,24,60.66666666666666,36.4,False,0.012080727484677459,0.019118660929234418,5.715378590210516,-0.0011343647299932216,0.0001352133209013291,-0.0001602387420946843,0.0002096642473509791,0.9,6.4057388406746325,-0.8698986043757575,0.7601540542934293,True
2005-04-08,2005-10-21,140,141,196.0,2005-11-28,38,65.33333333333331,39.2,False,0.012607252140416568,0.022410935721017378,5.724785098585305,-0.001125169907475988,2.7255491985555105e-05,0.00019251337057333168,0.0001944331753916486,0.9,7.989964638566292,1.4301539013619968,0.651846580721728,True
2005-03-23,2005-10-21,150,151,212.0,2005-12-01,41,70.66666666666663,42.400000000000006,False,0.012376883180484645,0.02313127282676792,5.726383202918043,-0.0011248603638169996,-0.00018403315838787406,5.60865483327916e-05,0.00019238997970295361,0.9,8.246179775989287,2.845771629902776,0.6381251712171081,True
2005-03-09,2005-10-21,160,161,226.0,2005-11-25,35,75.33333333333331,45.2,False,0.0120753856818763,0.023476205237936164,5.722189420145385,-0.0011166123257086485,0.00019259442327097592,-3.114561047170398e-05,0.00019509654258016706,0.9,7.717837283320761,-0.1603280339872778,0.6674207979005206,True
2005-02-23,2005-10-21,170,171,240.0,2005-11-26,36,80.0,48.0,False,0.011916536682442016,0.024282657752181636,5.722242816688807,-0.0011059782708336024,0.00018305009182368904,8.79616717175741e-05,0.00020308764563116896,0.9,7.82538500167476,0.4479533524459464,0.6263251994423752,True
2005-02-09,2005-10-21,180,181,254.0,2005-11-21,31,84.66666666666663,50.800000000000004,False,0.011652885906758554,0.02457794474202371,5.717299768459224,-0.0010794993563229692,-0.00014359025094321385,-0.00016328439137921406,0.00021743953788125905,0.9,7.343307689341307,-2.2921058795303564,0.6084636733019032,True
2005-01-26,2005-10-21,190,191,268.0,2005-12-07,47,89.33333333333331,53.6,False,0.011729257610907798,0.026276917463680355,5.731613396117191,-0.0011409450400481345,0.00019082648560023646,4.456319481267219e-06,0.00019087851212186346,0.9,8.847546928575136,0.02334848670287281,0.6080332347714786,True
2005-01-12,2005-10-21,200,201,282.0,2005-12-15,55,94.0,56.400000000000006,False,0.011608378615800224,0.027085645271641357,5.738211670149276,-0.0011603055155601548,-9.113443950193274e-05,-0.0001615516217614389,0.00018548426498515302,0.9,9.562881010613179,-2.084415270196834,0.5887338959778,True
2005-09-15,2005-10-27,30,31,42.0,2005-11-05,9,14.0,8.4,False,0.006215470847313233,0.0011975944134678211,5.633595408813387,0.002038841284164101,-2.7052313959257637e-05,0.0006545753344111479,0.0006551341054395019,0.9,6.0,1.6121008588452528,0.46681464159074615,True
2005-09-01,2005-10-27,40,41,56.0,2005-11-14,18,18.666666666666657,11.200000000000001,False,0.007005756689020186,0.002012305698215794,5.619423753528357,0.01005524788458352,-0.0026064965727725267,-0.001361112813245739,0.002940485074652932,0.4607723927878558,6.0,-2.6603430919987296,0.2626086348696189,True
2005-08-18,2005-10-27,50,51,70.0,2005-11-19,23,23.33333333333333,14.0,False,0.00791510914489878,0.003195096591558676,5.649266507666037,0.0019867253496173775,-0.00023442589453985367,-0.001601717993858581,0.0016187822682131058,0.6435771901803863,6.0,-1.7161235372621477,0.13164330819057515,True
2005-08-04,2005-10-27,60,61,84.0,2005-11-24,28,28.0,16.8,False,0.007684309129453696,0.0036019650146173307,5.6285043956643435,0.029740373274486805,0.006645109996713932,-0.011428035998913826,0.01321958749964982,0.1,6.0,-1.044110001491275,0.03749533697032858,True
2005-07-21,2005-10-27,70,71,98.0,2005-11-28,32,32.66666666666666,19.6,False,0.009327579047899808,0.006177264893532184,5.711225326554191,-0.026332498249618565,0.011186538020460275,-0.0036276161053300482,0.011760026849070253,0.1,6.0,-0.3135842308448756,0.03731921503747872,True
2005-07-07,2005-10-27,80,81,112.0,2005-12-03,37,37.333333333333314,22.400000000000002,False,0.011750349390020459,0.011183727573791888,5.828500897636183,-0.10388604388459848,0.00879856812084729,0.004910543328166692,0.010076122108975884,0.1,6.0,0.50904615645916,0.17183535947831893,True
2005-06-23,2005-10-27,90,91,126.0,2005-12-08,42,42.0,25.200000000000003,False,0.012788318103734393,0.014882238272929373,5.7014902588612895,-0.0006533501068683283,6.309375286446108e-05,0.00012011200716691564,0.0001356750379258723,0.9,10.698833357337884,1.0871212518679403,0.4050905398658716,True
2005-06-09,2005-10-27,100,101,140.0,2005-12-12,46,46.66666666666666,28.0,False,0.012200317838605767,0.01503362329166321,5.706129817159717,-0.000703999952561768,-0.00012273115920888008,5.688695240521993e-05,0.0001352740285299038,0.9,10.901104426937502,2.707561902087527,0.42966523506090815,True
2005-05-26,2005-10-27,110,111,154.0,2005-12-17,51,51.333333333333314,30.8,False,0.01258848870315498,0.017590175309070123,5.716327214508298,-0.0008429558038214362,3.260730489263479e-05,0.00012951642078970772,0.00013355800083311327,0.9,10.410333955407108,1.324160059310057,0.5456482207004396,True
2005-05-12,2005-10-27,120,121,168.0,2005-12-21,55,56.0,33.6,False,0.013743088031861701,0.02285356870683154,5.7296664783115725,-0.0010211976597954567,0.00014224130384089267,-6.126478817388187e-05,0.00015487402231603516,0.9,9.875712213302263,-0.4066973252314588,0.600904306950851,True
2005-04-28,2005-10-27,130,131,182.0,2005-12-03,37,60.66666666666666,36.4,False,0.013904524137736478,0.02532698868609342,5.722154543437106,-0.0010795757948631355,3.665021328364554e-05,0.00019109092292751733,0.00019457383934904268,0.9,7.917927523287147,1.3813028485667003,0.630666376436638,True
2005-04-14,2005-10-27,140,141,196.0,2005-12-06,40,65.33333333333331,39.2,False,0.01370194892004626,0.02647181999326552,5.725202905937896,-0.001093479791812911,-0.00019256869721082366,4.435689101262686e-06,0.00019261977697857753,0.9,8.216693686049268,3.1185624055833174,0.6218065580881371,True
2005-03-31,2005-10-27,150,151,210.0,2005-12-12,46,70.0,42.0,False,0.013757922234235245,0.02858134405469294,5.727172317385557,-0.001068058539209678,0.00017423861566840578,8.617613498050329e-05,0.00019438472530067876,0.9,8.885111119829347,0.4593077510568598,0.5565607393109426,True
2005-03-15,2005-10-27,160,161,226.0,2005-12-11,45,75.33333333333331,45.2,False,0.013486999446894818,0.029285763806967118,5.728246325071571,-0.0010887201285363537,0.0001807025449606662,-1.7911679867907914e-05,0.0001815880999155837,0.9,8.77556223194925,-0.09879972070339042,0.6148885798398729,True
2005-03-01,2005-10-27,170,171,240.0,2005-12-13,47,80.0,48.0,False,0.013215408277979493,0.029864639728080802,5.7283002537966015,-0.0010792749212480965,0.00016768723729096826,8.44814763641593e-05,0.00018776615615958458,0.9,8.871098184571183,0.46668605947076974,0.5831494808302173,True
2005-02-15,2005-10-27,180,181,254.0,2005-12-09,43,84.66666666666663,50.800000000000004,False,0.012923662603505841,0.030230810971155223,5.725645243163822,-0.0010684564944008171,8.179242971658888e-05,-0.00017480589658567218,0.00019299508553345044,0.9,8.59521817685986,-1.1331533488772885,0.5796905189069653,True
2005-02-01,2005-10-27,190,191,268.0,2005-12-12,46,89.33333333333331,53.6,False,0.012689310102903101,0.030754550859538994,5.7281360769661,-0.0010833190665571456,0.0001818934201756856,4.563657267560039e-05,0.0001875310989377065,0.9,8.839382000446664,0.24582302644034695,0.5881711183417384,True
2005-01-18,2005-10-27,200,201,282.0,2005-12-30,64,94.0,56.400000000000006,False,0.012690830358889708,0.032372492214821455,5.742876844041138,-0.0011255088623785834,-0.0001648525163744823,-4.963434310019799e-05,0.0001721624818884391,0.9,10.445277438379604,-2.849142283236254,0.5632911575969978,True
2005-09-21,2005-11-02,30,31,42.0,2005-11-16,14,14.0,8.4,False,0.006656192354307866,0.0013734517963839414,5.651064408142275,0.0006817502241107496,-0.0006901583834823415,-0.0003739582971637443,0.0007849607648211254,0.9,6.0,-2.6450326721293806,0.1302772548637074,True
2005-09-07,2005-11-02,40,41,56.0,2005-11-20,18,18.666666666666657,11.200000000000001,False,0.0064068307479988,0.0016829466895736174,5.422299439805167,0.1728356137059356,0.01028149754922318,0.0014211178370273497,0.010379246974679788,0.1,6.517172833502974,0.1373506162118469,0.255510146768956,True
2005-08-24,2005-11-02,50,51,70.0,2005-11-25,23,23.33333333333333,14.0,False,0.007182349868551707,0.002630893631348521,5.648523306770399,0.006167720648856149,0.0032343649302101866,-0.004480896623883625,0.005526260132829907,0.33347849940882823,6.0,-0.9455809409028666,0.06203116807496773,True
2005-08-10,2005-11-02,60,61,84.0,2005-11-27,25,28.0,16.8,False,0.006975134815787182,0.0029678028476027955,5.628091245070725,0.017731272454785386,0.0068691356045334495,0.004012423549022709,0.007955159752652432,0.22997136553198527,6.327702250960786,0.5286638020045062,0.08100628701228282,True
2005-07-27,2005-11-02,70,71,98.0,2005-11-29,27,32.66666666666666,19.6,False,0.00786577886266191,0.004392803875257221,5.654533036550999,0.011428607140805807,0.011787779900197658,-0.0042442755855892885,0.012528592507617654,0.1,6.0,-0.34560625914529014,0.015203366664234854,True
2005-07-13,2005-11-02,80,81,112.0,2005-12-09,37,37.333333333333314,22.400000000000002,False,0.009718231485903603,0.0076499658803022615,5.759399574267114,-0.058297250753554124,0.007619485599690355,0.007973281917571014,0.011028589453821989,0.1,6.0,0.8080840414340974,0.0881001917752819,True
2005-06-29,2005-11-02,90,91,126.0,2005-12-14,42,42.0,25.200000000000003,False,0.011270225950659329,0.01155863736108126,5.868114724622167,-0.1289369056396215,0.00047978072870852144,0.010513201422806744,0.010524143371512279,0.1,6.0,1.5251919429597969,0.20419224173095143,True
2005-06-15,2005-11-02,100,101,140.0,2005-12-18,46,46.66666666666666,28.0,False,0.01269055413750628,0.016266066596014754,5.701813402240882,-0.0006162778158351688,0.00012482724708461721,5.076597020799086e-05,0.00013475542789024377,0.9,11.6349773076592,0.3862601237058302,0.35375878704518227,True
2005-06-01,2005-11-02,110,111,154.0,2005-12-23,51,51.333333333333314,30.8,False,0.012647271394407966,0.017754835583342912,5.710112801831754,-0.0007244760293074569,0.0001234772094636863,-4.817236304250151e-05,0.00013254130608243464,0.9,11.303862983674648,-0.37197030726218433,0.43519951171914306,True
2005-05-18,2005-11-02,120,121,168.0,2005-12-28,56,56.0,33.6,False,0.013785300993315349,0.02299417734063244,5.723636451663346,-0.0009007563857681297,-0.0001295438650074296,-6.055258564042461e-05,0.00014299730273261834,0.9,10.623582289242693,-2.704339506011807,0.5336432582170139,True
2005-05-04,2005-11-02,130,131,182.0,2005-12-29,57,60.66666666666666,36.4,False,0.014359384988823323,0.02701114378069904,5.732603903793521,-0.0010235017445943408,-3.129951786436462e-05,0.0001610001572308505,0.00016401436048986767,0.9,10.17634758971276,1.7628080258670624,0.5518960543455919,True
2005-04-20,2005-11-02,140,141,196.0,2005-12-15,43,65.33333333333331,39.2,False,0.014423292219731076,0.029332421542261455,5.7270427935680495,-0.001065604646587059,0.00018837261318640364,-1.3629637470290287e-05,0.00018886505345416866,0.9,8.722361545045919,-0.07222879725877086,0.5821741593546994,True
2005-04-06,2005-11-02,150,151,210.0,2005-12-30,58,70.0,42.0,False,0.014467855543358669,0.03160714544754761,5.736131098814461,-0.0010590971343798921,-0.00010603485520402323,0.00014392525910923793,0.00017876764452159528,0.9,10.218553069811614,2.2057539998568445,0.5217950799637907,True
2005-03-21,2005-11-02,160,161,226.0,2006-01-01,60,75.33333333333331,45.2,False,0.014159319330201982,0.03227829814703567,5.738571020611873,-0.00108115760427753,-0.00013278251218906855,0.00010114437998629791,0.00016691728833782545,0.9,10.251310422778575,2.4906267203916532,0.5686575521478654,True
2005-03-07,2005-11-02,170,171,240.0,2005-12-27,55,80.0,48.0,False,0.01387899637990599,0.03293913842779885,5.7352036881874415,-0.001076949688231569,0.00016766741139543622,-1.429381096995633e-05,0.0001682755890677293,0.9,9.81438219525512,-0.08504534793694682,0.5868861198524835,True
2005-02-21,2005-11-02,180,181,254.0,2005-12-26,54,84.66666666666663,50.800000000000004,False,0.013579367547027002,0.033376259358882276,5.734472139173738,-0.0010719860985073835,0.00016107217143519767,-5.832608836331369e-05,0.00017130725902487256,0.9,9.771188236324665,-0.3474235822673652,0.5763794879238446,True
2005-02-07,2005-11-02,190,191,268.0,2006-01-30,89,89.33333333333331,53.6,False,0.012314645327988687,0.028965243504843342,5.729765369821491,-0.0008140443518590663,8.036275069769585e-05,-0.00019664358434310318,0.00021243086160678995,0.9,6.0,-1.1828364106957265,0.5748065599097351,True
2005-01-24,2005-11-02,200,201,282.0,2006-01-09,68,94.0,56.400000000000006,False,0.01325296980850615,0.03530388295778029,5.745458868033284,-0.001099708775130308,0.00012686404661859838,0.00010315105996300613,0.00016350727046812808,0.9,10.998329574117319,0.6826679128162658,0.5503720894533854,True
2005-09-27,2005-11-08,30,31,42.0,2005-11-22,14,14.0,8.4,False,0.007472335461485894,0.0017309097147183677,5.68412108557063,-0.0006974447524509327,-0.00016644384653173588,-0.0010000891024996292,0.0010138450409144357,0.9,6.0,-1.7357137688820947,0.10318806981911265,True
2005-09-13,2005-11-08,40,41,56.0,2005-11-26,18,18.666666666666657,11.200000000000001,False,0.006426226050315097,0.0016931516312396833,5.6853451971874005,-0.009936928797896928,0.010312801233998145,-0.011156323354902083,0.015192676528218697,0.1,6.0,-0.8246679747610176,0.010901007446405944,True
2005-08-30,2005-11-08,50,51,70.0,2005-11-28,20,23.33333333333333,14.0,False,0.006831483724901874,0.002380127664063558,5.687732479463144,-0.010860437255837154,0.013158116725298107,-0.00589531797993472,0.01441841911726495,0.1,6.0,-0.42121996829226815,0.012553892775980105,True
2005-08-16,2005-11-08,60,61,84.0,2005-12-03,25,28.0,16.8,False,0.007203876475241847,0.003165646012503117,5.62809193016381,0.030010499933282125,-0.006375254933066159,-0.01197769228016342,0.013568676715872878,0.1,7.028605122693392,-2.059918189603405,0.031467815149106966,True
2005-08-02,2005-11-08,70,71,98.0,2005-11-28,20,32.66666666666666,19.6,False,0.007402809517326919,0.003890912801237647,5.643537747906781,0.019620203818497002,0.013147039861090972,-0.0020400177393838635,0.013304372570178413,0.1,6.112345211490207,-0.15394168084975612,0.02412688433428989,True
2005-07-19,2005-11-08,80,81,112.0,2005-12-03,25,37.333333333333314,22.400000000000002,False,0.00926583934767298,0.006954318084167671,5.735221986244383,-0.042043203726824206,0.011319434285107564,0.0026413335176190076,0.011623520778411599,0.1,6.0,0.22924300794576322,0.060284665504722654,True
2005-07-05,2005-11-08,90,91,126.0,2005-12-15,37,42.0,25.200000000000003,False,0.010755957224408997,0.010527846039011763,5.870165533237608,-0.12936024784914918,-0.00022308206477084092,0.01017556853674709,0.010178013590758254,0.1,6.0,1.592716117733651,0.21182955903859552,True
2005-06-21,2005-11-08,100,101,140.0,2005-12-24,46,46.66666666666666,28.0,False,0.011006046372089379,0.01223443873120276,5.9796573396389325,-0.19833423650956578,-0.008000718642354947,0.0059315443448376415,0.009959654467344809,0.1,6.0,2.5036335033318458,0.3318961133973969,True
2005-06-07,2005-11-08,110,111,154.0,2005-12-29,51,51.333333333333314,30.8,False,0.011194413207048918,0.013909952462566787,6.062998052594109,-0.25043741943171083,-0.010065343259327598,0.001268688310561386,0.01014498422657456,0.1,6.0,3.0162086613724184,0.41143060425810485,True
2005-05-24,2005-11-08,120,121,168.0,2006-01-03,56,56.0,33.6,False,0.013009206895366618,0.020477975149620978,5.722086076382454,-0.0008354517864758954,-9.882455807339654e-05,8.53031992949872e-05,0.00013054856984418646,0.9,11.597566310331958,2.429497570608526,0.4966208153885829,True
2005-05-10,2005-11-08,130,131,182.0,2006-01-06,59,60.66666666666666,36.4,False,0.014257291849471592,0.026628418585412195,5.735112402653881,-0.000998895725930132,0.00015152454843600185,-1.795570782292706e-05,0.00015258471818028368,0.9,10.942346611425096,-0.11795027585337126,0.5384447626074004,True
2005-04-26,2005-11-08,140,141,196.0,2005-12-24,46,65.33333333333331,39.2,False,0.014442176969701499,0.02940928306300887,5.731246678601084,-0.0010566692911164945,-9.469713308504305e-05,-0.00015120902139354315,0.0001784144477482677,0.9,9.452344614425355,-2.1303058106659214,0.563912898985731,True
2005-04-12,2005-11-08,150,151,210.0,2006-01-03,56,70.0,42.0,False,0.014337058378275284,0.031038237684253102,5.7387927072647065,-0.0010724602378432931,-0.0001701023781450719,-5.022533007786318e-06,0.00017017651097734767,0.9,10.351317771197674,-3.112074699457129,0.5479342557080844,True
2005-03-29,2005-11-08,160,161,224.0,2006-01-21,74,74.66666666666663,44.800000000000004,False,0.013334253956858309,0.02862617490234462,5.734690114462405,-0.0008993798982383143,3.8389766645970416e-05,-0.00019009598416205013,0.0001939336416861976,0.9,6.0,-1.3715270651590243,0.6956347726096899,True
2005-03-11,2005-11-08,170,171,242.0,2006-01-27,80,80.66666666666663,48.400000000000006,False,0.012841363503805783,0.028198005444905645,5.735395672525642,-0.000877935475085423,6.820389534275057e-05,-0.0001825908130020266,0.00019491325335303886,0.9,6.0,-1.2133114464598762,0.6756355404128823,True
2005-02-25,2005-11-08,180,181,256.0,2006-02-01,85,85.33333333333331,51.2,False,0.012757058110103418,0.02945639822404452,5.732363397800505,-0.0008250053370649294,8.651403999002805e-05,-0.00018994319849965994,0.0002087177466620349,0.9,6.0,-1.143400202030321,0.5929098149958577,True
2005-02-11,2005-11-08,190,191,270.0,2006-02-04,88,90.0,54.0,False,0.012463349615394557,0.02966900097439113,5.731926891833212,-0.0008067480678628407,0.00010816656674397663,-0.00018107216983704772,0.00021091974030582297,0.9,6.003584878548385,-1.032314991633879,0.5733932292510956,True
2005-01-28,2005-11-08,200,201,284.0,2006-02-10,94,94.66666666666663,56.800000000000004,False,0.012911594342513457,0.03350856296159073,5.741683599510885,-0.0008769363712837796,0.0001263645048203647,0.00012731437354306552,0.00017937931260086597,0.9,6.304100097182727,0.78914252039597,0.6979352552771753,True
2005-10-03,2005-11-14,30,31,42.0,2005-11-28,14,14.0,8.4,False,0.007491899523820175,0.001739985312725526,5.704055593385033,-0.0012816785244168338,0.0006136901390504056,-0.0007522533903380833,0.0009708247782390223,0.9,6.0,-0.8864937598080825,0.19802932822877709,True
2005-09-19,2005-11-14,40,41,56.0,2005-12-02,18,18.666666666666657,11.200000000000001,False,0.00672195711730358,0.0018525730069615981,5.704928450859775,-0.0011274613818723603,0.0008504153546382812,-0.00013406097704124053,0.0008609173136659557,0.9,6.0064564576694615,-0.15635504838190922,0.1962295507959468,True
2005-09-05,2005-11-14,50,51,70.0,2005-12-06,22,23.33333333333333,14.0,False,0.007212760894887669,0.002653219906067859,5.788618204271939,-0.07793670988493187,0.0063665064856015165,0.013125765829084542,0.014588287542791635,0.1,6.167196916634194,1.1191891071244382,0.0866263343989159,True
2005-08-22,2005-11-14,60,61,84.0,2005-12-10,26,28.0,16.8,False,0.007601340775578684,0.003524603276774984,5.758932742924904,-0.05696728949310808,0.0029317150412298803,-0.013513292083048647,0.013827654031134812,0.1,6.9741730363386045,-1.3571566247696334,0.05907236150944529,True
2005-08-08,2005-11-14,70,71,98.0,2005-12-16,32,32.66666666666666,19.6,False,0.0076192487718955895,0.004121759581210304,5.684278534870982,-0.006305767919171172,0.0031486774864699896,-0.012690190487634576,0.013074980096591124,0.1,8.332698361381265,-1.3275887902631969,0.005787770279562321,True
2005-07-25,2005-11-14,80,81,112.0,2005-12-08,24,37.333333333333314,22.400000000000002,False,0.008607883795283287,0.006001748738081151,5.733673044219656,-0.03976831876623974,-0.011450542715686587,-0.0034348674268936505,0.011954632688798856,0.1,6.677000746873616,-2.850159526105164,0.04982181785899525,True
2005-07-11,2005-11-14,90,91,126.0,2005-12-09,25,42.0,25.200000000000003,False,0.009891484010342561,0.008903572489344492,5.810520068311505,-0.09107142040627472,0.0062080045600713205,0.008809628116318372,0.010777238429472251,0.1,6.0,0.9569336069703163,0.14083914137228318,True
2005-06-27,2005-11-14,100,101,140.0,2005-12-23,39,46.66666666666666,28.0,False,0.010965383304330065,0.012144202732098935,5.970955197392983,-0.19277321064892364,-0.007363324598277513,0.006617322960000331,0.009899874357614153,0.1,6.0,2.409503525094681,0.3245381434237743,True
2005-06-13,2005-11-14,110,111,154.0,2006-01-01,48,51.333333333333314,30.8,False,0.010755788147862284,0.012841254633668118,6.074237948064702,-0.2563237939636253,-0.009670355294682659,-0.0005497985395846519,0.009685971812860409,0.1,6.0,-3.084799776461137,0.4410567483848052,True
2005-05-30,2005-11-14,120,121,168.0,2006-01-09,56,56.0,33.6,False,0.011334131490664362,0.015543966934368018,6.191360015319267,-0.3282892051661761,-0.007852515868491061,-0.006692132624591092,0.010317298315451598,0.1,6.0,-2.4358066354237917,0.5303216583914497,True
2005-05-16,2005-11-14,130,131,182.0,2006-01-13,60,60.66666666666666,36.4,False,0.013743486965878978,0.024743729851548386,5.735137343310535,-0.0009483802628998491,7.401291636479512e-06,-0.0001365165372398829,0.0001367170218292388,0.9,11.825594627815926,-1.5166340033199202,0.5279337656604404,True
2005-05-02,2005-11-14,140,141,196.0,2006-01-07,54,65.33333333333331,39.2,False,0.01414987567523836,0.028230876409083012,5.7381112876069365,-0.001036581219256255,0.00012009035637841099,-0.00010340499174043828,0.00015847487501788373,0.9,10.786860395100646,-0.710879973431649,0.5457457589828782,True
2005-04-18,2005-11-14,150,151,210.0,2006-01-23,70,70.0,42.0,False,0.012424892216009823,0.023311069933498685,5.745397595613576,-0.001019342507886015,9.413578859059894e-05,-0.00015949581936756252,0.000185203841993907,0.9,6.0,-1.0376075672862228,0.8255842564428688,True
2005-04-04,2005-11-14,160,161,224.0,2006-01-27,74,74.66666666666663,44.800000000000004,False,0.013232656765831399,0.028191616018250862,5.740040858032572,-0.0009246375493073559,7.578129714941012e-05,-0.0001668341691344942,0.00018323876497194642,0.9,6.0,-1.1444292472054434,0.7569120672546417,True
2005-03-17,2005-11-14,170,171,242.0,2006-02-02,80,80.66666666666663,48.400000000000006,False,0.012898930105581225,0.028451390035542513,5.78244855310512,-0.0050082333753457805,0.00043835973171158036,-0.000594691778639206,0.0007387946710469094,0.6416122016460768,6.0,-0.9355889324798649,0.7249067903534231,True
2005-03-03,2005-11-14,180,181,256.0,2006-02-06,84,85.33333333333331,51.2,False,0.012899780034601047,0.030119182814337616,5.742789557308703,-0.0008971677870814444,2.0073958565529038e-05,0.00018608319777220207,0.0001871628176364607,0.9,6.446839775606454,1.463335635917307,0.6691904427768152,True
2005-02-17,2005-11-14,190,191,270.0,2006-01-30,77,90.0,54.0,False,0.012661264266671779,0.030618754050625436,5.737005813343456,-0.0008740284310414505,0.00019651505549426025,-3.906548532097501e-05,0.00020036037327594372,0.9,6.184755438946999,-0.19623308826723201,0.634795305044439,True
2005-02-03,2005-11-14,200,201,284.0,2006-02-13,91,94.66666666666663,56.800000000000004,False,0.012492160171809695,0.03136686721738784,5.747817379627434,-0.0009128490053575101,-0.00017405835977901113,-4.246386247011935e-05,0.00017916331160380152,0.9,6.762053653649438,-2.902303553073271,0.6781312567423768,True
2005-10-07,2005-11-18,30,31,42.0,2005-11-26,8,14.0,8.4,False,0.006153062865803049,0.0011736656615462572,5.717648683233713,-0.002057659099498262,0.00015070170814018434,-0.000840285148467604,0.0008536920613263266,0.9,6.0,-1.3933370192434302,0.36154590033929956,True
2005-09-23,2005-11-18,40,41,56.0,2005-12-06,18,18.666666666666657,11.200000000000001,False,0.006570470843654505,0.0017700145713998717,5.7130066754376125,-0.0012738781187668928,-8.571213629285428e-05,0.0008162488631844682,0.0008207367281642887,0.9,6.352647656983981,1.675420261820207,0.21989317516343754,True
2005-09-09,2005-11-18,50,51,70.0,2005-12-11,23,23.33333333333333,14.0,False,0.007360831717579236,0.0027632740223005447,5.741051824425874,-0.018980977390342053,-0.0064532857444602985,-0.0003643095742739274,0.006463560811624051,0.31733807352902627,6.5484581139122735,-3.085199164871103,0.14230817843267504,True
2005-08-26,2005-11-18,60,61,84.0,2005-12-15,27,28.0,16.8,False,0.00715471450733187,0.0031225863205669325,5.774397655793256,-0.04711179999463331,0.010476969045018752,-0.0006092083310618281,0.01049466603379623,0.1846790219066951,7.133971489784703,-0.05808198117230149,0.11621100878893405,True
2005-08-12,2005-11-18,70,71,98.0,2005-12-20,32,32.66666666666666,19.6,False,0.008323273236846911,0.004918658293640057,5.7543695023310795,-0.051347335793446205,0.004574806310868751,-0.011519168117106664,0.012394357058441201,0.1,8.257126042204614,-1.192751605721894,0.05017241403418261,True
2005-07-29,2005-11-18,80,81,112.0,2005-12-25,37,37.333333333333314,22.400000000000002,False,0.008286203338228272,0.005561554426759695,5.769169927319302,-0.06079461678840072,0.0037182430163207234,0.011426223681327546,0.012015985966376135,0.1,8.68396000326792,1.2561908266471917,0.058262336653030225,True
2005-07-15,2005-11-18,90,91,126.0,2005-12-09,21,42.0,25.200000000000003,False,0.00949562706578262,0.008205190936890535,5.799475859690565,-0.08332076717935213,0.007776834481784503,0.007558264644593964,0.010844653936147135,0.1,6.0,0.7711462151904239,0.12805198406198007,True
2005-07-01,2005-11-18,100,101,140.0,2005-12-16,28,46.66666666666666,28.0,False,0.010462207691380593,0.011055236767535908,5.879275313372873,-0.13537464968518678,-0.0013015263752460676,0.009996135350580332,0.01008051054523445,0.1,6.0,1.7002709091045825,0.22382240971777134,True
2005-06-17,2005-11-18,110,111,154.0,2005-12-31,43,51.333333333333314,30.8,False,0.0107042531597491,0.012718494963587845,6.034071990744183,-0.2315037653196197,-0.009411473657700013,0.0013386350966724178,0.009506196943658616,0.1,6.0,3.000305962216096,0.4058821957432918,True
2005-06-03,2005-11-18,120,121,168.0,2006-01-13,56,56.0,33.6,False,0.010852154917217591,0.014250081228022085,6.18728822378918,-0.32459638977355865,-0.006474731540909287,-0.0072325167853328366,0.009707288374050025,0.1,6.0,-2.300967165188864,0.5573070069723502,True
2005-05-20,2005-11-18,130,131,182.0,2006-01-17,60,60.66666666666666,36.4,False,0.011750237054787768,0.018086917280525687,5.755554209747307,-0.0040815419308034735,-0.00011537039241081614,-0.0006028638627763066,0.0006138038485433234,0.6445781534670505,6.0,-1.7598807426543157,0.7143630567808751,True
2005-05-06,2005-11-18,140,141,196.0,2006-01-22,65,65.33333333333331,39.2,False,0.012450594538711198,0.0218574399158013,5.739626915700662,-0.0009509542351520365,5.992305769930665e-05,-0.00016451769087615382,0.00017509095766274208,0.9,6.0,-1.2214969353679044,0.8146801935229735,True
2005-04-22,2005-11-18,150,151,210.0,2006-01-27,70,70.0,42.0,False,0.012213581782852694,0.022524908574931106,5.74724211046981,-0.0010172119719148622,0.00011207257866580213,-0.0001449481584579428,0.00018322180964380663,0.9,6.0,-0.912617574430978,0.8327709243995398,True
2005-04-08,2005-11-18,160,161,224.0,2006-01-31,74,74.66666666666663,44.800000000000004,False,0.012840963516670868,0.026547345389872034,5.745538669722658,-0.0009650645706612316,0.00010606808907884136,-0.00014006473373633703,0.0001756945336584722,0.9,6.0,-0.9226528769227522,0.8239282269337938,True
2005-03-23,2005-11-18,170,171,240.0,2006-02-06,80,80.0,48.0,False,0.012892717693230442,0.02842399098746467,5.860131031967395,-0.023338473596745894,0.0016668566770866753,-0.0015778853629605212,0.002295241468907681,0.4301849121273515,6.0,-0.7579848821708501,0.7290343484848151,True
2005-03-09,2005-11-18,180,181,254.0,2006-02-10,84,84.66666666666663,50.800000000000004,False,0.012656965271726066,0.028995977350032023,5.79710341190392,-0.006223524982831538,0.00012345835993310357,0.0008279077775802549,0.0008370622765453288,0.6136559063178076,6.397128574118817,1.422766237067235,0.7132117771841835,True
2005-02-23,2005-11-18,190,191,268.0,2006-02-06,80,89.33333333333331,53.6,False,0.01266207215635294,0.030622661616903475,5.743705171435261,-0.0009057982054971194,-6.441147327210003e-05,0.00017603354884668145,0.00018744772126819638,0.9,6.534137913479027,1.9215691420706411,0.665588030738825,True
2005-02-09,2005-11-18,200,201,282.0,2006-02-17,91,94.0,56.400000000000006,False,0.012402524638275172,0.03091834609800756,5.7507928029765365,-0.0009227476102397677,4.175668936200303e-06,-0.00017878492020429647,0.0001788336766482236,0.9,6.990135738988318,-1.5474447493142978,0.6643401863862035,True
2005-10-13,2005-11-24,30,31,42.0,2005-11-27,3,14.0,8.4,False,0.005660772072443999,0.0009933745541410197,5.719438643971473,-0.002184787656079745,0.00040484501333012767,-0.0005502865319220006,0.0006831652450417938,0.9,6.100012192423538,-0.9365111400023836,0.47184056536711855,True
2005-09-29,2005-11-24,40,41,56.0,2005-12-02,8,18.666666666666657,11.200000000000001,False,0.007011098957990586,0.0020153758525482037,5.715007236515804,-0.0014787321696910027,0.0008862545058756794,-0.00028677286807254557,0.0009314964986769936,0.9,6.0,-0.31294562788525926,0.2381220173867399,True
2005-09-15,2005-11-24,50,51,70.0,2005-12-03,9,23.33333333333333,14.0,False,0.007679626140797071,0.0030078095407831,5.713783585376172,-0.001319015300175027,0.0008575455758429491,1.6224144711108987e-05,0.0008576990366786138,0.9,6.0,0.018917022991578637,0.23067799608639503,True
2005-09-01,2005-11-24,60,61,84.0,2005-12-21,27,28.0,16.8,False,0.008248260928781927,0.004150062309305501,5.730464520281557,-0.0037523274971486185,0.00032780369207209727,-0.001489462052690599,0.001525107362431049,0.6442098422994396,6.686626882165833,-1.3541678698390025,0.23703942446789927,True
2005-08-18,2005-11-24,70,71,98.0,2005-12-26,32,32.66666666666666,19.6,False,0.00913878234580036,0.005929731336237775,5.933944934157662,-0.16848698663278389,-0.009438962597736175,0.008239336119064068,0.012529192895169912,0.1,7.455137637739312,2.423949324542844,0.18037967564725813,True
2005-08-04,2005-11-24,80,81,112.0,2005-12-31,37,37.333333333333314,22.400000000000002,False,0.009899551292537041,0.007938090379279316,5.850960933505325,-0.11189318058393426,-0.0028638000349486513,0.010135867437012214,0.010532671044937103,0.1,8.689506769489668,1.8461599153620678,0.12225594092047894,True
2005-07-21,2005-11-24,90,91,126.0,2006-01-05,42,42.0,25.200000000000003,False,0.009890537843832876,0.008901869234466417,5.8863330871033614,-0.13444130009096567,-0.007502438652196561,0.006692708610472714,0.010053801981075049,0.1,8.674705116367944,2.413175477025669,0.15415146480783495,True
2005-07-07,2005-11-24,100,101,140.0,2005-12-19,25,46.66666666666666,28.0,False,0.01043409674411202,0.010995907861414394,5.9038873459222385,-0.15013556190191857,-0.0028245895634693256,0.00914613588789663,0.009572361666899684,0.1,6.0,1.8703330669149194,0.2614045992103026,True
2005-06-23,2005-11-24,110,111,154.0,2005-12-25,31,51.333333333333314,30.8,False,0.010634388735530707,0.012553014839400448,5.9749475061981485,-0.1952675907398238,-0.008110107922793923,0.0051718159111647025,0.009618811274702354,0.1,6.0,2.5739128274914678,0.3383432476966273,True
2005-06-09,2005-11-24,120,121,168.0,2006-01-08,45,56.0,33.6,False,0.010581581354760387,0.013548353540056932,6.110585183993949,-0.2763564214578688,-0.008230149829319196,-0.004260077194477539,0.0092673417934136,0.1011919836303378,6.0,-2.663949853888794,0.502931964377287,True
2005-05-26,2005-11-24,130,131,182.0,2006-01-23,60,60.66666666666666,36.4,False,0.01104656364892852,0.015985480466927597,6.0049308826823955,-0.13654437578730036,-0.0001724636285926548,-0.006439111840723745,0.006441421038911839,0.18859819530430014,6.0,-1.5975736853082738,0.666313191268205,True
2005-05-12,2005-11-24,140,141,196.0,2006-01-28,65,65.33333333333331,39.2,False,0.012029744451815141,0.020404779972212777,5.744020855714177,-0.0009635541173092429,8.930332488030755e-05,-0.00013939554468302248,0.0001655481854692291,0.9,6.0,-1.001024339321541,0.8730576972905041,True
2005-04-28,2005-11-24,150,151,210.0,2006-02-02,70,70.0,42.0,False,0.011897309610675977,0.021373442371814728,5.752752173132784,-0.00104264318987139,0.00014017126599666238,-0.00011204422428670748,0.0001794488562435467,0.9,6.0,-0.6743371745021797,0.8715378952789107,True
2005-04-14,2005-11-24,160,161,224.0,2006-02-06,74,74.66666666666663,44.800000000000004,False,0.01183193827162234,0.02253915688542051,5.755282028750707,-0.0010402327818800838,0.00014647431874781558,-9.040205926792862e-05,0.00017212570514748445,0.9,6.0,-0.5529613086513058,0.9065172290699716,True
2005-03-31,2005-11-24,170,171,238.0,2006-02-11,79,79.33333333333331,47.6,False,0.012838060786348996,0.0281835026129326,5.9378777491381545,-0.05224364105088139,0.0032907432984794257,-0.0019722365627322207,0.0038364969067972744,0.33268982158846605,6.0,-0.5399256750394509,0.7550693615641528,True
2005-03-15,2005-11-24,180,181,254.0,2006-02-14,82,84.66666666666663,50.800000000000004,False,0.01259945451688494,0.028733071996272473,5.862939323688774,-0.021119172073584613,5.698600433407756e-05,0.0020258106534321828,0.002026612002394462,0.4474101248879335,6.3838958342690875,1.5426737673412902,0.7303420299134545,True
2005-03-01,2005-11-24,190,191,268.0,2006-02-20,88,89.33333333333331,53.6,False,0.012655145918276477,0.030589169178658122,5.768062987931219,-0.0017735024731652324,0.00021380634440030597,-0.00020099374718259938,0.00029344784768732746,0.8029539610646907,7.1094632476133475,-0.7545193739521283,0.6825817953389587,True
2005-02-15,2005-11-24,200,201,282.0,2006-02-24,92,94.0,56.400000000000006,False,0.012405433431913668,0.03093285050536191,5.7608840999442235,-0.0011491247746865207,0.0001691268384502004,0.00011165528224040715,0.00020265929422640642,0.8698066435143356,7.334801165831714,0.583503016675467,0.6724113526196746,True
2005-10-19,2005-11-30,30,31,42.0,2005-12-05,5,14.0,8.4,False,0.005949607777621965,0.0010973328139337333,5.72453958096737,-0.0019505419865280074,-0.00028368310211943315,0.00048396148098228415,0.0005609766639555255,0.9,6.4709585628697255,2.1009837174764656,0.48359789119897856,True
2005-10-05,2005-11-30,40,41,56.0,2005-12-01,1,18.666666666666657,11.200000000000001,False,0.006291896873706065,0.0016231066170434383,5.714535303565861,-0.0015447700976084296,0.0007541719994764632,-0.00033466091859413297,0.0008250898952408733,0.9,6.0,-0.4176410637378799,0.2808366894053628,True
2005-09-21,2005-11-30,50,51,70.0,2005-12-01,1,23.33333333333333,14.0,False,0.006550441165502064,0.002188322252597906,5.713004904080796,-0.0014250993706513184,0.0008656417288923815,-0.0003252093868048872,0.0009247144143279058,0.9,6.0,-0.35937186635707213,0.23116856651690115,True
2005-09-07,2005-11-30,60,61,84.0,2005-12-27,27,28.0,16.8,False,0.00847111200937472,0.004377344059197728,5.727328498888187,-0.0011296619099793587,0.0004918457256143163,0.000141288135973521,0.0005117368026358331,0.9,6.954537544654186,0.2797291321427959,0.2856775334752329,True
2005-08-24,2005-11-30,70,71,98.0,2006-01-01,32,32.66666666666666,19.6,False,0.008315356330206613,0.004909305713779811,5.742367918250125,-0.00430843491781149,-0.0013739310298440874,0.0002938705017628677,0.0014050075966252971,0.6315177690130522,7.443581820634344,2.9308774184117574,0.2601623655809612,True
2005-08-10,2005-11-30,80,81,112.0,2005-12-01,1,37.333333333333314,22.400000000000002,False,0.010140566491759389,0.008329318190677257,5.791547054560345,-0.07747521073422699,0.009918020194798384,-0.0025195688839282464,0.010233051936997486,0.1,6.0,-0.24877691637223426,0.12618459479997396,True
2005-07-27,2005-11-30,90,91,126.0,2005-12-01,1,42.0,25.200000000000003,False,0.009737606263401012,0.008628708792433423,5.7926502326417095,-0.0782498281916395,0.009845275886608308,-0.002340511668665046,0.010119656721183196,0.1,6.0,-0.2333969541464727,0.12887431255094078,True
2005-07-13,2005-11-30,100,101,140.0,2006-01-12,43,46.66666666666666,28.0,False,0.01023481056955733,0.010579886086866965,5.971042674414213,-0.1870282405568036,-0.0050767570242726285,0.007356083276439863,0.008937864568979534,0.1,8.431141849998282,2.17487687932491,0.24819156778535112,True
2005-06-29,2005-11-30,110,111,154.0,2005-12-25,25,51.333333333333314,30.8,False,0.010350909373307885,0.011892687058842067,5.964941031290203,-0.18860656416268107,-0.007233020027456232,0.0058977353918458,0.009332730654519795,0.1,6.0,2.4575374941315236,0.33681918533910876,True
2005-06-15,2005-11-30,120,121,168.0,2005-12-29,29,56.0,33.6,False,0.010416479797395503,0.013128869215715386,5.8671094560651715,-0.09069630367554314,-0.006572646272042955,0.0016210093920668647,0.006769590125448448,0.17266117376892082,6.0,2.899788599715998,0.3855410731159147,True
2005-06-01,2005-11-30,130,131,182.0,2006-01-11,42,60.66666666666666,36.4,False,0.010753308343971346,0.015148006884608616,5.783831637546687,-0.01725252230417125,-0.0014200149584605412,-0.0014101460859909669,0.0020012382332164594,0.40602206999678475,6.0,-2.359681511713364,0.5833808874207831,True
2005-05-18,2005-11-30,140,141,196.0,2006-02-03,65,65.33333333333331,39.2,False,0.011490882575735729,0.018617693914077922,5.76534805814542,-0.002683461146583315,0.00024130097267820226,-0.00028378292208607297,0.0003725035654636834,0.7342402400985558,6.0,-0.8661273988349767,0.8815598646731033,True
2005-05-04,2005-11-30,150,151,210.0,2006-02-08,70,70.0,42.0,False,0.01160234198546622,0.020326765271704544,5.755548604726853,-0.001037015376891301,0.00014826840300844368,-8.116245282085348e-05,0.00016902917818699688,0.9,6.0,-0.5008465658068612,0.9202689630402612,True
2005-04-20,2005-11-30,160,161,224.0,2006-02-12,74,74.66666666666663,44.800000000000004,False,0.011366735408356787,0.0208016304888183,5.761898129690758,-0.0010803011989766595,0.0001665746970707345,-4.717788985566764e-05,0.00017312678301014108,0.9,6.0,-0.27599546257107543,0.9359913990720139,True
2005-04-06,2005-11-30,170,171,238.0,2006-02-07,69,79.33333333333331,47.6,False,0.012790886380122374,0.027976758420553208,5.774529489847441,-0.0030570941152778326,0.0003772963516155991,-0.00024848561815088476,0.00045177166729473987,0.7221054776338939,6.022787551718754,-0.5823939254849357,0.8113213666828313,True
2005-03-21,2005-11-30,180,181,254.0,2006-01-29,60,84.66666666666663,50.800000000000004,False,0.012626283823299528,0.028855570816759275,5.750029598541025,-0.0015451911179134093,0.00012877679733035022,-0.0002540574370579179,0.00028483090572320273,0.818453211609259,6.0,-1.1016593659264176,0.7400101882643122,True
2005-03-07,2005-11-30,190,191,268.0,2006-02-27,89,89.33333333333331,53.6,False,0.01252418907596341,0.02995936459400192,5.759984700979167,-0.0009615973917852781,0.00011474818627920454,0.00011232585984271414,0.0001605747335161173,0.9,7.349975647937457,0.7747310061430736,0.7332847886092482,True
2005-02-21,2005-11-30,200,201,282.0,2006-02-19,81,94.0,56.400000000000006,False,0.01240165823137239,0.03091402650444108,5.753374500640082,-0.0009363241726812015,0.00011866585955646388,-0.00012657795110855975,0.00017350378650368226,0.9,7.109247173591593,-0.8176491227752619,0.6831816200302498,True
2005-10-25,2005-12-06,30,31,42.0,2005-12-08,2,14.0,8.4,False,0.005820024562912534,0.0010500532633000625,5.729882433171225,-0.002000579120474338,-8.508859579564094e-05,0.000500070706687346,0.0005072581007941181,0.9,7.982673763859067,1.7393353086947436,0.44465263379076153,True
2005-10-11,2005-12-06,40,41,56.0,2005-12-07,1,18.666666666666657,11.200000000000001,False,0.006059525777740563,0.0015054319586951974,5.726015372768046,-0.0018627768424042677,0.0005498720102147795,-0.0003115250979322823,0.0006319866408867838,0.9,7.448608747756748,-0.5154539621482993,0.3561396100287366,True
2005-09-27,2005-12-06,50,51,70.0,2005-12-07,1,23.33333333333333,14.0,False,0.00727794756296022,0.002701394557189129,5.721794990098713,-0.0015379771005350734,-0.0003738414013868134,-0.000762972216385804,0.0008496375676531274,0.9,6.997464489030019,-2.0263961425903707,0.23281875818706912,True
2005-09-13,2005-12-06,60,61,84.0,2005-12-14,8,28.0,16.8,False,0.008153420117454875,0.0040551738363147904,5.727178324709162,-0.0014124967193073694,-0.00014363392479896007,0.0006805473654310811,0.0006955396616644796,0.9,6.1469002890240025,1.7788001534918616,0.2973390086624424,True
2005-08-30,2005-12-06,70,71,98.0,2005-12-14,8,32.66666666666666,19.6,False,0.008363363039300922,0.004966154734227277,5.735737214571538,-0.004492452522960796,0.0003976174018866977,0.0017060151593339837,0.0017517383714928682,0.6399278736296495,6.0,1.3418161190142917,0.2735231125439557,True
2005-08-16,2005-12-06,80,81,112.0,2005-12-13,7,37.333333333333314,22.400000000000002,False,0.009829824306004988,0.00782666111684104,5.913649684719833,-0.15182663434983915,0.0033692493381143537,0.01046696862334115,0.01099587528414142,0.10984325295475239,6.0,1.2593766963508726,0.2527785945670364,True
2005-08-02,2005-12-06,90,91,126.0,2005-12-07,1,42.0,25.200000000000003,False,0.01008145599802177,0.00924885370864447,5.8343457405897405,-0.10444751692978049,-0.0009504950709624651,-0.009554537772981101,0.009601699481615043,0.1,7.029065286704114,-1.6699511017744888,0.15475775949067988,True
2005-07-19,2005-12-06,100,101,140.0,2005-12-13,7,46.66666666666666,28.0,False,0.010419532851194862,0.010965233148550023,5.898913570175456,-0.14671146926829565,0.0029475450545370617,0.007902941502092151,0.008434720281907185,0.1,6.0,1.2138082396550351,0.28989593878016656,True
2005-07-05,2005-12-06,110,111,154.0,2006-01-05,30,51.333333333333314,30.8,False,0.010954824593598677,0.013320908188293103,6.050785814365096,-0.24022059068821952,-0.0037641703043676256,-0.007255640439448079,0.008173940069931843,0.1,6.2075746563107606,-2.0493644939698377,0.47343115052492707,True
2005-06-21,2005-12-06,120,121,168.0,2006-01-06,31,56.0,33.6,False,0.010700966443545746,0.013855792621932945,6.04944418934868,-0.23287917632227506,-0.007707296686565026,-0.0033772241606234016,0.00841475283331808,0.10633353822330636,6.034718384037842,-2.728607148722738,0.48764362321072013,True
2005-06-07,2005-12-06,130,131,182.0,2006-01-11,36,60.66666666666666,36.4,False,0.010559522370932647,0.014606960163991742,5.863674854617939,-0.06393066020254463,-0.0034862086005532714,-0.0028951180756056983,0.0045315956437297494,0.2386779250695381,6.0,-2.448559086235608,0.5612017828121354,True
2005-05-24,2005-12-06,140,141,196.0,2006-02-07,63,65.33333333333331,39.2,False,0.011043553015316844,0.01719636891149804,5.848522593559646,-0.022976956467705128,0.0013265104380582194,-0.0013508776412108677,0.0018932776721339232,0.4196945461389036,6.0,-0.7944990220270345,0.8489072908058817,True
2005-05-10,2005-12-06,150,151,210.0,2006-02-14,70,70.0,42.0,False,0.011538398908720339,0.02010333205589056,5.768311020821419,-0.001403280760430455,0.00020431850620499965,-5.066335146138858e-05,0.00021050612142914672,0.8586516654713562,6.0,-0.24306020868283934,0.9539939217975687,True
2005-04-26,2005-12-06,160,161,224.0,2006-02-18,74,74.66666666666663,44.800000000000004,False,0.011255118456742251,0.02039510832752331,5.770256849392702,-0.0011310904168822576,0.0001731201981125962,-1.2357789297341736e-06,0.00017312460871900256,0.9,6.0,-0.0071381499916118845,0.9800083522944938,True
2005-04-12,2005-12-06,170,171,238.0,2006-02-23,79,79.33333333333331,47.6,False,0.011975997727973057,0.024525593190251105,5.841926142259766,-0.010455683946631404,0.0010726739330522588,-4.8958948386536826e-06,0.0010726851059076343,0.5598743357227323,6.0,-0.004564165019122534,0.9095351891416977,True
2005-03-29,2005-12-06,180,181,252.0,2006-02-26,82,84.0,50.400000000000006,False,0.012633210062925138,0.028887237365412724,5.809576117760176,-0.005709825008169065,-0.0001379958131324607,-0.000658631125976698,0.0006729322436526741,0.6355005942186863,6.866709707092911,-1.7773279064416354,0.7852695068326684,True
2005-03-11,2005-12-06,190,191,270.0,2006-03-04,88,90.0,54.0,False,0.012375135887360805,0.029250501752053258,5.804015351735347,-0.0042788070486138455,0.0004082382017772584,0.00032767892444226886,0.0005234805697578198,0.6787077720058299,7.2869309142132375,0.676364439175431,0.7613078474182,True
2005-02-25,2005-12-06,200,201,284.0,2006-03-08,92,94.66666666666663,56.800000000000004,False,0.012419109393238452,0.031001089902365934,5.784025996637964,-0.002106541458229175,-0.00030674575886257367,-8.240666750572738e-06,0.00030685643087390263,0.78217839224236,7.729953947321692,-3.1147343030136407,0.694646239921605,True
2005-10-31,2005-12-12,30,31,42.0,2005-12-13,1,14.0,8.4,False,0.004490347103628139,0.0006250597304429101,5.733237899252804,-0.001776852658463756,-0.00015315774936188977,0.00020332475815867338,0.00025455501069490357,0.8913796604100063,11.37725781915271,2.2163847839326674,0.54688358325732,True
2005-10-17,2005-12-12,40,41,56.0,2005-12-13,1,18.666666666666657,11.200000000000001,False,0.006129061572322582,0.0015401812260501756,5.736861484641885,-0.0020830653127634586,-0.00041037379872691345,-0.00012738745766926289,0.00042969084124867677,0.9,9.823004958650037,-2.8406055791903126,0.44416561670715116,True
2005-10-03,2005-12-12,50,51,70.0,2005-12-13,1,23.33333333333333,14.0,False,0.0084387871746771,0.003631869577954231,5.72905213296595,-0.0014823740981342879,-8.122660157090794e-05,0.0007336560221550431,0.0007381388213927785,0.9,6.1434800435049794,1.6810620822777211,0.2942034955114885,True
2005-09-19,2005-12-12,60,61,84.0,2005-12-14,2,28.0,16.8,False,0.008132989907623452,0.004034877015087801,5.730062593755975,-0.001524756777297529,-0.0005062156919367624,0.0005083539426157112,0.0007174106618499288,0.9,6.310516881766066,2.3540869487873173,0.30311701972634697,True
2005-09-05,2005-12-12,70,71,98.0,2005-12-15,3,32.66666666666666,19.6,False,0.008481165245950365,0.005107041638967258,5.734471904529103,-0.003020259626773555,0.00014151619771895878,0.0012330711771679041,0.0012411653242735523,0.7290716805894886,6.0,1.4565290104167148,0.2956879472922202,True
2005-08-22,2005-12-12,80,81,112.0,2005-12-14,2,37.333333333333314,22.400000000000002,False,0.009053045741093432,0.006638568612416723,5.768804834821786,-0.02267793382220795,0.0011787140325435442,0.004786776919066956,0.004929766733165699,0.34651241297272106,6.0,1.3293560440479346,0.2656713118257,True
2005-08-08,2005-12-12,90,91,126.0,2005-12-17,5,42.0,25.200000000000003,False,0.01080587845077584,0.01062579782745769,5.934245990430591,-0.16929099328373545,-0.008704821551844441,0.0018534868052630278,0.008899962448614017,0.1,6.299778722928712,2.9317992649456075,0.30193981428353434,True
2005-07-25,2005-12-12,100,101,140.0,2005-12-14,2,46.66666666666666,28.0,False,0.010527554885318516,0.01119377059820277,5.9044279597107705,-0.14981592417395787,-0.0020301952529214774,0.0077694178404265485,0.00803028930637765,0.1,6.1409697332934545,1.8263872708342483,0.303801440607446,True
2005-07-11,2005-12-12,110,111,154.0,2005-12-14,2,51.333333333333314,30.8,False,0.010258566208139735,0.011681438051793294,5.914882938449386,-0.15735199666608843,0.0017922710007160572,0.008330518099229581,0.008521136493543533,0.1,6.0,1.3588813841557954,0.3077680165967573,True
2005-06-27,2005-12-12,120,121,168.0,2006-01-15,34,56.0,33.6,False,0.010850607471589514,0.014246017582804216,6.146326938139284,-0.29809100621509177,0.0022557103293266226,-0.00803429311783315,0.00834494427741084,0.1,6.21187273486418,-1.2970827620142402,0.5750463912811945,True
2005-06-13,2005-12-12,130,131,182.0,2006-01-16,35,60.66666666666666,36.4,False,0.010491394543032433,0.014419086088941761,6.028962153595684,-0.18983617215329376,-0.0009368932846134104,-0.007072217602175966,0.007134005245251876,0.13592416230734705,6.115743798259428,-1.7025045986184004,0.5914158036670136,True
2005-05-30,2005-12-12,140,141,196.0,2006-01-24,43,65.33333333333331,39.2,False,0.010660247855478035,0.01602336469197159,5.842183387226841,-0.03313301206031115,-3.335067494338387e-05,-0.002651866793399629,0.002652076499170944,0.3455576802726706,6.0,-1.5833719647976967,0.7195221550350379,True
2005-05-16,2005-12-12,150,151,210.0,2006-02-20,70,70.0,42.0,False,0.011296537219202566,0.019269374724869157,5.801385445364365,-0.004260011684379406,0.0005067119176729474,-3.900130363271846e-05,0.0005082106543519599,0.6879015833585761,6.0,-0.07681792473746081,0.9610413705800102,True
2005-05-02,2005-12-12,160,161,224.0,2006-02-24,74,74.66666666666663,44.800000000000004,False,0.011106349114372424,0.0198595094947017,5.786616805566775,-0.0017950739920927713,0.00024370399588060667,4.926461735471632e-05,0.00024863354586877727,0.831233504906192,6.0,0.19946143695054216,1.0002174356638183,True
2005-04-18,2005-12-12,170,171,238.0,2006-03-01,79,79.33333333333331,47.6,False,0.010917745362541772,0.020382715010022708,5.806505658702311,-0.003099054502119615,0.00036332133928365635,0.00012836176850191934,0.00038532990954740333,0.749764689523658,6.0,0.3396124857692169,1.0050096376408948,True
2005-04-04,2005-12-12,180,181,252.0,2006-02-07,57,84.0,50.400000000000006,False,0.012547738531200042,0.028497679346772553,5.787137266189702,-0.004806455155637765,0.0005612630281588866,-0.0003538437655162941,0.0006634919721992371,0.6532812213127479,6.0302898075346425,-0.5625030696322413,0.7847859375194987,True
2005-03-17,2005-12-12,190,191,270.0,2006-03-06,84,90.0,54.0,False,0.012315375281530644,0.028968677450062773,5.809275458557609,-0.004715790313605889,0.00043290764819045385,0.00034268000088005606,0.0005521219202902064,0.6659532987642363,7.273008306927515,0.6695841968022881,0.7820764115097393,True
2005-03-03,2005-12-12,200,201,284.0,2006-03-15,93,94.66666666666663,56.800000000000004,False,0.012355172936932099,0.03068270995860137,5.8015025361533965,-0.003172332098342433,-0.00016225761288027584,-0.00037088521442990905,0.00040482511683481926,0.7244121675678346,7.89294866752833,-1.9831962032895198,0.7192132066764393,True
2005-11-04,2005-12-16,30,31,42.0,2005-12-29,13,14.0,8.4,False,0.00447071597235783,0.0006196063404703578,5.749768028575296,-0.0016749464761286923,6.201261186154002e-05,9.327581110199349e-05,0.00011200866469441007,0.9,8.403880308664137,0.9840659356080314,1.6014447670323646,True
2005-10-21,2005-12-16,40,41,56.0,2005-12-29,13,18.666666666666657,11.200000000000001,False,0.006039535591884005,0.0014955155967909806,5.757347915089565,-0.002050692680184437,9.637357794568206e-05,0.0002877535620781698,0.0003034633075261778,0.9,8.489576064892818,1.2476210933461191,0.7163922843695906,True
2005-10-07,2005-12-16,50,51,70.0,2006-01-05,20,23.33333333333333,14.0,False,0.006981915854002296,0.002486104598610799,5.7619279422005345,-0.0018774098377898013,0.0002718295075630644,0.00021571614389499772,0.00034702267349397424,0.9,11.207529480665,0.6708088008579767,0.4344440538382253,True
2005-09-23,2005-12-16,60,61,84.0,2005-12-19,3,28.0,16.8,False,0.007879265411595839,0.003787052229008603,5.733459185710092,-0.0014868548674051203,0.000650351929607656,9.159140582255148e-05,0.0006567698363696013,0.9,7.1597945126005715,0.13991342673160337,0.2845753846667202,True
2005-09-09,2005-12-16,70,71,98.0,2005-12-17,1,32.66666666666666,19.6,False,0.008183340459539189,0.004754661336447906,5.729938163362216,-0.001391171123941428,-0.0004626242222231066,0.0004582647488601658,0.0006511741326522462,0.9,6.2046067388861585,2.3609284385119893,0.30989292669694185,True
2005-08-26,2005-12-16,80,81,112.0,2005-12-17,1,37.333333333333314,22.400000000000002,False,0.008067894487943806,0.005272364638956119,5.732709245949629,-0.0024371161904232046,-1.6923488228357144e-05,0.0010227142072480894,0.0010228542194080756,0.7692353139313538,6.0,1.5873424387757002,0.3054713308204491,True
2005-08-12,2005-12-16,90,91,126.0,2005-12-23,7,42.0,25.200000000000003,False,0.010452263697224977,0.00994173329206577,5.98863946441019,-0.20358381195461936,0.00865815370963282,-0.004263184344067895,0.009650822058826603,0.1,6.83773289036331,-0.4575407282329438,0.3085082642125613,True
2005-07-29,2005-12-16,100,101,140.0,2005-12-19,3,46.66666666666666,28.0,False,0.010679421660531986,0.011519054747347416,5.91203153751846,-0.15266517554685397,0.000586242327986106,0.008208514692295537,0.008229422429353974,0.1,7.437786858492257,1.4994985767071314,0.24941748557560448,True
2005-07-15,2005-12-16,110,111,154.0,2005-12-18,2,51.333333333333314,30.8,False,0.010541532291776368,0.012334753239500595,5.912890826309763,-0.15451681985082677,-0.0006474450897594949,-0.008287653826512717,0.008312905093429405,0.1,6.681761025936435,-1.6487596187399094,0.27818390547675814,True
2005-07-01,2005-12-16,120,121,168.0,2005-12-21,5,56.0,33.6,False,0.010526334334685786,0.013407249457595766,5.96894360546395,-0.19137434111071547,-0.004771848292540988,0.006902185887005533,0.008391108755450898,0.1,6.0,2.175695464603047,0.38011333720031926,True
2005-06-17,2005-12-16,130,131,182.0,2006-01-21,36,60.66666666666666,36.4,False,0.010516299857629158,0.01448762571311981,6.188711026013742,-0.32282263850167914,0.007944905583497797,-0.0017640226934365066,0.008138384409307137,0.1,6.3645321854467065,-0.21848759804315937,0.6232457077194459,True
2005-06-03,2005-12-16,140,141,196.0,2006-01-20,35,65.33333333333331,39.2,False,0.01041739854754021,0.015301629142259295,5.892790084023294,-0.06890841151248323,-0.001239061271083133,-0.004035870853794607,0.0042217918449406,0.2479267767205677,6.0,-1.8686737799471613,0.6744466560921756,True
2005-05-20,2005-12-16,150,151,210.0,2006-02-08,54,70.0,42.0,False,0.010832875743336749,0.01772003072745663,5.800192046478767,-0.007679212842167842,0.0006407640230748123,-0.0005263262171326909,0.0008292151832354658,0.5780374595328708,6.0,-0.6876566638156075,0.8921835112367176,True
2005-05-06,2005-12-16,160,161,224.0,2006-02-28,74,74.66666666666663,44.800000000000004,False,0.011080521512285618,0.01976725107446012,5.784647001612715,-0.0014201202413774414,0.00018415196164215254,6.691703945383787e-05,0.00019593324155415618,0.8698439579900943,6.0,0.34854408013278504,1.0507686204607671,True
2005-04-22,2005-12-16,170,171,238.0,2006-03-05,79,79.33333333333331,47.6,False,0.010911411572030816,0.02035907232651641,5.79195867772873,-0.0015463738853011783,0.0001798502777049462,0.0001021311701872986,0.00020682576801349782,0.8603042571567002,6.0,0.516457675535044,1.0720392414173858,True
2005-04-08,2005-12-16,180,181,252.0,2006-02-09,55,84.0,50.400000000000006,False,0.01216331048148138,0.026778248058273574,5.78069678735488,-0.0033129598302205697,0.0003954437960603841,-0.00024730192503475345,0.0004664054437595486,0.7146802972033915,6.0,-0.5588712252603241,0.8460832907522072,True
2005-03-23,2005-12-16,190,191,268.0,2006-02-14,60,89.33333333333331,53.6,False,0.012323120236634256,0.02900512484201004,5.78466570140669,-0.0037102040386516283,-0.0003194858232002509,0.0004066799873132683,0.0005171651605696792,0.6931702400875633,6.518786430075939,2.236691895009233,0.762854459572156,True
2005-03-09,2005-12-16,200,201,282.0,2006-03-17,91,94.0,56.400000000000006,False,0.012106628057846873,0.029460659029140076,5.8006509858923705,-0.002759672276803093,-3.070838713354259e-05,-0.00033680368092154516,0.0003382007163248557,0.7476869781313078,7.9283820865693375,-1.6617208544960942,0.7695170254491458,True
2005-11-10,2005-12-22,30,31,42.0,2006-01-03,12,14.0,8.4,False,0.004380178861965267,0.0005947649727470274,5.796668992379034,-0.026968767391908805,0.0010178219231258999,0.0011362938383021604,0.001525491774530155,0.31611926060438433,6.00097183583835,0.8403407451333096,0.9312806860449578,True
2005-10-27,2005-12-22,40,41,56.0,2005-12-26,4,18.666666666666657,11.200000000000001,False,0.006418404770103439,0.00168903271150835,5.748541137836955,-0.0018691638598175883,9.005147563499565e-05,-0.000313859955622372,0.0003265231079224218,0.9,8.00201289526971,-1.2913859059514223,0.6438381641321131,True
2005-10-13,2005-12-22,50,51,70.0,2005-12-29,7,23.33333333333333,14.0,False,0.006475445207497976,0.0021385009224007337,5.750782173022837,-0.0018351905120547619,-0.0003226151480011256,-9.02487756978688e-05,0.00033500056005140115,0.9,9.125123623971211,-2.86882387400534,0.5403054830078959,True
2005-09-29,2005-12-22,60,61,84.0,2005-12-23,1,28.0,16.8,False,0.007992982005119924,0.0038971534413844273,5.736701925458834,-0.0014771551837646725,-0.0004660123872093994,-0.00038955029953601644,0.0006073853644114281,0.9,7.92895457056952,-2.4453282135284353,0.27605039941103376,True
2005-09-15,2005-12-22,70,71,98.0,2005-12-23,1,32.66666666666666,19.6,False,0.008040163214205646,0.004589739940285662,5.73591967205032,-0.0014237704492883942,-0.00028653492881176184,0.000531590007833974,0.0006038958534864153,0.9,7.489517334040464,2.065166569836047,0.2833130675106535,True
2005-09-01,2005-12-22,80,81,112.0,2005-12-23,1,37.333333333333314,22.400000000000002,False,0.008502084545580667,0.005855120771236333,5.739519806422907,-0.002560945346298256,7.290193639041227e-05,-0.0009527831890347848,0.0009555681543651223,0.7633625136536413,6.615311525531111,-1.4944304056532303,0.30925673822662614,True
2005-08-18,2005-12-22,90,91,126.0,2005-12-23,1,42.0,25.200000000000003,False,0.009853326134283854,0.008835011267679068,5.7577962122812485,-0.011264682168969866,0.000676695315073258,-0.0024544944369951967,0.0025460674560353787,0.4655158672271284,6.641492611548134,-1.301782780453498,0.31011147145930035,True
2005-08-04,2005-12-22,100,101,140.0,2005-12-28,6,46.66666666666666,28.0,False,0.010785971217147883,0.011750054684811403,5.972491837843176,-0.18945876930323574,-0.00795144972824138,0.001561045370687712,0.008103234874424872,0.1,8.989185266170223,2.9477360168215285,0.26009736553374607,True
2005-07-21,2005-12-22,110,111,154.0,2005-12-27,5,51.333333333333314,30.8,False,0.010679815483258385,0.012660488921965453,5.968603037544205,-0.18775831198287113,0.007196082595157922,-0.002749250892542002,0.007703374921842879,0.1,8.241749138776791,-0.36493560988295287,0.2957322893792057,True
2005-07-07,2005-12-22,120,121,168.0,2006-01-11,20,56.0,33.6,False,0.010863731139307676,0.014280499166326753,6.138505038137288,-0.2940126768842894,-0.006313996378280003,-0.004287639113712223,0.007632194929007509,0.1,6.0,-2.5450529059234657,0.6420448281241746,True
2005-06-23,2005-12-22,130,131,182.0,2006-01-12,21,60.66666666666666,36.4,False,0.010574784525646341,0.014649214877064259,6.1510851487566205,-0.30190966522144264,-0.006242904635626788,-0.004920314113686569,0.007948795460123106,0.1,6.0,-2.4741222838247867,0.6330302218661922,True
2005-06-09,2005-12-22,140,141,196.0,2006-01-13,22,65.33333333333331,39.2,False,0.010317781221210858,0.015010381915356773,6.0844865414274265,-0.23643251588417613,-0.0053300723279745,-0.005248816044190606,0.007480624364796846,0.12037420343944365,6.0,-2.3638753242278807,0.6340909167215442,True
2005-05-26,2005-12-22,150,151,210.0,2006-02-01,41,70.0,42.0,False,0.010547040968800735,0.01679725105283173,5.831791727603609,-0.02145837819509773,0.0007948573237816061,-0.001644244148413671,0.0018262904984590635,0.41752390165251674,6.0,-1.1205020473431095,0.8176305827497502,True
2005-05-12,2005-12-22,160,161,224.0,2006-03-05,73,74.66666666666663,44.800000000000004,False,0.01101303815390682,0.019527208510084583,5.787779397636167,-0.0012820093543531778,0.00014757610502299766,9.025963975430192e-05,0.00017298991109985343,0.8894180059516505,6.0,0.5489156062129684,1.0985632980083586,True
2005-04-28,2005-12-22,170,171,238.0,2006-03-11,79,79.33333333333331,47.6,False,0.010795017009654852,0.01992703907282413,5.793857627013224,-0.0012424895470667917,0.000123750403099441,0.00011510416752998239,0.00016900630653926614,0.9,6.0,0.7492152174984147,1.1027602216531347,True
2005-04-14,2005-12-22,180,181,252.0,2006-02-22,62,84.0,50.400000000000006,False,0.011163714006508023,0.022557760385857717,5.786525924740245,-0.002185039956269662,0.00029071708264401063,1.5218769855334323e-05,0.0002911151543581236,0.7942519633729033,6.0,0.052301332149471254,0.9935771975079439,True
2005-03-31,2005-12-22,190,191,266.0,2006-02-16,56,88.66666666666663,53.2,False,0.01230312484639326,0.028911074268314383,5.792554979105549,-0.0044258694511177124,-0.0003161397971410019,0.00048582588379616457,0.0005796301930564679,0.6691144229388091,6.484520098915578,2.1476821275822537,0.787898276055694,True
2005-03-15,2005-12-22,200,201,282.0,2006-03-23,91,94.0,56.400000000000006,False,0.012073799549369582,0.029301103747229783,5.809878735459923,-0.003154696797934521,0.00027664648343346613,-0.0002293459908565768,0.0003593506091800709,0.7304406183662354,8.066999349385782,-0.6921884173143462,0.7948993339640638,True
2005-11-16,2005-12-29,30,31,43.0,2006-01-01,3,14.333333333333329,8.6,True,0.004167558098284637,0.0005384247555799139,5.7450873383806265,-0.0013113329813676234,0.0001535528318657758,0.00010132912222396542,0.00018397299580285838,0.8973307945296574,6.060155743781122,0.5833015702399341,1.0554257613413944,True
2005-11-02,2005-12-29,40,41,57.0,2006-01-15,17,19.0,11.4,False,0.004363944080180868,0.0007808043253327712,5.7637483654350286,-0.0016013077203493075,-8.322478659320073e-05,-1.1375889098897687e-05,8.399866639580788e-05,0.9,12.969282093508793,-3.005745809798239,1.322905978873977,True
2005-10-19,2005-12-29,50,51,71.0,2006-01-10,12,23.666666666666657,14.200000000000001,False,0.00629197523276402,0.0020190365688155082,5.766222717616778,-0.0019256693580525543,0.00018403525377385735,-0.00018711434122222875,0.00026245142659668807,0.9,10.611317122981738,-0.7936940550094226,0.62230887930958,True
2005-10-05,2005-12-29,60,61,85.0,2005-12-30,1,28.33333333333333,17.0,False,0.007183766531988249,0.0031479965967529827,5.7474857970111755,-0.001649538510684095,0.00031385854017739834,-0.0003039761049655352,0.0004369309506458722,0.9,9.60685086786697,-0.7694042520560607,0.35368049519517275,True
2005-09-21,2005-12-29,70,71,99.0,2005-12-30,1,33.0,19.8,False,0.00785867316996004,0.004384870823449734,5.744320044446962,-0.0015018649775217845,-0.00047141416572434193,-0.0002738306995824539,0.0005451738875619351,0.9,9.159734993466044,-2.615357543034925,0.2706795490945545,True
2005-09-07,2005-12-29,80,81,113.0,2005-12-30,1,37.66666666666666,22.6,False,0.00891235286029512,0.006433832714019261,5.7432190290756,-0.001965416307784804,-0.0005672751834003261,-0.00041685685148544813,0.0007039678745029737,0.819072282557799,7.677067964144923,-2.507864346385568,0.2978712300855944,True
2005-08-24,2005-12-29,90,91,127.0,2005-12-30,1,42.333333333333314,25.400000000000002,False,0.008978730652057712,0.007336201975120265,5.749112761064327,-0.004091168187748776,-0.001195919102623724,-9.698246370036686e-05,0.001199845030945966,0.6639015580205797,7.533937835188789,-3.0606752214832116,0.3004718783293942,True
2005-08-10,2005-12-29,100,101,141.0,2006-01-08,10,47.0,28.200000000000003,False,0.011015413404983866,0.012255272580752524,6.036299178915432,-0.22730611084561422,-0.005485624473693072,-0.005660177642649336,0.007882238692955689,0.1,10.33710392368709,-2.340534881423917,0.27897330444983454,True
2005-07-27,2005-12-29,110,111,155.0,2006-01-08,10,51.66666666666666,31.0,False,0.010652823297525664,0.012596573507121919,6.036024884756911,-0.2273416815861694,-0.007722265851673654,0.0002776852586404946,0.007727256886294855,0.1,10.154831320445332,3.1056491015884906,0.2897216860592333,True
2005-07-13,2005-12-29,120,121,169.0,2006-01-20,22,56.333333333333314,33.800000000000004,False,0.010918886775206124,0.014425872697582312,6.192277248713844,-0.32525033262284675,-0.0022903571638304004,-0.006947944881010686,0.007315714183008507,0.1,6.024096555920969,-1.8892239595515417,0.7380216385948589,True
2005-06-29,2005-12-29,130,131,183.0,2006-01-22,24,61.0,36.6,False,0.010616662458545601,0.01476547135038859,6.212143320776088,-0.33709788243051747,0.004815938593209612,-0.005900173123954758,0.0076161215474940935,0.1,6.209723863807616,-0.8862329956005051,0.7127707507748364,True
2005-06-15,2005-12-29,140,141,197.0,2006-01-21,23,65.66666666666663,39.400000000000006,False,0.010341099506001279,0.015078305798015805,6.101724984499669,-0.23662207196311766,0.001441222905469157,-0.0067492056828011866,0.006901369488152681,0.12678741992843498,6.113733663918934,-1.3604164288706515,0.7110327788131018,True
2005-06-01,2005-12-29,150,151,211.0,2006-01-23,25,70.33333333333331,42.2,False,0.010254949532846995,0.01587976247810706,5.915716111867694,-0.07869343091336163,-0.0006522089988134916,-0.004207128779685721,0.00425738289879982,0.23953499351539564,6.0,-1.724596775619397,0.7379271456826285,True
2005-05-18,2005-12-29,160,161,225.0,2006-02-21,54,75.0,45.0,False,0.010763277347430192,0.018651550420490333,5.7977601739906435,-0.0038333972669168945,0.00044085864432557046,-1.4082770323146747e-05,0.00044108351669106194,0.7016981974117771,6.0,-0.03193309995822066,1.0163940426890608,True
2005-05-04,2005-12-29,170,171,239.0,2006-03-07,68,79.66666666666663,47.800000000000004,False,0.010761012963171673,0.019801697398896843,5.7885338163812685,-0.001210899553618476,0.00013403211980080854,9.491719776287956e-05,0.00016423727825757428,0.9,6.0,0.6161865336280145,1.1059299993873029,True
2005-04-20,2005-12-29,180,181,253.0,2006-03-03,64,84.33333333333331,50.6,False,0.010641208528415873,0.02049559272908676,5.786031739113728,-0.0013312187120735845,0.00016320108582964298,7.939023274639771e-05,0.0001814866481907187,0.8816824457632924,6.0,0.4527542422714449,1.0778682450452959,True
2005-04-06,2005-12-29,190,191,267.0,2006-03-17,78,89.0,53.400000000000006,False,0.012186213491838196,0.028364225660313925,5.814715534736725,-0.0038999112214716755,-0.00026238760208354057,0.0003314063886698538,0.0004227025528410547,0.7012466997040248,7.478556871067886,2.2404801801142185,0.8651130828749616,True
2005-03-21,2005-12-29,200,201,283.0,2006-03-31,92,94.33333333333331,56.6,False,0.012045205255523415,0.029162480899185467,5.823848064675665,-0.003824215431011674,0.00026736472515712594,0.00029258000330032114,0.000396341966727675,0.7054904652643152,8.288840042977748,0.8303994880805595,0.821239215266305,True
2005-11-22,2006-01-04,30,31,43.0,2006-01-05,1,14.333333333333329,8.6,False,0.003679889073092851,0.00041978909129831304,5.75380797219964,-0.004442260156135233,0.0007194876588151192,0.0003085718030538747,0.0007828659200828584,0.5899762290708522,9.567002535892213,0.4051500237187505,0.3499252051546673,True
2005-11-08,2006-01-04,40,41,57.0,2006-01-05,1,19.0,11.4,True,0.004387157193458413,0.00078913307784467,5.7510282473238155,-0.001633210358512659,-4.994928415374717e-06,-0.0001443985663406147,0.00014448493094817752,0.8611326629766056,6.927736676098686,-1.605373800345758,1.4050709723919321,True
2005-10-25,2006-01-04,50,51,71.0,2006-01-10,6,23.666666666666657,14.200000000000001,False,0.0064952110625921345,0.0021515761041285813,5.762639338199837,-0.0017910018151224675,8.56033255801308e-05,0.00023395711003028544,0.00024912619028135313,0.9,11.115803702464389,1.220033467903245,0.5820741061426796,True
2005-10-11,2006-01-04,60,61,85.0,2006-01-11,7,28.33333333333333,17.0,False,0.006896909073260934,0.002901608640654569,5.7629386058029946,-0.0017575240249723446,-0.00020610073399265777,-0.00021049154583228601,0.00029459158748881077,0.9,11.73496327125442,-2.3456550503749583,0.45755331320400955,True
2005-09-27,2006-01-04,70,71,99.0,2006-01-05,1,33.0,19.8,False,0.00814212046312489,0.004706882920158633,5.749253183739662,-0.0014879084095070591,3.486665609614615e-05,0.0004892824559074652,0.0004905231955434601,0.9,9.93093225838856,1.499655790175824,0.27489645511981625,True
2005-09-13,2006-01-04,80,81,113.0,2006-01-05,1,37.66666666666666,22.6,False,0.008637828249581429,0.006043578226410625,5.7477302849898795,-0.0015406834787152395,0.0001649711706789278,-0.0005081665954396988,0.0005342740643863882,0.8782279234505563,9.263708374583116,-1.2568901283540912,0.27338312257181957,True
2005-08-30,2006-01-04,90,91,127.0,2006-01-05,1,42.333333333333314,25.400000000000002,False,0.009313742880739315,0.007893868386815526,5.746871912380241,-0.0013584913186054622,-4.079087926091642e-05,0.00044887364975552117,0.00045072325131472965,0.9,7.082639439949364,1.6614212674566946,0.3829960376457587,True
2005-08-16,2006-01-04,100,101,141.0,2006-01-05,1,47.0,28.200000000000003,False,0.010608424208766138,0.011366405083506682,5.7558111896030955,-0.0033430642618986245,-0.0007859262253788772,-3.229839518135554e-05,0.0007865896122309146,0.7175680223580543,6.0,-3.100519802402542,0.5082862299318585,True
2005-08-02,2006-01-04,110,111,155.0,2006-01-10,6,51.66666666666666,31.0,False,0.010763691755082348,0.012860133682025477,6.038860011889813,-0.22831651976437758,0.007664562191892887,0.0020909052677178276,0.007944645897204233,0.1,10.860057162730213,0.2663212826289149,0.26462488343803686,True
2005-07-19,2006-01-04,120,121,169.0,2006-01-30,26,56.333333333333314,33.800000000000004,False,0.011020074394607837,0.014694486799185646,6.25664570520896,-0.36204911554079844,0.0036153002720433203,0.006276444968875444,0.0072432145836195125,0.1,6.515860491001783,1.0482027137085403,0.7671218661328143,True
2005-07-05,2006-01-04,130,131,183.0,2006-01-30,26,61.0,36.6,False,0.010703112797458026,0.015006917685719377,6.260506109228411,-0.36442345444999025,0.0028355517366374233,0.006792045039423003,0.00736017863021667,0.1,6.539601845971602,1.1753112894900757,0.7571233812095828,True
2005-06-21,2006-01-04,140,141,197.0,2006-02-01,28,65.66666666666663,39.400000000000006,False,0.010422770232176635,0.015317413643097381,6.271992215090772,-0.37114267310587956,-0.0015270445094184987,0.007311734548702016,0.007469493091530902,0.1,6.647989654708643,1.7766853651182308,0.7474108988425223,True
2005-06-07,2006-01-04,150,151,211.0,2006-01-26,22,70.33333333333331,42.2,False,0.010159595339238044,0.015585823996017175,5.937747990807486,-0.09168739090304506,0.0007644134923090462,-0.004299072466584342,0.004366503413506932,0.22391140694973952,6.0380615002821125,-1.3948264998419262,0.7786718902031752,True
2005-05-24,2006-01-04,160,161,225.0,2006-02-17,44,75.0,45.0,False,0.010587194545718432,0.01804627882417131,5.826135519118762,-0.010957955765774468,0.0009312992059268958,-0.00030830307573625386,0.0009810040761732343,0.5354112445813326,6.0,-0.3196907361217503,0.9967700232036631,True
2005-05-10,2006-01-04,170,171,239.0,2006-03-12,67,79.66666666666663,47.800000000000004,False,0.010794795337763763,0.019926220691699272,5.794473536553371,-0.0012407063490999409,0.00011803641498416839,0.00011712442300392467,0.00016628507367264533,0.9,6.0,0.7815200201831131,1.119198183303968,True
2005-04-26,2006-01-04,180,181,253.0,2006-03-12,67,84.33333333333331,50.6,False,0.01059028517991908,0.020299899374754477,5.795021597717959,-0.0012436631396800148,0.00011653041732905884,0.00011930637150012468,0.00016677334452306933,0.9,6.0,0.7971682777811167,1.1185808588625943,True
2005-04-12,2006-01-04,190,191,267.0,2006-03-09,64,89.0,53.400000000000006,False,0.01151263796516321,0.025315299087131204,5.810430780559891,-0.003544827516796514,-0.0002956948433209803,-0.000261801503353038,0.00039493729568696075,0.721025978258651,6.6403105923407795,-2.416915380495838,0.9746068943267923,True
2005-03-29,2006-01-04,200,201,281.0,2006-04-04,90,93.66666666666663,56.2,False,0.012122273229530222,0.0295368511585284,5.840535261074414,-0.005316821196921633,0.00031758531288946727,0.00038625931776618323,0.0005000566883107335,0.659834468250129,8.273108226180579,0.8826601380619867,0.8480063565218926,True
2005-11-28,2006-01-10,30,31,43.0,2006-01-23,13,14.333333333333329,8.6,False,0.003933437029842868,0.0004796297328999117,5.7879736334483916,-0.005587773729758664,0.0004677699043725605,-0.00019900639731959156,0.0005083426301332965,0.6490340650478834,12.95126987583424,-0.4022403203481749,0.5508551555421927,True
2005-11-14,2006-01-10,40,41,57.0,2006-01-23,13,19.0,11.4,False,0.004332606125177809,0.0007696305092730589,5.809473773025229,-0.0148944135956233,-0.00022406635162704061,-0.0005913584577162236,0.0006323848159498798,0.46360246371047786,12.446324689221775,-1.932982717999792,0.8772968797043267,True
2005-10-31,2006-01-10,50,51,71.0,2006-01-14,4,23.666666666666657,14.200000000000001,False,0.004791327328502974,0.0011707976960118318,5.763762889229753,-0.0016474108671501375,-0.00011901441154894081,1.808489106359018e-05,0.00012038061904277855,0.9,12.969470820951965,2.990790814862805,0.9496544490491434,True
2005-10-17,2006-01-10,60,61,85.0,2006-01-13,3,28.33333333333333,17.0,False,0.006495268503360843,0.0025734992887758356,5.76603801227965,-0.0018238868791547937,-0.00011598543110863399,-0.00022665536900614278,0.0002546080841779507,0.9,11.722416595411014,-2.043780620357278,0.5499852825679089,True
2005-10-03,2006-01-10,70,71,99.0,2006-01-11,1,33.0,19.8,False,0.008179291387029069,0.004749957339168881,5.758961453977208,-0.001616634605352452,-0.00021380544721105946,0.0003563203385562071,0.0004155441648320082,0.9,11.339199252358846,2.1112431567781447,0.30878401182930476,True
2005-09-19,2006-01-10,80,81,113.0,2006-01-11,1,37.66666666666666,22.6,False,0.008595141629991133,0.005983993230808137,5.757858993445867,-0.00175958434168419,0.0005097796241663416,-0.00014593774783674377,0.0005302575708642334,0.8676669222958537,10.757228053322766,-0.27881904073058356,0.26765531767102974,True
2005-09-05,2006-01-10,90,91,127.0,2006-01-12,2,42.333333333333314,25.400000000000002,False,0.009588628230352017,0.008366703011931232,5.757521246912876,-0.0016618253115384216,-7.806801386984822e-05,0.0004639761312795585,0.0004704981032764414,0.8684902930325957,6.978152922339706,1.737493594303272,0.4395942253321159,True
2005-08-22,2006-01-10,100,101,141.0,2006-01-11,1,47.0,28.200000000000003,False,0.009858723377397417,0.009816637089836275,5.760924695727651,-0.0025691194061728375,0.0004801726478539903,0.00042378059876794236,0.000640434046283634,0.7804083279577001,6.761427868798262,0.7230950904841795,0.4630131803705167,True
2005-08-08,2006-01-10,110,111,155.0,2006-01-21,11,51.66666666666666,31.0,False,0.011012514711544503,0.013461578310190238,6.111645350308957,-0.27138228354517663,0.0015610247391379239,-0.007401829371466096,0.007564646474257658,0.1,12.94895715478281,-1.3629450284546931,0.27704994104876995,True
2005-07-25,2006-01-10,120,121,169.0,2006-01-15,5,56.333333333333314,33.800000000000004,False,0.010990301457111282,0.014615193860300068,5.9025184471968455,-0.09721024861435724,-0.004499932243170289,0.0019192174760877157,0.004892114666853599,0.1814810376342712,11.269229856627199,2.7384528607026564,0.3200018155907277,True
2005-07-11,2006-01-10,130,131,183.0,2006-01-26,16,61.0,36.6,False,0.010759883568717373,0.015166537368018387,5.8975916807143545,-0.06629977352493692,0.00267327653885383,-0.0022084051257785105,0.0034674862152214987,0.25706851531985864,6.18938222205969,-0.6904567393698235,0.7941433212380611,True
2005-06-27,2006-01-10,140,141,197.0,2006-01-24,14,65.66666666666663,39.400000000000006,False,0.01048833336818997,0.01551072429476249,5.858147486190701,-0.041922070333094794,-0.00031868357651284804,-0.0027887150701369273,0.0028068649708077923,0.3143894748265213,6.0,-1.6845788769720693,0.7825965868644968,True
2005-06-13,2006-01-10,150,151,211.0,2006-01-25,15,70.33333333333331,42.2,False,0.010199223164924318,0.01570764712835725,5.887220569712614,-0.060106063809889594,0.0019911167590984363,-0.002665144846449887,0.003326791697855616,0.26821258337576437,6.150143503473888,-0.9291569228305917,0.7879280814520859,True
2005-05-30,2006-01-10,160,161,225.0,2006-01-26,16,75.0,45.0,False,0.010206284721370007,0.016771087898001004,5.847513068173493,-0.032468156550953274,0.00024690421928543014,-0.002387883931539698,0.002400614788758587,0.3544229104876135,6.0,-1.4677637176628453,0.7989244114217859,True
2005-05-16,2006-01-10,170,171,239.0,2006-03-23,72,79.66666666666663,47.800000000000004,False,0.010811846645746968,0.019989220769386643,5.807774693020059,-0.0012937571646910475,6.426768271779206e-05,0.00014847631870584837,0.0001617886036108707,0.9,6.0,1.1622971473225325,1.1994885323963438,True
2005-05-02,2006-01-10,180,181,253.0,2006-03-22,71,84.33333333333331,50.6,False,0.010609870090002776,0.020375051142139132,5.8074401784326914,-0.0012972422266288339,7.026324512171583e-05,0.0001498808709842466,0.00016553307555298638,0.9,6.0,1.1324237371572277,1.1755133126372617,True
2005-04-18,2006-01-10,190,191,267.0,2006-03-20,69,89.0,53.400000000000006,False,0.010572808804995752,0.02135079863115618,5.811730742843268,-0.0019202351501400653,-8.350708939866103e-05,0.00020840123033724996,0.000224509480392066,0.8322514927350326,6.179205267309003,1.9519089685088726,1.1519713840754682,True
2005-04-04,2006-01-10,200,201,281.0,2006-04-13,93,93.66666666666663,56.2,False,0.012195611993900247,0.029895323333058478,5.8712861104720675,-0.008215719663985136,0.0002121869206589582,0.0006196612088201674,0.0006549834372067756,0.6033517066943691,8.274781717199614,1.2408865321273723,0.9145959907094825,True
2005-12-02,2006-01-16,30,31,45.0,2006-01-30,14,15.0,9.0,False,0.0032124275424155013,0.00031991041217336056,5.813153486230579,-0.01321657419012396,0.0006951230328279528,-3.385230197736153e-05,0.0006959468436002117,0.4788369768764406,6.016318444621743,-0.04866128197339973,1.5114705632839043,True
2005-11-18,2006-01-16,40,41,59.0,2006-01-21,5,19.666666666666657,11.8,False,0.0039617878643129975,0.0006435262863545273,5.785730016455337,-0.007065287139716988,0.00026077675522004703,-0.00044560682000542736,0.0005163041294609657,0.5792082510850499,12.9805211655826,-1.0413174854455514,0.610614099678726,True
2005-11-04,2006-01-16,50,51,73.0,2006-02-08,23,24.33333333333333,14.600000000000001,False,0.004226831501307247,0.0009111713315626069,5.848345520438655,-0.020791435314869818,0.0005135432311239715,7.686466671581683e-05,0.0005192637357091119,0.4391564690187573,9.194340950134881,0.14857224327306,1.9124723195281559,True
2005-10-21,2006-01-16,60,61,87.0,2006-02-13,28,29.0,17.400000000000002,False,0.00637250041113505,0.0024771344508848995,5.809528444347415,-0.002066242895293614,9.333228632877173e-05,0.00016025209030953442,0.0001854498533834174,0.9,6.0,1.0434116896088839,1.6712681549186712,True
2005-10-07,2006-01-16,70,71,101.0,2006-01-17,1,33.66666666666666,20.200000000000003,False,0.006725147184217379,0.0032111599301064726,5.769986292453978,-0.0017704092086665406,-0.00016116505064763748,-0.00023324216239848915,0.0002835067545413667,0.9,13.0,-2.1754411171405437,0.4323240607353438,True
2005-09-23,2006-01-16,80,81,115.0,2006-01-17,1,38.333333333333314,23.0,False,0.008475297925919481,0.005818284669580701,5.764122177292565,-0.0015655737182276627,0.00041771883509865654,8.619228388561034e-05,0.00042651862209942983,0.9,12.107547659350772,0.20348462694331348,0.2728486735122472,True
2005-09-09,2006-01-16,90,91,129.0,2006-01-17,1,43.0,25.8,False,0.009668811291153807,0.008507217972338844,5.764762720798894,-0.0020203373398269783,0.0004472121821396792,0.0002579817322617256,0.0005162880107409955,0.8350478615043904,8.013659643850378,0.5232358827573184,0.40776723432801854,True
2005-08-26,2006-01-16,100,101,143.0,2006-01-17,1,47.66666666666666,28.6,False,0.009325405150933093,0.008783281304133994,5.7656160572544275,-0.0022528030857813324,0.000569153061922466,-4.7892744595758215e-05,0.0005711645322327298,0.8115727875261467,7.87218317331502,-0.08394961960207481,0.4066251971246528,True
2005-08-12,2006-01-16,110,111,157.0,2006-01-30,14,52.333333333333314,31.400000000000002,False,0.010804718622761054,0.01295835584139139,5.820206343879259,-0.014458331734162654,-0.0014367935188377566,-0.0007320443508668426,0.0016125335802426688,0.4886848937428983,7.0861844522669495,-2.670375035742027,0.6183379178348817,True
2005-07-29,2006-01-16,120,121,171.0,2006-01-20,4,57.0,34.2,False,0.010933648284304619,0.014464904441390158,5.892639339242615,-0.08170419302881146,-0.0043756199859437146,-0.0013483694654355784,0.004578662520508483,0.20645069036196734,12.646161238766513,-2.8426710410662808,0.2913153274488157,True
2005-07-15,2006-01-16,130,131,185.0,2006-01-26,10,61.66666666666666,37.0,False,0.010775579122100148,0.015210816809579919,5.857918159500658,-0.04047058785225269,0.0015527058463252032,-0.002214846014941589,0.002704891553300262,0.3202896571054455,6.1307748049367925,-0.9593696302425955,0.7816587712338932,True
2005-07-01,2006-01-16,140,141,199.0,2006-01-27,11,66.33333333333331,39.800000000000004,False,0.010489722044405762,0.015514831868213801,5.87842431293508,-0.05324572793378249,0.002962105905798198,-0.0008743525828650697,0.003088456545967157,0.2839997378425806,6.264862594025257,-0.2870283601012277,0.7815372141694266,True
2005-06-17,2006-01-16,150,151,213.0,2006-01-27,11,71.0,42.6,False,0.010231327360329872,0.015806688992689426,5.892524712292788,-0.0625545923574728,0.0032653075281660455,0.0007540761365938849,0.0033512481366318146,0.26376891420004617,6.37132403362689,0.22695691106740948,0.7727633763502985,True
2005-06-03,2006-01-16,160,161,227.0,2006-01-25,9,75.66666666666663,45.400000000000006,False,0.010043511485608619,0.016240411796809913,5.847104209264859,-0.0342484011533964,1.2188231766734059e-05,-0.0024436248438010756,0.002443655239643152,0.34309636342956323,6.0,-1.565808600987908,0.8014293300175938,True
2005-05-20,2006-01-16,170,171,241.0,2006-04-01,75,80.33333333333331,48.2,False,0.010582247695635047,0.019149258235893227,5.845376421567672,-0.0044396322946645824,-0.00021588001024284173,-0.0003282700113496223,0.0003928935977767143,0.7024958963985212,6.524705683429353,-2.152516237269099,1.216619898280975,True
2005-05-06,2006-01-16,180,181,255.0,2006-04-01,75,85.0,51.0,False,0.010624938131814006,0.020432965165182435,5.81800242441376,-0.001334128964696144,-4.5583463095840294e-05,0.00015697397064531307,0.00016345849493974132,0.9,6.0802433204497195,1.853412233222702,1.2081249889208556,True
2005-04-22,2006-01-16,190,191,269.0,2006-03-28,71,89.66666666666663,53.800000000000004,False,0.010533645487772383,0.021192918267054887,5.815903960630145,-0.0014417254330542251,1.97338199455898e-05,0.00017281381311152675,0.00017393687835473722,0.8856458858374517,6.028837359261407,1.457097597811729,1.217635859869169,True
2005-04-08,2006-01-16,200,201,283.0,2006-04-19,93,94.33333333333331,56.6,False,0.011884726984668074,0.028390593835519597,5.884520219961953,-0.008532265295145294,0.0006287707855199642,9.535711396064248e-05,0.0006359604389474992,0.6048162036389997,8.02374789101675,0.1505095040695117,1.0113008993258812,True
2005-12-08,2006-01-20,30,31,43.0,2006-02-03,14,14.333333333333329,8.6,False,0.004763302723234738,0.0007033606378284398,5.963915879036127,-0.154759185555655,0.0044659665705262495,0.004271865407000537,0.006180104486542753,0.1,6.0,0.7631879347451402,0.4173586004698488,True
2005-11-24,2006-01-20,40,41,57.0,2006-02-08,19,19.0,11.4,False,0.006073568563739737,0.0015124176390363504,5.7841519388915925,-0.0015464794461534906,-1.4321040882116378e-05,-0.00013593890528386127,0.00013669117814153864,0.9,8.788754119998595,-1.6757582618042426,1.1585608812563872,True
2005-11-10,2006-01-20,50,51,71.0,2006-02-12,23,23.666666666666657,14.200000000000001,False,0.005771876476088051,0.0016990424608161496,5.785544163304712,-0.0014470967012059834,4.408818125859883e-05,-8.10233244224061e-05,9.224178460518602e-05,0.8985043221287262,10.368883512115424,-1.0724618622612125,1.359433700461745,True
2005-10-27,2006-01-20,60,61,85.0,2006-02-09,20,28.33333333333333,17.0,False,0.007554951512190447,0.003481714833444472,5.790912208785289,-0.0017227583370672537,0.0001563108150618181,4.261183752002405e-05,0.0001620149363550251,0.9,7.3780992163030055,0.26614257183376955,1.297081676285019,True
2005-10-13,2006-01-20,70,71,99.0,2006-02-16,27,33.0,19.8,False,0.007871011643968348,0.004398650525263457,5.798866965275446,-0.0017373608574867833,0.00014292953184708457,7.255194421001248e-05,0.000160289225098506,0.9,8.699669197565457,0.4697141913611031,1.1213094280918718,True
2005-09-29,2006-01-20,80,81,113.0,2006-01-21,1,37.66666666666666,22.6,False,0.009057820667478345,0.006645573334780026,5.765706186815332,-0.001538515736482951,2.0819622254759565e-05,-0.00037719254521933614,0.00037776669101427117,0.9,13.0,-1.515656006907517,0.28195346610465016,True
2005-09-15,2006-01-20,90,91,127.0,2006-01-21,1,42.333333333333314,25.400000000000002,False,0.01000186370569976,0.009103392260452868,5.762974974926575,-0.0014301617583683322,-0.00030303405605269795,-0.00021974674092555097,0.0003743237492801531,0.9,10.01196186605868,-2.514182698056588,0.34344808691031947,True
2005-09-01,2006-01-20,100,101,141.0,2006-02-15,26,47.0,28.200000000000003,False,0.009834580090419667,0.00976861552104277,5.78646036394612,-0.0014361585889705697,-8.512203292184562e-05,0.00027793618239481995,0.00029067900160306454,0.9,9.138067980025097,1.867990568392105,0.4866053336800575,True
2005-08-18,2006-01-20,110,111,155.0,2006-02-11,22,51.66666666666666,31.0,False,0.010406676494415013,0.012021179638194504,5.803828903268691,-0.005095268957436284,9.44706702280298e-05,-0.0007502495336855433,0.0007561739682961244,0.6707249070667285,8.500712390191117,-1.4455365743468491,0.5316606309373668,True
2005-08-04,2006-01-20,120,121,169.0,2006-02-05,16,56.333333333333314,33.800000000000004,False,0.011289522248939966,0.015421850825726568,5.84104480258271,-0.02257238274713187,0.0015530578051716672,-0.0012047465709651253,0.001965554081285189,0.41580228895539323,7.396861136181627,-0.6597631810475896,0.6455528728304841,True
2005-07-21,2006-01-20,130,131,183.0,2006-02-05,16,61.0,36.6,False,0.011264870979572579,0.01662354868242056,5.895780861443091,-0.05648087471120512,0.0010617983302417863,-0.002926186865579364,0.0031128741166956027,0.28311902398547534,7.263211693525788,-1.2227105340039384,0.7072618061609393,True
2005-07-07,2006-01-20,140,141,197.0,2006-02-04,15,65.66666666666663,39.400000000000006,False,0.0109636078770053,0.016948298372983304,5.894121503860318,-0.05640514374332081,-0.000777754133024321,-0.002967386077513525,0.003067618233166819,0.28206049900283564,7.142079834524429,-1.8271311132005048,0.726164425730032,True
2005-06-23,2006-01-20,150,151,211.0,2006-02-05,16,70.33333333333331,42.2,False,0.010683815208347061,0.0172357300183223,5.9198352517574655,-0.0731520815480252,0.0020530429423588643,-0.0028356446749801187,0.0035008379062608204,0.25058044676228747,7.3165292501702766,-0.9441355400110008,0.7156435341559645,True
2005-06-09,2006-01-20,160,161,225.0,2006-02-04,15,75.0,45.0,False,0.010403463291857772,0.017425359802870178,5.889426622298004,-0.053750104520608404,-0.0017326954273249543,-0.0024002710933891214,0.002960326800478659,0.28774446745798465,7.067109092080758,-2.1960530612352636,0.7392729963003459,True
2005-05-26,2006-01-20,170,171,239.0,2006-04-08,78,79.66666666666663,47.800000000000004,False,0.010514937620182376,0.018906429149731854,5.927714468069801,-0.02367196924289074,-0.0009339221555198234,-0.0008275898858263811,0.0012478443860084942,0.45265999212029745,7.628764526899814,-2.416485533540132,1.1256201527063836,True
2005-05-12,2006-01-20,180,181,253.0,2006-03-25,64,84.33333333333331,50.6,False,0.010650853345469568,0.020532762534592748,5.809168582350079,-0.0012970827583211179,-5.69194288318613e-06,0.00016282918899889013,0.00016292864390223634,0.9,6.074499155263521,1.6057386253882568,1.1795117649989924,True
2005-04-28,2006-01-20,190,191,267.0,2006-03-21,60,89.0,53.400000000000006,False,0.010457624040875434,0.020888123010836507,5.806665721725051,-0.001297738034104826,7.65885406387849e-05,0.0001499314794224023,0.0001683604855034846,0.9,6.0,1.098527364322327,1.1562137311114784,True
2005-04-14,2006-01-20,200,201,281.0,2006-04-22,92,93.66666666666663,56.2,False,0.010910551581065079,0.02392706729641942,5.849958755410543,-0.003164154297002631,0.00010004536261600243,-0.00026408577062729196,0.0002824010779525781,0.7556576356543889,7.732029383541376,-1.2086662882389037,1.0950220954444414,True
2005-12-14,2006-01-26,30,31,43.0,2006-02-09,14,14.333333333333329,8.6,False,0.004196176262504907,0.0005458447520062992,5.8755484888710745,-0.09019121103448678,-0.0004962909156151826,0.00835321911155787,0.008367949222994712,0.1,6.0,1.630139699317114,0.1796362299192849,True
2005-11-30,2006-01-26,40,41,57.0,2006-02-14,19,19.0,11.4,False,0.005798217615976474,0.001378392428411016,5.972589751123542,-0.1576041548600388,-0.006731017992287848,0.0019453949837456123,0.007006508749390478,0.1,6.0,2.860239970068648,0.3748993983005429,True
2005-11-16,2006-01-26,50,51,71.0,2006-02-18,23,23.666666666666657,14.200000000000001,False,0.007118237143966278,0.0025841343019248003,5.784603361596384,-0.00131980573097541,8.47972243929808e-05,6.96484842916014e-05,0.00010973368046717008,0.9,10.510358173691762,0.6876263389840729,1.0298999981932382,True
2005-11-02,2006-01-26,60,61,85.0,2006-02-23,28,28.33333333333333,17.0,False,0.006894694421074156,0.002899745480759457,5.790576276108679,-0.0013808505038063934,-8.888016461690201e-05,3.0244080557148643e-05,9.388497255192065e-05,0.9,10.733003357082241,2.8136038059680977,1.2333087801450133,True
2005-10-19,2006-01-26,70,71,99.0,2006-02-27,32,33.0,19.8,False,0.00858411571455893,0.005231780024666566,5.8069622664860505,-0.0017186361246372855,0.0001705256696422545,-4.944184132296941e-05,0.0001775485839998309,0.9,9.635671956196779,-0.2822000669283936,0.9041223942008814,True
2005-10-05,2006-01-26,80,81,113.0,2006-03-04,37,37.66666666666666,22.6,False,0.009681776801851477,0.007592680965310424,5.805259010675929,-0.0015527952956219872,6.993955012931269e-05,0.00017886356998560938,0.00019205134037618074,0.9,11.293167725471905,1.1980536817234273,0.6443526147522137,True
2005-09-21,2006-01-26,90,91,127.0,2006-01-27,1,42.333333333333314,25.400000000000002,False,0.010344365617431175,0.009737536902465394,5.767423966138924,-0.0014297247785211502,-0.00026275852394636555,-0.00021380346271227218,0.00033875354252646675,0.9,12.592900334439149,-2.4585609081907145,0.30163750627267016,True
2005-09-07,2006-01-26,100,101,141.0,2006-02-26,31,47.0,28.200000000000003,False,0.010127647638673118,0.010359493916005238,5.792732138840417,-0.001403317709321295,-0.0001448166077716232,0.0002216816592350712,0.0002647916311511646,0.9,10.316313888940146,2.1494625526746365,0.4623487764629051,True
2005-08-24,2006-01-26,110,111,155.0,2006-02-26,31,51.66666666666666,31.0,False,0.009870476669061693,0.010814320373868525,5.792723638203798,-0.0014009943733366346,-0.00015521845443350598,0.0002112226296296482,0.0002621216661483554,0.9,10.324664329727131,2.2045353472006006,0.46590786268268425,True
2005-08-10,2006-01-26,120,121,169.0,2006-02-21,26,56.333333333333314,33.800000000000004,False,0.011644436977306761,0.016406742414734752,5.870788211672717,-0.027681556503737718,-0.0018829252688878921,-0.000891940346757368,0.0020834982962292517,0.3965475005102528,9.353650767576278,-2.6992061216874763,0.5632632577630006,True
2005-07-27,2006-01-26,130,131,183.0,2006-03-27,60,61.0,36.6,False,0.011658855766652695,0.017806688230177017,5.853852549693154,-0.006997448595025433,0.0004526304314460491,0.00037140962966982703,0.0005855078312734293,0.6283135547345836,7.127141820324525,0.687151353452728,1.053581258659399,True
2005-07-13,2006-01-26,140,141,197.0,2006-04-01,65,65.66666666666663,39.400000000000006,False,0.01124904984502633,0.01784229826064005,5.920654653918257,-0.024569881594312754,-0.0013532207156641291,0.00010827391517623177,0.0013575454121354936,0.4438197921157164,7.544418378468689,3.061750730047705,1.064705747526951,True
2005-06-29,2006-01-26,150,151,211.0,2006-04-06,70,70.33333333333331,42.2,False,0.01094094425981738,0.018075343455761065,5.97676057581976,-0.04540005206630885,0.0006931086535993426,-0.0018479849227591143,0.00197368890163554,0.36327400574540747,7.892833529566184,-1.2119714283691245,1.0587149156748719,True
2005-06-15,2006-01-26,160,161,225.0,2006-04-11,75,75.0,45.0,False,0.010697258975063254,0.018423447282310983,6.420097508623127,-0.35320610696571475,-0.0019816686817536663,0.005277429153223906,0.005637221765332716,0.14251931474264878,8.463379964913116,1.9300042904988368,1.055098414380048,True
2005-06-01,2006-01-26,170,171,239.0,2006-04-13,77,79.66666666666663,47.800000000000004,False,0.010447759207464614,0.018665619990174638,6.123587011578061,-0.12312653343650949,0.0003081430451080773,0.0034005096182697803,0.0034144425313942196,0.24620185935208233,8.349098011384598,1.4804264166478525,1.0633680661639053,True
2005-05-18,2006-01-26,180,181,253.0,2006-03-18,51,84.33333333333331,50.6,False,0.010592431971224319,0.020308130326767735,5.812532019470579,-0.002169143380524006,9.662725067209068e-05,0.00022800076331660774,0.0002476311241451745,0.811815579602819,6.043026928367401,1.1699405689311078,1.1767545407459623,True
2005-05-04,2006-01-26,190,191,267.0,2006-03-20,53,89.0,53.400000000000006,True,0.010530989458591806,0.021182232144601604,5.803851177683588,-0.001281106137525742,8.375602564699445e-05,0.00014285730651883536,0.00016559976406383095,0.9,6.0,1.0405175845677603,1.1604238793165813,True
2005-04-20,2006-01-26,200,201,281.0,2006-03-19,52,93.66666666666663,56.2,True,0.01045626518177656,0.021976029791878196,5.807783645009804,-0.001633885902406143,6.211711439782134e-05,0.0001908871805160905,0.0002007397608509449,0.8591990503758967,6.050827678231471,1.2561911924347025,1.1557591135916698,True
2005-12-20,2006-02-01,30,31,43.0,2006-02-15,14,14.333333333333329,8.6,False,0.0046399458643746885,0.000667402026354161,5.9110598906037515,-0.11191317755284247,-0.00765931381191822,0.0020536081041253196,0.007929842010706796,0.1,7.827686775012585,2.879634773614694,0.18029482154242013,True
2005-12-06,2006-02-01,40,41,57.0,2006-02-11,10,19.0,11.4,False,0.004467819392639436,0.0008184178151350459,5.933115824087318,-0.13026322274655866,-0.004616069657586094,0.0061047366402098395,0.0076534899575296704,0.1,6.0,2.218219021562562,0.2836684603351069,True
2005-11-22,2006-02-01,50,51,71.0,2006-02-21,20,23.666666666666657,14.200000000000001,False,0.006423714024538846,0.0021044691953219104,6.110822878715846,-0.24916848279351655,-0.0014967658189794855,-0.005673480706934374,0.005867596718318488,0.1,6.0,-1.828737209011236,0.7077528067996984,True
2005-11-08,2006-02-01,60,61,85.0,2006-03-01,28,28.33333333333333,17.0,False,0.006595086753350866,0.002653205326337668,6.2480726745054165,-0.3377212844442543,0.004938924727314185,-0.0024848346993549125,0.005528777527192943,0.1,6.0,-0.4661344967697889,1.0180710014802654,True
2005-10-25,2006-02-01,70,71,99.0,2006-03-05,32,33.0,19.8,False,0.008390237226790928,0.004998121731249812,5.812022191869736,-0.0016846437337013425,0.00010389256296523735,-0.00010061673314335886,0.0001446284606428752,0.9,10.77606838627595,-0.7693815335397781,0.9728289311825397,True
2005-10-11,2006-02-01,80,81,113.0,2006-03-10,37,37.66666666666666,22.6,False,0.008889566030157278,0.006400975120566622,5.815817601112485,-0.0016588789233316016,1.729243303552873e-05,-0.0001516212907881559,0.0001526042072177395,0.9,11.892719196218811,-1.4572368394934072,0.8226394396900889,True
2005-09-27,2006-02-01,90,91,127.0,2006-03-06,33,42.333333333333314,25.400000000000002,False,0.010475738965236339,0.009986440724967153,5.804167784437553,-0.0014773993451734908,-0.00017033015568340646,-0.00017190224925865577,0.00024199740749710215,0.9,11.827875552867223,-2.35160087925775,0.46453982474360567,True
2005-09-13,2006-02-01,100,101,141.0,2006-03-03,30,47.0,28.200000000000003,False,0.010092786079422492,0.01028829741534343,5.799760015805106,-0.0014543843864932538,0.00021109822359381003,0.00014097923733572955,0.00025384563294298794,0.9,11.209345710212034,0.588812504787652,0.4600147455991372,True
2005-08-30,2006-02-01,110,111,155.0,2006-02-26,25,51.66666666666666,31.0,False,0.009799009247639375,0.010658284628120742,5.79466690657281,-0.0014239478223844488,-0.0002628072875940173,5.235393941427287e-05,0.00026797127716365025,0.9,10.470444722097504,2.9449564596871474,0.45675489545113185,True
2005-08-16,2006-02-01,120,121,169.0,2006-02-20,19,56.333333333333314,33.800000000000004,False,0.010711919011922796,0.01388417027907716,5.8105308669081,-0.005474259536322163,-0.0007161851491726519,0.00015462358627227048,0.0007326865778265301,0.6550527237619962,9.26053974406502,2.9289574677613133,0.5285025714444597,True
2005-08-02,2006-02-01,130,131,183.0,2006-02-06,5,61.0,36.6,False,0.01174008789507609,0.01805568595571869,5.790629514318484,-0.004886146642489089,-0.0006363538680970505,0.00012179473461819269,0.0006479044704451377,0.6579588415122831,6.811962453752164,2.9524849814496528,0.7284202355551239,True
2005-07-19,2006-02-01,140,141,197.0,2006-04-04,62,65.66666666666663,39.400000000000006,False,0.011348453116188241,0.018159021726375485,6.694552817761805,-0.6061830096432909,0.004254943335419162,0.00546353450873284,0.0069249369755790945,0.1,8.328572641259933,0.909123083089169,1.0510354306062926,True
2005-07-05,2006-02-01,150,151,211.0,2006-04-04,62,70.33333333333331,42.2,False,0.011054270359579956,0.01845173087058588,6.696885708354415,-0.6076061632029266,0.0034302876944175727,0.006095962779622308,0.006994829224292267,0.1,8.358869804271139,1.0582438073685412,1.0391960654820669,True
2005-06-21,2006-02-01,160,161,225.0,2006-04-02,60,75.0,45.0,False,0.010801141718783807,0.018783010651109572,6.684101474797453,-0.6005300305918585,0.006105167517571394,0.003301982624579286,0.006940904816422162,0.1,8.265869888310057,0.49579147944162205,1.0467189248247608,True
2005-06-07,2006-02-01,170,171,239.0,2006-04-04,62,79.66666666666663,47.800000000000004,False,0.010511432922454713,0.018893827976238283,6.696903950241844,-0.6076201084052121,0.0038276418082109215,0.005848087246608992,0.006989346625823827,0.1,8.345183516670168,0.9912559385514481,1.0417407841016484,True
2005-05-24,2006-02-01,180,181,253.0,2006-03-07,34,84.33333333333331,50.6,True,0.01055399809238569,0.02016102450786862,5.847483744177152,-0.010033793190968976,0.0004971821161153442,0.0006635307823857151,0.0008291339793774772,0.5652204021831209,6.099190844786466,0.9277448154864388,1.1214658124556283,True
2005-05-10,2006-02-01,190,191,267.0,2006-03-10,37,89.0,53.400000000000006,True,0.010787899096068922,0.022228344479230253,5.815680722444243,-0.002916769035616622,0.00026915323029921546,0.00021296082810031412,0.0003432138920347981,0.7659776486667476,6.0,0.6693675275040041,1.084930777111957,True
2005-04-26,2006-02-01,200,201,281.0,2006-03-11,38,93.66666666666663,56.2,True,0.01061178585348998,0.022634609799066348,5.812869217975456,-0.0024309554120137194,0.00021920435976976598,0.00019930269837310224,0.0002962635936474017,0.7964369600034609,6.0,0.7378800161937986,1.0891780044093782,True
2005-12-27,2006-02-07,30,31,42.0,2006-02-15,8,14.0,8.4,False,0.004680536927887325,0.0006791302039328244,5.9636502292158164,-0.1468570191269493,0.0032714832965364277,0.00733084235392591,0.008027692855212563,0.10588026639189846,7.260516100393085,1.1510544810518728,0.26677890981416125,True
2005-12-12,2006-02-07,40,41,57.0,2006-02-14,7,19.0,11.4,False,0.004665959323323995,0.0008926182326834788,5.959318596437496,-0.14694490877542,0.006110994866617824,-0.0038568941527780502,0.007226333147977812,0.1,6.81431899787604,-0.5630025169089631,0.29841050237831446,True
2005-11-28,2006-02-07,50,51,71.0,2006-02-16,9,23.666666666666657,14.200000000000001,False,0.006421219350440571,0.002102834955270094,5.863376141804967,-0.04988686465612687,-0.003449379931033546,-0.0013663575941473278,0.0037101421783674363,0.23158266787117984,6.0,-2.764438275053241,0.5189798060460464,True
2005-11-14,2006-02-07,60,61,85.0,2006-03-04,25,28.33333333333333,17.0,False,0.006642003603570741,0.002691088924060649,5.813263558543095,-0.003420560487240173,7.267311802197564e-05,0.0002096067400725478,0.00022184762240528208,0.7364674649082649,13.0,1.2370539112171977,0.8734794850109661,True
2005-10-31,2006-02-07,70,71,99.0,2006-03-10,31,33.0,19.8,False,0.006882653164143499,0.003363334935030511,5.810395358312064,-0.0015202281771149755,-6.0160008843599504e-05,6.366688778867906e-05,8.759394536586545e-05,0.9,12.804186839588441,2.3278812407657243,1.2199027109343712,True
2005-10-17,2006-02-07,80,81,113.0,2006-02-24,17,37.66666666666666,22.6,False,0.00831948764024104,0.005606323842285996,5.800920090034805,-0.0016542450709388353,-8.069398970492222e-05,-0.00015744686134852782,0.00017692098270979798,0.9,9.346493775650798,-2.0444062969949113,0.9003560654250395,True
2005-10-03,2006-02-07,90,91,127.0,2006-03-09,30,42.333333333333314,25.400000000000002,False,0.010187823687374628,0.009445049385137873,5.808280581201131,-0.0015236332697550375,0.00019376603837418512,-8.6342044968527e-05,0.0002121325678828532,0.9,12.179376503225644,-0.4191884260350822,0.5307506704348803,True
2005-09-19,2006-02-07,100,101,141.0,2006-03-08,29,47.0,28.200000000000003,False,0.01007284203211133,0.010247676806990739,5.804971559422454,-0.0014754532956949703,6.36554726849266e-06,-0.00024066525294486876,0.00024074942194540172,0.9,11.971542659654714,-1.5443526944666834,0.4607364861255191,True
2005-09-05,2006-02-07,110,111,155.0,2006-02-25,18,51.66666666666666,31.0,False,0.009773436597789436,0.010602726985342105,5.796105846087813,-0.0017013349574079154,2.9606412207474914e-06,0.0003115577888130542,0.0003115718555430154,0.8676801951916429,10.208038528376305,1.5612939095380465,0.4641399905725154,True
2005-08-22,2006-02-07,120,121,169.0,2006-02-22,15,56.333333333333314,33.800000000000004,False,0.009985798414745593,0.012065656567572207,5.798784726595651,-0.002512261444873484,0.00019932690751999058,-0.00036988963544222123,0.0004201780080740331,0.7954727335411416,9.710942000594583,-1.0765289750719285,0.4897736916188458,True
2005-08-08,2006-02-07,130,131,183.0,2006-02-10,3,61.0,36.6,False,0.011461968587451053,0.01721035083086262,5.793083832850822,-0.004293499351671397,0.0005286958870094117,0.0002753597361765314,0.0005961059681364359,0.6848385076138039,7.56181073530284,0.48017100501755233,0.6523043890517165,True
2005-07-25,2006-02-07,140,141,197.0,2006-04-09,61,65.66666666666663,39.400000000000006,False,0.011435434794565429,0.01843845282064683,6.514722014246733,-0.43395077267971965,-0.00020077716964830503,0.005945699454605179,0.00594908845759956,0.12615240423351176,8.405712097022217,1.6045519693922285,1.094740185283165,True
2005-07-11,2006-02-07,150,151,211.0,2006-04-11,63,70.33333333333331,42.2,False,0.011067295634217615,0.018495239930931016,6.6305017421591375,-0.5320971929468583,-0.004659897100548101,0.004378598974864818,0.006394276344543128,0.1116982061954594,8.54331552468954,2.387306674669638,1.0879760091164163,True
2005-06-27,2006-02-07,160,161,225.0,2006-04-14,66,75.0,45.0,False,0.010826323065146411,0.018870692648858312,6.537146783082629,-0.44072294308531496,-0.005012068441390615,-0.0034049440956125596,0.006059247012247526,0.1276459559695971,8.774513173916672,-2.5448612326577065,1.0581105193577673,True
2005-06-13,2006-02-07,170,171,239.0,2006-04-13,65,79.66666666666663,47.800000000000004,False,0.010566659454847289,0.01909288393793603,6.753219764898151,-0.637626016489876,-0.00656598355744281,-0.0013113209136943332,0.006695648035500483,0.1,8.707095971886908,-2.944471805176641,1.0937047067391827,True
2005-05-30,2006-02-07,180,181,253.0,2006-03-29,50,84.33333333333331,50.6,True,0.01045177855137813,0.01977238115455568,5.983758159384623,-0.053434735278461584,-0.002076363534678112,0.0006863651918616034,0.0021868659549090334,0.33939748119045665,7.524642063386951,2.8223391035431438,1.1021082860240496,True
2005-05-16,2006-02-07,190,191,267.0,2006-03-08,29,89.0,53.400000000000006,True,0.010699498083238893,0.021865538513547455,5.82132268560446,-0.004028820742337392,0.000367685832048668,0.00023384810960737422,0.00043574970964564485,0.7118154332560483,6.0,0.5664701972702616,1.0968746196640973,True
2005-05-02,2006-02-07,200,201,281.0,2006-03-10,31,93.66666666666663,56.2,True,0.010574698715860927,0.022476674839177375,5.815297435329884,-0.0028941489187889443,0.0002713324093885244,0.0002100020112456917,0.0003431065739851357,0.7674097356812566,6.0,0.6586636358176137,1.0788669494113887,True
2006-01-02,2006-02-13,30,31,42.0,2006-02-20,7,14.0,8.4,False,0.0044224193488858555,0.0006062915798193998,5.793171023971709,-0.0016960408022122853,0.0001873760303281716,-0.0005752676286916438,0.0006050145629338611,0.9,8.07361210694819,-1.2559135729008732,0.3124964563877069,True
2005-12-16,2006-02-13,40,41,59.0,2006-02-21,8,19.666666666666657,11.8,False,0.004828579222696317,0.0009559222697040371,5.9853442422510374,-0.15961186560850057,-0.001505075042693569,0.006318202090418418,0.006494992574245694,0.10317742500044783,8.836086346619544,1.8046505247719087,0.2869533166648921,True
2005-12-02,2006-02-13,50,51,73.0,2006-02-18,5,24.33333333333333,14.600000000000001,False,0.0047278779908472394,0.0011399943451132243,5.861121945771385,-0.050379040400782414,0.00197359214803815,0.003721710795540605,0.004212623554560901,0.21802507012638395,7.061466241066397,1.0832100855133207,0.3692400378958015,True
2005-11-18,2006-02-13,60,61,87.0,2006-02-20,7,29.0,17.400000000000002,False,0.006398725196268572,0.002497564732379099,5.809213999087827,-0.008751454199813916,-0.0003793671343788078,-0.0008593234317984918,0.0009393381622635831,0.5211085033003515,6.0,-1.9865356787928563,0.8091614186412878,True
2005-11-04,2006-02-13,70,71,101.0,2006-03-04,19,33.66666666666666,20.200000000000003,False,0.006329053709314439,0.002844041380732467,5.808490494787796,-0.00238520674135339,1.5847877603596225e-05,0.00015256821768460798,0.00015338910089050166,0.8041654310620014,13.0,1.467293477642805,0.9619080827260121,True
2005-10-21,2006-02-13,80,81,115.0,2006-02-28,15,38.333333333333314,23.0,False,0.008160510285033052,0.005394108177082548,5.804943655956266,-0.0016516199100527896,-5.506979138766984e-06,0.00016822057420922852,0.00016831069011360322,0.9,10.037275426545152,1.6035212962163086,0.8798833037573652,True
2005-10-07,2006-02-13,90,91,129.0,2006-03-09,24,43.0,25.8,False,0.008725613750938485,0.006928406515081577,5.812810451988186,-0.0016117238902681593,0.00011755631249265848,-0.00011315042672602504,0.00016316404528925215,0.9,12.063549742013448,-0.7663031413908217,0.7369424424918938,True
2005-09-23,2006-02-13,100,101,143.0,2006-03-02,17,47.66666666666666,28.6,False,0.010032705833882065,0.010166173821270332,5.799819174458013,-0.0014702759111655892,0.00025316574770909155,-4.507479627036224e-06,0.00025320587115170047,0.9,11.1092544460652,-0.017802579811090128,0.4704166293721488,True
2005-09-09,2006-02-13,110,111,157.0,2006-02-26,13,52.333333333333314,31.400000000000002,False,0.009736930072256109,0.010523666602752594,5.796248496925775,-0.0015426278962157643,-0.0002589890716999669,0.00010997815267404181,0.0002813725880849189,0.887579603363405,10.439900078700528,2.740023588787647,0.46611208911531027,True
2005-08-26,2006-02-13,120,121,171.0,2006-02-27,14,57.0,34.2,False,0.00943656445604411,0.010774898596702082,5.7967433844506315,-0.0015543054223095345,-0.00028674098444500827,-5.183567810660159e-07,0.00028674145297505376,0.8857059510053658,10.509666522423625,-3.139784902886097,0.45682147039872556,True
2005-08-12,2006-02-13,130,131,185.0,2006-02-21,8,61.66666666666666,37.0,False,0.010823440112676823,0.01534623811932392,5.808596879013059,-0.005269242229878069,-0.000660158293970208,0.00015797300319062778,0.0006787963191081119,0.6574907802792376,9.227419340857356,2.906713775243551,0.5531183858749524,True
2005-07-29,2006-02-13,140,141,199.0,2006-03-13,28,66.33333333333331,39.800000000000004,True,0.011522337584323451,0.018719761140402903,5.827126424540976,-0.004188360660598463,-0.0004042267987517036,-0.00013912398625792906,0.0004274982905010811,0.708391206706885,6.563500894766031,-2.810118247219124,1.0574194689379794,True
2005-07-15,2006-02-13,150,151,213.0,2006-04-22,68,71.0,42.6,False,0.011160378089356736,0.018807659903706482,6.4912871546840405,-0.3871373375912069,0.001022379857307269,-0.005330521622434005,0.005427681027829849,0.14076811536676828,8.922215010481743,-1.381300238794999,1.125336364859069,True
2005-07-01,2006-02-13,160,161,227.0,2006-04-22,68,75.66666666666663,45.400000000000006,False,0.010891325746341858,0.01909797721858158,6.448475593362435,-0.3515881099220565,0.0007714649716084078,-0.005175147267678176,0.005232332887400768,0.14880645121899327,8.916237138370274,-1.422814948085047,1.1214475387254312,True
2005-06-17,2006-02-13,170,171,241.0,2006-04-25,71,80.33333333333331,48.2,False,0.010659499911578196,0.019429864460403984,6.830000059853347,-0.6788861253014727,0.006457594308057202,-0.0011543499056521217,0.006559957923045836,0.1,9.126337974653138,-0.17689014571369294,1.1339641672164413,True
2005-06-03,2006-02-13,180,181,255.0,2006-04-18,64,85.0,51.0,False,0.010443269718142531,0.019740200715462973,6.249218889260728,-0.20107963814402896,-0.0040807159890830225,-0.00036196185753688617,0.004096737649626759,0.19872519653185117,8.635557285898663,-3.0531236117605176,1.129516312880871,True
2005-05-20,2006-02-13,190,191,269.0,2006-03-08,23,89.66666666666663,53.800000000000004,True,0.010409106976736405,0.020694756038150214,5.824314511049528,-0.004971838674874812,0.00042186046274006803,0.0002346227432038835,0.0004827153215423971,0.6746129598950531,6.0,0.507561772160788,1.1580555021749699,True
2005-05-06,2006-02-13,200,201,283.0,2006-03-10,25,94.33333333333331,56.6,True,0.010563856517845955,0.02243060797045693,5.8146076010106125,-0.0028445367733008673,0.00026329149370093617,0.00020506718843455785,0.0003337288756276936,0.7695299973205909,6.0,0.6617170654157776,1.0931809898176787,True
2006-01-06,2006-02-17,30,31,42.0,2006-02-21,4,14.0,8.4,False,0.004284048763087905,0.0005689452879399652,5.795036147292825,-0.0017061533611317527,-1.1201660329415865e-05,0.0005739450788162475,0.0005740543795595712,0.9,8.77059820967067,1.5903108043768595,0.3049848910323324,True
2005-12-22,2006-02-17,40,41,57.0,2006-02-24,7,19.0,11.4,False,0.004852610945632281,0.000965461152576479,5.894636704303077,-0.0698397659335681,0.0009779681941949597,0.004497015796169086,0.004602126993016515,0.18838061401583567,10.197568706311666,1.3566600395145427,0.2803391451055249,True
2005-12-08,2006-02-17,50,51,71.0,2006-02-20,3,23.666666666666657,14.200000000000001,False,0.004805718226000453,0.00117784131105336,5.819257960986295,-0.016839760425011202,0.0007286252753755485,-0.0021278281627591916,0.002249121491193228,0.3788781797474158,8.0176363024984,-1.2408841471705874,0.353814995675299,True
2005-11-24,2006-02-17,60,61,85.0,2006-02-18,1,28.33333333333333,17.0,False,0.0062860591631353656,0.0024103869279487235,5.79831418241122,-0.005969451968358188,-0.000613992470039591,-0.0005269082755121222,0.0008090853379393774,0.5753601361725956,6.0,-2.4323761048125006,0.7075035920886752,True
2005-11-10,2006-02-17,70,71,99.0,2006-03-02,13,33.0,19.8,False,0.006329364799323182,0.0028443209721667087,5.811472123181036,-0.003597751709919643,0.00017281480783779766,0.00016868689039893815,0.0002414958070039277,0.723237473650954,13.0,0.77331120618419,0.8288179759523537,True
2005-10-27,2006-02-17,80,81,113.0,2006-03-10,21,37.66666666666666,22.6,False,0.007871959101586399,0.005019386947860964,5.8132198849365295,-0.001612598442091689,-9.23330082318449e-06,-0.00012294746471399804,0.00012329368566026084,0.9,11.841564987673127,-1.645755179466271,0.9940742112620604,True
2005-10-13,2006-02-17,90,91,127.0,2006-02-24,7,42.333333333333314,25.400000000000002,False,0.008072478998415636,0.005930007463367398,5.79880192933718,-0.0016051937325323763,3.099519448317407e-05,-0.00017575144186165456,0.00017846364166826902,0.9,9.511010392901692,-1.3962331980677887,0.8511254126808756,True
2005-09-29,2006-02-17,100,101,141.0,2006-03-12,23,47.0,28.200000000000003,False,0.00992801332937953,0.009955110315502098,5.810656733779132,-0.0015168742636638471,-7.76829160843869e-05,0.0002054017540966435,0.0002196008106482121,0.9,12.607279679216655,1.932369404422056,0.4931020022853119,True
2005-09-15,2006-02-17,110,111,155.0,2006-03-07,18,51.66666666666666,31.0,False,0.009715482087267998,0.010477355732870812,5.804741186890478,-0.0014758783826590656,-0.00016436947276005255,-0.00018128278312981057,0.0002447054781460922,0.9,11.824972837174434,-2.3073019083240514,0.459038632790823,True
2005-09-01,2006-02-17,120,121,169.0,2006-02-24,7,56.333333333333314,33.800000000000004,False,0.009392346266423612,0.01067415637499659,5.796956761619839,-0.0019104595247146983,0.0002529989004031668,0.00023357477429335465,0.00034433358649920147,0.8469592657942548,10.059965797487504,0.7454991332496518,0.4671157107592169,True
2005-08-18,2006-02-17,130,131,183.0,2006-02-22,5,61.0,36.6,False,0.01003159571253734,0.01318291154271348,5.801352530621095,-0.0030682643950206583,0.00016388248446748112,-0.00044533535149311146,0.0004745324477891131,0.7567037667966074,9.662339456274365,-1.2181785504182683,0.5063729186474005,True
2005-08-04,2006-02-17,140,141,197.0,2006-02-19,2,65.66666666666663,39.400000000000006,False,0.011355753991507359,0.018182393968904576,5.803330768148309,-0.00511314861445954,0.0006005866805194761,-9.642195067897913e-05,0.0006082775299073136,0.6547363580835731,8.593051561514377,-0.1591878501831862,0.6404801620894525,True
2005-07-21,2006-02-17,150,151,211.0,2006-03-10,21,70.33333333333331,42.2,True,0.011165757128669313,0.018825793970720865,5.820589317431709,-0.003747958066746571,-0.0001392379084033929,0.00037745753880314944,0.00040232000787418303,0.7245372016377386,6.280679888171958,1.924193950298938,1.0746749417656432,True
2005-07-07,2006-02-17,160,161,225.0,2006-03-06,17,75.0,45.0,True,0.010871439232071772,0.019028298747237313,5.815092795262626,-0.00350467440142121,0.00036891803248834685,0.0001352640010789046,0.0003929336644816105,0.734086713799172,6.0,0.35143059100199686,1.0912507406178147,True
2005-06-23,2006-02-17,170,171,239.0,2006-05-05,77,79.66666666666663,47.800000000000004,False,0.01071557136438524,0.01963481331275484,6.6640722611361065,-0.5063093851733663,-0.0032971853457457317,0.004714182499723464,0.005752820859795598,0.12483182557379792,9.478286364472844,2.181131758425074,1.1591259354052235,True
2005-06-09,2006-02-17,180,181,253.0,2006-05-07,79,84.33333333333331,50.6,False,0.010455746640133209,0.019787397442280894,6.910471296369332,-0.7219018264510385,-0.005767732471813974,0.0027293715295184096,0.006380925231701356,0.1,9.559103240495503,2.6996025729808553,1.1835247181099062,True
2005-05-26,2006-02-17,190,191,267.0,2006-03-07,18,89.0,53.400000000000006,True,0.010329618769000794,0.020379895567362652,5.826485388103073,-0.0057677168567382,0.0004678961161975573,0.00023048016435880643,0.0005215820948955404,0.6486893522347319,6.0,0.4577007086572508,1.1955473383405941,True
2005-05-12,2006-02-17,200,201,281.0,2006-03-11,22,93.66666666666663,56.2,True,0.010512334826859163,0.02221234588591121,5.816617986826635,-0.0029598317611398764,0.0002589908367604035,0.00021811382601104258,0.00033859990345986413,0.7633521545579185,6.0,0.6999296452537535,1.1121257118446974,True
2006-01-12,2006-02-23,30,31,42.0,2006-02-28,5,14.0,8.4,False,0.004095425310113719,0.0005199477625923217,5.808803492181416,-0.0022392976828782274,-0.0005483877301314666,-6.468818838890224e-05,0.0005521898806350767,0.8727084755791976,12.261116477365084,-3.024174582719622,0.28864401893416086,True
2005-12-29,2006-02-23,40,41,56.0,2006-02-24,1,18.666666666666657,11.200000000000001,False,0.004538414784611229,0.0008444855590442891,5.80861995987216,-0.006192956067852367,0.000577728446125803,-0.0011872121321003075,0.001320319205370085,0.5958809954856771,9.556652700684559,-1.117904941573798,0.292464251983465,True
2005-12-14,2006-02-23,50,51,71.0,2006-02-24,1,23.666666666666657,14.200000000000001,False,0.004983469012017684,0.0012665831330807658,5.820262237650036,-0.013749521570732214,0.0005677295680158966,-0.0017141425315659038,0.0018057135655808432,0.4253735389263954,9.50705553131078,-1.2509640758301548,0.3406929648553908,True
2005-11-30,2006-02-23,60,61,85.0,2006-02-26,3,28.33333333333333,17.0,False,0.005842146802212278,0.0020819714347745477,5.828614741072314,-0.01553074085222409,0.0013378236471947116,-0.00037729756841880553,0.0013900091964185357,0.4218527606201041,7.9179839428315555,-0.27488401031170606,0.5952792964934104,True
2005-11-16,2006-02-23,70,71,99.0,2006-03-01,6,33.0,19.8,False,0.00629552301731651,0.0028139863143709,5.8166958941291815,-0.00484694864357021,0.0003140925329754332,-0.00010650811860968366,0.0003316596125558522,0.6711660715056457,12.746226219813343,-0.3269296621938755,0.7695276003417173,True
2005-11-02,2006-02-23,80,81,113.0,2006-03-31,36,37.66666666666666,22.6,False,0.006422553148447402,0.0033411843045151627,5.880066366521893,-0.010696219324484422,-0.0003690429143998402,-2.9153454663219044e-05,0.00037019264793824335,0.5718227765084658,6.227351157537723,-3.0627589066559135,2.6531426676809517,True
2005-10-19,2006-02-23,90,91,127.0,2006-02-24,1,42.333333333333314,25.400000000000002,False,0.007870004340753096,0.005636264117436005,5.800742549632701,-0.00165395610257921,-7.115518905610654e-05,-0.00017440835943778837,0.0001883649032367523,0.9,9.342735610876572,-1.9581633558456872,0.8458482253472976,True
2005-10-05,2006-02-23,100,101,141.0,2006-03-05,10,47.0,28.200000000000003,False,0.008884652010515215,0.007972641176143156,5.8070873803744965,-0.001576991886476417,-9.219915644542755e-05,0.00016407758584327135,0.00018820770076010307,0.9,11.470738082836588,2.082748231509444,0.657420459793131,True
2005-09-21,2006-02-23,110,111,155.0,2006-03-04,9,51.66666666666666,31.0,False,0.009723825046221513,0.010495357861777252,5.808008859981838,-0.0020006481860532386,-0.00017365428604863286,0.0002511700922829349,0.0003053559010736135,0.8479178645283199,11.513369961691119,2.1757144268117368,0.4825204593972992,True
2005-09-07,2006-02-23,120,121,169.0,2006-02-24,1,56.333333333333314,33.800000000000004,False,0.009412193529663146,0.01071931583181977,5.800384163165927,-0.0024396819013464723,0.0003740744418440559,0.00018710343154286453,0.00041825755478659,0.8026338204764846,10.004253480482493,0.4637891977877375,0.4679744890793592,True
2005-08-24,2006-02-23,130,131,183.0,2006-02-24,1,61.0,36.6,False,0.009240783195928904,0.011186361703715224,5.801522984398873,-0.0024697617196861956,0.00015196887377027835,0.0003880201567389675,0.000416718346885207,0.8016311360337527,10.148424170824315,1.1975071445728491,0.46815363471417853,True
2005-08-10,2006-02-23,140,141,197.0,2006-02-24,1,65.66666666666663,39.400000000000006,False,0.011097814162083847,0.017365768563836977,5.811802383265713,-0.005775489737125977,-0.0001063722851938525,-0.0006624103037065298,0.0006708967681498692,0.6390338571619145,9.503344802955255,-1.7300206492721708,0.5788692743784797,True
2005-07-27,2006-02-23,150,151,211.0,2006-03-02,7,70.33333333333331,42.2,True,0.011166677810709747,0.018828898692557813,5.814122043710892,-0.00397188775124828,0.0004364579377033347,7.037149712478292e-05,0.00044209464935897076,0.7118463597989224,6.0,0.15985741975349088,1.0659006472013994,True
2005-07-13,2006-02-23,160,161,225.0,2006-03-03,8,75.0,45.0,True,0.010842042959776381,0.01892553318220349,5.817130468388749,-0.004497536946857533,0.0004645858952769292,0.00010435797382343724,0.0004761624100984863,0.6901170402330772,6.0,0.2209582355028029,1.086403441444225,True
2005-06-29,2006-02-23,170,171,239.0,2006-03-28,33,79.66666666666663,47.800000000000004,True,0.010663623171787926,0.019444898914631602,5.878173792736412,-0.012038288292518079,0.00040080889516712825,0.0006908414104858452,0.000798692446995191,0.5464651402548252,7.177061842136317,1.0450816162056,1.1476274740838037,True
2005-06-15,2006-02-23,180,181,253.0,2006-05-13,79,84.33333333333331,50.6,False,0.010488711348441147,0.019912364900916177,6.950745882600282,-0.7432407487321638,-0.002761695164148356,-0.005579773034123894,0.006225819407276169,0.1,9.794368531972204,-2.0303938373455583,1.2188676542209442,True
2005-06-01,2006-02-23,190,191,267.0,2006-04-24,60,89.0,53.400000000000006,False,0.01027982138552294,0.020183872994186666,6.097072062857907,-0.09262425180290015,-0.0023159617467281178,-0.001008737553992882,0.00252610970964119,0.2853360000174838,8.637395028704384,-2.730812695294522,1.2112848660516908,True
2005-05-18,2006-02-23,200,201,281.0,2006-03-05,10,93.66666666666663,56.2,True,0.010336563754407615,0.021475754600035583,5.821577477526827,-0.0049635028970033985,0.0004627239474292419,0.00019433807860890374,0.0005018772163805608,0.67398886175195,6.0,0.39761700712611686,1.110944257103294,True
2006-01-18,2006-03-01,30,31,42.0,2006-03-02,1,14.0,8.4,False,0.0048797840151965305,0.0007381810530839949,5.809602960993992,-0.0019781970148026453,0.0003793472315778591,0.0001881994562133091,0.00042346588696702726,0.9,13.0,0.46053394487958255,0.32340763504159703,True
2006-01-04,2006-03-01,40,41,56.0,2006-03-03,2,18.666666666666657,11.200000000000001,False,0.005213202770434402,0.001114276808152262,5.807456762495616,-0.0017466718768959267,-0.00024469063681546,-0.00033958052159444095,0.0004185551796257071,0.8958630196203307,10.46271515823864,-2.195192929654824,0.3573187571211317,True
2005-12-20,2006-03-01,50,51,71.0,2006-03-06,5,23.666666666666657,14.200000000000001,False,0.005534168201569714,0.0015619779018465336,5.845031592713924,-0.019090548241588314,0.0016784386004620403,0.0004858141044754867,0.0017473326757169888,0.39504762506935276,12.580229116328976,0.28174454509842023,0.34308656101698964,True
2005-12-06,2006-03-01,60,61,85.0,2006-03-03,2,28.33333333333333,17.0,False,0.005420157467525805,0.0017920645253393201,5.822682093925779,-0.00844712213730411,-0.000611684875627808,-0.0006778265157551683,0.0009130209047620971,0.5396560648180697,10.395402779097404,-2.3049473832783973,0.48029027535829993,True
2005-11-22,2006-03-01,70,71,99.0,2006-03-10,9,33.0,19.8,True,0.006440010589533015,0.002944635283924113,5.845848318384545,-0.012298565251211806,-9.282290455671501e-05,-0.0006628494747322271,0.0006693172026499352,0.5034709201537596,8.55079412766739,-1.709927746982141,1.0819081774805208,True
2005-11-08,2006-03-01,80,81,113.0,2006-03-03,2,37.66666666666666,22.6,False,0.006246805445204103,0.003160828839888762,5.812660809968109,-0.0033671026234398985,9.958906805689131e-05,0.00019213102552769585,0.00021640774812091234,0.740015027325535,13.0,1.0925851215267925,0.8856879455665968,True
2005-10-25,2006-03-01,90,91,127.0,2006-04-11,41,42.333333333333314,25.400000000000002,False,0.0076253357799562745,0.005291262863894404,5.85540295900836,-0.0018240513177139788,-0.00012021503944749238,-4.4648709906089856e-05,0.0001282386954302028,0.9,6.0,-2.7859757055607735,2.133581418145468,True
2005-10-11,2006-03-01,100,101,141.0,2006-03-04,3,47.0,28.200000000000003,False,0.008250451612809441,0.006875065133346299,5.808065099559286,-0.0016203950090211358,0.0001560058103768094,4.613209202273219e-05,0.00016268368936595592,0.9,11.064160476576076,0.2875141061819972,0.8102162087719845,True
2005-09-27,2006-03-01,110,111,155.0,2006-03-05,4,51.66666666666666,31.0,False,0.00973485750949463,0.010519187031048205,5.8097780578851115,-0.0022054994697517636,-0.00023298364206572017,0.00024200261533471992,0.00033592654449901994,0.8297720227019524,11.535291256188074,2.3372089101549087,0.47227271802653903,True
2005-09-13,2006-03-01,120,121,169.0,2006-03-04,3,56.333333333333314,33.800000000000004,False,0.009456525417365415,0.010820530629282656,5.810128786727839,-0.002350275351419222,-0.00012511336726903655,0.00034184397407526287,0.0003640201330709138,0.8167223466562673,11.447927345895785,1.921649395161648,0.46061801133194397,True
2005-08-30,2006-03-01,130,131,183.0,2006-03-04,3,61.0,36.6,False,0.009265290854378501,0.011245775514726115,5.8109478390617175,-0.002686982301868973,0.00025327306036260265,0.0003364410031181882,0.00042111731344675357,0.7896409971849053,11.23840644474856,0.9255051067957446,0.44831850213428753,True
2005-08-16,2006-03-01,140,141,197.0,2006-03-02,1,65.66666666666663,39.400000000000006,False,0.010284240921153365,0.014912951196729885,5.814223824894496,-0.00436642975781224,-0.0004945048076748761,-0.00026510422269895157,0.0005610839987973115,0.6952719541968384,10.523001299072211,-2.649483516265244,0.5141782263074581,True
2005-08-02,2006-03-01,150,151,211.0,2006-04-01,31,70.33333333333331,42.2,True,0.011240715511362702,0.0190794064663159,5.878604579059515,-0.010574895936038074,-0.0007303469578415626,-2.934464352499647e-05,0.0007309362399908998,0.5704080552705914,7.5769612339398,-3.1014352084325196,1.0891487369629718,True
2005-07-19,2006-03-01,160,161,225.0,2006-03-05,4,75.0,45.0,True,0.010881927486306068,0.01906503167657298,5.816733907257706,-0.003944833207620632,0.00038623028385126193,0.00019483909765286516,0.0004325923093837997,0.7142635294817871,6.036591207745746,0.4672120647487444,1.078987863576027,True
2005-07-05,2006-03-01,170,171,239.0,2006-03-30,29,79.66666666666663,47.800000000000004,True,0.010680056735081954,0.01950487762884137,5.880468287149129,-0.012156329537551653,4.6215613867732e-05,0.0008058397773895581,0.0008071639423242492,0.5460912986957787,7.259574379021972,1.513508209083995,1.132908431880915,True
2005-06-21,2006-03-01,180,181,253.0,2006-03-29,28,84.33333333333331,50.6,True,0.01051791515569334,0.02002340359924782,5.88942624463095,-0.015280466202198164,0.0003791573914968207,0.0008266061029189274,0.0009094162836179534,0.5102275351774505,7.187793144307839,1.1407379011971006,1.192730158048098,True
2005-06-07,2006-03-01,190,191,267.0,2006-03-30,29,89.0,53.400000000000006,True,0.010292560539440655,0.02023392926948772,5.90435559907384,-0.02001464664010173,-6.9164642394206e-05,0.0010422559238140758,0.0010445483035662118,0.47031855034967746,7.272780969193576,1.637059689788317,1.2391132448662294,True
2005-05-24,2006-03-01,200,201,281.0,2006-03-20,19,93.66666666666663,56.2,True,0.01022576704848724,0.02101782865771542,5.8534563269024344,-0.008061925493893965,-0.0006093785549733652,-0.0001649282069770908,0.0006313030466567579,0.6046240018744662,6.47339237581798,-2.87727523489118,1.1927635157514367,True
2006-01-24,2006-03-07,30,31,42.0,2006-03-08,1,14.0,8.4,False,0.00683568316501394,0.001448523494306105,5.807726232000879,-0.0015253983582260695,-0.00020235184387903414,0.00018929694196152585,0.0002770913224141642,0.9,13.0,2.389515339136471,0.3811180400860689,True
2006-01-10,2006-03-07,40,41,56.0,2006-03-08,1,18.666666666666657,11.200000000000001,False,0.006404077746794422,0.0016815006832664881,5.808490929793872,-0.0015977478285499182,-0.0002506417540468049,0.00021819188689733496,0.0003323085740384657,0.9,13.0,2.425298314735886,0.3328632477430396,True
2005-12-27,2006-03-07,50,51,70.0,2006-03-20,13,23.33333333333333,14.0,False,0.006380486599668374,0.0020762410716759325,5.8217940448997005,-0.001604150307015164,0.0001559755921150564,-0.00018056834363162281,0.0002386070243255849,0.9,13.0,-0.8583429251085224,0.46543709276930234,True
2005-12-12,2006-03-07,60,61,85.0,2006-03-20,13,28.33333333333333,17.0,False,0.006513277306245044,0.0025877896573508483,5.835543265782825,-0.0055278871455253014,0.0002810458371226169,-0.00036683981185213797,0.0004621235874997775,0.6413311954551567,13.0,-0.9170536604348071,0.5901196075743637,True
2005-11-28,2006-03-07,70,71,99.0,2006-04-08,32,33.0,19.8,False,0.007012439120382477,0.0034913754716120104,5.8438996812195745,-0.0018537365982611456,9.506751178384469e-05,-3.869327823660615e-05,0.00010264015577475936,0.8753013978099208,8.03162979654353,-0.38653348391670644,1.9682699477498509,True
2005-11-14,2006-03-07,80,81,113.0,2006-04-13,37,37.66666666666666,22.6,False,0.006716590014978261,0.0036541190957737604,5.8786882534002,-0.007560051123832775,0.00022596420499510457,-0.0001477711891482189,0.00026999286338966135,0.6249133591325522,9.343037124165564,-0.5791528932879636,1.8728551174821841,True
2005-10-31,2006-03-07,90,91,127.0,2006-03-31,24,42.333333333333314,25.400000000000002,True,0.006811355954793104,0.004221905864803488,5.833174091554523,-0.001601956266851055,-3.368171122853405e-05,-7.28635127352431e-05,8.027172079506761e-05,0.9,6.361408823257105,-2.003796776198809,2.8234316917787337,True
2005-10-17,2006-03-07,100,101,141.0,2006-03-29,22,47.0,28.200000000000003,True,0.007992726461320593,0.006452251304834935,5.835337102963309,-0.001705476722299861,-0.00012943510120764303,6.283534383905366e-05,0.00014388094335249853,0.9,6.0,2.689645936213097,1.7780082781236277,True
2005-10-03,2006-03-07,110,111,155.0,2006-03-08,1,51.66666666666666,31.0,False,0.009720443873282003,0.010488060229392445,5.807851145677213,-0.00153102231683589,0.00011429853355709966,-0.0001781842330958724,0.00021169264440992658,0.9,12.083377954680595,-1.0004461771454176,0.5386788231564571,True
2005-09-19,2006-03-07,120,121,169.0,2006-03-08,1,56.333333333333314,33.800000000000004,False,0.009683632510571734,0.011346501370576018,5.806717931980071,-0.001498799599241239,0.0001127115188144774,-0.00021213871816594417,0.0002402222350627772,0.9,12.06647096338065,-1.0824152286764945,0.4653638054557307,True
2005-09-05,2006-03-07,130,131,183.0,2006-03-08,1,61.0,36.6,False,0.009588468773862283,0.012043974078980502,5.807802337179219,-0.0018117082090345028,-0.00023772216071098705,-0.00018224824775108227,0.00029954340169905297,0.8602331195183969,11.756164716112753,-2.4875242591633655,0.4425669631760621,True
2005-08-22,2006-03-07,140,141,197.0,2006-03-08,1,65.66666666666663,39.400000000000006,False,0.009928495056680389,0.013899076986764295,5.811087368710374,-0.002457406247940747,-0.0003523102601591865,9.347225353598419e-05,0.000364499083118914,0.8016710290240506,11.554564543637152,2.882255116397009,0.4677600468007247,True
2005-08-08,2006-03-07,150,151,211.0,2006-04-10,34,70.33333333333331,42.2,True,0.0112043666865686,0.01895621275991032,5.87516607578257,-0.007218552659746937,-7.572609518186957e-05,0.0005379616258425971,0.0005432652688794896,0.6353384573157418,8.4393466955965,1.7106423503593176,1.0003097535162997,True
2005-07-25,2006-03-07,160,161,225.0,2006-04-01,25,75.0,45.0,True,0.011027776474609398,0.019579508489805705,5.865139280432177,-0.007671118573850718,-0.0004823908221011111,0.00034520016109479716,0.0005931813015151941,0.618457137082222,7.4355512131006005,2.520471671306951,1.0756418220098831,True
2005-07-11,2006-03-07,170,171,239.0,2006-04-02,26,79.66666666666663,47.800000000000004,True,0.010734051966082112,0.019702598045404265,5.871372161920528,-0.00906055613636779,-0.0005648401134824234,0.0003364704398946606,0.00065746232646574,0.5918126303878443,7.439015766821718,2.6043472096580134,1.0963588677304246,True
2005-06-27,2006-03-07,180,181,253.0,2006-04-01,25,84.33333333333331,50.6,True,0.010519959225978549,0.020031187123041465,5.86847065300957,-0.008796188229030362,-0.00016315072754613752,0.0006230581313778269,0.0006440648996606347,0.5955055094582771,7.2990088280564045,1.8269009016660818,1.1142606085190243,True
2005-06-13,2006-03-07,190,191,267.0,2006-04-01,25,89.0,53.400000000000006,True,0.010432008266010928,0.020785918124264984,5.886992427641177,-0.013954681836148715,-0.00037813663353366157,0.0007304893224538691,0.0008225581826468469,0.5233014459636978,7.328732937557283,2.048462771812434,1.2113687079669118,True
2005-05-30,2006-03-07,200,201,281.0,2006-03-31,24,93.66666666666663,56.2,True,0.010234564604457052,0.021054008841203835,5.8779669601208395,-0.011713357995292075,0.00020832170187343765,0.0007150011029689184,0.0007447311654001162,0.5494600292528995,7.191193048809317,1.2872861791628585,1.2017580657463802,True
2006-01-30,2006-03-13,30,31,42.0,2006-03-23,10,14.0,8.4,False,0.0037520152194431724,0.0004364061644149291,5.8260379752512454,-0.010687144316323342,0.0018795705276008282,0.0022882316441304876,0.0029612141809443253,0.3527962350038389,6.011817351648101,0.8831376805838375,0.21179222734179562,True
2006-01-16,2006-03-13,40,41,56.0,2006-03-31,18,18.666666666666657,11.200000000000001,False,0.007076811335084281,0.0020533316055674723,5.828414889138854,-0.0025012107660313176,-0.0004896952992122399,-4.171618582440764e-05,0.0004914689473713489,0.7608663171327905,6.0,-3.056609784615755,0.6453737766146127,True
2006-01-02,2006-03-13,50,51,70.0,2006-04-04,22,23.33333333333333,14.0,False,0.007114662432963063,0.00258153949828581,6.1626695670785185,-0.25844420059867224,-0.005365425713406098,-0.003930321857960259,0.006650956547237361,0.1,6.0,-2.50936804775014,0.6476366689089843,True
2005-12-16,2006-03-13,60,61,87.0,2006-03-22,9,29.0,17.400000000000002,False,0.007177176155545948,0.003142223311631976,5.817667595672121,-0.0015872957775540063,0.00014152230295038916,-8.816158976987084e-05,0.00016673640317319045,0.8735136476072409,13.0,-0.5571251799321261,0.6396667471694033,True
2005-12-02,2006-03-13,70,71,101.0,2006-03-21,8,33.66666666666666,20.200000000000003,False,0.00671576572760063,0.0032022071608690805,5.818462231295453,-0.0018245027892359023,0.00014081497187232476,-0.00011738456590083082,0.00018332482814700825,0.8435241830119444,13.0,-0.6949006829470366,0.6457693534598572,True
2005-11-18,2006-03-13,80,81,115.0,2006-04-20,38,38.333333333333314,23.0,False,0.007076453184950138,0.004056171363982067,5.865360150682803,-0.004075906725043031,-8.531534155135402e-05,-0.00014209926174381688,0.0001657434996980635,0.7248357996935333,10.263577016682442,-2.1115044345777383,1.7367152648440838,True
2005-11-04,2006-03-13,90,91,129.0,2006-04-24,42,43.0,25.8,False,0.006797117210472522,0.004204273015934061,5.863327640667647,-0.0028401484555489642,4.656541663546688e-05,-0.00010372865702610142,0.0001137012414834297,0.791796902791306,10.31470373219454,-1.1488445197199277,1.9174889724452038,True
2005-10-21,2006-03-13,100,101,143.0,2006-03-30,17,47.66666666666666,28.6,True,0.00822050329791642,0.006825244121576529,5.83374035874581,-0.0016631097620773243,-0.00014778545246384037,2.3378002036773262e-05,0.00014962309627585373,0.9,6.0598683214779046,2.984703888227337,1.650827128977879,True
2005-10-07,2006-03-13,110,111,157.0,2006-04-25,43,52.333333333333314,31.400000000000002,False,0.009188480559894723,0.00937152742495152,5.857071518312569,-0.0016232285405830293,4.4895066579742434e-05,9.057527346660832e-05,0.00010109128135873234,0.9,9.306391954825925,1.1106220749522027,1.5528415335849521,True
2005-09-23,2006-03-13,120,121,171.0,2006-03-15,2,57.0,34.2,False,0.009941035794529436,0.011957727312841974,5.812488893480376,-0.001498806000108387,-0.00011761609567897938,-0.0001894593212074159,0.00022299861065742455,0.9,12.99699239222029,-2.126368758774025,0.4654177158752972,True
2005-09-09,2006-03-13,130,131,185.0,2006-03-14,1,61.66666666666666,37.0,False,0.009808433446877655,0.012602903035319503,5.810882137242978,-0.0014704294371713916,-0.0002090740746325792,0.00010743027867408163,0.0002350600635145412,0.9,12.688923520752343,2.666935747739466,0.44369350254073264,True
2005-08-26,2006-03-13,140,141,199.0,2006-03-14,1,66.33333333333331,39.800000000000004,False,0.009639409378113898,0.013101468055400693,5.809749304705588,-0.0014737195090664857,5.1377646573751834e-05,0.00023552067492216435,0.00024105943433777732,0.8968207515894697,12.418945614648761,1.3560161166339535,0.4414805991416196,True
2005-08-12,2006-03-13,150,151,213.0,2006-04-27,45,71.0,42.6,False,0.011033134011103425,0.01838123696215204,5.8825724382708655,-0.005034486266241089,1.561756902732634e-05,-0.00038614068707661466,0.00038645638651511936,0.700530608241064,10.07804782282022,-1.530373076798474,0.9055352741930411,True
2005-07-29,2006-03-13,160,161,227.0,2006-04-12,30,75.66666666666663,45.400000000000006,True,0.011157639231166345,0.020043359027270835,5.873012869308185,-0.006822267490054757,7.114474225397007e-05,0.0005178579419113354,0.0005227221272827734,0.6415763473894367,8.345528174138584,1.4342682517099647,1.0033498172317876,True
2005-07-15,2006-03-13,170,171,241.0,2006-04-06,24,80.33333333333331,48.2,True,0.010880855394511725,0.020245205413883006,5.8602087828215215,-0.005888519896529918,-0.00036488346195483927,-0.00031584414405205394,0.00048259451316827386,0.6607700403435393,7.648253125836847,-2.428109816618574,1.0541729247389144,True
2005-07-01,2006-03-13,180,181,255.0,2006-04-08,26,85.0,51.0,True,0.010688822792588005,0.020679418817134136,5.871260508727543,-0.007930909100973604,-0.00015243061779656486,-0.00055930723601726,0.0005797065442990181,0.6132682917575554,7.7390345725482765,-1.836869106478964,1.0841228372350393,True
2005-06-17,2006-03-13,190,191,269.0,2006-04-04,22,89.66666666666663,53.800000000000004,True,0.010595599264602528,0.021442944241224712,5.868712827215096,-0.00839846033351858,-0.0004603041286334788,0.00036084054165412267,0.0005848810027161652,0.6015552946090496,7.381370204723422,2.476735225195238,1.170228648888004,True
2005-06-03,2006-03-13,200,201,283.0,2006-04-05,23,94.33333333333331,56.6,True,0.01040133520628917,0.0217457425887917,5.875649527603756,-0.010057067805862864,-0.000584883667406798,0.00026818098586372304,0.0006434360462222057,0.5732177874635018,7.419558005684388,2.711675945310578,1.2075569314903978,True
2006-02-03,2006-03-17,30,31,42.0,2006-03-30,13,14.0,8.4,False,0.003373099954664674,0.00035271190242892365,5.854263574973978,-0.022234228349372904,-0.002938782493773305,0.0015278005050579817,0.0033121921636529287,0.2898275360270113,7.8241655616529675,2.662171504718189,0.24866127108193536,True
2006-01-20,2006-03-17,40,41,56.0,2006-04-04,18,18.666666666666657,11.200000000000001,False,0.006655684243207596,0.0018162234425565566,5.850097460949088,-0.0064369107492147455,-0.0006034629074309922,-0.0006353250759764844,0.0008762450757690979,0.6070529758893466,6.0,-2.3304797224377274,0.7432368587854267,True
2006-01-06,2006-03-17,50,51,70.0,2006-04-01,15,23.33333333333333,14.0,False,0.0066407866903796745,0.002249102441223315,5.843331583524105,-0.0077401375492677366,-0.0012958284799283256,-3.84442400062473e-06,0.0012958341826751025,0.5374334805123872,6.001330483790462,-3.1386258931110325,0.5349047093150814,True
2005-12-22,2006-03-17,60,61,85.0,2006-03-21,4,28.33333333333333,17.0,False,0.006880441566670266,0.002887769045294204,5.8183629963686165,-0.0014637206623373704,0.0001662540279951238,-9.57489195176471e-05,0.00019185478209677307,0.9,13.0,-0.5225249563913499,0.5281833806022789,True
2005-12-08,2006-03-17,70,71,99.0,2006-03-21,4,33.0,19.8,False,0.006691599607959034,0.0031792028772398627,5.81988245737318,-0.0021044153104613776,0.00016025291926436412,-0.00014325512585825306,0.00021494889908397932,0.8150464122926414,13.0,-0.7294521814708883,0.6138117750400163,True
2005-11-24,2006-03-17,80,81,113.0,2006-04-23,37,37.66666666666666,22.6,False,0.007013801509829634,0.003984666341162365,5.858081564464916,-0.0022048227450318057,-6.46269528930303e-05,-7.690866274216387e-05,0.00010045688351240975,0.8381481096154808,10.080524341111236,-2.269636616737165,1.8248687189991248,True
2005-11-10,2006-03-17,90,91,127.0,2006-04-28,42,42.333333333333314,25.400000000000002,False,0.0067541391825269815,0.004151274044822108,5.87569670130038,-0.004151271066287494,-0.00013636330149095153,8.49539307174607e-05,0.00016066150857582301,0.727464931083952,11.061091048666269,2.5844349788784404,1.6993519994672737,True
2005-10-27,2006-03-17,100,101,141.0,2006-04-06,20,47.0,28.200000000000003,True,0.00792023315844796,0.006335739421702034,5.838254579309176,-0.0016201041268326848,9.116518178304981e-05,6.587456803511553e-05,0.00011247465973875884,0.9,6.829468468360578,0.6257232380050106,1.8982082014404016,True
2005-10-13,2006-03-17,110,111,155.0,2006-04-09,23,51.66666666666666,31.0,True,0.008224020295986973,0.007507430590997428,5.842978227306402,-0.001650725607145276,-0.00010048044935161116,7.275665502980589e-05,0.00012405584046318768,0.9,7.171804400655899,2.5148827209428783,1.6698280268406425,True
2005-09-29,2006-03-17,120,121,169.0,2006-03-18,1,56.333333333333314,33.800000000000004,False,0.009954033246402781,0.011989016122329518,5.81525427821154,-0.001505072390259518,-4.7415702716153556e-05,-0.00020010777453840259,0.00020564865741059147,0.9,13.0,-1.8034562133352443,0.5066763899052447,True
2005-09-15,2006-03-17,130,131,183.0,2006-03-18,1,61.0,36.6,False,0.009791452893469763,0.012559304019219897,5.814544470042382,-0.0014856660928721098,-4.6342770571033086e-05,-0.00021688307885987983,0.00022177899422609948,0.9,13.0,-1.7813069134729085,0.46376712451292884,True
2005-09-01,2006-03-17,140,141,197.0,2006-03-18,1,65.66666666666663,39.400000000000006,False,0.00974439339125467,0.013388401561457403,5.814367572469878,-0.0015965737833556774,-2.2356252803597887e-05,-0.00024689830950322064,0.0002479084050107348,0.8826645024275802,12.997963858208728,-1.6610984917142186,0.4373388700895839,True
2005-08-18,2006-03-17,150,151,211.0,2006-05-04,48,70.33333333333331,42.2,False,0.010767743531960994,0.017507589416283262,5.882369742718127,-0.003733246871035564,-0.00029118790776048217,-6.230584459727236e-05,0.0002977791394589395,0.7529630486688886,10.948890211671994,-2.9307999851673756,0.8621761444378421,True
2005-08-04,2006-03-17,160,161,225.0,2006-04-17,31,75.0,45.0,False,0.010999874485113081,0.019480555428806924,5.869948851671871,-0.005216035033560602,-0.00023804805416269433,-0.00034602621553975156,0.00042000121182135617,0.6877336313000902,8.836083782741683,-2.173387843548218,0.9666080187889007,True
2005-07-21,2006-03-17,170,171,239.0,2006-04-10,24,79.66666666666663,47.800000000000004,True,0.010885222591347919,0.020261460117605677,5.8632058471416775,-0.005633623425645936,0.0004047868607413821,-0.00021542828645125262,0.0004585430723849026,0.6695305088177987,7.987954414326203,-0.4890759426273494,1.029775300159144,True
2005-07-07,2006-03-17,180,181,253.0,2006-04-06,20,84.33333333333331,50.6,True,0.010659337211479443,0.020565486031633495,5.855122240595524,-0.00500455482445021,-0.0003913694103713423,-0.0001669156469294163,0.00042547720099234186,0.686162445371085,7.58165977375501,-2.7384595436694688,1.0645150624963045,True
2005-06-23,2006-03-17,190,191,267.0,2006-04-09,23,89.0,53.400000000000006,True,0.010531114287353453,0.021182734313460308,5.872141780004693,-0.007874919684767114,2.6472944209794376e-05,-0.0005561261479020833,0.000556755879318346,0.6140346126548113,7.778817081755972,-1.5232298247541542,1.116504852127729,True
2005-06-09,2006-03-17,200,201,281.0,2006-04-10,24,93.66666666666663,56.2,True,0.010430649924493548,0.021868490027314787,5.882829902412248,-0.010677348258239135,-0.00011321519846113073,-0.0006365037279179976,0.000646494142909355,0.5655362212386748,7.72839783582034,-1.746825774652594,1.2085643210650292,True
2006-02-09,2006-03-23,30,31,42.0,2006-03-24,1,14.0,8.4,False,0.0034598635299964453,0.0003710903250321833,5.845266092645536,-0.021138705855224777,0.0010292041351434799,0.0033052819171448997,0.0034618130659527964,0.2766490294706881,6.011896115757701,1.2689306357663155,0.28099103652803537,True
2006-01-26,2006-03-23,40,41,56.0,2006-03-24,1,18.666666666666657,11.200000000000001,False,0.004117093501621659,0.0006949688149449069,5.840063003030076,-0.015736823515698984,0.0005683603426147282,0.00267933385601405,0.0027389529734992255,0.3356802848526259,6.0,1.361767384692665,0.32144530236776814,True
2006-01-12,2006-03-23,50,51,70.0,2006-04-01,9,23.33333333333333,14.0,False,0.006598309530018036,0.0022204221213502685,5.842106327965554,-0.006479344864773427,-0.0010061181290256307,-0.0002730974437776608,0.0010425238142852797,0.5766648489028984,6.030209441114938,-2.876542168263789,0.5943416899437763,True
2005-12-29,2006-03-23,60,61,84.0,2006-04-04,12,28.0,16.8,False,0.007099349194163536,0.003074446297820898,5.838611415105172,-0.0035570990726170857,-0.00010853349395491713,-0.0004166294751966572,0.00043053413211115334,0.707791477022841,6.189287422257598,-1.825636075232371,0.9448286447211738,True
2005-12-14,2006-03-23,70,71,99.0,2006-04-24,32,33.0,19.8,False,0.006745566295909167,0.003230689190327906,5.8554025660623505,-0.0016127517705179222,-7.508847415630977e-05,7.533239925014368e-05,0.00010636375946677442,0.9,11.136226378205828,2.3545728742922485,1.2254012156085503,True
2005-11-30,2006-03-23,80,81,113.0,2006-04-28,36,37.66666666666666,22.6,False,0.006937000954782615,0.003897880561979048,5.857678320009895,-0.0015758107274136681,6.643699598091463e-05,3.080293000776017e-05,7.32304235412512e-05,0.9,10.52275435726775,0.4341398832950702,1.8404566126566173,True
2005-11-16,2006-03-23,90,91,127.0,2006-05-03,41,42.333333333333314,25.400000000000002,False,0.006694677274233353,0.004078502046358423,5.871391331187005,-0.0027074917963274183,5.450029835675648e-06,-0.00010279039823439683,0.00010293477932358745,0.8032633205764727,11.380793961627143,-1.5178251205923843,1.8564804787151703,True
2005-11-02,2006-03-23,100,101,141.0,2006-05-05,43,47.0,28.200000000000003,False,0.006603005244097706,0.004403567503611762,5.870574486805289,-0.002205601057192078,2.717727519132116e-05,-7.210727856508557e-05,7.70588340742815e-05,0.8407973403571982,11.35067455651471,-1.2103604357101567,2.120187086085422,True
2005-10-19,2006-03-23,110,111,155.0,2006-03-30,7,51.66666666666666,31.0,True,0.007999454371717554,0.007103030997216212,5.832040162751031,-0.0016494003969948247,-0.00014228298177584406,7.496847964103557e-05,0.0001608251219266242,0.9,6.000228517692625,2.656659680431643,1.538320842011527,True
2005-10-05,2006-03-23,120,121,169.0,2006-05-01,39,56.333333333333314,33.800000000000004,False,0.009487418233206483,0.010891343672545236,5.861194583209972,-0.0016060993840065609,7.623569155929162e-05,-7.066255706256048e-05,0.00010394747538128603,0.9,10.147834057129621,-0.7474776098002055,1.3703377514964552,True
2005-09-21,2006-03-23,130,131,183.0,2006-04-23,31,61.0,36.6,False,0.010823770462351546,0.015347174919839265,5.858827512713147,-0.002558392016323696,-0.00022192746897306624,9.785907748755066e-05,0.00024254525460520914,0.8092645608988216,9.741154965290033,2.7262895425157674,0.8763031626106749,True
2005-09-07,2006-03-23,140,141,197.0,2006-04-20,28,65.66666666666663,39.400000000000006,False,0.010524852289133937,0.01561892471484039,5.8579338285381715,-0.002857686627240214,8.22050167157216e-05,0.00027996046046393466,0.00029177992425184155,0.7876744507409313,9.483838857942834,1.2851930204441533,0.8134330012779835,True
2005-08-24,2006-03-23,150,151,211.0,2006-05-10,48,70.33333333333331,42.2,False,0.010558446536983488,0.01683359978442513,5.871971473245354,-0.0019640965760962846,2.0584747876480856e-05,0.0001734113042262819,0.00017462878422126857,0.8602553769070529,11.72486734634051,1.4526444455016263,0.8252137696561498,True
2005-08-10,2006-03-23,160,161,225.0,2006-04-17,25,75.0,45.0,False,0.010956923472480552,0.01932872168906904,5.8584033626189305,-0.003368844286599816,7.954432870485223e-05,-0.00029038030149211927,0.00030107809572228874,0.759613623341848,9.009944051587063,-1.303423708021848,0.9433490750854754,True
2005-07-27,2006-03-23,170,171,239.0,2006-04-06,14,79.66666666666663,47.800000000000004,True,0.010894226509034705,0.020294993280356416,5.847035113708176,-0.0036926307002889368,-0.00025589168029288404,-0.00023149507925276946,0.0003450659701584055,0.7366510938428953,7.660946996229392,-2.4062086834892367,1.0289946684285505,True
2005-07-13,2006-03-23,180,181,253.0,2006-04-02,10,84.33333333333331,50.6,True,0.01064212049959583,0.020499105899753123,5.842356300253555,-0.0036354660929848064,1.4074518343628424e-05,0.000344099544527741,0.0003443872654596914,0.7366515016998908,7.228322140788499,1.5299166526024313,1.0758149959208603,True
2005-06-29,2006-03-23,190,191,267.0,2006-04-02,10,89.0,53.400000000000006,True,0.010454902999182267,0.020877254373961276,5.84361298537631,-0.003945491298678721,0.00015282445792217243,0.00032553742781459027,0.0003596247097285522,0.7221290360860585,7.146826827906274,1.1318837255275775,1.108544456356255,True
2005-06-15,2006-03-23,200,201,281.0,2006-03-31,8,93.66666666666663,56.2,True,0.01042397405756188,0.02184050626569734,5.843525895948145,-0.004389901380912089,0.00035557258029475037,-0.00010328956136791543,0.0003702709728631763,0.7021790759225616,6.877105009233256,-0.28270748973773463,1.2105349280560551,True
2006-02-15,2006-03-29,30,31,42.0,2006-04-12,14,14.0,8.4,False,0.004375670920087846,0.0005935413760279749,5.836184070907699,-0.0014564592448291613,4.448759369611461e-05,0.00034781914654344976,0.00035065268385552724,0.9,8.467046635544808,1.4435826606972222,0.44150103586946093,True
2006-02-01,2006-03-29,40,41,56.0,2006-04-05,7,18.666666666666657,11.200000000000001,False,0.004531580899675469,0.0008419442434624447,5.836131938801008,-0.004787068191243978,0.0009215455055564879,-4.3934324906041256e-05,0.0009225921871099453,0.5911340239257876,10.135532055726902,-0.04763854232891599,0.30262112869800445,True
2006-01-18,2006-03-29,50,51,70.0,2006-04-07,9,23.33333333333333,14.0,False,0.006338613294263391,0.002049078943204843,5.83163378658573,-0.0014092508719161223,2.2356868413009323e-05,-0.0002492498075765158,0.00025025046681708063,0.9,6.100683258523355,-1.4813390906255939,0.8307635776092133,True
2006-01-04,2006-03-29,60,61,84.0,2006-04-15,17,28.0,16.8,False,0.006419156106688451,0.0025135394724441736,5.8411857339100655,-0.0021854033540450036,6.903602563033826e-05,0.0003269289667807843,0.0003341384775137157,0.8005374083386407,8.205342293180017,1.362688394890938,0.6381019091223891,True
2005-12-20,2006-03-29,70,71,99.0,2006-04-30,32,33.0,19.8,False,0.006938428797626072,0.0034180673867606017,5.859241834989702,-0.0015850996547328864,-4.5503780617164395e-06,0.00010473913746136587,0.0001048379361522128,0.9,12.188058887691703,1.614213892848369,1.1164674709475597,True
2005-12-06,2006-03-29,80,81,113.0,2006-05-05,37,37.66666666666666,22.6,False,0.0069143724393201855,0.0038724922446000763,5.861200707704945,-0.0015405739741632131,-7.279951016052374e-05,8.323378776054326e-06,7.327378326428812e-05,0.9,12.323176050462196,3.0277540739360345,1.5355140611325082,True
2005-11-22,2006-03-29,90,91,127.0,2006-05-07,39,42.333333333333314,25.400000000000002,False,0.006844903279775896,0.0042635957827633015,5.869700116660529,-0.002346238803290019,9.342625057163427e-05,1.71506837966576e-06,9.344199139263205e-05,0.8228778364929802,13.0,0.018355395308351726,1.5893594942397797,True
2005-11-08,2006-03-29,100,101,141.0,2006-05-03,35,47.0,28.200000000000003,False,0.006650983567009396,0.004467793823271532,5.859907754012319,-0.00162652992981904,2.534336128183964e-05,6.112037395665645e-05,6.616635152147484e-05,0.8880633162874122,11.959046268692637,1.1777275967756273,1.8254597264783798,True
2005-10-25,2006-03-29,110,111,155.0,2006-04-13,15,51.66666666666666,31.0,True,0.00802738580872148,0.007152720444348993,5.843824879593598,-0.0016085363522338185,5.158673554102756e-05,-0.0001031026813592353,0.00011528813550077008,0.9,7.687277673897884,-1.1068741177519694,1.6334889668632262,True
2005-10-11,2006-03-29,120,121,169.0,2006-04-15,17,56.333333333333314,33.800000000000004,True,0.008645208365810546,0.00904349495028196,5.845732556641801,-0.0015971443049760921,2.3299799803286488e-05,0.00011206720918894008,0.00011446370624032268,0.9,8.191014241930073,1.3658074967855962,1.5331377656777976,True
2005-09-27,2006-03-29,130,131,183.0,2006-04-25,27,61.0,36.6,False,0.01083503116656251,0.015379124949829903,5.853695127106998,-0.0018473429870885377,-7.755347982423005e-05,-0.00016213986489064055,0.00017973279617143452,0.8650645168154248,10.02027173426748,-2.016943671767374,0.8873382541025328,True
2005-09-13,2006-03-29,140,141,197.0,2006-04-23,25,65.66666666666663,39.400000000000006,False,0.010583704202288555,0.015794086044457197,5.8538634367164635,-0.0021267473908981927,-0.0002221462928316045,1.0241852621619167e-05,0.00022238226315052185,0.8384618547212206,9.812871854726929,3.0955211883314195,0.8171521825053912,True
2005-08-30,2006-03-29,150,151,211.0,2006-04-28,30,70.33333333333331,42.2,False,0.010496305063058617,0.01663603541649528,5.85395104881563,-0.0015723251058303545,0.00011626744526677205,0.00011034642048347648,0.00016029488869698257,0.8934229872393167,10.532939022057604,0.7592758521447348,0.832013220504252,True
2005-08-16,2006-03-29,160,161,225.0,2006-04-24,26,75.0,45.0,False,0.010613896157473102,0.018137421454301184,5.854732650720805,-0.0020216405949887903,-0.00011811048311591435,-0.00015741778671002636,0.000196800522851333,0.8488701522163065,9.992237771176303,-2.214489073630601,0.8726823758590292,True
2005-08-02,2006-03-29,170,171,239.0,2006-04-13,15,79.66666666666663,47.800000000000004,False,0.010942236944949025,0.020474265940458657,5.8504346883937535,-0.0030474150398085457,-7.350413861416407e-05,0.0002787927562139484,0.0002883197171731068,0.7717953957232504,8.4186698744599,1.8285816560428743,0.9689825744192729,True
2005-07-19,2006-03-29,180,181,253.0,2006-04-11,13,84.33333333333331,50.6,True,0.01076170966162745,0.020962405466250975,5.850520134191473,-0.0035087971361283795,0.0003156823992537422,-6.591719165939899e-05,0.0003224910128280493,0.7453833466335102,8.026486393325223,-0.20585081796698487,1.0104035311969979,True
2005-07-05,2006-03-29,190,191,267.0,2006-04-10,12,89.0,53.400000000000006,True,0.010602236292162984,0.02146981614941786,5.849839703707247,-0.0037386998957643068,-5.045942385431226e-06,-0.0003340359322900016,0.00033407404208559457,0.7330803839512039,7.764137536587389,-1.5859011647408505,1.056662397121281,True
2005-06-21,2006-03-29,200,201,281.0,2006-04-01,3,93.66666666666663,56.2,True,0.0105630632570168,0.02242723937971941,5.834563543777181,-0.0028907642145340764,0.00027649586735931054,-3.3246043673689624e-05,0.00027848745768298136,0.7715016856683166,6.901854779169246,-0.11966615615965627,1.1603208373834601,True
2006-02-21,2006-04-04,30,31,42.0,2006-04-17,13,14.0,8.4,False,0.004238927700735168,0.000557023749613858,5.829764224320473,-0.000915463680872607,0.0003225124577446639,4.983435139122974e-05,0.000326339927037879,0.9,7.631270654990688,0.15330669904492286,0.33083889363298546,True
2006-02-07,2006-04-04,40,41,56.0,2006-04-22,18,18.666666666666657,11.200000000000001,False,0.004396334327463882,0.0007924379762723295,5.8376582955886045,-0.001185038235170076,-0.00019025841217996673,0.0001122974757148268,0.00022092755929753135,0.9,11.451193753565985,2.6083830654979505,0.4215743846964658,True
2006-01-24,2006-04-04,50,51,70.0,2006-04-24,20,23.33333333333333,14.0,False,0.006262168986265546,0.001999952781039849,5.842622097057158,-0.0012900568921360796,-0.00015876962086462765,-2.7024618928100534e-05,0.00016105316680434028,0.9,9.855752618045004,-2.9729956979999255,0.7314629107909758,True
2006-01-10,2006-04-04,60,61,84.0,2006-04-24,20,28.0,16.8,False,0.006523343818189386,0.0025957948887888904,5.843035457304109,-0.0013197511353907738,-0.00016930231451756442,9.282307762561624e-05,0.00019307873378727,0.9,9.694606198072004,2.640080000972049,0.6345559771607674,True
2005-12-27,2006-04-04,70,71,98.0,2006-05-06,32,32.66666666666666,19.6,False,0.0071281739109505336,0.0036075712946376636,5.861688821218037,-0.0015418085234940352,1.0508860384769806e-05,-9.707174951329226e-05,9.763893024894292e-05,0.9,12.710364802972396,-1.462957616585714,1.1181290309845486,True
2005-12-12,2006-04-04,80,81,113.0,2006-05-07,33,37.66666666666666,22.6,False,0.006757012138988729,0.0036982342567617246,5.862546310836539,-0.0015460498770789885,8.976320146252987e-05,-2.5070617646330418e-05,9.31985418661216e-05,0.9,12.960065098151428,-0.2723569484301184,1.1519926530743025,True
2005-11-28,2006-04-04,90,91,127.0,2006-05-10,36,42.333333333333314,25.400000000000002,False,0.006930952184028921,0.00437146693413387,5.864315188851433,-0.0015160892922876914,5.652477866579581e-05,3.816354701331994e-05,6.820195689168373e-05,0.9,13.0,0.5938629485274023,1.5389591840349055,True
2005-11-14,2006-04-04,100,101,141.0,2006-05-09,35,47.0,28.200000000000003,False,0.00670870118247385,0.0045456738271283294,5.8631102065886385,-0.0015046812755633925,5.697708402148757e-05,2.767181988583828e-05,6.334127974224967e-05,0.9,12.997808258743577,0.4521146138803808,1.6448642681667007,True
2005-10-31,2006-04-04,110,111,155.0,2006-04-27,23,51.66666666666666,31.0,True,0.0069549141603300856,0.005369162238509153,5.853358933569023,-0.0015312838278302666,5.69446446277338e-06,-6.861935962434231e-05,6.885523539116404e-05,0.9,10.095414135761217,-1.4879997780920107,1.9826091156636103,True
2005-10-17,2006-04-04,120,121,169.0,2006-04-16,12,56.333333333333314,33.800000000000004,True,0.008366753910513596,0.00847031109089044,5.845729015887598,-0.001610192037480773,0.00012892575196215395,3.7993586336966013e-06,0.00012898172213548045,0.9,7.873909988291468,0.029460827698918793,1.4269263804780303,True
2005-10-03,2006-04-04,130,131,183.0,2006-04-30,26,61.0,36.6,True,0.010388875245713072,0.014138663482099668,5.856123679811331,-0.001541863213864443,9.944068642127007e-05,7.583424773761937e-05,0.00012505711993270911,0.9,10.457935878057032,0.6515214205585818,1.0610453811893907,True
2005-09-19,2006-04-04,140,141,197.0,2006-04-29,25,65.66666666666663,39.400000000000006,False,0.010639112605738398,0.01595989110229902,5.8534665819083,-0.0015736903503852165,0.00015298533598897404,5.71531863434281e-05,0.00016331258291039883,0.8911897480370183,10.434822842091679,0.3575304610415873,0.8229713869288143,True
2005-09-05,2006-04-04,150,151,211.0,2006-04-27,23,70.33333333333331,42.2,False,0.010334221451193117,0.016126216083347293,5.85218905994395,-0.0016595661527995518,9.605672701529182e-05,-0.0001514376885656952,0.00017933284228777166,0.8806867977940346,10.192215439111996,-1.0055382422590824,0.7996273275665108,True
2005-08-22,2006-04-04,160,161,225.0,2006-05-03,29,75.0,45.0,False,0.010444118885239918,0.01756181870553304,5.8577822727445055,-0.0015148452663918486,-0.00010382457478252255,-0.0001071361900151063,0.0001491901656937366,0.9,11.07940301831875,-2.3404980015128456,0.8248105874343642,True
2005-08-08,2006-04-04,170,171,239.0,2006-04-14,10,79.66666666666663,47.800000000000004,False,0.010891456080473505,0.02028467245954304,5.840886235782249,-0.0018390624787840363,-0.00017477616570718609,8.771639480893598e-05,0.00019555273973427962,0.8581021749262077,8.59242123934683,2.6764433972546193,0.939195540383981,True
2005-07-25,2006-04-04,180,181,253.0,2006-04-11,7,84.33333333333331,50.6,False,0.010876254928407969,0.021411018749457073,5.83998485100141,-0.0022566807175953716,0.00018092862346293255,-0.00014849157395669228,0.00023406177459022958,0.8187330837822411,7.9455452834394364,-0.6872474689542559,0.9934780070733732,True
2005-07-11,2006-04-04,190,191,267.0,2006-04-10,6,89.0,53.400000000000006,True,0.01068896731716584,0.02182251826072094,5.840515914246527,-0.002518847797530059,-8.022741145114083e-05,-0.00023819580751216403,0.00025134374920519214,0.7981485813388585,7.706446910565473,-1.895675180543781,1.0379188322841375,True
2005-06-27,2006-04-04,200,201,281.0,2006-04-09,5,93.66666666666663,56.2,True,0.010545430189094256,0.02235242567248516,5.840933776007444,-0.0027081108043367627,-0.0002306020387567308,-0.0001195266007305822,0.0002597381538414578,0.7847280833543143,7.555602670899656,-2.6633934348614385,1.0828810759432559,True
2006-02-27,2006-04-10,30,31,42.0,2006-04-11,1,14.0,8.4,False,0.003934604621035132,0.0004799145192400013,5.823617682328317,-0.0007551772630947079,-2.0522339347207836e-05,0.0004725748292152525,0.00047302022749572456,0.9,6.645414827663445,1.6141957035961552,0.21621688507355855,True
2006-02-13,2006-04-10,40,41,56.0,2006-04-26,16,18.666666666666657,11.200000000000001,False,0.004232398406206948,0.0007344410470233877,5.839984910757147,-0.001165011564345526,-0.00021297303173130805,-7.312981458881975e-05,0.00022517877792238748,0.9,12.986893369673872,-2.810831147443837,0.35854198062638853,True
2006-01-30,2006-04-10,50,51,70.0,2006-04-26,16,23.33333333333333,14.0,False,0.004307585831318406,0.0009463200804029292,5.838018958893892,-0.0011837141628411986,-0.00020478630357631785,-2.5758771965214096e-05,0.00020639996236823232,0.8812460762051678,12.999274798620498,-3.0164661242289155,0.38879019315271035,True
2006-01-16,2006-04-10,60,61,84.0,2006-04-12,2,28.0,16.8,False,0.006443131953718681,0.002532350911754873,5.830961134766915,-0.0012440158303576316,-3.6899358236816554e-05,-0.00023246112392299507,0.00023537148674771758,0.9,7.49834603805963,-1.7282164184868931,0.6343794222701656,True
2006-01-02,2006-04-10,70,71,98.0,2006-04-13,3,32.66666666666666,19.6,False,0.006688443055785734,0.003176204206244677,5.831487776563836,-0.00124987213798036,8.550962487552464e-05,-0.00018754524313047282,0.00020611917467140486,0.9,7.642338197990261,-1.1430125984779158,0.714107260770005,True
2005-12-16,2006-04-10,80,81,115.0,2006-05-08,28,38.333333333333314,23.0,False,0.007041210768939353,0.0040158705765028285,5.86168929154582,-0.0015098407894746698,8.617047411563762e-05,1.0285143771255264e-05,8.678211101205802e-05,0.9,13.0,0.11879608681518616,1.2044814081187727,True
2005-12-02,2006-04-10,90,91,129.0,2006-05-11,31,43.0,25.8,False,0.0070056919940205365,0.004466254548672593,5.862770696375549,-0.0014765794790194667,4.57166968078032e-05,3.6896174805689286e-05,5.874814109662181e-05,0.9,13.0,0.6790317806390102,1.7400505148709187,True
2005-11-18,2006-04-10,100,101,143.0,2006-05-10,30,47.66666666666666,28.6,False,0.006819745377892652,0.004697401628948108,5.861562122887729,-0.0014737598239477235,5.57019927550168e-05,2.692467108201033e-05,6.186800392573197e-05,0.9,13.0,0.4502553020465943,1.649148506484595,True
2005-11-04,2006-04-10,110,111,157.0,2006-05-13,33,52.333333333333314,31.400000000000002,False,0.006660897284783968,0.004924798342867111,5.865713511014737,-0.0015026634163931361,4.017704424483153e-05,4.635470178492509e-05,6.134291533519163e-05,0.9,12.957023934932797,0.8566690483043384,1.7015101714874927,True
2005-10-21,2006-04-10,120,121,171.0,2006-04-19,9,57.0,34.2,True,0.008510857605496714,0.008764598358905992,5.846649553241043,-0.0015761080043338131,-8.62752988281115e-05,8.42746091187726e-05,0.00012060529395512392,0.9,8.323187091738555,2.3679247688420846,1.4130985656221575,True
2005-10-07,2006-04-10,130,131,185.0,2006-04-28,18,61.66666666666666,37.0,True,0.009030746004571438,0.010683622915279873,5.854500423108515,-0.0015642193638497146,-0.00010428595524034087,2.9828527591149886e-05,0.00010846797462221911,0.9,9.618903541877119,2.863004537509526,1.34931412520607,True
2005-09-23,2006-04-10,140,141,199.0,2006-05-07,27,66.33333333333331,39.800000000000004,False,0.010683775776376782,0.01609417214242524,5.8601718834108905,-0.0015071388068909806,8.0938247223569e-05,-0.00011597841844744815,0.0001414284038275019,0.9,11.286937103123604,-0.9614990718112117,0.8497340416375538,True
2005-09-09,2006-04-10,150,151,213.0,2006-04-27,17,71.0,42.6,False,0.010420245067927289,0.016395807598625113,5.848994251439198,-0.001468137602881266,6.844613920781417e-05,-0.00014794958608964367,0.0001630151956001414,0.9,10.163959051134004,-1.1374878343131136,0.797477200392298,True
2005-08-26,2006-04-10,160,161,227.0,2006-05-14,34,75.66666666666663,45.400000000000006,False,0.01040211992118391,0.017420859915605276,5.86740080556706,-0.001524822636745612,-5.665437472857868e-05,-0.0001281662841125804,0.0001401296348354369,0.9,12.21597508496569,-1.9870094022039337,0.8016849146543817,True
2005-08-12,2006-04-10,170,171,241.0,2006-04-21,11,80.33333333333331,48.2,False,0.010645035306980084,0.01937716881345179,5.843616541908298,-0.0014625123318786958,1.830740414534253e-05,0.0001544320409994478,0.00015551339599467317,0.9,9.513672018775797,1.4528003456462897,0.8896640991351662,True
2005-07-29,2006-04-10,180,181,255.0,2006-04-13,3,85.0,51.0,False,0.010918141726085863,0.021576253193912393,5.83697537256791,-0.0016931655041831158,0.00010907605292529912,0.00015063177970044074,0.00018597719854187707,0.8686140323599909,8.246333562384327,0.9440627122080231,0.9589713962616682,True
2005-07-15,2006-04-10,190,191,269.0,2006-04-12,2,89.66666666666663,53.800000000000004,False,0.010769520405752867,0.022152670826056133,5.837380363234234,-0.001917887499499981,0.0001768492338139771,-0.0001013338752279537,0.00020382395779030792,0.8447305718143142,7.953632959153776,-0.5203267957346116,0.9993567836165312,True
2005-07-01,2006-04-10,200,201,283.0,2006-04-11,1,94.33333333333331,56.6,True,0.010680952345981145,0.02293063134644115,5.8364938850022146,-0.00205439477363409,-0.0001033157813671687,-0.00018342770420393882,0.0002105228570702865,0.8309075342002318,7.65263672114638,-2.083755862966877,1.0595616860719437,True
2006-03-03,2006-04-18,30,31,46.0,2006-04-23,5,15.333333333333329,9.200000000000001,False,0.004671983215639158,0.0006766502421836343,5.822844762772075,-0.00052352385833558,0.0002811783383523857,-0.00024709465254622333,0.0003743220876137922,0.9,8.750645376634958,-0.7209683881689273,0.1438445623794365,True
2006-02-17,2006-04-18,40,41,60.0,2006-05-02,14,20.0,12.0,False,0.005614701619831577,0.001292519845469313,5.833777000055259,-0.0008816464338531447,2.960107030105594e-05,-0.0001797771826437489,0.00018219785608588235,0.9,12.986737901338733,-1.407606350317862,0.3353463831095624,True
2006-02-03,2006-04-18,50,51,74.0,2006-04-30,12,24.666666666666657,14.8,False,0.0054634396972029105,0.001522307839573604,5.834898769241105,-0.0009574210239136287,-7.499383291379228e-05,-0.00017871680048679674,0.0001938137501606615,0.9,13.0,-1.9681045336161174,0.34199324819991395,True
2006-01-20,2006-04-18,60,61,88.0,2006-04-24,6,29.33333333333333,17.6,False,0.007575206157190936,0.003500408647760552,5.835243436765311,-0.001139379981522117,-0.00011803557886646146,0.00017733101937577494,0.000213022741300529,0.9,9.559741672381591,2.1580759412434487,0.5035457889027555,True
2006-01-06,2006-04-18,70,71,102.0,2006-04-24,6,34.0,20.400000000000002,False,0.007261042427830488,0.003743314336851567,5.835391516894882,-0.0011434563950854326,-0.00014618627852626032,0.00016408244679043556,0.00021975776976956577,0.9,9.589333617956669,2.298578753010119,0.4883480411150398,True
2005-12-22,2006-04-18,80,81,117.0,2006-05-27,39,39.0,23.400000000000002,False,0.007842049000983885,0.004981316335240419,5.859865303317843,-0.0011959179080225089,6.337050899041821e-05,9.690034417275629e-05,0.00011578211481270887,0.9,6.0,0.991631034511377,1.5493557575240091,True
2005-12-08,2006-04-18,90,91,131.0,2006-05-31,43,43.66666666666666,26.200000000000003,False,0.007685207436608337,0.005374679614276707,5.867527321889087,-0.0012844457342879622,-5.9232911729621425e-06,9.431387967792165e-05,9.449969988429156e-05,0.9,6.0,1.6335179721839568,2.038809227744657,True
2005-11-24,2006-04-18,100,101,145.0,2006-05-05,17,48.333333333333314,29.0,True,0.007933056721393593,0.006356272283429654,5.851385523976478,-0.0013882384213859294,6.783416573810193e-05,-2.792649038500721e-05,7.335777332095204e-05,0.9,13.0,-0.39054118335496185,1.310138100399601,True
2005-11-10,2006-04-18,110,111,159.0,2006-05-07,19,53.0,31.8,True,0.00775448814173881,0.006674661583780829,5.854681795370268,-0.0014189642133054666,5.1931219464204664e-05,-5.020082191237987e-05,7.222862365930745e-05,0.9,12.796404525618216,-0.7684570351979317,1.381709208379756,True
2005-10-27,2006-04-18,120,121,173.0,2006-05-27,39,57.66666666666666,34.6,False,0.009123622115877321,0.010072098142112415,5.878738842376373,-0.001553051389728039,6.809552455851067e-05,1.0367197139594584e-05,6.888018032373281e-05,0.9,12.397076638243904,0.15108473417694063,1.6368722064917476,True
2005-10-13,2006-04-18,130,131,187.0,2006-04-23,5,62.333333333333314,37.4,True,0.009536758130936691,0.011914417989886308,5.846550116636622,-0.001530729165880605,6.038333536530967e-05,-0.00011277512417528794,0.00012792332008899343,0.9,8.857673827858092,-1.0792070308625652,1.2158260947160713,True
2005-09-29,2006-04-18,140,141,201.0,2006-04-25,7,67.0,40.2,False,0.011075908896820228,0.01729728186258327,5.845246471473766,-0.001450649663147821,-0.00012515270460513534,-8.385534959939097e-05,0.00015064832931837094,0.9,9.89697140227005,-2.551269155885202,0.8756658556787136,True
2005-09-15,2006-04-18,150,151,215.0,2006-04-25,7,71.66666666666663,43.0,False,0.01093283290520781,0.018048552135312392,5.8447120656385225,-0.001433631902929607,-8.379016996456186e-05,-0.00014195491915852709,0.00016483929038913666,0.9,9.988757166516518,-2.1040225444258915,0.7836244441285521,True
2005-09-01,2006-04-18,160,161,229.0,2006-04-26,8,76.33333333333331,45.800000000000004,False,0.010691748715735338,0.018404471986668947,5.845786773773062,-0.0014458614715316615,3.7137244154748496e-05,-0.00015339093293934166,0.00015782253708330446,0.9,10.138064134889909,-1.333258665196072,0.8132894516832251,True
2005-08-18,2006-04-18,170,171,243.0,2006-04-27,9,81.0,48.6,False,0.010872141888355568,0.02021279324013162,5.847106974984778,-0.0014604302792084667,0.00013757783708535234,-5.5636306736887376e-05,0.00014840168423708934,0.9,10.322267075585888,-0.3842926505033631,0.8580437189047758,True
2005-08-04,2006-04-18,180,181,257.0,2006-04-23,5,85.66666666666663,51.400000000000006,False,0.011190226008172406,0.022665029618630043,5.841984118624106,-0.0014172647261596187,8.895693908663306e-05,0.00012200315398662532,0.00015099041888261372,0.9,9.365360753666554,0.9407821854101648,0.9020271025681983,True
2005-07-21,2006-04-18,190,191,271.0,2006-04-20,2,90.33333333333331,54.2,False,0.01127247363020204,0.02427011439302767,5.8373426679283975,-0.0013850869934389043,-0.00015123052762341048,8.292355808753047e-06,0.00015145770251167182,0.9,8.578561883194443,3.0868149557558207,0.9594309129956811,True
2005-07-07,2006-04-18,200,201,285.0,2006-04-19,1,95.0,57.0,True,0.011170695525395387,0.025081672142738792,5.836817739461229,-0.0014294313697960131,-1.000155398098751e-05,0.0001522708794195287,0.00015259899017107308,0.8927332088879919,8.290170303148356,1.6363847584205196,1.0087182708802516,True
2006-03-09,2006-04-24,30,31,46.0,2006-04-26,2,15.333333333333329,9.200000000000001,False,0.004270918414932456,0.0005654630673172839,5.843929124970838,-0.011643271806023314,0.0021185249250741905,-0.0012321562597289058,0.0024507869973846626,0.28322115402838904,10.387031780222918,-0.5267880258589774,0.12953994135048255,True
2006-02-23,2006-04-24,40,41,60.0,2006-04-25,1,20.0,12.0,False,0.004734699156550549,0.0009191124202246597,5.826503884288262,-0.0006590612678142949,-0.0001672358270713124,0.00028254376818648107,0.0003283272800076805,0.9,9.400654160654847,2.105233861361744,0.19217781633256611,True
2006-02-09,2006-04-24,50,51,74.0,2006-05-01,7,24.666666666666657,14.8,False,0.005421871507100444,0.0014992312226148896,5.834876324503711,-0.0009529972228646256,-6.14224973194258e-05,-0.00018054290879351782,0.0001907051784629336,0.9,13.0,-1.8987230328356726,0.3459619258662575,True
2006-01-26,2006-04-24,60,61,88.0,2006-05-01,7,29.33333333333333,17.6,False,0.0055457044464555065,0.0018760451062536188,5.83571236668687,-0.0009778517153147075,-3.346479511901588e-05,-0.0001760027561578566,0.00017915597307240313,0.9,13.0,-1.7586913688713117,0.3778686542452341,True
2006-01-12,2006-04-24,70,71,102.0,2006-04-25,1,34.0,20.400000000000002,False,0.007349265845471215,0.0038348313011860916,5.834514024826337,-0.0011126262370530417,-0.00022310944494368317,2.0329274132399047e-05,0.00022403371132449825,0.9,9.743526154457856,3.05072562812479,0.4587354235579198,True
2005-12-29,2006-04-24,80,81,116.0,2006-06-01,38,38.66666666666666,23.200000000000003,False,0.007582240668095754,0.004656720257462936,5.860276369979016,-0.0011302474748203922,5.142906858979744e-05,0.00011579089242452794,0.0001266983814596015,0.9,6.0,1.1528139783685705,1.3381159196348276,True
2005-12-14,2006-04-24,90,91,131.0,2006-06-06,43,43.66666666666666,26.200000000000003,False,0.007552854869673346,0.005191151118093702,5.869033714111249,-0.0012387949048347528,-2.9335437025414097e-05,0.00010002963871501844,0.00010424248887535808,0.9,6.0,1.8560650819135807,1.782567144452926,True
2005-11-30,2006-04-24,100,101,145.0,2006-06-11,48,48.333333333333314,29.0,False,0.007479005340999181,0.005649487609960121,5.875088658452291,-0.0012889582972985146,-6.280240183797708e-05,6.69129250032768e-05,9.176862867621426e-05,0.9,6.0,2.324516289998863,2.106860997966405,True
2005-11-16,2006-04-24,110,111,159.0,2006-04-30,6,53.0,31.8,True,0.007923832549342352,0.00696937057197192,5.846388225116948,-0.0013727977373091857,6.304514514409657e-05,5.439164735856704e-05,8.326548882111314e-05,0.9,11.969575178692573,0.7118446671540044,1.2396677162565424,True
2005-11-02,2006-04-24,120,121,173.0,2006-06-20,57,57.66666666666666,34.6,False,0.007691485789597874,0.00715823339184191,5.890927308408389,-0.0014295906512717808,-5.896652205679626e-05,-2.641611533311887e-05,6.461317104714238e-05,0.9,6.0,-2.7204156950257183,3.3188062776598706,True
2005-10-19,2006-04-24,130,131,187.0,2006-05-08,14,62.333333333333314,37.4,True,0.00991387384149208,0.012875321185397741,5.860830184118131,-0.0015489035556714133,0.00010988166412697961,1.6667730553371454e-05,0.0001111386222386896,0.9,10.139876185019263,0.1505403992553704,1.2369986497029368,True
2005-10-05,2006-04-24,140,141,201.0,2006-05-12,18,67.0,40.2,True,0.010312362779470922,0.01499462047945383,5.861928586171256,-0.0015091030027095211,3.9149234941367495e-05,-0.00010084954646845249,0.00010818176195360726,0.9,11.128131092372161,-1.200508385596675,1.1281974377103434,True
2005-09-21,2006-04-24,150,151,215.0,2006-04-26,2,71.66666666666663,43.0,False,0.01105722207633009,0.018461586166837508,5.843875637097803,-0.0014226401449304357,-5.3372203336601425e-05,-0.00015022068166475194,0.00015942034151521025,0.9,10.016392077545785,-1.9121778033698347,0.8018304004051375,True
2005-09-07,2006-04-24,160,161,229.0,2006-04-26,2,76.33333333333331,45.800000000000004,False,0.010756625000010154,0.018628502003925795,5.843615507359084,-0.001417040774467148,-5.515603309710302e-05,-0.00015491425119462706,0.00016444030287676053,0.9,10.017091553866877,-1.9128439063824332,0.7742388242628337,True
2005-08-24,2006-04-24,170,171,243.0,2006-05-19,25,81.0,48.6,False,0.010833365446506878,0.020068868979484327,5.867442686813162,-0.0014863269113561171,0.00010897053062810193,7.213799137721009e-05,0.00013068460638234535,0.9,12.636640639219975,0.5847616823939938,0.8100293989174776,True
2005-08-10,2006-04-24,180,181,257.0,2006-04-25,1,85.66666666666663,51.400000000000006,False,0.011211706037160337,0.022752125759729257,5.8432216452660555,-0.0014176689169385442,-0.00014627739675448817,-1.8424146806575453e-05,0.00014743312377759685,0.9,9.798845546192242,-3.0162989608222732,0.8831761799916747,True
2005-07-27,2006-04-24,190,191,271.0,2006-07-23,90,90.33333333333331,54.2,False,0.011471499120657867,0.02513470078637356,5.958979354302146,-0.00607142669777862,5.698502716339725e-05,-0.0003581637125545338,0.0003626686343091443,0.6711685395901628,6.0,-1.4130155081172968,1.872669338931238,True
2005-07-13,2006-04-24,200,201,285.0,2006-07-27,94,95.0,57.0,False,0.011304368214259704,0.02568553688543659,5.916449607300412,-0.0014042782224394637,1.3532483822838854e-05,9.661877650481168e-05,9.756185777086322e-05,0.9,6.54105636600895,1.431640950589619,1.9804674875045762,True
2006-03-15,2006-04-28,30,31,44.0,2006-04-29,1,14.666666666666664,8.8,False,0.003775579846458496,0.00044190509848649037,5.864741757500845,-0.03485618677983207,-0.0033332187709361892,0.0007204119126497186,0.0034101819157940803,0.1,12.943464558782573,2.9287357139172148,0.07896811807236444,True
2006-03-01,2006-04-28,40,41,58.0,2006-05-07,9,19.33333333333333,11.600000000000001,False,0.005085646413867004,0.001060415777322011,5.835160544218706,-0.002126700591415925,-0.0005564614620655179,-0.0003910006283026333,0.0006800962065010713,0.6481150776200225,6.097226205751072,-2.529086791456469,0.33239602134151097,True
2006-02-15,2006-04-28,50,51,72.0,2006-05-07,9,24.0,14.4,False,0.005791223754726917,0.00171045190144298,5.840970299924448,-0.004762055658671644,-0.0010261996447820795,-0.00022370909545797689,0.0010503006571175191,0.49158410146203935,6.0,-2.9269530739239618,0.3714731326718239,True
2006-02-01,2006-04-28,60,61,86.0,2006-04-30,2,28.666666666666657,17.2,False,0.005496132527355938,0.0018426558382538586,5.832022126769589,-0.0008752196519010762,-9.510597042010677e-05,-0.00016639804485286044,0.0001916597374004378,0.9,13.0,-2.0900392651041,0.3161442803211269,True
2006-01-18,2006-04-28,70,71,100.0,2006-04-29,1,33.333333333333314,20.0,False,0.007884638080330434,0.004413893753703572,5.8356010514706975,-0.0010852514330609497,4.83323485382377e-05,0.00020418895957716854,0.0002098312348732387,0.9,10.645795786675183,1.3383701354535582,0.43724475632373855,True
2006-01-04,2006-04-28,80,81,114.0,2006-04-29,1,38.0,22.8,False,0.007589557306344628,0.004665711788609419,5.835958447315696,-0.0011032507412433701,0.00015652512957456863,0.00011263494980132915,0.0001928386582225759,0.9,10.470080621514793,0.6237573224766335,0.4917819792736969,True
2005-12-20,2006-04-28,90,91,129.0,2006-06-10,43,43.0,25.8,False,0.007436910158473847,0.005032994576174245,5.865599916952463,-0.0011448787009628342,-2.6894475952632697e-05,0.00011852320698453036,0.00012153626385019644,0.9,6.0,1.7939309987729641,1.4130087572553565,True
2005-12-06,2006-04-28,100,101,143.0,2006-06-14,47,47.66666666666666,28.6,False,0.007288301167805148,0.005365052725175618,5.872289604266124,-0.001212783774215463,-7.371412478513004e-05,8.095578523122749e-05,0.00010948795073085603,0.9,6.0,2.309408558392527,1.6615304690423,True
2005-11-22,2006-04-28,110,111,157.0,2006-06-19,52,52.333333333333314,31.400000000000002,False,0.007588356879182354,0.0063917307739675905,5.8801952926316865,-0.0012924373447621876,-9.002418208183801e-05,2.3010202538233375e-05,9.291836621655832e-05,0.9,6.0,2.891350161273004,2.0864077749978853,True
2005-11-08,2006-04-28,120,121,171.0,2006-05-12,14,57.0,34.2,True,0.00820979170091476,0.00815548225246147,5.854663435925529,-0.001375224046585792,5.2299055269981905e-05,5.538086170162408e-05,7.617237704671579e-05,0.9,13.0,0.8140104198631962,1.2498995344650408,True
2005-10-25,2006-04-28,130,131,185.0,2006-05-21,23,61.66666666666666,37.0,True,0.00991280094977565,0.012872534569753364,5.868437342753511,-0.0014956903741471996,-8.632650024400281e-05,3.933632187775563e-06,8.641607551009546e-05,0.9,11.822089434562521,3.0960572381687963,1.3176359278897778,True
2005-10-11,2006-04-28,140,141,199.0,2006-05-20,22,66.33333333333331,39.800000000000004,True,0.01029732485112539,0.014950920771634242,5.869163377582077,-0.0015193559956811122,-4.469002878166542e-05,8.994167170078357e-05,0.00010043257928002056,0.9,11.594599284956997,2.031943136341099,1.174280078998158,True
2005-09-27,2006-04-28,150,151,213.0,2006-05-26,28,71.0,42.6,False,0.01139492898422005,0.01960650538986814,5.8708021865334175,-0.0014648037590374338,-0.00010811548424166724,5.798601916392476e-05,0.00012268388790419565,0.9,12.922260918848705,2.6493020145939528,0.8315644581834774,True
2005-09-13,2006-04-28,160,161,227.0,2006-05-26,28,75.66666666666663,45.400000000000006,False,0.011136239110884787,0.019966547267102796,5.870104416816671,-0.00145538674628562,-0.0001070910979553898,7.252256956363356e-05,0.00012933687160822686,0.9,12.906035270602056,2.5463300897655547,0.784703745157115,True
2005-08-30,2006-04-28,170,171,241.0,2006-05-25,27,80.33333333333331,48.2,False,0.010990410698906883,0.020654940773540617,5.870435312104352,-0.0014652057002423559,-0.0001241711535691182,2.692013253423087e-05,0.000127055770881712,0.9,12.992487322446056,2.9280979952138453,0.7988300834488223,True
2005-08-16,2006-04-28,180,181,255.0,2006-05-22,24,85.0,51.0,False,0.011121570307380877,0.02238776802446489,5.866481740025178,-0.0014489367381203177,0.00010042287732651457,-7.696459788964866e-05,0.0001265239250847503,0.9,12.34890236364778,-0.6539179192927732,0.8346240989774585,True
2005-08-02,2006-04-28,190,191,269.0,2006-07-26,89,89.66666666666663,53.800000000000004,False,0.011485736376538899,0.02519712876126764,5.9348247976886634,-0.0031859272905142037,4.391017229712956e-05,-0.00022291169177703662,0.0002271953466998481,0.766558944835064,6.0,-1.376301856169458,1.7915574252233244,True
2005-07-19,2006-04-28,200,201,283.0,2006-07-31,94,94.33333333333331,56.6,False,0.011295704715493222,0.025646181948942783,5.915618298900818,-0.001373246750373469,9.954186763189079e-05,2.0816307996127082e-05,0.00010169514290385008,0.9,6.291252875346788,0.2061502982125344,1.9317625242523409,True
2006-03-21,2006-05-05,30,31,45.0,2006-05-06,1,15.0,9.0,False,0.00456093064281343,0.0006448647381851903,5.8782720928593335,-0.04388245305636159,-0.002530019376718838,-0.0016617822371987703,0.003026965188178108,0.10234544768684899,6.209853413010526,-2.560433870687771,0.23892998293842616,True
2006-03-07,2006-05-05,40,41,59.0,2006-05-13,8,19.666666666666657,11.8,False,0.004965753937454273,0.0010110071988610472,5.833759701231917,-0.0007238923893572104,3.792448748773079e-05,0.0002657351375717244,0.00026842769993327877,0.9,6.861558489729315,1.429038216009095,0.3537255416852877,True
2006-02-21,2006-05-05,50,51,73.0,2006-05-21,16,24.33333333333333,14.600000000000001,False,0.005189056092311409,0.0013732414595868613,5.837947547304271,-0.0012543739774321773,0.0003389314487499786,5.0462460572748945e-05,0.00034266745815559376,0.750648860089284,9.459533509833593,0.1478011865698055,0.2904833752251014,True
2006-02-07,2006-05-05,60,61,87.0,2006-06-02,28,29.0,17.400000000000002,False,0.006411086521343918,0.0025072238534336174,5.84815837343322,-0.0008522705756289705,9.279651700912458e-05,4.104511093573415e-05,0.00010146868827747539,0.9,6.0,0.4164431024405225,1.259901832915725,True
2006-01-24,2006-05-05,70,71,101.0,2006-06-07,33,33.66666666666666,20.200000000000003,False,0.007151359525350386,0.003631077957318198,5.856436080077699,-0.0009957491660730416,3.6265041686646545e-05,0.00012108292634102435,0.00012639710558331682,0.9,6.0,1.2797929659765068,1.1816914178663804,True
2006-01-10,2006-05-05,80,81,115.0,2006-06-12,38,38.333333333333314,23.0,False,0.007488450514640187,0.004542228179927405,5.861439387026279,-0.0010469019056581796,-1.0704149069129109e-05,0.00013714326476855417,0.0001375603644901826,0.9,6.0,1.6486892649763667,1.1415736388219169,True
2005-12-27,2006-05-05,90,91,129.0,2006-06-17,43,43.0,25.8,False,0.007415781459207484,0.005004437133216019,5.8660434816533344,-0.0010814913237480316,-5.4335222798656505e-05,0.00011518779144736424,0.0001273598984574859,0.9,6.0,2.011556824705125,1.2737423673147534,True
2005-12-12,2006-05-05,100,101,144.0,2006-06-22,48,48.0,28.8,False,0.007342255461677566,0.005444780241717939,5.873736956955966,-0.0011655666039456028,-9.886293000156904e-05,6.16128633131393e-05,0.00011649044533410768,0.9,6.0,2.5842779462046708,1.5008526243538174,True
2005-11-28,2006-05-05,110,111,158.0,2006-06-26,52,52.66666666666666,31.6,False,0.00754451720220807,0.006318091119399898,5.880641573456781,-0.0012294945689753844,-0.00010488157651279901,7.970902984943512e-06,0.00010518403104181497,0.9,6.0,3.065739391830982,1.7533477612489627,True
2005-11-14,2006-05-05,120,121,172.0,2006-07-01,57,57.333333333333314,34.4,False,0.007574362924146885,0.006941887818509605,5.887963403926114,-0.0012930384794357865,-8.713902574314044e-05,-3.886168736493653e-05,9.541195183159058e-05,0.9,6.0,-2.7220922941742556,2.032824695355932,True
2005-10-31,2006-05-05,130,131,186.0,2006-07-06,62,62.0,37.2,False,0.008098745698810764,0.008592248328114765,5.8967092329095,-0.0013699749832188645,-4.567924602938146e-05,-7.215400784559576e-05,8.539785925885411e-05,0.9,6.0,-2.1351847597077764,2.406339564788607,True
2005-10-17,2006-05-05,140,141,200.0,2006-05-31,26,66.66666666666663,40.0,True,0.010756490083955279,0.016313993128598183,5.877088541743934,-0.0015147947206651925,3.700668153965383e-05,8.85249503568486e-05,9.594874316143941e-05,0.9,12.479054087249471,1.174838376545096,1.1386108946372384,True
2005-10-03,2006-05-05,150,151,214.0,2006-05-31,26,71.33333333333331,42.800000000000004,False,0.011503251192269678,0.01998104298686052,5.874164429474324,-0.0014613500031016168,-9.856704651276091e-05,-4.172179719038696e-05,0.00010703350418931706,0.9,13.0,-2.741176857301285,0.9452216443475994,True
2005-09-19,2006-05-05,160,161,228.0,2006-05-18,13,76.0,45.6,False,0.011506725033679019,0.02131716008111196,5.860671093671035,-0.001417569744056179,-0.00011663799254637563,-7.025432669584592e-05,0.00013616200543740175,0.9,12.021361435529847,-2.5994631596362283,0.7794304181085728,True
2005-09-05,2006-05-05,170,171,242.0,2006-05-18,13,80.66666666666663,48.400000000000006,False,0.011200654374988718,0.021452746591180114,5.8607887077616905,-0.0014181024656225896,-0.00010579049887069863,-8.571135730110604e-05,0.00013615456812648318,0.9,12.047265080588563,-2.4606636693694486,0.778089291255756,True
2005-08-22,2006-05-05,180,181,256.0,2006-05-21,16,85.33333333333331,51.2,False,0.011279095123963075,0.023026455613588778,5.8643972338308,-0.001442066273580883,8.259121665866041e-05,9.415680610715993e-05,0.0001252470087685095,0.9,12.656469796029766,0.8507404759452916,0.8187433389252865,True
2005-08-08,2006-05-05,190,191,270.0,2006-08-03,90,90.0,54.0,False,0.011467642642828561,0.02511780410667143,5.927832364955728,-0.0023088595181336305,6.521194239958786e-05,-0.00016916327910342912,0.0001812975797647388,0.813895069233573,6.0,-1.2028546849394053,1.727518352056394,True
2005-07-25,2006-05-05,200,201,284.0,2006-08-07,94,94.66666666666663,56.800000000000004,False,0.01123755923341342,0.025382830242419517,5.915497299477164,-0.0013250861380441957,5.76564016166817e-05,-9.418941191034056e-05,0.00011043507578391885,0.9,6.0228602400089954,-1.021503588324344,1.7929855980440572,True
2006-03-27,2006-05-11,30,31,45.0,2006-05-25,14,15.0,9.0,False,0.0039494789230409945,0.00048354989666989665,5.998376989325225,-0.1194191887916984,0.0004071328575824199,-0.0038521003133399102,0.0038735557292695123,0.11113578873124594,12.253927283860783,-1.4654961191487452,0.2796037200710822,True
2006-03-13,2006-05-11,40,41,59.0,2006-05-21,10,19.666666666666657,11.8,False,0.004188723747694751,0.0007193616720145801,5.959304447967119,-0.09764488031125378,0.0007585663120673559,-0.0027516900744981154,0.0028543337429065498,0.1,9.036589538720241,-1.3018046576721178,0.3785647477415254,True
2006-02-27,2006-05-11,50,51,73.0,2006-05-26,15,24.33333333333333,14.600000000000001,False,0.005209761704251974,0.001384222467769612,5.848772986466133,-0.002794992247649462,0.00024880868870056424,-0.00045649468195799344,0.0005198972573776706,0.6278339512928931,10.450019861424538,-1.0717677541096313,0.3229912540337525,True
2006-02-13,2006-05-11,60,61,87.0,2006-05-16,5,29.0,17.400000000000002,False,0.005952705029046267,0.002161516526932796,5.841635685142609,-0.0020671874355626804,-0.0001994217635217626,0.0002837226405443987,0.00034679615990321444,0.6858853048799132,6.928780640574226,2.1834497177788292,0.590065554108421,True
2006-01-30,2006-05-11,70,71,101.0,2006-06-13,33,33.66666666666666,20.200000000000003,False,0.006048012168784699,0.002597070034757514,5.857245146974234,-0.0009319236569101573,1.8641364799432808e-05,9.384942802175323e-05,9.568289095546691e-05,0.9,6.0,1.3747178786345342,1.460956573747176,True
2006-01-16,2006-05-11,80,81,115.0,2006-06-18,38,38.333333333333314,23.0,False,0.007193681817453257,0.004191673705351366,5.867466191653318,-0.0011034458283062675,-7.968261352270082e-05,0.00012020688584600032,0.0001442186336871954,0.9,6.0,2.156172074455443,1.1476802269874486,True
2006-01-02,2006-05-11,90,91,129.0,2006-06-22,42,43.0,25.8,False,0.007276798915395962,0.004818614023414815,5.868157180114435,-0.0010556642150394192,-8.028977379880204e-05,9.11417396544257e-05,0.00012146301693889343,0.9,6.019779710639743,2.292976793285546,1.2994023461345228,True
2005-12-16,2006-05-11,100,101,146.0,2006-06-28,48,48.66666666666666,29.200000000000003,False,0.007141918708586092,0.005151707286845256,5.876031989145468,-0.0011343289823787378,-0.00010725323207547551,4.037398605051469e-05,0.00011460067425736623,0.9,6.0,2.7815635507223573,1.4847150634968793,True
2005-12-02,2006-05-11,110,111,160.0,2006-07-03,53,53.333333333333314,32.0,False,0.006920771992891306,0.005316576432512345,5.881454659310445,-0.001175153396114297,-0.0001096852806414708,-1.0361160554339752e-06,0.00010969017424490918,0.9,6.0,-3.132146671113151,1.6070081995090415,True
2005-11-18,2006-05-11,120,121,174.0,2006-07-08,58,58.0,34.800000000000004,False,0.007234068629541072,0.0063321416213661386,5.889441240309037,-0.001251004224516695,-8.619457897876949e-05,-5.180541290592251e-05,0.00010056493549781879,0.9,6.0,-2.600417123775981,1.8659648390225867,True
2005-11-04,2006-05-11,130,131,188.0,2006-07-12,62,62.66666666666666,37.6,False,0.007327021968426849,0.007032767871281065,5.896740476480019,-0.0013090848360379022,-5.05578661363282e-05,-7.901042024416303e-05,9.380162224299817e-05,0.9,6.0,-2.1400304748757493,2.093383042960569,True
2005-10-21,2006-05-11,140,141,202.0,2006-07-17,67,67.33333333333331,40.400000000000006,False,0.009819049671031336,0.013594336838347463,5.9107181018872605,-0.0014496168067406304,3.0574122748066766e-05,-8.939772669567408e-05,9.448137657849981e-05,0.9,6.0,-1.2412651531118293,2.3014326091071773,True
2005-10-07,2006-05-11,150,151,216.0,2006-07-22,72,72.0,43.2,False,0.009961192376406367,0.014983028387526224,5.914664811740785,-0.0014529516816392356,4.444831376781211e-05,-8.627482025635547e-05,9.70515183140806e-05,0.9,6.0,-1.095067130560215,2.2456398007146414,True
2005-09-23,2006-05-11,160,161,230.0,2006-05-19,8,76.66666666666663,46.0,False,0.011689040720891223,0.021998021348919164,5.859328209477377,-0.0014006402406969997,-9.732103673310791e-05,-9.397030300460139e-05,0.00013528415294329022,0.9,12.055896886406412,-2.37370908913387,0.7728988434873837,True
2005-09-09,2006-05-11,170,171,244.0,2006-07-31,81,81.33333333333331,48.800000000000004,False,0.011500491303212759,0.022616682336811564,5.954805148924478,-0.005636108615305767,0.00013527700838129452,-0.00040844148740731855,0.00043026075539386065,0.6752227776686669,6.0,-1.2509643790709304,1.4741560269986325,True
2005-08-26,2006-05-11,180,181,258.0,2006-05-28,17,86.0,51.6,False,0.011387069936403068,0.023469430474312755,5.869304336624637,-0.0014362715634900643,-0.00011791390161978866,1.136862328714129e-06,0.00011791938199954936,0.9,13.0,3.131951490942045,0.8432386896759412,True
2005-08-12,2006-05-11,190,191,272.0,2006-08-08,89,90.66666666666663,54.400000000000006,False,0.011431400836817828,0.024959292692571872,5.940455004702042,-0.003029513782615186,0.00011605390928230654,-0.00019011887655446923,0.00022274132324748218,0.7724500619102828,6.0,-1.022744350977093,1.7510207766425367,True
2005-07-29,2006-05-11,200,201,286.0,2006-08-14,95,95.33333333333331,57.2,False,0.011210785393902642,0.025262023538776303,5.96789053402947,-0.005555930028771275,0.00027462145009209387,-0.00024390731915205157,0.0003672978643915932,0.6816357506751729,6.014904230501513,-0.72623406827523,1.7142020412322698,True
2006-03-31,2006-05-17,30,31,47.0,2006-06-01,15,15.666666666666664,9.4,False,0.010413937944757052,0.003361953209034773,5.692674027099087,0.09076398798596394,0.0033444286362963736,0.009417433176815905,0.009993660517701815,0.1,6.0,1.2295572114602094,0.15136927359298308,True
2006-03-17,2006-05-17,40,41,61.0,2006-06-06,20,20.33333333333333,12.200000000000001,False,0.010137619751312091,0.004213624703109913,5.757445179974064,0.043083477668193856,-0.006353936414903108,0.004398220626848154,0.0077276679953957855,0.1,6.0,2.5361180441972624,0.09292039481566622,True
2006-03-03,2006-05-17,50,51,75.0,2006-06-06,20,25.0,15.0,False,0.011240610830820126,0.006443917924347487,5.893595707060072,-0.052764922239364014,0.003980293532383534,-0.005186217813033274,0.006537552432536035,0.1,13.0,-0.916204580455172,0.06208501138834114,True
2006-02-17,2006-05-17,60,61,89.0,2006-06-15,29,29.666666666666657,17.8,False,0.010688733330845055,0.0069691902332930005,5.9457906264983915,-0.08674800824843176,0.005387718519293817,-0.003338214093127097,0.006338074169232633,0.1,9.961923074946633,-0.5547045554159363,0.1373912298742754,True
2006-02-03,2006-05-17,70,71,103.0,2006-06-08,22,34.333333333333314,20.6,False,0.011163157804194163,0.008847742543455214,5.834989505369337,-0.000549582975535442,-3.75220269132297e-05,0.00016105373943699176,0.0001653668935740028,0.9,7.650118479979323,1.7996915347277256,0.39098405909273326,True
2006-01-20,2006-05-17,80,81,117.0,2006-06-01,15,39.0,23.400000000000002,False,0.01197616315099977,0.011617707189368543,5.838149801065136,-0.0007302306719000745,0.0001427882237569119,0.00015674709219414657,0.00021203331755876063,0.9,6.0,0.8319662170154055,0.5165914585789375,True
2006-01-06,2006-05-17,90,91,131.0,2006-06-01,15,43.66666666666666,26.200000000000003,False,0.011507669524368548,0.012050807667269337,5.838838126307469,-0.0007494578089899929,0.0001363333681450745,0.00017206623412653366,0.00021953035370141303,0.9,6.0,0.9007492831869408,0.5120871417234697,True
2005-12-22,2006-05-17,100,101,146.0,2006-06-03,17,48.66666666666666,29.200000000000003,False,0.011589092626649158,0.013565013858814442,5.843954879754331,-0.0008627110611150633,3.2875009821262265e-05,0.00019316518088990906,0.000195942729844665,0.9,6.0,1.402220366684491,0.6604310314031429,True
2005-12-08,2006-05-17,110,111,160.0,2006-07-09,53,53.333333333333314,32.0,False,0.01109164238188925,0.013655722910777124,5.869579677748472,-0.0009859686748166958,-0.00014861651914733074,-1.6162837792520158e-08,0.00014861652002622807,0.9,6.0,-3.1414838982655433,0.9951471155185413,True
2005-11-24,2006-05-17,120,121,174.0,2006-07-14,58,58.0,34.800000000000004,False,0.011116593155002456,0.014953015848235544,5.877378080035322,-0.0010671555681628063,-0.00012389290550306742,-6.286245639688839e-05,0.0001389285444328943,0.9,6.0,-2.672047744507339,1.152199037842364,True
2005-11-10,2006-05-17,130,131,188.0,2006-07-18,62,62.66666666666666,37.6,False,0.01104114391630435,0.015969798526451338,5.88508646017082,-0.0011387355120963348,-8.007520080013361e-05,-0.00010289572786393125,0.0001303823937340848,0.9,6.0,-2.2321130833211678,1.3100720267708714,True
2005-10-27,2006-05-17,140,141,202.0,2006-07-23,67,67.33333333333331,40.400000000000006,False,0.012510887534126075,0.022069645271708724,5.896999496257065,-0.0012587045785489432,-2.4584727669229906e-06,-0.00011795593798966418,0.0001179815553184785,0.9,6.0,-1.5916356072380295,1.6002983370805788,True
2005-10-13,2006-05-17,150,151,216.0,2006-07-28,72,72.0,43.2,False,0.01314140475589198,0.02607717436268523,5.907646815162645,-0.0013521641719774849,5.933188047697917e-05,-0.00010536346088706828,0.00012092034953238974,0.9,6.0,-1.057938834005366,1.677340717099847,True
2005-09-29,2006-05-17,160,161,230.0,2006-08-01,76,76.66666666666663,46.0,False,0.013595615450211266,0.029759362274673754,5.903771258954913,-0.0012670495237074176,4.471081573125243e-05,-0.00012556947397594152,0.00013329197214366912,0.9,6.0,-1.2287291986391495,1.4258730327079168,True
2005-09-15,2006-05-17,170,171,244.0,2006-08-06,81,81.33333333333331,48.800000000000004,False,0.013329145705562363,0.030380907416059078,5.902818663039634,-0.0012222170134714614,5.2495149405827965e-05,-0.00013547561660736985,0.000145290685889658,0.9,6.0,-1.2011226403367243,1.2618327933282134,True
2005-09-01,2006-05-17,180,181,258.0,2006-08-11,86,86.0,51.6,False,0.012944633238700943,0.03032899887289111,5.905261704790556,-0.001217221212308463,6.940362040996716e-05,-0.00012599850118656666,0.00014384882629786053,0.9,6.0,-1.0673169190588898,1.2692712658510237,True
2005-08-18,2006-05-17,190,191,272.0,2006-08-15,90,90.66666666666663,54.400000000000006,False,0.013058630860765207,0.03257081743192632,5.911170372898903,-0.0012478163413785842,8.226133428292993e-05,-9.755649437540182e-05,0.0001276095478905311,0.9,6.0,-0.8702531098890027,1.466758987088898,True
2005-08-04,2006-05-17,200,201,286.0,2006-08-20,95,95.33333333333331,57.2,False,0.012713397488879284,0.03248772561775866,5.9134156456214955,-0.0012410304449729773,9.35686534182552e-05,-8.580182371102207e-05,0.0001269529277119786,0.9,6.0,-0.7421247039576472,1.4663274813817626,True
2006-04-06,2006-05-23,30,31,47.0,2006-06-07,15,15.666666666666664,9.4,False,0.009845853763170109,0.003005165926097661,5.266568916905124,0.384769439923207,-0.005707329365668095,0.016978196769800016,0.01791180543781852,0.1,6.0,1.895085478384968,0.3580222005527286,True
2006-03-23,2006-05-23,40,41,61.0,2006-06-12,20,20.33333333333333,12.200000000000001,False,0.010953914779568178,0.004919518208919729,5.3766789175893495,0.3006633560453436,-0.016804289370932965,0.00034991086009406383,0.016807932022472674,0.1,6.0,3.1207729513425684,0.29813637557488565,True
2006-03-09,2006-05-23,50,51,75.0,2006-06-17,25,25.0,15.0,False,0.01421216267495972,0.01030126396287543,5.510022517697016,0.20466386677396048,-0.00558213578257374,-0.012341166030273264,0.013544911180286895,0.1,6.0,-1.9955765162196435,0.2518336518291163,True
2006-02-23,2006-05-23,60,61,89.0,2006-06-21,29,29.666666666666657,17.8,False,0.016875164907308515,0.017371042629580266,5.708819789179794,0.06673912733350644,-0.0015636456544302086,0.009061997978870572,0.009195911868959641,0.1,10.38151014986813,1.7416635853831086,0.06990772839569649,True
2006-02-09,2006-05-23,70,71,103.0,2006-06-26,34,34.333333333333314,20.6,False,0.016782500624360402,0.019997315231672665,5.810674950530652,-0.0016361387846217054,-0.009731105213869681,0.001520800028635369,0.009849225421854199,0.1,10.366200744289738,2.9865643290107666,0.0016025015103421935,True
2006-01-26,2006-05-23,80,81,117.0,2006-06-29,37,39.0,23.400000000000002,False,0.017324346047776773,0.024310770244632615,5.927571960314865,-0.07862404852578789,-0.00929041088151978,0.004598207720619066,0.010366062347363241,0.1,10.068596622474221,2.682000215454279,0.07533081119729039,True
2006-01-12,2006-05-23,90,91,131.0,2006-06-05,13,43.66666666666666,26.200000000000003,False,0.01810385318700355,0.029825204519708652,5.820483967324234,-0.0004022703493264723,0.0001643136539240807,0.00025290469330500437,0.00030159535931705066,0.9,6.0,0.9946279311994349,0.20007122303078323,True
2005-12-29,2006-05-23,100,101,145.0,2006-06-06,14,48.333333333333314,29.0,False,0.017657600256441742,0.031490875528445435,5.824344189595517,-0.0005031940865689409,7.002663661745778e-05,0.0002781081436410175,0.00028678889343105023,0.9,6.0,1.3241276257307535,0.26318701565577823,True
2005-12-14,2006-05-23,110,111,160.0,2006-07-15,53,53.333333333333314,32.0,False,0.016886923512982294,0.03165366861639789,5.8449172861003955,-0.0006408290691954714,-0.0002284362023956407,2.1888501326068743e-05,0.00022948247221790913,0.9,6.0,3.0460654135016174,0.4188745199155957,True
2005-11-30,2006-05-23,120,121,174.0,2006-07-20,58,58.0,34.800000000000004,False,0.016534853183848827,0.033081565747183725,5.8533061577796035,-0.0007473628370646172,-0.00020178877367595596,-7.508906541642577e-05,0.000215306936550494,0.9,6.0,-2.785351796853954,0.5206726144347966,True
2005-11-16,2006-05-23,130,131,188.0,2006-07-24,62,62.66666666666666,37.6,False,0.016630630609476168,0.03623170155541878,5.863407733355384,-0.0008669802787971718,-0.00013223833025459504,-0.00014646960270766777,0.00019733301929952165,0.9,6.0,-2.3051772002343465,0.6590232201443391,True
2005-11-02,2006-05-23,140,141,202.0,2006-07-29,67,67.33333333333331,40.400000000000006,False,0.016572900580750928,0.038727205745983075,5.8725333971086995,-0.0009612833073842878,-5.5781531109158335e-05,-0.00017430376560599928,0.0001830119720600626,0.9,6.0,-1.8805217851465357,0.7878855928634041,True
2005-10-19,2006-05-23,150,151,216.0,2006-08-03,72,72.0,43.2,False,0.018583832168838143,0.05214918153001105,5.88861363441295,-0.0011336453176234418,5.6080741653580446e-05,-0.00015554516073633455,0.0001653461418144003,0.9,6.0,-1.224759998762435,1.0284291836358204,True
2005-10-05,2006-05-23,160,161,230.0,2006-08-07,76,76.66666666666663,46.0,False,0.017798184531450906,0.05100083499110811,5.8911743469110025,-0.001131511665016806,8.255271616922687e-05,-0.0001502300311969656,0.00017141765725956642,0.9,6.0,-1.0683303558975947,0.9901357448580392,True
2005-09-21,2006-05-23,170,171,244.0,2006-08-12,81,81.33333333333331,48.800000000000004,False,0.01729651420033789,0.05115796799550585,5.889075466115991,-0.0010778839599895524,9.342769435600489e-05,-0.00015881311598721636,0.00018425618003814175,0.9,6.0,-1.0390338334655085,0.8774880384742805,True
2005-09-07,2006-05-23,180,181,258.0,2006-08-17,86,86.0,51.6,False,0.01652655545075412,0.049435993347099985,5.89021083747747,-0.001063527677797704,0.00011490951432673911,-0.0001476878961133047,0.00018712538882038787,0.9,6.0,-0.9095795717553659,0.8525254251991401,True
2005-08-24,2006-05-23,190,191,272.0,2006-08-21,90,90.66666666666663,54.400000000000006,False,0.01668862932051322,0.053195476582121266,5.897659816421503,-0.0011140115600851079,0.0001282974512871665,-0.00010243822697223243,0.00016417620519428955,0.9,6.0,-0.6737909499944059,1.0178194447545825,True
2005-08-10,2006-05-23,200,201,286.0,2006-08-26,95,95.33333333333331,57.2,False,0.01612210894304544,0.05224440175105658,5.9002808560369875,-0.0011146862799399076,0.00013925929308897556,-8.027213516588995e-05,0.00016073819208804144,0.9,6.0,-0.5229023743111956,1.040219127880969,True
2006-04-12,2006-05-29,30,31,47.0,2006-06-10,12,15.666666666666664,9.4,False,0.008782146010122944,0.0023909087448366687,5.194824628337005,0.4324131314254602,-0.011860607718032691,0.013627383536218021,0.018065979007079652,0.1,6.0,2.2869872248507805,0.39892028663010476,True
2006-03-29,2006-05-29,40,41,61.0,2006-06-14,16,20.33333333333333,12.200000000000001,False,0.00922366702635317,0.003488117369934423,5.2620588794417475,0.3779781611825417,-0.017419345644234155,-0.003599435799582008,0.01778734214964709,0.1,6.0,-2.937826090711615,0.35416398732927146,True
2006-03-15,2006-05-29,50,51,75.0,2006-06-22,24,25.0,15.0,False,0.010601928845054887,0.0057324456570159495,5.317968148106941,0.3316121425496372,-0.0004922206400508698,-0.01623967031418999,0.01624712814844752,0.1,6.0,-1.6010968182544278,0.3401751369224024,True
2006-03-01,2006-05-29,60,61,89.0,2006-06-27,29,29.666666666666657,17.8,False,0.014022676512739711,0.011994762851437458,5.466622852778523,0.22692723874082374,0.013969940167253378,-0.007256957716183718,0.015742384303882234,0.1,6.0,-0.4791016096832187,0.2402508141506675,True
2006-02-15,2006-05-29,70,71,103.0,2006-07-02,34,34.333333333333314,20.6,False,0.01430101719105612,0.014520855581620667,5.561100086443368,0.16186906285719155,0.014978215999987887,0.00420644075544268,0.015557670081710254,0.1,6.0,0.27378490127069516,0.17340756682185374,True
2006-02-01,2006-05-29,80,81,117.0,2006-07-07,39,39.0,23.400000000000002,False,0.015929644842901235,0.02055404037049856,5.701185394745054,0.06843059025206073,0.007513389339811709,0.013340369679097196,0.015310665646750049,0.1,6.0,1.0578699744883417,0.074491198740039,True
2006-01-18,2006-05-29,90,91,131.0,2006-06-14,16,43.66666666666666,26.200000000000003,False,0.020730595307371202,0.03910793994361808,5.810338830488693,-0.00020150472878134465,0.0003064757348358346,3.147674776460778e-05,0.000308087912279923,0.9,7.0428369635298775,0.10234665510041503,0.08358059482563635,True
2006-01-04,2006-05-29,100,101,145.0,2006-07-16,48,48.333333333333314,29.0,False,0.01759648724689996,0.0312732727064616,5.810886032107006,-0.00012554695695938544,-0.00026531069083141133,0.0002100798743272239,0.0003384129374991194,0.9,6.0,2.4718558354757394,0.05564811937474116,True
2005-12-20,2006-05-29,110,111,160.0,2006-07-21,53,53.333333333333314,32.0,False,0.017697144884074725,0.034763972012320475,5.822635427548193,-0.0003223595142165686,-0.00030600296428471885,3.217591919593239e-05,0.0003076899477187028,0.9,6.0,3.0368285794014334,0.15715146851885964,True
2005-12-06,2006-05-29,120,121,174.0,2006-07-26,58,58.0,34.800000000000004,False,0.017615009816794907,0.03754491707233949,5.833060637897786,-0.00047539319084826726,-0.00026457588188256135,-0.00010410645131353478,0.0002843212100407433,0.9,6.0,-2.766715862670443,0.25080428792850695,True
2005-11-22,2006-05-29,130,131,188.0,2006-07-30,62,62.66666666666666,37.6,False,0.01786082493077376,0.041790187804215194,5.843809862234134,-0.0006160954697764165,-0.0001754809061509223,-0.00019302888346069892,0.00026087103762900335,0.9,6.0,-2.3086116790804248,0.35425289563147716,True
2005-11-08,2006-05-29,140,141,202.0,2006-08-04,67,67.33333333333331,40.400000000000006,False,0.017975879340820428,0.04556164556867859,5.853994644638599,-0.0007348444869959904,-7.501975439922201e-05,-0.00022909876408987238,0.00024106888488070497,0.9,6.0,-1.8872479463182736,0.45724139431741756,True
2005-10-25,2006-05-29,150,151,216.0,2006-08-09,72,72.0,43.2,False,0.01974549339711158,0.05887256093380192,5.86883382966234,-0.0009001531277155303,4.533089963393556e-05,-0.00021064189127493945,0.0002154643748314448,0.9,6.0,-1.3588255418292101,0.6266602971510088,True
2005-10-11,2006-05-29,160,161,230.0,2006-08-13,76,76.66666666666663,46.0,False,0.019874799492085194,0.06359623243094496,5.878646343400387,-0.000991668257740551,0.00011664023217755951,-0.00017402642087209532,0.00020949973490194836,0.9,6.0,-0.9803209266251989,0.7100259039979303,True
2005-09-27,2006-05-29,170,171,244.0,2006-08-18,81,81.33333333333331,48.800000000000004,False,0.01898532548458885,0.06163568182223818,5.87659279859301,-0.0009431790485439994,0.00013464406756403285,-0.00017617757696775568,0.0002217376006824673,0.9,6.0,-0.9182361529656832,0.6380372875243545,True
2005-09-13,2006-05-29,180,181,258.0,2006-06-20,22,86.0,51.6,False,0.021429091063293406,0.08311627582760477,5.8497003142783175,-0.001020822828953748,-0.00010899465226710988,-0.00016195369943132782,0.00019521484314037463,0.9,6.0,-2.1631699420417942,0.7843841271483367,True
2005-08-30,2006-05-29,190,191,272.0,2006-08-27,90,90.66666666666663,54.400000000000006,False,0.017810056826191547,0.06058484171306487,5.8837540068393235,-0.0009731440290198701,0.0001749484468392964,-0.00010938889662081148,0.00020633198917133694,0.9,6.0,-0.5587888517881897,0.7074598802600915,True
2005-08-16,2006-05-29,200,201,286.0,2006-09-01,95,95.33333333333331,57.2,False,0.017703326312224515,0.06299496026593726,5.889724588805297,-0.001010087018295808,0.0001779342951365456,-6.475463512038017e-05,0.00018935093386438022,0.9,6.0,-0.34902539461291515,0.800170612588001,True
2006-04-20,2006-06-02,30,31,43.0,2006-06-16,14,14.333333333333329,8.6,False,0.009982427132583387,0.0030891143951774468,5.111260867950744,0.48257468620970656,0.016351866170280602,-0.002165975385027774,0.01649469540850371,0.1,6.758154229515836,-0.13169378797052028,0.4329045375897421,True
2006-04-04,2006-06-02,40,41,59.0,2006-06-14,12,19.666666666666657,11.8,False,0.00911734814808561,0.0034081675273894044,5.198894537974748,0.42210219758289336,-0.01641594325952344,-0.005204850075439138,0.017221314044163178,0.1,6.065449622435244,-2.8345582744681628,0.4040995127006606,True
2006-03-21,2006-06-02,50,51,73.0,2006-06-20,18,24.33333333333333,14.600000000000001,False,0.009780650848015241,0.004878717681549844,5.247551734469001,0.3805368884918809,-0.006078867453456829,-0.015450829797343246,0.016603637280522804,0.1,6.0,-1.9456287726451216,0.38198145187769245,True
2006-03-07,2006-06-02,60,61,87.0,2006-07-01,29,29.0,17.400000000000002,False,0.012626586765952087,0.009725272294845098,5.356938313867468,0.29795044214682465,0.01521471384143818,-0.005031709276979858,0.01602515570984868,0.1,6.0,-0.31939073632498816,0.30987784408205094,True
2006-02-21,2006-06-02,70,71,101.0,2006-07-05,33,33.66666666666666,20.200000000000003,False,0.012613830205486891,0.011296718584152595,5.4396095704554295,0.24008698773540016,0.015469921731617958,0.006007677832259084,0.016595501538627953,0.1,6.0,0.37041938457545065,0.24111653307230063,True
2006-02-07,2006-06-02,80,81,115.0,2006-07-10,38,38.333333333333314,23.0,False,0.014579334597013886,0.017217116780626568,5.567368395735711,0.15392101264899502,0.007659606537953632,0.015032131215294536,0.016871115588190794,0.1,6.0,1.0995387793998437,0.1520557545472714,True
2006-01-24,2006-06-02,90,91,129.0,2006-07-15,43,43.0,25.8,False,0.01664120159518776,0.025200592738382852,5.70524300503764,0.06296270507760295,-0.003589797847127017,0.01686586613095282,0.017243668082239906,0.1,6.0,1.7805108021362712,0.06085586969983812,True
2006-01-10,2006-06-02,100,101,143.0,2006-07-19,47,47.66666666666666,28.6,False,0.017525801814030656,0.03102252665169271,5.835326998321296,-0.021352041219740395,-0.012964380852696387,0.012492363512596156,0.01800373064185877,0.1,6.0,2.3747343023049794,0.019766311812894292,True
2005-12-27,2006-06-02,110,111,157.0,2006-07-24,52,52.333333333333314,31.400000000000002,False,0.017669598180217586,0.0346558316833887,5.944729900258774,-0.09117507189209928,-0.017715151385359736,0.004782345742609554,0.01834931659239844,0.1,6.0,2.877920023397437,0.08281423037654194,True
2005-12-12,2006-06-02,120,121,172.0,2006-07-29,57,57.333333333333314,34.4,False,0.01808816789714834,0.039588999962926766,5.8159272008031975,-0.0002554977548110029,-0.00031541496036346245,-0.00011480473607525302,0.00033565864303841946,0.9,6.0,-2.7925181832114405,0.11417749554944066,True
2005-11-28,2006-06-02,130,131,186.0,2006-08-03,62,62.0,37.2,False,0.01837600700373693,0.04423576997558193,5.826615702173722,-0.00040699975514958215,-0.00021806598385841993,-0.00022105438880274135,0.0003105121835372876,0.9,6.0,-2.3493891607275366,0.19661052451137134,True
2005-11-14,2006-06-02,140,141,200.0,2006-08-07,66,66.66666666666663,40.0,False,0.01863510492300211,0.048964666104272934,5.837204305337171,-0.0005415718477981698,-0.00010167746933703965,-0.00026938106889186353,0.000287931359959466,0.9,6.0,-1.9317118614080917,0.28213591316055875,True
2005-10-31,2006-06-02,150,151,214.0,2006-08-12,71,71.33333333333331,42.800000000000004,False,0.019302696602232917,0.05626170851379599,5.848713375036348,-0.0006747682309608854,1.5351103462416717e-05,-0.0002644227515893638,0.0002648679820884439,0.9,6.0,-1.5128062646480183,0.382134653822882,True
2005-10-17,2006-06-02,160,161,228.0,2006-08-17,76,76.0,45.6,False,0.021332248800360245,0.07326543905975585,5.864279700666479,-0.0008449621016183167,0.0001297737067811805,-0.00020636424997103652,0.00024377739566628457,0.9,6.0,-1.0094278852303824,0.51991824301976,True
2005-10-03,2006-06-02,170,171,242.0,2006-08-21,80,80.66666666666663,48.400000000000006,False,0.02028778199515461,0.07038259080637924,5.865934626035586,-0.0008418965002616672,0.00016419889386036542,-0.00018726402611450805,0.0002490564036951925,0.9,6.0,-0.8509302695819787,0.5070517086314442,True
2005-09-19,2006-06-02,180,181,256.0,2006-08-26,85,85.33333333333331,51.2,False,0.019202818019686888,0.06674342780139528,5.866962039749404,-0.0008327307621162597,0.0001906344086192935,-0.00016338322708027891,0.00025106882849289307,0.9,6.0,-0.7085727619529779,0.4975114396607572,True
2005-09-05,2006-06-02,190,191,270.0,2006-08-31,90,90.0,54.0,False,0.018406721797630216,0.06471221480105285,5.870428435163526,-0.0008499058505382332,0.00020998394518887648,-0.00012245542934908186,0.00024308144605081044,0.9,6.0,-0.5279493478302822,0.5244574592257736,True
2005-08-22,2006-06-02,200,201,284.0,2006-09-04,94,94.66666666666663,56.800000000000004,False,0.018759428679583485,0.07073514904126024,5.87845131884818,-0.0009107591236432735,0.00020957546923821207,-6.125571104678476e-05,0.00021834408497200917,0.9,6.0,-0.28436362875795157,0.6256815638674359,True
2006-04-26,2006-06-08,30,31,43.0,2006-06-22,14,14.333333333333329,8.6,False,0.009783215318976121,0.0029670503613009203,5.7086670621222995,0.0037063708373550335,-0.0005048047407451665,-0.001123045484211011,0.001231283470970653,0.8445032993987333,7.696288853784341,-1.9932312602415783,0.33030170248878293,True
2006-04-10,2006-06-08,40,41,59.0,2006-06-27,19,19.666666666666657,11.8,False,0.00956865652595504,0.0037539266961797812,5.279266189872312,0.28775011874846734,0.010249869026260027,0.008696179890795998,0.013441851053652148,0.15437894018581963,8.12742315643435,0.7035752838134532,0.406622696397258,True
2006-03-27,2006-06-08,50,51,73.0,2006-06-19,11,24.33333333333333,14.600000000000001,False,0.009576351116194827,0.004677031535732941,5.232114349256219,0.3927131684081887,-0.00967262655312743,-0.013521688752767606,0.016625154771098757,0.1,6.0,-2.191744635446014,0.39369374683043856,True
2006-03-13,2006-06-08,60,61,87.0,2006-06-21,13,29.0,17.400000000000002,False,0.011493790826732818,0.008058540881689938,5.276509750816852,0.3585260340006618,-0.0015950115745954428,-0.01607198736197095,0.01615093928186368,0.1,6.0,-1.6697141449250028,0.36997438945987515,True
2006-02-27,2006-06-08,70,71,101.0,2006-07-11,33,33.66666666666666,20.200000000000003,False,0.013762985421344713,0.013448803507278444,5.30267953781971,0.3256754242397286,0.012710946550258798,0.010536787631163794,0.016510362073188532,0.1,6.0,0.6921480690760722,0.3287586131223198,True
2006-02-13,2006-06-08,80,81,115.0,2006-07-16,38,38.333333333333314,23.0,False,0.013982918222134622,0.01583728216255926,5.390523156727348,0.2654801597268697,0.0049197104104344025,0.016824784700111818,0.017529316322311413,0.1,6.0,1.2863186610405792,0.2524153964378758,True
2006-01-30,2006-06-08,90,91,129.0,2006-07-21,43,43.0,25.8,False,0.015189593243921329,0.020995860605336026,5.513537311369275,0.18363738503190496,-0.005958096183189335,0.017627486085883083,0.01860718076002211,0.1,6.0,1.896741284502233,0.16448612626158238,True
2006-01-16,2006-06-08,100,101,143.0,2006-07-25,47,47.66666666666666,28.6,False,0.017931209637373022,0.032474356185001337,5.674899778700984,0.0785954753095811,-0.01610588254771341,0.011536509487555493,0.019811373092171004,0.1,6.0,2.5200161602245643,0.06611982836316734,True
2006-01-02,2006-06-08,110,111,157.0,2006-07-30,52,52.333333333333314,31.400000000000002,False,0.017418701910996683,0.0336786405653217,5.77085078647422,0.016910328697512366,-0.020201836349314894,0.0034904055388285285,0.020501149302172925,0.1,6.0,2.970505085062352,0.013747463982194104,True
2005-12-16,2006-06-08,120,121,174.0,2006-08-05,58,58.0,34.800000000000004,False,0.01808816815660079,0.03958900109863749,5.902123267236972,-0.06625076374579075,-0.019613336760152547,-0.007440798512110561,0.02097733208406107,0.1,6.0,-2.778992390352668,0.052636788669716175,True
2005-12-02,2006-06-08,130,131,188.0,2006-08-09,62,62.66666666666666,37.6,False,0.01844103430764907,0.04454939877000161,5.818552101889157,-0.0016138169118365552,-0.0013680552982653122,-0.0014904126616171757,0.002023092978837252,0.5671351079895857,6.0,-2.3134153805998166,0.0754004090225481,True
2005-11-18,2006-06-08,140,141,202.0,2006-08-14,67,67.33333333333331,40.400000000000006,False,0.019245807486271867,0.052226555917607984,5.816111408698911,-0.0002966870100737915,-0.00010080426661470135,-0.00032866990354683573,0.00034378104320223084,0.9,6.0,-1.8683918764164253,0.12945173211569316,True
2005-11-04,2006-06-08,150,151,216.0,2006-08-19,72,72.0,43.2,False,0.019733441276615464,0.058800714397262276,5.8274236567413205,-0.0004357001046580421,2.8304227205086632e-05,-0.0003189922433427352,0.00032024550050001945,0.9,6.0,-1.482297949070113,0.20407785775807444,True
2005-10-21,2006-06-08,160,161,230.0,2006-08-23,76,76.66666666666663,46.0,False,0.022277506645125428,0.07990225567410082,5.844161100402735,-0.0006269964248632148,0.00015612287226587525,-0.0002458192966670223,0.000291206933053484,0.9,6.0,-1.0049582324169477,0.32296437019309837,True
2005-10-07,2006-06-08,170,171,244.0,2006-08-28,81,81.33333333333331,48.800000000000004,False,0.021945308659134147,0.08235301383673826,5.852562797946589,-0.0007075659476960095,0.0002162148556833743,-0.00018423318193105102,0.0002840611362763694,0.9,6.0,-0.7057025905219568,0.37363397733909093,True
2005-09-23,2006-06-08,180,181,258.0,2006-09-02,86,86.0,51.6,False,0.020676303423636782,0.07737922371119924,5.852173805566788,-0.0006872426187760807,0.0002411676936232476,-0.0001587921589852802,0.0002887504219958183,0.9,6.0,-0.5822789292192063,0.35700863085805296,True
2005-09-09,2006-06-08,190,191,272.0,2006-09-06,90,90.66666666666663,54.400000000000006,False,0.019729033920585917,0.07434384287296927,5.855519671367723,-0.0007074229148983688,0.0002590370592671395,-0.00010954412089969415,0.00028124742220588325,0.9,6.0,-0.4000819017880146,0.3772956793789792,True
2005-08-26,2006-06-08,200,201,286.0,2006-09-11,95,95.33333333333331,57.2,False,0.020022515017480345,0.08058112263267042,5.863392068532257,-0.0007704474481077004,0.00025398488995695157,-4.172634550144232e-05,0.0002573896117471537,0.9,6.0,-0.16283216758092173,0.44899682015792564,True
2006-05-03,2006-06-14,30,31,42.0,2006-06-17,3,14.0,8.4,False,0.010578139685237697,0.0034688082152124202,5.70119032190429,0.010599214506611235,0.00099116948076518,-0.003171754308416979,0.0033230170527040613,0.6047992652493004,6.454964672328111,-1.2679125328478282,0.2988536034069453,True
2006-04-18,2006-06-14,40,41,57.0,2006-07-03,19,19.0,11.4,False,0.010061900791783962,0.004150915749291811,5.64656000183513,0.009561046646894243,-0.0008878339710446813,0.0010716148356225894,0.0013916204640876035,0.7014830566383681,9.895077749113122,2.2626759526415494,0.48706015796615676,True
2006-03-31,2006-06-14,50,51,75.0,2006-06-16,2,25.0,15.0,False,0.009699244997932439,0.0047978430300257904,5.690271997116817,0.014976046120190708,-0.0029885538568731555,-0.0011371660560175554,0.0031975929688423345,0.5508112304376617,6.0,-2.7780025762844014,0.42995749568150404,True
2006-03-17,2006-06-14,60,61,89.0,2006-06-20,6,29.666666666666657,17.8,False,0.010681166803881977,0.006959326781833371,5.389388952285966,0.2495855995535806,-0.0038025084373161447,-0.013294841973258573,0.01382793887424219,0.13262123132945522,6.0,-1.8493728847332842,0.39895496882466724,True
2006-03-03,2006-06-14,70,71,103.0,2006-07-18,34,34.333333333333314,20.6,False,0.015390246355879614,0.016817037485521266,5.652042178122592,0.015133647727601904,0.0016390253772819987,0.0022494494541489382,0.002783240383823387,0.5206552718717246,6.0,0.941110263931559,0.47183692299940605,True
2006-02-17,2006-06-14,80,81,117.0,2006-07-23,39,39.0,23.400000000000002,False,0.014676058107735571,0.01744632120811211,5.499117170912054,0.11771625780657911,0.0009556313140745114,0.010998142311281274,0.011039581763256938,0.21027116698752019,6.0,1.4841237647702852,0.3736907102884462,True
2006-02-03,2006-06-14,90,91,131.0,2006-07-27,43,43.66666666666666,26.200000000000003,False,0.015908143662486218,0.02302928216555334,5.318306527767391,0.30479339497888963,-0.009548346366782251,0.01710987196807416,0.019593841815834224,0.1,6.0,2.079807069735015,0.2592595144975425,True
2006-01-20,2006-06-14,100,101,145.0,2006-08-01,48,48.333333333333314,29.0,False,0.01821244861269617,0.03350102173147996,5.468197645189147,0.20671174907046094,-0.018774384143150986,0.009980713865581331,0.021262458682410335,0.1,6.0,2.65297534531213,0.1620318642025676,True
2006-01-06,2006-06-14,110,111,159.0,2006-08-06,53,53.0,31.8,False,0.01799798415085677,0.03595594511788855,5.576876138724441,0.13637366299740974,-0.02249462809239962,0.0008396558524286293,0.022510293533534644,0.1,6.0,3.1042830252570215,0.1009713347320027,True
2005-12-22,2006-06-14,120,121,174.0,2006-08-11,58,58.0,34.800000000000004,False,0.01861101374692446,0.04191074975527355,5.702349620375575,0.05636015387960126,-0.021173834033036163,-0.009676965059866018,0.02328035438794754,0.1,6.0,-2.7129123668571324,0.0403488659296208,True
2005-12-08,2006-06-14,130,131,188.0,2006-08-15,62,62.66666666666666,37.6,False,0.019478754653772058,0.0497042666549019,5.833475008570553,-0.026132018693258527,-0.015582096799404395,-0.01799236578819982,0.02380182697446547,0.1,6.0,-2.284528675815483,0.01829832833231169,True
2005-11-24,2006-06-14,140,141,202.0,2006-08-20,67,67.33333333333331,40.400000000000006,False,0.020398887839645146,0.058672162138313576,5.827135759447283,-0.007752311622588579,-0.002228171597518522,-0.0073708004534247,0.0077002238923419624,0.3252326367559789,6.0,-1.8643592172875332,0.054572109097502916,True
2005-11-10,2006-06-14,150,151,216.0,2006-08-25,72,72.0,43.2,False,0.021082664143411724,0.06711628783496866,5.806578430642365,-0.00034185049661802057,7.202585498238182e-05,-0.00059306389541319,0.0005974215495181022,0.8127485485520373,6.0,-1.4499411468793504,0.07751045448901814,True
2005-10-27,2006-06-14,160,161,230.0,2006-08-29,76,76.66666666666663,46.0,False,0.02309603906748987,0.08588175031772995,5.818454862324375,-0.00036351256435662786,0.00017868774314369303,-0.00029790843493502836,0.00034738846433815914,0.9,6.0,-1.030518309699726,0.1569622778274409,True
2005-10-13,2006-06-14,170,171,244.0,2006-09-03,81,81.33333333333331,48.800000000000004,False,0.02429540706496057,0.10093562356131526,5.832744695868805,-0.0005190536346014797,0.00026270238739668067,-0.00019719102756516759,0.0003284765527341676,0.9,6.0,-0.6439011057383804,0.2370277103255878,True
2005-09-29,2006-06-14,180,181,258.0,2006-09-08,86,86.0,51.6,False,0.0228631610200049,0.09461306786062754,5.834143173122056,-0.0005237145003964907,0.00029249152423951343,-0.00015295444999491675,0.0003300702281715232,0.9,6.0,-0.4818278715566096,0.23800139592914404,True
2005-09-15,2006-06-14,190,191,272.0,2006-09-12,90,90.66666666666663,54.400000000000006,False,0.021741237952885854,0.09028215269528482,5.837309258868866,-0.000546619495713262,0.0003086859748412274,-9.55539455147984e-05,0.0003231371033588126,0.9,6.0,-0.30019566849927354,0.2537403582093266,True
2005-09-01,2006-06-14,200,201,286.0,2006-09-17,95,95.33333333333331,57.2,False,0.02125486089480912,0.09080559144319486,5.842964100563409,-0.0005924954282002057,0.00030530004050704053,-2.890045641118532e-05,0.0003066648840581122,0.9,6.0,-0.09438122590918607,0.28980923102101713,True
2006-05-09,2006-06-20,30,31,42.0,2006-07-04,14,14.0,8.4,False,0.010601918780398215,0.0034844211366109714,5.6796513151185595,0.003399104138566209,0.0004368064009425441,0.000792019295012301,0.0009044857077788244,0.9,9.48658311697195,1.0667947014275134,0.3565294874548358,True
2006-04-24,2006-06-20,40,41,57.0,2006-07-09,19,19.0,11.4,False,0.010202418675162318,0.004267663219755333,5.6710258947113115,0.0032701600092138244,-0.0005174919824934821,0.0004065056843564666,0.0006580614130604784,0.9,11.21818313902338,2.475737121846765,0.3986782665820818,True
2006-04-06,2006-06-20,50,51,75.0,2006-07-04,14,25.0,15.0,False,0.010473757729915828,0.00559467965023355,5.66807255840919,0.0064095203164176735,-6.253233626897221e-05,0.0012314239349879884,0.0012330106247476367,0.7511830361200178,9.592901711674232,1.621533256311169,0.40705630552405847,True
2006-03-23,2006-06-20,60,61,89.0,2006-06-22,2,29.666666666666657,17.8,False,0.011619533015635845,0.008235826397588537,5.7063044836098955,0.0056039238458674215,0.00014810774974270745,-0.0014840924231048524,0.0014914644567843647,0.7373738741481789,6.098090840885929,-1.4713288164215832,0.4543318395482387,True
2006-03-09,2006-06-20,70,71,103.0,2006-07-24,34,34.333333333333314,20.6,False,0.013815582025404859,0.013551791775748978,5.6756153913869225,0.003791456338441096,0.00031916336770473636,0.0007863318687249619,0.0008486360015089624,0.7839444627785462,6.0,1.1852236535100624,0.5837389247966694,True
2006-02-23,2006-06-20,80,81,117.0,2006-07-29,39,39.0,23.400000000000002,False,0.0136424584792344,0.0150754505419684,5.630935971788504,0.019489980181339153,-0.0006660259992282442,0.003399818539645564,0.0034644417637139865,0.4754018616316416,6.0,1.7642469269089638,0.4457463132261102,True
2006-02-09,2006-06-20,90,91,131.0,2006-08-02,43,43.66666666666666,26.200000000000003,False,0.013892754864772967,0.01756378603367324,5.192836637316381,0.381897764008133,-0.013102270400727908,0.014466955253149213,0.019518255146155156,0.1,6.0,2.306734563909458,0.326103060227835,True
2006-01-26,2006-06-20,100,101,145.0,2006-08-07,48,48.333333333333314,29.0,False,0.014732390320699682,0.021921375780706014,5.308867781558782,0.3052686035089133,-0.020200286596571387,0.007154990038764492,0.021430013090020284,0.1,6.0,2.8011789625869907,0.2374151633556969,True
2006-01-12,2006-06-20,110,111,159.0,2006-08-12,53,53.0,31.8,False,0.0167474682153608,0.031133023770321747,5.456261383878221,0.20992857079655558,-0.023196078894615772,-0.003584790138692326,0.023471446406723745,0.1,6.0,-2.9882627248766163,0.14906663409859738,True
2005-12-29,2006-06-20,120,121,173.0,2006-08-16,57,57.66666666666666,34.6,False,0.016750040328803433,0.033948225973001504,5.559621903204535,0.14367327426933688,-0.02087237696651767,-0.01281054758551566,0.02449012555445926,0.1,6.0,-2.591119765843957,0.09777632890573747,True
2005-12-14,2006-06-20,130,131,188.0,2006-08-21,62,62.66666666666666,37.6,False,0.017857846580966303,0.041776251670722214,5.693202128996301,0.05930220950242331,-0.014065633140551564,-0.021080786740177174,0.025342486169068184,0.1,6.0,-2.159185540143266,0.03900052077684781,True
2005-11-30,2006-06-20,140,141,202.0,2006-08-26,67,67.33333333333331,40.400000000000006,False,0.018546543773538624,0.04850037431807358,5.813157681927705,-0.015586711489044103,-0.005548446735598027,-0.025333611523321697,0.025934092118143376,0.1,6.0,-1.7864071296729946,0.010016873682486145,True
2005-11-16,2006-06-20,150,151,216.0,2006-08-31,72,72.0,43.2,False,0.019876231196930688,0.05965474955566994,5.945898333122285,-0.09757389673432242,0.004066687514081365,-0.02608026200350545,0.026395416524629338,0.1,6.0,-1.416112263533502,0.06161037885957527,True
2005-11-02,2006-06-20,160,161,230.0,2006-09-04,76,76.66666666666663,46.0,False,0.02089857035520444,0.07031678910552021,5.861486501792748,-0.016921005772072784,0.004516109920504322,-0.007999600333154664,0.00918634063728783,0.30424347972455146,6.0,-1.0568570698849502,0.09340145838627367,True
2005-10-19,2006-06-20,170,171,244.0,2006-09-09,81,81.33333333333331,48.800000000000004,False,0.02417319265602327,0.09992269458467218,5.814348057054567,-0.0003398993579601631,0.000302984364130183,-0.0002055373342802536,0.00036612172933384333,0.9,6.0,-0.5960653460611889,0.13925669964137677,True
2005-10-05,2006-06-20,180,181,258.0,2006-09-14,86,86.0,51.6,False,0.02328389940425086,0.09812733483557651,5.820863495956073,-0.000404700451856332,0.00033646528783683513,-0.00012570219285538812,0.00035917952503974594,0.9,6.0,-0.35753947788269796,0.16901037934089455,True
2005-09-21,2006-06-20,190,191,272.0,2006-09-18,90,90.66666666666663,54.400000000000006,False,0.022015293663742812,0.09257257262425939,5.822689579945266,-0.00041697402975315813,0.00034831113839249665,-6.87720915323508e-05,0.0003550355611794556,0.9,6.0,-0.19493707039596755,0.17616856253832916,True
2005-09-07,2006-06-20,200,201,286.0,2006-09-23,95,95.33333333333331,57.2,False,0.02113378196099212,0.08977398473492595,5.8363173126736445,-0.0009360952180494319,0.0006131308343077455,-3.2964376566757694e-06,0.0006131396957302116,0.7950979904755113,6.0,-0.005376349892772433,0.20231589199761904,True
2006-05-15,2006-06-26,30,31,42.0,2006-07-10,14,14.0,8.4,False,0.013207882606341216,0.005407893051229616,5.700689919822702,0.0021325609350746105,-0.0005204168887802357,0.00011526503174157172,0.0005330288600724033,0.9,11.289861015755246,2.923625436122244,0.3189368050543137,True
2006-04-28,2006-06-26,40,41,59.0,2006-07-15,19,19.666666666666657,11.8,False,0.01259843914989526,0.006507547429558159,5.679918570334019,0.0026600660218647192,-0.00037376083030778824,-0.0005613547984462357,0.0006744007473386882,0.9,12.842658361909313,-2.1582120270734007,0.2764152200930333,True
2006-04-12,2006-06-26,50,51,75.0,2006-07-21,25,25.0,15.0,False,0.012583345788240349,0.008075370152547733,5.661652647362185,0.0029615307889942705,0.0004976896193167451,-8.95924152768492e-05,0.0005056893889046774,0.9,13.0,-0.17810906033665608,0.40544464471910907,True
2006-03-29,2006-06-26,60,61,89.0,2006-07-01,5,29.666666666666657,17.8,False,0.012916599163729633,0.010177150571344126,5.70612477951544,0.0025438252791028446,0.00032633765272172216,0.000571982972987675,0.0006585292590096075,0.9,7.980531396776934,1.052322310273612,0.43563513753904043,True
2006-03-15,2006-06-26,70,71,103.0,2006-07-30,34,34.333333333333314,20.6,False,0.013202089070043908,0.012374956062749472,5.679344735611002,0.002082549382284496,-0.00045395287528750234,-7.526918308588319e-05,0.0004601506958640907,0.9,6.3934656803500935,-2.97727919859694,0.6370908921135991,True
2006-03-01,2006-06-26,80,81,117.0,2006-08-04,39,39.0,23.400000000000002,False,0.013106108370736724,0.013913376206665114,5.629959229241778,0.018113378338117124,-0.0018491694513644956,0.0026485696920691476,0.003230224307011346,0.4844945956746146,6.0,2.180297501686445,0.4527979628318194,True
2006-02-15,2006-06-26,90,91,131.0,2006-08-08,43,43.66666666666666,26.200000000000003,False,0.012603730175662934,0.014455715305023395,5.463850006357596,0.1280426018379044,-0.010173431956260526,0.005805851452153989,0.011713523332163618,0.20542958764522878,6.0,2.6230052971869626,0.37426454521383135,True
2006-02-01,2006-06-26,100,101,145.0,2006-08-13,48,48.333333333333314,29.0,False,0.013031075018618244,0.017150700530226503,5.2421663984062015,0.34497324882647973,-0.020921602129051343,0.001380707403766085,0.02096711207060095,0.1,6.0,3.075693867569804,0.2742177428988771,True
2006-01-18,2006-06-26,110,111,159.0,2006-08-18,53,53.0,31.8,False,0.015222147922638046,0.025720230399032793,5.386027639461247,0.25192847607071556,-0.021659055960366873,-0.009067344052759892,0.023480447893203058,0.1,6.0,-2.745121415655572,0.1788214583303313,True
2006-01-04,2006-06-26,120,121,173.0,2006-08-22,57,57.66666666666666,34.6,False,0.014547159226770932,0.02560600082985223,5.469008210383012,0.19849020092154832,-0.018082559831668926,-0.016683589934576845,0.024603275049696137,0.1,6.0,-2.3964122181614487,0.13446055489267056,True
2005-12-20,2006-06-26,130,131,188.0,2006-08-27,62,62.66666666666666,37.6,False,0.01540440029095862,0.031085716830455266,5.590722956865637,0.12143127876926617,-0.01069381061412105,-0.023463148594183407,0.025785207530741705,0.1,6.0,-1.9984386162169063,0.07848898030941001,True
2005-12-06,2006-06-26,140,141,202.0,2006-09-01,67,67.33333333333331,40.400000000000006,False,0.016205801504183052,0.037030548337410416,5.709930185734606,0.046864580077805224,-0.0018663181130355432,-0.02662723266394608,0.026692558188359573,0.1,6.0,-1.6407724636349292,0.029261951181985574,True
2005-11-22,2006-06-26,150,151,216.0,2006-09-06,72,72.0,43.2,False,0.017458765431120387,0.046026082047211515,5.834963292031623,-0.03051643485039162,0.0074991228201276945,-0.02635718362015934,0.027403247461900492,0.1,6.0,-1.2936019762276048,0.01856010854967675,True
2005-11-08,2006-06-26,160,161,230.0,2006-09-10,76,76.66666666666663,46.0,False,0.018606652798013525,0.05573941206367774,5.959387617936616,-0.1067728543343831,0.015949384468679998,-0.022957154343573878,0.027953779717319868,0.1,6.0,-0.9636054437872587,0.06366035613914241,True
2005-10-25,2006-06-26,170,171,244.0,2006-09-15,81,81.33333333333331,48.800000000000004,False,0.02186120964098708,0.08172303527138887,5.846958422432975,-0.00910706988062239,0.0050554046525943695,-0.0033616822722222677,0.006071080949950039,0.39126195468142183,6.0,-0.5868256746896526,0.09782030559544046,True
2005-10-11,2006-06-26,180,181,258.0,2006-09-20,86,86.0,51.6,False,0.022771174599749623,0.09385327707006313,5.808817534700022,-0.0002946255547894723,0.00037000698571349713,-9.480304684804399e-05,0.00038195914332355037,0.9,6.0,-0.250823796290323,0.1157030378534101,True
2005-09-27,2006-06-26,190,191,272.0,2006-09-24,90,90.66666666666663,54.400000000000006,False,0.021334931510934532,0.08693924679206703,5.830256606046495,-0.001671352198464376,0.0013529966069135628,-0.0001260741387398493,0.0013588577949066667,0.6667311092892543,6.0,-0.09291312053000655,0.13667637009455258,True
2005-09-13,2006-06-26,200,201,286.0,2006-09-29,95,95.33333333333331,57.2,False,0.020407147276810596,0.08370678365546505,5.898810569273836,-0.015713053511805603,0.005875979700756333,0.0006093648227549487,0.005907492101637687,0.3947090016799728,6.0,0.10333499280619891,0.17497790823028003,True
2006-05-19,2006-06-30,30,31,42.0,2006-07-04,4,14.0,8.4,False,0.011049245190664954,0.0037846603977864106,5.743886055515316,-0.00014081495542407995,-0.0014941675167105524,0.0009962671069677236,0.0017958520864533405,0.7544348384265563,6.0,2.5535180369404857,0.00985935951562834,True
2006-05-05,2006-06-30,40,41,56.0,2006-07-15,15,18.666666666666657,11.200000000000001,False,0.015197739502392501,0.00946982272528584,5.69919299174196,0.0021122839401862556,-5.244621584286029e-05,-0.0007792723967037844,0.000781035257732131,0.9,13.0,-1.6379965068907272,0.1872323183431091,True
2006-04-20,2006-06-30,50,51,71.0,2006-07-11,11,23.666666666666657,14.200000000000001,False,0.015914994574908338,0.012917639668287455,5.6977217416179275,0.0024395217642469553,-0.0003185539844383942,0.0005322498106803367,0.0006202954956880075,0.9,10.951125245920862,2.1101155765379316,0.32321375370684996,True
2006-04-04,2006-06-30,60,61,87.0,2006-07-10,10,29.0,17.400000000000002,False,0.014927953669227646,0.013593471845787035,5.699197284112883,0.002459831777139566,0.0005566030626705536,-0.0001371000568162968,0.0005732393871265931,0.9,10.41989091720796,-0.24150806454153745,0.37063695698586724,True
2006-03-21,2006-06-30,70,71,101.0,2006-08-02,33,33.66666666666666,20.200000000000003,False,0.013771971433113367,0.013466370997968838,5.2839139863659135,0.2616584841029456,-0.006390478031303687,0.011307380310591426,0.012988266202881958,0.14854719148575146,6.0,2.085204074376345,0.4987659930223171,True
2006-03-07,2006-06-30,80,81,115.0,2006-08-07,38,38.333333333333314,23.0,False,0.013234253200999893,0.01418678208084225,5.461888224825266,0.12170133444760371,-0.008083700110397312,0.006470619349921474,0.010354473537868341,0.21926692712395326,6.0,2.4665757530301957,0.4295257428849154,True
2006-02-21,2006-06-30,90,91,129.0,2006-08-11,42,43.0,25.8,False,0.012542762164499836,0.014316200327083984,5.163224728400135,0.38535506401299885,-0.017038849397996332,0.005370873795711467,0.017865292444767315,0.1061666444059831,6.0,2.8362376963350333,0.3816697858673625,True
2006-02-07,2006-06-30,100,101,143.0,2006-08-16,47,47.66666666666666,28.6,False,0.012645399097236913,0.016150517951168415,5.224263957234435,0.35038945981074365,-0.020020929152255805,-0.001807991169342854,0.02010239876701455,0.10277345732274416,6.0,-3.0515318807147467,0.298560855112872,True
2006-01-24,2006-06-30,110,111,157.0,2006-08-21,52,52.333333333333314,31.400000000000002,False,0.013522907310767938,0.020298461457053926,5.3933682592349514,0.22261034051648104,-0.0179571289116121,-0.009429704030578547,0.020282450464689038,0.12160046765414201,6.0,-2.6580491189920354,0.2224379606611052,True
2006-01-10,2006-06-30,120,121,171.0,2006-08-26,57,57.0,34.2,False,0.014020987443394129,0.023787158755425718,5.581261714884394,0.0838295187768334,-0.010519711351915057,-0.011971240038661452,0.015936590444347296,0.18810097223496314,6.0,-2.2917455310565034,0.16490785820819984,True
2005-12-27,2006-06-30,130,131,185.0,2006-08-30,61,61.66666666666666,37.0,False,0.014235587730670548,0.02654740650292793,5.538890965695097,0.1455968300914271,-0.008938941868393876,-0.022674397406269257,0.02437279178641534,0.1098545054392512,6.0,-1.9463192319084235,0.10937379068279494,True
2005-12-12,2006-06-30,140,141,200.0,2006-09-04,66,66.66666666666663,40.0,False,0.015127615486553515,0.03226710979357093,5.636446970239817,0.09125079074542254,-0.00021081040384620525,-0.026770582310717685,0.02677141233258493,0.1,6.0,-1.5786708677385026,0.05680860215852731,True
2005-11-28,2006-06-30,150,151,214.0,2006-09-09,71,71.33333333333331,42.800000000000004,False,0.016099500336581404,0.03913828057422529,5.750930283767162,0.02018156408536436,0.008730481141209568,-0.02625721516902321,0.027670609848526984,0.1,6.0,-1.2497974310781865,0.012155836219874464,True
2005-11-14,2006-06-30,160,161,228.0,2006-09-14,76,76.0,45.6,False,0.01718012241210945,0.04752021358130554,5.869712998871875,-0.05284133767671614,0.016969458052096955,-0.022808003049059652,0.02842828713918221,0.1,6.0,-0.9311377167082793,0.03097931848538156,True
2005-10-31,2006-06-30,170,171,242.0,2006-09-18,80,80.66666666666663,48.400000000000006,False,0.018853598799424925,0.060783350094934754,5.9206209026822725,-0.0669265803358594,0.018691990229240073,-0.013150015350700813,0.02285417691481523,0.14576327387927854,6.0,-0.6130782627332578,0.07114262960669451,True
2005-10-17,2006-06-30,180,181,256.0,2006-09-23,85,85.33333333333331,51.2,False,0.022228409843379468,0.08943249895391012,5.811199585222884,-0.0009818708024930908,0.0012370114510529351,-0.0002991390634760448,0.001272667085035758,0.6864228622462998,6.0,-0.23726892988636558,0.08826327200676129,True
2005-10-03,2006-06-30,190,191,270.0,2006-09-28,90,90.0,54.0,False,0.021144660848294326,0.08539546633637365,5.825521851584592,-0.00200327269688584,0.001842652402404197,-7.174884454994845e-05,0.0018440487446865963,0.616963501531721,6.0,-0.038918146834598745,0.11170584482964556,True
2005-09-19,2006-06-30,200,201,284.0,2006-10-02,94,94.66666666666663,56.800000000000004,False,0.019961765288566136,0.08009288676059656,5.884547227868124,-0.014931211742554108,0.006515544965579322,0.0009399406166875882,0.006582994346145611,0.38171640796423956,6.0,0.14327280160996175,0.14429827859562414,True
2006-05-25,2006-07-06,30,31,42.0,2006-07-07,1,14.0,8.4,False,0.011654839718405703,0.004210893954713541,5.764216368499587,-0.0011969236118751644,-0.0013384697773205169,9.130542511911135e-05,0.0013415804207935562,0.9,6.0,3.073481896018628,0.1338261493672337,True
2006-05-11,2006-07-06,40,41,56.0,2006-07-07,1,18.666666666666657,11.200000000000001,False,0.019232003853787302,0.015164668861515674,5.741259686933607,0.0007534624014852691,0.0006447362300971315,-0.00035914801684221653,0.0007380190406768367,0.9,12.28437605545659,-0.5082370382797202,0.07479687017038385,True
2006-04-26,2006-07-06,50,51,71.0,2006-07-09,3,23.666666666666657,14.200000000000001,False,0.019899512788417676,0.020195521070036332,5.725976207060829,0.0015794488441676759,0.0008422664234171599,-0.00010639251503414208,0.0008489594190956507,0.9,10.524166093466858,-0.12565146045305983,0.15910119774748743,True
2006-04-10,2006-07-06,60,61,87.0,2006-08-04,29,29.0,17.400000000000002,False,0.01529606996729468,0.014272155143106832,5.717909379590097,0.0011069544628464934,-0.00030042550959900123,0.0006406664402287921,0.0007076079242442471,0.9,6.0,2.0092776301697346,0.23465419724392517,True
2006-03-27,2006-07-06,70,71,101.0,2006-08-08,33,33.66666666666666,20.200000000000003,False,0.014033208405475086,0.01398209660875626,5.18909505494992,0.38094477904646984,-0.016777855593957405,0.011124538434247091,0.020130866690401795,0.1,6.0,2.55609885233948,0.3153902784424914,True
2006-03-13,2006-07-06,80,81,115.0,2006-08-13,38,38.333333333333314,23.0,False,0.01332040864118607,0.014372096195822949,5.165942047376815,0.39430822173697555,-0.01883927970456123,0.0031658218564355467,0.019103426075271882,0.1,6.0,2.975104481066692,0.3440117845731884,True
2006-02-27,2006-07-06,90,91,129.0,2006-08-17,42,43.0,25.8,False,0.012716882923017288,0.014716439126273314,5.209894256217234,0.36413558026869103,-0.019811377181542633,-0.0026324130354429126,0.01998550135019179,0.1,6.0,-3.0094926517168905,0.30366645456974123,True
2006-02-13,2006-07-06,100,101,143.0,2006-08-18,43,47.66666666666666,28.6,False,0.012307155128094103,0.01529807280204427,5.217926128241164,0.35855238866079847,-0.019505644015946358,-0.004457213523527986,0.020008420749053252,0.1,6.0,-2.91694089701089,0.298667906842643,True
2006-01-30,2006-07-06,110,111,157.0,2006-08-26,51,52.333333333333314,31.400000000000002,False,0.012163204512822923,0.016421733386303906,5.320715295177488,0.29058617378264245,-0.015342730880616912,-0.015332588991259104,0.021690727881975645,0.1,6.0,-2.3565251106726084,0.22327986975494035,True
2006-01-16,2006-07-06,120,121,171.0,2006-09-01,57,57.0,34.2,False,0.013217407927940678,0.02113868455236428,5.442843555292173,0.2123782628879028,-0.009457380828269836,-0.022200302633213275,0.024130799595893673,0.1,6.0,-1.9735156572002772,0.1466854714338069,True
2006-01-02,2006-07-06,130,131,185.0,2006-09-05,61,61.66666666666666,37.0,False,0.0127687458183395,0.021358353940310482,5.512627419896132,0.16804878110622848,-0.0028376515819206888,-0.02473850065791482,0.024900716481700464,0.1,6.0,-1.685003066599941,0.11247921402163102,True
2005-12-16,2006-07-06,140,141,202.0,2006-09-11,67,67.33333333333331,40.400000000000006,False,0.013210705687724738,0.02460770701224327,5.624188122672743,0.09814836573718154,0.006476381526996686,-0.025353900526255874,0.026167991699373908,0.1,6.0,-1.3207049504090353,0.06251171715477236,True
2005-12-02,2006-07-06,150,151,216.0,2006-09-16,72,72.0,43.2,False,0.013535122037272734,0.027663128813143763,5.722744899596794,0.03707566443493861,0.014022619294059643,-0.023242609554827858,0.027145031788235373,0.1,6.0,-1.027942755002224,0.02276393505091121,True
2005-11-18,2006-07-06,160,161,230.0,2006-09-20,76,76.66666666666663,46.0,False,0.014682617869170349,0.034708262066224946,5.837433819986212,-0.03332606907914168,0.021004456599531915,-0.018736833011659605,0.02814704439809688,0.1,6.0,-0.7284003299512334,0.019733314688270297,True
2005-11-04,2006-07-06,170,171,244.0,2006-09-25,81,81.33333333333331,48.800000000000004,False,0.015726395097736493,0.04229163497368889,5.9511893180624424,-0.10253862840113351,0.026173948372542194,-0.01238137340074314,0.02895468840614822,0.1,6.0,-0.44184946349901466,0.05902246696794046,True
2005-10-21,2006-07-06,180,181,258.0,2006-09-30,86,86.0,51.6,False,0.019429626062034924,0.06832937677280174,5.908544589683055,-0.04093795912894422,0.015275265485095744,-0.0017570111482219236,0.015375982043925956,0.22536700630761433,6.0,-0.11452000344527599,0.10000516028696245,True
2005-10-07,2006-07-06,190,191,272.0,2006-10-04,90,90.66666666666663,54.400000000000006,False,0.01971083887728964,0.0742067793260763,5.86780315483385,-0.012417834606059644,0.006510679761765788,0.0009178808590578995,0.0065750632112316215,0.3848053938565932,6.0,0.14005776018215277,0.1211255715450308,True
2005-09-23,2006-07-06,200,201,286.0,2006-10-09,95,95.33333333333331,57.2,False,0.018406442265184664,0.06809822048917685,6.018576167245544,-0.09205804185273922,0.01843786290608806,0.005836612837776988,0.019339618350986177,0.18595599856156553,6.0,0.3065755732374353,0.14752742951168926,True
2006-05-31,2006-07-12,30,31,42.0,2006-07-26,14,14.0,8.4,False,0.010267933980819726,0.0032683445152686453,5.782591957591931,-0.001260854186369707,0.0007746892704129339,-0.00034634333899580635,0.000848585395914688,0.9,6.0,-0.4204179007981646,0.22287459678892463,True
2006-05-17,2006-07-12,40,41,56.0,2006-07-29,17,18.666666666666657,11.200000000000001,False,0.010951448008527523,0.00491730275282274,5.782641479598107,-0.0011421353106707871,0.0006708899518774522,0.00029660652238794013,0.0007335317011917057,0.9,6.070680034206859,0.41627246942272145,0.23083615789976428,True
2006-05-03,2006-07-12,50,51,70.0,2006-08-04,23,23.33333333333333,14.0,False,0.017489014135608695,0.01559914638721156,5.742212586789227,0.0004670460435810213,-0.00018388047539490495,0.0007889870864530915,0.0008101312559216526,0.9,6.0,1.79976799635841,0.08647599512433621,True
2006-04-18,2006-07-12,60,61,85.0,2006-08-09,28,28.33333333333333,17.0,False,0.014896984778840862,0.013537129485561995,5.734305459609203,0.0006772268014651794,-0.0005633082351817774,0.0005348594802839363,0.0007767823578539944,0.9,6.0,2.3820943532493573,0.1307753956982515,True
2006-03-31,2006-07-12,70,71,103.0,2006-08-15,34,34.333333333333314,20.6,False,0.013589571967175867,0.013112029103824703,5.611324231542228,0.0477422196164229,-0.010207328017538365,0.0013910336454085904,0.01030167558508238,0.27883463001641573,6.0,3.0061490715080925,0.21537247400453335,True
2006-03-17,2006-07-12,80,81,117.0,2006-08-20,39,39.0,23.400000000000002,False,0.013141480325170858,0.013988578916085072,5.262479626725329,0.3294588980377231,-0.020239648902882455,-0.00621818585692363,0.02117331393672696,0.1,6.0,-2.843517973667507,0.2593350124770722,True
2006-03-03,2006-07-12,90,91,131.0,2006-08-21,40,43.66666666666666,26.200000000000003,False,0.012603932357882607,0.014456179090269302,5.263640715224202,0.32840490251389115,-0.019577216805789718,-0.00788712174176244,0.02110625753728683,0.1,6.0,-2.7586124623523784,0.25932664908635356,True
2006-02-17,2006-07-12,100,101,145.0,2006-08-28,47,48.333333333333314,29.0,False,0.012289030800056427,0.015253048078478286,5.146531271211276,0.4006047083590057,0.01020605963931788,0.01660070630721283,0.019487100945488257,0.1,6.7163989410355,1.0195678760263873,0.30607815158172685,True
2006-02-03,2006-07-12,110,111,159.0,2006-08-23,42,53.0,31.8,False,0.012095398612364635,0.01623915210271115,5.279160334373005,0.31769543656949517,-0.017718237880163544,-0.011491835840758205,0.021118670520868427,0.1,6.0,-2.56621071716096,0.25072240876113566,True
2006-01-20,2006-07-12,120,121,173.0,2006-09-07,57,57.66666666666666,34.6,False,0.0129431014116109,0.020270388772300533,5.463597010814046,0.19803679070485575,-0.0016570491781052951,-0.02346724551448957,0.023525675846104616,0.1,6.0,-1.6412904717956445,0.14029833616706822,True
2006-01-06,2006-07-12,130,131,187.0,2006-09-11,61,62.333333333333314,37.4,False,0.012615607122894158,0.020849114143377534,5.525633900114607,0.158854451527191,0.004045727316340189,-0.02394816251286998,0.024287494668265235,0.1,6.0,-1.4034396315633897,0.10900976936000112,True
2005-12-22,2006-07-12,140,141,202.0,2006-09-17,67,67.33333333333331,40.400000000000006,False,0.012675670986578744,0.022654841529359176,5.620053516455654,0.09988114009831775,0.011872201184249236,-0.022450589306688983,0.025396419455838783,0.1,6.0,-1.0843635822433826,0.06554804590465901,True
2005-12-08,2006-07-12,150,151,216.0,2006-09-22,72,72.0,43.2,False,0.012936401091228938,0.025269921452165542,5.715362940251672,0.04097951612559053,0.01827747056342769,-0.01924196856123249,0.026539014380877548,0.1,6.0,-0.8110991239656694,0.02573539188850332,True
2005-11-24,2006-07-12,160,161,230.0,2006-09-26,76,76.66666666666663,46.0,False,0.013556770567223108,0.029589550542184605,5.815228433502677,-0.020191208653697782,0.023617628694923367,-0.01420889926854047,0.027562387479948058,0.1,6.0,-0.5416117371892104,0.012209397479558638,True
2005-11-10,2006-07-12,170,171,244.0,2006-10-01,81,81.33333333333331,48.800000000000004,False,0.014246411250582987,0.034706199932046114,5.919346247212614,-0.0834425582741117,0.027408951952817336,-0.007800017197554531,0.028497208906031406,0.1,6.0,-0.27724991153345774,0.048801596996897,True
2005-10-27,2006-07-12,180,181,258.0,2006-10-06,86,86.0,51.6,False,0.01675845117470469,0.05083306912526794,5.937148273323087,-0.06926579921204623,0.02139832538026482,0.00018508066693900295,0.02139912577496941,0.16106277358151874,6.0,0.008649090455990296,0.08688938863476142,True
2005-10-13,2006-07-12,190,191,272.0,2006-10-10,90,90.66666666666663,54.400000000000006,False,0.01862946277595724,0.0662878647142683,5.863945912286254,-0.012562163063106561,0.0066985407732389314,0.0019690897819762644,0.006981959829462481,0.3737973472862536,6.0,0.28590451738710587,0.11209133595392651,True
2005-09-29,2006-07-12,200,201,286.0,2006-10-15,95,95.33333333333331,57.2,False,0.01754426509725472,0.06186804879835281,5.945536594548366,-0.04788571520382703,0.012820871366242402,0.006264068387836874,0.014269313065359227,0.2422164340921342,6.0,0.454472904877008,0.13547378591965972,True
2006-06-06,2006-07-18,30,31,42.0,2006-08-01,14,14.0,8.4,False,0.009311079994759726,0.0026875825307332577,5.864083293988595,-0.07839980881887536,0.010711937455550102,0.010128512410451738,0.014742196841050931,0.1,6.0,0.7574106339408914,0.08863424457039341,True
2006-05-23,2006-07-18,40,41,56.0,2006-08-05,18,18.666666666666657,11.200000000000001,False,0.010232905990237537,0.00429320696520661,5.853571504410285,-0.06978322519949921,-0.005047166149093145,-0.013866420475740847,0.014756405488688522,0.1,6.7911840658017475,-1.9198750304361416,0.06963457917177501,True
2006-05-09,2006-07-18,50,51,70.0,2006-08-10,23,23.33333333333333,14.0,False,0.015493322704235679,0.012242195469296823,5.732966164721665,0.0011938906980187881,-0.0009525915301869881,0.0008973937813533009,0.0013087193061140205,0.7598862198054057,6.0,2.3860224988366325,0.11553548128311603,True
2006-04-24,2006-07-18,60,61,85.0,2006-08-15,28,28.33333333333333,17.0,False,0.014212856340334607,0.012322322406410367,5.693357921934565,0.007336896176050738,-0.003327160656236187,0.0005389398579954275,0.003370527288562154,0.5398115114513964,6.0,2.9810055457022395,0.19584181124003802,True
2006-04-06,2006-07-18,70,71,103.0,2006-08-18,31,34.333333333333314,20.6,False,0.013528968274125376,0.012995341761922657,5.654420940263009,0.02094342378502977,-0.0012448866629535223,-0.006078080052895073,0.006204256597933433,0.39029844324977087,6.288568582912813,-1.7728181199430852,0.209509126807314,True
2006-03-23,2006-07-18,80,81,117.0,2006-08-20,33,39.0,23.400000000000002,False,0.01306731737684192,0.013831137457596301,5.242041764281972,0.34215534640727185,-0.010454699678247647,-0.01840474547005508,0.021166846746264886,0.1,6.171815024574451,-2.0873870467898406,0.2619113166340125,True
2006-03-09,2006-07-18,90,91,131.0,2006-08-19,32,43.66666666666666,26.200000000000003,False,0.012645127098471489,0.014550830779621316,5.235591408357087,0.3470576705768449,-0.01979930009392329,-0.0053706848982437785,0.020514788336355182,0.1,6.0,-2.876710250590873,0.2819573087850715,True
2006-02-23,2006-07-18,100,101,145.0,2006-08-20,33,48.333333333333314,29.0,False,0.012315224952977802,0.015318141329887158,5.212199875387095,0.3617174145124908,-0.012878941153971299,-0.015267662844785389,0.01997419970836118,0.1,6.115315094623498,-2.271530227339054,0.29612917108332143,True
2006-02-09,2006-07-18,110,111,159.0,2006-08-19,32,53.0,31.8,False,0.011944434174276077,0.015836315359541178,5.2336222441474245,0.34829524058576417,-0.019559244143333356,-0.0056759617586937955,0.020366162459940128,0.1,6.0,-2.85915692892493,0.28502771142317934,True
2006-01-26,2006-07-18,120,121,173.0,2006-08-20,33,57.66666666666666,34.6,False,0.012284732200884352,0.018260672074940833,5.411597723416947,0.19532488390983957,-0.016379985424819582,-0.0075058813007462255,0.018017829409176726,0.13953746331556052,6.0,-2.7119117066947376,0.25211267317715813,True
2006-01-12,2006-07-18,130,131,187.0,2006-09-01,45,62.333333333333314,37.4,False,0.014001954721271637,0.02568317041816688,5.711263379877377,0.0025770211557653994,-0.0005521638654246617,-0.0011887944385742541,0.0013107696790305228,0.6922651603270319,6.0,-2.0056212590365936,0.2268364397017946,True
2005-12-29,2006-07-18,140,141,201.0,2006-09-13,57,67.0,40.2,False,0.014000457193145825,0.027637805028012323,5.726200510946755,0.001400348509259062,0.00015859793736846764,-0.0009253017948981284,0.0009387953543660251,0.7493640449433367,6.0,-1.4010445386383445,0.1862974037860448,True
2005-12-14,2006-07-18,150,151,216.0,2006-09-28,72,72.0,43.2,False,0.01420178188581341,0.030455281918564905,5.739570165889807,0.002087111602990482,0.001562669684357944,-0.0013002093644926996,0.002032850445538448,0.5914068708617999,6.0,-0.6939766598305913,0.1011987990371663,True
2005-11-30,2006-07-18,160,161,230.0,2006-10-02,76,76.66666666666663,46.0,False,0.014272525531571016,0.03279650259294479,5.751646237120683,0.0017544925941836561,0.002349751760370483,-0.0011142670590595055,0.002600562326549645,0.5461803523557752,6.0,-0.442800539156836,0.06141424193232297,True
2005-11-16,2006-07-18,170,171,244.0,2006-10-07,81,81.33333333333331,48.800000000000004,False,0.014851672931887706,0.03771784429775598,5.7692334218582895,0.0006409044767366004,0.002937246305391866,-0.0005311016052050638,0.0029848760064011977,0.5232038001309823,6.0,-0.17888337429236198,0.01872348337811642,True
2005-11-02,2006-07-18,180,181,258.0,2006-10-12,86,86.0,51.6,False,0.015443102661056272,0.043166584983786116,5.788184732721564,-0.0007987874727239212,0.003315030098133561,0.0002469771711266553,0.0033242175432106023,0.5049193089204558,6.0,0.07436485455855264,0.02022146131429881,True
2005-10-19,2006-07-18,190,191,272.0,2006-10-16,90,90.66666666666663,54.400000000000006,False,0.018515498271799158,0.06547932216432253,5.799908820077163,-0.0007571312790230936,0.0013018553456174131,0.0005149408508094729,0.0013999969359770107,0.6682419347415621,6.0,0.37665895908368674,0.060231902149921766,True
2005-10-05,2006-07-18,200,201,286.0,2006-10-21,95,95.33333333333331,57.2,False,0.017946044335329366,0.06473416196440704,5.810074603770955,-0.00116166684550586,0.0012756114808756991,0.0008135018144548343,0.0015129341863621172,0.6531209157524653,6.0,0.5677045472242958,0.08358029502926768,True
2006-06-12,2006-07-24,30,31,42.0,2006-08-05,12,14.0,8.4,False,0.008644234972908591,0.002316406746272536,5.795356379829729,-0.013798416840086328,-0.0007650126303545457,0.006072959666018706,0.0061209544541429165,0.31692111027874986,6.0,1.6961065921404939,0.11907210489831704,True
2006-05-29,2006-07-24,40,41,56.0,2006-08-03,10,18.666666666666657,11.200000000000001,False,0.009238482126799518,0.00349933163229496,5.76008870886028,-0.00032865828742914397,0.00044345009238551706,0.0016952747043820064,0.0017523139866343085,0.715266536716814,6.07123062851895,1.3149488088809116,0.022096517729106976,True
2006-05-15,2006-07-24,50,51,70.0,2006-08-02,9,23.33333333333333,14.0,False,0.012002740358428327,0.007347354581704052,5.777750340326305,-0.008863292664351418,0.003975414304310809,0.006263092710921806,0.007418237607176037,0.27743223849792065,6.0,1.005226014914592,0.05524589654454075,True
2006-04-28,2006-07-24,60,61,87.0,2006-08-22,29,29.0,17.400000000000002,False,0.015413752646317022,0.014492610009152545,5.725781099449463,0.0008382997442514619,-0.0006229778206767832,-0.00023916611364574553,0.0006673093697615851,0.9,6.0,-2.7750352702774017,0.1884357800680143,True
2006-04-12,2006-07-24,70,71,103.0,2006-08-15,22,34.333333333333314,20.6,False,0.014511857792720448,0.014952175178326024,5.738723762968163,0.000554793285674438,-0.0007010854724619723,0.00016887818180042982,0.0007211384610360523,0.9,6.0,2.9052148050908584,0.11539946535593988,True
2006-03-29,2006-07-24,80,81,117.0,2006-08-24,31,39.0,23.400000000000002,False,0.014119091820256455,0.01614724906013545,5.726359001088136,0.0007699558167475484,0.00024044477435911755,-0.0005419111865315814,0.0005928586877196566,0.9,6.331497265360105,-1.1531956980267029,0.18460807839334062,True
2006-03-15,2006-07-24,90,91,131.0,2006-09-05,43,43.66666666666666,26.200000000000003,False,0.014100780250902997,0.018093712335267294,5.627191702090616,0.023473035773091223,-0.0039961113342786595,0.0026925269902448156,0.004818569018821581,0.3988928428216038,6.933258805389293,2.5486769257027158,0.28026573768055474,True
2006-03-01,2006-07-24,100,101,145.0,2006-09-10,48,48.333333333333314,29.0,False,0.013508815359550593,0.018431297334261434,5.565030457078991,0.0505249462017263,-0.0006611113106879014,-0.007172760420764247,0.007203163209229787,0.30649071133773065,7.305198962402697,-1.6627063660800756,0.29428482838338077,True
2006-02-15,2006-07-24,110,111,159.0,2006-09-15,53,53.0,31.8,False,0.013083408945924866,0.019000490450740058,5.351969337760045,0.1940086861733234,0.012230764076994433,0.005783581551938963,0.013529279562305827,0.16658275654413984,7.680470778506096,0.4417103594730999,0.311020279200949,True
2006-02-01,2006-07-24,120,121,173.0,2006-08-28,35,57.66666666666666,34.6,False,0.012975956413230324,0.020373428825404435,5.642633085755486,0.023552500035439572,-0.00037009545136192784,-0.005405930506828047,0.00541858425123878,0.38073268404812244,6.140242858377766,-1.6391506776599063,0.2695167707986898,True
2006-01-18,2006-07-24,130,131,187.0,2006-08-31,38,62.333333333333314,37.4,False,0.014029304620719793,0.025783601846464416,5.708270322065531,0.0029878094495269596,-0.0006777368834559214,-0.001264461219166371,0.0014346391385893005,0.6722812680486029,6.0,-2.0628186746708685,0.23335116957131494,True
2006-01-04,2006-07-24,140,141,201.0,2006-09-06,44,67.0,40.2,False,0.013723943416652947,0.02655687382939234,5.72196261838852,0.0011659307963831122,-0.0001478813883528213,-0.0006893481384390217,0.0007050317446686374,0.8137292906703969,6.0,-1.782117013276058,0.22428116348092272,True
2005-12-20,2006-07-24,150,151,216.0,2006-09-23,61,72.0,43.2,False,0.014101446018822112,0.030026467753084853,5.736460207533036,0.0005835340702974067,0.00028163514011252686,-0.00041433168713449827,0.0005009881227234058,0.8652391413788474,6.0,-0.9738019057365215,0.16796689550402247,True
2005-12-06,2006-07-24,160,161,230.0,2006-10-08,76,76.66666666666663,46.0,False,0.014103624805824189,0.03202486945881697,5.748468771787328,0.0009948444413092508,0.0012562726245680834,-0.00038785975711932774,0.001314783669822471,0.6697454255416708,6.0,-0.2994543839812488,0.08446161511655072,True
2005-11-22,2006-07-24,170,171,244.0,2006-10-13,81,81.33333333333331,48.800000000000004,False,0.01435444444050823,0.035234562858454034,5.7608338771438845,0.0006635457161577932,0.001643174966419557,-6.849728444193508e-05,0.0016446020333940464,0.6296065436347682,6.0,-0.04166181377837402,0.042337772949603995,True
2005-11-08,2006-07-24,180,181,258.0,2006-10-18,86,86.0,51.6,False,0.014691158337220582,0.03906525412536073,5.775013658885226,7.179450138763816e-05,0.0018801829360078324,0.0003770286535360716,0.0019176127029309792,0.6029012130451264,6.0,0.19790285786519826,0.0037620554548908674,True
2005-10-25,2006-07-24,190,191,272.0,2006-10-22,90,90.66666666666663,54.400000000000006,False,0.016829450725879005,0.05409700864134477,5.790352425582522,-0.00046777581053632786,0.0012185590259342098,0.0006210088435120641,0.0013676761617451411,0.6688424404809196,6.0,0.47131838323026376,0.03812651019154526,True
2005-10-11,2006-07-24,200,201,286.0,2006-10-27,95,95.33333333333331,57.2,False,0.017517341680865783,0.061678309172403724,5.798297105535413,-0.00048538978663347475,0.000685603481379714,0.0005782203116096548,0.000896878398913671,0.7468308311427976,6.0,0.7006348672977717,0.06736402954565897,True
2006-06-16,2006-07-28,30,31,42.0,2006-08-11,14,14.0,8.4,False,0.007633076962096117,0.0018061797811877573,5.902807077565588,-0.1026761546773649,0.009708064348469807,0.006348293020811194,0.011599454197164221,0.1,7.178068498990771,0.5791256794180862,0.12331742363409719,True
2006-06-02,2006-07-28,40,41,56.0,2006-08-15,18,18.666666666666657,11.200000000000001,False,0.009464415738817863,0.0036725817763645146,5.791742869837344,-0.006685999135617017,0.0033654815805214335,0.0016456221966056808,0.0037462699692881653,0.4453097086915399,8.588603329419863,0.45478537688335,0.09253517783333949,True
2006-05-19,2006-07-28,50,51,70.0,2006-08-20,23,23.33333333333333,14.0,False,0.010208831164946875,0.00531523192147392,5.812419687727183,-0.012400139360714987,0.00403440078630108,0.00036649130629996525,0.004051012908162628,0.3961771715770223,9.885187561061636,0.09059292052968415,0.12267822174891047,True
2006-05-05,2006-07-28,60,61,84.0,2006-08-08,11,28.0,16.8,False,0.01658513803329616,0.016779075018592698,5.757013462963514,9.932057520673653e-05,-0.0004540174184356234,0.0007102376264077827,0.0008429527283355272,0.9,6.0,2.139575287552787,0.017673691276173766,True
2006-04-20,2006-07-28,70,71,99.0,2006-08-09,12,33.0,19.8,False,0.015815546105926535,0.017759336402636848,5.752072743378828,0.000296907120980686,-0.0006268357347956011,0.0005824918049116419,0.0008556983938315903,0.9,6.0,2.392846323608413,0.052046455232529085,True
2006-04-04,2006-07-28,80,81,115.0,2006-08-10,13,38.333333333333314,23.0,False,0.015864875018244476,0.020387235006905934,5.746460186698132,0.0004887901770720664,-0.0006831683489294097,0.00035017876958728066,0.0007676875429812558,0.9,6.0,2.6679313767677773,0.09550568747811522,True
2006-03-21,2006-07-28,90,91,129.0,2006-09-09,43,43.0,25.8,False,0.01569080768926582,0.02240433158067863,5.7326430740197765,0.0005951742752553332,0.0004641546255349638,-0.00021044749834929044,0.0005096348359040785,0.9,6.285486166755805,-0.4256773952664955,0.1672201774317564,True
2006-03-07,2006-07-28,100,101,143.0,2006-09-13,47,47.66666666666666,28.6,False,0.015105767425002496,0.02304660515932492,5.7285103118221965,0.0006470960292779245,0.0003865568689482182,0.00026338413764504946,0.00046775786139206284,0.9,6.4377714162307855,0.5981056054998212,0.19339916596170587,True
2006-02-21,2006-07-28,110,111,157.0,2006-09-18,52,52.333333333333314,31.400000000000002,False,0.01491242256332669,0.024684218484500864,5.658340806261426,0.014835291405744605,-0.0030601318304922754,0.002208088485509881,0.0037736006121254174,0.4374532552693758,6.771537550325298,2.516538716378538,0.2539712224142086,True
2006-02-07,2006-07-28,120,121,171.0,2006-09-23,57,57.0,34.2,False,0.014311782483564591,0.024784081260680817,5.6548539433748335,0.014374477040188034,-0.001725900533386668,-0.003113745562954024,0.0035600764151855306,0.44655134221792103,7.06505627378451,-2.076922938127466,0.25520460532611666,True
2006-01-24,2006-07-28,130,131,185.0,2006-09-20,54,61.66666666666666,37.0,False,0.014283375257053017,0.02672593994412706,5.701633522009384,0.003977638529733971,7.930558300743053e-05,0.001671806898520403,0.0016736868528600436,0.6129457426479326,6.545333346010183,1.523394813588523,0.2225570583985776,True
2006-01-10,2006-07-28,140,141,199.0,2006-09-14,48,66.33333333333331,39.800000000000004,False,0.014130451222999487,0.028153420898945052,5.7226893134990116,0.001699239531944973,0.00016129972796853658,-0.0010295501764354428,0.0010421090000767555,0.7239015488647434,6.0,-1.4153895241552439,0.1967296013783215,True
2005-12-27,2006-07-28,150,151,213.0,2006-09-20,54,71.0,42.6,False,0.013997583126401503,0.029585782340458534,5.731117792717004,0.0011099564644031826,0.0003775471272719473,-0.0007423322239728004,0.0008328258906036147,0.7663609873178352,6.0,-1.10029566685527,0.17022912422573702,True
2005-12-12,2006-07-28,160,161,228.0,2006-10-04,68,76.0,45.6,False,0.01406836639800289,0.03186494823046154,5.744279213062365,0.0010148817915285907,0.001025799370681256,-0.0005118700643063424,0.0011464184714243923,0.6976328916808402,6.0,-0.46284430621784356,0.10293142463336767,True
2005-11-28,2006-07-28,170,171,242.0,2006-10-16,80,80.66666666666663,48.400000000000006,False,0.014142384741569173,0.03420120489653522,5.762859154600468,0.0009396861589686735,0.0026436366659048738,0.00017490201075327078,0.0026494160742854592,0.5354288176253363,6.0,0.0660633488238585,0.0316506879835893,True
2005-11-14,2006-07-28,180,181,256.0,2006-10-21,85,85.33333333333331,51.2,False,0.014256491296382678,0.036787805479174145,5.777213893881213,-3.5847918578308996e-05,0.002658793406152565,0.0007839517413016579,0.002771960084360931,0.5301407671493856,6.0,0.2867276036822355,0.0011426597351956987,True
2005-10-31,2006-07-28,190,191,270.0,2006-10-26,90,90.0,54.0,False,0.014893010767993169,0.04236413801949205,5.79244199760126,-0.000967600582673801,0.0022183513264990725,0.0012583375878960023,0.002550391360731157,0.5489471565664745,6.0,0.51598287254102,0.034711116414604656,True
2005-10-17,2006-07-28,200,201,284.0,2006-10-30,94,94.66666666666663,56.800000000000004,False,0.017053555716386476,0.05845557627695147,5.800198363006523,-0.0006602637583317972,0.0008114722665145199,0.0007934893242375085,0.0011349504601528254,0.7019860091209633,6.0,0.7741940387045994,0.06806404581102966,True
2006-06-22,2006-08-03,30,31,42.0,2006-08-16,13,14.0,8.4,False,0.007949266950157555,0.001958916196390883,5.8760798203090925,-0.043869782606139406,-0.005922149284281159,-0.00300133822533517,0.006639268279574935,0.2757026752456855,7.641169072974043,-2.6725207992206634,0.23841108012670617,True
2006-06-08,2006-08-03,40,41,56.0,2006-08-21,18,18.666666666666657,11.200000000000001,False,0.008325977096588087,0.002842197679129285,6.066432856802826,-0.211969031439173,-0.010333670978551767,0.004688751859277477,0.011347649531547979,0.1,8.830508382118197,2.71563675003655,0.21153429819497513,True
2006-05-25,2006-08-03,50,51,70.0,2006-08-26,23,23.33333333333333,14.0,False,0.009597607247905503,0.004697817309137461,5.813744892799112,-0.008275994818072502,-0.002592033451844023,-0.0015359074832584356,0.0030129137413154898,0.48088279515780125,10.499576285718272,-2.606669656792235,0.12580589100858422,True
2006-05-11,2006-08-03,60,61,84.0,2006-08-05,2,28.0,16.8,False,0.014644516656921364,0.013082173955005686,5.776966352138415,-0.0023748398402723267,0.00015655357200867613,0.0028767146330755324,0.002880971381506517,0.5617001052587224,6.0,1.5164289966304922,0.07717002425041015,True
2006-04-26,2006-08-03,70,71,99.0,2006-08-11,8,33.0,19.8,False,0.016816990612970612,0.020079593302648656,5.762822804412252,2.13366327059922e-05,-0.000680035093651509,0.000542829755063164,0.0008701217567556573,0.9,6.0,2.467927113485516,0.003678215009623734,True
2006-04-10,2006-08-03,80,81,115.0,2006-08-12,9,38.333333333333314,23.0,False,0.01625792921090628,0.02140994124037401,5.758159898249952,0.00019270614492146183,-0.0007638206165182915,0.0003442339861127773,0.0008378060464173524,0.9,6.0,2.718178485691662,0.03450192542991008,True
2006-03-27,2006-08-03,90,91,129.0,2006-09-15,43,43.0,25.8,False,0.016229081829488925,0.023967861829570537,5.749573116183203,0.0003021701971526951,3.4668956132073296e-05,-0.0005402349409821239,0.0005413462182164446,0.9,6.006845793496985,-1.5067103549919036,0.0836320124123901,True
2006-03-13,2006-08-03,100,101,143.0,2006-09-19,47,47.66666666666666,28.6,False,0.015641667538599534,0.024710838102195924,5.746180267617494,0.0003626589614492406,0.00017643555445621002,-0.0004642622900853954,0.0004966578086284419,0.9,6.004540993664362,-1.2076194203861956,0.1094469947068163,True
2006-02-27,2006-08-03,110,111,157.0,2006-09-24,52,52.333333333333314,31.400000000000002,False,0.015218013141013516,0.025706259559566666,5.737114393645511,0.0007794097492665956,0.0007037523799540751,0.00017641460654517518,0.0007255270675126558,0.8036554492144218,6.2504530868769725,0.24561583321314057,0.13812446482060772,True
2006-02-13,2006-08-03,120,121,171.0,2006-09-29,57,57.0,34.2,False,0.014898322080064879,0.026857160096963192,5.681611604893413,0.012366456485428768,-0.002189983811519064,0.0035542479636589486,0.004174770374749891,0.42224680280102683,6.57698160554759,2.1230131890234105,0.19017456140238367,True
2006-01-30,2006-08-03,130,131,185.0,2006-10-03,61,61.66666666666666,37.0,False,0.014309792980308147,0.0268248929432452,5.6690673261324,0.01523385892755421,-0.0032331582546797186,-0.0031438469721439487,0.004509665850599386,0.4022913552487876,6.891932627973219,-2.370198782285705,0.19718108086124606,True
2006-01-16,2006-08-03,140,141,199.0,2006-10-06,64,66.33333333333331,39.800000000000004,False,0.014346007486543763,0.029018918243359722,5.722693678000371,0.0022700823366302073,-0.0013262438547607096,0.0005244115530840807,0.0014261592615478131,0.6441157063754309,6.634918292791791,2.765048466183678,0.15452611755674123,True
2006-01-02,2006-08-03,150,151,213.0,2006-10-07,65,71.0,42.6,False,0.013970788854501577,0.029472624123776887,5.72211759925675,0.002348127389606595,-0.0014572760449300455,6.274005943532682e-07,0.001457276179987329,0.6381155666055197,6.694151712451585,3.141162123932923,0.15359729827995294,True
2005-12-16,2006-08-03,160,161,230.0,2006-09-30,58,76.66666666666663,46.0,False,0.013896664999740956,0.031091884996519076,5.738895916303347,0.0013802049061504196,0.001064721553641667,-0.0007651766885730123,0.0013111549685390687,0.6721487524708707,6.0,-0.6231423976585365,0.11792440355809052,True
2005-12-02,2006-08-03,170,171,244.0,2006-10-09,67,81.33333333333331,48.800000000000004,False,0.013780013514468692,0.032470980090478704,5.7500299672095565,0.0009591617775374685,0.0013084517935300793,-0.0003390298608305742,0.0013516609569440407,0.6644084396106287,6.0,-0.25353202419461895,0.07857926904350292,True
2005-11-18,2006-08-03,180,181,258.0,2006-10-24,82,86.0,51.6,False,0.014008202088780033,0.035517580362578335,5.77610602448555,3.1757621457857276e-05,0.0026704576789930655,0.0010043955770673123,0.002853095632909176,0.5202792742469704,6.0,0.3597466607614589,0.0009651991129284601,True
2005-11-04,2006-08-03,190,191,272.0,2006-11-01,90,90.66666666666663,54.400000000000006,False,0.014108077207584462,0.03801622791657636,5.803666010800413,-0.0026837636592958757,0.0032284829499974604,0.002728507331236934,0.004227038492258853,0.4492994923835823,6.0,0.7016635048787206,0.04754367437184046,True
2005-10-21,2006-08-03,200,201,286.0,2006-11-06,95,95.33333333333331,57.2,False,0.016004936234898657,0.05148775476051756,5.810741139543304,-0.0016664657819126815,0.001220654232589892,0.0016680400348462624,0.0020669674195278303,0.5874967076933383,6.0,0.939052149650824,0.07894360526341805,True
2006-06-28,2006-08-09,30,31,42.0,2006-08-23,14,14.0,8.4,False,0.007001287869902195,0.001519558986954428,5.81175408999143,-0.0018933508443880944,-0.0007496069221797634,-3.0085934384754897e-05,0.0007502104379623238,0.9,8.88701236954732,-3.101478569430954,0.2555846222560829,True
2006-06-14,2006-08-09,40,41,56.0,2006-08-26,17,18.666666666666657,11.200000000000001,False,0.008064502281924468,0.0026664840792617627,6.097231270027862,-0.22128641746336944,0.00223494470930459,0.009758540923116212,0.010011198669579101,0.11024208687041373,9.824588187541355,1.345654648736518,0.24802859225969115,True
2006-05-31,2006-08-09,50,51,70.0,2006-09-01,23,23.33333333333333,14.0,False,0.0096534548633864,0.004752648730771365,5.833316864454888,-0.009792702758890619,-0.00031204068176184747,-0.0024252417299519624,0.002445233493099337,0.5007475813372352,11.977704941600342,-1.698757058784617,0.16742776752212277,True
2006-05-17,2006-08-09,60,61,84.0,2006-08-28,19,28.0,16.8,False,0.010514394248328831,0.006743701670966716,5.8355190125409635,-0.015102003320759444,0.002302507605331982,-0.0029882666486098844,0.0037724367238968727,0.40705163118420157,10.828066098102346,-0.9142936806642259,0.15049123239519124,True
2006-05-03,2006-08-09,70,71,98.0,2006-08-10,1,32.66666666666666,19.6,False,0.017323174161689905,0.021306557775573092,5.771284374037792,-0.0002344402660613005,-0.0005628050307501744,0.0006994764754969751,0.0008977844075341113,0.9,6.0,2.248341291303082,0.039169804703763404,True
2006-04-18,2006-08-09,80,81,113.0,2006-08-12,3,37.66666666666666,22.6,False,0.016846370556288,0.022987816274501156,5.766167668846617,-8.31171515076548e-06,-0.0007843123222089512,0.00041548605611870074,0.0008875666068514913,0.9,6.0,2.65443265117907,0.001404691504829711,True
2006-03-31,2006-08-09,90,91,131.0,2006-09-21,43,43.66666666666666,26.200000000000003,False,0.01659100008463955,0.02504877682657437,5.758787580869676,0.00015944694950342032,0.00018367182518721473,-0.0005073363930003874,0.0005395605202664908,0.9,6.0,-1.223443365851128,0.04432689481005826,True
2006-03-17,2006-08-09,100,101,145.0,2006-09-26,48,48.333333333333314,29.0,False,0.015828550404787114,0.025304843799605514,5.756853220052828,0.0001974818980747964,0.0002985488952448608,-0.00041096624031780214,0.0005079613110590967,0.9,6.0,-0.9425344250825713,0.0583160253867704,True
2006-03-03,2006-08-09,110,111,159.0,2006-10-01,53,53.0,31.8,False,0.015164823532567425,0.025526877877904097,5.754166613170256,0.0002358302387341263,0.0004501665819495582,0.00016925067799452496,0.00048093216102248213,0.9,6.21622595231001,0.35962382310673935,0.07099559244034556,True
2006-02-17,2006-08-09,120,121,173.0,2006-10-05,57,57.66666666666666,34.6,False,0.01515865252215249,0.027803954300770567,5.7198758135149586,0.004560589607961636,-0.00012690747794097987,0.0027680315657910726,0.002770939237365756,0.51492452447327,6.412198326421817,1.6166117978755745,0.1321693094832181,True
2006-02-03,2006-08-09,130,131,187.0,2006-10-10,62,62.333333333333314,37.4,False,0.014555164451454971,0.027752718399365703,5.6980043524734265,0.009868385631007847,-0.004113253926647242,-0.0008527424774082157,0.004200717509885098,0.4231268243838901,6.713765201550529,-2.937172680804847,0.1480563521895875,True
2006-01-20,2006-08-09,140,141,201.0,2006-10-15,67,67.0,40.2,False,0.01440894793865079,0.02927410707852359,5.719784982605074,0.0037262821622016484,-0.001141031977346007,-0.0019340490683978947,0.002245551106587624,0.54985314624202,6.835417228542049,-2.1038085852760213,0.13348561895593952,True
2006-01-06,2006-08-09,150,151,215.0,2006-10-19,71,71.66666666666663,43.0,False,0.01400830682404708,0.029631131671573243,5.713767074268382,0.004290068146125033,0.002128367888621814,-0.0009118665083343942,0.00231548059770287,0.5391856355691077,7.128962514931538,-0.4047762091432529,0.14013126003846377,True
2005-12-22,2006-08-09,160,161,230.0,2006-10-11,63,76.66666666666663,46.0,False,0.013836932221084541,0.0308251716198329,5.733400423670807,0.002225772827301218,-0.0009345937097864059,0.001553542399310729,0.0018129973493716015,0.5985978946899145,6.455122922777234,2.112383244500873,0.1138450979931973,True
2005-12-08,2006-08-09,170,171,244.0,2006-10-07,59,81.33333333333331,48.800000000000004,False,0.013730812300565437,0.03223952030010441,5.7470303409309444,0.0011543287495265615,0.001362205692537769,-0.0004832746128535913,0.0014453922305765626,0.6519077508915804,6.0,-0.3409211208259947,0.08677181678604232,True
2005-11-24,2006-08-09,180,181,258.0,2006-10-16,68,86.0,51.6,False,0.013914268821500469,0.03504284470749339,5.760334540473578,0.0005244455929494809,0.0012661261426688418,7.253072272361717e-05,0.001268201921969956,0.6745314168548304,6.0,0.05722300202855329,0.04649036597237097,True
2005-11-10,2006-08-09,190,191,272.0,2006-10-29,81,90.66666666666663,54.400000000000006,False,0.014046105336461983,0.03768297734849029,5.781467562146981,-0.00026021409235529424,0.0015955506189199373,0.0010043545787403385,0.0018853407907782822,0.5966607866990521,6.0,0.5618087367170588,0.013725153016924632,True
2005-10-27,2006-08-09,200,201,286.0,2006-11-12,95,95.33333333333331,57.2,False,0.0151054343113496,0.04586300329263405,5.817533160840192,-0.0027287481526058733,0.0013306081746437795,0.0024914391968457227,0.002824497722783311,0.5239452630833493,6.0,1.0802640092637597,0.08436394768367413,True
2006-07-04,2006-08-15,30,31,42.0,2006-08-28,13,14.0,8.4,False,0.006982823472170487,0.0015115545329483478,5.8098166689012585,-0.0015238951630012192,0.00025574147959761344,0.0005253279052217459,0.0005842714372545043,0.9,9.615145475889001,1.1177461278179512,0.24413333545745358,True
2006-06-20,2006-08-15,40,41,56.0,2006-09-02,18,18.666666666666657,11.200000000000001,False,0.008220645714865051,0.002770739654742495,5.832532253340022,-0.007146278653027855,-0.0003982288743260172,0.0013587327988140634,0.0014158887862117083,0.581838992226412,11.193151162115502,1.855900239593286,0.2623621962852478,True
2006-06-06,2006-08-15,50,51,70.0,2006-09-07,23,23.33333333333333,14.0,False,0.008724270246671403,0.0038817574581847506,5.838637795402516,-0.008052083845272154,-0.0015014245747247753,0.00013478879971530895,0.0015074626941042905,0.556991439966151,12.802581476601087,3.0520587275290154,0.2323874592267008,True
2006-05-23,2006-08-15,60,61,84.0,2006-09-06,22,28.0,16.8,False,0.009600708448037199,0.005622589764956984,5.810484016597275,-0.0019280093871257052,-0.0006327571867974039,-0.0003245769257784512,0.0007111482533140013,0.7904740712271261,13.0,-2.667633634397805,0.16485164039589725,True
2006-05-09,2006-08-15,70,71,98.0,2006-08-16,1,32.66666666666666,19.6,False,0.01703474864361668,0.020602968955935223,5.778218900471799,-0.0004617600798438542,0.0005053096495485332,0.0005330442696051947,0.000734488961990442,0.9,7.036331415226399,0.8121019941075063,0.08041319789920887,True
2006-04-24,2006-08-15,80,81,113.0,2006-08-16,1,37.66666666666666,22.6,False,0.017656456845485287,0.025251787935255225,5.771374716308104,-0.00013726363413400872,0.00025386825293697706,-0.0008181595254416838,0.0008566411727907048,0.9,6.487716122312434,-1.2699243940193512,0.022228349656678206,True
2006-04-06,2006-08-15,90,91,131.0,2006-09-27,43,43.66666666666666,26.200000000000003,False,0.017047275609218437,0.026445474118395502,5.765796789819454,6.524590325757574e-05,0.0003155398535495983,-0.00042837333782364955,0.0005320424003181293,0.9,6.0,-0.9359264415085476,0.018394935220922982,True
2006-03-23,2006-08-15,100,101,145.0,2006-10-02,48,48.333333333333314,29.0,False,0.01613359068058578,0.026289567573117116,5.765439066098351,7.495635749061577e-05,0.00042075722319492176,-0.0002850362967760531,0.0005082148476289407,0.9,6.020749937406188,-0.5954216212452206,0.022047179831414795,True
2006-03-09,2006-08-15,110,111,159.0,2006-10-07,53,53.0,31.8,False,0.015423430717054862,0.026404925874300853,5.762688327183221,0.00012067740111607197,0.00044020012770571056,0.00019495678814555802,0.0004814398214482843,0.9,6.17504304668916,0.41691899444890834,0.036533094427301335,True
2006-02-23,2006-08-15,120,121,173.0,2006-10-11,57,57.66666666666666,34.6,False,0.01525974969476563,0.028176055250374872,5.757647321169564,0.00025517537213237863,0.00016034142154978986,0.0005563175240223971,0.0005789633485800441,0.8450845523514379,6.300894433303056,1.290182289600097,0.059113359961883515,True
2006-02-09,2006-08-15,130,131,187.0,2006-10-16,62,62.333333333333314,37.4,False,0.014874236547915542,0.028982821587718387,5.73034453872791,0.003536226750303878,-0.0025875220651514833,0.0006605949602553095,0.002670516081052595,0.5186820701386765,6.5705369417403325,2.891631799905693,0.10453104251054475,True
2006-01-26,2006-08-15,140,141,201.0,2006-10-21,67,67.0,40.2,False,0.014374532108863124,0.029134431442171906,5.706462341892638,0.009401126529968832,-0.0002741562812699134,-0.004522709946932685,0.004531011689528465,0.4053108624972685,6.876560836974465,-1.6313399448029335,0.12229301970895334,True
2006-01-12,2006-08-15,150,151,215.0,2006-10-25,71,71.66666666666663,43.0,False,0.014217098366268435,0.030521008779379043,5.72573559213636,0.003530027749825447,0.0021110996445480998,-0.0011357879724563898,0.0023972392512195584,0.5328125964002496,7.059075203239608,-0.4935895131256872,0.11114589167800286,True
2005-12-29,2006-08-15,160,161,229.0,2006-10-30,76,76.33333333333331,45.800000000000004,False,0.013884834335134941,0.031038968546776884,5.725232073416724,0.0033614037063020873,0.0016677120948418145,0.0015134439624249051,0.0022520604473863642,0.541653908291322,7.258131588937221,0.7369417629433742,0.11138781244684436,True
2005-12-14,2006-08-15,170,171,244.0,2006-10-14,60,81.33333333333331,48.800000000000004,False,0.013802862328859829,0.03257875044827728,5.746397763250238,0.001493858823519215,0.0007571798418641858,0.0016328296906140904,0.0017998483579114044,0.6024523214908023,6.234598891581232,1.1365895604075682,0.08020248130185333,True
2005-11-30,2006-08-15,180,181,258.0,2006-10-13,59,86.0,51.6,False,0.013703189717259399,0.03398771092532387,5.755236697269908,0.00080303534304564,0.0014271876552355727,-0.00011484804187395084,0.0014318011998804487,0.6514050080975573,6.0,-0.08029854661884803,0.06089081409986098,True
2005-11-16,2006-08-15,190,191,272.0,2006-10-23,69,90.66666666666663,54.400000000000006,False,0.013975430651862658,0.03730471842385927,5.768899942774678,0.00018959244280484182,0.0010222073828823214,0.00035154707416323107,0.0010809686762214034,0.7019170713121775,6.0,0.3312389278960811,0.02051835159887635,True
2005-11-02,2006-08-15,200,201,286.0,2006-11-04,81,95.33333333333331,57.2,False,0.014191108839629504,0.040478901589740345,5.78596701896594,-0.00033199797074701576,0.000895979116970969,0.0008646689361563038,0.0012451630203317763,0.6719462320757241,6.0,0.767616710253316,0.029860184551149818,True
2006-07-10,2006-08-21,30,31,42.0,2006-09-03,13,14.0,8.4,False,0.006913799476465477,0.0014818193192240037,5.819130894664899,-0.0016279063461943919,0.0005091027076879018,3.9536310295704505e-05,0.0005106355714273648,0.9,10.641042966780523,0.07750325493166,0.26963524756092694,True
2006-06-26,2006-08-21,40,41,56.0,2006-09-08,18,18.666666666666657,11.200000000000001,False,0.006935127115789129,0.0019719355125982995,5.8271025357538875,-0.0017542071395309357,-0.0004825253016076741,-3.967712041665479e-05,0.00048415383978249574,0.9,12.77923211593392,-3.059549170445787,0.2551733084979235,True
2006-06-12,2006-08-21,50,51,70.0,2006-09-13,23,23.33333333333333,14.0,False,0.008064501646798434,0.003316845527371948,5.862180248355398,-0.0117304572205875,0.0005564643508371815,-0.0014790380754012187,0.0015802551066961268,0.5200532829339322,12.972287806588277,-1.2109442684518918,0.2975904597804178,True
2006-05-29,2006-08-21,60,61,84.0,2006-09-07,17,28.0,16.8,False,0.009681730336509169,0.005717890040841798,5.831222371437376,-0.005769337012460814,-0.0011430059168698438,-0.000971063928606725,0.0014998092143471446,0.6046509157024468,13.0,-2.4373480803878245,0.17891685433721283,True
2006-05-15,2006-08-21,70,71,98.0,2006-08-22,1,32.66666666666666,19.6,False,0.01215101469868089,0.010482948232736695,5.8138426644755885,-0.009292086135217707,-0.0023306562783452535,-0.0023801822772207457,0.003331249969693941,0.4529902920543274,9.185385674204573,-2.3456816751697143,0.1375616901888891,True
2006-04-28,2006-08-21,80,81,115.0,2006-08-22,1,38.333333333333314,23.0,False,0.019200101760328676,0.02986015651616508,5.780746985749339,-0.00035397271375938946,-0.000763974042195528,0.00013306274106959678,0.0007754753575772277,0.9,7.352817609908662,2.9691506811658366,0.05587152171001606,True
2006-04-12,2006-08-21,90,91,131.0,2006-10-03,43,43.66666666666666,26.200000000000003,False,0.01790128796861522,0.029161506095111214,5.775684971122752,-5.863708817847807e-05,0.00041961626895413684,-0.00033428225297731903,0.0005364908553056452,0.9,6.0,-0.6726875596694438,0.01639461910634203,True
2006-03-29,2006-08-21,100,101,145.0,2006-10-08,48,48.333333333333314,29.0,False,0.01674819016561945,0.02833068925619895,5.776677056840687,-6.921602921922453e-05,0.00046048982952369096,-0.00022896307495873475,0.0005142713027083245,0.9,6.0,-0.4614182150639814,0.020188574256829944,True
2006-03-15,2006-08-21,110,111,159.0,2006-10-13,53,53.0,31.8,False,0.01593726136788239,0.02819358928980981,5.77568498493274,-4.100884777470554e-05,0.0004799361681856563,-0.00010486094214979872,0.0004912581222954731,0.9,6.0,-0.215108940537327,0.01252157854909937,True
2006-03-01,2006-08-21,120,121,173.0,2006-10-17,57,57.66666666666666,34.6,False,0.015348566956752787,0.028504999422736745,5.774609899326561,-2.185640295909082e-05,0.000259893070997675,0.0003931616200596742,0.0004712965816134784,0.9,6.199114065287735,0.9867036312379892,0.0067328242981448995,True
2006-02-15,2006-08-21,130,131,187.0,2006-10-22,62,62.333333333333314,37.4,False,0.015297770689086556,0.030656854235319726,5.7667015817568235,0.00021403941582777886,-1.7164525169062724e-05,0.0009636262580379408,0.0009637791168646909,0.7360392061551234,6.26769942265523,1.5886068731929575,0.0260800867971797,True
2006-02-01,2006-08-21,140,141,201.0,2006-10-27,67,67.0,40.2,False,0.014839509816443032,0.03104975827451558,5.749621097140627,0.0020114154282395644,-0.0026513251996095337,-0.0004348352200492124,0.0026867465423221037,0.5186329979756482,6.563120068784549,-2.9790331175663707,0.059159551667213615,True
2006-01-18,2006-08-21,150,151,215.0,2006-10-31,71,71.66666666666663,43.0,False,0.014523588298404506,0.031851127176294396,5.756621110006182,0.000871324911771781,-0.0006905597957704945,-0.001450757783828509,0.00160672679036406,0.6193545882132379,6.714109185430845,-2.015059746179726,0.05002522556809402,True
2006-01-04,2006-08-21,160,161,229.0,2006-11-05,76,76.33333333333331,45.800000000000004,False,0.014233690865571873,0.032618270860722935,5.726364475175404,0.006347657858421806,0.003792492328870456,0.0022165905463601638,0.004392752179984037,0.41190455976011586,7.170640846663329,0.5289206485141326,0.08300713721852129,True
2005-12-20,2006-08-21,170,171,244.0,2006-11-10,81,81.33333333333331,48.800000000000004,False,0.013900998350057436,0.03304365612693923,5.741516430153237,0.002735172422096169,0.0011177457504308575,0.002495488883990604,0.0027343775036974887,0.5041460895622676,7.247854733291918,1.1496847006641702,0.06957819517836918,True
2005-12-06,2006-08-21,180,181,258.0,2006-11-05,76,86.0,51.6,False,0.013721066318989403,0.03407644662834908,5.756659953997839,0.0011059090984094386,0.0005270473251281871,-0.0019208147892295305,0.0019918103166335047,0.5714080821496282,6.807736900187647,-1.3029997589656341,0.04660312819324776,True
2005-11-22,2006-08-21,190,191,272.0,2006-10-23,63,90.66666666666663,54.400000000000006,False,0.013785112175263535,0.036295599677758396,5.768798127938029,0.0003314731491439103,0.0016744458156469544,0.0005161668678659268,0.001752197769950674,0.6100503943279068,6.0,0.29901864364930764,0.019234446477470413,True
2005-11-08,2006-08-21,200,201,286.0,2006-10-30,70,95.33333333333331,57.2,False,0.013906647826694839,0.03887236560891897,5.779860753851631,-0.00014493371800949976,0.0010989913164083911,0.0007535678447105753,0.0013325338307610768,0.6605810601902841,6.0,0.6010575383408704,0.011974739013486915,True
2006-07-14,2006-08-25,30,31,42.0,2006-09-07,13,14.0,8.4,False,0.004866445314459415,0.0007341509899573438,5.829429543649521,-0.001989516830257318,-0.0003765317273279144,-0.00022303084398561808,0.0004376287228387552,0.9,9.594748901885136,-2.6068323288962274,0.4264328913160107,True
2006-06-30,2006-08-25,40,41,56.0,2006-09-12,18,18.666666666666657,11.200000000000001,False,0.006295130381266922,0.0016247753272031428,5.828145807841685,-0.001641137333856075,-0.00037397619672531885,0.00023549832078183623,0.0004419475702028455,0.9,12.400737480308653,2.579610150462592,0.2695064543429232,True
2006-06-16,2006-08-25,50,51,70.0,2006-09-13,19,23.33333333333333,14.0,False,0.007452640183959374,0.0028326341312898662,5.876543883061546,-0.01692464904164002,0.0011287419996669587,-0.0015562649642103458,0.0019225033525694549,0.4621827905014081,13.0,-0.9432986710065492,0.31298461063870264,True
2006-06-02,2006-08-25,60,61,84.0,2006-09-07,13,28.0,16.8,False,0.009252452931727488,0.0052220810004837874,5.829083730477066,-0.004825751648454786,-0.0008537906362169663,-0.0007578857186410244,0.0011416432074040444,0.6433135002598304,13.0,-2.415630714700393,0.20917697768500376,True
2006-05-19,2006-08-25,70,71,98.0,2006-09-07,13,32.66666666666666,19.6,False,0.009902123515185273,0.006961695557808946,5.823329596614479,-0.0038083769276681754,-0.000949985252102029,-0.0005894715573671312,0.0011180110447380144,0.6760540307540173,12.977345591435942,-2.5862315012948875,0.17745546055271375,True
2006-05-05,2006-08-25,80,81,112.0,2006-08-26,1,37.333333333333314,22.400000000000002,False,0.01915481790153946,0.029719470956132064,5.787816034167418,-0.0005412073435668134,0.0006955581478866582,-3.058596349947429e-05,0.0006962303054698994,0.9,8.034409679828102,-0.04394495595984993,0.08707616508556287,True
2006-04-20,2006-08-25,90,91,127.0,2006-10-06,42,42.333333333333314,25.400000000000002,False,0.01864616508061489,0.03163883197143232,5.783904207846221,-0.00015594227415905703,0.00046510575601928944,-0.0002979266260893731,0.0005523437686941638,0.9,6.0,-0.5697080532475728,0.04234924416574795,True
2006-04-04,2006-08-25,100,101,143.0,2006-10-11,47,47.66666666666666,28.6,False,0.017256538803635063,0.030076601279617626,5.7848058394097635,-0.00016700975000482734,0.0004918107050860594,-0.00017355683862075482,0.0005215359487794467,0.9,6.0,-0.33925028635830323,0.04803400908288714,True
2006-03-21,2006-08-25,110,111,157.0,2006-10-16,52,52.333333333333314,31.400000000000002,False,0.016257789598803366,0.029339045212924436,5.783876395614066,-0.00013995925181720765,0.0004979140109798843,-5.262789443556625e-05,0.0005006875848298992,0.9,6.0,-0.10530576312509596,0.04193011452383724,True
2006-03-07,2006-08-25,120,121,171.0,2006-10-21,57,57.0,34.2,False,0.015540482993824054,0.02922230001344149,5.78451098746737,-0.00013974992443462528,0.00043042349362265803,0.00022428370901384187,0.0004853530323293963,0.9,6.077041067176313,0.4803665479161804,0.04264264870821735,True
2006-02-21,2006-08-25,130,131,185.0,2006-10-25,61,61.66666666666666,37.0,False,0.015384957301451615,0.031007295362941105,5.782242542059438,-9.400354722426112e-05,0.0003060381925653482,0.00032919443683819305,0.0004494756417803752,0.9,6.097160400739891,0.8218352014818122,0.03087116151237595,True
2006-02-07,2006-08-25,140,141,199.0,2006-10-30,66,66.33333333333331,39.800000000000004,False,0.014947040677129453,0.03150137752553051,5.7757478901933546,-5.002714921592511e-06,-0.000523218324045005,0.0008619430373026385,0.0010083170206690757,0.7244826374005835,6.3085439812236075,2.1163630180478537,0.000569780397463673,True
2006-01-24,2006-08-25,150,151,213.0,2006-11-04,71,71.0,42.6,False,0.014651350178596133,0.03241397137043319,5.766948001927602,0.0005250391841046894,-0.0017390404134353353,-0.0010116020532021318,0.002011864874588776,0.5777883942464597,6.5721283723581205,-2.6147367599091496,0.022943289459964437,True
2006-01-10,2006-08-25,160,161,227.0,2006-11-08,75,75.66666666666663,45.400000000000006,False,0.014405913506430054,0.03341238537671376,5.754486189123698,0.002166354631487011,0.002464329095840576,-0.0024248607264164314,0.003457291922173083,0.4643934085394267,6.892034966395523,-0.7773257600844999,0.042221346085392485,True
2005-12-27,2006-08-25,170,171,241.0,2006-11-13,80,80.33333333333331,48.2,False,0.014060214643967334,0.033804927727688124,5.746105875170889,0.0037213214815315777,0.0031060280128147287,0.0029214143115794907,0.004264044042489627,0.4192140271752015,7.150489728405542,0.7547788735897495,0.05116530025180915,True
2005-12-12,2006-08-25,180,181,256.0,2006-11-18,85,85.33333333333331,51.2,False,0.013782490932217884,0.03438222718969695,5.7581480947341115,0.0014034655859395278,0.00072627674766433,0.0025416494258868414,0.002643380358236171,0.5110404128942586,7.212221995099236,1.2924634949267386,0.03762082096806114,True
2005-11-28,2006-08-25,190,191,270.0,2006-11-05,72,90.0,54.0,False,0.013769763411206499,0.036214819420514834,5.77067615644397,0.0003554063249282818,-0.0021620089461590777,-0.00011287184393345793,0.0021649532873539846,0.5602538914351652,6.4650952399002595,-3.089433079941511,0.01422612357880388,True
2005-11-14,2006-08-25,200,201,284.0,2006-10-30,66,94.66666666666663,56.800000000000004,False,0.013753361521040001,0.038020145578813176,5.779280324507626,-0.00014895746527356823,0.0014693585165975638,0.0009122816689093957,0.0017295295006810104,0.6113054373587244,6.0,0.5556244277465061,0.008774882458018295,True
2006-07-20,2006-08-31,30,31,42.0,2006-09-03,3,14.0,8.4,False,0.004018414294203395,0.0005005772566356031,5.819982383598635,-0.0017388082091132188,0.00032619229097697775,-0.0002437697932856244,0.000407216309608696,0.8999985862139371,8.697296337176066,-0.6417832495493331,0.44185937867707686,True
2006-07-06,2006-08-31,40,41,56.0,2006-09-06,6,18.666666666666657,11.200000000000001,False,0.006258213782823657,0.0016057748298124836,5.821181902941507,-0.0016055878924472375,-0.00047139475227244505,8.53874599515684e-05,0.0004790657896228664,0.9,11.233279450412713,2.9623977362067904,0.2685189079488629,True
2006-06-22,2006-08-31,50,51,70.0,2006-09-09,9,23.33333333333333,14.0,False,0.00724234511369552,0.002675029700039338,5.826526970877153,-0.0017490419209901435,0.00022586729724110628,0.0003536024038115969,0.0004195839557756491,0.8907528251888079,12.166716461061439,1.0023628596933605,0.30518639345077847,True
2006-06-08,2006-08-31,60,61,84.0,2006-09-12,12,28.0,16.8,False,0.007832946479312305,0.0037426580834140333,5.852327478278511,-0.008841287009613166,0.0002561686903518001,-0.001238640130853382,0.001264852470320962,0.5643778798716611,13.0,-1.366857069993085,0.30346055460743215,True
2006-05-25,2006-08-31,70,71,98.0,2006-09-07,7,32.66666666666666,19.6,False,0.009335376953632938,0.006187597663515891,5.827202743336749,-0.004631467125036575,-0.0009716496089292453,-0.0008966781540599442,0.0013221704407907116,0.6413319008190723,13.0,-2.3963005438297147,0.17281070132533724,True
2006-05-11,2006-08-31,80,81,112.0,2006-09-01,1,37.333333333333314,22.400000000000002,False,0.01530825030425337,0.018981744717591544,5.822878582786832,-0.009570057149847558,-0.003306614050922076,-0.0005967343897129633,0.0033600280376242997,0.4478046929087573,10.117548160216671,-2.963047504293789,0.1260622313883343,True
2006-04-26,2006-08-31,90,91,127.0,2006-10-12,42,42.333333333333314,25.400000000000002,False,0.01947810810478373,0.0345250992760894,5.7964712063303745,-0.0003230464098582354,0.0004939047600195826,-0.00019133397833319665,0.0005296702778472751,0.9,6.0,-0.36958902166945606,0.09148514369293602,True
2006-04-10,2006-08-31,100,101,143.0,2006-10-17,47,47.66666666666666,28.6,False,0.018002805212625587,0.032734200547897635,5.794266547534504,-0.0002689157376835528,0.0005158194001771818,-5.298795896464601e-05,0.0005185338729479363,0.9,6.0,-0.10236672664356353,0.07779117769724374,True
2006-03-27,2006-08-31,110,111,157.0,2006-10-22,52,52.333333333333314,31.400000000000002,False,0.01681445247803683,0.031382565147113635,5.7945138509521605,-0.0002596894771511885,0.0004976622630130031,5.144898422874964e-05,0.000500314627015235,0.9,6.0,0.10301536624930815,0.07785785077895016,True
2006-03-13,2006-08-31,120,121,171.0,2006-10-27,57,57.0,34.2,False,0.015932800907257766,0.030716351514787986,5.79346660239411,-0.00022716819110510405,0.0004554177148489534,0.00015685118126836775,0.0004816716600169923,0.9,6.0,0.33168771397903596,0.0707436859884252,True
2006-02-27,2006-08-31,130,131,185.0,2006-10-31,61,61.66666666666666,37.0,False,0.015469012886221982,0.031347037117307325,5.794029743324748,-0.00022419026418653022,0.00021424244461745707,0.0004118191684518905,0.00046421423134159807,0.9,6.113326695308931,1.0910926457207557,0.07109895256581389,True
2006-02-13,2006-08-31,140,141,199.0,2006-11-05,66,66.33333333333331,39.800000000000004,False,0.015234745470719154,0.03272574320762128,5.7923245356136235,-0.0001860419531487677,6.223947318878621e-05,0.0004289650225292658,0.00043345673668354856,0.9,6.135125761710415,1.4267096177624232,0.0629628202837509,True
2006-01-30,2006-08-31,150,151,213.0,2006-11-10,71,71.0,42.6,False,0.014908342075159427,0.033561058177925304,5.786286884011042,-0.0003311167777759935,-0.0012931013589597418,0.00029966244539645596,0.001327369091746721,0.6641378563497076,6.383861244380636,2.913872950162829,0.025951608658271383,True
2006-01-16,2006-08-31,160,161,227.0,2006-11-14,75,75.66666666666663,45.400000000000006,False,0.01459660212339881,0.03430278776135852,5.783971318915961,-0.0002675046447973685,-0.0005420197271906695,-0.0013703444365317364,0.0014736448891769448,0.6386299357458585,6.623447938184321,-1.947447990648783,0.017502642823400933,True
2006-01-02,2006-08-31,170,171,241.0,2006-11-19,80,80.33333333333331,48.2,False,0.014477638481607063,0.03584194473670275,5.766512968413971,0.001570804236526177,0.004856582282905294,0.0009169704373298151,0.004942390742704024,0.39200987296559253,6.998465084768089,0.1866129868611062,0.01780242608334282,True
2005-12-16,2006-08-31,180,181,258.0,2006-11-25,86,86.0,51.6,False,0.014039855935563433,0.035678277399139015,5.767228248664677,0.0012616149518474083,-0.0001872399709996456,0.004204056809219557,0.004208224383500156,0.4210469857043298,7.227631332337926,1.6153048389029185,0.017464755478723615,True
2005-12-02,2006-08-31,190,191,272.0,2006-11-29,90,90.66666666666663,54.400000000000006,False,0.013703472135969473,0.03586696337902673,5.772659079509141,0.0004679544586166844,-0.0021870569931242874,0.0022020291753683733,0.0031035706501298414,0.47824711867740316,7.3314152525729055,2.3527832734617595,0.00983572769897061,True
2005-11-18,2006-08-31,200,201,286.0,2006-11-24,85,95.33333333333331,57.2,False,0.013773508831185608,0.038131618650072335,5.7853920865617185,-0.00041554619185019007,0.0019551969629868615,-0.0005744264615399851,0.0020378324081706018,0.5635357866115971,6.863240053154656,-0.28575416047828117,0.01674338074775829,True
2006-07-26,2006-09-06,30,31,42.0,2006-09-11,5,14.0,8.4,False,0.004128993007477358,0.0005285060809297045,5.826911423769122,-0.0016020149608399422,-5.512470953120862e-05,0.00026418840905475296,0.0002698782115691846,0.9,10.424540392067211,1.7765017127118221,0.5124887508266225,True
2006-07-12,2006-09-06,40,41,56.0,2006-09-13,7,18.666666666666657,11.200000000000001,False,0.00600205414128872,0.001477010810513404,5.832251332716001,-0.001758771692333933,-0.00023688831750269328,-0.0002706174682572886,0.0003596524559838865,0.9,12.60869121968445,-2.2898314610763943,0.3490590777198149,True
2006-06-28,2006-09-06,50,51,70.0,2006-09-10,4,23.33333333333333,14.0,False,0.00655151039768076,0.0021890367130368744,5.826997584575573,-0.0016824240867566135,-0.00013045490298497993,-0.00042422970989582,0.000443834798625696,0.9,12.958542118215549,-1.8691287629204307,0.26326946588608147,True
2006-06-14,2006-09-06,60,61,84.0,2006-09-14,8,28.0,16.8,False,0.007530024096865054,0.003458777036861471,5.839860319978275,-0.00399861698447624,0.0004449689098216601,-0.0004884135718828887,0.0006607156331639796,0.7146895094440284,13.0,-0.831909995059193,0.33271262338625596,True
2006-05-31,2006-09-06,70,71,98.0,2006-09-07,1,32.66666666666666,19.6,False,0.009013981654444775,0.005768882433933355,5.8274403147987,-0.004408102425234323,-0.0009066297820009615,-0.0007080980619547962,0.0011503827306402201,0.6574685690021362,13.0,-2.478531084909161,0.1937942856448462,True
2006-05-17,2006-09-06,80,81,112.0,2006-09-07,1,37.333333333333314,22.400000000000002,False,0.010009696026441051,0.008115715177881731,5.826415325066515,-0.005157048597664825,-0.0008356908738586313,0.0012066501256908471,0.001467781919251065,0.6132145538556798,12.626662086838428,2.1765189586745874,0.17063321988283991,True
2006-05-03,2006-09-06,90,91,126.0,2006-10-18,42,42.0,25.200000000000003,False,0.019999203553561176,0.036397100992686435,5.810754959994267,-0.00051932423424241,0.000476853318042584,-0.00010494457318337518,0.00048826473389838686,0.9,6.0,-0.2166240000816943,0.15954180125688341,True
2006-04-18,2006-09-06,100,101,141.0,2006-10-23,47,47.0,28.200000000000003,False,0.01869308300023856,0.03529256655743459,5.802345623525813,-0.00034246614695496185,0.0005193754102983803,5.9482822763850835e-05,0.0005227705261647472,0.9,6.0,0.11403077444325357,0.09826476335633244,True
2006-03-31,2006-09-06,110,111,159.0,2006-10-29,53,53.0,31.8,False,0.017319910062554397,0.033297700587822,5.802932317772464,-0.00033480218212854167,0.00046300742944182523,0.0001767801285802888,0.0004956078021774781,0.9,6.0,0.36472628221482417,0.10133078433922083,True
2006-03-17,2006-09-06,120,121,173.0,2006-11-02,57,57.66666666666666,34.6,False,0.016368744727687977,0.032420232279185765,5.802809947556612,-0.0003158681542803827,0.0004025936292538226,0.00025839867253400013,0.0004783842642511329,0.9,6.0,0.5706138777253272,0.09904218571283242,True
2006-03-03,2006-09-06,130,131,187.0,2006-11-07,62,62.333333333333314,37.4,False,0.01574408366693188,0.03247177833698701,5.804589189283972,-0.00032820365111847446,9.197404852146355e-05,0.0004572420925580336,0.00046640063980260354,0.9,6.12539646424779,1.3722956596806732,0.10339334275382081,True
2006-02-17,2006-09-06,140,141,201.0,2006-11-12,67,67.0,40.2,False,0.015494132805078935,0.03384960934478067,5.802789850265828,-0.0002861433463044378,-3.822968942936461e-05,0.00043669850949463833,0.000438368677426552,0.9,6.137397374297148,1.6581162397633196,0.09571993671956282,True
2006-02-03,2006-09-06,150,151,215.0,2006-11-16,71,71.66666666666663,43.0,False,0.015048844832160659,0.03419662734814973,5.801678979119968,-0.0002598289472080576,-0.0003211968360912713,0.0002651425538843605,0.00041649487559316265,0.9,6.2535724395580266,2.451505235694641,0.08978260368548222,True
2006-01-20,2006-09-06,160,161,229.0,2006-11-21,76,76.33333333333331,45.800000000000004,False,0.014806907126522858,0.03529836428320921,5.799871015547752,-0.00042081042957945055,-0.0005786328785719199,-0.0004557210447058793,0.0007365444173654731,0.7787691816003489,6.478382938123801,-2.4744694437278043,0.0686799063098852,True
2006-01-06,2006-09-06,170,171,243.0,2006-11-26,81,81.0,48.6,False,0.014800376673220005,0.03745774659343232,5.792199076219036,-0.0012376009838637916,0.003209613584953468,-0.0012256132361613712,0.0034356581857588513,0.4662268677287591,6.846825439744732,-0.36476864438762574,0.024528937603360605,True
2005-12-22,2006-09-06,180,181,258.0,2006-12-01,86,86.0,51.6,False,0.014400461625220745,0.03753456639852141,5.786873709954876,-0.0010481352877340438,0.0014912858827158231,0.004738659195879607,0.004967778634226959,0.390310223840429,7.120790885394096,1.2659027167066468,0.011564764746323316,True
2005-12-08,2006-09-06,190,191,272.0,2006-12-05,90,90.66666666666663,54.400000000000006,False,0.013999047185792271,0.03743090452301735,5.78721248401477,-0.0009395658937925893,-0.0030786042321554862,0.0030156351625374002,0.004309508028972408,0.4160444814095837,7.294531333059757,2.3665266784751373,0.01243488923083185,True
2005-11-24,2006-09-06,200,201,286.0,2006-12-10,95,95.33333333333331,57.2,False,0.013860859983867232,0.03861681133796676,5.793165028083933,-0.0010802498267266471,-0.002642182831209698,0.0011083269897689805,0.002865225790367954,0.4926834773100697,7.330558744525888,2.744411876443595,0.025339396851631987,True
2006-08-01,2006-09-12,30,31,42.0,2006-09-18,6,14.0,8.4,False,0.00664337675700657,0.001368168096801589,5.820637911892837,-0.0009999810385219541,-0.0003000040184780466,5.95925482329053e-05,0.00030586546537304153,0.9,10.075422021896271,2.9455059290845025,0.2920388192391163,True
2006-07-18,2006-09-12,40,41,56.0,2006-09-16,4,18.666666666666657,11.200000000000001,False,0.007432799672813361,0.0022651069500231507,5.824429405559574,-0.0014030091957238382,0.00032748986937165093,-0.00013124255412396836,0.00035280904545383155,0.9,12.948338091090532,-0.3811553635550894,0.27640715769722723,True
2006-07-04,2006-09-12,50,51,70.0,2006-09-16,4,23.33333333333333,14.0,False,0.007695251921507981,0.0030200620089090857,5.824378913189081,-0.0014045997749999953,0.00038714292644328877,-9.790018861496134e-05,0.00039932955365952906,0.9,13.0,-0.24768615976800704,0.243511961470109,True
2006-06-20,2006-09-12,60,61,84.0,2006-09-15,3,28.0,16.8,False,0.008491252544837145,0.0043981835565924015,5.825386924848042,-0.0014762272417224822,0.00028752880516855965,-0.00016071010923095612,0.00032939422127700626,0.9,13.0,-0.5096777255117602,0.3102675787925195,True
2006-06-06,2006-09-12,70,71,98.0,2006-09-14,2,32.66666666666666,19.6,False,0.009362236998255884,0.006223255194417306,5.821020300664376,-0.0013487309568329079,0.00011615702626490642,-0.0002683574269801735,0.0002924177890726303,0.9,13.0,-1.162300155584989,0.3193160098878307,True
2006-05-23,2006-09-12,80,81,112.0,2006-09-13,1,37.333333333333314,22.400000000000002,False,0.010680619166917395,0.009240125688886582,5.819512427303507,-0.0015750642888971247,6.27619137929672e-05,-0.0004834897505810509,0.000487546302149737,0.8462523832682319,13.0,-1.4417079473894274,0.21029985371530757,True
2006-05-09,2006-09-12,90,91,126.0,2006-09-13,1,42.0,25.200000000000003,False,0.01874429708676803,0.03197272926820887,5.817480085653501,-0.0037990303244949874,0.0013123143433879385,-0.0011831084789791315,0.0017668940570656833,0.6048692868999179,11.628966725846492,-0.7336672153854823,0.11183626524868225,True
2006-04-24,2006-09-12,100,101,141.0,2006-10-29,47,47.0,28.200000000000003,False,0.018302399342478348,0.033832759990846735,5.805478954064817,-0.00035288832314076847,0.00047603298485835696,0.0001871881817664024,0.0005115142403356611,0.9,6.0,0.374652452626993,0.10348343075723544,True
2006-04-06,2006-09-12,110,111,159.0,2006-11-04,53,53.0,31.8,False,0.017115490329364935,0.03251634102281889,5.804632712942641,-0.00032429079678668326,0.00039046545335349726,0.00028730503098919316,0.0004847756708976363,0.9,6.0,0.6343519097614275,0.100342534574665,True
2006-03-23,2006-09-12,120,121,173.0,2006-11-08,57,57.66666666666666,34.6,False,0.01631879087740531,0.0322226552197589,5.805757683246253,-0.0003278805783436026,0.0003189369626189573,0.00033469534442027185,0.00046232213845024826,0.9,6.0,0.8095024335764657,0.10638055732395565,True
2006-03-09,2006-09-12,130,131,187.0,2006-11-13,62,62.333333333333314,37.4,False,0.01567601716133416,0.03219161433956005,5.806081117445887,-0.0003242744357898119,-0.0002827121656545148,0.00034854426406349926,0.0004487864443369832,0.9,6.249759868672353,2.252282703491894,0.10405241401789873,True
2006-02-23,2006-09-12,140,141,201.0,2006-11-18,67,67.0,40.2,False,0.015367427364584263,0.03329825315661403,5.804815668434373,-0.0002971284840577535,-0.00042507608724563165,-6.114726297386874e-05,0.00042945158949205355,0.9,6.412314301753625,-2.998722578199159,0.09710861964062123,True
2006-02-09,2006-09-12,150,151,215.0,2006-11-22,71,71.66666666666663,43.0,False,0.015018851313053095,0.0340604501093031,5.802873857693019,-0.0002607714814764663,-0.000298437018742591,-0.000274920928426758,0.00040576615315104366,0.9,6.488027936132667,-2.397186190823578,0.08914850711546633,True
2006-01-26,2006-09-12,160,161,229.0,2006-11-27,76,76.33333333333331,45.800000000000004,False,0.014758537380015637,0.03506812252116833,5.800745108097544,-0.000569126882375222,0.00035288777672682454,-0.0009099205618446243,0.0009759534885591823,0.7168382238690709,6.679070898951578,-1.20083156705288,0.0625871362692933,True
2006-01-12,2006-09-12,170,171,243.0,2006-12-02,81,81.0,48.6,False,0.01460553527378344,0.03647800396836822,5.798636014315177,-0.0008505853699987525,0.0015337119070472506,0.0005381413420894411,0.001625382514328347,0.611676569691557,6.938410271408996,0.3374542192206866,0.04613432748035258,True
2005-12-29,2006-09-12,180,181,257.0,2006-12-06,85,85.66666666666663,51.400000000000006,False,0.014451198783021897,0.03779952347422085,5.793160872681659,-0.0016848401358019102,-0.0020759764465492106,0.004056625244744492,0.00455696023495108,0.40513382349521593,7.228238524648092,2.043799392079664,0.020722850222798593,True
2005-12-14,2006-09-12,190,191,272.0,2006-12-11,90,90.66666666666663,54.400000000000006,False,0.01403936614793161,0.037646826150616416,5.791520335946905,-0.0014244610938965532,-0.004271054789834489,-0.0010978465974649963,0.004409895256050149,0.40923593851788465,7.446171863725815,-2.8899959392005177,0.01775264332823423,True
2005-11-30,2006-09-12,200,201,286.0,2006-12-16,95,95.33333333333331,57.2,False,0.01375540461927107,0.03803144240421265,5.7922895931921206,-0.0012212012695489046,-0.0011764483781046549,-0.003356782317934258,0.0035569675731360224,0.44838384032352907,7.595831268083144,-1.9078889650317064,0.020266650801275227,True
2006-08-07,2006-09-18,30,31,42.0,2006-10-01,13,14.0,8.4,False,0.005513454784695902,0.0009423436935494701,5.832804998497828,-0.0026730384892455694,-0.0004983884294627113,0.0005162358849798617,0.000717558719244111,0.6658329885932297,6.00880462135751,2.338606093339525,0.41278603063483993,True
2006-07-24,2006-09-18,40,41,56.0,2006-10-06,18,18.666666666666657,11.200000000000001,False,0.0060920593808756725,0.0015216406875047266,6.00685860097737,-0.1278045895651158,-0.004685054996540507,-0.0004603147377455121,0.004707614043057788,0.12668018323951885,6.0,-3.0436552638385153,0.5731958438987387,True
2006-07-10,2006-09-18,50,51,70.0,2006-09-20,2,23.33333333333333,14.0,False,0.008390936661610298,0.003590798721016944,5.825824172340973,-0.0013306113424625251,0.00027514621415777846,0.0002291951943080197,0.0003581003717664211,0.9,13.0,0.694538085167018,0.25724420874367016,True
2006-06-26,2006-09-18,60,61,84.0,2006-09-19,1,28.0,16.8,False,0.009301738396835969,0.005277862569393527,5.827357729160979,-0.0014715740511345781,0.0002931514219056683,2.607902926697279e-05,0.00029430914347471906,0.9,13.0,0.08872737856475699,0.3461605111457825,True
2006-06-12,2006-09-18,70,71,98.0,2006-09-19,1,32.66666666666666,19.6,False,0.009095159601150735,0.005873256900098712,5.826593127471764,-0.0014369077460650152,0.00027120207993564535,4.1395240580037424e-05,0.00027434309560129145,0.9,13.0,0.1514670842898559,0.36260518368687367,True
2006-05-29,2006-09-18,80,81,112.0,2006-09-19,1,37.333333333333314,22.400000000000002,False,0.011908977878114705,0.011487724082215458,5.821156846116105,-0.0013126861463390019,0.00028035158388512924,-0.00019679612995028296,0.00034252843290785267,0.8782006775745957,13.0,-0.6120414612525864,0.25888965083550264,True
2006-05-15,2006-09-18,90,91,126.0,2006-09-19,1,42.0,25.200000000000003,False,0.013399037417902873,0.016337612539098875,5.822173202430287,-0.0019950587938392943,0.000566915120829463,-0.00023185702541453357,0.0006124952526013244,0.7784575706133593,13.0,-0.38822382546242523,0.19504937640011574,True
2006-04-28,2006-09-18,100,101,143.0,2006-11-04,47,47.66666666666666,28.6,False,0.01845873640062497,0.03441321990028349,5.81321467932232,-0.0004286693777517123,0.0003912285395177857,0.0002784527808296208,0.00048020383305942945,0.9,6.0,0.6185614067585247,0.1339023186322611,True
2006-04-12,2006-09-18,110,111,159.0,2006-11-10,53,53.0,31.8,False,0.0174173400995778,0.03367337471202405,5.808509821866531,-0.0003361430590613108,0.0003054483617928684,0.0003717396520997556,0.00048113311117111275,0.9,6.0,0.8829792563363308,0.10479731635278053,True
2006-03-29,2006-09-18,120,121,173.0,2006-11-14,57,57.66666666666666,34.6,False,0.01663746734725206,0.03349344368743629,5.8101343382592585,-0.0003494906113727359,0.0002278768517334919,0.0003917022085296999,0.0004531649586221472,0.9,6.0,1.0438962346234835,0.11568324229063269,True
2006-03-15,2006-09-18,130,131,187.0,2006-11-19,62,62.333333333333314,37.4,False,0.015991565772412453,0.033500653036794545,5.8110276521909325,-0.00035263169727667504,-0.00024524141336078445,0.0003609263733845707,0.0004363613156911754,0.9,6.187990919739605,2.1676157290332645,0.11753519890945295,True
2006-03-01,2006-09-18,140,141,201.0,2006-11-24,67,67.0,40.2,False,0.015540815787600947,0.03405389070352471,5.8120047602797476,-0.0003590387951032558,-0.00026535178263744816,-0.0003334552023295423,0.0004261501384600356,0.9,6.521548411023122,-2.242949251283726,0.11627076525378056,True
2006-02-15,2006-09-18,150,151,215.0,2006-11-28,71,71.66666666666663,43.0,False,0.01526424600994312,0.03518257814406173,5.809576169125252,-0.00031519865425235286,-0.00011394090570725592,-0.000386351808718,0.0004028029916634928,0.9,6.553841417513161,-1.8575813890475743,0.10745787497966945,True
2006-02-01,2006-09-18,160,161,229.0,2006-12-03,76,76.33333333333331,45.800000000000004,False,0.014934787904528986,0.035910710250275715,5.807997886261382,-0.00028613213816922474,0.00016885892838816545,-0.00034279600622199485,0.00038212882589272105,0.9,6.659318443953079,-1.11309182045255,0.10119744941557023,True
2006-01-18,2006-09-18,170,171,243.0,2006-12-08,81,81.0,48.6,False,0.014622079378708115,0.03656069011608823,5.8072040297531275,-0.00032222691527921364,0.00044193818908974723,2.2637240512311232e-05,0.0004425175788982144,0.8645460724026515,6.8463982304008875,0.051177911210747024,0.0919511724943142,True
2006-01-04,2006-09-18,180,181,257.0,2006-12-12,85,85.66666666666663,51.400000000000006,False,0.014807273439577879,0.03968521775531156,5.806568999343637,-0.0020041412953951086,-0.0008493253568825777,0.002680381041876427,0.0028117247538644815,0.49676868118018164,7.157290395873065,1.8776550693931453,0.04947218613901205,True
2005-12-20,2006-09-18,190,191,272.0,2006-12-17,90,90.66666666666663,54.400000000000006,False,0.01439230725966434,0.03956345507700809,5.805015740501266,-0.002674550765971263,-0.0038515635304791486,-0.0010780196686520206,0.003999583482728873,0.42545456132895243,7.411311741472301,-2.868684619586463,0.03838788475162497,True
2005-12-06,2006-09-18,200,201,286.0,2006-12-22,95,95.33333333333331,57.2,False,0.013995332772906934,0.039369737224304986,5.803277096352871,-0.002242525828593298,-0.0005784617341442508,-0.0035607426707004496,0.0036074237822601523,0.4423165640443099,7.591725297378613,-1.7318447399413148,0.03621871250390845,True
2006-08-11,2006-09-22,30,31,42.0,2006-09-23,1,14.0,8.4,False,0.005159480846951187,0.0008252275209117404,5.872951778749844,-0.047820512335028806,0.005617702495044278,-0.00020639630755382027,0.005621492751805213,0.1,6.0,-0.036723823426928086,0.14177880753492136,True
2006-07-28,2006-09-22,40,41,56.0,2006-09-30,8,18.666666666666657,11.200000000000001,False,0.005504499075916132,0.0012422799131472238,5.824828958490549,-0.001378678567445762,-0.00018578190585366838,0.0004852428892954444,0.0005195917418073657,0.7568780666348291,6.014940866078398,1.9364433457230845,0.3338837959003814,True
2006-07-14,2006-09-22,50,51,70.0,2006-09-23,1,23.33333333333333,14.0,False,0.008289240210846252,0.0035042866669286314,5.8283518361441775,-0.0013972934504008242,-4.1691664758490826e-05,0.0003374157482305672,0.00033998173783944324,0.9,13.0,1.69373490303971,0.28453204877153815,True
2006-06-30,2006-09-22,60,61,84.0,2006-10-11,19,28.0,16.8,False,0.009275206147845664,0.005247796394187074,5.841935392912624,-0.0012954786162228346,-0.00011440303403972523,-0.00017576923455451052,0.00020972095272855563,0.9,13.0,-2.1477833525351895,0.42764912115959286,True
2006-06-16,2006-09-22,70,71,98.0,2006-09-23,1,32.66666666666666,19.6,False,0.009462586459581177,0.00635737851785848,5.829203423822561,-0.0014267720364042253,0.00014383284026809302,0.00017651370934951323,0.00022769491765937857,0.9,13.0,0.8870636763139641,0.43381084923898416,True
2006-06-02,2006-09-22,80,81,112.0,2006-09-23,1,37.333333333333314,22.400000000000002,False,0.011829370605512228,0.011334654722727096,5.825401360443037,-0.0012689790612823283,0.00018226016823975566,3.118139939621368e-05,0.0001849082166781407,0.9,13.0,0.1694413922996821,0.47511353539921247,True
2006-05-19,2006-09-22,90,91,126.0,2006-10-27,35,42.0,25.200000000000003,False,0.013208006927811176,0.01587508167746483,6.134945491637889,-0.17382179762807054,0.005612533871846882,0.0004626354333711405,0.0056315688761515706,0.15944040002776258,6.0,0.08224304691824114,0.8202041490524321,True
2006-05-05,2006-09-22,100,101,140.0,2006-11-07,46,46.66666666666666,28.0,False,0.018664830392275827,0.03518596525081476,5.825587642531059,-0.0005977585761009865,0.00033677951996470345,0.0002612543429228297,0.0004262326556749208,0.9,6.0,0.6597740723629779,0.21036348393618337,True
2006-04-20,2006-09-22,110,111,155.0,2006-11-12,51,51.66666666666666,31.0,False,0.018075219075546278,0.03626520345381811,5.8142953405934295,-0.000384262581483457,0.0002761318300928548,0.0004005102900770305,0.0004864743364742033,0.9,6.0,0.9671860298886568,0.11848392176300351,True
2006-04-04,2006-09-22,120,121,171.0,2006-11-18,57,57.0,34.2,False,0.017160023710843107,0.035630436064560414,5.814944354946465,-0.00038327540525145184,0.0001806061811518311,0.00041736344240775797,0.00045476459375010927,0.9,6.0,1.162395554526536,0.12641993589173073,True
2006-03-21,2006-09-22,130,131,185.0,2006-11-22,61,61.66666666666666,37.0,False,0.016478365970066897,0.0355712874006931,5.815835545250238,-0.00038350090118864416,0.0001060803214437165,0.0004198236994724251,0.0004330184444527916,0.9,6.0,1.3232985422016919,0.13284684732307775,True
2006-03-07,2006-09-22,140,141,199.0,2006-11-27,66,66.33333333333331,39.800000000000004,False,0.016044226724681084,0.03629582677820887,5.818411966311552,-0.0004118231092952707,-0.0003950927169362158,-0.00015098811200015322,0.0004229605950220559,0.9,6.3987953843504615,-2.7765606966899092,0.1369478099423076,True
2006-02-21,2006-09-22,150,151,213.0,2006-12-02,71,71.0,42.6,False,0.0156600248838518,0.03703069328379148,5.816664221828053,-0.0003767423798392977,-0.00021195386876048903,-0.000344512385281632,0.0004044913177003658,0.9,6.485925973594846,-2.122338132238786,0.12924263226792004,True
2006-02-07,2006-09-22,160,161,227.0,2006-12-06,75,75.66666666666663,45.400000000000006,False,0.01518048430578277,0.03710198370505684,5.81548753105343,-0.0003515339800411443,0.00012529814526556271,-0.00036779409455206297,0.0003885513108900315,0.9,6.618268565333931,-1.242453151811545,0.12303170867569296,True
2006-01-24,2006-09-22,170,171,241.0,2006-12-11,80,80.33333333333331,48.2,False,0.014939023148244116,0.03816282455866528,5.814133794964251,-0.0003255543633952715,0.00032971569969542054,-0.00016823646213596648,0.00037015665577923523,0.9,6.729457982131462,-0.47181160178726234,0.11762520176126921,True
2006-01-10,2006-09-22,180,181,255.0,2006-12-16,85,85.0,51.0,False,0.014962892254280774,0.040523754174992016,5.8143809772624335,-0.0007325468210628884,0.0005702962074597409,0.000583353792857858,0.0008158059891203377,0.7372915146190462,6.9351790538194145,0.7967161782563037,0.09546189608890741,True
2005-12-27,2006-09-22,190,191,269.0,2006-12-20,89,89.66666666666663,53.800000000000004,False,0.014837761543547018,0.04205040101602409,5.816503586161787,-0.0022437441839158728,-0.0015937101293390567,0.0017026270461614334,0.0023321343946433107,0.5283228283385685,7.1896765443759785,2.323164705948988,0.07069843338213254,True
2005-12-12,2006-09-22,200,201,284.0,2006-12-25,94,94.66666666666663,56.800000000000004,False,0.014442559788091839,0.041926094179754084,5.816612152407721,-0.0030176553001505795,-0.002464273231671038,-0.0019275418420984165,0.0031285875588467358,0.46881500550800803,7.432979262194032,-2.477803191702951,0.060835894566013814,True
2006-08-17,2006-09-28,30,31,42.0,2006-10-11,13,14.0,8.4,False,0.004951604537643028,0.0007600700124134178,5.944668184359592,-0.09333557960126852,0.0006893642452619839,0.004794506860131248,0.004843812454512584,0.1,12.27386102991069,1.4279929358,0.15699242847266173,True
2006-08-03,2006-09-28,40,41,56.0,2006-10-01,3,18.666666666666657,11.200000000000001,False,0.00567207358342112,0.001319069168165492,5.841962457133765,-0.008057712335212871,-0.001050434922067417,0.0012487836536610702,0.0016318315290341316,0.43759306684946137,6.025626261861177,2.2701396573497603,0.35859537185848656,True
2006-07-20,2006-09-28,50,51,70.0,2006-10-21,23,23.33333333333333,14.0,False,0.006908476920786784,0.0024340797216172256,5.863793606413233,-0.004536740638849631,0.00031588274785042663,-0.0003535643738683433,0.00047411989713410025,0.6522598647745409,6.0,-0.8416265116468465,1.0402199434855408,True
2006-07-06,2006-09-28,60,61,84.0,2006-10-24,26,28.0,16.8,False,0.009177408464881284,0.005137714394007753,5.852008601133663,-0.0016167799736524092,-0.00023381395135698563,-7.461911782148087e-05,0.00024543222403267036,0.8428095499334508,6.975804158862961,-2.8326710546763083,0.7958926731906125,True
2006-06-22,2006-09-28,70,71,98.0,2006-10-30,32,32.66666666666666,19.6,False,0.010051588643735806,0.007173444832664382,6.1446521036519925,-0.18023436934711076,0.0032920631841288905,0.0029944112364608567,0.004450188609636662,0.15581733541985313,6.146309002410607,0.7380855048418802,1.0267402238704697,True
2006-06-08,2006-09-28,80,81,112.0,2006-10-06,8,37.333333333333314,22.400000000000002,False,0.01026000556170381,0.00852668484422164,5.842575857781652,-0.001467737018446022,-0.000135252114413965,6.0146572302954826e-05,0.0001480227841017823,0.9,13.0,2.7231552074811023,0.6864656912926579,True
2006-05-25,2006-09-28,90,91,126.0,2006-10-30,32,42.0,25.200000000000003,False,0.013035072916114044,0.015462094459485298,6.129248356749782,-0.1658902833850247,0.005296012106189477,0.0014026157763611033,0.0054786015775015575,0.16496733716206302,6.0,0.25889973987541853,0.8325262667840524,True
2006-05-11,2006-09-28,100,101,140.0,2006-10-24,26,46.66666666666666,28.0,False,0.015954153556603137,0.025708036586474924,5.838323773885003,-0.0009600265258350075,0.00033388678426260325,-5.660683859364847e-05,0.00033865132345937987,0.9,6.0,-0.1679420923327632,0.42522786388142947,True
2006-04-26,2006-09-28,110,111,155.0,2006-10-23,25,51.66666666666666,31.0,False,0.01923524458327015,0.04106940439378283,5.824730997376928,-0.0006521204102741314,0.0005140264422946261,5.682420127110555e-06,0.0005140578501263953,0.9,6.0,0.011054273087035944,0.19028609623813433,True
2006-04-10,2006-09-28,120,121,171.0,2006-11-24,57,57.0,34.2,False,0.018027758068851405,0.03932500737967347,5.820600324731845,-0.0004148499339951237,8.747156252345202e-05,0.0004397366635077803,0.0004483521021287275,0.9,6.0,1.3744413132582642,0.138791565387603,True
2006-03-27,2006-09-28,130,131,185.0,2006-11-28,61,61.66666666666666,37.0,False,0.01727650109143248,0.03910055118505706,5.821898254046338,-0.0004213996795484007,2.001551712657152e-05,0.00042410940409672043,0.0004245814498645924,0.9,6.0,1.5236370876834198,0.14887591521584148,True
2006-03-13,2006-09-28,140,141,199.0,2006-12-03,66,66.33333333333331,39.800000000000004,False,0.016634619656152445,0.039016190525784304,5.823184351354355,-0.00042699272034701593,-0.0003067196274710156,0.00027138671322833537,0.0004095456970752315,0.9,6.144251709182355,2.4172369235112243,0.15271848745156896,True
2006-02-27,2006-09-28,150,151,213.0,2006-12-08,71,71.0,42.6,False,0.01629816390433142,0.040110152144520184,5.825205679223843,-0.00044435502449966316,-0.00011691519554916421,-0.0003824728019306182,0.0003999432549336933,0.9,6.501895580253521,-1.8674581244608044,0.1537921744558069,True
2006-02-13,2006-09-28,160,161,227.0,2006-12-12,75,75.66666666666663,45.400000000000006,False,0.015847257565316256,0.0404328271469772,5.823698543191581,-0.0004128979371515331,0.00010925617091422613,-0.00036803112264690815,0.00038390600167174016,0.9,6.576670056416523,-1.2822166275173026,0.14718185309750959,True
2006-01-30,2006-09-28,170,171,241.0,2006-12-17,80,80.33333333333331,48.2,False,0.015467933380588066,0.04091294068433911,5.8225970912648375,-0.00038862200321704776,0.00031174663659063194,-0.00019407448320298468,0.00036722046573696996,0.9,6.679920904018124,-0.5568277510197203,0.1425842968847758,True
2006-01-16,2006-09-28,180,181,255.0,2006-12-22,85,85.0,51.0,False,0.015186175706037416,0.041742207796010025,5.821980277826012,-0.00037200333735331714,0.00031371992103615924,0.0001659014527300985,0.00035488516575491163,0.9,6.844622328636889,0.4864371119538457,0.13783261940035638,True
2006-01-02,2006-09-28,190,191,269.0,2006-12-26,89,89.66666666666663,53.800000000000004,False,0.01545019318283017,0.04559331765287343,5.824370828265381,-0.0011525417698992706,-2.0190644758896455e-05,0.0010049737216684441,0.001005176523492219,0.6875764416590099,7.018206490649973,1.5908843434441,0.11233347223936248,True
2005-12-16,2006-09-28,200,201,286.0,2007-01-01,95,95.33333333333331,57.2,False,0.015106777422254854,0.04587115954119535,5.827606114298271,-0.002456717905489375,-0.0019474160220513783,-0.0003351530377153375,0.001976045728628827,0.5529118838117559,7.301922246266175,-2.9711608258499274,0.09414061277179372,True
2006-08-23,2006-10-04,30,31,42.0,2006-10-12,8,14.0,8.4,False,0.0048722812898824375,0.0007359128739998926,5.8931029002544255,-0.03790782949702102,0.0035982762479182025,0.00023957453351587232,0.003606242908269165,0.21968016979831856,11.8401160313074,0.06648224004067292,0.1950333314815807,True
2006-08-09,2006-10-04,40,41,56.0,2006-10-20,16,18.666666666666657,11.200000000000001,False,0.005668251384417433,0.0013172920240349557,5.850536903698741,-0.0013924623665134653,0.00024571400994633863,2.3854471028654793e-05,0.0002468692173438526,0.8941433707417343,6.286516362589537,0.09677897276759366,0.8022572251366509,True
2006-07-26,2006-10-04,50,51,70.0,2006-10-27,23,23.33333333333333,14.0,False,0.005787187660516628,0.0017080685919198325,5.916628954531515,-0.031131108776814003,-0.0014195773784762317,-0.0008785082283257866,0.0016694240446086678,0.3142869067233583,8.625221489226382,-2.587426629139233,0.6794913882676887,True
2006-07-12,2006-10-04,60,61,84.0,2006-10-31,27,28.0,16.8,False,0.007989973509982125,0.003894220278103182,5.865485674618129,-0.001498360890071724,0.00015950075967515807,9.576955225755875e-05,0.00018604381063761784,0.9,6.0,0.5407379721400762,1.2080710061811302,True
2006-06-28,2006-10-04,70,71,98.0,2006-11-01,28,32.66666666666666,19.6,False,0.009386186051057828,0.0062551346895401505,5.860105501588242,-0.001697091555054133,-0.00012109159677994386,0.00017267389693456162,0.0002109015161000132,0.84176858691067,7.955374107902808,2.182376356472653,0.8514471141166917,True
2006-06-14,2006-10-04,80,81,112.0,2006-10-06,2,37.333333333333314,22.400000000000002,False,0.00987643012724454,0.007901053636725832,5.842417948615793,-0.0014651431264614278,-0.00014690777596958486,5.3309636844459465e-05,0.00015628119535253716,0.9,13.0,2.793491386654048,0.6490415270326515,True
2006-05-31,2006-10-04,90,91,126.0,2006-10-31,27,42.0,25.200000000000003,False,0.01221860810660597,0.013585788949716356,5.889365460110817,-0.007680059606807519,0.000620095155393445,0.000186899570345877,0.0006476491728844361,0.5855721576962754,6.0,0.29274497593049276,1.1573212945842708,True
2006-05-17,2006-10-04,100,101,140.0,2006-10-25,21,46.66666666666666,28.0,False,0.012780572727698728,0.016497646964047645,5.8623609603807045,-0.0036114333323630384,0.0005615406361298786,-0.00010894129852036792,0.0005720105703118192,0.6944915262578277,6.0,-0.1916238736812398,0.7307877328222442,True
2006-05-03,2006-10-04,110,111,154.0,2006-10-24,20,51.333333333333314,30.8,False,0.018903627474069894,0.03966553161630352,5.830890028701783,-0.0007542671077591946,0.0004784550739348861,5.60859995412481e-06,0.0004784879456867046,0.9,6.0,0.01172177573898541,0.23645332590668633,True
2006-04-18,2006-10-04,120,121,169.0,2006-10-25,21,56.333333333333314,33.800000000000004,False,0.018797674424812325,0.042755660217530446,5.826148814173223,-0.0006373611868984981,0.0005333898158746179,7.361499362961864e-05,0.000538445784611457,0.9,6.0,0.13714709614003354,0.17755581112732227,True
2006-03-31,2006-10-04,130,131,187.0,2006-10-26,22,62.333333333333314,37.4,False,0.018152393575641877,0.04316573042077558,5.825333159561227,-0.0006150960198633038,0.000532404017563658,9.982201247998293e-05,0.0005416811535335872,0.9,6.0,0.18534116234722345,0.17032972695767729,True
2006-03-17,2006-10-04,140,141,201.0,2006-12-10,67,67.0,40.2,False,0.017318284152944948,0.04228913820630232,5.828509486948191,-0.0004465734763910622,-0.00012807407406979706,0.00038019906644610015,0.0004011910998206739,0.9,6.0,1.895718027541081,0.16696786516101933,True
2006-03-03,2006-10-04,150,151,215.0,2006-12-14,71,71.66666666666663,43.0,False,0.01703279236350262,0.043807518370427165,5.833019708800173,-0.0004956633872206183,-0.00020329072410753377,-0.00033252351516249094,0.0003897422310247951,0.9,6.415464956374053,-2.119525057274496,0.17841187027509817,True
2006-02-17,2006-10-04,160,161,229.0,2006-12-19,76,76.33333333333331,45.800000000000004,False,0.016536201723795912,0.04402480075946141,5.83199833177551,-0.0004693573970814749,4.1792713511028854e-05,-0.00037415525716554703,0.00037648212091310736,0.9,6.506210140742055,-1.4595585676647371,0.1724541832238977,True
2006-02-03,2006-10-04,170,171,243.0,2006-12-24,81,81.0,48.6,False,0.016014384039554345,0.043854744844442926,5.831811244755188,-0.0004552358282292879,0.00033622094697349515,-0.00014461923140925893,0.0003660044361440973,0.9,6.673687408372948,-0.40620906085131764,0.16773617461503867,True
2006-01-20,2006-10-04,180,181,257.0,2006-12-28,85,85.66666666666663,51.400000000000006,False,0.01569129563382876,0.044565233318946657,5.831481635370709,-0.0004399990704104048,0.0003012860723605507,0.00018848856390827595,0.0003553888519954604,0.9,6.823397179752295,0.5590401944931348,0.16330136548419205,True
2006-01-06,2006-10-04,190,191,271.0,2007-01-02,90,90.33333333333331,54.2,False,0.015830950342097,0.04786822684818276,5.829484167246873,-0.000407147514030124,0.0002010777840412402,0.0002619940673367993,0.0003302622693475823,0.9,6.857698650488888,0.9161953666193967,0.16179196110815583,True
2005-12-22,2006-10-04,200,201,286.0,2007-01-07,95,95.33333333333331,57.2,False,0.015666452744674063,0.049332986061822195,5.834656358071004,-0.0012970596758795521,-0.0006839666222704427,0.0006273900235742933,0.0009281317697722617,0.6951491535343864,7.10053784510442,2.399311314859936,0.13681605725507015,True
2006-08-29,2006-10-10,30,31,42.0,2006-10-16,6,14.0,8.4,False,0.005071145079013952,0.00079721188478463,5.935909616027766,-0.060945912398062754,0.003144821562274039,-0.00205775887334444,0.0037582275395951622,0.19820299711280093,13.0,-0.579414869620446,0.24724548948435485,True
2006-08-15,2006-10-10,40,41,56.0,2006-10-13,3,18.666666666666657,11.200000000000001,False,0.005002426224716378,0.0010259949934829365,6.003946350479246,-0.1341328414560061,0.00042015976164402717,0.003508496290252943,0.0035335648351237916,0.1,12.116991472516583,1.4516089893107236,0.31327609608989143,True
2006-08-01,2006-10-10,50,51,70.0,2006-10-11,1,23.33333333333333,14.0,False,0.00563248770486951,0.0016179708050208161,5.871575190624176,-0.015633031827144032,-0.0003663825637028129,-0.0014127144521713184,0.001459451371700734,0.38790998626590745,6.18406067341264,-1.8245521773153024,0.6719095304498055,True
2006-07-18,2006-10-10,60,61,84.0,2006-11-06,27,28.0,16.8,False,0.007073846829972775,0.003052397847408869,5.877459497389958,-0.0016563359339174127,7.365489593109625e-05,0.00018503325249618095,0.0001991540816150552,0.9,6.0,1.1919608715290915,1.2475284868519114,True
2006-07-04,2006-10-10,70,71,98.0,2006-11-11,32,32.66666666666666,19.6,False,0.008896935053015458,0.005620037186967838,5.924128336934634,-0.015592363042155274,0.0006731856410904791,-0.0007932327099816111,0.001040383121525513,0.4754496734848425,8.456322337770489,-0.8670801523075452,0.8426392111720171,True
2006-06-20,2006-10-10,80,81,112.0,2006-11-06,27,37.333333333333314,22.400000000000002,False,0.009658858345125159,0.007556777107026707,5.9210529955985765,-0.015472886957292277,-0.0008196896768773894,-6.990508050356376e-05,0.000822665112095784,0.48099831834224394,6.587809131142077,-3.0565161385848576,1.3732538423427123,True
2006-06-06,2006-10-10,90,91,126.0,2006-11-20,41,42.0,25.200000000000003,False,0.010587791138120627,0.010201220227786377,6.075586358705094,-0.07721639971919027,-0.0011506025600978194,0.0015876136713634595,0.0019607150279435863,0.28625655526741267,6.0,2.197932187934453,1.8788809421351387,True
2006-05-23,2006-10-10,100,101,140.0,2006-11-01,22,46.66666666666666,28.0,False,0.012519059285352315,0.01582941138440677,5.911244198932033,-0.015624843931341462,0.0002479201001297955,0.001363676469564392,0.0013860295414210955,0.4662617701141484,6.233642083322805,1.3909577878627402,0.8432010653809636,True
2006-05-09,2006-10-10,110,111,154.0,2006-10-28,18,51.333333333333314,30.8,False,0.017695089835799264,0.03475589867696771,5.842401018682221,-0.0009355103642239046,0.00039565762486159904,2.9776213885072543e-05,0.0003967764849691214,0.9,6.0,0.07511592804172929,0.35366650986009524,True
2006-04-24,2006-10-10,120,121,169.0,2006-10-29,19,56.333333333333314,33.800000000000004,False,0.019162049997870297,0.04442928337462661,5.833879633615374,-0.0007230958551779881,0.0005027670491477965,0.0001388475307509115,0.0005215873297007972,0.9,6.0,0.26945058446189457,0.20795056187219427,True
2006-04-06,2006-10-10,130,131,187.0,2006-10-30,20,62.333333333333314,37.4,False,0.018608388212469254,0.04536164665444137,5.83240348282472,-0.0006853256387208097,0.0005076631819754291,0.0001726823636300016,0.0005362285940177582,0.9,6.0,0.3278742502944609,0.19170713191157632,True
2006-03-23,2006-10-10,140,141,201.0,2006-10-30,20,67.0,40.2,False,0.01809754296850738,0.04618046967107289,5.83079854827211,-0.0006460706585306902,0.000496662424881331,0.00021234813913055192,0.0005401530306137438,0.9,6.0,0.40402873941520856,0.17941322789486114,True
2006-03-09,2006-10-10,150,151,215.0,2006-11-01,22,71.66666666666663,43.0,False,0.017687831339198986,0.047241766000076416,5.829267477095706,-0.0006053600936250399,0.00046805899829032436,0.0002593865293836739,0.0005351267116358979,0.9,6.0,0.5060428254321161,0.1696869396897895,True
2006-02-23,2006-10-10,160,161,229.0,2006-12-25,76,76.33333333333331,45.800000000000004,False,0.017529436421041336,0.049472263739532216,5.842353132882573,-0.0005423338491963253,-0.0002721476157322524,-0.0002543519710194452,0.0003725040267033719,0.9,6.302816619085466,-2.38998154912753,0.20789477649891028,True
2006-02-09,2006-10-10,170,171,243.0,2006-12-30,81,81.0,48.6,False,0.016968434427396407,0.04923564814278164,5.842534951432137,-0.0005305471819507188,9.380186072939904e-05,-0.00035118231465881334,0.00036349388881440543,0.9,6.476427649386162,-1.3097865851027441,0.2028307934432873,True
2006-01-26,2006-10-10,180,181,257.0,2007-01-03,85,85.66666666666663,51.400000000000006,False,0.016512413531247987,0.049351423913476425,5.842379399819456,-0.0005151022945709426,0.00031540128496405435,-0.00015652480595254733,0.00035210507726452796,0.9,6.605234276710644,-0.4606607116345135,0.19933129142553302,True
2006-01-12,2006-10-10,190,191,271.0,2007-01-08,90,90.33333333333331,54.2,False,0.01631962217889673,0.05086904299983017,5.84227991492509,-0.0005016066169246688,0.0002962242994198947,0.00016902666091086094,0.0003410554905957132,0.9,6.758646051798406,0.5185240152709379,0.19584884629354568,True
2005-12-29,2006-10-10,200,201,285.0,2007-01-13,95,95.0,57.0,False,0.016354324867329958,0.053760252315099566,5.840867864865395,-0.0004737610962008949,0.00022491460404284734,0.00022539299834115582,0.0003184157389529718,0.9,6.77786236995437,0.7864605352423792,0.197567103225325,True
2006-09-04,2006-10-16,30,31,42.0,2006-10-17,1,14.0,8.4,False,0.005595323863435183,0.0009705371232385438,5.901155466052333,-0.025362846158192617,0.0017019056855216497,-0.0003615567161191833,0.0017398868415451057,0.35158084520291405,13.0,-0.20933016158294293,0.39423832171707934,True
2006-08-21,2006-10-16,40,41,56.0,2006-10-20,4,18.666666666666657,11.200000000000001,False,0.005623898256213655,0.0012967574954459624,6.1233194894563985,-0.21504234003450798,-0.0009833192784682648,0.003120885877319894,0.0032721316389568,0.1,6.808664985434507,1.876027175578495,0.9652309621059579,True
2006-08-07,2006-10-16,50,51,70.0,2006-10-19,3,23.33333333333333,14.0,False,0.005651674556270497,0.0016290126897897615,5.919674475742877,-0.03429878639292961,0.0020922298440818827,9.94879515420731e-06,0.002092253497784606,0.3121345368585345,6.349318234763224,0.004755079944432683,0.8058963352457033,True
2006-07-24,2006-10-16,60,61,84.0,2006-10-19,3,28.0,16.8,False,0.005910883164949386,0.0021312509271706062,5.969148649120716,-0.07445645630531329,0.0024961288739175705,0.0007877460424570663,0.0026174803117906672,0.20327472204805547,6.420217188011715,0.3056948273317976,0.9006428274597604,True
2006-07-10,2006-10-16,70,71,98.0,2006-11-17,32,32.66666666666666,19.6,False,0.008321509115336488,0.004916573490920608,6.0330668132479435,-0.058502311708683724,0.0017883664960426943,-0.0011991408328507081,0.002153182170922357,0.313852597971292,6.906376878695133,-0.590667609564408,1.2347177924309891,True
2006-06-26,2006-10-16,80,81,112.0,2006-11-21,36,37.333333333333314,22.400000000000002,False,0.009501659990811059,0.007312804949059348,6.4050555733586645,-0.3561806564768536,-0.0012940757423106145,-0.004239170027147451,0.004432289988922441,0.11857325464979955,7.9802515888558885,-1.8670775574442509,1.1940219770464815,True
2006-06-12,2006-10-16,90,91,126.0,2006-11-26,41,42.0,25.200000000000003,False,0.010239963380490436,0.009541973353074445,6.157252101481988,-0.11693655166040261,-0.0023735144021194057,0.0009309365950947307,0.0025495516392406744,0.24786353562692412,6.0,2.767812290155195,1.89473230589936,True
2006-05-29,2006-10-16,100,101,140.0,2006-11-16,31,46.66666666666666,28.0,False,0.012137550012353084,0.014879332150539609,6.1300791689257785,-0.13332967110719468,0.0032200247698424556,-0.0017673570799343888,0.003673160841345389,0.2062854275891837,6.95298891199543,-0.5019709589052321,1.076921072075237,True
2006-05-15,2006-10-16,110,111,154.0,2006-11-05,20,51.333333333333314,30.8,False,0.013618463262358015,0.020586342120729635,6.006684018064946,-0.06907357823754208,0.0009293497941102111,0.004152488087761872,0.004255214255336262,0.2576752010808316,6.18540294389587,1.3506190893335848,0.6762311139647288,True
2006-04-28,2006-10-16,120,121,171.0,2006-11-03,18,57.0,34.2,False,0.019739150117537616,0.04714571973088491,5.844722018169646,-0.000858618234011196,0.0004496335381795127,0.00017759903742700826,0.00048343741761558667,0.9,6.0,0.3761766671129315,0.26641035718110484,True
2006-04-12,2006-10-16,130,131,187.0,2006-11-03,18,62.333333333333314,37.4,False,0.0195214203655381,0.04992224675453398,5.841196160154952,-0.0007724406179948572,0.0004702433857775273,0.0002420272295167545,0.0005288724058741088,0.9,6.0,0.4753264942495598,0.21908137277029532,True
2006-03-29,2006-10-16,140,141,201.0,2006-11-04,19,67.0,40.2,False,0.0189284204245834,0.050518199067539835,5.839705001143809,-0.0007352293178046456,0.0004600144128513165,0.000278159428705327,0.0005375741137821048,0.9,6.0,0.5438502515998854,0.20515198712748742,True
2006-03-15,2006-10-16,150,151,215.0,2006-11-05,20,71.66666666666663,43.0,False,0.01854258321597983,0.05191793624055207,5.837712032453504,-0.0006859398043299016,0.00042751685190893713,0.00032530085331307926,0.000537206946932321,0.9,6.0,0.6504455489409713,0.19152948642424716,True
2006-03-01,2006-10-16,160,161,229.0,2006-11-06,21,76.33333333333331,45.800000000000004,False,0.018117943807231168,0.05284984193611979,5.836738265291035,-0.0006623112037697455,0.000403993054635656,0.00034453551224389306,0.0005309567848620167,0.9,6.0,0.7061320317611318,0.18710878813099585,True
2006-02-15,2006-10-16,170,171,243.0,2007-01-05,81,81.0,48.6,False,0.018089034708617623,0.055953453213916995,5.855552794068394,-0.0006193512638259203,-0.0003637673342983165,-1.1879284119351221e-05,0.00036396124916492333,0.9,6.1161128172556385,-3.1089479851887565,0.25040840554023786,True
2006-02-01,2006-10-16,180,181,257.0,2007-01-09,85,85.66666666666663,51.400000000000006,False,0.017582392185349727,0.05595443320765994,5.856422475782047,-0.0006145398186103567,-7.929472610215772e-05,-0.00034759480310470227,0.00035652461448406746,0.9,6.335330886452736,-1.795082265824481,0.2448689482721306,True
2006-01-18,2006-10-16,190,191,271.0,2007-01-14,90,90.33333333333331,54.2,False,0.017188233410952457,0.05642815524777203,5.857257938107356,-0.0006093771686553773,0.00031676559111660856,-0.00015256232063807164,0.000351590246443112,0.9,6.55884650889562,-0.4488400842261259,0.23782877655444112,True
2006-01-04,2006-10-16,200,201,285.0,2007-01-19,95,95.0,57.0,False,0.017176553636042865,0.05930183295718333,5.8565505587893885,-0.0005846089948456713,0.0003048855716176653,-0.00012771152528472115,0.0003305532415075981,0.9,6.5388789334266955,-0.39667850334006605,0.24342393899484213,True
2006-09-08,2006-10-20,30,31,42.0,2006-11-01,12,14.0,8.4,False,0.0046183830340555,0.0006612133173268022,5.896692075344733,-0.0027242044043241866,-0.00010623210479697508,9.461789922795096e-05,0.0001422596462244518,0.9,7.079822587202248,2.4139554371689185,2.4343224313400933,True
2006-08-25,2006-10-20,40,41,56.0,2006-11-07,18,18.666666666666657,11.200000000000001,False,0.0058854378438251784,0.001420173523154712,6.328830332885747,-0.3431654885989873,0.0022765193186840144,0.003658856193798986,0.004309265465858738,0.1,6.0,1.0142171675658274,1.327238912361453,True
2006-08-11,2006-10-20,50,51,70.0,2006-11-12,23,23.33333333333333,14.0,False,0.005611238570010585,0.001605785912768296,5.898187223837253,-0.002047801265825989,5.138625706674246e-05,0.0002704945452689301,0.00027533224735866777,0.9,6.0,1.383061878287298,1.115634629872309,True
2006-07-28,2006-10-20,60,61,84.0,2006-10-30,10,28.0,16.8,False,0.005939337421813831,0.002151819469619648,6.216122829610508,-0.27254327516640553,-0.0003362298225361021,0.003383282633854616,0.0033999488046299884,0.1,9.54188580395955,1.669850844504094,0.8400959252885276,True
2006-07-14,2006-10-20,70,71,98.0,2006-11-20,31,32.66666666666666,19.6,False,0.0068846114044278294,0.0033652490674884188,5.907679592332819,-0.0020076048314951918,-0.00019176133816653366,0.0001488701613352486,0.0002427647745275303,0.9,6.030947279906542,2.481451929014299,1.2340976896091083,True
2006-06-30,2006-10-20,80,81,112.0,2006-11-26,37,37.333333333333314,22.400000000000002,False,0.008779099371803625,0.006242879448180226,6.528995684882251,-0.46351928303607715,-0.005085483273723386,-0.0004693529051019319,0.005107096266651722,0.1,9.072519636848988,-3.0495606854087,1.0003819451987501,True
2006-06-16,2006-10-20,90,91,126.0,2006-11-11,22,42.0,25.200000000000003,True,0.009473422092827468,0.008166861079547312,6.013781370357999,-0.05618773948581113,-0.000293124731901415,0.0017534700653657753,0.0017778018389534118,0.30825351652170546,6.103239367614938,1.7364331078167605,1.5962681395933023,True
2006-06-02,2006-10-20,100,101,140.0,2006-11-11,22,46.66666666666666,28.0,True,0.0111176329353119,0.01248377797051752,6.0072151867477235,-0.05244110037033481,-0.0004702269724223343,0.0018403282457618627,0.0018994529364378602,0.3173914868056451,6.125965698343564,1.8209565099031155,1.4304213105228545,True
2006-05-19,2006-10-20,110,111,154.0,2006-11-15,26,51.333333333333314,30.8,False,0.0122251932708634,0.01658954390660598,6.130207249033044,-0.13834151098200798,0.003795587092372453,-0.0018537380799913301,0.004224076969586884,0.19851187776646478,6.990509544835335,-0.4543189488728614,0.9300329942899467,True
2006-05-05,2006-10-20,120,121,168.0,2006-10-21,1,56.0,33.6,False,0.01907116599874835,0.044008834078769626,5.872459402085758,-0.00880814097028526,0.0023308593518475778,-0.0007056099430926303,0.002435321479781775,0.5153225527328354,6.0,-0.2939551301930545,0.31063891203697186,True
2006-04-20,2006-10-20,130,131,183.0,2006-10-27,7,61.0,36.6,False,0.020277292430500558,0.053863085068876604,5.8440216200469886,-0.000876540242997764,0.0005516459394587917,6.660097873757703e-05,0.0005556518090406761,0.9,6.0,0.1201498668615156,0.236624868866466,True
2006-04-04,2006-10-20,140,141,199.0,2006-11-08,19,66.33333333333331,39.800000000000004,False,0.019693887008145682,0.05468673515403492,5.847130030161426,-0.0008061990330544456,0.00042090237166623546,0.00032485699420230294,0.0005316868186784556,0.9,6.0,0.6573145148557213,0.2274456516690528,True
2006-03-21,2006-10-20,150,151,213.0,2006-11-09,20,71.0,42.6,False,0.019234972841093517,0.05586761120983839,5.845328617739682,-0.0007615902856349241,0.0003930172334733784,0.0003649544471500054,0.000536334125617263,0.9,6.0,0.7483915372941787,0.2129988329826343,True
2006-03-07,2006-10-20,160,161,227.0,2006-11-09,20,75.66666666666663,45.400000000000006,False,0.018760462716653263,0.05666474877621287,5.844253526841644,-0.0007360563045206068,0.0003719045334465162,0.0003849888134079048,0.0005352843809110232,0.9,6.0,0.8026832629507871,0.20626128767325919,True
2006-02-21,2006-10-20,170,171,241.0,2006-11-11,22,80.33333333333331,48.2,False,0.01882978966897989,0.06062992740524172,5.841741150971074,-0.0006774292353551016,0.0003030250975544332,0.0004157934899418831,0.0005144982371455947,0.9,6.0,0.9410100115963712,0.1975019115070554,True
2006-02-07,2006-10-20,180,181,255.0,2007-01-13,85,85.0,51.0,False,0.018201233779951816,0.05996256891135509,5.868130563451261,-0.0006988238174817968,-0.0003501433974199505,9.926386423771202e-05,0.00036394190951330175,0.9,6.026467712527679,2.865346088692578,0.28675784251774555,True
2006-01-24,2006-10-20,190,191,269.0,2007-01-17,89,89.66666666666663,53.800000000000004,False,0.01777071328232803,0.06031746585747759,5.869084996210347,-0.000692782282642972,-0.00019617807080872735,-0.0002989713426600229,0.0003575887291263119,0.9,6.236210433081111,-2.1515015413941874,0.27959841079345354,True
2006-01-10,2006-10-20,200,201,283.0,2007-01-22,94,94.33333333333331,56.6,False,0.01750187084061867,0.061569412067261325,5.869485150982442,-0.0006792597525165435,5.592126073452572e-05,-0.0003414865508377724,0.00034603504418659293,0.9,6.346683492541349,-1.4084787286587184,0.2783629739557981,True
2006-09-14,2006-10-26,30,31,42.0,2006-11-08,13,14.0,8.4,False,0.004258166112247281,0.0005620913378242248,5.901345321347245,-0.0024226080994368317,0.00012735770755646433,0.00011651662565856694,0.00017261549678084095,0.8997524215901104,6.122460122779217,0.7409738522312681,2.062530794244392,True
2006-08-31,2006-10-26,40,41,56.0,2006-11-13,18,18.666666666666657,11.200000000000001,False,0.005739120535838391,0.0013504376855201596,6.376736417723306,-0.37082086232214473,-0.0010645152647266731,0.0044848423502125215,0.004609447217953132,0.1,6.0,1.8038421387612618,1.340800189944147,True
2006-08-17,2006-10-26,50,51,70.0,2006-11-13,18,23.33333333333333,14.0,False,0.005404567937518041,0.001489677084153649,6.317371681031748,-0.31192883871396243,-0.0026524831314051894,0.002993571115679751,0.00399964183234214,0.11507976394168984,6.135457030378163,2.2958560780679953,1.4628051135750444,True
2006-08-03,2006-10-26,60,61,84.0,2006-11-12,17,28.0,16.8,False,0.005613855034126758,0.0019224374689956107,5.986229467104566,-0.03681151828346714,-0.001389300059820838,0.0008561605312939116,0.00163192080431731,0.37432141649096873,6.3045010946794084,2.5893079516848934,1.3393022620796633,True
2006-07-20,2006-10-26,70,71,98.0,2006-11-18,23,32.66666666666666,19.6,False,0.006182014337971265,0.0027134283905166433,5.94569503813435,-0.01167756039072909,-0.0004884134172133511,0.000583647362250257,0.0007610465883083017,0.5715907401434573,6.033061352861807,2.2675944574852656,1.4537452917753335,True
2006-07-06,2006-10-26,80,81,112.0,2006-12-01,36,37.333333333333314,22.400000000000002,False,0.008386581404548626,0.005697114560064787,6.618355209977952,-0.5180546874791965,-0.0046657913952554905,0.0004819671926859573,0.004690618479354909,0.1,8.869337628957059,3.0386596741361886,1.2452435760279852,True
2006-06-22,2006-10-26,90,91,126.0,2006-12-02,37,42.0,25.200000000000003,False,0.009114203891027226,0.007559252843616638,6.6361697837555305,-0.5284695753222883,-0.004262239045009414,0.0007926955680528369,0.004335325586436775,0.1,8.803731126564166,2.957712497708121,1.384622868630254,True
2006-06-08,2006-10-26,100,101,140.0,2006-11-20,25,46.66666666666666,28.0,True,0.009875777126339696,0.009850628358762568,5.984034237187192,-0.026696304287863723,-0.00067403452574758,0.0006598874617356337,0.0009432783279900279,0.4341880047391727,6.0,2.366799708311704,2.0480372810282406,True
2006-05-25,2006-10-26,110,111,154.0,2006-11-14,19,51.333333333333314,30.8,False,0.012039312420743938,0.016088899835634995,6.159165988821173,-0.1620558904462502,0.0023154543275123,-0.0036571299422098157,0.004328501837472523,0.1822244744825313,6.88555018233986,-1.0063690151471183,0.9908211625117779,True
2006-05-11,2006-10-26,120,121,168.0,2006-10-30,4,56.0,33.6,False,0.015390510349351169,0.02866100486643174,5.929041283147686,-0.02786149767082296,0.0032141612707317097,0.00030479699892393443,0.003228580784930852,0.3657415606840022,6.0,0.09454667352122191,0.5260364806254816,True
2006-04-26,2006-10-26,130,131,183.0,2006-10-27,1,61.0,36.6,False,0.020260413290118004,0.05377344941591712,5.86609065423038,-0.004596372356618709,0.0018255063619240322,5.406437947960913e-05,0.001826306774491523,0.6218126351500762,6.0,0.029607445942973903,0.2608253303989949,True
2006-04-10,2006-10-26,140,141,199.0,2006-10-27,1,66.33333333333331,39.800000000000004,False,0.020268286801289823,0.05792328643016684,5.84877340830686,-0.0011221631734759916,0.0006855903603773238,7.282263544257936e-05,0.0006894470817075894,0.8623244784017122,6.0,0.10582208595662948,0.23392386907409415,True
2006-03-27,2006-10-26,150,151,213.0,2006-11-03,8,71.0,42.6,False,0.019878822210169705,0.05967030344199399,5.848991060121384,-0.0008577799376681717,0.0005100075058888884,0.0002541048024789775,0.0005698042705226811,0.9,6.0,0.46223651742409466,0.22580910201357318,True
2006-03-13,2006-10-26,160,161,227.0,2006-11-04,9,75.66666666666663,45.400000000000006,False,0.019726909116371955,0.06265330186898144,5.846706473231583,-0.0007951920061158706,0.00047348481361749367,0.0003174763120131097,0.0005700693619340002,0.9,6.0,0.5906586691317138,0.20923559286315427,True
2006-02-27,2006-10-26,170,171,241.0,2006-11-14,19,80.33333333333331,48.2,False,0.019447946537205604,0.06467606879189527,5.8505658124418805,-0.0007674081365937455,0.0002762917715727366,0.0004444664848297096,0.0005233427167503908,0.9,6.0,1.0146271845168426,0.21995380236458764,True
2006-02-13,2006-10-26,180,181,255.0,2007-01-19,85,85.0,51.0,False,0.018737897639688136,0.06355069423993287,5.877362380391416,-0.0007484270683691298,-0.00035193558448116003,9.75710762811341e-05,0.00036521058384273944,0.9,6.0,2.8711439273233053,0.3073954184846698,True
2006-01-30,2006-10-26,190,191,269.0,2007-01-23,89,89.66666666666663,53.800000000000004,False,0.018188260934346213,0.06318525164083012,5.881333599631792,-0.0007664869480132393,-0.00035468855938658136,5.946071469857909e-05,0.0003596380830115107,0.9,6.0,2.9754951118007535,0.3196909549712677,True
2006-01-16,2006-10-26,200,201,283.0,2007-01-28,94,94.33333333333331,56.6,False,0.017881319054902232,0.06426805579978515,5.883058753884395,-0.0007673952816474529,-0.0001347842159786596,-0.00032875707028627186,0.0003553139402559301,0.9,6.225896507349225,-1.9598774574875102,0.3122104894379944,True
2006-09-20,2006-11-01,30,31,42.0,2006-11-15,14,14.0,8.4,False,0.0048050586399919605,0.0007157462445466031,5.897520177922192,-0.0018318070751310168,0.00011679883928053861,0.00028110992408804543,0.00030440886695046806,0.9,6.0,1.1770067825233375,0.9026381656430591,True
2006-09-06,2006-11-01,40,41,56.0,2006-11-19,18,18.666666666666657,11.200000000000001,False,0.00500842208822359,0.0010284559643660438,5.908904424300218,-0.0021103179097521738,-0.0001457947636892177,0.00013727653437373865,0.00020025224095839497,0.9,6.0,2.386277580829241,1.5807447894108362,True
2006-08-23,2006-11-01,50,51,70.0,2006-11-23,22,23.33333333333333,14.0,False,0.005505353023021548,0.0015457545073127175,5.909871356450332,-0.0019505040245351795,-0.00024204058525290214,5.919985820928208e-06,0.00024211297185753466,0.9,6.103417860568684,3.1171388796793997,1.1879500971101313,True
2006-08-09,2006-11-01,60,61,84.0,2006-11-29,28,28.0,16.8,False,0.005377774815215062,0.001764148179752845,5.919981853818661,-0.0020695882573538637,-0.00017899741020942957,0.00012463452650129665,0.0002181142775195728,0.9,7.364578105244794,2.533359385021555,1.1595633856082541,True
2006-07-26,2006-11-01,70,71,98.0,2006-12-02,31,32.66666666666666,19.6,False,0.006022549497551849,0.0025752482739828044,6.008332524444281,-0.028121092943081655,-0.0009084666362597109,-0.0006272599806819469,0.0011039776775651536,0.43626876806016673,7.4972144761813295,-2.5372980305731017,1.4822658130349822,True
2006-07-12,2006-11-01,80,81,112.0,2006-12-07,36,37.333333333333314,22.400000000000002,False,0.0071961073678170565,0.004194500861181225,5.953413359192831,-0.006243837612211281,0.0003755919471792328,-0.0001941324038997811,0.0004227962878618914,0.6921660782842217,7.872358504187922,-0.47705275343671066,1.2984519473713838,True
2006-06-28,2006-11-01,90,91,126.0,2006-12-13,42,42.0,25.200000000000003,False,0.008786791788451454,0.007025901603957408,6.701409387095189,-0.5633615669185228,-0.0021865778919657117,-0.00427698586287896,0.004803512355443639,0.1,10.27568154762562,-2.0433976071195534,1.1413469087599684,True
2006-06-14,2006-11-01,100,101,140.0,2006-12-06,35,46.66666666666666,28.0,False,0.009650622266353541,0.009406585522911716,6.0599229799298575,-0.050364961196671734,0.0009997933802825178,-0.0007187005057757833,0.0012313071185772906,0.3545692431146427,7.857163227831911,-0.6232646269207959,1.8458542178408557,True
2006-05-31,2006-11-01,110,111,154.0,2006-12-15,44,51.333333333333314,30.8,False,0.011238629838544904,0.014020054871909337,6.392826437924346,-0.27617670250719856,0.0023892825541543938,0.002952431117948788,0.0037980943418797373,0.16225068921505129,9.41822249358485,0.8904348716694925,1.252676402007838,True
2006-05-17,2006-11-01,120,121,168.0,2006-12-05,34,56.0,33.6,False,0.012037497487282603,0.017533062836516528,6.623701699188981,-0.5193611248775867,-0.004942282022346117,0.00458558948462617,0.006741942042907201,0.1,8.61402440171065,2.39361376493457,0.8942899007955313,True
2006-05-03,2006-11-01,130,131,182.0,2006-11-02,1,60.66666666666666,36.4,False,0.019624500532577287,0.05045085377105953,5.8828079016814545,-0.007186715196329157,0.0020044203753379662,0.0005231808161365275,0.0020715740892961747,0.5613161072370115,6.0,0.2553171675808859,0.3245534413233828,True
2006-04-18,2006-11-01,140,141,197.0,2006-11-02,1,65.66666666666663,39.400000000000006,False,0.0204889838638597,0.05919158282806396,5.859978171587682,-0.001877375857560492,0.0009188595837548582,0.0003209483566697676,0.0009732989172434004,0.7775718074424592,6.0,0.33604205859310726,0.24997365710741984,True
2006-03-31,2006-11-01,150,151,215.0,2006-11-03,2,71.66666666666663,43.0,False,0.020085292786130738,0.060916266931993916,5.852853959604649,-0.0009254703297317602,0.0005259122478352522,0.0002451594576890787,0.0005802472336147161,0.8973874951465152,6.0,0.4362113396701651,0.23854932085204303,True
2006-03-17,2006-11-01,160,161,229.0,2006-11-03,2,76.33333333333331,45.800000000000004,False,0.019905567191669842,0.06379328844075534,5.850666968250402,-0.000866328973207838,0.0005036818950662351,0.00030414132684725696,0.0005883854162994898,0.897263897469116,6.0,0.5432354118054294,0.22018609159273167,True
2006-03-03,2006-11-01,170,171,243.0,2006-11-03,2,81.0,48.6,False,0.01958064916062454,0.06556171148530078,5.851922328925193,-0.001209599896335858,0.0006652783469117663,0.000466408271119759,0.0008124850486246348,0.827947326170226,6.0,0.6114453170377534,0.2054366008749655,True
2006-02-17,2006-11-01,180,181,257.0,2007-01-25,85,85.66666666666663,51.400000000000006,False,0.018871182930352993,0.06445799967954315,5.8847966221660055,-0.0007796272720872795,-0.0003611094427330027,3.5674552685368796e-05,0.0003628673357306233,0.9,6.0,3.0431206532090944,0.3222778114696608,True
2006-02-03,2006-11-01,190,191,271.0,2007-01-30,90,90.33333333333331,54.2,False,0.018334176166657886,0.0642031250006188,5.889578930583427,-0.0008054990068333665,-0.00035726791713951156,3.248398455842316e-06,0.00035728268459265253,0.9,6.0,3.132500572300443,0.33817718080225634,True
2006-01-20,2006-11-01,200,201,285.0,2007-02-04,95,95.0,57.0,False,0.01802512741903409,0.06530594891295533,5.8920958460195765,-0.0008125677196123259,-0.000133936875691955,-0.00032726486835557306,0.00035361190694023975,0.9,6.198163061825509,-1.9592610785418558,0.3336661859041875,True
2006-09-26,2006-11-07,30,31,42.0,2006-11-20,13,14.0,8.4,False,0.003384605283208913,0.00035512214061689625,5.927182537459775,-0.011915050187117422,-0.000532634122270893,0.0014280266743805826,0.0015241257464362157,0.49250815624688193,6.006756969166306,1.927800231859505,0.6409858503003396,True
2006-09-12,2006-11-07,40,41,56.0,2006-11-25,18,18.666666666666657,11.200000000000001,False,0.0040509580666675295,0.000672820711573848,5.960954266016995,-0.019815616719788265,-0.001751388907829405,0.00012387658663307,0.0017557643677850786,0.4512630890645602,6.0,3.070979766130671,0.8488284434935812,True
2006-08-29,2006-11-07,50,51,70.0,2006-11-28,21,23.33333333333333,14.0,False,0.005168356060601665,0.001362307122827056,6.3145525565735685,-0.296461041471054,-0.005710393783610684,-0.004151071627438052,0.007059744529373619,0.11677892155253371,6.052712024084712,-2.513018838748145,0.8102015936889696,True
2006-08-15,2006-11-07,60,61,84.0,2006-12-04,27,28.0,16.8,False,0.005162126886007719,0.0016255007932218688,5.92409717791223,-0.0020307702214417012,-0.00010352868513739612,-0.00018262456645704343,0.00020992837092661195,0.8950808170966782,7.568112404754451,-2.0865170391330587,1.1441008986270218,True
2006-08-01,2006-11-07,70,71,98.0,2006-12-09,32,32.66666666666666,19.6,False,0.00558196539656584,0.002212241975880549,5.9492867689884115,-0.004927467578141521,2.090948285772299e-05,0.0003522350955452438,0.00035285516718215203,0.735413805365465,8.292779345641865,1.5115036155559458,1.238394350916484,True
2006-07-18,2006-11-07,80,81,112.0,2006-12-02,25,37.333333333333314,22.400000000000002,False,0.0064159506516452405,0.0033343182439121055,5.920779960753438,-0.0019717551718739616,-8.508274660660439e-05,0.000178535869505471,0.0001977729265349487,0.9,7.105618725074163,2.0155153104880026,1.2627772751088642,True
2006-07-04,2006-11-07,90,91,126.0,2006-12-19,42,42.0,25.200000000000003,False,0.008380529512934793,0.006391228017462568,6.741522360061699,-0.58522643855127,0.0046295930090531345,0.0021669952495037325,0.005111653337311266,0.1,10.679712647363898,0.4377827481423752,1.072020220671175,True
2006-06-20,2006-11-07,100,101,140.0,2006-12-23,46,46.66666666666666,28.0,False,0.008929200421880418,0.008052792637585052,6.524878990606649,-0.3700152725836743,0.0030291276174493897,0.0023170702165373966,0.003813715840379206,0.1405480364070125,10.575884533876465,0.65298795757178,1.2893754633310885,True
2006-06-06,2006-11-07,110,111,154.0,2006-12-12,35,51.333333333333314,30.8,False,0.009916131892201786,0.010914593559093091,6.0561946018292225,-0.042494837516856274,-0.0009099348763760497,0.0006009232249807976,0.0010904541263009734,0.38291889983264243,8.423606454492763,2.557939360202525,1.77148511123932,True
2006-05-23,2006-11-07,120,121,168.0,2006-12-17,40,56.0,33.6,False,0.011710614078423668,0.01659375633334673,6.737243249920303,-0.5841988310399848,-0.003931188825632509,0.004943076032383727,0.0063157142307663314,0.1,9.687592331119292,2.2426599374042113,0.9548218697969593,True
2006-05-09,2006-11-07,130,131,182.0,2006-11-08,1,60.66666666666666,36.4,False,0.017629716274960818,0.04071570336756601,5.905689490685578,-0.011742589400500231,-0.002041611622742221,0.0004306195104978655,0.0020865308962336373,0.5013784071820814,6.4963238573789495,2.9337181739923888,0.4343471881171437,True
2006-04-24,2006-11-07,140,141,197.0,2006-11-08,1,65.66666666666663,39.400000000000006,False,0.020611515730494055,0.059901675879884944,5.882273606301177,-0.005399463563765723,-0.0010762848733639474,0.001585432068740723,0.0019162421489006907,0.6071187547276481,6.323225119210302,2.167192365848917,0.27054233346112994,True
2006-04-06,2006-11-07,150,151,215.0,2006-11-08,1,71.66666666666663,43.0,False,0.020527129821201435,0.06362582186316505,5.864657321835772,-0.0017552377764550964,0.0007576078964310101,0.0005165888281580237,0.0009169698697952405,0.7910727495490057,6.0,0.598453123735528,0.2523748452503085,True
2006-03-23,2006-11-07,160,161,229.0,2006-11-08,1,76.33333333333331,45.800000000000004,False,0.020226966078380162,0.06586995523448662,5.860103329498292,-0.0012979281982782964,0.0006033122081162067,0.0004749384998432987,0.0007678230258955876,0.8362491628896611,6.0,0.6668985760423518,0.23559929234889176,True
2006-03-09,2006-11-07,170,171,243.0,2006-11-09,2,81.0,48.6,False,0.01997190896940838,0.06820799228787927,5.858262377079265,-0.0011508834034280671,0.0005014473645368876,0.0005196771468087943,0.0007221591211888965,0.8484155664947448,6.0,0.8032489207970923,0.22534908767320863,True
2006-02-23,2006-11-07,180,181,257.0,2007-01-31,85,85.66666666666663,51.400000000000006,False,0.019169354396606875,0.06651101078487076,5.892860611022426,-0.0008185283839184557,-0.0003616383286940655,-1.48122826867266e-05,0.00036194154845641647,0.9,6.0,-3.1006567054773693,0.3392239937951002,True
2006-02-09,2006-11-07,190,191,271.0,2007-02-05,90,90.33333333333331,54.2,False,0.018536539852689323,0.06562823215467484,5.896445742448898,-0.0008318145139520784,-0.00035134730553206954,-5.058773558933141e-05,0.0003549704890504301,0.9,6.0,-2.9985932795963635,0.3515001413965023,True
2006-01-26,2006-11-07,200,201,285.0,2007-02-10,95,95.0,57.0,False,0.01807617199568513,0.06567634679753585,5.900252170144297,-0.0008469509036740463,-0.00030459221478367057,-0.0001709646029971641,0.0003492925890779815,0.9,6.049260843606958,-2.6301227408762236,0.3607522614104646,True
2006-10-02,2006-11-13,30,31,42.0,2006-11-19,6,14.0,8.4,False,0.003455517751675869,0.0003701586908965586,5.893679500783617,-0.0014646758413626533,1.245062505948665e-05,0.00035471686059968563,0.00035493530291881185,0.9,6.0,1.5357105525672845,0.6189899240725926,True
2006-09-18,2006-11-13,40,41,56.0,2006-11-22,9,18.666666666666657,11.200000000000001,False,0.004296497067941224,0.000756855369247929,5.900413855403771,-0.0016585201261736663,-0.0002409921125328449,0.00020526566460638018,0.000316561512773335,0.9,6.0,2.4360819794481046,0.785875758384376,True
2006-09-04,2006-11-13,50,51,70.0,2006-11-26,13,23.33333333333333,14.0,False,0.0053051874843507135,0.0014353957264496837,5.906999825212816,-0.0017665772046533644,-0.00027932292469866284,3.1890709957106255e-06,0.00027934112915220803,0.9,6.0,3.1301760022586524,0.9486128358621267,True
2006-08-21,2006-11-13,60,61,84.0,2006-12-10,27,28.0,16.8,False,0.005323964847086811,0.0017290207032739815,5.92999534779623,-0.0019684328887506837,8.71924014517354e-05,0.00015956603470258416,0.00018183463449416583,0.9,8.150020422326945,1.0706945919782715,1.1954400928697528,True
2006-08-07,2006-11-13,70,71,98.0,2006-12-15,32,32.66666666666666,19.6,False,0.005236874367460289,0.0019471645729799442,5.937885741534507,-0.0020298852181745717,0.0001728886112940489,-1.5416532250748334e-05,0.0001735745988957575,0.9,9.222611815668563,-0.088935096705515,1.14123186870021,True
2006-07-24,2006-11-13,80,81,112.0,2006-12-19,36,37.333333333333314,22.400000000000002,False,0.005922057701180245,0.0028407321607047675,5.971001902164514,-0.006884505617962225,-8.709115987411045e-05,-0.00035958608785345504,0.0003699824654033898,0.6765433896593281,8.691457425540845,-1.8084188966173655,1.4484205053536654,True
2006-07-10,2006-11-13,90,91,126.0,2006-12-25,42,42.0,25.200000000000003,False,0.007760244336993702,0.0054801466874556965,6.043612851955828,-0.026286505577875843,-6.965960153867534e-05,-0.0008988960190402096,0.0009015911008505263,0.46417266718662215,10.020935337865092,-1.6481363699437828,1.350499861228957,True
2006-06-26,2006-11-13,100,101,140.0,2006-12-29,46,46.66666666666666,28.0,False,0.008967806092453075,0.008122576157295688,6.316687571108788,-0.19026479832795537,0.0004475717061771635,-0.0026462096565012597,0.0026837932070729394,0.2061615631935586,11.374193010978821,-1.4032451431395758,1.284980392199582,True
2006-06-12,2006-11-13,110,111,154.0,2006-12-11,28,51.333333333333314,30.8,True,0.009671975601410981,0.010383729435806115,5.95260241823792,-0.006097971415184517,6.468056958950925e-05,0.000226937603736245,0.00023597510900934512,0.6881498944388926,6.719099153932836,1.2931435066223735,2.646617540173727,True
2006-05-29,2006-11-13,120,121,168.0,2007-01-07,55,56.0,33.6,False,0.011366767507908306,0.01563361183303964,6.957520799143068,-0.7085817734662989,0.0035314574766717793,0.0040164431809490975,0.005348177982765113,0.1,11.587851057624402,0.849564337974571,1.1433553302509285,True
2006-05-15,2006-11-13,130,131,182.0,2006-12-23,40,60.66666666666666,36.4,False,0.013121140621443705,0.022553527388208712,6.749044228987088,-0.5876370734622364,-0.0017678154153543194,-0.007289962989320296,0.007501248677948497,0.1,10.05054631375188,-1.8087037265111687,0.7794458602606483,True
2006-04-28,2006-11-13,140,141,199.0,2006-11-14,1,66.33333333333331,39.800000000000004,False,0.020215583124082552,0.057622441947583466,5.896282044803304,-0.007061311611912074,0.001054694234874244,-0.0015484256118895824,0.0018734998811402671,0.5775906202344773,6.906157551333953,-0.9728407118469122,0.31522115599645745,True
2006-04-12,2006-11-13,150,151,215.0,2006-11-14,1,71.66666666666663,43.0,False,0.02093496891793526,0.06617921146283223,5.879501721327324,-0.0033194048609320797,-0.0012303711147573203,0.000600072376287288,0.00136890464854651,0.6898088244161148,6.370763660602405,2.687819990825705,0.2625574096317582,True
2006-03-29,2006-11-13,160,161,229.0,2006-11-14,1,76.33333333333331,45.800000000000004,False,0.020676262028962673,0.06882875764994212,5.871239791925358,-0.0019852461242196202,0.0005109565419914816,0.0008656851806687714,0.0010052300332925872,0.7700639207396868,6.034381834843621,1.0375889008700483,0.25202457444580867,True
2006-03-15,2006-11-13,170,171,243.0,2006-11-14,1,81.0,48.6,False,0.020438445773274246,0.07143184122222929,5.868731629343924,-0.001860752392069482,0.0006039966439698581,0.0008198776940282348,0.0010183375565557362,0.7725250446907778,6.0,0.9358674326811002,0.23526544408710043,True
2006-03-01,2006-11-13,180,181,257.0,2006-11-14,1,85.66666666666663,51.400000000000006,False,0.020042243931589737,0.07270616906821556,5.870478088561211,-0.002387374559641873,0.0007131714200950762,0.0010637495511624335,0.0012806937893340103,0.7238012736052589,6.0,0.9801916890785932,0.2248761258978975,True
2006-02-15,2006-11-13,190,191,271.0,2007-02-11,90,90.33333333333331,54.2,False,0.018774105832176556,0.06732120651137326,5.903710610947442,-0.0008599886934856033,-0.00033926156072269597,-0.00010115151093415978,0.0003540198225357769,0.9,6.0,-2.8518321382883705,0.36438158490349526,True
2006-02-01,2006-11-13,200,201,285.0,2007-02-16,95,95.0,57.0,False,0.018307686243109526,0.0673694464908045,5.908438258370412,-0.0008823935987145733,-0.0003234237872031194,-0.0001275699202820224,0.0003476737417314834,0.9,6.0,-2.7658921846317512,0.38069898275323305,True
2006-10-06,2006-11-17,30,31,42.0,2006-11-20,3,14.0,8.4,False,0.0033835574190902193,0.00035490228505669443,5.892447483009818,-0.0017774162786790809,1.2081634911002511e-05,-0.0003932565104872552,0.000393442052839723,0.8014713623650984,6.955994608471515,-1.540083965559579,0.5205196730582842,True
2006-09-22,2006-11-17,40,41,56.0,2006-11-23,6,18.666666666666657,11.200000000000001,False,0.004352669588770669,0.00077677503450937,5.8985066559021515,-0.0015604084032825752,-0.00026275973209216624,0.0002077999155452087,0.000334997733887474,0.9,6.0,2.4724644076992037,0.6986950561612086,True
2006-09-08,2006-11-17,50,51,70.0,2006-12-10,23,23.33333333333333,14.0,False,0.004943306421364062,0.0012462501971504576,5.92257726114124,-0.0018125053365072104,-1.3499111450051757e-05,-0.00020146821488194487,0.0002019199534906306,0.9,6.0,-1.6377000034473614,1.3464533632071036,True
2006-08-25,2006-11-17,60,61,84.0,2006-11-24,7,28.0,16.8,False,0.005404527634186711,0.001781744055869956,5.902809899868702,-0.0017094658424389657,-0.00028228304661751875,4.2624280139466695e-05,0.00028548300766433716,0.9,6.0,2.9917264475278564,0.8981966333608762,True
2006-08-11,2006-11-17,70,71,98.0,2006-12-01,14,32.66666666666666,19.6,True,0.005717332339571091,0.0023208401247584863,5.915579608992022,-0.0019062004199586731,6.073870345362913e-05,-0.0001755036256434925,0.00018571675398638393,0.9,7.85719550466079,-1.2376158921090534,1.175688923213766,True
2006-07-28,2006-11-17,80,81,112.0,2006-12-24,37,37.333333333333314,22.400000000000002,False,0.006097891056402149,0.0030119263021956945,5.942730043187628,-0.0019212369948319885,-0.00011062108732416009,-7.38610191525995e-05,0.00013301306368564,0.9,8.44211033433651,-2.5528792635525765,1.539848979703231,True
2006-07-14,2006-11-17,90,91,126.0,2006-12-28,41,42.0,25.200000000000003,False,0.006626463163652231,0.0039958112793908335,5.950177541078564,-0.001970940193769529,-7.352233441508359e-05,0.00013040731200017228,0.00014970504560953736,0.9,9.378705204357097,2.084165164206551,1.2633876657676328,True
2006-06-30,2006-11-17,100,101,140.0,2006-12-25,38,46.66666666666666,28.0,False,0.00888375968741364,0.007971039804555284,6.013070472923936,-0.01930523303771311,0.000422881862232701,-0.0005109814005649122,0.0006632729914060095,0.4967979391278143,12.913190818659322,-0.879458581320194,1.1197703203215033,True
2006-06-16,2006-11-17,110,111,154.0,2007-01-07,51,51.333333333333314,30.8,False,0.009228295185219311,0.009452918954835153,6.099686301053961,-0.04211413267005389,-0.0007575224613429283,-0.0002608484520139479,0.0008011755078365297,0.39940931021582715,10.85799014426764,-2.8099652836052345,1.9336102409062266,True
2006-06-02,2006-11-17,120,121,168.0,2007-01-12,56,56.0,33.6,False,0.010631139528764497,0.01367555644928714,6.159588471362469,-0.0658478685446521,0.0011648724888417838,-0.0003884203317516689,0.0012279243744541144,0.3433274145881594,11.275863841892235,-0.32185060658055314,1.6327840958219337,True
2006-05-19,2006-11-17,130,131,182.0,2007-01-16,60,60.66666666666666,36.4,False,0.011824030574828738,0.018314808573517513,6.997458081437798,-0.7279718933632205,-0.0049165298785826,-0.0032743754300448985,0.005907097468628494,0.1,12.037133402434835,-2.55405644630029,1.0238053653871657,True
2006-05-05,2006-11-17,140,141,196.0,2006-11-21,4,65.33333333333331,39.2,False,0.019045150277333053,0.0511432026211541,5.918157423870985,-0.010846898979928833,0.00183657591043727,0.0008114292432844889,0.0020078417496545205,0.5223972603650358,7.12629598112344,0.4160275861345067,0.39601637997236266,True
2006-04-20,2006-11-17,150,151,211.0,2006-11-18,1,70.33333333333331,42.2,False,0.020960745271389972,0.06634227919214666,5.891763294532307,-0.005182411236334805,-0.001226743807085093,-0.0012804625752082894,0.0017732695155363925,0.6210877098344975,6.590509052570595,-2.334772021474459,0.275417225330509,True
2006-04-04,2006-11-17,160,161,227.0,2006-11-18,1,75.66666666666663,45.400000000000006,False,0.020810789033655772,0.06972731937273571,5.88398364834373,-0.0037260169339911825,-0.001550081224372878,0.00016156647127495768,0.0015584785936269905,0.6672894169323351,6.3977416402776495,3.037736699395166,0.24936271741552665,True
2006-03-21,2006-11-17,170,171,241.0,2006-11-18,1,80.33333333333331,48.2,False,0.020643037588407437,0.0728690851498648,5.878756111450212,-0.0029587474592379544,-0.0004970950647858582,0.001316957319761895,0.0014076505551836687,0.6979248134001824,6.168271954915911,1.9317195405170418,0.23782536281345032,True
2006-03-07,2006-11-17,180,181,255.0,2007-02-10,85,85.0,51.0,False,0.019811489072976838,0.07104161297125121,5.907439196305834,-0.000889696723123811,-0.000353395753110586,-8.885116638976867e-05,0.0003643941383796131,0.9,6.0,-2.8952768861294533,0.3662367047450785,True
2006-02-21,2006-11-17,190,191,269.0,2007-02-14,89,89.66666666666663,53.800000000000004,False,0.019052358975642537,0.06933154506451863,5.909461801590677,-0.0008872783244876107,-0.0003329436231916307,-0.00012666245807157423,0.00035622301232332516,0.9,6.0,-2.778068077240603,0.3736191769450906,True
2006-02-07,2006-11-17,200,201,283.0,2007-02-19,94,94.33333333333331,56.6,False,0.018513152066448237,0.06889009668652277,5.913844059551581,-0.000907042459766732,-0.0003142623149687725,-0.00015138970534482797,0.0003488260963487764,0.9,6.0,-2.692667270006737,0.3900406832778154,True
2006-10-12,2006-11-23,30,31,42.0,2006-11-29,6,14.0,8.4,False,0.003165462969245478,0.0003106248300995964,5.897324554222459,-0.003143328501418149,-0.00035707345603998633,0.00045731483317034023,0.0005802054029789418,0.6009094944916321,12.978595063348164,2.2337225799557654,0.25083572195912257,True
2006-09-28,2006-11-23,40,41,56.0,2006-11-24,1,18.666666666666657,11.200000000000001,False,0.004203249117705055,0.0007243594289650213,5.894117138370005,-0.0012586791025577223,1.6077562307535877e-05,0.000322196207068239,0.00032259709214267916,0.9,7.46175847124119,1.520937770197611,0.47060430483900695,True
2006-09-14,2006-11-23,50,51,70.0,2006-11-24,1,23.33333333333333,14.0,False,0.005063591288179776,0.0013076377934202366,5.895708755205762,-0.001455339548019276,-0.0003206597464567317,0.00016171598625796613,0.0003591305239172551,0.9,6.0,2.6744928745187377,0.6078595877113154,True
2006-08-31,2006-11-23,60,61,84.0,2006-11-30,7,28.0,16.8,False,0.005888649141504482,0.00211524751141623,5.903468068485364,-0.001550988803818174,-0.0002638680138995044,-0.00015493039467173915,0.0003059897971377639,0.9,6.027575379618954,-2.6106744488038056,0.756835641878077,True
2006-08-17,2006-11-23,70,71,98.0,2006-12-25,32,32.66666666666666,19.6,False,0.005787049069095402,0.002377785521896375,5.930395407821123,-0.0016176326796699743,0.00015765843007380857,0.00011121508480525078,0.0001929377507425053,0.9,6.302073640126853,0.6143529172715022,1.1973517039984074,True
2006-08-03,2006-11-23,80,81,112.0,2006-12-13,20,37.333333333333314,22.400000000000002,True,0.006269378827464969,0.003183713981463549,5.9262877939045495,-0.0018521445003052994,0.00012118967649918236,8.527551524051269e-05,0.0001481851922072897,0.9,9.391420953319994,0.6131736346499712,1.1977915930730167,True
2006-07-20,2006-11-23,90,91,126.0,2007-01-04,42,42.0,25.200000000000003,False,0.006612665306886214,0.003979188163941586,5.952345863919437,-0.0018969045831038274,0.00010016197777407848,5.620474323120151e-05,0.00011485379816662697,0.9,8.93129158235099,0.511354613052763,1.6642875540645692,True
2006-07-06,2006-11-23,100,101,140.0,2006-12-30,37,46.66666666666666,28.0,False,0.008720572361075348,0.007680886612779878,5.971746667137149,-0.006633293428152953,0.0002463386737587246,-0.00010869026639465421,0.0002692513996215215,0.6686567990733594,12.880377507040349,-0.41553096823083574,1.2789274612341617,True
2006-06-22,2006-11-23,110,111,154.0,2006-12-30,37,51.333333333333314,30.8,False,0.00928928605787138,0.00957828273661096,5.9671632314334255,-0.005715390972954402,0.00019622333524679542,-5.870837939011159e-05,0.0002048176533065193,0.6937458782420215,12.915020907797333,-0.2907150051309095,1.4989386600948889,True
2006-06-08,2006-11-23,120,121,168.0,2007-01-17,55,56.0,33.6,False,0.009599734141243457,0.011150742365489182,5.9640508025757235,-0.0018413820519339343,-3.9889853514047074e-05,-5.416645620859355e-05,6.726964688155883e-05,0.9,8.040991165722,-2.2055565185671573,3.06378074383277,True
2006-05-25,2006-11-23,130,131,182.0,2006-12-15,22,60.66666666666666,36.4,True,0.012028093271268412,0.018952428634245552,5.96412556868809,-0.010485306678895384,-0.0005910296330496312,-0.00013163430272017146,0.0006055110377155874,0.5792118271166455,9.964641154207495,-2.922449110057331,1.0065487896757106,True
2006-05-11,2006-11-23,140,141,196.0,2006-12-09,16,65.33333333333331,39.2,False,0.015391333978348975,0.03340193579026424,5.973560308459387,-0.01925115786201557,-0.00011274268665594335,-0.0017092056179709848,0.0017129199508143912,0.466443133200679,9.01547051620268,-1.6366629474630425,0.5814737236602325,True
2006-04-26,2006-11-23,150,151,211.0,2006-11-24,1,70.33333333333331,42.2,False,0.02043436403058954,0.06305204823353239,5.900651630971897,-0.005498618327834738,-0.0005034578392777093,0.0014454807196333306,0.0015306483288991862,0.6241464873413881,7.379663239514348,1.9059539577889693,0.3038282417926982,True
2006-04-10,2006-11-23,160,161,227.0,2006-11-24,1,75.66666666666663,45.400000000000006,False,0.020985458050876857,0.07090270138642307,5.891853778613457,-0.004012572615978366,0.0010143725375618175,0.0010662606319732117,0.0014716872562659208,0.6646733785352789,7.145636160703949,0.8103316029823693,0.2536148978920068,True
2006-03-27,2006-11-23,170,171,241.0,2006-11-24,1,80.33333333333331,48.2,False,0.02099429578541361,0.07537003789484949,5.886449704876517,-0.003247135722304615,0.0009512363726930397,-0.0010069810235639302,0.0013852297349364372,0.6909745599957028,6.813678035441264,-0.8138575164401498,0.2377163678466781,True
2006-03-13,2006-11-23,180,181,255.0,2007-02-16,85,85.0,51.0,False,0.01969449068067433,0.07020500633398143,5.911980233765057,-0.0008914251642551799,-0.00033512315533452725,-0.00014664875400550548,0.0003658051206486002,0.9,6.0,-2.7291011325854257,0.3655328126659144,True
2006-02-27,2006-11-23,190,191,269.0,2007-02-20,89,89.66666666666663,53.800000000000004,False,0.0191224098469511,0.06984231264576153,5.916059978896169,-0.0009108964691203578,-0.0003094483509854623,-0.00016900139032204596,0.0003525900620528128,0.9,6.0,-2.6417196261408384,0.3875165101720531,True
2006-02-13,2006-11-23,200,201,283.0,2007-02-25,94,94.33333333333331,56.6,False,0.018507869771781867,0.06885078994133664,5.9188739813381455,-0.0009153188044771839,-0.00028393290715509836,-0.000195601038810281,0.00034478640076024864,0.9,6.0,-2.538356079829941,0.39821124142030556,True
2006-10-18,2006-11-29,30,31,42.0,2006-12-13,14,14.0,8.4,False,0.00529543320796034,0.0008692899986590434,5.858986297444557,0.013564059768139321,0.003940021817354151,0.006106914166931394,0.007267611200628034,0.1,6.0,0.9978212586265371,0.03110618558994822,True
2006-10-04,2006-11-29,40,41,56.0,2006-12-13,14,18.666666666666657,11.200000000000001,False,0.008114416525529324,0.002699593977541119,5.892704317009176,-0.0007543840616615402,6.580702247474853e-05,0.00021426489120064104,0.0002241428290358953,0.9,12.950485982989797,1.2728118069458358,0.2338967021017342,True
2006-09-20,2006-11-29,50,51,70.0,2006-12-22,23,23.33333333333333,14.0,False,0.00897565640546776,0.004108682803359736,5.909931154326811,-0.0012102333350271564,-1.5829241020301306e-05,-0.00024908585105356103,0.0002495883131606037,0.9,10.189477773633065,-1.6342603234252178,0.42828754839858546,True
2006-09-06,2006-11-29,60,61,84.0,2006-12-27,28,28.0,16.8,False,0.008462058043345521,0.004367992006065867,5.9166486449614,-0.0013178129233301496,0.0002222076015557103,-0.00017173716748492888,0.00028083780529851714,0.9,6.0,-0.6579767775033336,0.7038651305845616,True
2006-08-23,2006-11-29,70,71,98.0,2006-12-08,9,32.66666666666666,19.6,False,0.00913128848257259,0.0059200104839893615,5.9015900198018905,-0.0013483473629579297,-7.456341737333928e-05,-0.0002756411279208735,0.00028554813011449074,0.9,6.0,-1.834982554475236,0.7082942702604859,True
2006-08-09,2006-11-29,80,81,112.0,2007-01-05,37,37.333333333333314,22.400000000000002,False,0.008208340454335607,0.005457525094156881,5.927396625980969,-0.001407001422509412,0.00020221446606071897,3.8449601629960176e-05,0.0002058374653694616,0.9,6.0,0.18789965696289812,1.0253245831491062,True
2006-07-26,2006-11-29,90,91,126.0,2007-01-10,42,42.0,25.200000000000003,False,0.008343294991790292,0.006334561990123,5.934904365890232,-0.0014893400853236355,0.00012479454741947844,9.536444395024312e-05,0.0001570606769231927,0.9,6.0,0.6525093842681335,1.4223866672101193,True
2006-07-12,2006-11-29,100,101,140.0,2007-01-05,37,46.66666666666666,28.0,False,0.009687079736193272,0.009477790895351999,5.940537539959414,-0.0017045214773706275,-8.866317211911963e-05,-6.260310975226909e-05,0.00010853712471260367,0.9,12.218054006637217,-2.526799173046895,1.1568169260007473,True
2006-06-28,2006-11-29,110,111,154.0,2007-01-03,35,51.333333333333314,30.8,False,0.010718270779522667,0.012751827463851808,5.9331781487001285,-0.0015918142079610024,8.336247287795532e-05,3.26779252015426e-05,8.953853181622674e-05,0.9,13.0,0.3735891510291073,1.2307832153847786,True
2006-06-14,2006-11-29,120,121,168.0,2007-01-24,56,56.0,33.6,False,0.010881729454642374,0.014327856346807803,5.963711847800637,-0.001774084150630181,6.51967827880933e-05,-1.561071345063318e-05,6.703965140389379e-05,0.9,8.396805969000047,-0.23501535149675537,2.836422098699443,True
2006-05-31,2006-11-29,130,131,182.0,2007-01-04,36,60.66666666666666,36.4,True,0.012434178321721317,0.020253751560263725,5.938322681833603,-0.0019652834069690227,-9.422000789511942e-05,-4.073112656130035e-05,0.00010264713614470221,0.8650138708644258,12.224094968847858,-2.7335567595630446,1.3548296943105402,True
2006-05-17,2006-11-29,140,141,196.0,2006-12-29,30,65.33333333333331,39.2,False,0.013259041823343075,0.024788108800315678,5.9496734712529955,-0.004900724164287194,-0.00021719346830702854,-0.0003004952914936185,0.0003707700404362129,0.7013005382317442,11.157073258260949,-2.1966510804537345,0.8308249158846306,True
2006-05-03,2006-11-29,150,151,210.0,2006-11-30,1,70.0,42.0,False,0.02015534380633774,0.061341920476703234,5.895005157004593,-0.0027677669960215353,0.00015433010181551353,-0.0007112963327303658,0.0007278463115809917,0.7506907552173172,7.925957208934992,-1.3571377875343438,0.3601630745343472,True
2006-04-18,2006-11-29,160,161,225.0,2006-11-30,1,75.0,45.0,False,0.021403798706611136,0.07375773845077369,5.88547122247613,-0.0019303649521066912,-0.0007371966630832962,-0.00011034470533300474,0.0007454091990686556,0.7948519800113335,7.5840367013818994,-2.993014207976968,0.27141291549717184,True
2006-03-31,2006-11-29,170,171,243.0,2007-02-18,81,81.0,48.6,False,0.020159142555374366,0.06949286588511187,5.914396217683192,-0.0009016432519112009,-0.00032615732637649147,-0.00016027026737927802,0.000363407705139677,0.9,6.0,-2.6848571863553734,0.3721618608353328,True
2006-03-17,2006-11-29,180,181,257.0,2007-02-22,85,85.66666666666663,51.400000000000006,False,0.01923598368015005,0.06697417533388282,5.913370593136805,-0.0008688112074535653,-0.0002978861920639508,-0.00020538011566102407,0.00036182478540212887,0.9,6.0,-2.537976730424974,0.3601789771620992,True
2006-03-03,2006-11-29,190,191,271.0,2007-02-27,90,90.33333333333331,54.2,False,0.018783119940437437,0.06738586858709998,5.917264918765227,-0.0008874643628974519,-0.0002665652058192202,-0.0002208076540079916,0.00034614018695025306,0.9,6.0,-2.4498062138865975,0.3845830662064951,True
2006-02-17,2006-11-29,200,201,285.0,2007-03-04,95,95.0,57.0,False,0.018253199429208288,0.0669690371698924,5.919683267966067,-0.0008894029467888219,-0.00023505470337163568,-0.00024051977782303777,0.0003363041437466554,0.9,6.0,-2.3447034743305677,0.39669580199649285,True
2006-10-24,2006-12-05,30,31,42.0,2006-12-18,13,14.0,8.4,False,0.004042424946426369,0.0005065771828721972,5.831073296736649,0.015124648604039604,-0.00098671967289007,0.0037070942637457524,0.0038361652197428813,0.31687919146874777,6.006332571552874,1.8309355710245523,0.20800431079200848,True
2006-10-10,2006-12-05,40,41,56.0,2006-12-23,18,18.666666666666657,11.200000000000001,False,0.00558393969616155,0.0012783956837451183,5.855383258727667,0.01326625293391094,-0.008362381088143725,-0.0002827434523292936,0.008367159692702112,0.1,6.0,-3.1077941722303764,0.0264252415019676,True
2006-09-26,2006-12-05,50,51,70.0,2006-12-28,23,23.33333333333333,14.0,False,0.008493458385360354,0.003679080602536254,5.8862594660880045,-0.00045222794327402815,1.0244182773818885e-05,-0.0003600757996054861,0.00036022149400366657,0.9,6.0,-1.542353925991205,0.18831244836937397,True
2006-09-12,2006-12-05,60,61,84.0,2007-01-02,28,28.0,16.8,False,0.008663698445868683,0.004578639916417794,5.900467271360853,-0.0008485327326585688,0.00030838527712891405,-0.00019536289717170735,0.0003650590921223579,0.9,6.0,-0.5646902449297742,0.3486556358829835,True
2006-08-29,2006-12-05,70,71,98.0,2007-01-06,32,32.66666666666666,19.6,False,0.008000686458537713,0.00454477985035584,5.905694718985337,-0.0009341073462047214,0.0003594706263859781,-2.0726202273701794e-05,0.0003600676418327782,0.9,6.0,-0.057593803483725024,0.38913827751225866,True
2006-08-15,2006-12-05,80,81,112.0,2007-01-11,37,37.333333333333314,22.400000000000002,False,0.0077101849969550326,0.004815203167668908,5.913170765777267,-0.0010576879240870704,0.00027769900867774967,0.00013652158298186397,0.00030944285747206844,0.9,6.0,0.456918832355534,0.5127059319098397,True
2006-08-01,2006-12-05,90,91,126.0,2007-01-16,42,42.0,25.200000000000003,False,0.009092970278386544,0.007524071872009515,5.924907346557849,-0.0012489026280610978,0.00011337065039488383,0.00019552599816082382,0.00022601619483511674,0.9,6.0,1.0453443014982975,0.8288582786991416,True
2006-07-18,2006-12-05,100,101,140.0,2007-01-13,39,46.66666666666666,28.0,False,0.011342172360057017,0.012993132258369379,5.939854632451762,-0.0016035240985698424,-3.9902523540185215e-05,9.808411743280693e-05,0.0001058900631666999,0.9,13.0,1.957167653302904,1.048381722554088,True
2006-07-04,2006-12-05,110,111,154.0,2007-01-08,34,51.333333333333314,30.8,False,0.011998552587803184,0.015980144326452908,5.931311152337177,-0.00151572777863179,5.0818882678852265e-05,7.826479456266192e-05,9.331632710658207e-05,0.9,13.0,0.9948994097532109,1.1245084682691324,True
2006-06-20,2006-12-05,120,121,168.0,2007-01-11,37,56.0,33.6,False,0.012066683522065283,0.017618186997823502,5.935111971477583,-0.0015492273082382834,9.287983559538754e-06,7.630548275977205e-05,7.686867592071645e-05,0.9,13.0,1.4496711280663523,1.3952913456356921,True
2006-06-06,2006-12-05,130,131,182.0,2007-02-03,60,60.66666666666666,36.4,False,0.012496841817459645,0.02045840825878966,5.965178841732338,-0.0016810022381530112,-4.9443259410716006e-05,-2.147527583119249e-05,5.390568961789801e-05,0.9,9.056668512253623,-2.731836074400672,3.0989011456949562,True
2006-05-23,2006-12-05,140,141,196.0,2007-01-09,35,65.33333333333331,39.2,False,0.01388723549069018,0.027192598649917778,5.930250617839017,-0.0014929836946228558,3.281487812203032e-05,-0.00011444954401843256,0.00011906096905447577,0.9,12.411487226168433,-1.2915678718128987,0.9092940231609024,True
2006-05-09,2006-12-05,150,151,210.0,2006-12-06,1,70.0,42.0,False,0.018724345764552466,0.0529407697708876,5.890897212395657,-0.0013754715488320725,-0.0002535986482132749,0.00017024668284756564,0.000305444278709227,0.8835505749568829,8.649997627050542,2.5503731479419174,0.4599758623999718,True
2006-04-24,2006-12-05,160,161,225.0,2006-12-06,1,75.0,45.0,False,0.021446100140628557,0.07404956900994078,5.8838262516834,-0.00117402133325972,0.00023258209418703909,0.0003611461590812772,0.00042955905153492914,0.8876268914752188,8.310374174799078,0.9986428373139941,0.2919194193904497,True
2006-04-06,2006-12-05,170,171,243.0,2007-02-24,81,81.0,48.6,False,0.01971142074208876,0.06644035841185163,5.915232527979339,-0.0008782004897447269,-0.000289665862145535,-0.00021180722027130358,0.000358843434176484,0.9,6.0,-2.51022454620126,0.3670962345013185,True
2006-03-23,2006-12-05,180,181,257.0,2007-02-28,85,85.66666666666663,51.400000000000006,False,0.01885797145834613,0.0643677788418073,5.913686214971155,-0.0008413828228732754,-0.00025499326745663655,-0.0002518418743517281,0.0003583934934191794,0.9,6.0,-2.362412197359869,0.35214764148460215,True
2006-03-09,2006-12-05,190,191,271.0,2007-03-05,90,90.33333333333331,54.2,False,0.018281043188403182,0.06383153915074613,5.91541571623492,-0.000839606600289731,-0.00021735751509483292,-0.00026915618377195295,0.00034596147275510583,0.9,6.0,-2.2501249896381945,0.3640318358010024,True
2006-02-23,2006-12-05,200,201,285.0,2007-03-10,95,95.0,57.0,False,0.01811899365211978,0.06598788412407694,5.919473416248195,-0.0008596696759102035,-0.0001847960931298151,-0.00027232076718389014,0.0003291021061550135,0.9,6.0,-2.1670130712939693,0.39182505664607437,True
2006-10-30,2006-12-11,30,31,42.0,2006-12-23,12,14.0,8.4,False,0.0038249288256166137,0.0004535324961520195,5.836673933816801,0.02577723479411685,-0.008920807314628385,0.0019607616879001874,0.009133750026219488,0.10444286002533715,6.00187666369067,2.925236519629257,0.04911101331079665,True
2006-10-16,2006-12-11,40,41,56.0,2006-12-23,12,18.666666666666657,11.200000000000001,False,0.004467715328397292,0.000818379690479441,5.819484772335033,0.03873447319902696,-0.008092145972697726,0.000975155932455566,0.008150690494433666,0.1,6.0,3.0216644787990403,0.07920489113873197,True
2006-10-02,2006-12-11,50,51,70.0,2007-01-03,23,23.33333333333333,14.0,False,0.00686824272356033,0.00240581066359671,5.905456462865767,-0.00775995722173062,0.0013571200043305373,-0.0028450662192392897,0.0031521701251694305,0.3738843321383089,6.0,-1.125710729866007,0.153403650398504,True
2006-09-18,2006-12-11,60,61,84.0,2007-01-08,28,28.0,16.8,False,0.0073514545607100594,0.0032966769336492683,5.895983333815363,-0.0006805474795658382,0.00036386925743057735,-8.190257533019686e-05,0.0003729730128961053,0.9,6.0,-0.22139812697008915,0.2736984135721142,True
2006-09-04,2006-12-11,70,71,98.0,2007-01-12,32,32.66666666666666,19.6,False,0.007199191771162926,0.003679813713216579,5.9040764641703865,-0.0008466420413993236,0.0003437355038407252,0.0001243443007851389,0.0003655346792554467,0.9,6.0,0.34709874601813845,0.34742614973926916,True
2006-08-21,2006-12-11,80,81,112.0,2007-01-17,37,37.333333333333314,22.400000000000002,False,0.006903605810117618,0.003860441627700669,5.913488321855488,-0.001348564131390724,0.0003235269671578323,0.00031942204049745893,0.0004546428691114658,0.8331480447923039,6.0,0.7790137210271115,0.4118813709542457,True
2006-08-07,2006-12-11,90,91,126.0,2007-01-22,42,42.0,25.200000000000003,False,0.008235721857678083,0.006172267421050324,5.958964051443663,-0.007939035746110323,0.0002580406228655692,0.0013005562736012868,0.001325907833845368,0.5702132523836457,6.0,1.3749321119788944,0.5690369619496417,True
2006-07-24,2006-12-11,100,101,140.0,2007-01-26,46,46.66666666666666,28.0,False,0.008822722264551016,0.007861883243897827,5.928055329375228,-0.0011977011048644565,-4.591190870422408e-05,0.00021295400724217757,0.00021784699346414312,0.9,6.0,1.7831415302121612,0.8246850822811063,True
2006-07-10,2006-12-11,110,111,154.0,2007-01-14,34,51.333333333333314,30.8,False,0.012256912121747399,0.01667574031838645,5.934887319792255,-0.001522798526286921,-3.1276191722059185e-05,9.088671110125656e-05,9.611760724985966e-05,0.9,13.0,1.9022257907401874,1.0968283166295656,True
2006-06-26,2006-12-11,120,121,168.0,2007-01-12,32,56.0,33.6,True,0.012595800354631832,0.019197156575422952,5.930754645964696,-0.0014833770276728804,1.1581242177562675e-05,8.32329241620608e-05,8.403478348245279e-05,0.9,13.0,1.4325414409802915,1.2220574437070961,True
2006-06-12,2006-12-11,130,131,182.0,2007-02-09,60,60.66666666666666,36.4,False,0.012692002128641338,0.02110238626238015,5.967308894417579,-0.001654032477910288,6.085722294115407e-05,2.5738384076972242e-05,6.607621356436118e-05,0.9,9.653764654693964,0.40011657367021847,2.333698177598095,True
2006-05-29,2006-12-11,140,141,196.0,2007-02-14,65,65.33333333333331,39.2,False,0.013130464475959417,0.024309682726974945,5.953847760489818,-0.0014107671652303605,-0.00013016328989495877,-2.994348532833253e-05,0.00013356307255333393,0.9,6.0,-2.9154810066402184,1.5843830988543088,True
2006-05-15,2006-12-11,150,151,210.0,2007-02-19,70,70.0,42.0,False,0.014127082935217713,0.030135745311036445,5.9482423589677875,-0.0012960072077046422,-0.0001696134844696229,-6.57560490887e-05,0.00018191369411257234,0.9,6.0,-2.771750369859677,1.0686445685358712,True
2006-04-28,2006-12-11,160,161,227.0,2007-02-24,75,75.66666666666663,45.400000000000006,False,0.019519323881856177,0.06134164477357295,5.927655402633438,-0.001006816761059993,-0.0002557258968615489,-0.00017076697500451976,0.0003075013724812262,0.9,6.0,-2.5528241781118246,0.49112793526870935,True
2006-04-12,2006-12-11,170,171,243.0,2007-03-02,81,81.0,48.6,False,0.019526353065333176,0.06519861734947993,5.918473807589506,-0.0008761015479826275,-0.00024701767377413326,-0.0002488029196154057,0.0003506003764486487,0.9,6.0,-2.352593917423987,0.3748291246248621,True
2006-03-29,2006-12-11,180,181,257.0,2007-03-06,85,85.66666666666663,51.400000000000006,False,0.01875154180945436,0.06364327796194041,5.915876082327353,-0.0008289337021030938,-0.00020944442498851615,-0.0002865386606791938,0.00035492445847334377,0.9,6.0,-2.201991248861262,0.35032822435031624,True
2006-03-15,2006-12-11,190,191,271.0,2007-03-11,90,90.33333333333331,54.2,False,0.01807488262209058,0.06239996392424925,5.915869604420869,-0.000810766346089632,-0.00016726112835179332,-0.0003041115320415404,0.0003470736362476527,0.9,6.0,-2.0736389967778783,0.35040100777538474,True
2006-03-01,2006-12-11,200,201,285.0,2007-03-16,95,95.0,57.0,False,0.018127449690385305,0.06604949088776751,5.920833264900868,-0.0008410184541089432,-0.00013530077789372723,-0.000295289543894343,0.0003248110454279177,0.9,6.0,-2.000445919669416,0.3883881718066062,True
2006-11-03,2006-12-15,30,31,42.0,2006-12-29,14,14.0,8.4,False,0.004796967868632482,0.000713337922713466,5.940179162613961,-0.03969233974698859,-0.006492890262092494,-0.006640192982866798,0.00928707633247886,0.14571049444643547,6.0,-2.344978803708651,0.10379280919017858,True
2006-10-20,2006-12-15,40,41,56.0,2007-01-01,17,18.666666666666657,11.200000000000001,False,0.005526868989807053,0.0012523975140501242,5.965779113958948,-0.06283053879594089,-2.3551893555509226e-05,-0.008905982684270237,0.008906013825736593,0.1,6.0,-1.5734408231394474,0.1175807344440548,True
2006-10-06,2006-12-15,50,51,70.0,2007-01-04,20,23.33333333333333,14.0,False,0.0056974327714056595,0.001655497749419046,5.993928307088428,-0.08167162704119955,0.00365453208997887,-0.007904773363649392,0.008708676519847677,0.1,6.0,-1.1377447348637622,0.15630317430182847,True
2006-09-22,2006-12-15,60,61,84.0,2007-01-12,28,28.0,16.8,False,0.006777557115024502,0.0028020521072925743,5.974561722940776,-0.029923941542353023,0.0047988900713344974,0.0006523972411547896,0.004843032941971301,0.30560214459492585,6.0,0.1351191789425659,0.3147070860914546,True
2006-09-08,2006-12-15,70,71,98.0,2007-01-16,32,32.66666666666666,19.6,False,0.006617291202073331,0.003108986542565635,5.960798325849359,-0.013175955715926764,0.0018600628844791566,0.0017547883096954893,0.0025571695184443428,0.46415181883335377,6.0,0.7562835963414558,0.39859460276321396,True
2006-08-25,2006-12-15,80,81,112.0,2007-01-21,37,37.333333333333314,22.400000000000002,False,0.006526043011086423,0.0034497282279865454,6.396776945792802,-0.34556142895673136,0.0055100417433093934,0.01180483401526193,0.013027458161164714,0.1,6.0,1.1340913158192292,0.4420936976368645,True
2006-08-11,2006-12-15,90,91,126.0,2007-01-25,41,42.0,25.200000000000003,False,0.006940019568545834,0.004382912316673719,6.478708774909895,-0.3967457740422745,-0.0002077970085138589,0.012582375250279373,0.012584091009508403,0.1,6.0,1.5873097525796371,0.5254594521268927,True
2006-07-28,2006-12-15,100,101,140.0,2007-01-30,46,46.66666666666666,28.0,False,0.007756168763199829,0.006075973542206912,6.576521861517357,-0.45733015397058857,-0.006052839524258925,0.0104036009869342,0.012036269347342194,0.1,6.0,2.0977277275334822,0.6332667550785779,True
2006-07-14,2006-12-15,110,111,154.0,2007-02-04,51,51.333333333333314,30.8,False,0.011181721476622311,0.013878429365063989,5.943499474646248,-0.0013593464505342026,-0.00013577464447485778,7.797310144173992e-05,0.00015657125735816867,0.9,6.0,2.6202972119621677,1.3022950126388084,True
2006-06-30,2006-12-15,120,121,168.0,2007-02-09,56,56.0,33.6,False,0.010759393326442854,0.014007509915125466,5.945094201088039,-0.001331231460278453,-0.0001537294908599548,5.228379944990873e-05,0.0001623771906549045,0.9,6.0,2.813762181752195,1.2297584299641695,True
2006-06-16,2006-12-15,130,131,182.0,2007-02-13,60,60.66666666666666,36.4,False,0.011453417158379706,0.01718468016310653,5.9552835137348055,-0.0014334934307182385,-0.00011821504717978478,-1.9017062749122302e-05,0.00011973489907008232,0.9,6.0,-2.9820908050797272,1.7958340991449748,True
2006-06-02,2006-12-15,140,141,196.0,2007-02-18,65,65.33333333333331,39.2,False,0.01243284096644219,0.02179515036405489,5.960165070441046,-0.0014524040900438342,-0.00010067000795266145,-5.1358270757941667e-05,0.00011301381542287194,0.9,6.0,-2.669846498103288,1.9277343454991798,True
2006-05-19,2006-12-15,150,151,210.0,2007-02-23,70,70.0,42.0,False,0.013047613307375024,0.025706272165837263,5.973228683681054,-0.0026910091821687365,-0.00022324842241773534,-0.0001464916347590447,0.00026701995649461286,0.7902046205551913,6.0,-2.560883711519103,1.3272715128498165,True
2006-05-05,2006-12-15,160,161,224.0,2007-02-27,74,74.66666666666663,44.800000000000004,False,0.018805266483226498,0.05693572564833107,5.938970196907278,-0.0011063714454032788,-0.00021295056284310825,-0.00015739789887126595,0.0002648056660728502,0.9,6.0,-2.505085480141726,0.6267075749234008,True
2006-04-20,2006-12-15,170,171,239.0,2007-03-04,79,79.66666666666663,47.800000000000004,False,0.02009011484524792,0.06901777417868789,5.926189773768991,-0.0009297894562515434,-0.0002283477894777101,-0.0002461450914278344,0.0003357530625227022,0.9,6.0,-2.318704016389146,0.4153898623882284,True
2006-04-04,2006-12-15,180,181,255.0,2007-03-10,85,85.0,51.0,False,0.01942049737902759,0.06826518503923595,5.922272683420891,-0.0008635219634402496,-0.0001894538073203546,-0.00029223634004144034,0.0003482740638477037,0.9,6.0,-2.145968283186281,0.37191484512231343,True
2006-03-21,2006-12-15,190,191,269.0,2007-03-14,89,89.66666666666663,53.800000000000004,False,0.018731602520867665,0.0670167302029572,5.921158079641986,-0.0008334774073783598,-0.00014731246521563408,-0.0003128060660061959,0.0003457580040117365,0.9,6.0,-2.0109257511101832,0.3615870338680871,True
2006-03-07,2006-12-15,200,201,283.0,2007-03-19,94,94.33333333333331,56.6,False,0.018530924386114173,0.06902242687938008,5.924367816199137,-0.0008471933173050292,-0.00011224516600618842,-0.0003078897749066462,0.00032771190210888294,0.9,6.0,-1.9203853479408224,0.38777657075613975,True
2006-11-09,2006-12-21,30,31,42.0,2007-01-03,13,14.0,8.4,False,0.004150857908319723,0.0005341182626268722,5.912175283918458,-0.001485816566693347,0.00047262794532189367,-0.0005719509911460343,0.0007419603163054786,0.9,6.165785985335093,-0.8801974441465675,0.2923065733691598,True
2006-10-26,2006-12-21,40,41,56.0,2007-01-07,17,18.666666666666657,11.200000000000001,False,0.004730958818607316,0.0009176608250776918,6.069012198212493,-0.13280425721795008,-0.0027854929225709386,0.010195055338796673,0.010568733329156305,0.1,6.667806950306276,1.8375069250810807,0.18845429502602612,True
2006-10-12,2006-12-21,50,51,70.0,2007-01-06,16,23.33333333333333,14.0,False,0.005691535519769969,0.0016520724052129637,6.030622319200932,-0.1058725394884798,0.006208925392171303,-0.0057857137012991,0.008486768381365766,0.1,6.0,-0.7501293906335114,0.20791687077054774,True
2006-09-28,2006-12-21,60,61,84.0,2007-01-09,19,28.0,16.8,False,0.00621164987858766,0.0023536602470636435,5.950893397070431,-0.02490235245161861,0.004486135905134142,-0.0012884446702817309,0.004667494512874238,0.28905623441435996,6.0,-0.27967814845949795,0.25703226887821407,True
2006-09-14,2006-12-21,70,71,98.0,2007-01-17,27,32.66666666666666,19.6,False,0.006476532214995188,0.0029781283367628034,5.929839971452314,-0.004136749656931537,0.0007851819807461145,0.0007540864736686098,0.0010886492330674515,0.639639551679831,6.0,0.765199426784113,0.40509355012292836,True
2006-08-31,2006-12-21,80,81,112.0,2007-01-16,26,37.333333333333314,22.400000000000002,False,0.006796098857495268,0.0037411437341487276,5.9258597088548175,-0.003385871602425664,0.0007320746716267513,0.000630159501252958,0.0009659370175414091,0.6724239177692267,6.0,0.710722560286722,0.3928380778837947,True
2006-08-17,2006-12-21,90,91,126.0,2007-01-21,31,42.0,25.200000000000003,False,0.006727872893071892,0.004119048903545171,5.953177071211765,-0.00824412649486578,0.0006150466213223232,0.0014743880687856084,0.0015975301323534906,0.546034423259311,6.0,1.1755901860471045,0.4696392225237814,True
2006-08-03,2006-12-21,100,101,140.0,2007-02-04,45,46.66666666666666,28.0,False,0.007755931214831221,0.0060756013699285235,6.585693981275676,-0.46106851920384156,-0.008042062674103206,0.008543707047241847,0.011733273292789784,0.1,6.0,2.325958239519355,0.6549302252071648,True
2006-07-20,2006-12-21,110,111,154.0,2007-02-10,51,51.333333333333314,30.8,False,0.008960703864457631,0.008912657725862158,6.69634522959815,-0.5285009248029298,-0.01080154403620981,0.0030670922841795067,0.01122855327483702,0.1,6.0,2.864925412180244,0.784459808055134,True
2006-07-06,2006-12-21,120,121,168.0,2007-02-15,56,56.0,33.6,False,0.010610561371124464,0.01362266552585824,6.000676141812895,-0.008416121377233613,-0.0007510982899264732,-6.746898090544264e-05,0.0007541224731533277,0.6045964931217404,6.0,-3.0520059931962384,1.1245647870001863,True
2006-06-22,2006-12-21,130,131,182.0,2007-02-19,60,60.66666666666666,36.4,False,0.010932610192987729,0.015657377497768313,5.95634659198863,-0.0013823097314479755,-0.00012743923065324636,-3.9357239882613484e-05,0.0001333782210132858,0.9,6.0,-2.8420534515370695,1.5545750883612592,True
2006-06-08,2006-12-21,140,141,196.0,2007-02-24,65,65.33333333333331,39.2,False,0.011814756421459915,0.019681974171078392,5.966762119264914,-0.0014783271868892103,-6.77890258466278e-05,-7.494272708261394e-05,0.00010105327489900528,0.9,6.0,-2.3061164938228442,2.19437794821595,True
2006-05-25,2006-12-21,150,151,210.0,2007-03-01,70,70.0,42.0,False,0.012844863797105813,0.024913569420896134,6.111950471724888,-0.035436745926307654,-0.0010708645539722803,-0.0016473443233453108,0.0019648140402115087,0.4113701130682066,6.0,-2.147210270418627,1.2365562236537182,True
2006-05-11,2006-12-21,160,161,224.0,2007-02-27,68,74.66666666666663,44.800000000000004,False,0.015417837359696832,0.038271263124860205,6.928131310723237,-0.6645678378621451,-0.007348033407707379,-0.00967855229065459,0.012151871024814201,0.1,6.0,-2.2201644959491214,0.9114753282369621,True
2006-04-26,2006-12-21,170,171,239.0,2007-03-10,79,79.66666666666663,47.800000000000004,False,0.019974102901235812,0.06822297852726582,5.9359530211343925,-0.0009919147980014238,-0.00017630106606773417,-0.00024647652656953795,0.00030303917906172417,0.9,6.0,-2.1917074677708475,0.49098344366194324,True
2006-04-10,2006-12-21,180,181,255.0,2007-03-16,85,85.0,51.0,False,0.019954826868752447,0.07207331588050112,5.928874844336122,-0.0008895238963554225,-0.00014530663849344165,-0.00030205718578350566,0.00033519033797786447,0.9,6.0,-2.019174789002674,0.3980681103705466,True
2006-03-27,2006-12-21,190,191,269.0,2007-03-20,89,89.66666666666663,53.800000000000004,False,0.0193283571273741,0.07135480934547284,5.926825164217372,-0.0008495368222926471,-0.0001038559435253181,-0.0003219084956614468,0.0003382471531063488,0.9,6.0,-1.8828792274438408,0.37673790355252884,True
2006-03-13,2006-12-21,200,201,283.0,2007-03-25,94,94.33333333333331,56.6,False,0.01875810017773941,0.07072513077789956,5.926952111927003,-0.0008331248662521903,-6.369971654231519e-05,-0.00032501190203040983,0.0003311953960262673,0.9,6.0,-1.7643350390136625,0.37732628966834186,True
2006-11-15,2006-12-29,30,31,44.0,2007-01-03,5,14.666666666666664,8.8,False,0.004108777956236635,0.0005233437451033391,5.908800642828048,-0.001343117059502232,3.362675471394426e-05,-0.0007575451925469438,0.0007582911560763306,0.9,6.0,-1.526436339897036,0.2656862833107535,True
2006-11-01,2006-12-29,40,41,58.0,2007-01-04,6,19.33333333333333,11.600000000000001,False,0.004100547048345529,0.0006893939299235045,5.909165462707994,-0.0014743746688425684,0.00018655188685417505,-0.0007669541064868469,0.0007893162914484223,0.8674442176726276,6.0,-1.3321925653487683,0.27005181467950923,True
2006-10-18,2006-12-29,50,51,72.0,2007-01-05,7,24.0,14.4,False,0.0056394812889996445,0.0016219912096578316,6.042476661826933,-0.11433543465138521,0.005687559186176031,-0.006749588562776027,0.00882639650497372,0.1,6.0,-0.8705832302542538,0.21589677921780162,True
2006-10-04,2006-12-29,60,61,86.0,2007-01-22,24,28.666666666666657,17.2,False,0.006387255950124712,0.0024886193529166157,6.039507071658834,-0.07925819136604101,0.0058903270784736415,-0.001192304638110677,0.006009787304178082,0.176285572700388,7.190536336672717,-0.19971888981027816,0.32332593444015395,True
2006-09-20,2006-12-29,70,71,100.0,2007-01-17,19,33.333333333333314,20.0,False,0.006534313009343798,0.003031504501789652,5.926947869152109,-0.003796478264522149,0.0007608044043725612,0.0006712594070821405,0.0010145996911634432,0.6480614996343359,6.0,0.7229508285320305,0.4041579844845172,True
2006-09-06,2006-12-29,80,81,114.0,2007-01-20,22,38.0,22.8,False,0.006466070669287724,0.0033866156619180633,5.921572067378833,-0.0017524966630905585,0.00025844588775101245,0.0004452345870462543,0.0005148088134420948,0.8024920782463283,6.0,1.0448599613235783,0.45530322861676115,True
2006-08-23,2006-12-29,90,91,128.0,2007-01-18,20,42.66666666666666,25.6,False,0.006744628182424692,0.004139590848043323,5.923995725288032,-0.002551497556742211,0.0004549041074404009,0.000556092315487121,0.000718454181079055,0.7275600256900031,6.0,0.8851535502256889,0.4306392986544255,True
2006-08-09,2006-12-29,100,101,142.0,2007-01-23,25,47.333333333333314,28.400000000000002,False,0.007622718153237005,0.005868689036412587,5.926809356424036,-0.001804382528764652,7.182835196204522e-05,0.00041257515223988973,0.0004187810506593531,0.8080861052779438,6.0,1.3984263603627263,0.5802938662917387,True
2006-07-26,2006-12-29,110,111,156.0,2007-02-01,34,52.0,31.200000000000003,False,0.008129405635167872,0.007335683193902007,5.9384082521445025,-0.0019448815702281437,-0.0001600229267410517,0.0002940327784052945,0.00033475754190086444,0.8126592778320721,6.0,2.069202655845952,0.7869008931836449,True
2006-07-12,2006-12-29,120,121,170.0,2007-02-23,56,56.66666666666666,34.0,False,0.010475524054794561,0.013278129110932119,5.965745053321784,-0.0020053172586563177,-0.00017925172831135145,-8.98387235060563e-05,0.0002005048087797502,0.8360300761720735,6.0,-2.6769955051709187,1.3935705172581143,True
2006-06-28,2006-12-29,130,131,184.0,2007-02-28,61,61.333333333333314,36.800000000000004,False,0.010508934624020335,0.014467339608083277,6.064557769069333,-0.022149436724453526,-0.0011095810327035665,-0.0009803784095937446,0.0014806457692956385,0.4669404472086206,6.0,-2.4179365516671965,1.1641843606360367,True
2006-06-14,2006-12-29,140,141,198.0,2007-03-05,66,66.0,39.6,False,0.01125249931662361,0.017853242462756692,5.969409506753556,-0.0014277628092272095,-5.610969547015536e-05,-9.537128471576482e-05,0.00011065251860707486,0.9,6.0,-2.102590030794126,1.935468112972426,True
2006-05-31,2006-12-29,150,151,212.0,2007-03-09,70,70.66666666666663,42.400000000000006,False,0.012203605933765564,0.022488127665782353,6.0152825982596525,-0.006118903177614356,-0.00013740542466415904,-0.0004236008030748498,0.0004453289695189339,0.6676560714715107,6.0,-1.8844626476032882,1.5289531772784022,True
2006-05-17,2006-12-29,160,161,226.0,2007-03-14,75,75.33333333333331,45.2,False,0.0126977290415123,0.025958403972678047,7.043499787976305,-0.728419044114184,-0.00045034196172941826,-0.01085652725201569,0.010865863603793933,0.1,6.0,-1.6122537761050262,1.1172896922490492,True
2006-05-03,2006-12-29,170,171,240.0,2007-02-20,53,80.0,48.0,False,0.019242878311202936,0.06331931053465971,5.939695929389745,-0.0011459842393775634,-0.0002554588506922543,-0.00010995799785018496,0.0002781186539738547,0.9,6.0,-2.735128962191588,0.6180730182981333,True
2006-04-18,2006-12-29,180,181,255.0,2007-02-20,53,85.0,51.0,False,0.020414809334123193,0.07543436366689722,5.931446789644182,-0.0010377595941231284,-0.0003080229170901467,-0.00014732894995163296,0.00034144390014550585,0.9,6.0,-2.69545106149303,0.45589901899589735,True
2006-03-31,2006-12-29,190,191,273.0,2007-03-30,91,91.0,54.6,False,0.019764092755927568,0.07460829823079752,5.931013883520139,-0.0008393348339135484,-3.0578081638634916e-05,-0.0003290958791550767,0.00033051341387839596,0.9,6.0,-1.6634457346568015,0.38092319343309333,True
2006-03-17,2006-12-29,200,201,287.0,2007-04-03,95,95.66666666666663,57.400000000000006,False,0.019176585929996517,0.07391603103403863,5.930338206014465,-0.0008160414202936535,9.4588048134559e-06,-0.0003267075630590542,0.00032684445956522644,0.9,6.0,-1.541852511648146,0.37450906528100447,True
2006-11-21,2007-01-08,30,31,48.0,2007-01-23,15,16.0,9.600000000000001,False,0.004729517821662308,0.0006934185035880629,5.928779310770826,-0.0014738695882226512,-0.0004383947265611638,0.00015503593698795205,0.0004650011591752969,0.9,11.111739991904196,2.801674652634505,0.25672340306559044,True
2006-11-07,2007-01-08,40,41,62.0,2007-01-11,3,20.666666666666657,12.4,False,0.004838323408162943,0.0009597843094810765,5.9149533423789515,-0.001299480036697527,-6.606660737662056e-05,-0.0005985995146191355,0.0006022343194409641,0.9,7.286188813466314,-1.6807200602619123,0.26653006130976825,True
2006-10-24,2007-01-08,50,51,76.0,2007-01-10,2,25.33333333333333,15.200000000000001,False,0.0061775834033126675,0.00194628937194909,5.942439081046684,-0.01720859871686424,-0.003322489932719336,0.0015499196052474623,0.003666222870441974,0.3503749354156825,6.761338529339787,2.7051077891720365,0.24323551955502498,True
2006-10-10,2007-01-08,60,61,90.0,2007-01-10,2,30.0,18.0,False,0.006386653495250711,0.0024881499149722853,6.056693007545671,-0.12192085830119576,-0.006710561334013095,0.0037603863097106782,0.007692342856101196,0.1,6.7272551495208655,2.6308239486527105,0.23560335937217206,True
2006-09-26,2007-01-08,70,71,104.0,2007-01-13,5,34.66666666666666,20.8,False,0.006449845145836002,0.0029536356707737608,5.922803503502055,-0.004795996040638969,0.001268188336684714,0.00029943303612061257,0.0013030586327650608,0.5791790537025713,6.0,0.23186442098450522,0.35528465853761504,True
2006-09-12,2007-01-08,80,81,118.0,2007-01-14,6,39.333333333333314,23.6,False,0.0065315089656654765,0.0034555093588540487,5.9175273689745485,-0.0020920169594682036,0.0005689195736165323,0.00033621227763579756,0.0006608389946704625,0.7521572106440972,6.0,0.5337505704742405,0.396850481873277,True
2006-08-29,2007-01-08,90,91,132.0,2007-01-14,6,44.0,26.400000000000002,False,0.006800761238110033,0.004208782161017972,5.916870067500266,-0.0019572199316985218,0.0005497840395844897,0.00032131570653535065,0.0006367937448249247,0.7651006676097787,6.0,0.528899645052748,0.3919296969050807,True
2006-08-15,2007-01-08,100,101,146.0,2007-01-23,15,48.66666666666666,29.200000000000003,False,0.006799394261712149,0.004669407994946614,5.930366608223117,-0.002597659911939024,-0.0001856253224875958,0.0005959388342405308,0.0006241793448237348,0.7371383975839145,6.131447205340968,1.8727551823992894,0.5003327604911556,True
2006-08-01,2007-01-08,110,111,160.0,2007-01-28,20,53.333333333333314,32.0,False,0.007987757747384543,0.007082274395230097,5.9293055541151265,-0.0014116546987874843,-6.524588881866853e-05,0.0002756970012108647,0.0002833123055647276,0.8621009616243955,6.0,1.8031788933062523,0.7159289409617288,True
2006-07-18,2007-01-08,120,121,174.0,2007-02-19,42,58.0,34.800000000000004,False,0.009918244717209528,0.011902960970725017,5.94915466442385,-0.0012872276751362502,-0.0001531606407019838,-1.0560828331010398e-05,0.00015352430737599582,0.9,6.0,-3.0727489948117905,1.257678048320751,True
2006-07-04,2007-01-08,130,131,188.0,2007-02-24,47,62.66666666666666,37.6,False,0.010408731022010884,0.014192760275002898,5.954370738365983,-0.0013127108574592704,-0.00013833956665551046,-5.1007429979911744e-05,0.0001474435268690695,0.9,6.0,-2.7883462945532256,1.3354715042440928,True
2006-06-20,2007-01-08,140,141,202.0,2007-03-12,63,67.33333333333331,40.400000000000006,False,0.010711451331938036,0.016177661738743274,5.972876189024932,-0.001551793294731629,-5.521560501222408e-05,-0.0001212321868046124,0.00013321413646567086,0.8800216723660448,6.0,-1.9981759923580613,1.7085420594583562,True
2006-06-06,2007-01-08,150,151,216.0,2007-03-21,72,72.0,43.2,False,0.011347225717951295,0.019442689255614425,5.981735265818541,-0.0014341669002080918,1.1495806942010266e-05,-0.00010188713410702003,0.00010253361240973545,0.9,6.0,-1.4584426481459598,2.0980928104976035,True
2006-05-23,2007-01-08,160,161,230.0,2007-03-17,68,76.66666666666663,46.0,False,0.012610178458312504,0.025601672720828687,6.063015276958851,-0.015519967320697945,-0.00012237079136417906,-0.0010507375426817918,0.0010578393045165536,0.5260283226656918,6.0,-1.686735838724462,1.28626064196397,True
2006-05-09,2007-01-08,170,171,244.0,2007-02-26,49,81.33333333333331,48.800000000000004,False,0.01723270089610764,0.05078118260987524,5.958995450212015,-0.0020908732549849954,-0.0002995848677594214,-0.00019897424023886286,0.0003596412674722726,0.8116436085902725,6.0,-2.5553229159398025,0.7864521618577176,True
2006-04-24,2007-01-08,180,181,259.0,2007-02-19,42,86.33333333333331,51.800000000000004,False,0.020035228448668823,0.0726552785972531,5.93337159007453,-0.0010682713902261587,-0.0002951934266053497,-0.00013109371083605458,0.00032299337474904195,0.9,6.0,-2.7236607713665086,0.4961114408567264,True
2006-04-06,2007-01-08,190,191,277.0,2007-02-20,43,92.33333333333331,55.400000000000006,False,0.02003575624517546,0.07667342190837272,5.929510107785231,-0.0010144060920213793,-0.00031696671069773446,-0.00015715950979911184,0.0003537894956196953,0.9,6.0,-2.681291909551443,0.4300888400789934,True
2006-03-23,2007-01-08,200,201,291.0,2007-02-21,44,97.0,58.2,False,0.019641010630256805,0.07753962901415001,5.928278404232963,-0.0009914368222281628,-0.0003183218060732641,-0.00017652585996666986,0.0003639919662007901,0.9,6.0,-2.6352616663390145,0.4085681474963873,True
2006-11-27,2007-01-12,30,31,46.0,2007-01-26,14,15.333333333333329,9.200000000000001,False,0.005145708447859645,0.0008208277783415975,5.93029426595071,-0.0014553090102491565,0.00016046829021956288,-0.000330467258499334,0.000367367229221736,0.9,11.45564377451454,-1.118751125665665,0.31122739280414236,True
2006-11-13,2007-01-12,40,41,60.0,2007-01-27,15,20.0,12.0,False,0.004942517275876798,0.001001567557915965,5.927719777803489,-0.0013227490349023467,0.000318742165165634,0.000293094728298401,0.0004330139577551627,0.9,11.9230164664261,0.7435039419813807,0.23058546257835608,True
2006-10-30,2007-01-12,50,51,74.0,2007-01-13,1,24.666666666666657,14.8,False,0.005225526502285953,0.0013926124885307362,5.913166651507879,-0.0011589812877313645,0.000342414586004056,-0.00041145934051895264,0.0005353004180912066,0.9,7.390906007225498,-0.8767299714458812,0.26364750862584435,True
2006-10-16,2007-01-12,60,61,88.0,2007-01-17,5,29.33333333333333,17.6,False,0.006675433569613661,0.002718246213881824,5.9438385154753,-0.016584420911207244,0.0004841063592640614,-0.0027805816283135282,0.002822409105497397,0.3488656071211047,7.063327807395544,-1.3984215725855214,0.2902212053490487,True
2006-10-02,2007-01-12,70,71,102.0,2007-01-15,3,34.0,20.400000000000002,False,0.0066802787671427655,0.0031684548328784314,5.922911410353638,-0.0046673969095152,0.0003527246079337012,0.0011987999009054839,0.0012496142810695552,0.5804903546448432,6.207405823578603,1.2846401654299786,0.34928796593543476,True
2006-09-18,2007-01-12,80,81,116.0,2007-01-28,16,38.66666666666666,23.200000000000003,False,0.0067058176694730545,0.003642407239913579,5.931841865369596,-0.0021782687941909458,-4.09268866434654e-05,-0.0005241357800710547,0.0005257312298133145,0.7704450288955109,6.661081712135792,-1.648722718186076,0.47923065400078485,True
2006-09-04,2007-01-12,90,91,130.0,2007-01-29,17,43.333333333333314,26.0,False,0.006883775688724213,0.004312159463673017,5.9325930335444275,-0.002246605850063006,0.00033888724057030506,-0.0004203804146918389,0.0005399669016503126,0.7637974066991352,6.819931920806571,-0.8923201229903112,0.465969923749261,True
2006-08-21,2007-01-12,100,101,144.0,2007-01-28,16,48.0,28.8,False,0.006848301133342307,0.00473682206970669,5.931814149228106,-0.0023101401814593103,-0.00026065622083409646,-0.00048517837972245396,0.0005507628578704441,0.7585647257556752,6.583663047877974,-2.0637886219371167,0.48327990495288603,True
2006-08-07,2007-01-12,110,111,158.0,2007-01-26,14,52.66666666666666,31.6,False,0.007815007755106702,0.0067792524295739445,5.9297313060389865,-0.001778630357905789,-2.5522469174997793e-05,0.0003808196177074911,0.000381673915356641,0.8157137328549103,6.0,1.6377160911755484,0.6335483206306709,True
2006-07-24,2007-01-12,120,121,172.0,2007-01-31,19,57.333333333333314,34.4,False,0.008358507679182451,0.008453622725377192,5.930090951363546,-0.001181676365852299,-9.682274740338312e-05,0.00018798355778831802,0.00021145321566127395,0.9,6.0,2.046418952217721,0.8382537684448518,True
2006-07-10,2007-01-12,130,131,186.0,2007-03-13,60,62.0,37.2,False,0.010421167604947972,0.014226696186804636,5.968622935147354,-0.0013461525411146522,-5.501168016730431e-05,-0.00011483178139947586,0.00012732879868359236,0.9,6.0,-2.0175546418473544,1.585838264829382,True
2006-06-26,2007-01-12,140,141,200.0,2007-03-10,57,66.66666666666663,40.0,False,0.010704778512479383,0.016157511903174885,5.965332370762504,-0.0013329642834047169,-7.336731845426932e-05,-0.0001060869644165155,0.00012898529930298723,0.9,6.0,-2.175846961873437,1.5501351207554002,True
2006-06-12,2007-01-12,150,151,214.0,2007-03-24,71,71.33333333333331,42.800000000000004,False,0.01131072987362086,0.019317824151376922,5.983036407140942,-0.0014242277492248596,2.3260645307091567e-05,-0.00010143063754716243,0.00010406359523544319,0.9,6.0,-1.3453685170370273,2.052919293249316,True
2006-05-29,2007-01-12,160,161,228.0,2007-03-18,65,76.0,45.6,False,0.01235258541936759,0.024566405013386416,5.986117432767216,-0.002316540672742397,-3.4570069957359935e-05,-0.00020438858724005618,0.0002072915442820638,0.8138048121239688,6.0,-1.738349495311011,1.5157491939576584,True
2006-05-15,2007-01-12,170,171,242.0,2007-03-10,57,80.66666666666663,48.400000000000006,False,0.013585460970455234,0.031560572212339384,5.9794869302991644,-0.0027583973036535126,-0.00016538636458101848,-0.0002761737970836451,0.0003219077752787651,0.7775076655124863,6.0,-2.1103689734762896,1.110398284240643,True
2006-04-28,2007-01-12,180,181,259.0,2007-02-21,40,86.33333333333331,51.800000000000004,False,0.019313321261441956,0.06751379244472754,5.936557330394301,-0.0011060614121908582,-0.0002660941138069647,-0.00012349301041701316,0.0002933540540448869,0.9,6.0,-2.7070791501075955,0.56555963533145,True
2006-04-12,2007-01-12,190,191,275.0,2007-02-19,38,91.66666666666663,55.0,False,0.01996515354855365,0.07613400503750897,5.9301870021332626,-0.0010279047521144149,-0.0003117198077720379,-0.0001466107540675905,0.00034447634427592236,0.9,6.0,-2.7019626197408444,0.4475944876309442,True
2006-03-29,2007-01-12,200,201,289.0,2007-02-21,40,96.33333333333331,57.800000000000004,False,0.019643211248654847,0.07755700538001534,5.92874647532063,-0.0009953969857072497,-0.0003137793153772377,-0.00017599457178196968,0.00035976596289160945,0.9,6.0,-2.630429748462661,0.4150185488811001,True
2006-12-01,2007-01-18,30,31,48.0,2007-01-31,13,16.0,9.600000000000001,False,0.00478350032871226,0.0007093381372384993,5.936837839739207,-0.001526277832162251,0.0003151045411609741,-0.00011780439332838288,0.00033640562859104533,0.9,13.0,-0.35776919984002803,0.31410113089670283,True
2006-11-17,2007-01-18,40,41,62.0,2007-01-30,12,20.666666666666657,12.4,False,0.00498506931814818,0.0010188875603764367,5.9354340571538575,-0.0014724609564688998,0.00035017711103151175,-0.00017332197011926348,0.00039072306614327054,0.9,13.0,-0.4596036032649194,0.26089988923570967,True
2006-11-03,2007-01-18,50,51,76.0,2007-01-19,1,25.33333333333333,15.200000000000001,False,0.005292457055768273,0.0014285151860447202,5.919367250118169,-0.0012668857152903174,0.00013286483340654558,-0.0004922661577703954,0.0005098813921317162,0.889160254567616,8.636104631959853,-1.3071735392167225,0.2558176013353386,True
2006-10-20,2007-01-18,60,61,90.0,2007-02-03,16,30.0,18.0,False,0.006814808655130166,0.002832938637368258,5.944176412955918,-0.00435227864400052,0.0005237997534954305,-0.0006671985789901109,0.0008482453215717119,0.6404798797421527,8.184745125908453,-0.9052235660889472,0.40150924577029556,True
2006-10-06,2007-01-18,70,71,104.0,2007-01-31,13,34.66666666666666,20.8,False,0.006695561276163505,0.003182968397003079,5.956231590547691,-0.011106375756966588,-0.0003689538717464233,0.0015760159359681722,0.001618626945871812,0.4642647612571459,7.426553165542787,1.8007603556234284,0.4289473836826575,True
2006-09-22,2007-01-18,80,81,118.0,2007-01-27,9,39.333333333333314,23.6,False,0.00665017123046599,0.0035822069689559204,5.930997461317522,-0.002128589446100472,-0.0003839781340262726,-0.0003620696726049637,0.0005277628778443628,0.7759396242880906,6.514255726200945,-2.3855520820198883,0.4804145941923444,True
2006-09-08,2007-01-18,90,91,132.0,2007-01-26,8,44.0,26.400000000000002,False,0.0064993414230645336,0.0038439709429541886,5.929555825491081,-0.0019592637478394815,-0.0004638906191172956,0.00017721790388455512,0.0004965890574330684,0.7933503947103531,6.277174216567568,2.776677178783085,0.49865091157928826,True
2006-08-25,2007-01-18,100,101,146.0,2007-01-29,11,48.66666666666666,29.200000000000003,False,0.006711302957065248,0.004549200325532787,5.933566988983838,-0.0024578908840935236,0.0005098273550352906,-0.0002848121908835181,0.000583987941671872,0.7461539594156914,6.906510360378012,-0.5094557434227827,0.45470371170509466,True
2006-08-11,2007-01-18,110,111,160.0,2007-01-25,7,53.333333333333314,32.0,False,0.007121827998548302,0.005629968178540622,5.9306247304001225,-0.0023700610240339963,-7.089978938102741e-05,0.0005446105041441557,0.0005492061374005443,0.7565525435541129,6.058444422953926,1.7002526577822037,0.5388924684337116,True
2006-07-28,2007-01-18,120,121,174.0,2007-01-28,10,58.0,34.800000000000004,False,0.007834648737357794,0.00742718822137163,5.928881211258994,-0.0013956276011586914,-5.867437344747112e-05,0.00027313690536669405,0.0002793679494372031,0.8649077895162158,6.0,1.7823972956556577,0.7201310350368321,True
2006-07-14,2007-01-18,130,131,188.0,2007-03-21,62,62.66666666666666,37.6,False,0.010306751260702303,0.013916014923048494,5.977128339389123,-0.0013836743969742387,-6.866263944375428e-06,-0.00011954625924197638,0.0001197432823974007,0.9,6.0,-1.628169334760986,1.733301070345815,True
2006-06-30,2007-01-18,140,141,202.0,2007-02-26,39,67.33333333333331,40.400000000000006,True,0.010298141558763725,0.014953292458571457,5.953482008366853,-0.0012827898073250333,-0.0001370363604345499,-6.104676054416207e-05,0.0001500189023226211,0.9,6.0,-2.722505115543148,1.2826281763144225,True
2006-06-16,2007-01-18,150,151,216.0,2007-03-23,64,72.0,43.2,False,0.010663426079539715,0.01717000701882497,5.979522827797578,-0.0013853659791292312,4.239974232824226e-06,-0.00010908522861996858,0.00010916759814416467,0.9,6.0,-1.5319474282784789,1.9035400650196725,True
2006-06-02,2007-01-18,160,161,230.0,2007-03-28,69,76.66666666666663,46.0,False,0.011632741231503516,0.02178662763801863,5.995637449232832,-0.002178580310281607,4.581058898926628e-05,-0.00015625372106989408,0.00016283069554519426,0.8293059780751272,6.0,-1.285607372449949,1.8492722036468887,True
2006-05-19,2007-01-18,170,171,244.0,2007-03-11,52,81.33333333333331,48.800000000000004,False,0.012483190796758293,0.026646938972074333,5.966153613297026,-0.001380723899865955,-7.306124855714307e-05,-0.00013166090535077674,0.00015057403507416154,0.8929817263414195,6.0,-2.077408917594787,1.364734199908031,True
2006-05-05,2007-01-18,180,181,258.0,2007-02-24,37,86.0,51.6,False,0.01817063326889354,0.05976111632406436,5.942917125384673,-0.0011604415002465685,-0.0002226376700867668,-0.00012747408739636194,0.00025654858233714595,0.9,6.0,-2.6215917892211626,0.6784922506733417,True
2006-04-20,2007-01-18,190,191,273.0,2007-02-23,36,91.0,54.6,False,0.01988365302062234,0.07551369457190023,5.934232846204697,-0.0010472748063580803,-0.00028767209140651804,-0.0001657764316416894,0.0003320196642701329,0.9,6.0,-2.618805409992134,0.47313830432013754,True
2006-04-04,2007-01-18,200,201,289.0,2007-02-24,37,96.33333333333331,57.800000000000004,False,0.019647675020538637,0.07759225787625229,5.9319051913055185,-0.0010089089700191835,-0.0002971106510872611,-0.0001917126819701002,0.00035359368124680195,0.9,6.0,-2.5685590411220245,0.42799505061643767,True
2006-12-07,2007-01-24,30,31,48.0,2007-01-30,6,16.0,9.600000000000001,False,0.004536135908066615,0.0006378723982699915,5.936083983851198,-0.0019396947576601426,0.0002849328865185611,-0.00024107241575980562,0.00037323271488451783,0.8266284415080903,13.0,-0.7022065302107091,0.330461355317837,True
2006-11-23,2007-01-24,40,41,62.0,2007-01-31,7,20.666666666666657,12.4,False,0.004842819867790987,0.0009615690751467157,5.936009829510666,-0.00150115736398919,0.000337560939427176,-0.00013459219914166787,0.00036340397341904225,0.9,13.0,-0.37940218993377167,0.2859800295181906,True
2006-11-09,2007-01-24,50,51,76.0,2007-01-26,2,25.33333333333333,15.200000000000001,False,0.005125644185318955,0.0013398836440391949,5.928081517056182,-0.0013236834623771097,-0.0003787826526410929,-0.0002213144972848903,0.0004386985350446096,0.9,11.119253333962883,-2.612813416837217,0.24422203359921968,True
2006-10-26,2007-01-24,60,61,90.0,2007-02-05,12,30.0,18.0,False,0.006389188458430256,0.0024901254785976417,5.938906747315883,-0.001794808318316883,-0.00025764566913919694,0.0003475830782113709,0.000432660706657164,0.8277416492270805,8.88209973559111,2.208673341683061,0.386589256784663,True
2006-10-12,2007-01-24,70,71,104.0,2007-02-02,9,34.66666666666666,20.8,False,0.006717953572958176,0.003204293914797928,5.972508207564236,-0.018114247724699183,-0.0014158185804128223,-0.0015240406325355118,0.00208020241857888,0.3882090945997459,7.855019230249231,-2.3193991203146083,0.4303612483109908,True
2006-09-28,2007-01-24,80,81,118.0,2007-01-31,7,39.333333333333314,23.6,False,0.006481788616472144,0.003403100277158857,5.942383282157385,-0.004535401798030338,0.00040916647426592154,0.0007780875094953891,0.0008791116971670564,0.6301087434841105,7.24033141611988,1.0866739986684175,0.4489818337168487,True
2006-09-14,2007-01-24,90,91,132.0,2007-01-29,5,44.0,26.400000000000002,False,0.006415729855979752,0.0037457046522268063,5.934565472913081,-0.002455554767350879,0.00032149567103219057,-0.00046702823601703326,0.0005669875128515797,0.7498413149211434,6.791896425560253,-0.9679076365629256,0.47813930041942754,True
2006-08-31,2007-01-24,100,101,146.0,2007-01-31,7,48.66666666666666,29.200000000000003,False,0.0066838399055702165,0.004512045304212581,5.936391638625711,-0.0027034777363305414,0.0005803627650618757,0.0002172511217741796,0.0006196926568730707,0.7310376169314162,7.073191352389829,0.35818907990019816,0.450890167866614,True
2006-08-17,2007-01-24,110,111,160.0,2007-01-29,5,53.333333333333314,32.0,False,0.006634702758672512,0.004886140157248968,5.934194226060102,-0.0023590853499838153,0.00010568442713153504,-0.0005258949947220648,0.0005364091196203149,0.758556985032689,6.702255359229925,-1.3724768207151161,0.497753980828343,True
2006-08-03,2007-01-24,120,121,174.0,2007-01-27,3,58.0,34.800000000000004,False,0.0076848292007055145,0.007145848581125955,5.9303819909932,-0.0017035920221459566,-5.17708464227567e-05,0.0003481125987601048,0.00035194119104595074,0.8261937340583921,6.0,1.7184329154589633,0.666539888812033,True
2006-07-20,2007-01-24,130,131,188.0,2007-02-02,9,62.66666666666666,37.6,False,0.00890912344733081,0.010397794958571127,5.933812155022414,-0.0012258904419706223,-0.00012304331384457393,0.00014608367517555314,0.00019099763672530306,0.9,6.0,2.2707912478149788,0.9627530970975242,True
2006-07-06,2007-01-24,140,141,202.0,2007-03-11,46,67.33333333333331,40.400000000000006,False,0.010200057138890911,0.014669804354766162,5.965055623952679,-0.0013197029967496393,-1.7068981762010223e-05,-0.00013077819661599504,0.00013188740216003836,0.9,6.09144407456098,-1.7005812379259335,1.4784108363300523,True
2006-06-22,2007-01-24,150,151,216.0,2007-03-17,52,72.0,43.2,False,0.010443481927530404,0.016469013530368778,5.971573150619958,-0.0013475649490966844,2.794884475916526e-06,-0.00012042098713449604,0.00012045341639688008,0.9,6.063871952196228,-1.5475912122733468,1.6604395580800908,True
2006-06-08,2007-01-24,160,161,230.0,2007-04-10,76,76.66666666666663,46.0,False,0.010993297124985313,0.019457265650191867,5.999571544971366,-0.001512502660784112,7.191247713229209e-05,-6.379247923457776e-05,9.612952082579246e-05,0.893452936493807,6.0,-0.7256337437270484,2.3429326255583867,True
2006-05-25,2007-01-24,170,171,244.0,2007-03-18,53,81.33333333333331,48.800000000000004,False,0.012350253384533454,0.026082417731232786,5.971577407800279,-0.001338963737316219,9.422624351122951e-05,-9.585546130779426e-05,0.00013441299947835242,0.9,6.198583108854528,-0.7939690982136411,1.4463640664771014,True
2006-05-11,2007-01-24,180,181,258.0,2007-03-02,37,86.0,51.6,False,0.014925641137226352,0.0403222321676647,5.9536808430752775,-0.0013102062786390267,-0.0001578159705961277,-0.00013531728079580586,0.00020788613964660752,0.8912064091921833,6.0,-2.4327967376319823,0.9361408404234252,True
2006-04-26,2007-01-24,190,191,273.0,2007-02-27,34,91.0,54.6,False,0.019298678970804135,0.07113585091346813,5.940029484284011,-0.001091331088514872,-0.000251499286777006,-0.0001700056472542011,0.00030356846237325534,0.9,6.0,-2.5471777948446865,0.5392512186458697,True
2006-04-10,2007-01-24,200,201,289.0,2007-02-27,34,96.33333333333331,57.800000000000004,False,0.019641879991691535,0.07754649337121047,5.935967685890756,-0.0010287657073983303,-0.00027382152164330976,-0.00020605303804419476,0.0003426894807289829,0.9,6.0,-2.496488000725936,0.45030520277857594,True
2006-12-13,2007-01-30,30,31,48.0,2007-01-31,1,16.0,9.600000000000001,False,0.0044797637668477445,0.0006221167856096186,5.930477931177378,-0.0011927467529460264,0.0002462210979909929,-6.26078493199366e-05,0.0002540562376568582,0.9,13.0,-0.24899805004895298,0.3250255768783192,True
2006-11-29,2007-01-30,40,41,62.0,2007-02-18,19,20.666666666666657,12.4,False,0.005346722962079277,0.0011720853037622578,5.952115487262272,-0.001483105152948066,5.533138831161636e-05,0.00020474706217533644,0.0002120917773086028,0.9,9.569859339138764,1.306858345004248,0.6576352250837834,True
2006-11-15,2007-01-30,50,51,76.0,2007-01-31,1,25.33333333333333,15.200000000000001,False,0.004926946570131768,0.0012380149277515925,5.932748549211972,-0.0013763514335824868,0.000380535318367751,-0.00014337540856687326,0.0004066492792406787,0.9,13.0,-0.3603241170419013,0.23431953121055907,True
2006-11-01,2007-01-30,60,61,90.0,2007-02-07,8,30.0,18.0,False,0.006108288196717568,0.002275982266343709,5.937185316716639,-0.0012615385663776349,0.0002793500585240096,-0.00016857945002694475,0.0003262751694026911,0.9,9.658210293286956,-0.5429672495534985,0.36029842208971774,True
2006-10-18,2007-01-30,70,71,104.0,2007-01-31,1,34.66666666666666,20.8,False,0.006614110308334644,0.00310599831712812,5.931408345456579,-0.001751758537239938,0.00017584269694024515,0.0003989057963482103,0.00043594321697604005,0.8139064495858872,7.280577518553175,1.155608867632675,0.44921368437454456,True
2006-10-04,2007-01-30,80,81,118.0,2007-01-31,1,39.333333333333314,23.6,False,0.00655528295292427,0.003480710502024862,5.933525521944603,-0.0025577999862086607,0.0004277311183122433,0.00035319654230685866,0.0005547086686452294,0.730353522406388,7.15187258646711,0.6902427670139838,0.47088514209464194,True
2006-09-20,2007-01-30,90,91,132.0,2007-01-31,1,44.0,26.400000000000002,False,0.006483011601910246,0.0038246789881757597,5.931880180701878,-0.00197919484466427,0.00043449797191734614,0.000163973097463864,0.00046440894079698847,0.7847189452481605,7.072192918546432,0.36086014971389213,0.4728768110660287,True
2006-09-06,2007-01-30,100,101,146.0,2007-01-31,1,48.66666666666666,29.200000000000003,False,0.006381694157346781,0.004113328052109317,5.930289274620753,-0.001483588843961715,0.00030912418285568646,-0.00019206149769609296,0.00036393045946095555,0.8462725689366181,6.851109228232357,-0.5559403840918297,0.5035522321908543,True
2006-08-23,2007-01-30,110,111,160.0,2007-01-31,1,53.333333333333314,32.0,False,0.0066456085362115265,0.004902216522638994,5.931337062239437,-0.0017959634044258687,0.0004255400703591887,3.8247406492125416e-05,0.00042725544535403775,0.8055253757353537,7.007337303502696,0.08963882232963091,0.48321018487176515,True
2006-08-09,2007-01-30,120,121,174.0,2007-01-31,1,58.0,34.800000000000004,False,0.0073791116502402885,0.006588605938352146,5.930698364754272,-0.0014521088936533088,-0.00016451722415432808,-0.00025816515381618866,0.0003061293251035937,0.8535139050506648,6.493767632613663,-2.138160250184586,0.6234593005413799,True
2006-07-26,2007-01-30,130,131,188.0,2007-01-31,1,62.66666666666666,37.6,False,0.007819022355513997,0.008008961488079622,5.930200759783593,-0.0012348136857441793,-9.329034826456855e-05,0.00021005353041410048,0.00022983814896302988,0.8900049430527313,6.002966484367873,1.988755160791614,0.7965367522594486,True
2006-07-12,2007-01-30,140,141,202.0,2007-03-11,40,67.33333333333331,40.400000000000006,True,0.010086431988831534,0.014344791547410692,5.965675108916085,-0.0013302472603524487,-6.106320979872395e-05,-0.0001172101979784398,0.00013216257450983628,0.9,6.0,-2.0510802836804216,1.5097851248200123,True
2006-06-28,2007-01-30,150,151,216.0,2007-02-27,28,72.0,43.2,True,0.0101899346858651,0.015679050104231696,5.954844305892667,-0.0012950045099224912,-0.00012666142766124845,-7.139506248036533e-05,0.00014539729090929081,0.9,6.0,-2.6283159593653442,1.3359992835737298,True
2006-06-14,2007-01-30,160,161,230.0,2007-04-04,64,76.66666666666663,46.0,False,0.010746456285022908,0.018593297952431247,5.989959406539871,-0.0014101956542214977,4.9195128626045015e-05,-8.609974351686062e-05,9.916313082089683e-05,0.9,6.0,-1.0516915816108858,2.13314511534814,True
2006-05-31,2007-01-30,170,171,244.0,2007-03-21,50,81.33333333333331,48.800000000000004,False,0.011743284408494885,0.02358170860749464,5.975106870958942,-0.0013573163292782083,-7.857861927308717e-06,-0.00011996362420635154,0.00012022070173972277,0.9,6.0,-1.636204926479678,1.693530701829696,True
2006-05-17,2007-01-30,180,181,258.0,2007-03-06,35,86.0,51.6,True,0.012343120374505384,0.027575824324894915,5.959934363248959,-0.001302147628381983,-9.519534094965475e-05,-0.00012233315987210353,0.00015500824153190907,0.9,6.0,-2.2320805037197333,1.2600758664634588,True
2006-05-03,2007-01-30,190,191,272.0,2007-02-28,29,90.66666666666663,54.400000000000006,False,0.018389178961172335,0.06458892344741043,5.946479306490074,-0.0012660336615464497,-0.00023989415289725306,-0.00017094611511688442,0.0002945704989774871,0.8832214849645107,6.0,-2.5224670701744434,0.6326658272793587,True
2006-04-18,2007-01-30,200,201,287.0,2007-03-02,31,95.66666666666663,57.400000000000006,False,0.01962704202417553,0.07742937650236921,5.939109265845435,-0.0010480208983469934,-0.00025735981634775066,-0.00021050574437386852,0.00033248570418131426,0.9,6.0,-2.4560060180680567,0.4728117112256998,True
2006-12-19,2007-02-05,30,31,48.0,2007-02-06,1,16.0,9.600000000000001,False,0.004463260882896037,0.0006175416289724871,5.9472323029118135,-0.00721461206743716,-0.0009392557762026384,0.00044350487166164445,0.001038700141675947,0.48342170230650183,12.988221911032824,2.7004415343955124,0.25852302927160614,True
2006-12-05,2007-02-05,40,41,62.0,2007-02-25,20,20.666666666666657,12.4,False,0.005066181129459322,0.0010523138406960792,5.957123054735176,-0.0014486901265662949,-6.70635075796779e-05,0.0001572756961495315,0.00017097707053347614,0.9,10.980382455959296,1.9738583800232588,0.6944846813642089,True
2006-11-21,2007-02-05,50,51,76.0,2007-03-02,25,25.33333333333333,15.200000000000001,False,0.006382895631492831,0.0020778091887690433,5.958694082979182,-0.0013664432878281293,1.1551251697501381e-05,-0.00021618792620411734,0.00021649630678654985,0.9,12.992885782743464,-1.5174155574512311,0.4371978406729551,True
2006-11-07,2007-02-05,60,61,90.0,2007-02-08,3,30.0,18.0,False,0.006116700202389328,0.002282255303320488,5.937320429577367,-0.0012447660931935284,3.130726669279147e-05,-0.00033089469097445336,0.0003323724438981856,0.9,9.415251676025628,-1.4764631529798105,0.3579919948369932,True
2006-10-24,2007-02-05,70,71,104.0,2007-02-21,16,34.66666666666666,20.8,False,0.00650906784190705,0.0030081254561089427,5.960753472684603,-0.0036745234732652797,0.0005910500668097077,-2.735945787166717e-06,0.0005910563990645141,0.6936368922621712,10.755319859976527,-0.004628924688091002,0.4009414489633027,True
2006-10-10,2007-02-05,80,81,118.0,2007-02-18,13,39.333333333333314,23.6,False,0.006698939256439585,0.0036349387600788543,5.98651182608062,-0.015837786238979773,0.0004518080009524349,0.001463326636111708,0.0015314879410816928,0.42974138212205426,9.69003626871615,1.2713277841733708,0.4586302214751475,True
2006-09-26,2007-02-05,90,91,132.0,2007-02-06,1,44.0,26.400000000000002,False,0.006445239820729293,0.0037802415875510254,5.941943084645371,-0.00326140015269244,0.0001783081512483725,-0.000588474344275004,0.0006148949915810898,0.6909722095940626,8.001504955001627,-1.2765888549599786,0.45802800610517097,True
2006-09-12,2007-02-05,100,101,146.0,2007-02-06,1,48.66666666666666,29.200000000000003,False,0.006407390005408144,0.004146519314821823,5.938462329759558,-0.0020668082499125475,-0.00037560041817373904,-0.0002268066271811599,0.00043876750137810034,0.7848021213330867,7.689121175098531,-2.5983464647583547,0.48078310376383404,True
2006-08-29,2007-02-05,110,111,160.0,2007-02-06,1,53.333333333333314,32.0,False,0.006639403923597218,0.0048930669751352735,5.938464912289862,-0.0020871074367773694,-0.00028668651816329507,-0.000350278780795275,0.00045264156235593037,0.7824555955098731,7.766849821279398,-2.2566879133859676,0.46452080422993663,True
2006-08-15,2007-02-05,120,121,174.0,2007-02-06,1,58.0,34.800000000000004,False,0.006709845242158028,0.005447664804018998,5.937325688813536,-0.001718992002334424,-0.00022162729258084113,0.0002749734950599583,0.00035317004374975326,0.8236150280538513,7.362439530033448,2.2491821488660513,0.5444932728908846,True
2006-08-01,2007-02-05,130,131,188.0,2007-02-06,1,62.66666666666666,37.6,False,0.007836299101644708,0.008044393452967334,5.935409082641947,-0.0012556683505609801,6.19539944234861e-05,-0.00021075025432065834,0.00021966785636785258,0.8895506741797571,6.570139389034969,-1.2848819083458203,0.7739351037662553,True
2006-07-18,2007-02-05,140,141,202.0,2007-02-22,17,67.33333333333331,40.400000000000006,True,0.00951118049413032,0.012755220169261432,5.95033430163265,-0.0012794362573418465,-0.00014673465162207876,-2.9639933596478437e-05,0.0001496983087755385,0.9,6.0,-2.942277810046979,1.2820147413224283,True
2006-07-04,2007-02-05,150,151,216.0,2007-02-25,20,72.0,43.2,True,0.009989922235524125,0.015069580487044716,5.953202536057266,-0.0012957430931001023,-0.00013713318224899923,-5.5542090917767744e-05,0.00014795416025666468,0.9,6.0,-2.756763630431354,1.3136600121811053,True
2006-06-20,2007-02-05,160,161,230.0,2007-03-15,38,76.66666666666663,46.0,True,0.010304905785159463,0.017096764401803088,5.969272859046025,-0.0013404506851333,-3.8522290461497744e-05,-0.00011555035567603728,0.0001218025104801158,0.9,6.0,-1.892589759828196,1.650767311588534,True
2006-06-06,2007-02-05,170,171,244.0,2007-04-14,68,81.33333333333331,48.800000000000004,False,0.010870228479249747,0.02020567928967678,5.999301352480823,-0.001432115275549932,7.90042691737056e-05,-4.816754158597079e-05,9.252992278234946e-05,0.9,6.026906899125826,-0.5475087799682858,2.3112333954882582,True
2006-05-23,2007-02-05,180,181,258.0,2007-03-09,32,86.0,51.6,True,0.012119578664737405,0.02658603784894721,5.963213768859946,-0.0013177986572396974,-7.565949020725543e-05,-0.000123015016873183,0.00014441971068635776,0.9,6.0,-2.12220328508318,1.3687175915706011,True
2006-05-09,2007-02-05,190,191,272.0,2007-02-23,18,90.66666666666663,54.400000000000006,False,0.01647063482558651,0.05181482600754424,5.952998708981862,-0.0017263129997825404,-0.00026926197450487515,-0.00014291388561166115,0.00030483830076761517,0.842917892903765,6.0,-2.653639768763793,0.7955803194703988,True
2006-04-24,2007-02-05,200,201,287.0,2007-02-19,14,95.66666666666663,57.400000000000006,False,0.019326818607827683,0.07507870941747474,5.940950746911727,-0.0013331527081585641,-0.00034446536143698886,-0.00013758648352899867,0.00037092644241114813,0.870409009499885,6.0,-2.7615860538284647,0.5213918428487094,True
2006-12-27,2007-02-09,30,31,44.0,2007-02-19,10,14.666666666666664,8.8,False,0.004624870624849169,0.0006630722771943749,6.1067726219784815,-0.11835825958835079,2.3805223930846095e-05,-0.002962151664445918,0.0029622473178089167,0.134786010225613,8.69352736115208,-1.5627600362323162,0.6194782291692581,True
2006-12-11,2007-02-09,40,41,60.0,2007-02-28,19,20.0,12.0,False,0.004889302123678729,0.0009801162855209824,5.998182042793632,-0.014049616714189568,0.0006539555553520609,5.741106369178952e-05,0.0006564707903707864,0.467084227800994,11.91210459548879,0.08756596581711096,0.8391812542309065,True
2006-11-27,2007-02-09,50,51,74.0,2007-02-26,17,24.666666666666657,14.8,False,0.0050952526120021805,0.0013240415581858673,5.9611242576502095,-0.0015367293647677313,-0.00018563770640102686,5.7579747466784525e-05,0.0001943625101612256,0.9,11.109739297866241,2.8408294382754473,0.6405064867245979,True
2006-11-13,2007-02-09,60,61,88.0,2007-03-03,22,29.33333333333333,17.6,False,0.006206666061984938,0.0023498849199047323,5.961950843374839,-0.0016222533751312866,5.673394032744587e-05,-0.0002739701440680336,0.0002797827368258043,0.8651328867779223,13.0,-1.3666017255871536,0.385866647108772,True
2006-10-30,2007-02-09,70,71,102.0,2007-03-03,22,34.0,20.400000000000002,False,0.0058842877373536506,0.002458363794493909,5.9620791621816265,-0.001709280331162776,6.047182581654267e-05,-0.0003000786336765181,0.00030611113685514974,0.852248592485172,12.98724172874096,-1.3719397220808014,0.36642368126784014,True
2006-10-16,2007-02-09,80,81,116.0,2007-02-21,12,38.66666666666666,23.200000000000003,False,0.00656666417266035,0.003492807346876584,5.9967041703660255,-0.01817029126519215,0.000381535006960423,-0.0016371336238554788,0.0016810043021641742,0.4161519576952509,10.432655054568245,-1.341832525677148,0.4311716104853809,True
2006-10-02,2007-02-09,90,91,130.0,2007-02-19,10,43.333333333333314,26.0,False,0.006562209966633952,0.003918696567803287,5.974403161019745,-0.009216955272001105,0.00035843449963167645,0.0010570176295228554,0.0011161368910883318,0.5244113586150073,9.665893967147744,1.243864933438813,0.44802276313876715,True
2006-09-18,2007-02-09,100,101,144.0,2007-02-11,2,48.0,28.8,False,0.006510015840934095,0.004280410931170498,5.945085708233797,-0.0023980653441757604,0.00043686764082020497,-0.0001509308074467739,0.00046220498075242195,0.7623051585003502,8.089208818197587,-0.3326460616535984,0.4889328348056397,True
2006-09-04,2007-02-09,110,111,158.0,2007-02-11,2,52.66666666666666,31.6,False,0.0066728003805439084,0.00494241540596315,5.944260732570075,-0.0021886336158612853,0.00035893727047118395,-0.0002453618382269198,0.0004347854594985865,0.7807721971353971,8.028857702642576,-0.5996196639871404,0.4895179628831673,True
2006-08-21,2007-02-09,120,121,172.0,2007-02-10,1,57.333333333333314,34.4,False,0.006690639339963906,0.005416523228074191,5.943501977177768,-0.002059005598474992,2.1930538214115692e-05,-0.0003995108507517765,0.0004001123196988178,0.7934465748851517,7.832162656168126,-1.5159578907485929,0.5213286532265584,True
2006-08-07,2007-02-09,130,131,186.0,2007-02-10,1,62.0,37.2,False,0.007697500171200362,0.007761947664017478,5.941434662575851,-0.001558173076828072,-3.950653731407435e-06,0.00026483643244496196,0.0002648658974180715,0.8520780782179088,7.129230709859221,1.5857125552452056,0.7031150181632457,True
2006-07-24,2007-02-09,140,141,200.0,2007-02-10,1,66.66666666666663,40.0,False,0.008166844179668935,0.009404325483553924,5.940122846081998,-0.0012691214289175462,7.876937332653463e-05,-0.00017079864038172969,0.00018808718651333592,0.894414090218978,6.530849678765693,-1.138681900442237,0.9240871084771431,True
2006-07-10,2007-02-09,150,151,214.0,2007-03-22,41,71.33333333333331,42.800000000000004,True,0.009944801834035313,0.014933761611253048,5.975983962209952,-0.0013539176663740545,7.122030837605693e-05,-9.442256517735764e-05,0.00011827067743043074,0.9,6.140432865553197,-0.924566663453102,1.6778714821935763,True
2006-06-26,2007-02-09,160,161,228.0,2007-03-16,35,76.0,45.6,True,0.010234871207393519,0.016865166769741192,5.970130187400756,-0.0013364332978391528,-2.368171011810606e-05,-0.00011913158506582331,0.00012146257841167996,0.9,6.032404747760124,-1.7670244591051214,1.641560252940516,True
2006-06-12,2007-02-09,170,171,242.0,2007-04-16,66,80.66666666666663,48.400000000000006,False,0.010739020708511455,0.019720842748010274,6.002042629703319,-0.0014441125739831175,7.633101295056876e-05,-4.9200182074984e-05,9.081344313630814e-05,0.9,6.0,-0.5725439032794036,2.385295377164948,True
2006-05-29,2007-02-09,180,181,256.0,2007-04-01,51,85.33333333333331,51.2,True,0.011827019901750774,0.02531799035591001,5.984468124124878,-0.0013662760755017607,-4.424564112923661e-07,0.00011571327356239516,0.00011571411947641304,0.9,6.545839128274481,1.5746200389872564,1.62341401255648,True
2006-05-15,2007-02-09,190,191,270.0,2007-02-25,16,90.0,54.0,True,0.012978308057806314,0.03217136768827418,5.95422094214276,-0.0013444720349203325,-0.00014857709907889553,-9.709989121640982e-05,0.00017749237517408618,0.8942814937689795,6.0,-2.562738474559739,1.1290029205854726,True
2006-04-28,2007-02-09,200,201,287.0,2007-02-21,12,95.66666666666663,57.400000000000006,False,0.018530510960628573,0.06901934712885713,5.950622028360336,-0.001975957748629371,-0.0004110629252088485,-0.00018755981789343506,0.00045183117839462327,0.8109536958864759,6.0,-2.7135285127966475,0.5910800005951874,True
2007-01-04,2007-02-15,30,31,42.0,2007-02-28,13,14.0,8.4,False,0.004529913429150691,0.000636123585943593,5.966644454671043,-0.0035979316141655365,-0.0002132395028077962,-0.00034685503208869777,0.0004071602864265714,0.6942013797360348,11.326796859850617,-2.122012579437718,0.5415840355406166,True
2006-12-15,2007-02-15,40,41,62.0,2007-03-07,20,20.666666666666657,12.4,False,0.004808683854814271,0.0009480610570376087,5.994796084519987,-0.00994047350921736,0.00022659797900821308,-0.0004038521758687899,0.000463080148618533,0.527250474400827,12.712252881428231,-1.0594775519811044,0.8903184306167461,True
2006-12-01,2007-02-15,50,51,76.0,2007-03-06,19,25.33333333333333,15.200000000000001,False,0.005056473915402221,0.0013039643513142961,5.967643721354434,-0.0015237629363598045,0.00016622677980620263,-6.543432190350435e-05,0.00017864208017068993,0.9,12.975608175302902,-0.3750158541841022,0.591627598965489,True
2006-11-17,2007-02-15,60,61,90.0,2007-03-03,16,30.0,18.0,False,0.006120293590162361,0.002284937611416732,5.9602739532031235,-0.0013585842146137449,6.706935486989625e-05,-0.00021390793995862693,0.00022417605835594402,0.9,13.0,-1.2669614592373462,0.4195623338739828,True
2006-11-03,2007-02-15,70,71,104.0,2007-03-03,16,34.66666666666666,20.8,False,0.00587288843908593,0.002448848121874391,5.959041029472245,-0.001321228201706589,7.208000807026157e-05,-0.00023913134390221705,0.0002497585377917828,0.9,13.0,-1.2780333090288651,0.36623230397748785,True
2006-10-20,2007-02-15,80,81,118.0,2007-02-28,13,39.333333333333314,23.6,False,0.006578588521670838,0.0035055039819342037,5.97290675216648,-0.005502988980483304,0.0002495900902172015,-0.0006667200107663189,0.0007119064446195661,0.622112726533543,11.675884497210028,-1.2125910972197362,0.4118651203255933,True
2006-10-06,2007-02-15,90,91,132.0,2007-03-02,15,44.0,26.400000000000002,False,0.0067072511882804945,0.0040938368837447996,6.013726890142823,-0.022913679075918444,0.0015909795042101489,0.0004021972554981647,0.0016410296813729563,0.3848766852750382,11.917531591279609,0.24761081997552212,0.4509347265498791,True
2006-09-22,2007-02-15,100,101,146.0,2007-02-16,1,48.66666666666666,29.200000000000003,False,0.006624262794637505,0.004431966614814287,5.950510291580891,-0.002504421856089182,-0.0002688009606789968,-0.0003446578252971296,0.00043708462910573535,0.7561339532252372,8.93032299295646,-2.233164634440583,0.4851471946002055,True
2006-09-08,2007-02-15,110,111,160.0,2007-02-16,1,53.333333333333314,32.0,False,0.006577251252218222,0.004801885977863485,5.94683273723709,-0.001773251015251507,-0.00013658009601670652,0.0003047901339644536,0.0003339927370318138,0.8248580400043032,8.486337199986819,1.9920790257766212,0.5160504035833434,True
2006-08-25,2007-02-15,120,121,174.0,2007-02-16,1,58.0,34.800000000000004,False,0.00667815489720671,0.005396328092561402,5.947495219989986,-0.00195359052770697,-0.00029782255183472266,0.00020798198257225743,0.00036325580168255106,0.8049902741900623,8.610029210328934,2.5319803392651576,0.5028135700659285,True
2006-08-11,2007-02-15,130,131,188.0,2007-02-16,1,62.66666666666666,37.6,False,0.007218004254779042,0.006825045690283093,5.945600251823912,-0.0014873079820935562,0.00024927661920674755,2.958971022256512e-05,0.00025102665960849896,0.8606671204870479,8.072311666895727,0.11814946055833092,0.6317108737356977,True
2006-07-28,2007-02-15,140,141,202.0,2007-02-16,1,67.33333333333331,40.400000000000006,False,0.00789796783597525,0.00879528332727204,5.944434206356352,-0.0012327400773217765,-0.00017068855861492664,5.924230347893342e-05,0.00018067715562165377,0.9,7.290868056158952,2.8075230068189145,0.8422316180979595,True
2006-07-14,2007-02-15,150,151,216.0,2007-03-26,39,72.0,43.2,True,0.009831870095802943,0.014596516106692372,5.979477619986871,-0.0013726178552513355,2.272601567476697e-05,-0.00011501757993189713,0.00011724127038649871,0.9,6.015649102255601,-1.3757217217288693,1.7515766303787241,True
2006-06-30,2007-02-15,160,161,230.0,2007-02-21,6,76.66666666666663,46.0,True,0.009756077549625784,0.01532414891384427,5.949973394309122,-0.001288242103508396,-0.00015156734810459454,-3.028087886350186e-05,0.00015456258485223846,0.9,6.0,-2.944403857020868,1.2502140521976453,True
2006-06-16,2007-02-15,170,171,244.0,2007-03-25,38,81.33333333333331,48.800000000000004,True,0.010203044361669356,0.017801461536098975,5.978737213484212,-0.0013695112424442636,8.732886942180654e-06,-0.00010999765105411749,0.00011034376535069077,0.9,6.0,-1.4915709244776898,1.8616972668438447,True
2006-06-02,2007-02-15,180,181,258.0,2007-03-26,39,86.0,51.6,True,0.011130515645049967,0.022423796512971078,5.980450101778605,-0.001377505646243989,1.9633366040973702e-05,-0.00010925075935101612,0.0001110008895499153,0.9,6.0,-1.392985081231159,1.8614791987201333,True
2006-05-19,2007-02-15,190,191,272.0,2007-03-11,24,90.66666666666663,54.400000000000006,True,0.011973853361984694,0.02738427438785362,5.966193815004568,-0.0013862961043217543,-7.316780589649679e-05,-0.00012839065771814062,0.00014777580589867942,0.892740413752494,6.0,-2.0887774400510124,1.3958109834346182,True
2006-05-05,2007-02-15,200,201,286.0,2007-02-21,6,95.33333333333331,57.2,False,0.017363392542543193,0.06059896751787536,5.952869620229274,-0.001955900710225956,-0.00034608126649448743,-0.00016567596178501714,0.00038369358521067154,0.8183024852751242,6.0,-2.6951136558983824,0.6952242074668761,True
2007-01-10,2007-02-21,30,31,42.0,2007-03-06,13,14.0,8.4,False,0.004571652941064041,0.0006479003290197243,5.961948940401941,-0.0013484178285581901,0.0001791312336223344,-6.763704100132094e-05,0.00019147524167493227,0.9,12.944295971065655,-0.3610339398959534,0.4896389237099727,True
2006-12-21,2007-02-21,40,41,62.0,2007-03-06,13,20.666666666666657,12.4,False,0.004946508943583088,0.0010031859798868468,5.961937509654441,-0.0013711819883639503,7.90278646834709e-05,-7.288972354147196e-05,0.00010750960512615233,0.9,13.0,-0.745015714757324,0.882972118616034,True
2006-12-07,2007-02-21,50,51,76.0,2007-03-06,13,25.33333333333333,15.200000000000001,False,0.004954605903281834,0.0012519541024985951,5.962181811006085,-0.0013723048626985669,0.00010829954632683372,-8.025559768357364e-05,0.00013479522504208238,0.9,12.972226150367447,-0.637749763202489,0.7063242097696562,True
2006-11-23,2007-02-21,60,61,90.0,2007-03-05,12,30.0,18.0,False,0.005712998957180274,0.001990939782169317,5.962621009854081,-0.0014029480447189729,0.0001451389124681564,-0.0001227267292001058,0.00019007144439024833,0.9,13.0,-0.7019230963795067,0.5110034947031804,True
2006-11-09,2007-02-21,70,71,104.0,2007-03-04,11,34.66666666666666,20.8,False,0.0059930810000046976,0.002550108410955829,5.959206775444939,-0.0013112806999929837,0.00010131543554391962,-0.00021508873184902767,0.00023775613566820323,0.9,13.0,-1.1305838004895057,0.38182388556593855,True
2006-10-26,2007-02-21,80,81,118.0,2007-03-05,12,39.333333333333314,23.6,False,0.0061160546298717035,0.003029896063081583,5.961681818605559,-0.0017591315132155668,0.00011055709984936581,-0.00027981796246827784,0.00030086702120206063,0.8391603655389738,12.956083212159836,-1.1945180498584789,0.37869969665067493,True
2006-10-12,2007-02-21,90,91,132.0,2007-02-25,4,44.0,26.400000000000002,False,0.006984456065586529,0.004439219014421869,5.958597600602409,-0.003254246763704344,0.0003634075570525591,-0.000275079995927611,0.0004557785171357284,0.7037627946812647,10.47678400052297,-0.6479319212215974,0.4796174148866839,True
2006-09-28,2007-02-21,100,101,146.0,2007-02-24,3,48.66666666666666,29.200000000000003,False,0.006728327983323336,0.004572310142568359,5.957502203857713,-0.0029916242082519114,0.00016445188937229676,-0.00039889927889832336,0.0004314684908816871,0.7197108955397671,10.360882282501922,-1.179762281802268,0.4816363884655598,True
2006-09-14,2007-02-21,110,111,160.0,2007-02-22,1,53.333333333333314,32.0,False,0.006677761227537843,0.004949766946332857,5.950551414115626,-0.0017092418068478585,0.0001014818258199826,0.0002752773080359431,0.000293387384342396,0.8286356588109525,9.552750816309585,1.2176016623281767,0.5053557839305601,True
2006-08-31,2007-02-21,120,121,174.0,2007-02-22,1,58.0,34.800000000000004,False,0.006851156027819981,0.005679539009021622,5.949576529512032,-0.0015123689325839099,0.00020284936007816833,0.00017763568532977778,0.00026963363956802986,0.8531841071408001,9.441921570717906,0.7192277193416866,0.5068343509867033,True
2006-08-17,2007-02-21,130,131,188.0,2007-02-22,1,62.66666666666666,37.6,False,0.006931762089547186,0.006294461662256947,5.948046445243107,-0.0012505178832939974,4.4648498666672134e-05,-0.0002065203253233204,0.00021129158337434528,0.8918857851583997,8.99505011901915,-1.3578790003048915,0.586831427029857,True
2006-08-03,2007-02-21,140,141,202.0,2007-02-27,6,67.33333333333331,40.400000000000006,False,0.007940828610801705,0.008891003022683898,5.953705847849021,-0.0012445657011902372,0.00014945341867428745,-6.719077537990263e-05,0.00016386251752485795,0.9,7.785950827953686,-0.4225018571320511,0.8779485341571802,True
2006-07-20,2007-02-21,150,151,216.0,2007-02-22,1,72.0,43.2,True,0.008643231449719837,0.011280522933907338,5.949347185999609,-0.0012560194531382695,2.388098322444651e-05,-0.00015275012806846122,0.00015460563697581534,0.9,6.333732592895133,-1.4157115507523959,1.1543933786995682,True
2006-07-06,2007-02-21,160,161,230.0,2007-04-01,39,76.66666666666663,46.0,True,0.009787087562213576,0.015421720355020142,5.98354178299822,-0.0013553591490294114,-0.00010506522893604013,3.786412065488761e-05,0.00011167987269132433,0.9,6.801022511762267,2.7956947014927973,1.6060082746448718,True
2006-06-22,2007-02-21,170,171,244.0,2007-03-23,30,81.33333333333331,48.800000000000004,True,0.010013718901089565,0.01714695082533657,5.976044817838942,-0.001349652385868962,7.751638610655961e-05,-8.517089152527139e-05,0.00011516453828427731,0.9,6.159480310646565,-0.8324139144313402,1.712385706774728,True
2006-06-08,2007-02-21,180,181,258.0,2007-04-06,44,86.0,51.6,True,0.010594498406887887,0.020316054765332547,5.990727674855212,-0.0014096223232793672,6.341137860627028e-05,-7.833830614324049e-05,0.00010078637381183939,0.9,6.0,-0.8903163249220513,2.097935866674338,True
2006-05-25,2007-02-21,190,191,272.0,2007-03-24,31,90.66666666666663,54.400000000000006,True,0.011848214852070417,0.026812617279537,5.97658804389859,-0.0013444558330965612,0.0001261479559913069,2.2200169487664298e-05,0.00012808651110115274,0.9,6.3433115688076995,0.1742014020353269,1.4892568606592351,True
2006-05-11,2007-02-21,200,201,286.0,2007-02-23,2,95.33333333333331,57.2,False,0.014283317097390067,0.041006642608223676,5.951169239692446,-0.0013580280550473441,-0.00018586542716785714,-0.0001024397570692239,0.0002122259664713336,0.887792712148061,6.0,-2.63786684301658,0.9468268109143709,True
2007-01-16,2007-02-27,30,31,42.0,2007-03-04,5,14.0,8.4,False,0.006516474121682387,0.001316397484335243,5.944032819292323,-0.0005130005753313954,0.0003008263214790941,2.4101366191262275e-05,0.0003017902442872012,0.9,6.0,0.07994645130015665,0.25497870708663173,True
2006-12-29,2007-02-27,40,41,60.0,2007-03-07,8,20.0,12.0,False,0.007060573716047753,0.0020439197491895194,5.954202892936895,-0.001054379496693422,0.0001739000382500537,-2.3603428966591317e-05,0.0001754945730282024,0.9,13.0,-0.13490546118882424,0.4159416576688464,True
2006-12-13,2007-02-27,50,51,76.0,2007-03-24,25,25.33333333333333,15.200000000000001,False,0.006441425543073232,0.0021160901143747702,5.964005486622455,-0.0010194666045623508,-7.540751917273802e-05,-0.00011760107275844958,0.00013970077401977772,0.9,6.0,-2.1409706715716896,1.0946252213513394,True
2006-11-29,2007-02-27,60,61,90.0,2007-03-07,8,30.0,18.0,False,0.007102185381769028,0.0030769032690178342,5.960162432573795,-0.001332026261496603,0.0001802621659215869,-5.549381749335127e-05,0.00018861074264931758,0.9,13.0,-0.2986435352039994,0.4889286867951858,True
2006-11-15,2007-02-27,70,71,104.0,2007-03-03,4,34.66666666666666,20.8,False,0.007413671365235709,0.003902339140931829,5.954357100904288,-0.0012242732835159751,8.519667677564083e-05,-0.00022923225646184412,0.0002445524506853319,0.9,13.0,-1.2149562570513737,0.3465816062319848,True
2006-11-01,2007-02-27,80,81,118.0,2007-03-03,4,39.333333333333314,23.6,False,0.007036273713496151,0.00401024096947019,5.954732822635809,-0.0012391305143975358,7.410764205863025e-05,-0.00022579138439491003,0.00023764194048706992,0.9,13.0,-1.2536612316309814,0.36098829404116817,True
2006-10-18,2007-02-27,90,91,132.0,2007-02-28,1,44.0,26.400000000000002,False,0.007692008890922068,0.005384197070800198,5.949552733763869,-0.0011570322481046387,-0.00020364174862240805,-5.6316071048449344e-05,0.00021128526129459677,0.9,11.305560532609325,-2.87179080231881,0.4359399503928306,True
2006-10-04,2007-02-27,100,101,146.0,2007-02-28,1,48.66666666666666,29.200000000000003,False,0.007845072177421029,0.006216060904363498,5.950121771299968,-0.0012875160488473641,0.00014433977404232676,0.00013512493545359076,0.0001977187865427234,0.8739239445056965,10.680134493921356,0.7524369310764548,0.5328459040429129,True
2006-09-20,2007-02-27,110,111,160.0,2007-02-28,1,53.333333333333314,32.0,False,0.007676240722037462,0.00654063855011595,5.949434589074718,-0.0011368082398085096,0.00018422375094390386,7.938455556514201e-06,0.00018439471111847075,0.9,10.526220113317821,0.04306473747763422,0.527119174782159,True
2006-09-06,2007-02-27,120,121,174.0,2007-03-05,6,58.0,34.800000000000004,False,0.007708685812212139,0.007190284271119488,5.955836683925016,-0.0012114515776690132,6.78982499331714e-05,0.00018106034288019177,0.0001933727491346183,0.9,9.353143244361535,1.21202264787373,0.6028311869793992,True
2006-08-23,2007-02-27,130,131,188.0,2007-02-28,1,62.66666666666666,37.6,False,0.007751812089143271,0.007871867377165798,5.950842359482167,-0.001183348358336496,-0.00017991097605819968,7.82999619374759e-05,0.00019621122125307785,0.9,9.7508758278779,2.731101691562846,0.5566569749536469,True
2006-08-09,2007-02-27,140,141,202.0,2007-03-03,4,67.33333333333331,40.400000000000006,False,0.008215813348879246,0.00951744204669076,5.954582228024319,-0.0012178666781280422,-0.0001677166500735684,-3.1531626659156756e-05,0.00017065496825956235,0.9,8.516075778256274,-2.955756565975503,0.7541952690049921,True
2006-07-26,2007-02-27,150,151,216.0,2007-02-28,1,72.0,43.2,False,0.008464834348893465,0.010819666503685207,5.952330940605247,-0.0012308883050898014,-8.337530450762729e-05,-0.00013902777978483597,0.00016211158179982213,0.9,7.427604777773199,-2.1109970346061107,0.9200222372028076,True
2006-07-12,2007-02-27,160,161,230.0,2007-03-31,32,76.66666666666663,46.0,True,0.009974805276806494,0.016018975189943274,5.981198499417767,-0.0013509540396341945,0.00011904959653050203,9.565301547073343e-06,0.00011943325093022363,0.9,6.2706660763855995,0.08017496659830578,1.6234695802367154,True
2006-06-28,2007-02-27,170,171,244.0,2007-04-19,51,81.33333333333331,48.800000000000004,False,0.010111948637130774,0.017485007396035028,5.9970797761349885,-0.0013571403058592292,-6.767714874199911e-05,8.043421214124071e-05,0.00010511830927402127,0.9,7.761639608526076,2.2702749747081974,1.4970469392782242,True
2006-06-14,2007-02-27,180,181,258.0,2007-03-31,32,86.0,51.6,True,0.010595064858420026,0.02031822728309698,5.982807311887721,-0.0013672190323918093,4.173213736113779e-05,-0.00010286435985205097,0.00011100742234869301,0.9,6.0,-1.1853852794018171,1.8474697503971547,True
2006-05-31,2007-02-27,190,191,272.0,2007-03-31,32,90.66666666666663,54.400000000000006,True,0.011486514736801805,0.025200543972564125,5.981188505501571,-0.0013503597277070563,0.0001173983021931596,-1.576884784954105e-05,0.00011845259777792296,0.9,6.22552551801955,-0.1335200684027262,1.6480537794228631,True
2006-05-17,2007-02-27,200,201,286.0,2007-04-08,40,95.33333333333331,57.2,True,0.01210084043641476,0.029432498192781677,5.986521365398651,-0.0013382108857743302,-7.95618117515396e-05,-0.00010139437294690937,0.0001288832834563287,0.9,6.981713685858259,-2.2361237648303742,1.3384693829007757,True
2007-01-22,2007-03-05,30,31,42.0,2007-03-19,14,14.0,8.4,False,0.01036224552954548,0.0033286601048521432,5.626194909200965,0.21598456098591082,0.003509658491820649,0.012742785467293967,0.013217272191896749,0.1,6.0,1.3020367316586898,0.2723514073732586,True
2007-01-08,2007-03-05,40,41,56.0,2007-03-23,18,18.666666666666657,11.200000000000001,False,0.012300488277330286,0.006203382486290331,5.81256694401233,0.08007591691690742,-0.01229914608716063,0.003318206736297075,0.01273889675043039,0.1,6.0,2.878075036268935,0.10476563562984373,True
2006-12-19,2007-03-05,50,51,76.0,2007-03-30,25,25.33333333333333,15.200000000000001,False,0.012455687662452674,0.007912351912373364,5.987788409121208,-0.04241173055269945,-0.0030946131719883376,-0.01153352914249268,0.011941479186640642,0.1,6.0,-1.832936525467724,0.0591938540301704,True
2006-12-05,2007-03-05,60,61,90.0,2007-04-04,30,30.0,18.0,False,0.015703060560618556,0.01504175276919769,5.955307929020169,-0.0008320301459515906,0.0001225089826485927,2.767156120775434e-05,0.00012559524723996398,0.9,9.92263917191277,0.22214591799447486,0.6008708936638676,True
2006-11-21,2007-03-05,70,71,104.0,2007-04-08,34,34.66666666666666,20.8,False,0.015359532623930236,0.016749982212215984,5.962071608940719,-0.0009369476534766876,-0.00015651824322023168,-6.341494941697632e-05,0.00016887692639998297,0.9,10.456935378703944,-2.756645831851136,0.4775106883099733,True
2006-11-07,2007-03-05,80,81,118.0,2007-04-13,39,39.333333333333314,23.6,False,0.013069569593372283,0.013835905597836108,5.9524893512701125,-0.0006836909230234333,0.0002384991099806164,0.00013165570257702856,0.0002724243922313073,0.9,6.0,0.5043909002784126,0.376448076523338,True
2006-10-24,2007-03-05,90,91,132.0,2007-04-18,44,44.0,26.400000000000002,False,0.012737421415548449,0.014764013292871775,6.3462040939188045,-0.2774224691470408,0.005397238547543088,0.00854172387564002,0.010104020521889481,0.1,6.0,1.00727374990543,0.4576106916153313,True
2006-10-10,2007-03-05,100,101,146.0,2007-04-22,48,48.66666666666666,29.200000000000003,False,0.012917766786706463,0.016853738574329397,5.966363266241499,-0.000879954013999399,3.404217805294131e-05,0.0001422236247040873,0.00014624099736584552,0.9,6.0,1.3358596949336918,0.9025724966146651,True
2006-09-26,2007-03-05,110,111,160.0,2007-04-21,47,53.333333333333314,32.0,False,0.012855973743320257,0.01834564275867233,5.978540693815144,-0.0011017675084752968,-7.543190014289766e-05,-0.00010184687868388835,0.00012673893741395637,0.9,13.0,-2.2082802500768715,0.6018372386702163,True
2006-09-12,2007-03-05,120,121,174.0,2007-04-21,47,58.0,34.800000000000004,False,0.012516703749164056,0.018956812602064846,5.980822444526264,-0.0011367964243031447,-8.228795959287477e-05,-0.0001187806691772746,0.00014449967357803872,0.9,13.0,-2.1766550094930333,0.5446468422005888,True
2006-08-29,2007-03-05,130,131,188.0,2007-04-21,47,62.66666666666666,37.6,False,0.01228282005206093,0.01976366456450162,5.981405834843965,-0.0011453214575869188,-8.28845971640266e-05,-0.00012430691822614597,0.00014940571062019252,0.9,13.0,-2.1588731010965097,0.5307125490458449,True
2006-08-15,2007-03-05,140,141,202.0,2007-04-23,49,67.33333333333331,40.400000000000006,False,0.012120188846864024,0.020712755853394237,5.9852879799343945,-0.0011861203230017978,-4.562521553882057e-05,-0.00013620534078680676,0.00014364384829088225,0.9,12.993793824313167,-1.894022540570702,0.5719370797885632,True
2006-08-01,2007-03-05,150,151,216.0,2007-05-16,72,72.0,43.2,False,0.012203466900616482,0.02248761526356075,6.002231190738353,-0.0012241595135257834,-7.943908085613378e-05,8.82098335363123e-05,0.00011870780218575057,0.9,9.986923923906424,2.303925950166906,0.9293290553737685,True
2006-07-18,2007-03-05,160,161,230.0,2007-05-19,75,76.66666666666663,46.0,False,0.012883529083675864,0.02672363678563742,6.009178186645263,-0.0012807875857733678,5.442318232111551e-05,9.876647779005642e-05,0.00011276834621918993,0.9,9.669815603904969,1.06716352670638,1.0570954779142843,True
2006-07-04,2007-03-05,170,171,244.0,2007-05-05,61,81.33333333333331,48.800000000000004,False,0.013091415963897271,0.02930686440170312,5.999473875105743,-0.0012823017335364,6.033735104305762e-05,0.00010535777378719789,0.00012141192869025486,0.9,8.594905039626362,1.0506997520681687,1.1059367706428456,True
2006-06-20,2007-03-05,180,181,258.0,2007-04-23,49,86.0,51.6,True,0.013298351919595254,0.0320091556437099,5.991376267887993,-0.00129441655357685,5.134247148120451e-05,0.00011188394243436579,0.00012310185194567454,0.9,7.50143107334826,1.1405737532242317,1.2615598477875698,True
2006-06-06,2007-03-05,190,191,272.0,2007-04-07,33,90.66666666666663,54.400000000000006,True,0.013763012365530873,0.03617931729038734,5.979750174880715,-0.0013019042433543154,0.00012787945647765728,-3.018092183436233e-05,0.00013139270692010625,0.9,6.13630717394551,-0.23176956307845667,1.4532595996519517,True
2006-05-23,2007-03-05,200,201,286.0,2007-04-25,51,95.33333333333331,57.2,True,0.014319352746123507,0.041213816476650886,5.992947114692947,-0.0012987602014122872,-1.7385859777873514e-05,0.00012836867945161798,0.00012954067308906545,0.9,7.584749961660861,1.7054141387686184,1.1896632981647413,True
2007-01-26,2007-03-09,30,31,42.0,2007-03-23,14,14.0,8.4,False,0.007980011737560555,0.001974098207279731,5.53132908361008,0.27983057998350996,-0.005898417625672239,0.012845805325265795,0.014135276613546266,0.1,6.0,2.0012503982374144,0.3299435254953315,True
2007-01-12,2007-03-09,40,41,56.0,2007-03-27,18,18.666666666666657,11.200000000000001,False,0.007824687034519155,0.0025102548147150597,5.630791714367975,0.2047633477796703,-0.014667843554027983,-0.00024991841439975584,0.014669972520059346,0.1,6.0,-3.124555777448057,0.23263318716705406,True
2006-12-27,2007-03-09,50,51,72.0,2007-04-02,24,24.0,14.4,False,0.01021580246347751,0.0053224936186124505,5.800401432912151,0.08389087861167634,-0.004304743200004638,-0.014425758237285063,0.01505434537728506,0.1,6.0,-1.8607907563290544,0.09287559672334005,True
2006-12-11,2007-03-09,60,61,88.0,2007-04-07,29,29.33333333333333,17.6,False,0.011599277519855124,0.008207137577939602,5.953952489543448,-0.02166928157753453,0.009988103727221883,-0.010679820253461843,0.01462261182935516,0.1,6.0,-0.8188537941120194,0.024698371068968966,True
2006-11-27,2007-03-09,70,71,102.0,2007-04-12,34,34.0,20.400000000000002,False,0.01563236966679799,0.01735033967935923,6.149598325032426,-0.15234063249605764,0.013735191332935617,0.002117499668364643,0.013897456090877714,0.1,6.0,0.15296177570670913,0.1826960650206743,True
2006-11-13,2007-03-09,80,81,116.0,2007-04-16,38,38.66666666666666,23.200000000000003,False,0.013542175274798675,0.014854631405042855,6.1797452732044755,-0.17126459290423587,0.011465270875014172,0.008425945690529391,0.01422845729575765,0.1,6.0,0.6337735499639006,0.20061274545823982,True
2006-10-30,2007-03-09,90,91,130.0,2007-04-21,43,43.333333333333314,26.0,False,0.013061207750995403,0.01552415846023428,6.2330320768009955,-0.20510002102870717,0.005690149263883103,0.01203498417624993,0.013312349258033145,0.1,6.0,1.1291439288640466,0.25677914675721436,True
2006-10-16,2007-03-09,100,101,144.0,2007-04-26,48,48.0,28.8,False,0.013140992866935054,0.017441255046412637,6.294751038638912,-0.24388043265402642,-0.0005191405219172121,0.011948443480778496,0.011959716070829383,0.1,6.0,1.61421739842203,0.33986374371220585,True
2006-10-02,2007-03-09,110,111,158.0,2007-04-25,47,52.66666666666666,31.6,False,0.015252972110988028,0.025824500562262223,5.969975675851296,-0.0009854962329611107,-5.371864984817626e-05,-0.00010498726806440149,0.00011793226783682854,0.9,13.0,-2.043734889315822,0.5785241268854565,True
2006-09-18,2007-03-09,120,121,172.0,2007-04-24,46,57.333333333333314,34.4,False,0.014873852437517618,0.026769009846298902,5.972794461198269,-0.0010313930584123776,-6.650156798499212e-05,-0.00012691359346591428,0.00014328125750039287,0.9,13.0,-2.053451936172705,0.4983494426196588,True
2006-09-04,2007-03-09,130,131,186.0,2007-04-25,47,62.0,37.2,False,0.014565613738458556,0.027792580568714417,5.9754740087052935,-0.001065173308026152,-5.116068858558432e-05,-0.00014775754748665035,0.00015636402685982755,0.9,13.0,-1.9041243015296991,0.4716095444692037,True
2006-08-21,2007-03-09,140,141,200.0,2007-05-14,66,66.66666666666663,40.0,False,0.014282433713235268,0.02876229570098727,5.989306061395568,-0.001108829467882493,1.2923981250256069e-05,0.00013331728860223546,0.00013394225894619187,0.9,9.886088828581409,1.4741567754983838,0.7536420827145339,True
2006-08-07,2007-03-09,150,151,214.0,2007-05-19,71,71.33333333333331,42.800000000000004,False,0.013950563248934855,0.029387350459342307,5.9946097744848545,-0.0011388496997513185,-0.00012327549514826186,5.2476330070655626e-05,0.0001339798974538103,0.9,10.054941210656546,2.739143315271544,0.7608337061882997,True
2006-07-24,2007-03-09,160,161,228.0,2007-05-24,76,76.0,45.6,False,0.01372448087183078,0.030326181407401082,6.000421113690836,-0.001172782540288318,-0.00011142294289592599,-6.788636274066709e-05,0.00013047463527347456,0.9,10.160532410630946,-2.5943867659114646,0.7961913302471847,True
2006-07-10,2007-03-09,170,171,242.0,2007-05-17,69,80.66666666666663,48.400000000000006,False,0.01476584841753071,0.0372831777927035,6.001024820465425,-0.0012319645225534514,8.591063364653639e-06,-0.00013066709888131443,0.0001309492157280627,0.9,9.189079570360594,-1.505143102648072,0.9214373176809034,True
2006-06-26,2007-03-09,180,181,256.0,2007-05-14,66,85.33333333333331,51.2,False,0.014817550040060409,0.039740321843334654,5.9996289794674995,-0.0012444631303929522,-0.00011760251408609492,5.3569989853838546e-05,0.0001292288479106369,0.9,8.819226307912382,2.7141599502654596,0.9827308374503438,True
2006-06-12,2007-03-09,190,191,270.0,2007-04-17,39,90.0,54.0,True,0.01544887343998341,0.04558552889784334,5.981754288158705,-0.001254372573681221,-0.0001391292434911088,-1.990069450027559e-05,0.00014054530954820776,0.9,6.730872889435911,-2.999518886312122,1.1933870305895666,True
2006-05-29,2007-03-09,200,201,284.0,2007-04-28,50,94.66666666666663,56.800000000000004,True,0.01563733675969594,0.04914978648816372,5.989644483861206,-0.0012542070565382132,-4.39528286639184e-05,0.0001306632712617755,0.0001378576860548156,0.9,7.583290272049027,1.8952885531889074,1.0797496815074734,True
2007-02-01,2007-03-15,30,31,42.0,2007-03-28,13,14.0,8.4,False,0.008367250505463792,0.002170337311656706,5.403156213492633,0.3445393076967677,-0.000345743341066615,-0.011009725282754314,0.011015152711588318,0.11763571837896408,8.290734423569424,-1.6021894582973781,0.443807318487257,True
2007-01-18,2007-03-15,40,41,56.0,2007-03-23,8,18.666666666666657,11.200000000000001,False,0.009052190920919339,0.003359628579219755,5.556960957078749,0.2595671850610441,-0.009211949816314761,0.011014722457702276,0.014359113142478976,0.1,6.0,2.267300896240845,0.30128042784336856,True
2007-01-04,2007-03-15,50,51,70.0,2007-04-07,23,23.33333333333333,14.0,False,0.01066052604289025,0.005795987591068205,5.825292864797758,0.02448208263834033,0.00018409395017490553,-0.005916203185134441,0.005919066709396499,0.3464163472285375,6.0,-1.5396894560782666,0.23880436045369294,True
2006-12-15,2007-03-15,60,61,90.0,2007-04-14,30,30.0,18.0,False,0.010504244255349052,0.006730687989938046,5.768408689055179,0.09990340090834372,0.014752569733487172,-0.0071982992498565365,0.016415048761179083,0.1,6.0,-0.4539493331532905,0.10143476915789124,True
2006-12-01,2007-03-15,70,71,104.0,2007-04-18,34,34.66666666666666,20.8,False,0.014244581418792094,0.014406475085558387,5.952231391503426,-0.023569829733202662,0.015520036104711626,0.00633013677341431,0.01676132907205406,0.1,6.0,0.38727127043442666,0.02343671518318549,True
2006-11-17,2007-03-15,80,81,118.0,2007-04-23,39,39.333333333333314,23.6,False,0.01388997241841605,0.015627438036533048,6.0469940343328945,-0.08591963816519153,0.009605127094251691,0.014130610134725462,0.017086035504947715,0.1,6.0,0.9737981499764676,0.0838107803887676,True
2006-11-03,2007-03-15,90,91,132.0,2007-04-28,44,44.0,26.400000000000002,False,0.012604299238295898,0.014457020695254095,6.080494992129265,-0.10746749257439668,0.0028565439786359895,0.01653890505401885,0.016783778593860557,0.1,6.0,1.399767033762358,0.10671761821829152,True
2006-10-20,2007-03-15,100,101,146.0,2007-05-02,48,48.66666666666666,29.200000000000003,False,0.012916711284349902,0.016850984470728463,6.150626797112767,-0.152272266266093,-0.0047029892566430205,0.014843256738686701,0.015570497055607051,0.1,6.0,1.8776333452206202,0.16299229853558062,True
2006-10-06,2007-03-15,110,111,160.0,2007-05-07,53,53.333333333333314,32.0,False,0.014499090659547348,0.023334822924868822,6.243224420815493,-0.21067040572831766,-0.009971553223295328,0.009441181474706906,0.013731998446087893,0.1,6.0,2.383508511356563,0.2556928215940479,True
2006-09-22,2007-03-15,120,121,174.0,2007-03-30,15,58.0,34.800000000000004,False,0.017974948090111735,0.03909494981990759,5.944508899603664,-0.0008309401661802571,-7.105544272689207e-05,0.00013965548983916443,0.00015669247519690152,0.9,13.0,2.041451900204864,0.3671307560692612,True
2006-09-08,2007-03-15,130,131,188.0,2007-05-16,62,62.66666666666666,37.6,False,0.01750319582099173,0.04013340417718568,5.9810855199446475,-0.0010333123229242212,0.00014705770026237418,4.73942053978096e-05,0.0001545062390706215,0.9,9.654672425226913,0.3117725591076931,0.6234341007674506,True
2006-08-25,2007-03-15,140,141,202.0,2007-05-21,67,67.33333333333331,40.400000000000006,False,0.01690141872014551,0.04027777162026959,5.982159222011432,-0.0010114926514076053,-0.0001366411817960966,4.553187783211366e-05,0.0001440276517254671,0.9,10.093488344555086,2.8199421052470512,0.6262072272602879,True
2006-08-11,2007-03-15,150,151,216.0,2007-05-26,72,72.0,43.2,False,0.01632563579518035,0.040245484001647965,5.986408839276505,-0.0010310991787481148,-2.9236302198533724e-05,-0.0001416563312991891,0.0001446418942194467,0.9,10.351243484038418,-1.7743274971142555,0.6198067840443182,True
2006-07-28,2007-03-15,160,161,230.0,2007-05-30,76,76.66666666666663,46.0,False,0.015983922814575488,0.04113321195531139,5.9927133379753466,-0.0010737182812949834,9.205953675136318e-05,-0.00011151510620632292,0.00014460490039788787,0.9,10.44119676109226,-0.8806784927366814,0.6400288730049668,True
2006-07-14,2007-03-15,170,171,244.0,2007-06-04,81,81.33333333333331,48.800000000000004,False,0.01703576260639912,0.0496271424964513,6.003461564648685,-0.0011628118269317452,-3.579916850381442e-05,-0.0001329832352839427,0.00013771754184616048,0.9,10.15019815941651,-1.8337629405045623,0.7486660966528034,True
2006-06-30,2007-03-15,180,181,258.0,2007-06-09,86,86.0,51.6,False,0.016636466344932162,0.05009573425273695,6.007881304843711,-0.0011779968036403077,0.0001281506416690367,-4.1526477828921485e-05,0.0001347109324481935,0.9,10.379280136209879,-0.31336720797342166,0.7582572047076254,True
2006-06-16,2007-03-15,190,191,272.0,2007-05-25,71,90.66666666666663,54.400000000000006,False,0.017191611510051684,0.05645033770569542,6.001584659510151,-0.0012136058964034805,-2.1639184746883808e-06,-0.00013288452852161384,0.00013290214619627745,0.9,9.067981386734614,-1.5870790894058853,0.9063116717102758,True
2006-06-02,2007-03-15,200,201,286.0,2007-05-05,51,95.33333333333331,57.2,False,0.017616917734491207,0.062381513883229975,5.987407519680737,-0.0012079355215433045,-0.00012370742474794702,7.549289397748515e-05,0.00014492309677503024,0.9,7.654244507935373,2.593667877658041,0.9800456947951809,True
2007-02-07,2007-03-21,30,31,42.0,2007-04-03,13,14.0,8.4,False,0.012109412150269444,0.00454577374137789,5.846160099592923,0.0029259045177684917,0.000406716574355644,-0.0004261778282500011,0.0005891060287821518,0.9,11.618578824968052,-0.8087597243551645,0.38473011556649184,True
2007-01-24,2007-03-21,40,41,56.0,2007-04-08,18,18.666666666666657,11.200000000000001,False,0.010267977326856356,0.004322685693778284,5.791671818749998,0.03919739025001423,4.6506309824612124e-05,-0.006475886715828328,0.006476053705235567,0.3043324593343074,6.0,-1.563614992038004,0.30700378958226265,True
2007-01-10,2007-03-21,50,51,70.0,2007-04-12,22,23.33333333333333,14.0,False,0.009711753587691439,0.004810226045149915,5.598224997707562,0.2154314255521659,0.010417551598860968,-0.010217911718364114,0.014592158894393024,0.1,6.034111356008584,-0.7757238639086282,0.24466744380495925,True
2006-12-21,2007-03-21,60,61,90.0,2007-04-20,30,30.0,18.0,False,0.009529165638104239,0.00553910486326402,5.7326195654843835,0.1219940017815226,0.016116719558488132,0.0010672399505309155,0.016152016915511297,0.1,6.0,0.06612289086138248,0.12588108182779317,True
2006-12-07,2007-03-21,70,71,104.0,2007-04-24,34,34.66666666666666,20.8,False,0.010457942768853477,0.007765168253919647,5.841904409811499,0.04834213083085917,0.012943099566702155,0.010792805704614558,0.016852551182866233,0.1,6.0,0.695052328530241,0.047808914613086374,True
2006-11-23,2007-03-21,80,81,118.0,2007-04-29,39,39.333333333333314,23.6,False,0.012704263461447766,0.013073263117928016,5.99678866882624,-0.053773995039732986,0.0038184066247842477,0.01753515318701477,0.017946081088757802,0.1,6.0,1.3563862440015686,0.049940332166650885,True
2006-11-09,2007-03-21,90,91,132.0,2007-05-04,44,44.0,26.400000000000002,False,0.011434855987439407,0.011898789762266576,6.0197729438318275,-0.06854405148545076,-0.0027717328996281036,0.017465269336095348,0.017683838278191567,0.1,6.0,1.7281834833745244,0.06460140836617476,True
2006-10-26,2007-03-21,100,101,146.0,2007-05-08,48,48.66666666666666,29.200000000000003,False,0.011716349287219685,0.013864556902633458,6.079599985866318,-0.1068798883752436,-0.009367008939213791,0.01402832251424838,0.016868156064937242,0.1,6.0,2.15952866598273,0.1056032127082027,True
2006-10-12,2007-03-21,110,111,160.0,2007-05-13,53,53.333333333333314,32.0,False,0.012394356506342886,0.01705182812590199,6.147683949221643,-0.1499382094467927,-0.013447818464659075,0.008257455185603751,0.015780664992346802,0.1,6.0,2.5909158717241425,0.15835645447504768,True
2006-09-28,2007-03-21,120,121,174.0,2007-05-18,58,58.0,34.800000000000004,False,0.01571242997741696,0.029872535151222967,6.275705701648532,-0.23013590113533194,-0.013979321876147227,-9.036977785929941e-05,0.01397961397226972,0.1,6.0,-3.135128211334644,0.27437083454978894,True
2006-09-14,2007-03-21,130,131,188.0,2007-03-31,10,62.66666666666666,37.6,False,0.018684623158188123,0.04573408367581849,5.941020648438814,-0.0008019352001240018,-0.00010359719955379968,0.00015036249102459638,0.00018259588840527493,0.9,13.0,2.1740899970484704,0.30405170271189774,True
2006-08-31,2007-03-21,140,141,202.0,2007-05-27,67,67.33333333333331,40.400000000000006,False,0.017956471280638358,0.04546331538018701,5.978440321104544,-0.0009524862671983746,-3.460763462616843e-05,-0.00014443940014910027,0.00014852753512345878,0.9,10.355726043055503,-1.8059627594856662,0.5573316486504887,True
2006-08-17,2007-03-21,150,151,216.0,2007-06-01,72,72.0,43.2,False,0.0172606650511996,0.04498751425946521,5.981734292143161,-0.0009619206736979881,0.00014665146808026484,2.2051383588137392e-05,0.0001483000897108566,0.9,10.669774518040608,0.1492478008291195,0.5471231772413797,True
2006-08-03,2007-03-21,160,161,230.0,2007-06-05,76,76.66666666666663,46.0,False,0.016963226563095537,0.04632791992437652,5.988630869288764,-0.0010127172207663269,0.00010014899888134631,0.00011170684223164972,0.00015002746607972349,0.9,10.716552677008092,0.8398993623791847,0.5668978725262652,True
2006-07-20,2007-03-21,170,171,244.0,2007-06-10,81,81.33333333333331,48.800000000000004,False,0.017075837651631637,0.0498609035873346,5.996433724359244,-0.0010697135405149287,6.923545959800485e-05,0.00012776348632672951,0.00014531709226414956,0.9,10.673893485136425,1.0741906087607134,0.6206838405702693,True
2006-07-06,2007-03-21,180,181,258.0,2007-06-15,86,86.0,51.6,False,0.01764377682391855,0.056345817770816424,6.004953646740025,-0.0011306900260428304,6.888888984456141e-05,0.0001232663192435109,0.00014121000178407783,0.9,10.583969934117588,1.0611745727592856,0.6808822531577533,True
2006-06-22,2007-03-21,190,191,272.0,2007-06-17,88,90.66666666666663,54.400000000000006,False,0.017841372116407583,0.06079808076826007,6.010491990082206,-0.001171216632252761,0.00010678144954010289,7.899745139490988e-05,0.00013282648565996424,0.9,10.45371310772225,0.6369443227418613,0.7591445547566574,True
2006-06-08,2007-03-21,200,201,286.0,2007-05-12,52,95.33333333333331,57.2,False,0.018615526549502614,0.06965410357176258,5.987482362214924,-0.0011786423597323378,-9.213806449484498e-05,-0.00011623751911840746,0.00014832593764968537,0.9,7.8660209951693885,-2.241052119301428,0.909185186525303,True
2007-02-13,2007-03-27,30,31,42.0,2007-04-10,14,14.0,8.4,False,0.012221934010525098,0.004630645799686534,5.907232966942433,-0.00010116642096418379,-7.206243570165607e-05,-0.0011293800393567084,0.0011316767506388983,0.9,6.0,-1.6345170181860542,0.013409273572210797,True
2007-01-30,2007-03-27,40,41,56.0,2007-04-14,18,18.666666666666657,11.200000000000001,False,0.010262987511443878,0.0043184854190621725,5.741339204797505,0.11680376652655092,0.014145067655023356,-0.011496658092017723,0.018227893083127972,0.1,6.0,-0.6824779533997596,0.10679947667188731,True
2007-01-16,2007-03-27,50,51,70.0,2007-04-18,22,23.33333333333333,14.0,False,0.009847841725948995,0.0049459793196264465,5.689300796510518,0.15231460553543383,0.008932981334394383,0.013311223422257441,0.01603080860461797,0.1,6.288396562220487,0.9797401292861724,0.15109364540847703,True
2006-12-29,2007-03-27,60,61,88.0,2007-04-16,20,29.33333333333333,17.6,False,0.009534312338588433,0.005545089817955337,5.704327724055211,0.14256188283329768,0.015074129537839504,-0.0054459260623913805,0.016027710129666032,0.1,6.0,-0.34668500830672927,0.14824521789654244,True
2006-12-13,2007-03-27,70,71,104.0,2007-04-21,25,34.66666666666666,20.8,False,0.009442445607912305,0.006330344313145148,5.7845759423096,0.08719134615381903,0.01573113602457718,0.004742222209967756,0.016430377722756753,0.1,6.0,0.29279069049151235,0.08844526444154253,True
2006-11-29,2007-03-27,80,81,118.0,2007-05-05,39,39.333333333333314,23.6,False,0.011787206885481447,0.011253997939052438,6.021026148217314,-0.06885600653729294,-0.004082048505199205,0.01648202601046817,0.016979997096835685,0.1,6.0,1.8135777122912142,0.06758541255397175,True
2006-11-15,2007-03-27,90,91,132.0,2007-05-06,40,44.0,26.400000000000002,False,0.011588572247859242,0.01222084561369066,6.03889024062692,-0.08034494230919428,-0.005875513054395002,0.016068494278030355,0.017109008212501987,0.1,6.0,1.921348385721551,0.07826767952810983,True
2006-11-01,2007-03-27,100,101,146.0,2007-05-09,43,48.66666666666666,29.200000000000003,False,0.011457609208450067,0.013258957686129539,6.073802603406699,-0.1026277592411853,-0.009272196623666634,0.013851435393173118,0.01666841002253016,0.1,6.0,2.160691133501883,0.10261702536161381,True
2006-10-18,2007-03-27,110,111,160.0,2007-05-15,49,53.333333333333314,32.0,False,0.011843220398398207,0.015569067503958927,6.1391101055816355,-0.14375911361995083,-0.013892007816061234,0.007191326362432967,0.01564298743886633,0.1,6.0,2.663917655594621,0.15316672958811897,True
2006-10-04,2007-03-27,120,121,174.0,2007-05-24,58,58.0,34.800000000000004,False,0.013595395183868498,0.022365007194872125,6.238128446393627,-0.20524007670612057,-0.014003047209588865,-0.0029169757510250473,0.014303638651966941,0.1,6.0,-2.9362195596936713,0.2391466974476192,True
2006-09-20,2007-03-27,130,131,188.0,2007-05-28,62,62.66666666666666,37.6,False,0.016649933054480374,0.03631585546414684,6.3775207165471715,-0.2915702189096478,-0.009671157277896525,-0.00949113034320101,0.013550381481177636,0.1,6.0,-2.365589069897227,0.35862485903030095,True
2006-09-06,2007-03-27,140,141,202.0,2007-06-02,67,67.33333333333331,40.400000000000006,False,0.017997145676322518,0.04566951260176317,5.980041339310767,-0.000945043316708916,0.00014141211344139413,5.6789018027197154e-05,0.00015238890509631942,0.9,10.7025792789371,0.3818722189722821,0.5214977300153102,True
2006-08-23,2007-03-27,150,151,216.0,2007-06-07,72,72.0,43.2,False,0.017355959060665827,0.04548562655224175,5.982026525815197,-0.000938458183079714,-0.0001239923006227676,7.758359408066535e-05,0.00014626450247479813,0.9,11.068271081601447,2.582480785286251,0.5217214703409938,True
2006-08-09,2007-03-27,160,161,230.0,2007-06-11,76,76.66666666666663,46.0,False,0.016942419775511947,0.046214339643794976,5.987794768486337,-0.0009760579724945291,-0.00013310770055098776,-6.4496749183425e-05,0.00014791041410665124,0.9,11.183905720229893,-2.6903848353748314,0.5310383336378554,True
2006-07-26,2007-03-27,170,171,244.0,2007-06-16,81,81.33333333333331,48.800000000000004,False,0.016683949161393034,0.047598561295011,5.994554152479974,-0.0010218579162793947,-7.214520304649731e-05,-0.00012748169344384183,0.00014648041673182797,0.9,11.218567865827469,-2.0857845062718128,0.5596493926841148,True
2006-07-12,2007-03-27,180,181,258.0,2007-06-21,86,86.0,51.6,False,0.017845386531020167,0.05764086549991439,6.005911546089788,-0.0011123647835775366,-0.00013904785286558048,2.0620097171833977e-05,0.00014056846657022333,0.9,10.887933089954474,2.994370632611246,0.6541184363968562,True
2006-06-28,2007-03-27,190,191,272.0,2007-06-25,90,90.66666666666663,54.400000000000006,False,0.017633155018416505,0.05938727777756987,6.0112606895672,-0.001136950218247052,-8.032858593335757e-05,-0.00010868932816532033,0.00013515195808822567,0.9,11.027491797447869,-2.2072628649673813,0.6865700797379519,True
2006-06-14,2007-03-27,200,201,286.0,2007-06-06,71,95.33333333333331,57.2,False,0.018460423180331767,0.06849823202338301,6.002435065512646,-0.0011722668737645242,8.517580902906998e-05,0.00010624425268865092,0.00013617180204846563,0.9,9.418567492974145,0.8950208522587424,0.8226156416045819,True
2007-02-19,2007-04-02,30,31,42.0,2007-04-16,14,14.0,8.4,False,0.012291781523473138,0.004683724683644664,5.919079727656671,-0.00042800734042320476,0.0007873334561135311,-0.0006909600745967988,0.001047530331686148,0.9,6.0,-0.7202979675080365,0.061288059277615346,True
2007-02-05,2007-04-02,40,41,56.0,2007-04-20,18,18.666666666666657,11.200000000000001,False,0.010724200729933929,0.004715347733132532,5.916061068576898,-0.00023486528921952448,0.0008619521074939725,0.0002886006779610907,0.0009089839310641866,0.9,6.090187226290836,0.3230899113905397,0.038183391165982614,True
2007-01-22,2007-04-02,50,51,70.0,2007-04-25,23,23.33333333333333,14.0,False,0.010288804447125238,0.005398834344510389,5.86582437790166,0.01852670779928641,-0.009880249073572465,0.002388523353789546,0.010164859348137956,0.2338495232508955,6.561574184094308,2.904396209796662,0.06495690499513755,True
2007-01-08,2007-04-02,60,61,84.0,2007-04-29,27,28.0,16.8,False,0.010078136589820695,0.0061956990645080446,5.73709719829458,0.11812224369419445,0.008664277468927978,-0.013063869231231743,0.015675917304875542,0.1,7.016523957680336,-0.9851805847354576,0.10739318224044116,True
2006-12-19,2007-04-02,70,71,104.0,2007-04-25,23,34.66666666666666,20.8,False,0.009655523479984553,0.006619268490749843,5.782053233188252,0.0885544394533366,-0.005448306147266447,0.01491632205042187,0.01588019846809992,0.1,6.299999946668267,1.920998843131208,0.08851438713386195,True
2006-12-05,2007-04-02,80,81,118.0,2007-04-30,28,39.333333333333314,23.6,False,0.010972778485385483,0.009752551282836421,5.904389162845389,0.005979228023501661,0.0037550545484532644,0.014013967066706486,0.014508332351052396,0.12464965487264215,6.0,1.308995381740816,0.008561846754682889,True
2006-11-21,2007-04-02,90,91,132.0,2007-05-09,37,44.0,26.400000000000002,False,0.011736974527393331,0.01253584796615787,6.050090525783371,-0.08771954172375114,-0.009384198997477259,0.013904464280340253,0.01677490142288506,0.1,6.0,2.1644810493468616,0.087153559070577,True
2006-11-07,2007-04-02,100,101,146.0,2007-05-09,37,48.66666666666666,29.200000000000003,False,0.011212878173752773,0.012698592330881555,6.03677930743739,-0.07916973171496616,-0.008420781336238286,0.014447542045005177,0.016722470793962576,0.1,6.0,2.098511702725321,0.0789055364389786,True
2006-10-24,2007-04-02,110,111,160.0,2007-05-14,42,53.333333333333314,32.0,False,0.011510598918633768,0.014706821508687469,6.106521615489276,-0.12329816057575797,-0.013249273562178924,0.008858038251417694,0.015937631304213072,0.1,6.0,2.552275005465882,0.12893819060716216,True
2006-10-10,2007-04-02,120,121,174.0,2007-05-21,49,58.0,34.800000000000004,False,0.01234032735219944,0.01842632517829244,6.188078924775685,-0.17409881050443363,-0.014790199570126325,0.0004375214372216085,0.01479666950135041,0.1,6.0,3.1120194298350174,0.19610134844707747,True
2006-09-26,2007-04-02,130,131,188.0,2007-06-03,62,62.66666666666666,37.6,False,0.014761021605013898,0.028543296405903,6.337131119843572,-0.2652538039594921,-0.00817457349822348,-0.010873759044699276,0.013603760055221386,0.1,6.0,-2.2154297236459,0.32497608857496546,True
2006-09-12,2007-04-02,140,141,202.0,2007-06-08,67,67.33333333333331,40.400000000000006,False,0.017023636481420423,0.04086239206626831,6.4752339468723505,-0.3498374617288191,-0.0016426267444989637,-0.01380549616721509,0.01390287549554889,0.1,6.0,-1.6892230975372158,0.41938262081205446,True
2006-08-29,2007-04-02,150,151,216.0,2007-06-13,72,72.0,43.2,False,0.01755089859263537,0.046513140252754506,5.980919718859166,-0.0009023530762592955,9.172959447072269e-05,-0.00010721484184480221,0.00014110046354838524,0.9,11.544766702329124,-0.8630785843720042,0.49854620086044044,True
2006-08-15,2007-04-02,160,161,230.0,2007-06-17,76,76.66666666666663,46.0,False,0.01695849310610338,0.04630206863719069,5.985590266950207,-0.0009284182772172822,0.00012926948187997256,6.289031853299405e-05,0.0001437560124332127,0.9,11.725031311136288,0.4527938753627086,0.4957310962772387,True
2006-08-01,2007-04-02,170,171,244.0,2007-06-22,81,81.33333333333331,48.800000000000004,False,0.016873302147214036,0.0486851236350514,5.993648515652512,-0.000988856536199481,0.00013439642135993827,5.395777280752304e-05,0.00014482347641424142,0.9,11.624910611309936,0.38178349440223186,0.5286244028343231,True
2006-07-18,2007-04-02,180,181,258.0,2007-06-27,86,86.0,51.6,False,0.017573135184957737,0.05589552952141273,6.003394306253788,-0.0010620093839112318,0.0001278096645198143,-5.5395660356839e-05,0.00013929820361741117,0.9,11.384633614911335,-0.40898339750306256,0.6027070746198265,True
2006-07-04,2007-04-02,190,191,272.0,2007-07-01,90,90.66666666666663,54.400000000000006,False,0.017725457597849877,0.06001064278715623,6.010571996454686,-0.0011056496667761848,0.00013574912691002693,-1.0475465708414456e-05,0.0001361527114626909,0.9,11.372982452243834,-0.07701520123844996,0.6426276164000321,True
2006-06-20,2007-04-02,200,201,286.0,2007-07-01,90,95.33333333333331,57.2,False,0.018161456175835977,0.06629753657578896,6.0156435088187195,-0.0011529604398321832,-4.8037598649542496e-05,-0.00011865459394921877,0.00012800985723477904,0.9,10.994039893732001,-1.9554788064220487,0.737320304529112,True
2007-02-23,2007-04-10,30,31,46.0,2007-04-11,1,15.333333333333329,9.200000000000001,False,0.012949012715992154,0.005197984839886721,5.944879238393379,-0.0035245307215328323,0.00034887147024461425,-0.0018787527050286646,0.0019108697049781188,0.7229307056445935,6.12979833860313,-1.3871944511127359,0.21753077618390912,True
2007-02-09,2007-04-10,40,41,60.0,2007-04-30,20,20.0,12.0,False,0.012217834916670072,0.0061202950920910965,5.939307373649156,-0.0007602114653069179,0.0004771600031961978,0.000702310813073826,0.0008490713437695409,0.9,6.0,0.9740202898928706,0.13430169400109768,True
2007-01-26,2007-04-10,50,51,74.0,2007-05-04,24,24.666666666666657,14.8,False,0.010974766658666915,0.006142720663821535,5.940421417067423,-0.0007214272240553285,-0.0007776735725542434,-5.000901874569811e-05,0.0007792798517895787,0.9,6.422361157149038,-3.0773751493057353,0.12973192565631472,True
2007-01-12,2007-04-10,60,61,88.0,2007-05-09,29,29.33333333333333,17.6,False,0.011231695664529416,0.007695210237537142,5.95648439902213,-0.021499429723611022,-0.003007299382228052,-0.013327725368129512,0.013662800337508857,0.15360984762353364,6.578916329543544,-1.7927220908030457,0.036741079628434294,True
2006-12-27,2007-04-10,70,71,104.0,2007-05-14,34,34.66666666666666,20.8,False,0.010873208662999699,0.008394093330668352,5.906772154695232,0.006456643603967581,-0.0039293429358911005,0.014883732343199738,0.01539367481700998,0.1,7.296364941455244,1.8289098046566152,0.005748545308769285,True
2006-12-11,2007-04-10,80,81,120.0,2007-05-19,39,40.0,24.0,False,0.010455049337415666,0.008853952588471457,5.897969418266807,0.012274579324528651,-0.0008021136605347787,-0.015088171643292595,0.015109477484740341,0.1,7.823998540767657,-1.6239080835519133,0.010383132837757233,True
2006-11-27,2007-04-10,90,91,134.0,2007-05-12,32,44.66666666666666,26.8,False,0.011652564916733658,0.01235618649162098,6.016340229813243,-0.052167735360853916,-0.009195237284466083,0.009356578111946937,0.01311861054695198,0.1531772904667983,6.0,2.3474979418161803,0.10152132503876612,True
2006-11-13,2007-04-10,100,101,148.0,2007-05-09,29,49.333333333333314,29.6,False,0.011241268418440264,0.012762977681197668,6.006412692350111,-0.0534955571895686,-0.007440607432050008,0.012854487685860902,0.014852625782124432,0.12476727116358972,6.0,2.0955067722389953,0.07489691034913588,True
2006-10-30,2007-04-10,110,111,162.0,2007-05-12,32,54.0,32.4,False,0.011329808308328134,0.014248465749684193,6.078205866294492,-0.10558129969548305,-0.012010477054227878,0.010756512682994518,0.01612309288472768,0.1,6.0,2.411217076727594,0.10914086650985465,True
2006-10-16,2007-04-10,120,121,176.0,2007-05-18,38,58.66666666666666,35.2,False,0.011729611633340324,0.016647638477348112,6.149162093739895,-0.14999140470232306,-0.01469871896416788,0.00392472733816087,0.015213672267618224,0.1,6.0,2.8806683280983334,0.16431645831884892,True
2006-10-02,2007-04-10,130,131,190.0,2007-05-30,50,63.333333333333314,38.0,False,0.013804043367518112,0.02496226134129402,6.287508395955064,-0.2348897653562621,-0.011024497264535395,-0.008197097107154059,0.013737974411093574,0.1,6.0,-2.5022421448058303,0.28496409335593886,True
2006-09-18,2007-04-10,140,141,204.0,2007-06-17,68,68.0,40.800000000000004,False,0.015725519519491582,0.03486816694626542,6.491978920693511,-0.3576997351702839,0.002692026231458991,-0.01305654955391132,0.013331184924252051,0.1,6.0,-1.3674636105918945,0.44719672607591154,True
2006-09-04,2007-04-10,150,151,218.0,2007-06-21,72,72.66666666666663,43.6,False,0.016660738370125303,0.04191461065870259,6.197877180180595,-0.09161252348232242,0.004025520013738151,-0.005638611393469092,0.006928113006264106,0.2335052839012214,6.0,-0.950788743224376,0.5146184414453898,True
2006-08-21,2007-04-10,160,161,232.0,2007-06-26,77,77.33333333333331,46.400000000000006,False,0.016804574331060466,0.04546538867014995,5.98908683807632,-0.000920819067558605,-2.5416336512963764e-05,-0.00013760170271178153,0.00013992933484770705,0.9,12.391198402047154,-1.7534471552842814,0.4779634999954068,True
2006-08-07,2007-04-10,170,171,246.0,2007-07-01,82,82.0,49.2,False,0.016174187751475243,0.044734343750815184,5.986344892567856,-0.0008572415166593696,0.00016135789950780848,-5.148524665889414e-05,0.0001693726729939018,0.9,6.0,-0.3088634996770453,0.7591911093210126,True
2006-07-24,2007-04-10,180,181,260.0,2007-07-05,86,86.66666666666663,52.0,False,0.015910912136652498,0.04582143962866991,5.993249489338669,-0.0009081270513653137,0.00016612809128589766,-4.753665302021997e-06,0.00016619608914802777,0.9,6.0,-0.028606652185050416,0.8196285388127833,True
2006-07-10,2007-04-10,190,191,274.0,2007-07-10,91,91.33333333333331,54.800000000000004,False,0.01775083454332725,0.060182596254054775,6.014645694483248,-0.0010996292458869885,-0.0001319570458905535,-8.10033703180884e-06,0.00013220543642449253,0.9,11.891165570776609,-3.080283420791594,0.6295279994733181,True
2006-06-26,2007-04-10,200,201,288.0,2007-07-15,96,96.0,57.6,False,0.017882138254407213,0.0642739445784965,6.021516200426718,-0.0011365709290463407,-0.00011671715868673076,-4.470119332355739e-05,0.00012498436628816237,0.9,11.87955551729031,-2.7758378439993443,0.688942805091825,True
2007-03-01,2007-04-16,30,31,46.0,2007-04-19,3,15.333333333333329,9.200000000000001,False,0.007842701088025527,0.00190674677103962,5.965875147712927,-0.0027883552984224575,0.0004963389368751273,-1.7928634326559386e-06,0.000496342174933402,0.9,11.562319963568168,-0.0036121599614077015,0.43728487730527793,True
2007-02-15,2007-04-16,40,41,60.0,2007-04-22,6,20.0,12.0,False,0.01338894163513485,0.007349814082470946,5.948871116138829,-0.0012774076260644181,0.001027485870472057,1.288803832262043e-05,0.001027566696400543,0.9,6.0,0.012542617712744598,0.1864707610521596,True
2007-02-01,2007-04-16,50,51,74.0,2007-05-10,24,24.666666666666657,14.8,False,0.011805549212231717,0.00710792060232367,5.957930730666019,-0.0010254052030688632,-0.0006682381316400526,0.00036785139733373984,0.0007627954189021937,0.9,6.153942857008928,2.6383813735544317,0.19659682094585146,True
2007-01-18,2007-04-16,60,61,88.0,2007-05-15,29,29.33333333333333,17.6,False,0.011428742301748196,0.007967585186585888,5.956578454997839,-0.0009076856291197668,-0.00033947825427589433,-0.0005788076261810964,0.0006710169545187398,0.9,6.404566536030706,-2.101239959261757,0.19008801412973877,True
2007-01-04,2007-04-16,70,71,102.0,2007-05-20,34,34.0,20.400000000000002,False,0.011349606751022598,0.0091457637116029,6.01290111768556,-0.03970228100511331,0.01061719700371825,0.0030943835484200195,0.01105893673734036,0.20324081454062917,6.835747860948827,0.2835945462100978,0.10673994550946016,True
2006-12-15,2007-04-16,80,81,122.0,2007-05-26,40,40.66666666666666,24.400000000000002,False,0.011436458550111342,0.0105941993176416,6.013165972029049,-0.06055667907583394,-0.004770211736540568,-0.013761552470732222,0.014564863419069384,0.1,7.625739645301402,-1.9044686765462382,0.054522236258888114,True
2006-12-01,2007-04-16,90,91,136.0,2007-05-19,33,45.333333333333314,27.200000000000003,False,0.011627890481457506,0.012303913171438075,6.09088241470149,-0.11233793703747817,0.0012207947131224854,-0.01569368847210914,0.015741098995660983,0.1,6.434314472389165,-1.4931637658937795,0.1109147005856318,True
2006-11-17,2007-04-16,100,101,150.0,2007-05-17,31,50.0,30.0,False,0.01153899441343248,0.013447987599395823,6.091839088832803,-0.11325588995703555,-0.007060856207442052,-0.014385671535242764,0.016025081463195964,0.1,6.338588383602925,-2.027077534871953,0.11149823708954301,True
2006-11-03,2007-04-16,110,111,164.0,2007-05-18,32,54.66666666666666,32.800000000000004,False,0.011187964570550357,0.013893931186739795,6.088253477752849,-0.11073536041509181,0.0008525641943940565,-0.015882628230341044,0.015905494183105065,0.1,6.439209431483452,-1.5171687580914608,0.10812014161124424,True
2006-10-20,2007-04-16,120,121,178.0,2007-05-16,30,59.333333333333314,35.6,False,0.011350754877449474,0.015589595990841107,6.117674103673253,-0.13030840452750536,-0.013978884163108097,0.006614358263942421,0.015464764391654267,0.1,6.0,2.699640265813429,0.14043581183151613,True
2006-10-06,2007-04-16,130,131,192.0,2007-05-25,39,64.0,38.400000000000006,False,0.012563496692639013,0.020677229838119635,6.209477056875808,-0.18730566122790998,-0.013830474635986995,-0.0030474976418940936,0.014162248074865434,0.1,6.0,-2.9247118026592775,0.2204283531797143,True
2006-09-22,2007-04-16,140,141,206.0,2007-06-15,60,68.66666666666663,41.2,False,0.014989687062747406,0.03168139127171267,6.439483393483445,-0.32579243362044863,0.0003616831038480428,-0.012965765495476136,0.012970809132482395,0.1,6.0,-1.5429083217346864,0.41862260389571837,True
2006-09-08,2007-04-16,150,151,220.0,2007-06-28,73,73.33333333333331,44.0,False,0.016044849800262922,0.038873017972062565,6.6313850485291725,-0.439935971701145,0.010368902752966647,-0.00917050248557634,0.013842408032507969,0.1,6.0,-0.724142410131544,0.529695857671566,True
2006-08-25,2007-04-16,160,161,234.0,2007-07-03,78,78.0,46.800000000000004,False,0.015876793956968022,0.04058368640267464,6.265755304096156,-0.11952845604148161,0.00685562878246131,-0.0031139020229352977,0.007529676740163052,0.2189658825231801,6.0,-0.42635027545420406,0.5793222110087868,True
2006-08-11,2007-04-16,170,171,248.0,2007-07-07,82,82.66666666666663,49.6,False,0.01569199036371018,0.0421067940292862,6.032372956008026,-0.005286961865098007,0.0007795820385353888,-0.00010992384585579648,0.000787293723266432,0.6252891924211414,6.0,-0.14008007780564585,0.6998404825060327,True
2006-07-28,2007-04-16,180,181,262.0,2007-07-12,87,87.33333333333331,52.400000000000006,False,0.015479791464258442,0.043371933823624066,5.995867360784745,-0.0009008468383243175,0.0001608857039365571,1.93399268056694e-05,0.0001620439523709853,0.9,6.0,0.11963505955961977,0.833891199094467,True
2006-07-14,2007-04-16,190,191,276.0,2007-07-17,92,92.0,55.2,False,0.016289760551566636,0.050683053076028925,6.007072358286991,-0.0009900730963627825,0.00014143645598093462,7.786248544737508e-05,0.00016145227691330202,0.9,6.0,0.5032363202875149,0.919844348396313,True
2006-06-30,2007-04-16,200,201,290.0,2007-07-21,96,96.66666666666663,58.0,False,0.015790563074199262,0.05011771832225331,6.010245419724326,-0.000997863415676907,0.00012825745138752081,9.561980618529455e-05,0.00015997850221619015,0.9,6.0,0.6406343079035992,0.9356226635330268,True
2007-03-07,2007-04-20,30,31,44.0,2007-04-21,1,14.666666666666664,8.8,False,0.006484952316405343,0.0013036928029275818,5.9670737853654865,-0.002664270427798291,0.0004949996389249801,-0.0003303151923668299,0.0005950905551629907,0.9,13.0,-0.5884436392793729,0.3099519721074165,True
2007-02-21,2007-04-20,40,41,58.0,2007-04-23,3,19.33333333333333,11.600000000000001,False,0.013327664818205666,0.00728269262976392,5.959129642386316,-0.0017199827142079932,0.000913897505330354,-8.321367305901499e-05,0.0009176781383649809,0.9,6.0,-0.09080322638271829,0.2811414986858799,True
2007-02-07,2007-04-20,50,51,72.0,2007-05-14,24,24.0,14.4,False,0.012750663496568889,0.008291550399739452,5.969094924334356,-0.0011977585355282796,-0.0004866723147557894,0.0005859409548477777,0.0007616933402083044,0.9,6.0,2.2639089742618266,0.23587416463442928,True
2007-01-24,2007-04-20,60,61,86.0,2007-05-18,28,28.666666666666657,17.2,False,0.011839709851108942,0.008550902490865212,5.971389353984508,-0.001184932561872328,-0.00034276502903553486,-0.0006018041583964916,0.0006925720974693109,0.9,6.361510307360166,-2.0885345143416885,0.2420532497109223,True
2007-01-10,2007-04-20,70,71,100.0,2007-05-23,33,33.333333333333314,20.0,False,0.01169736137019335,0.009714806674767306,5.973591249262405,-0.0022439675867592795,0.00017172212225105514,-0.0011709061912472006,0.0011834313651291452,0.7394711938126963,6.399407448098339,-1.4251769637558438,0.21910636918495624,True
2006-12-21,2007-04-20,80,81,120.0,2007-05-30,40,40.0,24.0,False,0.011691005689212592,0.011071048736041297,6.173435861406829,-0.16303046152131537,-0.00708790521297557,0.014310169401192296,0.015969325239312604,0.1,7.039529013024951,2.030681265721195,0.14502356897858001,True
2006-12-07,2007-04-20,90,91,134.0,2007-06-03,44,44.66666666666666,26.8,False,0.011635227409947208,0.012319445036187999,6.144535412787337,-0.143129042015586,-0.00929764283625718,-0.01121170740800891,0.014565319952318462,0.1,7.392288903903709,-2.263137598816725,0.13293177501360579,True
2006-11-23,2007-04-20,100,101,148.0,2007-05-29,39,49.333333333333314,29.6,False,0.011674919631256787,0.013766678588026817,6.1846290226140175,-0.1702799860402537,0.009774740430845322,0.01233970560908197,0.01574210548208883,0.1,6.7843199999943335,0.900868168477099,0.15943896388219767,True
2006-11-09,2007-04-20,110,111,162.0,2007-06-12,53,54.0,32.4,False,0.011400444533860863,0.01442668504822982,6.179304784953472,-0.1638405823166696,-0.004757205350326728,0.0144641185818811,0.015226349828369746,0.1,8.130549624534488,1.888548890329959,0.1323444624894678,True
2006-10-26,2007-04-20,120,121,176.0,2007-05-29,39,58.66666666666666,35.2,False,0.011477972548592676,0.015941006312975896,6.169878945135577,-0.16062826293219507,0.008724021803161053,0.012205577350390249,0.015002822230446806,0.1,6.800956282904386,0.950234845353222,0.15742692638952077,True
2006-10-12,2007-04-20,130,131,190.0,2007-05-22,32,63.333333333333314,38.0,False,0.011703582165173781,0.01794357245010357,6.177366318875796,-0.1671934336831153,-0.014607099496373264,0.0005053740340998031,0.014615839305742602,0.1,6.0,3.1070086122504037,0.19065324746400816,True
2006-09-28,2007-04-20,140,141,204.0,2007-06-05,46,68.0,40.800000000000004,False,0.013903134551232104,0.027254898199302616,6.323360079148122,-0.25637087308414863,-0.0071617228551999895,-0.011008282271684312,0.013132880599006944,0.1,6.0,-2.1475762728861616,0.32535496325603586,True
2006-09-14,2007-04-20,150,151,218.0,2007-07-01,72,72.66666666666663,43.6,False,0.01536490387435611,0.03564812093129871,6.621355208425997,-0.43278014872274256,0.010405945696258015,-0.00791686455327914,0.013075184518332367,0.1,6.0,-0.6503786357340798,0.5516558843662372,True
2006-08-31,2007-04-20,160,161,232.0,2007-07-06,77,77.33333333333331,46.400000000000006,False,0.015671954826428747,0.03954323706114135,6.52538056283316,-0.32037969217008677,0.011292207485254769,-0.003951413687226721,0.011963595614097232,0.13057492916355706,6.0,-0.33660705458168144,0.5827896138690526,True
2006-08-17,2007-04-20,170,171,246.0,2007-07-11,82,82.0,49.2,False,0.015386620037444076,0.04048392102621151,6.220144304465199,-0.0777719012056658,0.005554799642901316,-0.0003336198432263293,0.005564809185638889,0.27471603876137524,6.0,-0.059987684368853184,0.6398898241140865,True
2006-08-03,2007-04-20,180,181,260.0,2007-07-15,86,86.66666666666663,52.0,False,0.015380315978336088,0.04281629564641633,6.068676032833347,-0.009699371983677369,0.001163024814554377,0.0002743450191520728,0.0011949443120090552,0.5506854457570141,6.0,0.23165447848529527,0.7449863187088824,True
2006-07-20,2007-04-20,190,191,274.0,2007-07-20,91,91.33333333333331,54.800000000000004,False,0.015386529469532253,0.04521835022130583,6.0099947645028085,-0.0011430035058471,0.0001599656390717342,8.639547059890671e-05,0.00018180534377084436,0.8739700561440558,6.0,0.49520114438465307,0.9157695968104264,True
2006-07-06,2007-04-20,200,201,288.0,2007-07-25,96,96.0,57.6,False,0.015710912603325924,0.04961338774069843,6.014082283154888,-0.0010149304436535506,0.00011389009652562049,0.00010764186697780317,0.00015670904764270065,0.9,6.0,0.7572009975642883,0.9714791126492035,True
2007-03-13,2007-04-26,30,31,44.0,2007-04-28,2,14.666666666666664,8.8,False,0.007406658227760934,0.0017006161691886209,5.977687244748004,-0.002545306943991281,-0.00036577659803063516,0.0003366408640768538,0.0004971112461343795,0.9,13.0,2.3976499538642857,0.35447509794075477,True
2007-02-27,2007-04-26,40,41,58.0,2007-04-27,1,19.33333333333333,11.600000000000001,False,0.009449326704509561,0.003660880781910859,5.972891162526235,-0.0023971675699693104,-0.0003993476133221401,-5.238610005735565e-05,0.0004027689408895735,0.9,11.654258394214285,-3.0111582230647276,0.4596214486866308,True
2007-02-13,2007-04-26,50,51,72.0,2007-04-27,1,24.0,14.4,False,0.012829059397445759,0.008393823016182758,5.959925927288407,-0.0014614976397479696,0.0008543233883122135,0.0004757190055446321,0.0009778430467378878,0.9,6.0,0.5080773074505165,0.22419205893372673,True
2007-01-30,2007-04-26,60,61,86.0,2007-04-30,4,28.666666666666657,17.2,False,0.012279818826499688,0.009198430975111027,5.962398886109131,-0.0013485168381364913,0.0005164790388464591,0.00080089282261178,0.0009529847380093903,0.9,6.0,0.9980294670199998,0.21225683649771163,True
2007-01-16,2007-04-26,70,71,100.0,2007-05-29,33,33.333333333333314,20.0,False,0.01174218542255801,0.009789403213339102,5.9791001770978545,-0.0011495643229450124,0.0005846730349076085,-2.9106188363355257e-06,0.0005846802796829084,0.9,6.629076086053639,-0.004978158079494124,0.266934271773867,True
2006-12-29,2007-04-26,80,81,118.0,2007-06-04,39,39.333333333333314,23.6,False,0.011911589314382203,0.011492762759554848,6.010093534901455,-0.011367998364085821,-0.0006479623410483508,0.0033233940328839173,0.0033859715139417943,0.46165706992588956,6.899150686740306,1.7633507629012481,0.22465938338071365,True
2006-12-13,2007-04-26,90,91,134.0,2007-06-09,44,44.66666666666666,26.8,False,0.012110100829613373,0.013345563331409628,6.237878023972936,-0.20098925711865692,-0.012332067073403221,-0.007496682405330947,0.014431913434791468,0.1,7.221494869993588,-2.5953834545963983,0.19285096781163572,True
2006-11-29,2007-04-26,100,101,148.0,2007-06-12,47,49.333333333333314,29.6,False,0.011768434743981057,0.013988101688657387,6.26505998181671,-0.21780607345740094,0.003020249028759782,-0.014816933866566639,0.015121621387997181,0.1,7.435676460434988,-1.3697134536743807,0.19370959855453945,True
2006-11-15,2007-04-26,110,111,162.0,2007-06-19,54,54.0,32.4,False,0.011787458685058127,0.015422804229966702,6.238820496159386,-0.19943241509557147,-0.013727496328752777,0.0051270340809752915,0.014653690112848814,0.1,8.228764937070492,2.784149577699919,0.1653918438759292,True
2006-11-01,2007-04-26,120,121,176.0,2007-06-23,58,58.66666666666666,35.2,False,0.011525767477119368,0.016074041228331327,6.256604660866125,-0.20977513049339935,-0.006288566961667989,-0.013025388890292646,0.014463983897071417,0.1,8.468657526520365,-2.0205838447337365,0.17125824925712105,True
2006-10-18,2007-04-26,130,131,190.0,2007-06-08,43,63.333333333333314,38.0,False,0.011642309091189585,0.017756180287698233,6.243246106289145,-0.20461151152013574,-0.014073160499444296,0.0004717836295546731,0.014081066232222437,0.1,7.110217072694827,3.108081558975351,0.20436742012938988,True
2006-10-04,2007-04-26,140,141,204.0,2007-05-30,34,68.0,40.800000000000004,False,0.012770521657677896,0.02299515750070005,6.255181811795859,-0.214986967747648,-0.011683559523154908,-0.006917681493589579,0.013577918852970638,0.1,6.0,-2.6070119929223674,0.26389288137066286,True
2006-09-20,2007-04-26,150,151,218.0,2007-06-23,58,72.66666666666663,43.6,False,0.014940580838698586,0.033706364325450794,6.368075132061001,-0.24421000525405046,0.004724973018609052,-0.009700329064973805,0.010789891287467131,0.12813464235776453,6.0,-1.117526644791503,0.4833499684987887,True
2006-09-06,2007-04-26,160,161,232.0,2007-07-12,77,77.33333333333331,46.400000000000006,False,0.015659867255553187,0.039482262236309046,6.276441283633487,-0.11808485641382245,0.006912164251488797,-0.0007425137497365716,0.006951930761170421,0.22474712575198458,6.0,-0.10701095869269807,0.6362556673242402,True
2006-08-23,2007-04-26,170,171,246.0,2007-07-17,82,82.0,49.2,False,0.01527532537122217,0.03990038164863634,6.233858888529669,-0.081336973916615,0.005418284062076912,0.0007188407245802379,0.005465760163478793,0.2725003002823113,6.0,0.13189918094034753,0.6758544451703239,True
2006-08-09,2007-04-26,180,181,260.0,2007-07-21,86,86.66666666666663,52.0,False,0.015097219969399988,0.0412546151956054,6.147576390462167,-0.03193198495164499,0.0026347764303772747,0.0010801683649189382,0.0028475973266322728,0.3931836718488937,6.0,0.38906799716954066,0.734837926655393,True
2006-07-26,2007-04-26,190,191,274.0,2007-07-26,91,91.33333333333331,54.800000000000004,False,0.01486431312488786,0.042201030692870276,6.109992690461293,-0.01609995117551388,0.0013447665761373855,0.0009657436656323867,0.0016556140770135248,0.4905364655135945,6.0,0.6228033747773852,0.7950336226930481,True
2006-07-12,2007-04-26,200,201,288.0,2007-07-31,96,96.0,57.6,False,0.01556232000723365,0.048679346605516496,6.019585609991161,-0.0010354769902281124,8.893517372907946e-05,0.00012474663979156994,0.00015320309809370452,0.9,6.0,0.9514475012713813,1.0138277258545818,True
2007-03-19,2007-05-03,30,31,45.0,2007-05-18,15,15.0,9.0,False,0.005769402961880769,0.0010318663266333163,5.988032050401974,-0.001696416363659705,-0.00011283128475169055,0.0002159988168092709,0.00024369322452978058,0.9,6.0,2.0521793002828734,1.0441917498525246,True
2007-03-05,2007-05-03,40,41,59.0,2007-05-22,19,19.666666666666657,11.8,False,0.009002202636945187,0.0033226257449815375,6.001254355126344,-0.00205351052175185,-0.0002769724744678525,-5.9263488414793396e-05,0.0002832417918880185,0.9,6.0,-2.930802270510425,1.0875039880575177,True
2007-02-19,2007-05-03,50,51,73.0,2007-05-04,1,24.33333333333333,14.600000000000001,False,0.0132298872644687,0.008926525768558105,5.967952432914344,-0.0014718308193187868,0.00026931594768265263,0.0007861703536709652,0.0008310203996697889,0.9,6.0,1.240758700693924,0.2656669114086059,True
2007-02-05,2007-05-03,60,61,87.0,2007-05-04,1,29.0,17.400000000000002,False,0.01230949497495323,0.00924294365884233,5.966385259887113,-0.001377385547344381,0.00022775968825180024,0.0008571123133717986,0.0008868573692122727,0.9,6.0,1.3110694557297442,0.23296624606634436,True
2007-01-22,2007-05-03,70,71,101.0,2007-05-18,15,33.66666666666666,20.200000000000003,False,0.011762882779283522,0.009823944200820703,5.980074724604816,-0.0013517363214550604,-0.0006077071022584635,0.0003542781410198026,0.0007034350882205306,0.9,6.000086408924729,2.613785490057526,0.2882391447392437,True
2007-01-08,2007-05-03,80,81,115.0,2007-05-23,20,38.333333333333314,23.0,False,0.011707360257000926,0.011102045019163589,5.979889629065554,-0.0012170014834660796,-0.0006158289841601016,1.5701341451012254e-05,0.0006160291144540361,0.9,6.0,3.1161019071143503,0.2963337579940511,True
2006-12-19,2007-05-03,90,91,135.0,2007-06-17,45,45.0,27.0,False,0.012246728904726669,0.013648395566793958,6.159196117757928,-0.10505343338348316,0.003440283537426706,-0.00985463530216104,0.01043788234061334,0.1768027906587491,7.4071567644597325,-1.2349207685185022,0.24023453139293052,True
2006-12-05,2007-05-03,100,101,149.0,2007-06-21,49,49.66666666666666,29.8,False,0.012023837245111484,0.014601838871789941,6.327406310915448,-0.2543587596094792,0.012779481613925732,0.006172817377254981,0.014192210000334934,0.1,7.690345205510006,0.44997614711420014,0.2330509270275545,True
2006-11-21,2007-05-03,110,111,163.0,2007-06-26,54,54.333333333333314,32.6,False,0.012045144844892828,0.01610449209112376,6.332450284454956,-0.2562749975881521,-0.013885681950026032,0.0029673498890450296,0.014199201688168751,0.1,8.145377317790748,2.931060788614987,0.221580278129002,True
2006-11-07,2007-05-03,120,121,177.0,2007-07-01,59,59.0,35.4,False,0.01184398813257774,0.016973886641041724,6.303706815756772,-0.23677143285115154,0.013122150691100891,0.0043354060146447975,0.01381978958131338,0.1,8.852785507198945,0.31909775242698973,0.19352983657912565,True
2006-10-24,2007-05-03,130,131,191.0,2007-07-05,63,63.66666666666666,38.2,False,0.01172935825205961,0.018022697695675813,6.3413119192275476,-0.25949907426600743,0.01158492270451943,0.006959175469610963,0.013514457343398022,0.1,8.823700774873858,0.5409411768494569,0.21761379812180684,True
2006-10-10,2007-05-03,140,141,205.0,2007-06-13,41,68.33333333333331,41.0,False,0.01219249436770443,0.020960625565817098,6.304029081373179,-0.24154105800998968,-0.012081798677827237,0.004864025292426868,0.013024154534437782,0.1,6.963284471710442,2.7588545193668645,0.2663344134659601,True
2006-09-26,2007-05-03,150,151,219.0,2007-06-08,36,73.0,43.800000000000004,False,0.013958469504612018,0.02942066950758874,6.176667609443162,-0.12224033737107526,-0.003628200976972744,-0.008637441644361359,0.009368523922638712,0.1626844921712881,6.0,-1.9684711122305194,0.3537840712203875,True
2006-09-12,2007-05-03,160,161,233.0,2007-07-11,69,77.66666666666663,46.6,False,0.015376987043728136,0.03806872861742025,6.142494748416504,-0.04553267179694524,0.003663177613662268,-0.0008344155705047492,0.003757009392260971,0.3239305984440995,6.0,-0.22396331082969642,0.6543070158552815,True
2006-08-29,2007-05-03,170,171,247.0,2007-07-24,82,82.33333333333331,49.400000000000006,False,0.015292228408767232,0.0399887346997102,6.176257960933791,-0.04632552453384001,0.0032956000099448775,0.001288765473409061,0.0035386290948614487,0.3418865671728737,6.0,0.3727726794927003,0.7459609418779459,True
2006-08-15,2007-05-03,180,181,261.0,2007-07-29,87,87.0,52.2,False,0.014922681824894807,0.040306244345315295,6.166393230182844,-0.03676476979212887,0.0024632608589483206,0.001639464260666637,0.0029589689287368363,0.37756513971928535,6.0,0.5872406619926013,0.7818655629501233,True
2006-08-01,2007-05-03,190,191,275.0,2007-08-02,91,91.66666666666663,55.0,False,0.014800748566615774,0.04184087220324617,6.112991152708561,-0.015034912935973943,0.0010038818799664316,0.001106382167269185,0.0014939412066665126,0.5028899194918625,6.0,0.833932275957299,0.8435077768566757,True
2006-07-18,2007-05-03,200,201,289.0,2007-08-07,96,96.33333333333331,57.800000000000004,False,0.015079056368719089,0.04570296613517255,6.061174653225432,-0.00392055657180037,0.00021873136495458457,0.00042872408923183287,0.00048129798950604426,0.7010065841662776,6.0,1.0990288379128872,0.951709762057197,True
2007-03-23,2007-05-09,30,31,47.0,2007-05-15,6,15.666666666666664,9.4,False,0.004516663827111723,0.0006324078159413249,5.978835707942477,-0.0013585983878422409,0.00016486841288506143,0.0002643972468473778,0.0003115886674892274,0.9,6.0,1.0132308299091835,0.6540345636395193,True
2007-03-09,2007-05-09,40,41,61.0,2007-05-29,20,20.33333333333333,12.200000000000001,False,0.008674941949253102,0.0030854393307393597,6.005804150075962,-0.001964725724277838,-0.0001725508446774547,-0.00022265112451448835,0.00028168655851223945,0.9,6.0,-2.2300957973328153,1.0462297533762883,True
2007-02-23,2007-05-09,50,51,75.0,2007-05-18,9,25.0,15.0,False,0.012266727894692988,0.007674103275364392,5.983605078616077,-0.0015558182535487949,-0.0004699939338758892,0.0002794943113661219,0.0005468193193058896,0.9,6.0,2.6050967432721484,0.4267821742811742,True
2007-02-09,2007-05-09,60,61,89.0,2007-05-18,9,29.666666666666657,17.8,False,0.012372459390420561,0.009337742833423961,5.978343463290023,-0.0012989930540225477,-0.0006340326470039849,0.0003594005110255486,0.0007288114466666294,0.9,6.0,2.6259059532075595,0.26735167099057566,True
2007-01-26,2007-05-09,70,71,103.0,2007-05-18,9,34.333333333333314,20.6,False,0.011679353147503763,0.009684917586031528,5.980373067961318,-0.0013781035291834485,-0.0006863300930067262,-0.00018267302708298245,0.0007102242120557996,0.9,6.193543960488779,-2.8814641539458394,0.28196139868309444,True
2007-01-12,2007-05-09,80,81,117.0,2007-05-20,11,39.0,23.400000000000002,False,0.01170452567249726,0.011096669618669942,5.97774533610045,-0.0012337503802289619,-0.0006263331758558638,0.0001941734339820637,0.0006557412368015903,0.9,6.0,2.840972199762308,0.28221887941193974,True
2006-12-27,2007-05-09,90,91,133.0,2007-05-25,16,44.333333333333314,26.6,False,0.01240361697057979,0.014000323969709802,6.001031463867393,-0.006800972172490366,-0.00221307037751493,-0.00037642446497059457,0.002244855423777325,0.5642031727920619,6.0,-2.973113565730317,0.2848832369594213,True
2006-12-11,2007-05-09,100,101,149.0,2007-06-27,49,49.66666666666666,29.8,False,0.012735639657230442,0.016381848265360894,6.291849217504185,-0.1973968597782458,0.01128024848444683,-0.0030184675033201112,0.011677120875432632,0.1327465175488778,7.46137099406728,-0.26146305283195603,0.3007523059830617,True
2006-11-27,2007-05-09,110,111,163.0,2007-07-02,54,54.333333333333314,32.6,False,0.012292181076110706,0.01677184643247625,6.105966633832293,-0.04559420616974356,0.0016368641041909883,0.005462077572523633,0.005702071159136356,0.29238864042344337,7.716536777238924,1.2796350349357128,0.3029807884230117,True
2006-11-13,2007-05-09,120,121,177.0,2007-07-07,59,59.0,35.4,False,0.012733493673795417,0.01961916519801114,6.391354547069461,-0.28928812748343735,0.01033128966348984,-0.0074471925734172426,0.012735628109225431,0.1,8.576135238494764,-0.6245751377719473,0.26486136973513963,True
2006-10-30,2007-05-09,130,131,191.0,2007-07-11,63,63.66666666666666,38.2,False,0.012406015446675632,0.020162107723473224,6.398769729887541,-0.2926525419996216,0.000629866519251082,0.012647893059953945,0.012663567060196928,0.1,8.951083971771205,1.521037320352227,0.2581788220035561,True
2006-10-16,2007-05-09,140,141,205.0,2007-07-16,68,68.33333333333331,41.0,False,0.012268460297069154,0.021222631646567465,6.434025346922888,-0.3134922677451141,-0.0034822449594795954,0.011915580141831594,0.012413987275417695,0.1,8.943814035009927,1.8551215080553538,0.282353240924904,True
2006-10-02,2007-05-09,150,151,219.0,2007-06-11,33,73.0,43.800000000000004,False,0.013492941608363826,0.027490980460254083,6.358674170544167,-0.276583082328837,0.002383586854808304,-0.011841034797532533,0.01207855915955174,0.1,6.105257572950725,-1.3721521716575764,0.3750649581548912,True
2006-09-18,2007-05-09,160,161,233.0,2007-06-22,44,77.66666666666663,46.6,False,0.014964609058623077,0.036054263408665244,6.089781174801445,-0.03825592921555052,0.0017560381006416284,-0.003661522015989657,0.0040608389877563504,0.3154787035745948,6.0,-1.1236076855004589,0.495338155052516,True
2006-09-04,2007-05-09,170,171,247.0,2007-07-21,73,82.33333333333331,49.400000000000006,False,0.015373012020329403,0.040412344256699886,6.083736612013265,-0.014079350615695556,0.0014510071186106597,0.0004124161057332716,0.001508478936719703,0.4923622669214671,6.0,0.27692453154406566,0.765908494221389,True
2006-08-21,2007-05-09,180,181,261.0,2007-07-30,82,87.0,52.2,False,0.014998666821053074,0.04071776116002145,6.108106320638556,-0.016439177359240685,0.0012708696837616497,0.0009642880971972318,0.0015952934800533391,0.4826127665961451,6.0,0.6490854817726026,0.8288711936191401,True
2006-08-07,2007-05-09,190,191,275.0,2007-08-08,91,91.66666666666663,55.0,False,0.014788466069953803,0.041771457182115404,6.1157582292031,-0.014157753809097085,0.0007243441548368339,0.0011497805877969264,0.0013589223137180921,0.5139217001296363,6.0,1.0086205506330728,0.8923709660881329,True
2006-07-24,2007-05-09,200,201,289.0,2007-08-13,96,96.33333333333331,57.800000000000004,False,0.014524980430861159,0.04240598635989683,6.1160608476993605,-0.012251948980363797,0.00043244560844201644,0.0011032477042475332,0.0011849745571902539,0.5392391048412546,6.0,1.197227068656353,0.9292365478290112,True
2007-03-29,2007-05-15,30,31,47.0,2007-05-16,1,15.666666666666664,9.4,False,0.00460784020304692,0.0006581979314412799,5.9729862827044915,-0.0010228200048727862,8.104379942038158e-05,0.00031801398122959494,0.0003281782894738593,0.9,6.113465381432512,1.32126428614502,0.45882219549423375,True
2007-03-15,2007-05-15,40,41,61.0,2007-06-04,20,20.33333333333333,12.200000000000001,False,0.007545574451616421,0.002334363446000344,6.0024835362103035,-0.0016883213112304962,-7.646230574583486e-05,-0.0002630900293726795,0.00027397599850221714,0.9,6.0,-1.853636356998369,0.924344461080685,True
2007-03-01,2007-05-15,50,51,75.0,2007-06-09,25,25.0,15.0,False,0.008680289604788064,0.0038427188087725773,6.008801587840034,-0.0017390418182124474,4.765652461736094e-05,-0.0002789020251159228,0.00028294431245806645,0.9,6.0,-1.4015588622951412,0.9219350283654388,True
2007-02-15,2007-05-15,60,61,89.0,2007-05-17,2,29.666666666666657,17.8,False,0.012438844008645823,0.00943821525655687,5.976064690535747,-0.0012502975970938217,-0.000630352686093789,0.00038501103881351717,0.0007386325262767127,0.9,6.0,2.5932794835597406,0.2539079080492777,True
2007-02-01,2007-05-15,70,71,103.0,2007-05-17,2,34.333333333333314,20.6,False,0.011631881008323285,0.009606346561217225,5.976709404793065,-0.0012874203098627096,-0.0005962274716052492,0.0003998262338896373,0.0007178775767518855,0.9,6.0,2.550876436257026,0.26900554179887776,True
2007-01-18,2007-05-15,80,81,117.0,2007-05-17,2,39.0,23.400000000000002,False,0.011303898194654919,0.01035002726600494,5.976517098452026,-0.0012768252373192368,-0.0005889200349902898,0.00036948314782445736,0.0006952298930132636,0.9,6.0,2.5812757926959056,0.27548266770835134,True
2007-01-04,2007-05-15,90,91,131.0,2007-05-21,6,43.66666666666666,26.200000000000003,False,0.011618786915022963,0.012284655053280502,5.977688840524614,-0.0015292293439570289,-0.0007634018950313441,0.00011853336108918249,0.0007725494230329512,0.841962554926034,6.0,2.9875527642419915,0.2777716236481709,True
2006-12-15,2007-05-15,100,101,151.0,2007-07-04,50,50.333333333333314,30.200000000000003,False,0.012837640183931845,0.016645305554702266,6.1024267227273254,-0.03895532509274011,0.002272297503359884,0.004312851071586791,0.004874835413576841,0.31975018348393547,7.653754972592624,1.0858871082161445,0.3338436525747256,True
2006-12-01,2007-05-15,110,111,165.0,2007-07-09,55,55.0,33.0,False,0.01243027816907618,0.017150811505027917,6.105954675144356,-0.03893550481277985,-0.004282696814152708,0.0021481324234335175,0.004791238348335439,0.32117933318207026,7.9184243642383265,2.6766786057531613,0.3296149134010691,True
2006-11-17,2007-05-15,120,121,179.0,2007-07-13,59,59.66666666666666,35.800000000000004,False,0.01262235798026339,0.019278194438812183,6.4748121311934,-0.33928264488722426,0.011537645288636645,-0.005649890122711398,0.012846731771353802,0.1,8.512279692691228,-0.4553670829668601,0.3102580820563099,True
2006-11-03,2007-05-15,130,131,193.0,2007-05-22,7,64.33333333333331,38.6,False,0.012527975917300515,0.02056047365656448,6.099945544716202,-0.08999166896085913,0.002108644861226773,-0.009908871498767843,0.010130751084192709,0.15597048796287052,6.423015613041017,-1.3611203400686585,0.21570693832850094,True
2006-10-20,2007-05-15,140,141,207.0,2007-07-23,69,69.0,41.400000000000006,False,0.012254637923352065,0.021174837239176666,6.470553528650988,-0.3336481618827451,-0.003709157569698869,-0.011449224231278247,0.01203505651731405,0.1,9.37945441324106,-1.8840925812888127,0.29557181984444564,True
2006-10-06,2007-05-15,150,151,221.0,2007-07-19,65,73.66666666666663,44.2,False,0.012767680494038756,0.024615063444876517,6.485628687305809,-0.3444196533890648,0.011351430407008506,0.0024206122572621594,0.011606650506720925,0.1,8.571270895203805,0.21009611510303547,0.34620696178869553,True
