t2,total_fits,valid_fits,mean_tc,median_tc,mean_rmse,positive_bubble_confidence
2005-02-03,18,0,2005-02-06 01:20:00,2005-02-04 00:00:00,0.007416175379117916,0.0
2005-02-09,18,1,2005-02-15 05:20:00,2005-02-10 00:00:00,0.007579875397509567,0.05555555555555555
2005-02-15,18,3,2005-02-26 08:00:00,2005-02-16 12:00:00,0.007656669842641951,0.16666666666666666
2005-02-21,18,2,2005-03-06 13:20:00,2005-02-28 12:00:00,0.007425211222523033,0.1111111111111111
2005-02-25,18,4,2005-03-12 18:40:00,2005-03-18 00:00:00,0.007724726088605138,0.2222222222222222
2005-03-03,18,4,2005-03-19 12:00:00,2005-03-23 00:00:00,0.007531372167806123,0.2222222222222222
2005-03-09,18,3,2005-04-02 14:40:00,2005-04-05 12:00:00,0.007675988078591983,0.16666666666666666
2005-03-15,18,0,2005-04-26 06:40:00,2005-04-28 00:00:00,0.008204963780776644,0.0
2005-03-21,18,0,2005-05-09 04:00:00,2005-05-14 00:00:00,0.008790362378716672,0.0
2005-03-29,18,0,2005-05-21 20:00:00,2005-05-23 12:00:00,0.008727844279727366,0.0
2005-04-04,18,0,2005-05-29 02:40:00,2005-05-29 12:00:00,0.008640299899215666,0.0
2005-04-08,18,0,2005-05-31 18:40:00,2005-06-01 12:00:00,0.00826411680308979,0.0
2005-04-14,18,0,2005-06-05 06:40:00,2005-06-06 12:00:00,0.008041978823626828,0.0
2005-04-20,18,0,2005-06-08 16:00:00,2005-06-14 12:00:00,0.009162164826902755,0.0
2005-04-26,18,1,2005-06-09 21:20:00,2005-06-11 12:00:00,0.009468166210502305,0.05555555555555555
2005-05-02,18,1,2005-06-10 06:40:00,2005-06-20 00:00:00,0.010190345086395495,0.05555555555555555
2005-05-06,18,0,2005-06-22 04:00:00,2005-06-29 12:00:00,0.010106091258406866,0.0
2005-05-12,18,0,2005-07-02 13:20:00,2005-07-06 12:00:00,0.00965951678949374,0.0
2005-05-18,18,0,2005-07-05 04:00:00,2005-07-12 12:00:00,0.009365423440612378,0.0
2005-05-24,18,0,2005-07-10 09:20:00,2005-07-18 00:00:00,0.009342508316256411,0.0
2005-05-30,18,0,2005-07-18 06:40:00,2005-07-24 00:00:00,0.009211645531505493,0.0
2005-06-03,18,0,2005-07-25 12:00:00,2005-07-27 12:00:00,0.009029245327879245,0.0
2005-06-09,18,0,2005-07-30 06:40:00,2005-08-01 12:00:00,0.008673229608735213,0.0
2005-06-15,18,0,2005-08-03 17:20:00,2005-08-07 12:00:00,0.008369163574494189,0.0
2005-06-21,18,1,2005-08-08 16:00:00,2005-08-13 12:00:00,0.008167808363769683,0.05555555555555555
2005-06-27,18,0,2005-08-12 18:40:00,2005-08-15 12:00:00,0.007976482922797045,0.0
2005-07-01,18,0,2005-08-15 18:40:00,2005-08-20 00:00:00,0.007727812940786667,0.0
2005-07-07,18,0,2005-08-22 08:00:00,2005-08-23 00:00:00,0.007784527827198844,0.0
2005-07-13,18,0,2005-08-27 12:00:00,2005-08-28 12:00:00,0.007671576545613873,0.0
2005-07-19,18,0,2005-09-03 09:20:00,2005-09-11 12:00:00,0.007718417762859733,0.0
2005-07-25,18,0,2005-09-02 17:20:00,2005-09-01 00:00:00,0.007674629845157844,0.0
2005-07-29,18,0,2005-08-17 01:20:00,2005-08-18 12:00:00,0.007578374376697795,0.0
2005-08-04,18,1,2005-08-15 06:40:00,2005-08-18 12:00:00,0.007476359359249838,0.05555555555555555
2005-08-10,18,2,2005-08-19 02:40:00,2005-08-19 12:00:00,0.007361337857387672,0.1111111111111111
2005-08-16,18,1,2005-08-22 04:00:00,2005-08-20 00:00:00,0.007315896953815717,0.05555555555555555
2005-08-22,18,1,2005-09-02 21:20:00,2005-08-30 12:00:00,0.007374487039662939,0.05555555555555555
2005-08-26,18,1,2005-09-15 20:00:00,2005-09-13 12:00:00,0.008335368218624356,0.05555555555555555
2005-09-01,18,0,2005-10-12 21:20:00,2005-10-10 12:00:00,0.00869296069648725,0.0
2005-09-07,18,0,2005-10-18 18:40:00,2005-10-16 12:00:00,0.00833294635026361,0.0
2005-09-13,18,0,2005-10-24 22:40:00,2005-10-24 12:00:00,0.008138525587135955,0.0
2005-09-19,18,0,2005-10-24 05:20:00,2005-10-24 12:00:00,0.00784653329147845,0.0
2005-09-23,18,0,2005-10-25 22:40:00,2005-10-26 12:00:00,0.00786781708234361,0.0
2005-09-29,18,0,2005-10-28 16:00:00,2005-10-27 12:00:00,0.007645365362684011,0.0
2005-10-05,18,0,2005-11-01 22:40:00,2005-11-01 12:00:00,0.0074550670818309605,0.0
2005-10-11,18,3,2005-11-04 21:20:00,2005-11-03 00:00:00,0.008210875941655862,0.16666666666666666
2005-10-17,18,1,2005-11-14 12:00:00,2005-11-13 12:00:00,0.009287592152514073,0.05555555555555555
2005-10-21,18,0,2005-11-22 06:40:00,2005-11-23 00:00:00,0.011076892764306522,0.0
2005-10-27,18,0,2005-12-05 09:20:00,2005-12-08 12:00:00,0.0115327440560085,0.0
2005-11-02,18,0,2005-12-17 17:20:00,2005-12-20 12:00:00,0.011424094542035667,0.0
2005-11-08,18,0,2005-12-27 16:00:00,2005-12-26 12:00:00,0.010995130055665627,0.0
2005-11-14,18,0,2006-01-02 16:00:00,2006-01-04 00:00:00,0.010705829112977183,0.0
2005-11-18,18,0,2006-01-06 20:00:00,2006-01-06 12:00:00,0.010290691999787773,0.0
2005-11-24,18,0,2006-01-11 06:40:00,2006-01-06 12:00:00,0.010360130391836222,0.0
2005-11-30,18,0,2006-01-08 17:20:00,2006-01-06 00:00:00,0.010111948470895528,0.0
2005-12-06,18,0,2006-01-12 18:40:00,2006-01-05 12:00:00,0.010081162837552433,0.0
2005-12-12,18,0,2006-01-13 16:00:00,2005-12-31 12:00:00,0.00993658692252266,0.0
2005-12-16,18,0,2006-01-15 16:00:00,2006-01-01 12:00:00,0.009676321431684788,0.0
2005-12-22,18,0,2006-01-18 22:40:00,2006-01-07 00:00:00,0.00959891126999779,0.0
2005-12-29,18,1,2006-01-26 02:40:00,2006-01-17 12:00:00,0.009330764065945478,0.05555555555555555
2006-01-04,18,1,2006-01-29 12:00:00,2006-01-18 12:00:00,0.009268761832292945,0.05555555555555555
2006-01-10,18,0,2006-02-02 08:00:00,2006-01-23 00:00:00,0.009090061229897584,0.0
2006-01-16,18,0,2006-02-09 20:00:00,2006-01-27 00:00:00,0.00882623744948851,0.0
2006-01-20,18,0,2006-02-18 04:00:00,2006-02-08 12:00:00,0.009359716559474906,0.0
2006-01-26,18,2,2006-03-08 09:20:00,2006-03-01 12:00:00,0.009490761084890055,0.1111111111111111
2006-02-01,18,3,2006-03-06 18:40:00,2006-03-05 12:00:00,0.009327493980561078,0.16666666666666666
2006-02-07,18,3,2006-03-09 22:40:00,2006-03-08 00:00:00,0.009150856534907388,0.16666666666666666
2006-02-13,18,3,2006-03-11 21:20:00,2006-03-03 00:00:00,0.008848455251287078,0.16666666666666666
2006-02-17,18,4,2006-03-08 04:00:00,2006-03-04 00:00:00,0.008720883296967533,0.2222222222222222
2006-02-23,18,4,2006-03-10 02:40:00,2006-03-01 12:00:00,0.008454680266140534,0.2222222222222222
2006-03-01,18,7,2006-03-13 00:00:00,2006-03-05 00:00:00,0.008454987392277367,0.3888888888888889
2006-03-07,18,8,2006-03-24 00:00:00,2006-03-30 00:00:00,0.008763355767072134,0.4444444444444444
2006-03-13,18,6,2006-04-03 04:00:00,2006-04-04 00:00:00,0.008736958313536238,0.3333333333333333
2006-03-17,18,6,2006-04-05 09:20:00,2006-04-06 00:00:00,0.008550979320697073,0.3333333333333333
2006-03-23,18,5,2006-04-13 22:40:00,2006-04-11 12:00:00,0.008390053053114995,0.2777777777777778
2006-03-29,18,5,2006-04-18 17:20:00,2006-04-15 00:00:00,0.00839358256800649,0.2777777777777778
2006-04-04,18,5,2006-04-24 17:20:00,2006-04-25 12:00:00,0.00828198439016471,0.2777777777777778
2006-04-10,18,3,2006-04-25 16:00:00,2006-04-26 00:00:00,0.008066394636336478,0.16666666666666666
2006-04-18,18,4,2006-05-01 13:20:00,2006-04-25 12:00:00,0.00875931012417342,0.2222222222222222
2006-04-24,18,3,2006-05-19 08:00:00,2006-05-04 12:00:00,0.008467383394672545,0.16666666666666666
2006-04-28,18,3,2006-05-26 13:20:00,2006-05-21 12:00:00,0.008543380768321349,0.16666666666666666
2006-05-05,18,1,2006-06-10 21:20:00,2006-06-04 12:00:00,0.008482984314725616,0.05555555555555555
2006-05-11,18,0,2006-06-24 20:00:00,2006-06-25 00:00:00,0.008080109657987633,0.0
2006-05-17,18,0,2006-07-05 14:40:00,2006-07-11 12:00:00,0.011847782191737672,0.0
2006-05-23,18,0,2006-07-13 12:00:00,2006-07-17 12:00:00,0.01618869604125479,0.0
2006-05-29,18,0,2006-07-17 16:00:00,2006-07-18 12:00:00,0.016549173029469857,0.0
2006-06-02,18,0,2006-07-25 17:20:00,2006-07-26 12:00:00,0.01627376416695044,0.0
2006-06-08,18,0,2006-07-31 04:00:00,2006-08-02 00:00:00,0.016603696728707124,0.0
2006-06-14,18,0,2006-08-04 21:20:00,2006-08-08 12:00:00,0.017557075530688512,0.0
2006-06-20,18,0,2006-08-11 21:20:00,2006-08-14 00:00:00,0.01668131566816871,0.0
2006-06-26,18,0,2006-08-18 16:00:00,2006-08-20 00:00:00,0.01594825886363522,0.0
2006-06-30,18,0,2006-08-20 18:40:00,2006-08-23 12:00:00,0.01564774857404359,0.0
2006-07-06,18,0,2006-08-26 10:40:00,2006-08-29 00:00:00,0.015072843754510762,0.0
2006-07-12,18,0,2006-09-03 20:00:00,2006-09-02 00:00:00,0.01384616313580455,0.0
2006-07-18,18,0,2006-09-04 20:00:00,2006-08-20 00:00:00,0.013792722591056565,0.0
2006-07-24,18,0,2006-09-09 22:40:00,2006-09-05 12:00:00,0.013719435262973933,0.0
2006-07-28,18,0,2006-09-13 22:40:00,2006-09-16 00:00:00,0.014023215650626383,0.0
2006-08-03,18,0,2006-09-19 10:40:00,2006-09-26 12:00:00,0.013889103096191199,0.0
2006-08-09,18,0,2006-09-24 21:20:00,2006-10-03 00:00:00,0.013652899040598911,0.0
2006-08-15,18,0,2006-09-29 18:40:00,2006-10-09 00:00:00,0.013617055164903517,0.0
2006-08-21,18,0,2006-10-06 16:00:00,2006-10-15 00:00:00,0.013504998101886217,0.0
2006-08-25,18,0,2006-10-11 06:40:00,2006-10-18 12:00:00,0.013298871048725184,0.0
2006-08-31,18,0,2006-10-17 05:20:00,2006-10-24 12:00:00,0.0131348273094694,0.0
2006-09-06,18,0,2006-10-23 09:20:00,2006-10-31 00:00:00,0.01298732858705741,0.0
2006-09-12,18,0,2006-10-26 17:20:00,2006-11-06 00:00:00,0.013247714041130506,0.0
2006-09-18,18,0,2006-11-02 14:40:00,2006-11-12 00:00:00,0.013097962016332383,0.0
2006-09-22,18,0,2006-11-07 17:20:00,2006-11-15 00:00:00,0.013287433448426356,0.0
2006-09-28,18,0,2006-11-15 04:00:00,2006-11-11 12:00:00,0.013363389374775162,0.0
2006-10-04,18,0,2006-11-16 08:00:00,2006-10-31 00:00:00,0.01325130818512926,0.0
2006-10-10,18,0,2006-11-17 01:20:00,2006-11-03 12:00:00,0.013298760191107933,0.0
2006-10-16,18,0,2006-11-19 08:00:00,2006-11-05 12:00:00,0.013415925415224983,0.0
2006-10-20,18,2,2006-11-20 00:00:00,2006-11-11 00:00:00,0.01332643025066435,0.1111111111111111
2006-10-26,18,1,2006-11-23 16:00:00,2006-11-13 12:00:00,0.01313299804076685,0.05555555555555555
2006-11-01,18,0,2006-12-03 08:00:00,2006-11-30 12:00:00,0.012808015936853316,0.0
2006-11-07,18,0,2006-12-08 22:40:00,2006-12-03 00:00:00,0.012413874520531271,0.0
2006-11-13,18,1,2006-12-12 02:40:00,2006-12-10 12:00:00,0.012212073846168594,0.05555555555555555
2006-11-17,18,1,2006-12-20 22:40:00,2006-12-17 00:00:00,0.011996094160284238,0.05555555555555555
2006-11-23,18,2,2006-12-23 09:20:00,2006-12-14 00:00:00,0.011764330760898632,0.1111111111111111
2006-11-29,18,1,2007-01-07 16:00:00,2007-01-03 12:00:00,0.01286118757469679,0.05555555555555555
2006-12-05,18,0,2007-01-15 17:20:00,2007-01-10 00:00:00,0.012695484662883855,0.0
2006-12-11,18,1,2007-01-31 01:20:00,2007-01-24 00:00:00,0.01180418867928391,0.05555555555555555
2006-12-15,18,0,2007-02-06 05:20:00,2007-02-06 12:00:00,0.011393985618862233,0.0
2006-12-21,18,0,2007-02-09 14:40:00,2007-02-12 12:00:00,0.010952119854867317,0.0
2006-12-29,18,0,2007-02-10 10:40:00,2007-02-10 12:00:00,0.010637214288618522,0.0
2007-01-08,18,0,2007-02-07 05:20:00,2007-02-08 00:00:00,0.010480104053040394,0.0
2007-01-12,18,0,2007-02-11 10:40:00,2007-01-30 00:00:00,0.010143182384896006,0.0
2007-01-18,18,1,2007-02-14 13:20:00,2007-02-01 12:00:00,0.00980416117876364,0.05555555555555555
2007-01-24,18,0,2007-02-15 10:40:00,2007-02-02 00:00:00,0.009348613636275411,0.0
2007-01-30,18,3,2007-02-16 09:20:00,2007-02-03 12:00:00,0.008992500654795822,0.16666666666666666
2007-02-05,18,4,2007-02-21 02:40:00,2007-02-20 00:00:00,0.008770471785018672,0.2222222222222222
2007-02-09,18,4,2007-02-27 21:20:00,2007-02-23 00:00:00,0.008323421437866628,0.2222222222222222
2007-02-15,18,5,2007-03-01 22:40:00,2007-03-01 00:00:00,0.008051582640558805,0.2777777777777778
2007-02-21,18,5,2007-03-06 04:00:00,2007-03-04 12:00:00,0.007754403480498478,0.2777777777777778
2007-02-27,18,4,2007-03-13 05:20:00,2007-03-04 12:00:00,0.008399680287576995,0.2222222222222222
2007-03-05,18,3,2007-04-17 12:00:00,2007-04-21 00:00:00,0.01301336599001955,0.16666666666666666
2007-03-09,18,2,2007-04-23 20:00:00,2007-04-24 12:00:00,0.013350891616287462,0.1111111111111111
2007-03-15,18,0,2007-05-02 12:00:00,2007-05-03 12:00:00,0.014439374787827879,0.0
2007-03-21,18,0,2007-05-09 12:00:00,2007-05-10 00:00:00,0.014337778104790156,0.0
2007-03-27,18,0,2007-05-17 20:00:00,2007-05-19 12:00:00,0.013952772032034301,0.0
2007-04-02,18,0,2007-05-23 05:20:00,2007-05-17 12:00:00,0.013746633617707333,0.0
2007-04-10,18,0,2007-05-30 00:00:00,2007-05-18 12:00:00,0.013631542750398505,0.0
2007-04-16,18,0,2007-06-03 06:40:00,2007-05-22 12:00:00,0.013093585380417506,0.0
2007-04-20,18,0,2007-06-08 05:20:00,2007-06-01 00:00:00,0.012915993065065579,0.0
2007-04-26,18,0,2007-06-12 05:20:00,2007-06-10 12:00:00,0.012701269830266105,0.0
2007-05-03,18,0,2007-06-18 20:00:00,2007-06-19 00:00:00,0.0125162752410523,0.0
2007-05-09,18,0,2007-06-22 00:00:00,2007-06-24 12:00:00,0.01245537527845134,0.0
2007-05-15,18,0,2007-06-20 05:20:00,2007-06-25 00:00:00,0.012080748227821372,0.0
2007-05-22,18,0,2007-06-11 08:00:00,2007-06-12 00:00:00,0.011746318955857073,0.0
2007-05-29,18,0,2007-06-16 20:00:00,2007-06-11 00:00:00,0.011511767604517739,0.0
2007-06-04,18,0,2007-06-16 17:20:00,2007-06-09 12:00:00,0.011166263890709367,0.0
2007-06-08,18,0,2007-06-29 21:20:00,2007-06-27 12:00:00,0.012178881092727066,0.0
2007-06-14,18,0,2007-07-12 20:00:00,2007-07-09 00:00:00,0.012172341656174666,0.0
2007-06-20,18,0,2007-07-10 18:40:00,2007-07-05 12:00:00,0.01187717580940311,0.0
2007-06-26,18,0,2007-07-18 20:00:00,2007-07-11 00:00:00,0.011885283449566932,0.0
2007-07-02,18,0,2007-07-25 09:20:00,2007-07-13 00:00:00,0.011888176152194362,0.0
2007-07-06,18,0,2007-07-25 14:40:00,2007-07-14 12:00:00,0.011656589553325821,0.0
2007-07-12,18,0,2007-08-02 20:00:00,2007-07-16 00:00:00,0.011398926211838294,0.0
2007-07-18,18,0,2007-08-04 16:00:00,2007-07-24 12:00:00,0.011185351970789955,0.0
2007-07-24,18,0,2007-08-13 18:40:00,2007-08-05 00:00:00,0.011483227237555078,0.0
2007-07-30,18,0,2007-08-31 20:00:00,2007-08-21 12:00:00,0.01474716966846593,0.0
2007-08-06,18,0,2007-09-17 18:40:00,2007-09-10 12:00:00,0.016222446222955836,0.0
2007-08-10,18,0,2007-09-29 02:40:00,2007-09-30 12:00:00,0.016854819487909095,0.0
2007-08-16,18,0,2007-10-02 06:40:00,2007-10-11 00:00:00,0.018249225357492245,0.0
2007-08-22,18,0,2007-10-06 00:00:00,2007-10-07 12:00:00,0.017910968711977577,0.0
2007-08-28,18,0,2007-10-17 00:00:00,2007-10-18 12:00:00,0.01713442375728301,0.0
2007-09-03,18,0,2007-10-28 08:00:00,2007-10-29 12:00:00,0.01620269740299396,0.0
2007-09-07,18,0,2007-10-30 22:40:00,2007-11-02 00:00:00,0.015582333838381321,0.0
2007-09-13,18,0,2007-11-05 14:40:00,2007-11-04 00:00:00,0.015193481108669353,0.0
2007-09-19,18,0,2007-11-09 01:20:00,2007-11-09 00:00:00,0.015257465944508612,0.0
2007-09-25,18,0,2007-11-13 18:40:00,2007-11-14 12:00:00,0.015038188098876446,0.0
2007-10-01,18,0,2007-11-17 02:40:00,2007-11-25 00:00:00,0.014873565197654695,0.0
2007-10-05,18,0,2007-11-20 18:40:00,2007-11-28 12:00:00,0.014897764929729433,0.0
2007-10-11,18,0,2007-11-29 06:40:00,2007-12-05 00:00:00,0.01481820682201541,0.0
2007-10-17,18,0,2007-12-05 18:40:00,2007-12-11 12:00:00,0.014338344240537322,0.0
2007-10-23,18,0,2007-12-08 08:00:00,2007-12-14 00:00:00,0.01399003271483474,0.0
2007-10-29,18,0,2007-12-16 21:20:00,2007-12-20 12:00:00,0.013628901699914622,0.0
2007-11-02,18,0,2007-12-22 04:00:00,2007-12-24 12:00:00,0.013346984130267584,0.0
2007-11-08,18,0,2007-12-27 00:00:00,2007-12-28 00:00:00,0.013256915019407355,0.0
2007-11-14,18,0,2007-12-30 12:00:00,2007-12-28 12:00:00,0.013223038330611149,0.0
2007-11-20,18,0,2008-01-06 09:20:00,2008-01-08 00:00:00,0.01373486577537266,0.0
2007-11-26,18,0,2008-01-14 04:00:00,2008-01-19 12:00:00,0.013960974156637471,0.0
2007-11-30,18,0,2008-01-15 14:40:00,2008-01-20 12:00:00,0.013654113256704145,0.0
2007-12-06,18,0,2008-01-18 14:40:00,2008-01-21 00:00:00,0.013321244296910456,0.0
2007-12-12,18,0,2008-01-21 17:20:00,2008-01-22 00:00:00,0.012989137858789211,0.0
2007-12-18,18,0,2008-01-09 12:00:00,2008-01-08 00:00:00,0.012880030677616283,0.0
2007-12-24,18,0,2008-01-10 10:40:00,2008-01-07 12:00:00,0.012944996903664227,0.0
2008-01-03,18,0,2008-01-09 00:00:00,2008-01-08 00:00:00,0.012566370528937866,0.0
2008-01-09,18,0,2008-01-12 01:20:00,2008-01-10 00:00:00,0.012894763978311845,0.0
2008-01-15,18,0,2008-01-29 13:20:00,2008-01-16 00:00:00,0.013748105135301222,0.0
2008-01-21,18,0,2008-01-22 00:00:00,2008-01-22 00:00:00,0.015719817223875745,0.0
2008-01-25,18,0,2008-01-30 09:20:00,2008-01-26 00:00:00,0.018542716877997766,0.0
2008-01-31,18,0,2008-02-09 13:20:00,2008-02-03 00:00:00,0.019355627171388144,0.0
2008-02-06,18,0,2008-02-15 12:00:00,2008-02-11 00:00:00,0.020024518801124155,0.0
2008-02-12,18,0,2008-02-23 20:00:00,2008-02-22 00:00:00,0.020840448443158906,0.0
2008-02-18,18,0,2008-03-22 02:40:00,2008-03-16 00:00:00,0.021270624935962854,0.0
2008-02-22,18,0,2008-04-07 04:00:00,2008-04-02 12:00:00,0.021228636526538083,0.0
2008-02-28,18,0,2008-04-17 21:20:00,2008-04-23 12:00:00,0.021503490304054337,0.0
2008-03-05,18,0,2008-04-23 18:40:00,2008-04-27 00:00:00,0.02100395562851755,0.0
2008-03-11,18,0,2008-04-28 14:40:00,2008-04-24 00:00:00,0.02062085175206964,0.0
2008-03-17,18,0,2008-04-22 17:20:00,2008-04-24 12:00:00,0.020709045600076456,0.0
2008-03-25,18,0,2008-04-27 12:00:00,2008-04-29 00:00:00,0.020367921806471435,0.0
2008-03-31,18,0,2008-05-11 12:00:00,2008-04-30 12:00:00,0.020230408971082123,0.0
2008-04-04,18,0,2008-05-24 22:40:00,2008-05-19 00:00:00,0.021574564333020022,0.0
2008-04-10,18,0,2008-06-04 08:00:00,2008-06-04 12:00:00,0.02222065438881619,0.0
2008-04-16,18,0,2008-06-08 06:40:00,2008-06-08 12:00:00,0.021923399016973506,0.0
2008-04-22,18,0,2008-06-07 00:00:00,2008-06-07 00:00:00,0.022296864367336904,0.0
2008-04-28,18,0,2008-06-11 20:00:00,2008-06-12 00:00:00,0.022174343694636403,0.0
2008-05-05,18,0,2008-06-16 17:20:00,2008-06-23 00:00:00,0.022812284972078836,0.0
2008-05-09,18,0,2008-06-24 01:20:00,2008-07-04 12:00:00,0.02283920003912731,0.0
2008-05-19,18,0,2008-07-07 16:00:00,2008-07-15 12:00:00,0.021726912000380537,0.0
2008-05-23,18,0,2008-07-13 21:20:00,2008-07-19 00:00:00,0.021489211509278412,0.0
2008-05-29,18,0,2008-07-21 09:20:00,2008-07-25 12:00:00,0.02072367713510197,0.0
2008-06-04,18,0,2008-07-27 13:20:00,2008-07-31 12:00:00,0.020033943341349936,0.0
2008-06-10,18,0,2008-08-03 20:00:00,2008-08-06 12:00:00,0.019697337167928212,0.0
2008-06-16,18,0,2008-08-08 17:20:00,2008-08-11 12:00:00,0.019479679104237407,0.0
2008-06-20,18,0,2008-08-11 10:40:00,2008-08-13 12:00:00,0.019013545443119076,0.0
2008-06-26,18,0,2008-08-15 01:20:00,2008-08-20 12:00:00,0.018790002604250226,0.0
2008-07-02,18,0,2008-08-20 22:40:00,2008-08-26 12:00:00,0.018562238444340132,0.0
2008-07-09,18,0,2008-08-28 14:40:00,2008-09-03 00:00:00,0.018021159264837622,0.0
2008-07-15,18,0,2008-09-06 01:20:00,2008-09-09 00:00:00,0.018491742231081295,0.0
2008-07-21,18,0,2008-09-11 00:00:00,2008-09-15 12:00:00,0.01832904171759794,0.0
2008-07-25,18,0,2008-09-11 04:00:00,2008-09-15 00:00:00,0.018435566931906306,0.0
2008-07-31,18,0,2008-09-16 16:00:00,2008-09-18 12:00:00,0.017429783795406256,0.0
2008-08-07,18,0,2008-09-21 01:20:00,2008-09-20 00:00:00,0.017081075007365283,0.0
2008-08-13,18,0,2008-09-29 01:20:00,2008-10-02 00:00:00,0.017253145752190256,0.0
2008-08-19,18,0,2008-10-03 18:40:00,2008-10-07 12:00:00,0.01642475380209092,0.0
2008-08-25,18,0,2008-10-09 13:20:00,2008-10-15 00:00:00,0.016210762184425607,0.0
2008-08-29,18,0,2008-10-19 21:20:00,2008-10-24 12:00:00,0.016505363758806943,0.0
2008-09-04,18,0,2008-10-26 00:00:00,2008-10-30 00:00:00,0.016872094467200206,0.0
2008-09-10,18,0,2008-10-29 21:20:00,2008-11-05 00:00:00,0.017039657164896884,0.0
2008-09-17,18,0,2008-11-07 12:00:00,2008-11-12 00:00:00,0.01745191331207369,0.0
2008-09-23,18,0,2008-11-14 08:00:00,2008-11-17 00:00:00,0.01852160596007045,0.0
2008-09-29,18,0,2008-11-18 14:40:00,2008-11-24 12:00:00,0.01865412740654775,0.0
2008-10-03,18,0,2008-11-23 10:40:00,2008-11-28 00:00:00,0.018958573097874163,0.0
2008-10-09,18,0,2008-11-11 08:00:00,2008-10-14 12:00:00,0.02326306053394906,0.0
2008-10-15,18,0,2008-10-30 13:20:00,2008-10-19 12:00:00,0.02877373821761252,0.0
2008-10-21,18,0,2008-11-10 14:40:00,2008-11-06 12:00:00,0.02983002728546967,0.0
2008-10-28,18,0,2008-11-16 06:40:00,2008-11-01 12:00:00,0.030392257439483275,0.0
2008-11-03,18,0,2008-11-25 05:20:00,2008-11-25 00:00:00,0.0332365351553279,0.0
2008-11-07,18,0,2008-12-14 09:20:00,2008-12-12 00:00:00,0.035195331070068364,0.0
2008-11-13,18,0,2008-12-06 00:00:00,2008-12-11 00:00:00,0.034510277952886644,0.0
2008-11-19,18,0,2008-12-10 08:00:00,2008-12-14 12:00:00,0.03420081557523983,0.0
2008-11-25,18,0,2008-12-12 13:20:00,2008-12-11 00:00:00,0.03461345843907437,0.0
2008-12-01,18,0,2008-12-15 18:40:00,2008-12-14 00:00:00,0.03516986294319358,0.0
2008-12-05,18,0,2008-12-21 17:20:00,2008-12-21 12:00:00,0.034958407075963815,0.0
2008-12-11,18,0,2009-01-02 09:20:00,2008-12-22 00:00:00,0.03747444669158187,0.0
2008-12-17,18,0,2009-01-21 01:20:00,2009-01-26 00:00:00,0.0379755544416657,0.0
2008-12-23,18,0,2009-02-02 08:00:00,2009-02-11 12:00:00,0.03698777565233899,0.0
2008-12-31,18,0,2009-02-14 10:40:00,2009-02-24 12:00:00,0.037843292332412265,0.0
2009-01-08,18,0,2009-02-26 20:00:00,2009-03-05 12:00:00,0.04154979476756521,0.0
2009-01-14,18,0,2009-03-08 05:20:00,2009-03-11 12:00:00,0.041027392868629914,0.0
2009-01-20,18,0,2009-03-16 10:40:00,2009-03-17 12:00:00,0.039680989576190796,0.0
2009-01-26,18,0,2009-03-22 14:40:00,2009-03-23 12:00:00,0.038142423466758175,0.0
2009-01-30,18,0,2009-03-24 08:00:00,2009-03-27 00:00:00,0.0379689261407608,0.0
2009-02-05,18,0,2009-03-26 21:20:00,2009-04-02 00:00:00,0.03833376930645978,0.0
2009-02-11,18,0,2009-03-29 04:00:00,2009-03-12 00:00:00,0.03886242935339888,0.0
2009-02-18,18,0,2009-03-30 00:00:00,2009-03-10 00:00:00,0.037642759984940405,0.0
2009-02-24,18,0,2009-04-06 21:20:00,2009-03-25 00:00:00,0.03686081618936877,0.0
2009-03-02,18,0,2009-04-17 01:20:00,2009-04-27 12:00:00,0.03631997269563973,0.0
2009-03-06,18,0,2009-04-18 02:40:00,2009-05-01 12:00:00,0.035728150189905064,0.0
2009-03-12,18,0,2009-04-27 12:00:00,2009-05-07 00:00:00,0.03549283473004495,0.0
2009-03-18,18,0,2009-05-05 02:40:00,2009-05-01 12:00:00,0.03578428522409682,0.0
2009-03-24,18,0,2009-04-28 10:40:00,2009-04-29 12:00:00,0.03640138659238432,0.0
2009-03-30,18,0,2009-05-07 06:40:00,2009-05-08 00:00:00,0.03547018959347497,0.0
2009-04-03,18,0,2009-05-16 18:40:00,2009-05-20 12:00:00,0.03716869930803666,0.0
2009-04-09,18,0,2009-05-26 10:40:00,2009-06-03 00:00:00,0.037491549350530125,0.0
2009-04-17,18,0,2009-06-08 09:20:00,2009-06-12 12:00:00,0.04017883391626498,0.0
2009-04-23,18,0,2009-06-17 06:40:00,2009-06-18 12:00:00,0.040251869354086214,0.0
2009-04-29,18,0,2009-06-22 04:00:00,2009-06-24 12:00:00,0.04128032767176346,0.0
2009-05-06,18,1,2009-06-27 09:20:00,2009-07-02 12:00:00,0.04312310844655057,0.05555555555555555
2009-05-12,18,1,2009-06-23 16:00:00,2009-06-23 12:00:00,0.04431816460369218,0.05555555555555555
2009-05-18,18,1,2009-07-01 08:00:00,2009-07-04 00:00:00,0.04310031069554101,0.05555555555555555
2009-05-25,18,1,2009-06-28 17:20:00,2009-07-01 00:00:00,0.04256189278245242,0.05555555555555555
2009-05-29,18,1,2009-07-03 14:40:00,2009-06-30 00:00:00,0.04148217300075712,0.05555555555555555
2009-06-05,18,1,2009-07-19 12:00:00,2009-07-27 12:00:00,0.0395421270883766,0.05555555555555555
2009-06-11,18,0,2009-07-31 01:20:00,2009-08-07 00:00:00,0.037276856081093324,0.0
2009-06-17,18,0,2009-08-07 10:40:00,2009-08-13 00:00:00,0.03586762758569006,0.0
2009-06-23,18,0,2009-08-17 21:20:00,2009-08-19 00:00:00,0.03473506347846372,0.0
2009-06-29,18,0,2009-08-25 00:00:00,2009-08-25 00:00:00,0.03253401493842326,0.0
2009-07-03,18,0,2009-08-23 16:00:00,2009-08-22 00:00:00,0.03065670139199748,0.0
2009-07-09,18,0,2009-08-31 21:20:00,2009-09-03 00:00:00,0.029765443261333773,0.0
2009-07-15,18,0,2009-09-05 08:00:00,2009-09-06 00:00:00,0.028074485686870685,0.0
2009-07-21,18,0,2009-09-08 09:20:00,2009-09-09 00:00:00,0.02725410807024979,0.0
2009-07-27,18,0,2009-09-11 12:00:00,2009-09-10 00:00:00,0.025709717491616883,0.0
2009-07-31,18,0,2009-09-11 00:00:00,2009-09-11 00:00:00,0.024497143202920582,0.0
2009-08-06,18,0,2009-09-15 10:40:00,2009-09-15 12:00:00,0.02341074267484882,0.0
2009-08-12,18,0,2009-09-21 10:40:00,2009-09-13 12:00:00,0.022640567512876162,0.0
2009-08-18,18,0,2009-09-25 17:20:00,2009-09-17 00:00:00,0.021876150272269905,0.0
2009-08-24,18,0,2009-09-29 21:20:00,2009-09-16 00:00:00,0.021504164100917295,0.0
2009-08-28,18,0,2009-09-21 10:40:00,2009-09-12 00:00:00,0.02101055216105383,0.0
2009-09-03,18,0,2009-10-02 21:20:00,2009-09-15 00:00:00,0.020995275822469336,0.0
2009-09-10,18,0,2009-09-27 22:40:00,2009-09-18 12:00:00,0.020348229427453228,0.0
2009-09-16,18,0,2009-09-25 18:40:00,2009-09-20 00:00:00,0.019764490439352564,0.0
2009-09-22,18,0,2009-10-03 12:00:00,2009-09-30 00:00:00,0.019274846634971272,0.0
2009-09-28,18,0,2009-10-13 09:20:00,2009-10-10 12:00:00,0.019374594588083556,0.0
2009-10-02,18,0,2009-10-23 17:20:00,2009-10-25 12:00:00,0.02026711524696838,0.0
2009-10-08,18,0,2009-11-01 18:40:00,2009-11-03 12:00:00,0.02020623488301689,0.0
2009-10-14,18,0,2009-11-03 04:00:00,2009-10-28 00:00:00,0.019751459993107824,0.0
2009-10-20,18,0,2009-11-03 10:40:00,2009-11-03 00:00:00,0.01904658279407059,0.0
2009-10-26,18,0,2009-11-09 20:00:00,2009-11-06 12:00:00,0.018649451350158993,0.0
2009-10-30,18,0,2009-11-23 01:20:00,2009-11-20 00:00:00,0.019769724249764625,0.0
2009-11-05,18,0,2009-12-03 01:20:00,2009-11-19 12:00:00,0.020658223708305813,0.0
2009-11-11,18,0,2009-12-14 16:00:00,2009-12-13 12:00:00,0.019946812431760576,0.0
2009-11-17,18,0,2009-12-22 13:20:00,2009-12-26 12:00:00,0.019367387931594728,0.0
2009-11-23,18,0,2009-12-27 05:20:00,2009-12-24 12:00:00,0.01897537691998437,0.0
2009-11-27,18,0,2009-12-29 18:40:00,2009-12-31 12:00:00,0.019247070047063494,0.0
2009-12-03,18,0,2010-01-10 09:20:00,2010-01-10 12:00:00,0.019064245880303574,0.0
2009-12-09,18,0,2010-01-12 02:40:00,2010-01-12 12:00:00,0.01902841372303985,0.0
2009-12-15,18,0,2010-01-17 04:00:00,2010-01-05 12:00:00,0.018473674265143566,0.0
2009-12-21,18,0,2010-01-25 13:20:00,2010-01-10 12:00:00,0.01812290967465845,0.0
2009-12-28,18,0,2010-02-01 00:00:00,2010-01-21 00:00:00,0.01757195000363444,0.0
2010-01-04,18,0,2010-02-11 04:00:00,2010-02-09 00:00:00,0.016863696233958572,0.0
2010-01-08,18,1,2010-02-13 20:00:00,2010-02-06 00:00:00,0.016651004391443895,0.05555555555555555
2010-01-14,18,0,2010-02-28 18:40:00,2010-03-09 12:00:00,0.015999023776759904,0.0
2010-01-20,18,0,2010-03-05 17:20:00,2010-03-10 00:00:00,0.0154585754218717,0.0
2010-01-26,18,0,2010-03-04 05:20:00,2010-03-01 00:00:00,0.01632805465130048,0.0
2010-02-01,18,0,2010-03-09 02:40:00,2010-03-06 12:00:00,0.016224074746339977,0.0
2010-02-05,18,0,2010-03-14 13:20:00,2010-03-15 00:00:00,0.01745575952349214,0.0
2010-02-11,18,0,2010-03-24 06:40:00,2010-03-25 00:00:00,0.0180972482377498,0.0
2010-02-17,18,0,2010-04-03 05:20:00,2010-04-05 00:00:00,0.017819619506008418,0.0
2010-02-23,18,0,2010-04-09 01:20:00,2010-04-11 00:00:00,0.017588550134778013,0.0
2010-03-01,18,0,2010-04-15 22:40:00,2010-04-16 00:00:00,0.01740269521697416,0.0
2010-03-05,18,0,2010-04-20 14:40:00,2010-04-13 00:00:00,0.017456646853799072,0.0
2010-03-11,18,0,2010-04-20 09:20:00,2010-04-17 12:00:00,0.017080427470794215,0.0
2010-03-17,18,0,2010-04-22 12:00:00,2010-04-21 12:00:00,0.016651868389633305,0.0
2010-03-23,18,0,2010-04-30 05:20:00,2010-05-01 00:00:00,0.016181413147783246,0.0
2010-03-29,18,0,2010-05-10 22:40:00,2010-05-12 12:00:00,0.0161302213162434,0.0
2010-04-06,18,0,2010-05-24 01:20:00,2010-05-21 12:00:00,0.015939490037806373,0.0
2010-04-12,18,0,2010-05-08 13:20:00,2010-04-27 12:00:00,0.016007696611135717,0.0
2010-04-16,18,1,2010-05-12 22:40:00,2010-04-26 12:00:00,0.01537388150229345,0.05555555555555555
2010-04-22,18,1,2010-05-25 13:20:00,2010-05-21 00:00:00,0.01520073523461,0.05555555555555555
2010-04-28,18,0,2010-06-06 10:40:00,2010-06-07 00:00:00,0.015635173903901886,0.0
2010-05-04,18,0,2010-06-15 14:40:00,2010-06-15 00:00:00,0.015899909725818777,0.0
2010-05-10,18,0,2010-06-29 01:20:00,2010-06-28 00:00:00,0.01901593056481066,0.0
2010-05-17,18,0,2010-07-08 05:20:00,2010-07-11 12:00:00,0.018559747677129687,0.0
2010-05-21,18,0,2010-07-13 08:00:00,2010-07-15 12:00:00,0.02068703728214281,0.0
2010-05-28,18,0,2010-07-20 20:00:00,2010-07-23 00:00:00,0.021641014400854267,0.0
2010-06-03,18,0,2010-07-28 00:00:00,2010-07-27 00:00:00,0.021601893258549016,0.0
2010-06-09,18,0,2010-08-01 18:40:00,2010-07-29 12:00:00,0.02133513231972608,0.0
2010-06-15,18,0,2010-08-07 00:00:00,2010-08-04 12:00:00,0.02112901926183665,0.0
2010-06-21,18,0,2010-08-10 08:00:00,2010-08-07 12:00:00,0.020496001797805554,0.0
2010-06-25,18,0,2010-08-10 08:00:00,2010-08-02 12:00:00,0.019847088120254833,0.0
2010-07-01,18,0,2010-08-12 10:40:00,2010-07-31 12:00:00,0.019790504019707097,0.0
2010-07-07,18,0,2010-08-10 17:20:00,2010-07-25 00:00:00,0.01922312308855711,0.0
2010-07-13,18,0,2010-08-10 17:20:00,2010-07-25 00:00:00,0.01912363841185201,0.0
2010-07-20,18,0,2010-08-09 05:20:00,2010-07-26 00:00:00,0.018716684079062927,0.0
2010-07-26,18,0,2010-08-08 18:40:00,2010-07-28 00:00:00,0.018827882846820923,0.0
2010-07-30,18,0,2010-08-13 09:20:00,2010-07-31 00:00:00,0.019760645571534834,0.0
2010-08-05,18,0,2010-08-24 04:00:00,2010-08-06 00:00:00,0.020828895221314144,0.0
2010-08-11,18,0,2010-09-03 18:40:00,2010-08-15 12:00:00,0.02120340714359306,0.0
2010-08-17,18,0,2010-09-01 10:40:00,2010-08-18 00:00:00,0.021377773019700657,0.0
2010-08-23,18,0,2010-09-24 22:40:00,2010-09-13 12:00:00,0.021290555289984983,0.0
2010-08-27,18,0,2010-09-30 01:20:00,2010-09-17 00:00:00,0.02126150886552746,0.0
2010-09-02,18,0,2010-10-07 12:00:00,2010-09-27 12:00:00,0.02051747157576702,0.0
2010-09-08,18,0,2010-10-04 02:40:00,2010-09-30 00:00:00,0.02036045811158801,0.0
2010-09-14,18,0,2010-10-06 22:40:00,2010-10-04 00:00:00,0.020407503484832987,0.0
2010-09-20,18,0,2010-10-14 16:00:00,2010-10-07 00:00:00,0.019932976879181382,0.0
2010-09-24,18,0,2010-10-11 05:20:00,2010-10-06 12:00:00,0.019318073247003256,0.0
2010-09-30,18,0,2010-10-20 13:20:00,2010-10-10 12:00:00,0.018876368389331523,0.0
2010-10-06,18,0,2010-10-21 00:00:00,2010-10-17 00:00:00,0.01855164699340183,0.0
2010-10-12,18,0,2010-10-25 21:20:00,2010-10-19 00:00:00,0.018006610488923255,0.0
2010-10-18,18,0,2010-10-31 08:00:00,2010-10-27 00:00:00,0.017325169859996967,0.0
2010-10-22,18,0,2010-11-03 06:40:00,2010-10-29 12:00:00,0.016780180594667744,0.0
2010-10-28,18,0,2010-11-09 06:40:00,2010-11-06 00:00:00,0.01613994510203589,0.0
2010-11-03,18,0,2010-11-12 20:00:00,2010-11-06 12:00:00,0.015587172623473125,0.0
2010-11-09,18,0,2010-11-18 20:00:00,2010-11-14 12:00:00,0.015431457047601535,0.0
2010-11-15,18,0,2010-11-23 05:20:00,2010-11-18 00:00:00,0.014875511592875161,0.0
2010-11-19,18,0,2010-11-28 02:40:00,2010-11-22 00:00:00,0.01482662611266946,0.0
2010-11-25,18,0,2010-12-01 13:20:00,2010-11-28 00:00:00,0.014904119652033967,0.0
2010-12-01,18,0,2010-12-07 10:40:00,2010-12-03 00:00:00,0.015283517448796965,0.0
2010-12-07,18,0,2010-12-15 06:40:00,2010-12-09 00:00:00,0.015054429316311117,0.0
2010-12-13,18,0,2010-12-18 04:00:00,2010-12-14 00:00:00,0.014890330939388245,0.0
2010-12-17,18,1,2010-12-26 20:00:00,2010-12-18 00:00:00,0.014762118009805151,0.05555555555555555
2010-12-23,18,0,2011-01-09 08:00:00,2010-12-28 00:00:00,0.014543078415779195,0.0
2010-12-30,18,1,2011-01-21 06:40:00,2011-01-19 00:00:00,0.014427191177475604,0.05555555555555555
2011-01-06,18,0,2011-02-02 04:00:00,2011-01-27 12:00:00,0.014019808849106249,0.0
2011-01-12,18,4,2011-02-06 05:20:00,2011-02-04 00:00:00,0.01358285211799324,0.2222222222222222
2011-01-18,18,4,2011-02-13 17:20:00,2011-02-11 12:00:00,0.012982316544476956,0.2222222222222222
2011-01-24,18,3,2011-02-18 16:00:00,2011-02-20 00:00:00,0.012608118339332505,0.16666666666666666
2011-01-28,18,0,2011-03-03 17:20:00,2011-02-26 00:00:00,0.0124109553724205,0.0
2011-02-03,18,0,2011-03-09 10:40:00,2011-03-08 12:00:00,0.012101083462380539,0.0
2011-02-09,18,1,2011-03-15 12:00:00,2011-03-03 12:00:00,0.011598698711248067,0.05555555555555555
2011-02-15,18,2,2011-03-22 05:20:00,2011-03-15 12:00:00,0.011120783964250945,0.1111111111111111
2011-02-21,18,2,2011-03-22 08:00:00,2011-03-08 12:00:00,0.010673513752875917,0.1111111111111111
2011-02-25,18,5,2011-03-31 20:00:00,2011-03-28 00:00:00,0.011430575839399278,0.2777777777777778
2011-03-03,18,1,2011-04-18 13:20:00,2011-04-15 12:00:00,0.011478686186732666,0.05555555555555555
2011-03-09,18,1,2011-04-26 04:00:00,2011-04-27 12:00:00,0.011887434694102424,0.05555555555555555
2011-03-15,18,0,2011-05-03 08:00:00,2011-05-08 12:00:00,0.01425775756559975,0.0
2011-03-21,18,0,2011-05-11 05:20:00,2011-05-10 00:00:00,0.01631098993774895,0.0
2011-03-25,18,0,2011-05-17 21:20:00,2011-05-18 00:00:00,0.015552190445049423,0.0
2011-03-31,18,0,2011-05-22 16:00:00,2011-05-24 00:00:00,0.014327868913043138,0.0
2011-04-06,18,0,2011-05-28 09:20:00,2011-05-30 00:00:00,0.013515662810804761,0.0
2011-04-12,18,0,2011-06-02 22:40:00,2011-06-04 00:00:00,0.013056737200619312,0.0
2011-04-18,18,0,2011-06-07 12:00:00,2011-06-04 00:00:00,0.012901597742451856,0.0
2011-04-26,18,0,2011-06-07 20:00:00,2011-06-06 00:00:00,0.012746972481053527,0.0
2011-05-02,18,0,2011-06-11 21:20:00,2011-06-11 00:00:00,0.012547773496168094,0.0
2011-05-06,18,0,2011-06-11 06:40:00,2011-06-09 00:00:00,0.012427645665385139,0.0
2011-05-12,18,0,2011-06-15 22:40:00,2011-06-17 12:00:00,0.012156205046879672,0.0
2011-05-18,18,0,2011-06-20 20:00:00,2011-06-19 00:00:00,0.011982845707565326,0.0
2011-05-24,18,0,2011-06-24 14:40:00,2011-06-23 00:00:00,0.012035212918377673,0.0
2011-06-01,18,0,2011-06-26 06:40:00,2011-06-24 12:00:00,0.011904920151168267,0.0
2011-06-08,18,0,2011-07-06 14:40:00,2011-07-04 12:00:00,0.012604916730453549,0.0
2011-06-15,18,0,2011-07-19 17:20:00,2011-07-17 12:00:00,0.012897602686840783,0.0
2011-06-21,18,0,2011-07-25 20:00:00,2011-07-23 00:00:00,0.013015955887807261,0.0
2011-06-27,18,0,2011-07-24 06:40:00,2011-07-14 00:00:00,0.013095074595734795,0.0
2011-07-01,18,0,2011-08-11 02:40:00,2011-08-11 12:00:00,0.013538799373597117,0.0
2011-07-07,18,0,2011-08-23 02:40:00,2011-08-22 12:00:00,0.013234347828144699,0.0
2011-07-13,18,0,2011-08-25 21:20:00,2011-08-28 00:00:00,0.012706762908171543,0.0
2011-07-19,18,0,2011-08-22 09:20:00,2011-08-19 00:00:00,0.012478272518636955,0.0
2011-07-25,18,0,2011-08-25 02:40:00,2011-08-11 00:00:00,0.012563091565986118,0.0
2011-07-29,18,0,2011-08-25 01:20:00,2011-08-10 00:00:00,0.012205774316171033,0.0
2011-08-05,18,0,2011-08-09 04:00:00,2011-08-06 00:00:00,0.015451546530011228,0.0
2011-08-11,18,0,2011-08-15 16:00:00,2011-08-12 00:00:00,0.020834213574303928,0.0
2011-08-17,18,0,2011-08-26 06:40:00,2011-08-18 00:00:00,0.022123181809803917,0.0
2011-08-23,18,0,2011-09-01 00:00:00,2011-08-25 00:00:00,0.023676926155473108,0.0
2011-08-29,18,0,2011-09-07 06:40:00,2011-08-31 00:00:00,0.02419747925497097,0.0
2011-09-02,18,0,2011-10-06 12:00:00,2011-09-30 12:00:00,0.02519476993351134,0.0
2011-09-08,18,0,2011-10-20 18:40:00,2011-10-12 12:00:00,0.024780130001606566,0.0
2011-09-14,18,0,2011-10-30 16:00:00,2011-10-20 12:00:00,0.02418213284416841,0.0
2011-09-20,18,0,2011-11-09 08:00:00,2011-11-08 00:00:00,0.02400200161625985,0.0
2011-09-26,18,0,2011-11-15 02:40:00,2011-11-11 12:00:00,0.023864338862409788,0.0
2011-09-30,18,0,2011-11-14 14:40:00,2011-11-22 12:00:00,0.024300946334331,0.0
2011-10-06,18,0,2011-11-19 06:40:00,2011-12-01 00:00:00,0.024688324974943752,0.0
2011-10-12,18,0,2011-11-29 21:20:00,2011-12-07 00:00:00,0.027002077899577207,0.0
2011-10-18,18,0,2011-12-09 18:40:00,2011-12-12 12:00:00,0.027035352768744154,0.0
2011-10-24,18,0,2011-12-18 10:40:00,2011-12-18 12:00:00,0.026777833056514322,0.0
2011-10-28,18,0,2011-12-20 06:40:00,2011-12-22 12:00:00,0.027389926887919906,0.0
2011-11-03,18,0,2011-12-27 05:20:00,2011-12-28 12:00:00,0.02676717931773236,0.0
2011-11-09,18,0,2012-01-02 10:40:00,2012-01-03 00:00:00,0.02531124861047115,0.0
2011-11-15,18,0,2012-01-06 20:00:00,2012-01-09 00:00:00,0.024752710710676327,0.0
2011-11-21,18,0,2012-01-10 20:00:00,2012-01-14 12:00:00,0.02397848915580643,0.0
2011-11-28,18,0,2012-01-16 00:00:00,2012-01-21 12:00:00,0.023871821087621436,0.0
2011-12-02,18,0,2012-01-15 04:00:00,2012-01-01 12:00:00,0.024801966569911522,0.0
2011-12-08,18,0,2012-01-18 02:40:00,2011-12-30 12:00:00,0.024730679475551517,0.0
2011-12-14,18,0,2012-01-18 14:40:00,2011-12-31 00:00:00,0.02415057148954293,0.0
2011-12-20,18,0,2012-01-21 02:40:00,2011-12-31 00:00:00,0.023640997168528487,0.0
2011-12-27,18,0,2012-01-20 00:00:00,2011-12-30 00:00:00,0.023321532091788347,0.0
2012-01-03,18,0,2012-01-22 06:40:00,2012-01-04 00:00:00,0.023817865261736612,0.0
2012-01-09,18,0,2012-01-27 13:20:00,2012-01-10 12:00:00,0.02412097988168451,0.0
2012-01-13,18,0,2012-01-27 14:40:00,2012-01-14 00:00:00,0.02421583949447581,0.0
2012-01-19,18,0,2012-01-31 22:40:00,2012-01-20 00:00:00,0.02458448308240273,0.0
2012-01-25,18,0,2012-02-03 06:40:00,2012-01-26 00:00:00,0.025190741233550196,0.0
2012-01-31,18,0,2012-02-16 13:20:00,2012-02-02 00:00:00,0.025310070360145407,0.0
2012-02-06,18,0,2012-02-21 02:40:00,2012-02-07 00:00:00,0.025263679817778623,0.0
2012-02-10,18,0,2012-02-23 08:00:00,2012-02-11 00:00:00,0.02501721972188971,0.0
2012-02-16,18,0,2012-03-04 16:00:00,2012-02-21 12:00:00,0.024542667520415205,0.0
2012-02-23,18,2,2012-03-11 09:20:00,2012-02-26 12:00:00,0.0245225326528314,0.1111111111111111
2012-02-29,18,2,2012-03-19 14:40:00,2012-03-08 00:00:00,0.02396403479695406,0.1111111111111111
2012-03-06,18,0,2012-04-02 09:20:00,2012-03-28 00:00:00,0.02365967948027624,0.0
2012-03-12,18,0,2012-04-14 00:00:00,2012-04-12 12:00:00,0.022614647265208274,0.0
2012-03-16,18,0,2012-04-16 01:20:00,2012-04-16 00:00:00,0.021638156122592248,0.0
2012-03-22,18,0,2012-04-19 09:20:00,2012-04-21 00:00:00,0.021079071809485164,0.0
2012-03-28,18,0,2012-04-29 13:20:00,2012-04-29 12:00:00,0.02071806484320533,0.0
2012-04-03,18,0,2012-05-16 18:40:00,2012-05-14 12:00:00,0.0200749503179238,0.0
2012-04-11,18,0,2012-05-29 13:20:00,2012-06-01 12:00:00,0.021239660343565597,0.0
2012-04-17,18,0,2012-06-11 13:20:00,2012-06-12 00:00:00,0.020513801494944084,0.0
2012-04-23,18,0,2012-06-17 01:20:00,2012-06-18 12:00:00,0.019573551992249576,0.0
2012-04-27,18,0,2012-06-21 06:40:00,2012-06-22 00:00:00,0.01856175263804378,0.0
2012-05-04,18,0,2012-06-28 06:40:00,2012-06-29 12:00:00,0.017339247450940867,0.0
2012-05-10,18,0,2012-07-03 02:40:00,2012-07-05 12:00:00,0.0171026978937511,0.0
2012-05-16,18,0,2012-07-07 04:00:00,2012-07-11 12:00:00,0.01709869867878811,0.0
2012-05-23,18,0,2012-07-10 16:00:00,2012-07-18 12:00:00,0.018033001926933613,0.0
2012-05-30,18,0,2012-07-19 06:40:00,2012-07-26 12:00:00,0.017393514821626033,0.0
2012-06-05,18,0,2012-07-22 05:20:00,2012-08-01 12:00:00,0.017605779129413995,0.0
2012-06-11,18,0,2012-07-26 22:40:00,2012-08-07 12:00:00,0.017389587525390483,0.0
2012-06-15,18,0,2012-08-05 01:20:00,2012-08-10 12:00:00,0.017061002744571438,0.0
2012-06-21,18,0,2012-08-12 10:40:00,2012-08-16 12:00:00,0.016589492398576045,0.0
2012-06-27,18,0,2012-08-20 21:20:00,2012-08-22 00:00:00,0.015322038582818434,0.0
2012-07-03,18,0,2012-08-27 13:20:00,2012-08-28 00:00:00,0.01562789194673285,0.0
2012-07-09,18,0,2012-09-02 14:40:00,2012-09-03 12:00:00,0.015283388272780961,0.0
2012-07-13,18,0,2012-09-04 22:40:00,2012-09-07 00:00:00,0.014657709101670377,0.0
2012-07-19,18,0,2012-09-09 18:40:00,2012-09-13 00:00:00,0.014179234139276905,0.0
2012-07-25,18,0,2012-09-11 00:00:00,2012-09-17 12:00:00,0.013983251394620845,0.0
2012-07-31,18,0,2012-09-21 06:40:00,2012-09-24 12:00:00,0.014231812230003733,0.0
2012-08-07,18,0,2012-09-27 10:40:00,2012-10-02 12:00:00,0.014793929908755629,0.0
2012-08-13,18,0,2012-10-01 16:00:00,2012-10-08 12:00:00,0.015235519505261943,0.0
2012-08-17,18,0,2012-10-02 09:20:00,2012-10-12 00:00:00,0.01518278804103094,0.0
2012-08-23,18,0,2012-10-13 06:40:00,2012-10-18 00:00:00,0.014916117663731755,0.0
2012-08-29,18,0,2012-10-20 12:00:00,2012-10-24 00:00:00,0.014545143710314472,0.0
2012-09-04,18,0,2012-10-23 18:40:00,2012-10-30 00:00:00,0.014456821392852929,0.0
2012-09-10,18,0,2012-11-02 12:00:00,2012-11-05 12:00:00,0.013983775962944216,0.0
2012-09-14,18,0,2012-11-03 20:00:00,2012-11-01 00:00:00,0.014103239454056051,0.0
2012-09-20,18,0,2012-11-08 08:00:00,2012-10-27 00:00:00,0.014098953587492266,0.0
2012-09-26,18,0,2012-11-10 18:40:00,2012-10-27 00:00:00,0.013939164686225105,0.0
2012-10-02,18,0,2012-11-17 08:00:00,2012-11-11 00:00:00,0.014005667893906322,0.0
2012-10-08,18,0,2012-11-21 02:40:00,2012-11-13 00:00:00,0.013720449090340477,0.0
2012-10-12,18,0,2012-11-24 10:40:00,2012-11-25 12:00:00,0.013774077036216633,0.0
2012-10-18,18,0,2012-11-24 12:00:00,2012-12-02 00:00:00,0.013679894158740944,0.0
2012-10-24,18,0,2012-11-29 17:20:00,2012-12-09 12:00:00,0.013511660595298482,0.0
2012-10-30,18,0,2012-12-08 01:20:00,2012-12-18 12:00:00,0.01349364676276885,0.0
2012-11-05,18,0,2012-12-12 17:20:00,2012-12-22 00:00:00,0.012985793233242216,0.0
2012-11-09,18,0,2012-12-19 05:20:00,2012-12-29 00:00:00,0.012817995676858167,0.0
2012-11-15,18,0,2012-12-28 00:00:00,2013-01-07 12:00:00,0.013214102355971794,0.0
2012-11-21,18,0,2013-01-04 20:00:00,2013-01-13 12:00:00,0.013357976321193584,0.0
2012-11-27,18,0,2013-01-11 02:40:00,2013-01-19 12:00:00,0.013206440890410833,0.0
2012-12-03,18,0,2013-01-21 12:00:00,2013-01-26 12:00:00,0.01267802099195156,0.0
2012-12-07,18,0,2013-01-27 01:20:00,2013-01-29 12:00:00,0.012397965051878462,0.0
2012-12-13,18,0,2013-02-01 05:20:00,2013-02-04 12:00:00,0.011917674957853057,0.0
2012-12-19,18,0,2013-02-06 12:00:00,2013-02-10 12:00:00,0.011296045274954349,0.0
2012-12-28,18,0,2013-02-13 00:00:00,2013-02-13 12:00:00,0.011101289180291367,0.0
2013-01-08,18,0,2013-02-26 00:00:00,2013-03-05 00:00:00,0.01062443495409706,0.0
2013-01-14,18,0,2013-03-01 14:40:00,2013-03-07 12:00:00,0.010288378713078139,0.0
2013-01-18,18,0,2013-03-06 10:40:00,2013-03-09 00:00:00,0.009958623463967066,0.0
2013-01-24,18,0,2013-03-10 08:00:00,2013-03-13 12:00:00,0.009551996006318762,0.0
2013-01-30,18,0,2013-03-14 00:00:00,2013-03-10 12:00:00,0.009390988529576856,0.0
2013-02-05,18,0,2013-03-23 01:20:00,2013-03-27 12:00:00,0.009453690165275011,0.0
2013-02-11,18,0,2013-03-31 09:20:00,2013-04-04 00:00:00,0.009526297655557167,0.0
2013-02-15,18,0,2013-04-05 04:00:00,2013-04-07 00:00:00,0.008932684095133222,0.0
2013-02-21,18,0,2013-04-14 05:20:00,2013-04-17 00:00:00,0.008628161367957222,0.0
2013-02-27,18,0,2013-04-21 06:40:00,2013-04-23 12:00:00,0.008631165857092738,0.0
2013-03-05,18,0,2013-04-25 05:20:00,2013-04-29 00:00:00,0.008285561677226456,0.0
2013-03-11,18,0,2013-05-02 02:40:00,2013-05-04 12:00:00,0.00819484975025194,0.0
2013-03-15,18,0,2013-05-04 22:40:00,2013-05-08 12:00:00,0.007943233193984944,0.0
2013-03-21,18,0,2013-05-07 05:20:00,2013-05-10 12:00:00,0.00765932548712495,0.0
2013-03-27,18,0,2013-05-03 22:40:00,2013-04-27 12:00:00,0.007567007517263056,0.0
2013-04-04,18,0,2013-05-09 22:40:00,2013-05-09 00:00:00,0.007463194443535912,0.0
2013-04-10,18,0,2013-05-25 06:40:00,2013-05-26 12:00:00,0.00857986590303325,0.0
2013-04-16,18,0,2013-06-04 10:40:00,2013-06-10 12:00:00,0.00877603303946875,0.0
2013-04-22,18,0,2013-06-13 00:00:00,2013-06-18 12:00:00,0.010305014383513784,0.0
2013-04-26,18,0,2013-06-16 21:20:00,2013-06-21 12:00:00,0.010537584803990366,0.0
2013-05-03,18,0,2013-06-22 01:20:00,2013-06-29 00:00:00,0.010188893582217794,0.0
2013-05-10,18,0,2013-06-28 16:00:00,2013-07-07 00:00:00,0.010270504610800845,0.0
2013-05-16,18,0,2013-07-02 14:40:00,2013-07-13 00:00:00,0.010539714659267284,0.0
2013-05-23,18,0,2013-07-02 22:40:00,2013-07-08 00:00:00,0.010690397167814622,0.0
2013-05-29,18,0,2013-07-08 20:00:00,2013-07-10 00:00:00,0.01080060739177184,0.0
2013-06-04,18,0,2013-07-13 08:00:00,2013-07-18 00:00:00,0.010950543896659322,0.0
2013-06-10,18,0,2013-07-12 18:40:00,2013-07-09 12:00:00,0.01172172595731066,0.0
2013-06-14,18,0,2013-07-25 06:40:00,2013-07-29 12:00:00,0.012898749144566594,0.0
2013-06-20,18,0,2013-08-07 20:00:00,2013-08-12 00:00:00,0.013690952892126872,0.0
2013-06-26,18,0,2013-08-17 10:40:00,2013-08-17 00:00:00,0.01638706385106111,0.0
2013-07-02,18,0,2013-08-27 05:20:00,2013-08-26 12:00:00,0.01620896485408119,0.0
2013-07-08,18,0,2013-09-01 16:00:00,2013-09-01 12:00:00,0.01600141764654861,0.0
2013-07-12,18,0,2013-09-03 16:00:00,2013-08-30 00:00:00,0.015573190456271983,0.0
2013-07-18,18,0,2013-09-08 00:00:00,2013-08-30 12:00:00,0.01501288839487739,0.0
2013-07-24,18,0,2013-09-11 17:20:00,2013-09-04 12:00:00,0.01478252025044143,0.0
2013-07-30,18,0,2013-09-16 20:00:00,2013-09-06 12:00:00,0.014432031796215224,0.0
2013-08-06,18,0,2013-09-22 22:40:00,2013-09-17 00:00:00,0.01466039902676101,0.0
2013-08-12,18,0,2013-09-23 06:40:00,2013-09-24 12:00:00,0.014618152613004661,0.0
2013-08-16,18,0,2013-09-24 04:00:00,2013-09-27 12:00:00,0.014347233482420944,0.0
2013-08-22,18,0,2013-09-30 14:40:00,2013-10-04 00:00:00,0.014411780259693188,0.0
2013-08-28,18,0,2013-10-05 02:40:00,2013-10-05 00:00:00,0.014481959815779984,0.0
2013-09-03,18,0,2013-10-14 14:40:00,2013-10-09 12:00:00,0.014033101771818855,0.0
2013-09-09,18,0,2013-10-07 17:20:00,2013-10-04 00:00:00,0.013489317043110644,0.0
2013-09-13,18,0,2013-10-06 09:20:00,2013-10-03 00:00:00,0.012982502597830407,0.0
2013-09-19,18,0,2013-10-15 13:20:00,2013-10-11 00:00:00,0.012696499668945494,0.0
2013-09-25,18,0,2013-10-17 21:20:00,2013-10-09 00:00:00,0.012414494661498195,0.0
2013-10-01,18,0,2013-10-22 16:00:00,2013-10-20 12:00:00,0.012138513703697134,0.0
2013-10-07,18,0,2013-10-31 02:40:00,2013-11-01 00:00:00,0.012052357452324178,0.0
2013-10-11,18,0,2013-11-10 01:20:00,2013-11-14 00:00:00,0.012024195391383061,0.0
2013-10-17,18,0,2013-11-17 13:20:00,2013-11-19 00:00:00,0.011522588892762605,0.0
2013-10-23,18,0,2013-11-23 05:20:00,2013-11-25 00:00:00,0.01112072368293509,0.0
2013-10-29,18,0,2013-11-26 06:40:00,2013-12-01 12:00:00,0.010941103996566523,0.0
2013-11-04,18,0,2013-11-23 02:40:00,2013-11-22 00:00:00,0.010685610830161344,0.0
2013-11-08,18,0,2013-11-23 17:20:00,2013-11-21 00:00:00,0.010281988293467572,0.0
2013-11-14,18,0,2013-11-26 08:00:00,2013-11-24 00:00:00,0.010261165346942283,0.0
2013-11-20,18,0,2013-11-28 09:20:00,2013-11-30 12:00:00,0.010005701770516316,0.0
2013-11-26,18,0,2013-12-02 12:00:00,2013-12-03 00:00:00,0.00978795011831351,0.0
2013-12-02,18,0,2013-12-05 06:40:00,2013-12-03 00:00:00,0.009486819463964201,0.0
2013-12-06,18,0,2013-12-21 17:20:00,2013-12-08 12:00:00,0.011142921089251571,0.0
2013-12-12,18,0,2014-01-02 13:20:00,2013-12-21 00:00:00,0.012465144579003972,0.0
2013-12-18,18,0,2014-01-20 08:00:00,2014-01-17 00:00:00,0.013018079978956938,0.0
2013-12-27,18,0,2014-02-13 17:20:00,2014-02-14 12:00:00,0.01275857958774564,0.0
2014-01-07,18,0,2014-02-21 08:00:00,2014-02-16 12:00:00,0.01247080446086434,0.0
2014-01-13,18,0,2014-02-22 08:00:00,2014-02-19 12:00:00,0.012102047284914711,0.0
2014-01-17,18,0,2014-02-22 04:00:00,2014-02-21 00:00:00,0.01186441822630094,0.0
2014-01-23,18,0,2014-02-22 09:20:00,2014-02-24 12:00:00,0.011587879408295256,0.0
2014-01-29,18,0,2014-03-02 08:00:00,2014-03-01 00:00:00,0.012611859601174889,0.0
2014-02-04,18,0,2014-03-07 00:00:00,2014-03-06 12:00:00,0.012840748155233329,0.0
2014-02-10,18,0,2014-03-11 14:40:00,2014-03-08 00:00:00,0.012239952469023872,0.0
2014-02-14,18,0,2014-03-14 05:20:00,2014-03-08 12:00:00,0.011773836707257707,0.0
2014-02-21,18,0,2014-03-17 05:20:00,2014-03-13 00:00:00,0.011432848371472189,0.0
2014-02-27,18,0,2014-03-24 04:00:00,2014-03-26 00:00:00,0.011357338206137126,0.0
2014-03-05,18,0,2014-03-26 22:40:00,2014-03-25 12:00:00,0.011239272423846855,0.0
2014-03-11,18,0,2014-04-11 05:20:00,2014-04-11 12:00:00,0.011122554292262101,0.0
2014-03-17,18,1,2014-04-20 04:00:00,2014-04-26 12:00:00,0.012143531729687145,0.05555555555555555
2014-03-21,18,0,2014-04-23 21:20:00,2014-04-29 00:00:00,0.012171125995671182,0.0
2014-03-27,18,0,2014-04-28 01:20:00,2014-04-30 12:00:00,0.012358152524851961,0.0
2014-04-02,18,0,2014-05-01 02:40:00,2014-05-02 12:00:00,0.01200307070658669,0.0
2014-04-08,18,0,2014-05-02 13:20:00,2014-05-01 00:00:00,0.0115657937859252,0.0
2014-04-14,18,0,2014-05-05 18:40:00,2014-05-05 12:00:00,0.011373325224764249,0.0
2014-04-22,18,0,2014-05-08 21:20:00,2014-05-07 12:00:00,0.011115166970593539,0.0
2014-04-28,18,0,2014-05-11 12:00:00,2014-05-09 00:00:00,0.010743049986757467,0.0
2014-05-05,18,0,2014-05-12 18:40:00,2014-05-12 00:00:00,0.010462550222839671,0.0
2014-05-09,18,0,2014-05-15 00:00:00,2014-05-14 12:00:00,0.010086393077860762,0.0
2014-05-15,18,0,2014-05-17 06:40:00,2014-05-17 00:00:00,0.010099124598208994,0.0
2014-05-21,18,0,2014-05-24 13:20:00,2014-05-22 00:00:00,0.010183444273832717,0.0
2014-05-27,18,0,2014-06-03 22:40:00,2014-05-28 00:00:00,0.01058963604688185,0.0
2014-06-03,18,0,2014-07-01 04:00:00,2014-06-14 12:00:00,0.011125099075477029,0.0
2014-06-10,18,0,2014-07-03 12:00:00,2014-06-11 12:00:00,0.011145148172560316,0.0
2014-06-16,18,1,2014-07-12 08:00:00,2014-06-21 00:00:00,0.011350633352439765,0.05555555555555555
2014-06-20,18,0,2014-07-16 21:20:00,2014-07-03 00:00:00,0.010955241358121216,0.0
2014-06-26,18,1,2014-08-09 10:40:00,2014-08-17 00:00:00,0.011174318019126361,0.05555555555555555
2014-07-02,18,2,2014-08-18 02:40:00,2014-08-21 12:00:00,0.010956793770414332,0.1111111111111111
2014-07-08,18,2,2014-08-23 20:00:00,2014-08-27 00:00:00,0.010670012235405183,0.1111111111111111
2014-07-14,18,0,2014-09-05 20:00:00,2014-09-06 12:00:00,0.011251817947087323,0.0
2014-07-18,18,0,2014-09-08 21:20:00,2014-09-07 12:00:00,0.010924843543853695,0.0
2014-07-24,18,0,2014-09-15 01:20:00,2014-09-12 00:00:00,0.010693252375085227,0.0
2014-07-30,18,0,2014-09-22 16:00:00,2014-09-22 00:00:00,0.010480615989974566,0.0
2014-08-06,18,0,2014-09-27 18:40:00,2014-10-01 12:00:00,0.011500730824828711,0.0
2014-08-12,18,0,2014-09-26 12:00:00,2014-10-03 00:00:00,0.012619300269109584,0.0
2014-08-18,18,0,2014-09-30 16:00:00,2014-10-07 00:00:00,0.01220053740342415,0.0
2014-08-22,18,0,2014-10-12 10:40:00,2014-10-14 12:00:00,0.01187778010220266,0.0
2014-08-28,18,0,2014-10-19 16:00:00,2014-10-18 12:00:00,0.0117268127508703,0.0
2014-09-03,18,0,2014-10-24 20:00:00,2014-10-22 00:00:00,0.010972573974521789,0.0
2014-09-09,18,0,2014-10-27 00:00:00,2014-10-23 12:00:00,0.010811050276114717,0.0
2014-09-15,18,0,2014-10-28 01:20:00,2014-10-21 00:00:00,0.010333125830648144,0.0
2014-09-19,18,0,2014-10-31 10:40:00,2014-10-28 12:00:00,0.010093739466629267,0.0
2014-09-25,18,0,2014-11-03 00:00:00,2014-11-04 00:00:00,0.010104554674088256,0.0
2014-10-01,18,0,2014-11-05 21:20:00,2014-11-03 00:00:00,0.009800936995848771,0.0
2014-10-07,18,0,2014-11-11 04:00:00,2014-11-12 12:00:00,0.010310428431637646,0.0
2014-10-13,18,0,2014-11-20 06:40:00,2014-11-18 00:00:00,0.0112530781354068,0.0
2014-10-17,18,0,2014-11-27 14:40:00,2014-11-25 00:00:00,0.013398377166515601,0.0
2014-10-23,18,0,2014-12-04 16:00:00,2014-11-28 00:00:00,0.013008762685270188,0.0
2014-10-29,18,0,2014-12-11 01:20:00,2014-12-06 00:00:00,0.012774949924652121,0.0
2014-11-04,18,0,2014-12-15 14:40:00,2014-12-06 00:00:00,0.012606165661236584,0.0
2014-11-10,18,0,2014-12-22 21:20:00,2014-12-20 00:00:00,0.012614009650754035,0.0
2014-11-14,18,0,2014-12-28 02:40:00,2014-12-29 12:00:00,0.012548151133771439,0.0
2014-11-20,18,0,2015-01-06 14:40:00,2015-01-08 00:00:00,0.012967463137488255,0.0
2014-11-26,18,0,2015-01-16 05:20:00,2015-01-18 12:00:00,0.014380160058289349,0.0
2014-12-02,18,0,2015-01-12 17:20:00,2015-01-05 12:00:00,0.015040935715090995,0.0
2014-12-08,18,0,2015-01-09 21:20:00,2015-01-05 00:00:00,0.015558582654433844,0.0
2014-12-12,18,0,2015-01-14 02:40:00,2015-01-09 00:00:00,0.01613059339793662,0.0
2014-12-18,18,0,2015-01-25 20:00:00,2015-01-15 00:00:00,0.016163844203210716,0.0
2014-12-30,18,0,2015-02-03 05:20:00,2015-01-31 00:00:00,0.01572370834044393,0.0
2015-01-08,18,0,2015-01-27 16:00:00,2015-01-18 12:00:00,0.015674030691072517,0.0
2015-01-14,18,0,2015-01-29 09:20:00,2015-01-21 12:00:00,0.015587970569952299,0.0
2015-01-20,18,0,2015-02-08 08:00:00,2015-02-09 00:00:00,0.01634321097964685,0.0
2015-01-26,18,0,2015-02-17 02:40:00,2015-02-25 12:00:00,0.018532375841838443,0.0
2015-01-30,18,0,2015-02-18 05:20:00,2015-02-22 12:00:00,0.019140906720438042,0.0
2015-02-05,18,0,2015-02-20 12:00:00,2015-02-17 00:00:00,0.018969702659899477,0.0
2015-02-11,18,0,2015-02-21 01:20:00,2015-02-12 12:00:00,0.019079094177322137,0.0
2015-02-17,18,0,2015-02-28 17:20:00,2015-02-24 00:00:00,0.01912247018428065,0.0
2015-02-23,18,0,2015-03-06 01:20:00,2015-02-24 00:00:00,0.018744045104765593,0.0
2015-02-27,18,0,2015-03-11 08:00:00,2015-03-04 12:00:00,0.01856515202545795,0.0
2015-03-05,18,0,2015-03-20 10:40:00,2015-03-08 12:00:00,0.018300998875363947,0.0
2015-03-11,18,1,2015-04-01 12:00:00,2015-03-18 00:00:00,0.01839369246073875,0.05555555555555555
2015-03-17,18,0,2015-04-13 13:20:00,2015-03-22 12:00:00,0.017968099752546672,0.0
2015-03-23,18,2,2015-04-14 13:20:00,2015-03-30 00:00:00,0.017529549341154044,0.1111111111111111
2015-03-27,18,0,2015-05-04 05:20:00,2015-04-17 12:00:00,0.017633765596743664,0.0
2015-04-02,18,0,2015-05-21 02:40:00,2015-05-28 12:00:00,0.017299562903175195,0.0
2015-04-10,18,0,2015-06-02 18:40:00,2015-06-06 00:00:00,0.016630340324471894,0.0
2015-04-16,18,0,2015-06-08 12:00:00,2015-06-08 00:00:00,0.016021120981798868,0.0
2015-04-22,18,0,2015-06-15 18:40:00,2015-06-18 12:00:00,0.01589793946217775,0.0
2015-04-28,18,0,2015-06-14 12:00:00,2015-06-09 12:00:00,0.01578269349076775,0.0
2015-05-05,18,0,2015-06-26 10:40:00,2015-06-27 12:00:00,0.01767328768690078,0.0
2015-05-11,18,0,2015-07-04 14:40:00,2015-07-08 00:00:00,0.01805743107440212,0.0
2015-05-18,18,0,2015-07-14 01:20:00,2015-07-16 00:00:00,0.017188966895534164,0.0
2015-05-22,18,0,2015-07-17 02:40:00,2015-07-19 12:00:00,0.016376187838727293,0.0
2015-05-29,18,0,2015-07-23 18:40:00,2015-07-26 12:00:00,0.015770100168504584,0.0
2015-06-04,18,0,2015-07-28 08:00:00,2015-08-01 12:00:00,0.015809734813953917,0.0
2015-06-10,18,0,2015-08-02 08:00:00,2015-08-07 12:00:00,0.016728384723841895,0.0
2015-06-16,18,0,2015-08-05 12:00:00,2015-08-12 12:00:00,0.017349712838896816,0.0
2015-06-22,18,0,2015-08-08 09:20:00,2015-08-18 12:00:00,0.017026529240413535,0.0
2015-06-26,18,0,2015-08-18 06:40:00,2015-08-21 00:00:00,0.016538354020110693,0.0
2015-07-02,18,0,2015-08-25 00:00:00,2015-08-26 12:00:00,0.016263990285837734,0.0
2015-07-08,18,0,2015-08-26 20:00:00,2015-09-01 12:00:00,0.017145302925812934,0.0
2015-07-14,18,0,2015-09-04 21:20:00,2015-09-07 12:00:00,0.01675465424964501,0.0
2015-07-20,18,0,2015-09-10 16:00:00,2015-09-13 12:00:00,0.017748486263644874,0.0
2015-07-24,18,0,2015-09-11 02:40:00,2015-09-17 12:00:00,0.017621158196854305,0.0
2015-07-30,18,0,2015-09-17 18:40:00,2015-09-23 12:00:00,0.01742791716967324,0.0
2015-08-05,18,0,2015-09-25 01:20:00,2015-09-29 00:00:00,0.017110494568581432,0.0
2015-08-11,18,0,2015-09-30 04:00:00,2015-09-28 00:00:00,0.016631617991396692,0.0
2015-08-17,18,0,2015-10-01 21:20:00,2015-09-20 00:00:00,0.017493773982238097,0.0
2015-08-21,18,0,2015-09-22 16:00:00,2015-09-22 00:00:00,0.019286894986197997,0.0
2015-08-27,18,0,2015-09-29 06:40:00,2015-09-29 12:00:00,0.02318548908139226,0.0
2015-09-02,18,0,2015-10-08 18:40:00,2015-10-04 00:00:00,0.02344333746860005,0.0
2015-09-08,18,0,2015-10-15 17:20:00,2015-10-08 00:00:00,0.02362954980614491,0.0
2015-09-14,18,0,2015-10-20 21:20:00,2015-10-11 12:00:00,0.023852344378597762,0.0
2015-09-18,18,0,2015-10-16 13:20:00,2015-10-09 12:00:00,0.023686268191959247,0.0
2015-09-24,18,0,2015-10-07 01:20:00,2015-10-08 00:00:00,0.023579857334800714,0.0
2015-09-30,18,0,2015-10-12 09:20:00,2015-10-10 00:00:00,0.023310214915490495,0.0
2015-10-06,18,0,2015-10-26 04:00:00,2015-10-20 00:00:00,0.023365177076748636,0.0
2015-10-12,18,0,2015-11-02 17:20:00,2015-10-29 12:00:00,0.024076526950604967,0.0
2015-10-16,18,0,2015-11-14 10:40:00,2015-11-14 12:00:00,0.02347649612766364,0.0
2015-10-22,18,0,2015-12-05 18:40:00,2015-12-09 12:00:00,0.023361819733347104,0.0
2015-10-28,18,0,2015-12-18 14:40:00,2015-12-20 12:00:00,0.023710111153882295,0.0
2015-11-03,18,0,2015-12-24 18:40:00,2015-12-26 12:00:00,0.022940816308719483,0.0
2015-11-09,18,0,2015-12-31 01:20:00,2016-01-02 00:00:00,0.02249223757090314,0.0
2015-11-13,18,0,2016-01-04 12:00:00,2016-01-04 12:00:00,0.021572047349344727,0.0
2015-11-19,18,0,2016-01-10 08:00:00,2016-01-11 12:00:00,0.021170036012212273,0.0
2015-11-25,18,0,2016-01-16 08:00:00,2016-01-17 12:00:00,0.020786881882538306,0.0
2015-12-01,18,0,2016-01-19 17:20:00,2016-01-23 12:00:00,0.020127929794475467,0.0
2015-12-07,18,0,2016-01-23 00:00:00,2016-01-29 12:00:00,0.0205082047160846,0.0
2015-12-11,18,0,2016-01-28 08:00:00,2016-02-02 12:00:00,0.020872015472837905,0.0
2015-12-17,18,0,2016-02-03 16:00:00,2016-02-08 12:00:00,0.02040423392471149,0.0
2015-12-23,18,0,2016-02-06 05:20:00,2016-02-07 12:00:00,0.01980224380696924,0.0
2016-01-04,18,0,2016-02-12 13:20:00,2016-02-08 00:00:00,0.01920479332146314,0.0
2016-01-08,18,0,2016-02-21 02:40:00,2016-02-25 12:00:00,0.020162622176898584,0.0
2016-01-14,18,0,2016-02-23 12:00:00,2016-02-29 00:00:00,0.020370938228137278,0.0
2016-01-20,18,0,2016-02-27 13:20:00,2016-03-06 00:00:00,0.02188546467985191,0.0
2016-01-26,18,0,2016-03-11 12:00:00,2016-03-16 12:00:00,0.02198858362868682,0.0
2016-02-01,18,0,2016-03-20 22:40:00,2016-03-22 12:00:00,0.021473234900578755,0.0
2016-02-05,18,0,2016-03-21 00:00:00,2016-03-21 12:00:00,0.02146897195686713,0.0
2016-02-11,18,0,2016-03-06 08:00:00,2016-02-28 00:00:00,0.022552010343819505,0.0
2016-02-17,18,0,2016-03-24 21:20:00,2016-03-12 12:00:00,0.022699759364222638,0.0
2016-02-23,18,0,2016-04-10 00:00:00,2016-04-13 12:00:00,0.023726799938183028,0.0
2016-02-29,18,0,2016-04-21 00:00:00,2016-04-24 12:00:00,0.02350751639575324,0.0
2016-03-04,18,0,2016-04-26 10:40:00,2016-04-27 12:00:00,0.024220416268328913,0.0
2016-03-10,18,0,2016-05-03 12:00:00,2016-05-04 12:00:00,0.023274922050767817,0.0
2016-03-16,18,0,2016-05-08 08:00:00,2016-05-10 12:00:00,0.022268474050172148,0.0
2016-03-22,18,0,2016-05-13 05:20:00,2016-05-16 12:00:00,0.02164323999837466,0.0
2016-03-30,18,0,2016-05-21 10:40:00,2016-05-23 00:00:00,0.020842929164764185,0.0
2016-04-05,18,0,2016-05-27 10:40:00,2016-05-23 12:00:00,0.02045902534829939,0.0
2016-04-11,18,0,2016-05-31 12:00:00,2016-05-24 00:00:00,0.019942038346711544,0.0
2016-04-15,18,0,2016-06-05 20:00:00,2016-06-05 12:00:00,0.020177923359128182,0.0
2016-04-21,18,0,2016-06-08 20:00:00,2016-06-05 12:00:00,0.020913225316442918,0.0
2016-04-27,18,0,2016-06-04 04:00:00,2016-05-30 12:00:00,0.02083570426765266,0.0
2016-05-03,18,0,2016-06-11 21:20:00,2016-06-08 00:00:00,0.020317117471651148,0.0
2016-05-10,18,0,2016-06-19 18:40:00,2016-06-15 12:00:00,0.02016478593372492,0.0
2016-05-17,18,0,2016-07-03 00:00:00,2016-06-30 12:00:00,0.01964514985408559,0.0
2016-05-23,18,0,2016-07-04 18:40:00,2016-06-26 00:00:00,0.019443657928360208,0.0
2016-05-27,18,0,2016-06-18 13:20:00,2016-06-11 00:00:00,0.019599365456518452,0.0
2016-06-02,18,0,2016-06-18 12:00:00,2016-06-23 00:00:00,0.018873982947701606,0.0
2016-06-08,18,0,2016-06-21 10:40:00,2016-06-23 12:00:00,0.018485838643666343,0.0
2016-06-14,18,0,2016-06-29 02:40:00,2016-06-29 12:00:00,0.019484530071165154,0.0
2016-06-20,18,0,2016-07-04 22:40:00,2016-07-04 00:00:00,0.019900928169853734,0.0
2016-06-24,18,0,2016-07-06 22:40:00,2016-07-02 12:00:00,0.019905150343906736,0.0
2016-06-30,18,0,2016-07-06 09:20:00,2016-07-05 00:00:00,0.020952210115280437,0.0
2016-07-06,18,0,2016-07-08 17:20:00,2016-07-07 00:00:00,0.02125686305454259,0.0
2016-07-12,18,0,2016-08-01 09:20:00,2016-07-15 12:00:00,0.021816435617092216,0.0
2016-07-18,18,0,2016-08-08 20:00:00,2016-07-19 12:00:00,0.022877817174705335,0.0
2016-07-22,18,0,2016-08-23 16:00:00,2016-08-25 00:00:00,0.02299915289578149,0.0
2016-07-28,18,0,2016-09-07 02:40:00,2016-09-09 12:00:00,0.022884761923882235,0.0
2016-08-04,18,0,2016-09-13 16:00:00,2016-09-10 00:00:00,0.02241700945057412,0.0
2016-08-10,18,0,2016-09-22 02:40:00,2016-09-22 12:00:00,0.021521904789285867,0.0
2016-08-16,18,0,2016-10-02 17:20:00,2016-10-03 12:00:00,0.021178610978997117,0.0
2016-08-22,18,0,2016-10-05 09:20:00,2016-10-05 12:00:00,0.02029715751867194,0.0
2016-08-26,18,0,2016-10-11 18:40:00,2016-10-12 00:00:00,0.019739304689975312,0.0
2016-09-01,18,0,2016-10-12 18:40:00,2016-10-15 12:00:00,0.019394186114591726,0.0
2016-09-07,18,0,2016-10-07 18:40:00,2016-09-27 12:00:00,0.01877270609681437,0.0
2016-09-13,18,0,2016-10-10 02:40:00,2016-09-28 12:00:00,0.018702888985920207,0.0
2016-09-19,18,0,2016-10-25 04:00:00,2016-10-14 00:00:00,0.018283736520880903,0.0
2016-09-23,18,0,2016-10-16 09:20:00,2016-10-16 12:00:00,0.017709036585322007,0.0
2016-09-29,18,0,2016-10-29 01:20:00,2016-10-15 00:00:00,0.017290544932341084,0.0
2016-10-05,18,0,2016-11-05 20:00:00,2016-11-06 12:00:00,0.016351142954221288,0.0
2016-10-11,18,0,2016-11-14 17:20:00,2016-11-08 12:00:00,0.016109181403987413,0.0
2016-10-17,18,0,2016-11-26 09:20:00,2016-11-26 12:00:00,0.01549958558376566,0.0
2016-10-21,18,0,2016-11-30 10:40:00,2016-11-29 12:00:00,0.015129744482455607,0.0
2016-10-27,18,0,2016-12-10 20:00:00,2016-12-10 12:00:00,0.014804619053323939,0.0
2016-11-02,18,0,2016-11-27 00:00:00,2016-11-20 00:00:00,0.014755277607953884,0.0
2016-11-08,18,0,2016-11-30 02:40:00,2016-11-25 00:00:00,0.015108440529479822,0.0
2016-11-14,18,0,2016-12-05 17:20:00,2016-11-27 12:00:00,0.014555477927272884,0.0
2016-11-18,18,0,2016-12-19 09:20:00,2016-12-13 00:00:00,0.014264497681650529,0.0
2016-11-24,18,0,2016-12-30 08:00:00,2017-01-02 00:00:00,0.013878015120599678,0.0
2016-11-30,18,0,2017-01-04 18:40:00,2017-01-03 00:00:00,0.013340459055832995,0.0
2016-12-06,18,0,2017-01-05 21:20:00,2016-12-31 12:00:00,0.012993151680141745,0.0
2016-12-12,18,0,2017-01-24 16:00:00,2017-01-25 12:00:00,0.013473332465192856,0.0
2016-12-16,18,0,2017-02-04 04:00:00,2017-02-07 12:00:00,0.013631908557102812,0.0
2016-12-22,18,0,2017-02-12 13:20:00,2017-02-13 12:00:00,0.013469942574304266,0.0
2016-12-29,18,0,2017-02-21 04:00:00,2017-02-21 00:00:00,0.012595955213514377,0.0
2017-01-05,18,0,2017-02-22 02:40:00,2017-02-23 12:00:00,0.012387386180500405,0.0
2017-01-11,18,1,2017-02-21 21:20:00,2017-02-24 12:00:00,0.012028964191643088,0.05555555555555555
2017-01-17,18,0,2017-02-21 13:20:00,2017-02-25 12:00:00,0.011819666004519228,0.0
2017-01-23,18,0,2017-03-06 09:20:00,2017-03-10 12:00:00,0.01151524203013599,0.0
2017-01-27,18,0,2017-03-04 21:20:00,2017-03-02 00:00:00,0.011009783113306295,0.0
2017-02-02,18,0,2017-03-10 06:40:00,2017-03-14 00:00:00,0.010871269511031961,0.0
2017-02-08,18,0,2017-03-13 20:00:00,2017-03-19 12:00:00,0.010369196122813189,0.0
2017-02-14,18,0,2017-03-20 00:00:00,2017-03-20 00:00:00,0.009866056323354366,0.0
2017-02-20,18,0,2017-03-23 22:40:00,2017-03-21 00:00:00,0.009472494186057062,0.0
2017-02-24,18,0,2017-03-20 00:00:00,2017-03-19 00:00:00,0.009040527531737655,0.0
2017-03-02,18,0,2017-03-20 05:20:00,2017-03-15 00:00:00,0.008819233094952944,0.0
2017-03-08,18,0,2017-03-21 08:00:00,2017-03-21 00:00:00,0.008329360923357362,0.0
2017-03-14,18,0,2017-03-29 08:00:00,2017-03-30 00:00:00,0.008116384238262294,0.0
2017-03-20,18,0,2017-03-29 16:00:00,2017-03-26 12:00:00,0.007703546492038294,0.0
2017-03-24,18,0,2017-03-30 09:20:00,2017-03-31 12:00:00,0.007397184780800172,0.0
2017-03-30,18,0,2017-04-05 05:20:00,2017-04-01 00:00:00,0.007285111754094355,0.0
2017-04-05,18,0,2017-04-08 10:40:00,2017-04-07 00:00:00,0.007011737140292605,0.0
2017-04-11,18,0,2017-04-12 21:20:00,2017-04-12 00:00:00,0.006850861610111506,0.0
2017-04-19,18,0,2017-04-28 21:20:00,2017-04-23 00:00:00,0.007382217259999122,0.0
2017-04-25,18,0,2017-05-07 16:00:00,2017-05-01 00:00:00,0.007489224943366217,0.0
2017-05-02,18,0,2017-05-15 18:40:00,2017-05-11 00:00:00,0.00732685321758221,0.0
2017-05-08,18,0,2017-05-13 21:20:00,2017-05-12 12:00:00,0.007355234396391422,0.0
2017-05-12,18,0,2017-05-21 09:20:00,2017-05-16 12:00:00,0.007319199882712406,0.0
2017-05-18,18,2,2017-05-30 10:40:00,2017-05-30 00:00:00,0.007504211123752612,0.1111111111111111
2017-05-24,18,0,2017-06-10 08:00:00,2017-06-05 00:00:00,0.007574059306337016,0.0
2017-05-31,18,0,2017-06-20 05:20:00,2017-06-18 00:00:00,0.007770897865637612,0.0
2017-06-07,18,0,2017-07-05 14:40:00,2017-07-09 12:00:00,0.008212904005344393,0.0
2017-06-13,18,1,2017-07-16 14:40:00,2017-07-17 00:00:00,0.008534259942984871,0.05555555555555555
2017-06-19,18,1,2017-07-27 14:40:00,2017-07-20 00:00:00,0.008791201343296806,0.05555555555555555
2017-06-23,18,0,2017-08-06 21:20:00,2017-08-03 12:00:00,0.008748865472769521,0.0
2017-06-29,18,0,2017-08-16 20:00:00,2017-08-19 00:00:00,0.009266143890634466,0.0
2017-07-05,18,0,2017-08-24 09:20:00,2017-08-29 12:00:00,0.009898653348578068,0.0
2017-07-11,18,0,2017-09-01 10:40:00,2017-09-04 12:00:00,0.01023235504824586,0.0
2017-07-17,18,0,2017-09-10 20:00:00,2017-09-10 12:00:00,0.009802956125160172,0.0
2017-07-21,18,0,2017-09-14 05:20:00,2017-09-14 12:00:00,0.009789896780638517,0.0
2017-07-27,18,0,2017-09-19 04:00:00,2017-09-20 12:00:00,0.009522006997899861,0.0
2017-08-03,18,0,2017-09-16 16:00:00,2017-09-18 12:00:00,0.009546289610145623,0.0
2017-08-09,18,0,2017-09-26 08:00:00,2017-10-04 00:00:00,0.0088330759715595,0.0
2017-08-15,18,0,2017-09-30 08:00:00,2017-10-10 00:00:00,0.008987763821637582,0.0
2017-08-21,18,0,2017-10-02 02:40:00,2017-09-27 12:00:00,0.00885439434441334,0.0
2017-08-25,18,0,2017-10-04 10:40:00,2017-09-27 12:00:00,0.00873268627806844,0.0
2017-08-31,18,0,2017-10-06 17:20:00,2017-09-05 00:00:00,0.00872860887273285,0.0
2017-09-06,18,0,2017-10-16 10:40:00,2017-10-16 12:00:00,0.008539727701320584,0.0
2017-09-12,18,0,2017-11-02 01:20:00,2017-11-04 00:00:00,0.008511486197894194,0.0
2017-09-18,18,0,2017-11-12 14:40:00,2017-11-12 12:00:00,0.008184916538548605,0.0
2017-09-22,18,0,2017-11-16 02:40:00,2017-11-17 00:00:00,0.007833906645676646,0.0
2017-09-28,18,0,2017-11-21 12:00:00,2017-11-22 12:00:00,0.007569449467624467,0.0
2017-10-04,18,0,2017-11-26 22:40:00,2017-11-28 12:00:00,0.007518365597120844,0.0
2017-10-10,18,0,2017-12-02 10:40:00,2017-12-04 12:00:00,0.007225559278092954,0.0
2017-10-16,18,0,2017-12-08 12:00:00,2017-12-10 12:00:00,0.006797833986178377,0.0
2017-10-20,18,0,2017-12-09 06:40:00,2017-12-13 12:00:00,0.006624907666432,0.0
2017-10-26,18,0,2017-12-14 09:20:00,2017-12-19 12:00:00,0.006324461618746277,0.0
2017-11-01,18,0,2017-12-20 17:20:00,2017-12-25 12:00:00,0.00639565186889841,0.0
2017-11-07,18,0,2017-12-25 09:20:00,2017-12-31 12:00:00,0.006311401789412533,0.0
2017-11-13,18,0,2017-12-28 02:40:00,2018-01-06 12:00:00,0.006733842074709283,0.0
2017-11-17,18,0,2018-01-06 22:40:00,2018-01-09 12:00:00,0.0075579645279182555,0.0
2017-11-23,18,0,2018-01-11 10:40:00,2018-01-14 12:00:00,0.007085993065409333,0.0
2017-11-29,18,0,2018-01-11 09:20:00,2018-01-14 12:00:00,0.006894894541480094,0.0
2017-12-05,18,0,2018-01-13 13:20:00,2018-01-20 00:00:00,0.006731687527420795,0.0
2017-12-11,18,0,2018-01-18 10:40:00,2018-01-22 00:00:00,0.006601292597010839,0.0
2017-12-15,18,0,2018-01-22 20:00:00,2018-01-27 00:00:00,0.006653024982262373,0.0
2017-12-21,18,0,2018-01-25 21:20:00,2018-01-27 00:00:00,0.006554960009940683,0.0
2017-12-29,18,0,2018-01-19 02:40:00,2018-01-19 00:00:00,0.006437888405406522,0.0
2018-01-08,18,0,2018-01-17 00:00:00,2018-01-17 00:00:00,0.006658435875236745,0.0
2018-01-12,18,0,2018-02-05 22:40:00,2018-01-23 00:00:00,0.006855226479233162,0.0
2018-01-18,18,0,2018-02-18 20:00:00,2018-02-16 12:00:00,0.006749675644083283,0.0
2018-01-24,18,0,2018-02-25 14:40:00,2018-02-19 00:00:00,0.006771486816843972,0.0
2018-01-30,18,0,2018-03-15 10:40:00,2018-03-16 00:00:00,0.006912729598405889,0.0
2018-02-05,18,0,2018-03-28 20:00:00,2018-04-01 00:00:00,0.008008071905225615,0.0
2018-02-09,18,0,2018-04-01 05:20:00,2018-04-04 12:00:00,0.011442087113441794,0.0
2018-02-15,18,0,2018-04-09 04:00:00,2018-04-11 12:00:00,0.011235467165422711,0.0
2018-02-21,18,0,2018-04-14 20:00:00,2018-04-17 12:00:00,0.01097909094054651,0.0
2018-02-27,18,0,2018-04-20 01:20:00,2018-04-22 12:00:00,0.011136181782277084,0.0
2018-03-05,18,0,2018-04-24 09:20:00,2018-04-28 00:00:00,0.012455666989261156,0.0
2018-03-09,18,0,2018-04-10 17:20:00,2018-03-25 12:00:00,0.01272816089725366,0.0
2018-03-15,18,0,2018-04-09 18:40:00,2018-03-22 12:00:00,0.012732536044523455,0.0
2018-03-21,18,0,2018-04-20 02:40:00,2018-04-08 00:00:00,0.012444709696254327,0.0
2018-03-27,18,0,2018-04-18 06:40:00,2018-03-31 00:00:00,0.012705101873731566,0.0
2018-04-04,18,0,2018-05-10 01:20:00,2018-04-16 12:00:00,0.012600759055583362,0.0
2018-04-10,18,0,2018-05-21 13:20:00,2018-05-11 00:00:00,0.012990275042165978,0.0
2018-04-16,18,0,2018-05-30 08:00:00,2018-05-24 00:00:00,0.013129799060692544,0.0
2018-04-20,18,0,2018-06-07 12:00:00,2018-06-10 00:00:00,0.013437643653528505,0.0
2018-04-26,18,0,2018-06-17 05:20:00,2018-06-21 00:00:00,0.013425394134603861,0.0
2018-05-03,18,0,2018-06-20 16:00:00,2018-06-28 12:00:00,0.013221390803435984,0.0
2018-05-09,18,0,2018-06-28 17:20:00,2018-07-04 12:00:00,0.012972011212372677,0.0
2018-05-16,18,0,2018-07-07 14:40:00,2018-07-12 12:00:00,0.012571779962602022,0.0
2018-05-23,18,0,2018-07-15 08:00:00,2018-07-19 12:00:00,0.012222178918285982,0.0
2018-05-29,18,0,2018-07-18 16:00:00,2018-07-25 12:00:00,0.01216823107346251,0.0
2018-06-04,18,0,2018-07-23 21:20:00,2018-07-31 12:00:00,0.011625676702051856,0.0
2018-06-08,18,0,2018-07-27 06:40:00,2018-08-03 00:00:00,0.011264128926274994,0.0
2018-06-14,18,0,2018-07-29 14:40:00,2018-07-25 00:00:00,0.010980707832215462,0.0
2018-06-20,18,0,2018-08-02 12:00:00,2018-07-30 00:00:00,0.010867642557176245,0.0
2018-06-26,18,0,2018-08-13 09:20:00,2018-08-21 00:00:00,0.011117890842780916,0.0
2018-07-02,18,0,2018-08-18 00:00:00,2018-08-25 00:00:00,0.010957022647393105,0.0
2018-07-06,18,0,2018-08-18 08:00:00,2018-08-22 12:00:00,0.01069815235534466,0.0
2018-07-12,18,0,2018-08-22 02:40:00,2018-08-21 12:00:00,0.010339695729471944,0.0
2018-07-18,18,0,2018-08-29 10:40:00,2018-08-26 00:00:00,0.01005266985797969,0.0
2018-07-24,18,0,2018-09-04 13:20:00,2018-09-03 00:00:00,0.009744607501510924,0.0
2018-07-30,18,0,2018-09-10 06:40:00,2018-09-06 12:00:00,0.009499751531708206,0.0
2018-08-06,18,0,2018-09-16 10:40:00,2018-09-14 12:00:00,0.009237466708269089,0.0
2018-08-10,18,0,2018-09-20 21:20:00,2018-09-27 00:00:00,0.008987417093532723,0.0
2018-08-16,18,0,2018-09-25 01:20:00,2018-09-25 00:00:00,0.008847752214257145,0.0
2018-08-22,18,0,2018-09-27 17:20:00,2018-09-28 12:00:00,0.00842113363404229,0.0
2018-08-28,18,0,2018-10-01 12:00:00,2018-10-03 00:00:00,0.008057989701853422,0.0
2018-09-03,18,0,2018-09-30 16:00:00,2018-09-26 00:00:00,0.00794275739284415,0.0
2018-09-07,18,0,2018-09-30 10:40:00,2018-09-22 00:00:00,0.00856679314070646,0.0
2018-09-13,18,0,2018-09-29 21:20:00,2018-09-20 00:00:00,0.008783640158032027,0.0
2018-09-19,18,0,2018-10-09 09:20:00,2018-09-29 12:00:00,0.0089285160175019,0.0
2018-09-25,18,0,2018-10-12 10:40:00,2018-09-29 12:00:00,0.008950762750105494,0.0
2018-10-01,18,0,2018-10-24 00:00:00,2018-10-16 12:00:00,0.008835931459123139,0.0
2018-10-05,18,0,2018-11-02 16:00:00,2018-10-27 12:00:00,0.008704614948633444,0.0
2018-10-11,18,0,2018-11-17 04:00:00,2018-11-15 12:00:00,0.009953323342462607,0.0
2018-10-17,18,0,2018-11-24 17:20:00,2018-11-28 12:00:00,0.010945703682414562,0.0
2018-10-23,18,0,2018-11-14 00:00:00,2018-10-30 12:00:00,0.011748535157641573,0.0
2018-10-29,18,0,2018-11-08 17:20:00,2018-11-02 00:00:00,0.012547913367466622,0.0
2018-11-02,18,0,2018-11-11 13:20:00,2018-11-07 12:00:00,0.013273587888491378,0.0
2018-11-08,18,0,2018-12-04 10:40:00,2018-12-02 12:00:00,0.013608162979395301,0.0
2018-11-14,18,0,2018-12-17 06:40:00,2018-12-16 12:00:00,0.013250596584860556,0.0
2018-11-20,18,0,2018-12-22 14:40:00,2018-12-24 12:00:00,0.012835315870352929,0.0
2018-11-26,18,0,2019-01-02 10:40:00,2019-01-02 00:00:00,0.01243098762658696,0.0
2018-11-30,18,0,2018-12-29 18:40:00,2018-12-28 12:00:00,0.01213965465422999,0.0
2018-12-06,18,0,2019-01-15 12:00:00,2019-01-06 00:00:00,0.01222390461987822,0.0
2018-12-12,18,0,2019-01-12 00:00:00,2019-01-05 00:00:00,0.012295331838361939,0.0
2018-12-18,18,0,2019-01-15 16:00:00,2019-01-06 00:00:00,0.012062454362864582,0.0
2018-12-27,18,0,2019-01-10 10:40:00,2019-01-06 00:00:00,0.011839592761027045,0.0
2019-01-07,18,0,2019-01-28 10:40:00,2019-01-26 12:00:00,0.01337212839274634,0.0
2019-01-11,18,0,2019-02-16 17:20:00,2019-02-14 00:00:00,0.014554283587544634,0.0
2019-01-17,18,0,2019-03-05 16:00:00,2019-03-03 00:00:00,0.014941196051961845,0.0
2019-01-23,18,0,2019-03-18 08:00:00,2019-03-20 12:00:00,0.015726977789970106,0.0
2019-01-29,18,0,2019-03-24 04:00:00,2019-03-26 00:00:00,0.015932716113105025,0.0
2019-02-04,18,0,2019-03-27 02:40:00,2019-03-23 00:00:00,0.01599362478372971,0.0
2019-02-08,18,0,2019-03-31 01:20:00,2019-04-02 12:00:00,0.015872928029415548,0.0
2019-02-14,18,0,2019-04-08 01:20:00,2019-04-11 00:00:00,0.01542539204642939,0.0
2019-02-20,18,0,2019-04-12 17:20:00,2019-04-17 00:00:00,0.015428736868781101,0.0
2019-02-26,18,1,2019-04-17 14:40:00,2019-04-23 00:00:00,0.01515716127943558,0.05555555555555555
2019-03-04,18,0,2019-04-23 22:40:00,2019-04-29 12:00:00,0.014579286382488529,0.0
2019-03-08,18,1,2019-04-28 20:00:00,2019-05-03 00:00:00,0.01424917390415194,0.05555555555555555
2019-03-14,18,0,2019-05-03 00:00:00,2019-05-09 00:00:00,0.013782880525714289,0.0
2019-03-20,18,0,2019-05-09 17:20:00,2019-05-15 00:00:00,0.013628611658064413,0.0
2019-03-26,18,1,2019-05-16 12:00:00,2019-05-21 00:00:00,0.013309542316967916,0.05555555555555555
2019-04-01,18,0,2019-05-21 12:00:00,2019-05-27 12:00:00,0.012852508742362745,0.0
2019-04-05,18,0,2019-05-22 08:00:00,2019-05-23 12:00:00,0.013079785307994472,0.0
2019-04-11,18,1,2019-05-26 00:00:00,2019-05-12 00:00:00,0.012892404624820004,0.05555555555555555
2019-04-17,18,2,2019-05-27 12:00:00,2019-05-02 12:00:00,0.012511263591043629,0.1111111111111111
2019-04-25,18,2,2019-06-01 02:40:00,2019-05-09 12:00:00,0.012201353799175139,0.1111111111111111
2019-05-02,18,3,2019-06-04 17:20:00,2019-05-16 00:00:00,0.012037628187937117,0.16666666666666666
2019-05-08,18,1,2019-06-16 22:40:00,2019-06-02 00:00:00,0.012817067846918846,0.05555555555555555
2019-05-14,18,0,2019-07-09 10:40:00,2019-07-10 00:00:00,0.01386606952650963,0.0
2019-05-20,18,0,2019-07-15 08:00:00,2019-07-16 12:00:00,0.012801389485952601,0.0
2019-05-24,18,0,2019-07-18 16:00:00,2019-07-20 00:00:00,0.012676905669269812,0.0
2019-05-31,18,0,2019-07-23 21:20:00,2019-07-28 00:00:00,0.012298467120888173,0.0
2019-06-06,18,0,2019-07-30 13:20:00,2019-08-03 00:00:00,0.01207595313168024,0.0
2019-06-13,18,0,2019-08-05 08:00:00,2019-08-09 00:00:00,0.011655845517562517,0.0
2019-06-19,18,0,2019-08-09 06:40:00,2019-08-15 00:00:00,0.01113940316130551,0.0
2019-06-25,18,0,2019-08-12 20:00:00,2019-08-20 00:00:00,0.010602004007099528,0.0
2019-07-01,18,0,2019-08-20 00:00:00,2019-08-22 00:00:00,0.010294191281588616,0.0
2019-07-05,18,0,2019-08-22 08:00:00,2019-08-21 12:00:00,0.010242443629732605,0.0
2019-07-11,18,0,2019-08-19 16:00:00,2019-08-23 00:00:00,0.009947924097488979,0.0
2019-07-17,18,0,2019-08-22 08:00:00,2019-08-24 00:00:00,0.009665898040971517,0.0
2019-07-23,18,0,2019-08-21 16:00:00,2019-08-23 00:00:00,0.009563325871988972,0.0
2019-07-29,18,0,2019-08-20 02:40:00,2019-08-17 00:00:00,0.009306218398078523,0.0
2019-08-05,18,0,2019-09-08 06:40:00,2019-09-08 00:00:00,0.010759000891870657,0.0
2019-08-09,18,0,2019-09-16 06:40:00,2019-09-13 12:00:00,0.011798951080509516,0.0
2019-08-15,18,0,2019-09-24 01:20:00,2019-09-23 00:00:00,0.012033245644958905,0.0
2019-08-21,18,0,2019-10-01 06:40:00,2019-09-30 00:00:00,0.012006252306401078,0.0
2019-08-27,18,0,2019-10-07 12:00:00,2019-10-05 12:00:00,0.012084224429954445,0.0
2019-09-02,18,0,2019-10-11 01:20:00,2019-10-08 00:00:00,0.012216018936834126,0.0
2019-09-06,18,0,2019-10-14 12:00:00,2019-10-16 12:00:00,0.012104635257254255,0.0
2019-09-12,18,0,2019-10-20 17:20:00,2019-10-22 12:00:00,0.011778699333925127,0.0
2019-09-18,18,0,2019-10-30 08:00:00,2019-10-29 00:00:00,0.011424426582257594,0.0
2019-09-24,18,0,2019-11-06 14:40:00,2019-11-08 12:00:00,0.011422757112087817,0.0
2019-09-30,18,0,2019-11-13 10:40:00,2019-11-14 12:00:00,0.0113815379992528,0.0
2019-10-04,18,0,2019-11-19 04:00:00,2019-11-22 12:00:00,0.011734844866878421,0.0
2019-10-10,18,0,2019-11-24 21:20:00,2019-11-27 12:00:00,0.011088618671960895,0.0
2019-10-16,18,0,2019-11-25 10:40:00,2019-11-22 00:00:00,0.010830021859809545,0.0
2019-10-22,18,0,2019-11-28 14:40:00,2019-12-01 00:00:00,0.010511035078724184,0.0
2019-10-28,18,0,2019-12-01 06:40:00,2019-12-02 12:00:00,0.010505805060175873,0.0
2019-11-01,18,0,2019-12-01 13:20:00,2019-12-03 12:00:00,0.01069403906883971,0.0
2019-11-07,18,0,2019-11-20 01:20:00,2019-11-16 00:00:00,0.011216724862347078,0.0
2019-11-13,18,0,2019-11-27 00:00:00,2019-11-20 00:00:00,0.011142483101978304,0.0
2019-11-19,18,0,2019-11-25 16:00:00,2019-11-21 12:00:00,0.011265847864270928,0.0
2019-11-25,18,0,2019-12-02 16:00:00,2019-11-28 00:00:00,0.01118045060766479,0.0
2019-11-29,18,0,2019-12-05 14:40:00,2019-12-04 12:00:00,0.010967569084074539,0.0
2019-12-05,18,0,2019-12-16 08:00:00,2019-12-19 00:00:00,0.011628720286791024,0.0
2019-12-11,18,0,2019-12-22 05:20:00,2019-12-21 00:00:00,0.011265784320372717,0.0
2019-12-17,18,0,2019-12-26 22:40:00,2019-12-21 00:00:00,0.011148296016644845,0.0
2019-12-23,18,0,2020-01-02 22:40:00,2019-12-30 00:00:00,0.01110749375589656,0.0
2020-01-06,18,0,2020-02-01 16:00:00,2020-01-22 00:00:00,0.011325260037400722,0.0
2020-01-10,18,0,2020-02-09 17:20:00,2020-02-02 00:00:00,0.01105335922794381,0.0
2020-01-16,18,0,2020-02-13 13:20:00,2020-02-01 12:00:00,0.010907244713625228,0.0
2020-01-22,18,0,2020-02-15 13:20:00,2020-02-11 12:00:00,0.010792426489542095,0.0
2020-01-28,18,0,2020-02-22 05:20:00,2020-02-16 00:00:00,0.010889569826902477,0.0
2020-02-03,18,0,2020-02-28 09:20:00,2020-02-23 12:00:00,0.011798348783682716,0.0
2020-02-07,18,0,2020-03-01 00:00:00,2020-02-28 12:00:00,0.011552102536946855,0.0
2020-02-13,18,0,2020-03-06 06:40:00,2020-03-05 00:00:00,0.011354743118592744,0.0
2020-02-19,18,0,2020-03-08 09:20:00,2020-03-05 12:00:00,0.011057803551037889,0.0
2020-02-25,18,0,2020-03-15 16:00:00,2020-03-12 00:00:00,0.012998015570266927,0.0
2020-03-02,18,1,2020-04-19 17:20:00,2020-04-12 00:00:00,0.021178516200903573,0.05555555555555555
2020-03-06,18,0,2020-04-28 22:40:00,2020-05-01 00:00:00,0.025088828979721145,0.0
2020-03-12,18,0,2020-04-28 21:20:00,2020-05-07 00:00:00,0.04108532742145644,0.0
2020-03-18,18,0,2020-05-06 12:00:00,2020-05-13 00:00:00,0.05211790086685683,0.0
2020-03-24,18,0,2020-05-18 18:40:00,2020-05-19 00:00:00,0.049656212246725256,0.0
2020-03-30,18,0,2020-05-24 10:40:00,2020-05-25 12:00:00,0.045847428172903396,0.0
2020-04-03,18,0,2020-05-27 05:20:00,2020-05-29 00:00:00,0.04302321547505869,0.0
2020-04-09,18,0,2020-05-31 12:00:00,2020-05-31 00:00:00,0.04201664504099433,0.0
2020-04-17,18,0,2020-06-07 13:20:00,2020-05-29 12:00:00,0.04177468727073144,0.0
2020-04-23,18,0,2020-06-11 18:40:00,2020-06-07 00:00:00,0.041728943707072495,0.0
2020-04-29,18,0,2020-06-14 10:40:00,2020-06-17 12:00:00,0.04304232968191679,0.0
2020-05-06,18,0,2020-06-19 05:20:00,2020-06-24 00:00:00,0.04318799592467488,0.0
2020-05-12,18,0,2020-06-23 02:40:00,2020-06-30 12:00:00,0.04244765722181576,0.0
2020-05-18,18,0,2020-06-26 01:20:00,2020-07-07 00:00:00,0.043443608012084405,0.0
2020-05-25,18,0,2020-07-04 06:40:00,2020-07-18 12:00:00,0.04327140978273207,0.0
2020-05-29,18,0,2020-07-10 18:40:00,2020-07-26 00:00:00,0.04382464652547874,0.0
2020-06-05,18,0,2020-07-21 00:00:00,2020-08-02 12:00:00,0.04568931312048569,0.0
2020-06-11,18,0,2020-07-25 12:00:00,2020-07-21 00:00:00,0.045265243099167074,0.0
2020-06-17,18,0,2020-07-31 01:20:00,2020-07-30 00:00:00,0.045352496279341806,0.0
2020-06-23,18,0,2020-08-08 14:40:00,2020-08-10 00:00:00,0.044515696751311624,0.0
2020-06-29,18,0,2020-08-14 05:20:00,2020-08-14 12:00:00,0.044229845809245216,0.0
2020-07-03,18,0,2020-08-18 22:40:00,2020-08-18 12:00:00,0.04352132601160792,0.0
2020-07-09,18,0,2020-08-20 06:40:00,2020-08-07 00:00:00,0.04250965040375571,0.0
2020-07-15,18,0,2020-08-22 06:40:00,2020-08-07 12:00:00,0.04249117287524935,0.0
2020-07-21,18,0,2020-08-25 12:00:00,2020-08-09 12:00:00,0.041248161869936746,0.0
2020-07-27,18,0,2020-08-27 20:00:00,2020-08-11 12:00:00,0.040681077898902206,0.0
2020-07-31,18,0,2020-08-30 20:00:00,2020-08-16 00:00:00,0.04004255077366678,0.0
2020-08-06,18,0,2020-09-07 05:20:00,2020-08-23 12:00:00,0.0387859126702412,0.0
2020-08-12,18,0,2020-09-07 17:20:00,2020-08-27 12:00:00,0.03792718380949958,0.0
2020-08-18,18,0,2020-09-09 10:40:00,2020-09-02 12:00:00,0.036120520858136995,0.0
2020-08-24,18,0,2020-09-16 08:00:00,2020-09-03 00:00:00,0.03553202025377355,0.0
2020-08-28,18,0,2020-09-14 08:00:00,2020-09-05 12:00:00,0.03394123196899915,0.0
2020-09-03,18,0,2020-09-19 14:40:00,2020-09-07 00:00:00,0.03277335578005307,0.0
2020-09-09,18,0,2020-09-23 16:00:00,2020-09-10 12:00:00,0.032078778170684705,0.0
2020-09-15,18,0,2020-09-30 17:20:00,2020-09-17 00:00:00,0.030433783076931287,0.0
2020-09-21,18,0,2020-10-12 00:00:00,2020-09-27 00:00:00,0.03020118827953895,0.0
2020-09-25,18,0,2020-10-14 04:00:00,2020-10-12 12:00:00,0.029706503240331823,0.0
2020-10-01,18,0,2020-10-17 08:00:00,2020-10-16 00:00:00,0.028634105819305686,0.0
2020-10-07,18,0,2020-10-24 09:20:00,2020-10-16 00:00:00,0.02764439325803054,0.0
2020-10-13,18,0,2020-11-06 22:40:00,2020-10-24 00:00:00,0.026063132397619496,0.0
2020-10-19,18,0,2020-11-13 17:20:00,2020-11-02 00:00:00,0.02518279770009225,0.0
2020-10-23,18,0,2020-11-18 22:40:00,2020-11-05 12:00:00,0.02387863820730235,0.0
2020-10-29,18,0,2020-11-22 05:20:00,2020-11-18 12:00:00,0.02515865522133802,0.0
2020-11-04,18,0,2020-11-28 00:00:00,2020-11-23 12:00:00,0.024627536979484235,0.0
2020-11-10,18,0,2020-12-08 17:20:00,2020-11-27 12:00:00,0.02469695519668814,0.0
2020-11-16,18,0,2020-12-23 06:40:00,2020-12-16 00:00:00,0.025436100297909256,0.0
2020-11-20,18,0,2020-12-30 02:40:00,2020-12-31 12:00:00,0.02480845478211105,0.0
2020-11-26,18,0,2021-01-12 18:40:00,2021-01-13 12:00:00,0.023046822652723228,0.0
2020-12-02,18,0,2021-01-17 21:20:00,2021-01-19 12:00:00,0.021922241654677918,0.0
2020-12-08,18,0,2021-01-27 14:40:00,2021-01-30 12:00:00,0.020417138353052554,0.0
2020-12-14,18,0,2021-01-31 05:20:00,2021-02-05 00:00:00,0.01972788681819454,0.0
2020-12-18,18,0,2021-01-30 22:40:00,2021-02-07 12:00:00,0.018633010717914525,0.0
2020-12-28,18,0,2021-02-02 21:20:00,2021-02-07 00:00:00,0.018141709847039333,0.0
2021-01-05,18,0,2021-02-07 18:40:00,2021-01-30 00:00:00,0.017729396518699033,0.0
2021-01-11,18,0,2021-02-17 02:40:00,2021-02-05 00:00:00,0.01715748051402266,0.0
2021-01-15,18,0,2021-02-17 16:00:00,2021-02-01 00:00:00,0.01681597643379336,0.0
2021-01-21,18,0,2021-02-23 04:00:00,2021-02-04 00:00:00,0.01624722212241545,0.0
2021-01-27,18,0,2021-03-07 20:00:00,2021-02-25 12:00:00,0.016249741499075383,0.0
2021-02-02,18,0,2021-03-18 02:40:00,2021-03-10 12:00:00,0.01627681241400397,0.0
2021-02-08,18,0,2021-03-21 16:00:00,2021-03-21 12:00:00,0.015800426035467188,0.0
2021-02-12,18,0,2021-03-16 17:20:00,2021-03-24 12:00:00,0.01552604472517786,0.0
2021-02-18,18,0,2021-03-17 21:20:00,2021-03-25 12:00:00,0.01506822444303939,0.0
2021-02-24,18,0,2021-03-24 06:40:00,2021-03-30 00:00:00,0.014764098587840328,0.0
2021-03-02,18,0,2021-03-30 17:20:00,2021-03-31 12:00:00,0.014713092393925455,0.0
2021-03-08,18,0,2021-04-08 02:40:00,2021-03-27 00:00:00,0.0146439452542076,0.0
2021-03-12,18,0,2021-04-14 09:20:00,2021-04-04 12:00:00,0.014280852060369343,0.0
2021-03-18,18,0,2021-04-12 14:40:00,2021-04-03 00:00:00,0.0139307871204372,0.0
2021-03-24,18,0,2021-04-18 17:20:00,2021-04-15 00:00:00,0.013519361739998811,0.0
2021-03-30,18,0,2021-04-16 14:40:00,2021-04-17 12:00:00,0.01301587028967976,0.0
2021-04-07,18,0,2021-04-25 10:40:00,2021-04-19 00:00:00,0.012665447953579066,0.0
2021-04-13,18,0,2021-05-21 09:20:00,2021-05-17 12:00:00,0.012638210896100573,0.0
2021-04-19,18,0,2021-05-17 12:00:00,2021-04-23 00:00:00,0.012259198520201645,0.0
2021-04-23,18,1,2021-05-28 22:40:00,2021-05-17 12:00:00,0.012241522331299999,0.05555555555555555
2021-04-29,18,0,2021-06-11 22:40:00,2021-06-10 12:00:00,0.012104243890367627,0.0
2021-05-05,18,0,2021-06-20 09:20:00,2021-06-20 12:00:00,0.012091628369877639,0.0
2021-05-11,18,0,2021-06-29 00:00:00,2021-06-26 00:00:00,0.011872668197417767,0.0
2021-05-18,18,0,2021-07-09 20:00:00,2021-07-09 12:00:00,0.011505027393275162,0.0
2021-05-25,18,0,2021-07-18 01:20:00,2021-07-21 12:00:00,0.011365434500092428,0.0
2021-05-31,18,0,2021-07-24 13:20:00,2021-07-27 12:00:00,0.010884647202717227,0.0
2021-06-04,18,0,2021-07-27 04:00:00,2021-07-30 12:00:00,0.010508447030676578,0.0
2021-06-10,18,1,2021-08-02 14:40:00,2021-08-03 00:00:00,0.010091978915675127,0.05555555555555555
2021-06-16,18,3,2021-08-07 14:40:00,2021-08-06 12:00:00,0.009681851776436183,0.16666666666666666
2021-06-22,18,3,2021-08-07 02:40:00,2021-08-08 00:00:00,0.009484140811731016,0.16666666666666666
2021-06-28,18,2,2021-08-11 18:40:00,2021-08-09 00:00:00,0.009059428696027418,0.1111111111111111
2021-07-02,18,1,2021-08-16 02:40:00,2021-08-15 00:00:00,0.008837772518116828,0.05555555555555555
2021-07-08,18,0,2021-08-25 16:00:00,2021-08-24 12:00:00,0.00881783361205195,0.0
2021-07-14,18,0,2021-08-31 08:00:00,2021-09-01 12:00:00,0.00848454020232909,0.0
2021-07-20,18,0,2021-08-31 09:20:00,2021-08-26 00:00:00,0.0101466810258323,0.0
2021-07-26,18,0,2021-09-05 22:40:00,2021-08-27 12:00:00,0.00978584156462369,0.0
2021-07-30,18,0,2021-09-05 16:00:00,2021-08-30 00:00:00,0.009628591780410428,0.0
2021-08-05,18,1,2021-09-12 21:20:00,2021-09-09 00:00:00,0.009280119020150726,0.05555555555555555
2021-08-11,18,0,2021-09-23 05:20:00,2021-09-15 00:00:00,0.008911035046411244,0.0
2021-08-17,18,0,2021-09-28 05:20:00,2021-09-20 00:00:00,0.008574041512385343,0.0
2021-08-23,18,1,2021-10-06 02:40:00,2021-10-04 00:00:00,0.008309120418885816,0.05555555555555555
2021-08-27,18,0,2021-10-07 04:00:00,2021-09-27 12:00:00,0.007981662871857089,0.0
2021-09-02,18,2,2021-10-15 00:00:00,2021-10-11 12:00:00,0.00781045196341031,0.1111111111111111
2021-09-08,18,6,2021-10-14 09:20:00,2021-10-09 00:00:00,0.008000111239336827,0.3333333333333333
2021-09-14,18,6,2021-10-14 18:40:00,2021-10-11 00:00:00,0.008492800056016294,0.3333333333333333
2021-09-20,18,5,2021-10-24 04:00:00,2021-10-20 00:00:00,0.009743316832733877,0.2777777777777778
2021-09-24,18,4,2021-10-29 02:40:00,2021-10-25 12:00:00,0.010144588331433422,0.2222222222222222
2021-09-30,18,0,2021-11-13 06:40:00,2021-11-08 12:00:00,0.011149130801045383,0.0
2021-10-06,18,0,2021-11-28 05:20:00,2021-11-29 00:00:00,0.011833811735332538,0.0
2021-10-12,18,0,2021-12-04 06:40:00,2021-12-05 12:00:00,0.011470601023634867,0.0
2021-10-18,18,0,2021-12-10 22:40:00,2021-12-11 12:00:00,0.011170539309173905,0.0
2021-10-22,18,0,2021-12-13 18:40:00,2021-12-11 00:00:00,0.010468590494223067,0.0
2021-10-28,18,0,2021-12-19 00:00:00,2021-12-15 00:00:00,0.009700330455861522,0.0
2021-11-03,18,0,2021-12-23 21:20:00,2021-12-21 00:00:00,0.009436378475268483,0.0
2021-11-09,18,0,2021-12-28 00:00:00,2021-12-25 00:00:00,0.009140526213273839,0.0
2021-11-15,18,1,2022-01-01 04:00:00,2021-12-29 00:00:00,0.009072950347254867,0.05555555555555555
2021-11-19,18,0,2022-01-02 17:20:00,2021-12-31 00:00:00,0.008961563147600311,0.0
2021-11-25,18,0,2022-01-06 21:20:00,2022-01-01 00:00:00,0.008946845210778188,0.0
2021-12-01,18,0,2022-01-07 20:00:00,2022-01-06 00:00:00,0.010108971083121395,0.0
2021-12-07,18,0,2022-01-12 02:40:00,2022-01-08 00:00:00,0.009706196762320478,0.0
2021-12-13,18,0,2022-01-17 08:00:00,2022-01-15 00:00:00,0.009558099257843712,0.0
2021-12-17,18,0,2022-01-24 18:40:00,2022-01-25 00:00:00,0.00994312315488599,0.0
2021-12-23,18,0,2022-01-31 08:00:00,2022-02-04 12:00:00,0.010297128845933238,0.0
2021-12-30,18,0,2022-02-08 06:40:00,2022-02-09 12:00:00,0.010512246695172433,0.0
2022-01-06,18,0,2022-02-16 18:40:00,2022-02-16 12:00:00,0.010323947139995055,0.0
2022-01-12,18,0,2022-02-22 10:40:00,2022-02-21 00:00:00,0.009984240781984361,0.0
2022-01-18,18,0,2022-03-01 10:40:00,2022-02-27 12:00:00,0.009733195340384629,0.0
2022-01-24,18,0,2022-03-08 21:20:00,2022-03-10 12:00:00,0.011221653316692962,0.0
2022-01-28,18,0,2022-03-13 22:40:00,2022-03-18 12:00:00,0.012109706180778022,0.0
2022-02-03,18,0,2022-03-20 13:20:00,2022-03-25 00:00:00,0.012124159879020083,0.0
2022-02-09,18,0,2022-03-24 20:00:00,2022-04-03 00:00:00,0.013261535891419167,0.0
2022-02-15,18,0,2022-03-15 21:20:00,2022-03-18 00:00:00,0.013628877094583432,0.0
2022-02-21,18,0,2022-03-20 10:40:00,2022-03-26 00:00:00,0.013688096434066923,0.0
2022-02-25,18,0,2022-03-27 09:20:00,2022-04-03 00:00:00,0.015263327309704332,0.0
2022-03-03,18,0,2022-03-25 00:00:00,2022-03-17 12:00:00,0.016388700027940947,0.0
2022-03-09,18,0,2022-04-02 04:00:00,2022-03-10 00:00:00,0.018863972968842117,0.0
2022-03-15,18,0,2022-04-21 21:20:00,2022-04-04 12:00:00,0.019615388858633072,0.0
2022-03-21,18,0,2022-05-14 00:00:00,2022-05-14 12:00:00,0.019458955815869712,0.0
2022-03-25,18,0,2022-05-16 21:20:00,2022-05-15 12:00:00,0.019192362781574622,0.0
2022-03-31,18,0,2022-05-21 00:00:00,2022-05-19 12:00:00,0.018686948407733397,0.0
2022-04-06,18,0,2022-05-23 14:40:00,2022-05-27 00:00:00,0.018439398102956927,0.0
2022-04-12,18,0,2022-05-25 09:20:00,2022-05-31 12:00:00,0.018221985064000974,0.0
2022-04-20,18,0,2022-05-27 16:00:00,2022-06-06 00:00:00,0.017882955068117865,0.0
2022-04-26,18,0,2022-05-30 05:20:00,2022-06-07 00:00:00,0.018074044897316358,0.0
2022-05-02,18,0,2022-05-31 17:20:00,2022-06-11 00:00:00,0.017526277344440094,0.0
2022-05-06,18,0,2022-06-09 05:20:00,2022-06-13 00:00:00,0.017533302021448635,0.0
2022-05-12,18,0,2022-06-16 14:40:00,2022-06-16 00:00:00,0.017832325851394056,0.0
2022-05-18,18,0,2022-06-17 10:40:00,2022-06-14 00:00:00,0.017399815223713824,0.0
2022-05-24,18,0,2022-06-23 13:20:00,2022-06-18 00:00:00,0.01700619906665572,0.0
2022-05-31,18,0,2022-07-04 14:40:00,2022-06-29 12:00:00,0.016757428107493907,0.0
2022-06-07,18,0,2022-07-13 13:20:00,2022-07-12 12:00:00,0.016411606665977217,0.0
2022-06-13,18,0,2022-07-19 00:00:00,2022-07-17 00:00:00,0.01640997186737425,0.0
2022-06-17,18,0,2022-07-19 09:20:00,2022-07-17 12:00:00,0.01656167307873181,0.0
2022-06-23,18,0,2022-07-26 14:40:00,2022-07-29 00:00:00,0.016321706633036986,0.0
2022-06-29,18,0,2022-07-30 00:00:00,2022-08-01 12:00:00,0.015961680514350506,0.0
2022-07-05,18,0,2022-07-28 12:00:00,2022-07-29 12:00:00,0.015962958366903195,0.0
2022-07-11,18,0,2022-07-25 06:40:00,2022-07-22 00:00:00,0.01695358011750034,0.0
2022-07-15,18,0,2022-07-28 04:00:00,2022-07-29 00:00:00,0.017377279576456725,0.0
2022-07-21,18,0,2022-08-09 09:20:00,2022-08-12 12:00:00,0.01857427811625639,0.0
2022-07-27,18,0,2022-08-15 13:20:00,2022-08-22 00:00:00,0.019582296206908698,0.0
2022-08-03,18,0,2022-08-16 20:00:00,2022-08-11 12:00:00,0.021200333015775723,0.0
2022-08-09,18,0,2022-09-03 01:20:00,2022-08-26 12:00:00,0.02108894637772044,0.0
2022-08-15,18,0,2022-09-07 01:20:00,2022-08-31 12:00:00,0.02124044823845536,0.0
2022-08-19,18,0,2022-09-13 00:00:00,2022-09-09 00:00:00,0.020915187260393518,0.0
2022-08-25,18,0,2022-09-25 14:40:00,2022-09-24 12:00:00,0.02039139182375039,0.0
2022-08-31,18,0,2022-09-29 20:00:00,2022-10-01 00:00:00,0.02020926218683118,0.0
2022-09-06,18,0,2022-10-11 00:00:00,2022-10-15 00:00:00,0.01943419632077616,0.0
2022-09-12,18,0,2022-10-17 12:00:00,2022-10-14 00:00:00,0.018553440737194418,0.0
2022-09-16,18,0,2022-10-30 01:20:00,2022-10-21 00:00:00,0.018321450130453845,0.0
2022-09-22,18,0,2022-11-06 02:40:00,2022-11-04 00:00:00,0.018762201854607,0.0
2022-09-28,18,0,2022-11-12 20:00:00,2022-11-17 12:00:00,0.019802093554525477,0.0
2022-10-04,18,0,2022-11-18 14:40:00,2022-11-21 00:00:00,0.019807049909494973,0.0
2022-10-10,18,0,2022-11-26 06:40:00,2022-11-28 12:00:00,0.019384938991503384,0.0
2022-10-14,18,0,2022-11-28 04:00:00,2022-12-02 12:00:00,0.018955082584271355,0.0
2022-10-20,18,0,2022-12-05 21:20:00,2022-12-04 12:00:00,0.018981632363355642,0.0
2022-10-26,18,0,2022-12-11 18:40:00,2022-12-10 00:00:00,0.019155105812800534,0.0
2022-11-01,18,0,2022-12-19 22:40:00,2022-12-20 12:00:00,0.018367496253466096,0.0
2022-11-07,18,0,2022-12-28 14:40:00,2022-12-31 00:00:00,0.01775900337016249,0.0
2022-11-11,18,0,2023-01-03 00:00:00,2023-01-04 00:00:00,0.01869240699869488,0.0
2022-11-17,18,0,2023-01-09 18:40:00,2023-01-09 12:00:00,0.019099962609387615,0.0
2022-11-23,18,0,2023-01-15 14:40:00,2023-01-14 12:00:00,0.019528741886794754,0.0
2022-11-29,18,0,2023-01-21 14:40:00,2023-01-21 12:00:00,0.019915702520194235,0.0
2022-12-05,18,0,2023-01-27 21:20:00,2023-01-26 00:00:00,0.02017650067095657,0.0
2022-12-09,18,0,2023-01-31 01:20:00,2023-01-31 12:00:00,0.01995726493027432,0.0
2022-12-15,18,0,2023-02-06 02:40:00,2023-02-05 00:00:00,0.01980570943170802,0.0
2022-12-21,18,0,2023-02-11 12:00:00,2023-02-12 00:00:00,0.01949344062475431,0.0
2022-12-28,18,0,2023-02-16 21:20:00,2023-02-14 12:00:00,0.01840153695238733,0.0
2023-01-04,18,0,2023-02-16 18:40:00,2023-02-10 00:00:00,0.01755667212446739,0.0
2023-01-10,18,0,2023-02-18 09:20:00,2023-02-08 12:00:00,0.01680131593003829,0.0
2023-01-16,18,0,2023-02-20 16:00:00,2023-02-10 12:00:00,0.01627328093606466,0.0
2023-01-20,18,0,2023-02-22 06:40:00,2023-02-16 00:00:00,0.015638521522000213,0.0
2023-01-26,18,0,2023-02-28 10:40:00,2023-02-24 12:00:00,0.0151410419751261,0.0
2023-02-01,18,0,2023-02-22 17:20:00,2023-02-16 12:00:00,0.014395097766751361,0.0
2023-02-07,18,0,2023-02-20 05:20:00,2023-02-14 00:00:00,0.013749734625534095,0.0
2023-02-13,18,0,2023-02-21 09:20:00,2023-02-15 00:00:00,0.01307600353279579,0.0
2023-02-17,18,0,2023-02-20 08:00:00,2023-02-18 00:00:00,0.012440534114829017,0.0
2023-02-23,18,0,2023-02-27 09:20:00,2023-02-24 00:00:00,0.012181506857391201,0.0
2023-03-01,18,0,2023-03-11 14:40:00,2023-03-07 12:00:00,0.012229797006070527,0.0
2023-03-07,18,0,2023-03-11 22:40:00,2023-03-10 12:00:00,0.011975811831432294,0.0
2023-03-13,18,0,2023-03-19 14:40:00,2023-03-18 00:00:00,0.013452245660139629,0.0
2023-03-17,18,0,2023-03-29 00:00:00,2023-03-20 00:00:00,0.01591242515667125,0.0
2023-03-23,18,0,2023-04-08 05:20:00,2023-04-03 00:00:00,0.015850924724639538,0.0
2023-03-29,18,0,2023-04-12 20:00:00,2023-04-04 12:00:00,0.015904822940031562,0.0
2023-04-04,18,0,2023-04-23 08:00:00,2023-04-25 00:00:00,0.015704569908190632,0.0
2023-04-12,18,0,2023-04-28 17:20:00,2023-04-29 12:00:00,0.01550667306662415,0.0
2023-04-18,18,0,2023-05-06 21:20:00,2023-05-03 00:00:00,0.015137692984095166,0.0
2023-04-24,18,0,2023-05-13 18:40:00,2023-05-09 00:00:00,0.0148604675069567,0.0
2023-04-28,18,0,2023-05-17 20:00:00,2023-05-17 00:00:00,0.01437963311562929,0.0
2023-05-05,18,0,2023-06-02 06:40:00,2023-05-26 00:00:00,0.014011160245240017,0.0
2023-05-11,18,0,2023-06-07 13:20:00,2023-06-02 12:00:00,0.013728897442224957,0.0
2023-05-17,18,0,2023-06-09 22:40:00,2023-05-28 00:00:00,0.013297477547656193,0.0
2023-05-24,18,0,2023-06-13 08:00:00,2023-06-07 12:00:00,0.013344752900004734,0.0
2023-05-31,18,0,2023-06-19 01:20:00,2023-06-17 12:00:00,0.013735041860360724,0.0
2023-06-06,18,0,2023-06-20 01:20:00,2023-06-19 12:00:00,0.013512105773166593,0.0
2023-06-12,18,0,2023-06-25 16:00:00,2023-06-24 00:00:00,0.013168507246026372,0.0
2023-06-16,18,0,2023-06-25 20:00:00,2023-06-22 12:00:00,0.012585292168211961,0.0
2023-06-22,18,0,2023-06-30 20:00:00,2023-07-02 00:00:00,0.012602525032201967,0.0
2023-06-28,18,0,2023-07-13 16:00:00,2023-07-09 00:00:00,0.012626576869316605,0.0
2023-07-04,18,0,2023-07-24 00:00:00,2023-07-15 00:00:00,0.012218512400310182,0.0
2023-07-10,18,0,2023-07-19 01:20:00,2023-07-12 12:00:00,0.012573630070525638,0.0
2023-07-14,18,0,2023-07-21 22:40:00,2023-07-17 00:00:00,0.012296127600161078,0.0
2023-07-20,18,0,2023-07-26 08:00:00,2023-07-22 00:00:00,0.01235626762610154,0.0
2023-07-26,18,0,2023-08-17 20:00:00,2023-08-09 00:00:00,0.012281404697966479,0.0
2023-08-02,18,0,2023-08-21 14:40:00,2023-08-18 12:00:00,0.012131827241553667,0.0
2023-08-08,18,0,2023-08-28 01:20:00,2023-08-28 00:00:00,0.011766118831007123,0.0
2023-08-14,18,0,2023-08-31 06:40:00,2023-08-28 12:00:00,0.011356258464182846,0.0
2023-08-18,18,0,2023-09-05 05:20:00,2023-09-07 12:00:00,0.011603660671758283,0.0
2023-08-24,18,0,2023-09-20 00:00:00,2023-09-19 00:00:00,0.011276653431956156,0.0
2023-08-30,18,0,2023-09-25 10:40:00,2023-09-21 00:00:00,0.011085754478502578,0.0
2023-09-05,18,0,2023-10-01 05:20:00,2023-09-24 12:00:00,0.010711334517940511,0.0
2023-09-11,18,0,2023-09-30 14:40:00,2023-09-20 12:00:00,0.010515404571665039,0.0
2023-09-15,18,0,2023-09-28 21:20:00,2023-09-22 00:00:00,0.010228687883637094,0.0
2023-09-21,18,0,2023-10-04 01:20:00,2023-09-23 00:00:00,0.010130884824060772,0.0
2023-09-27,18,0,2023-10-16 01:20:00,2023-09-28 00:00:00,0.010291003979486178,0.0
2023-10-03,18,0,2023-10-29 17:20:00,2023-11-02 00:00:00,0.010416057450833911,0.0
2023-10-09,18,0,2023-11-07 10:40:00,2023-11-10 12:00:00,0.010297328720360112,0.0
2023-10-13,18,0,2023-11-20 18:40:00,2023-11-21 00:00:00,0.010089171661619434,0.0
2023-10-19,18,0,2023-11-14 14:40:00,2023-11-15 00:00:00,0.009748121498108489,0.0
2023-10-25,18,0,2023-11-15 18:40:00,2023-11-17 00:00:00,0.009843019915457123,0.0
2023-10-31,18,0,2023-11-14 10:40:00,2023-11-11 00:00:00,0.010264354883401812,0.0
2023-11-06,18,0,2023-11-28 08:00:00,2023-12-02 00:00:00,0.01070489369392454,0.0
2023-11-10,18,0,2023-11-25 08:00:00,2023-11-23 00:00:00,0.011257972964466699,0.0
2023-11-16,18,0,2023-12-10 18:40:00,2023-12-03 00:00:00,0.012016557248547027,0.0
2023-11-22,18,0,2023-12-24 09:20:00,2023-12-17 12:00:00,0.012443453178065033,0.0
2023-11-28,18,0,2024-01-05 09:20:00,2024-01-06 12:00:00,0.012373690340668677,0.0
2023-12-04,18,0,2024-01-26 13:20:00,2024-01-27 12:00:00,0.012387585682329134,0.0
2023-12-08,18,0,2024-01-29 04:00:00,2024-01-30 12:00:00,0.012524718214729249,0.0
2023-12-14,18,1,2024-02-02 22:40:00,2024-02-05 12:00:00,0.012245493555861301,0.05555555555555555
2023-12-20,18,0,2024-02-09 04:00:00,2024-02-11 12:00:00,0.011847651042616585,0.0
2023-12-28,18,0,2024-02-18 17:20:00,2024-02-20 12:00:00,0.011231511436027374,0.0
2024-01-05,18,0,2024-02-29 14:40:00,2024-02-29 12:00:00,0.010793606782459393,0.0
2024-01-11,18,0,2024-03-06 06:40:00,2024-03-06 12:00:00,0.010493273458707033,0.0
2024-01-17,18,0,2024-03-09 20:00:00,2024-03-12 00:00:00,0.010275956438327384,0.0
2024-01-23,18,0,2024-03-13 16:00:00,2024-03-13 12:00:00,0.009920690411241561,0.0
2024-01-29,18,0,2024-03-15 02:40:00,2024-03-09 00:00:00,0.00970291252222945,0.0
2024-02-02,18,0,2024-03-15 17:20:00,2024-03-07 12:00:00,0.009438739477620507,0.0
2024-02-08,18,0,2024-03-13 14:40:00,2024-03-02 12:00:00,0.009323649724114706,0.0
2024-02-14,18,0,2024-03-12 22:40:00,2024-03-03 00:00:00,0.00899966545401825,0.0
2024-02-20,18,0,2024-03-10 06:40:00,2024-02-27 00:00:00,0.008782789119169127,0.0
2024-02-26,18,0,2024-03-07 08:00:00,2024-02-28 12:00:00,0.008578831709253689,0.0
2024-03-01,18,0,2024-03-05 17:20:00,2024-03-02 00:00:00,0.008322585478517771,0.0
2024-03-07,18,0,2024-03-10 17:20:00,2024-03-08 00:00:00,0.008171492810088127,0.0
2024-03-13,18,0,2024-03-15 09:20:00,2024-03-14 00:00:00,0.00802873009764461,0.0
2024-03-19,18,0,2024-03-22 09:20:00,2024-03-20 00:00:00,0.008095528088013273,0.0
2024-03-25,18,0,2024-03-28 10:40:00,2024-03-26 00:00:00,0.007970190938805523,0.0
2024-04-02,18,0,2024-04-04 06:40:00,2024-04-03 00:00:00,0.008070079352899133,0.0
2024-04-08,18,0,2024-04-16 18:40:00,2024-04-09 12:00:00,0.008233362072383123,0.0
2024-04-12,18,0,2024-04-29 13:20:00,2024-04-20 12:00:00,0.008516140482510433,0.0
2024-04-18,18,0,2024-05-09 18:40:00,2024-05-09 12:00:00,0.009399227231363445,0.0
2024-04-24,18,0,2024-05-18 08:00:00,2024-05-15 12:00:00,0.009123937982061923,0.0
2024-04-30,18,0,2024-05-19 06:40:00,2024-05-11 00:00:00,0.008901649325378111,0.0
2024-05-07,18,0,2024-06-02 09:20:00,2024-06-02 12:00:00,0.008941377084555727,0.0
2024-05-14,18,0,2024-06-12 18:40:00,2024-06-10 00:00:00,0.008823767888069867,0.0
2024-05-21,18,0,2024-06-19 02:40:00,2024-06-16 00:00:00,0.008426452523006844,0.0
2024-05-27,18,0,2024-06-23 21:20:00,2024-06-16 00:00:00,0.0080889481626841,0.0
2024-05-31,18,1,2024-06-28 17:20:00,2024-06-22 00:00:00,0.008085764687509704,0.05555555555555555
2024-06-06,18,0,2024-07-03 13:20:00,2024-06-28 00:00:00,0.007813970138544556,0.0
2024-06-12,18,0,2024-07-11 08:00:00,2024-07-04 12:00:00,0.007962021606650422,0.0
2024-06-18,18,0,2024-07-17 10:40:00,2024-07-16 12:00:00,0.009106709528302056,0.0
2024-06-24,18,1,2024-07-23 20:00:00,2024-07-27 12:00:00,0.009124881470420738,0.05555555555555555
2024-06-28,18,0,2024-07-30 05:20:00,2024-08-01 12:00:00,0.009534596082796132,0.0
2024-07-04,18,0,2024-08-05 08:00:00,2024-08-08 00:00:00,0.009683425809967193,0.0
2024-07-10,18,0,2024-08-09 18:40:00,2024-07-27 12:00:00,0.009657999055519166,0.0
2024-07-16,18,0,2024-08-20 18:40:00,2024-08-11 12:00:00,0.009564855740072844,0.0
2024-07-22,18,0,2024-08-23 21:20:00,2024-08-05 00:00:00,0.009598011472617277,0.0
2024-07-26,18,0,2024-09-04 00:00:00,2024-08-22 00:00:00,0.009741083258771122,0.0
2024-08-02,18,0,2024-09-04 02:40:00,2024-08-09 12:00:00,0.010212190375513422,0.0
2024-08-08,18,0,2024-09-14 02:40:00,2024-09-02 12:00:00,0.013026262005706621,0.0
2024-08-14,18,0,2024-09-21 02:40:00,2024-09-10 00:00:00,0.013070160732355894,0.0
2024-08-20,18,0,2024-10-07 20:00:00,2024-10-04 12:00:00,0.012477748222303055,0.0
2024-08-26,18,0,2024-10-20 22:40:00,2024-10-20 00:00:00,0.011839936281100239,0.0
2024-08-30,18,0,2024-10-22 13:20:00,2024-10-15 12:00:00,0.011653793580289484,0.0
2024-09-05,18,0,2024-10-26 09:20:00,2024-10-20 00:00:00,0.011319097027617554,0.0
2024-09-11,18,0,2024-10-26 16:00:00,2024-10-11 12:00:00,0.011306826044747606,0.0
2024-09-17,18,0,2024-10-31 02:40:00,2024-10-17 12:00:00,0.010990008397749723,0.0
2024-09-23,18,0,2024-11-03 13:20:00,2024-10-26 00:00:00,0.010856037047319734,0.0
2024-09-27,18,0,2024-11-03 20:00:00,2024-10-10 00:00:00,0.010802693829592643,0.0
2024-10-03,18,0,2024-11-13 05:20:00,2024-11-10 00:00:00,0.010668306224534655,0.0
2024-10-09,18,0,2024-11-11 20:00:00,2024-11-03 12:00:00,0.010506018510410907,0.0
2024-10-15,18,0,2024-11-10 17:20:00,2024-11-01 12:00:00,0.010134413590760477,0.0
2024-10-21,18,0,2024-12-04 06:40:00,2024-12-14 00:00:00,0.010010084974880939,0.0
2024-10-25,18,0,2024-12-02 16:00:00,2024-12-14 12:00:00,0.009815398447338423,0.0
2024-10-31,18,0,2024-12-07 20:00:00,2024-12-15 12:00:00,0.010236769492699567,0.0
2024-11-06,18,0,2024-12-14 14:40:00,2024-12-21 12:00:00,0.010469940960254855,0.0
2024-11-12,18,0,2024-12-24 01:20:00,2025-01-02 00:00:00,0.010453666743784356,0.0
2024-11-18,18,0,2025-01-06 01:20:00,2025-01-11 00:00:00,0.010607988631294562,0.0
2024-11-22,18,0,2025-01-13 18:40:00,2025-01-13 12:00:00,0.010426566045183005,0.0
2024-11-28,18,0,2025-01-18 17:20:00,2025-01-13 12:00:00,0.010188548854302789,0.0
2024-12-04,18,0,2025-01-22 05:20:00,2025-01-12 12:00:00,0.01008908024050001,0.0
2024-12-10,18,0,2025-01-25 08:00:00,2025-01-15 00:00:00,0.00966765366381906,0.0
2024-12-16,18,0,2025-01-29 13:20:00,2025-01-15 12:00:00,0.009251275835960773,0.0
2024-12-20,18,0,2025-01-28 00:00:00,2025-01-13 12:00:00,0.009221827698629273,0.0
2025-01-03,18,0,2025-02-01 04:00:00,2025-01-16 12:00:00,0.008961040095752833,0.0
2025-01-09,18,0,2025-02-02 17:20:00,2025-01-26 12:00:00,0.00887864568194056,0.0
2025-01-15,18,0,2025-02-08 20:00:00,2025-02-03 12:00:00,0.00871244206990515,0.0
2025-01-21,18,0,2025-02-04 09:20:00,2025-01-23 00:00:00,0.009452049442495739,0.0
2025-01-27,18,0,2025-02-25 13:20:00,2025-03-03 00:00:00,0.010640286789808806,0.0
2025-01-31,18,0,2025-03-06 01:20:00,2025-03-05 12:00:00,0.011293406788416716,0.0
2025-02-06,18,0,2025-03-15 18:40:00,2025-03-21 12:00:00,0.011642533233700712,0.0
2025-02-12,18,0,2025-03-03 05:20:00,2025-02-14 00:00:00,0.011864377874592293,0.0
2025-02-18,18,1,2025-03-12 09:20:00,2025-02-21 00:00:00,0.012339556286225772,0.05555555555555555
2025-02-24,18,0,2025-04-01 02:40:00,2025-03-29 00:00:00,0.012086593716500072,0.0
2025-02-28,18,0,2025-04-11 16:00:00,2025-04-09 00:00:00,0.011575020625559556,0.0
2025-03-06,18,0,2025-04-24 22:40:00,2025-04-26 12:00:00,0.011165997296843866,0.0
2025-03-12,18,0,2025-05-05 13:20:00,2025-05-07 00:00:00,0.011549140451828544,0.0
2025-03-18,18,0,2025-05-08 18:40:00,2025-05-12 00:00:00,0.010914628607312495,0.0
2025-03-24,18,0,2025-05-12 14:40:00,2025-05-16 12:00:00,0.0106285244274191,0.0
2025-03-28,18,0,2025-05-11 17:20:00,2025-05-16 00:00:00,0.0105033893806427,0.0
2025-04-03,18,0,2025-05-20 06:40:00,2025-05-29 00:00:00,0.0116022977814787,0.0
2025-04-09,18,0,2025-05-30 01:20:00,2025-06-04 00:00:00,0.021968313876112304,0.0
2025-04-15,18,0,2025-06-09 05:20:00,2025-06-10 00:00:00,0.021913469287290117,0.0
2025-04-23,18,0,2025-06-18 05:20:00,2025-06-19 12:00:00,0.020599406790225816,0.0
2025-04-29,18,0,2025-06-19 02:40:00,2025-06-21 12:00:00,0.02057273363270448,0.0
2025-05-06,18,0,2025-06-20 12:00:00,2025-06-19 12:00:00,0.020247886972576578,0.0
2025-05-12,18,0,2025-06-22 21:20:00,2025-06-18 00:00:00,0.0201730631668404,0.0
2025-05-16,18,0,2025-06-25 09:20:00,2025-06-22 12:00:00,0.020089872234378598,0.0
2025-05-22,18,1,2025-06-28 12:00:00,2025-06-29 00:00:00,0.019469434564782777,0.05555555555555555
2025-05-28,18,0,2025-07-05 17:20:00,2025-07-06 00:00:00,0.01952788138271501,0.0
2025-06-04,18,0,2025-07-12 06:40:00,2025-07-15 12:00:00,0.019473366339570624,0.0
2025-06-11,18,0,2025-07-20 08:00:00,2025-07-26 12:00:00,0.01958677793165777,0.0
2025-06-17,18,0,2025-07-28 16:00:00,2025-08-04 12:00:00,0.019435241392673896,0.0
2025-06-23,18,0,2025-08-05 21:20:00,2025-08-11 12:00:00,0.019372743642993576,0.0
2025-06-27,18,0,2025-08-07 12:00:00,2025-08-10 12:00:00,0.018811146347438756,0.0
2025-07-03,18,0,2025-08-16 22:40:00,2025-08-20 12:00:00,0.01802578936238971,0.0
2025-07-09,18,0,2025-08-24 13:20:00,2025-08-29 12:00:00,0.017525914354219883,0.0
2025-07-15,18,0,2025-08-29 06:40:00,2025-09-03 12:00:00,0.017036408257243032,0.0
2025-07-21,18,0,2025-08-19 06:40:00,2025-08-20 00:00:00,0.01650925532368508,0.0
2025-07-25,18,0,2025-08-17 04:00:00,2025-08-12 00:00:00,0.016066665752542928,0.0
2025-07-31,18,0,2025-08-15 02:40:00,2025-08-11 12:00:00,0.015505987681293073,0.0
2025-08-07,18,0,2025-08-26 13:20:00,2025-08-17 12:00:00,0.015511919947632902,0.0
2025-08-13,18,0,2025-08-29 05:20:00,2025-08-18 12:00:00,0.014905989043398578,0.0
2025-08-19,18,0,2025-09-10 21:20:00,2025-09-16 12:00:00,0.014576958085836133,0.0
2025-08-25,18,0,2025-09-24 01:20:00,2025-09-26 00:00:00,0.014248956529196685,0.0
2025-08-29,18,0,2025-09-26 09:20:00,2025-09-29 00:00:00,0.013744324032556229,0.0
2025-09-04,18,0,2025-10-02 06:40:00,2025-10-04 00:00:00,0.01353898430894291,0.0
2025-09-10,18,0,2025-10-03 01:20:00,2025-10-05 12:00:00,0.013081476132296078,0.0
2025-09-16,18,0,2025-10-05 18:40:00,2025-10-07 00:00:00,0.012637525325340368,0.0
2025-09-22,18,0,2025-10-06 05:20:00,2025-10-08 00:00:00,0.0120968699777881,0.0
2025-09-26,18,0,2025-10-07 01:20:00,2025-10-07 12:00:00,0.011723276505448544,0.0
2025-10-02,18,0,2025-10-07 04:00:00,2025-10-07 00:00:00,0.011705559379245445,0.0
2025-10-08,18,0,2025-10-09 00:00:00,2025-10-09 00:00:00,0.011730858287786104,0.0
2025-10-14,18,0,2025-10-17 22:40:00,2025-10-15 00:00:00,0.011759011516471,0.0
2025-10-20,18,0,2025-10-27 06:40:00,2025-10-21 00:00:00,0.011730163069830471,0.0
2025-10-24,18,0,2025-10-28 12:00:00,2025-10-25 12:00:00,0.01164889098538146,0.0
2025-10-30,18,1,2025-11-06 09:20:00,2025-11-04 00:00:00,0.011667335238889416,0.05555555555555555
2025-11-05,18,0,2025-11-18 08:00:00,2025-11-18 00:00:00,0.011541197817694589,0.0
2025-11-11,18,0,2025-11-25 14:40:00,2025-11-24 00:00:00,0.01156099570700061,0.0
2025-11-17,18,0,2025-12-05 04:00:00,2025-11-30 12:00:00,0.01129670461046685,0.0
2025-11-21,18,0,2025-12-17 01:20:00,2025-12-09 00:00:00,0.0120570577707561,0.0
2025-11-27,18,0,2025-12-24 08:00:00,2025-12-22 12:00:00,0.011670526927959883,0.0
2025-12-03,18,0,2025-12-30 18:40:00,2026-01-02 00:00:00,0.011200540885728217,0.0
2025-12-09,18,0,2026-01-04 16:00:00,2026-01-04 12:00:00,0.010933352293120044,0.0
2025-12-15,18,0,2026-01-10 14:40:00,2026-01-07 00:00:00,0.010451689992452001,0.0
2025-12-19,18,0,2026-01-14 01:20:00,2026-01-15 12:00:00,0.010061794846927678,0.0
2025-12-30,18,0,2026-01-21 17:20:00,2026-01-16 00:00:00,0.009693102473808288,0.0
2026-01-08,18,0,2026-01-29 18:40:00,2026-01-16 12:00:00,0.00951419747819865,0.0
2026-01-14,18,1,2026-02-01 18:40:00,2026-01-19 12:00:00,0.009279691615050895,0.05555555555555555
2026-01-20,18,3,2026-02-19 06:40:00,2026-02-13 12:00:00,0.009109088763315933,0.16666666666666666
2026-01-26,18,5,2026-03-02 12:00:00,2026-02-20 12:00:00,0.008799656082167267,0.2777777777777778
2026-01-30,18,5,2026-02-26 20:00:00,2026-02-28 00:00:00,0.008445532374395688,0.2777777777777778
2026-02-05,18,5,2026-03-05 21:20:00,2026-03-04 12:00:00,0.008132104518134921,0.2777777777777778
2026-02-11,18,6,2026-03-11 18:40:00,2026-03-12 00:00:00,0.007854971171502589,0.3333333333333333
2026-02-17,18,1,2026-03-14 13:20:00,2026-03-04 00:00:00,0.0077671004598430056,0.05555555555555555
2026-02-23,18,1,2026-03-17 17:20:00,2026-03-13 00:00:00,0.007654885532974862,0.05555555555555555
2026-02-27,18,5,2026-03-18 17:20:00,2026-03-02 12:00:00,0.007406063505139506,0.2777777777777778
2026-03-05,18,1,2026-04-07 10:40:00,2026-03-30 12:00:00,0.010081699190700157,0.05555555555555555
2026-03-11,18,0,2026-04-29 05:20:00,2026-04-24 12:00:00,0.012196566476272618,0.0
2026-03-17,18,0,2026-05-11 05:20:00,2026-05-12 00:00:00,0.013024557918703144,0.0
2026-03-23,18,0,2026-05-17 06:40:00,2026-05-18 12:00:00,0.014669168518253272,0.0
2026-03-27,18,0,2026-05-20 20:00:00,2026-05-22 00:00:00,0.015127726380886228,0.0
2026-04-02,18,0,2026-05-26 12:00:00,2026-05-28 00:00:00,0.014629715917183789,0.0
2026-04-10,18,0,2026-06-04 12:00:00,2026-06-04 12:00:00,0.013921490867961177,0.0
2026-04-16,18,0,2026-06-07 21:20:00,2026-06-03 12:00:00,0.013142507203197595,0.0
2026-04-22,18,0,2026-06-09 00:00:00,2026-06-01 12:00:00,0.013028742117678896,0.0
2026-04-28,18,0,2026-06-10 14:40:00,2026-05-30 12:00:00,0.012881444867597215,0.0
2026-05-05,18,0,2026-06-12 20:00:00,2026-05-29 12:00:00,0.012931939946252838,0.0
2026-05-11,18,0,2026-06-08 18:40:00,2026-05-23 00:00:00,0.012864904896711861,0.0
