t1,t2,observations,tc_predicted,tc_days_after_t2,global_tc_upper_date,positive_lppls_valid,RMSE,SSE,A,B,C1,C2,C,m,omega,phi,damping,optimizer_success,window_dt_requested,tc_days_from_latest_t2
2025-04-29,2025-10-27,126,2027-02-24,485,2027-03-11,True,0.0097012895261336,0.0118584923272037,6.882377064188536,-0.001856695260956,6.515176231818324e-06,-0.0001554232208827,0.0001555597155785,0.9,10.3502688817736,-1.5289019170457177,1.0378494650051229,True,125,285
2025-04-30,2025-10-28,126,2027-03-10,498,2027-03-12,True,0.0094251777133334,0.0111930808409176,6.8053223114117465,-0.0015678216434842,-0.0001223680093066,-5.230434449755416e-06,0.0001224797417787,0.9,11.036620108712652,-3.0988751768301555,1.0438517145779518,True,125,299
2025-05-05,2025-10-30,126,2027-03-12,498,2027-03-14,True,0.0091244231210703,0.0104901422588326,6.73051189679846,-0.0014198976216132,-0.0001069200746875,-2.7011098479057228e-05,0.0001102791993634,0.8880531518394853,11.036524048314536,-2.8941412871216667,1.036024613502706,True,125,301
2025-05-06,2025-10-31,126,2027-03-02,487,2027-03-15,True,0.009110395162512,0.0104579118021574,6.6752072935765,-0.0011618746403229,-9.234387691321966e-05,-5.938415796039455e-06,9.253462263137248e-05,0.8989283073607293,11.021136969269527,-3.0773734525203773,1.0241266588605222,True,125,291
2025-04-01,2025-11-05,151,2027-03-03,483,2027-03-20,True,0.0182710277153694,0.0504083985201453,8.63643628940687,-0.0077719116094457,-0.0003531617175646,0.0011017114316404,0.0011569318378194,0.9,6.0,1.881004785183577,1.0076537815867006,True,150,292
2025-04-01,2026-01-22,201,2027-06-04,498,2027-06-06,True,0.0183190460675999,0.0674530772141966,7.602208569175162,-0.0038882369403359,-0.0004177642781951,0.0003108810092086,0.0005207436932143,0.9,6.0,2.501843417664684,1.120005001789548,True,200,385
2023-09-19,2026-02-13,601,2027-06-28,500,2027-06-28,True,0.0234921397250376,0.3316802579452771,6.659918460752414,-0.000883678947251,-2.581397684858729e-05,-0.0001068985227833,0.0001099711579187,0.9,6.0,-1.807741306180884,1.2053327853979627,True,600,409
2023-09-20,2026-02-16,601,2027-07-01,500,2027-07-01,True,0.0234580175125267,0.330717429956425,6.663249555591631,-0.0008886306843762,-2.4053617282473896e-05,-0.000108206108781,0.0001108473656967,0.9,6.0,-1.7895340990688335,1.2025058224760083,True,600,412
2023-09-21,2026-02-17,601,2027-07-02,500,2027-07-02,True,0.0234071778236558,0.3292854801746148,6.6651396082267045,-0.0008921869496138,-2.376412962523093e-05,-0.0001091307884383,0.0001116882394974,0.9,6.0,-1.7852073713852328,1.198228596352645,True,600,413
2025-04-29,2026-02-17,201,2027-06-23,491,2027-07-02,True,0.0107689381813653,0.0233099759403679,6.874859191924138,-0.0034296925149653,0.0002862972488749,0.0001086258131908,0.0003062118253835,0.7754380668257976,6.47671148522301,0.3626367715655378,1.340990783706329,True,200,404
2023-09-22,2026-02-18,601,2027-07-03,500,2027-07-03,True,0.0233892048816267,0.3287799979018232,6.667131976948369,-0.0008958663789729,-2.327952774168471e-05,-0.0001100938203253,0.00011252815508,0.9,6.0,-1.7791785181101232,1.194189638587668,True,600,414
2023-09-25,2026-02-19,601,2027-07-04,500,2027-07-04,True,0.0233727035816619,0.3283162469024576,6.668777434303288,-0.0008987591014112,-2.278018328856634e-05,-0.0001108423173173,0.0001131589857631,0.9,6.0,-1.7734927776397658,1.191366857015453,True,600,415
2023-09-26,2026-02-20,601,2027-07-05,500,2027-07-05,True,0.0233697607509323,0.3282335762510456,6.670508384595661,-0.0009017759067899,-2.215766839231041e-05,-0.0001116239790862,0.0001138019111246,0.9,6.0,-1.766751823131809,1.1886126048470569,True,600,416
2023-09-27,2026-02-23,601,2027-07-08,500,2027-07-08,True,0.0233620854202557,0.3280180081451778,6.673657488881408,-0.0009061007880366,-2.0034259355640268e-05,-0.0001126886087145,0.0001144556424207,0.9,6.0,-1.746742222491798,1.187491637204775,True,600,419
2023-09-28,2026-02-24,601,2027-07-09,500,2027-07-09,True,0.0233604557205578,0.3279722457747591,6.674937092614382,-0.0009080536591921,-1.9323466059283632e-05,-0.0001131703873086,0.0001148082440599,0.9,6.0,-1.739912085494712,1.1863960640988789,True,600,420
2023-08-24,2026-02-24,626,2027-07-09,500,2027-07-09,True,0.023684365835651,0.3511541898331324,6.657801295860834,-0.0008658293478813,-1.2298728843808984e-05,-0.0001016156748874,0.0001023572377216,0.9,6.0,-1.691242289120134,1.2688345746038925,True,625,420
2023-09-29,2026-02-25,601,2027-07-10,500,2027-07-10,True,0.0233613138009983,0.3279963404877389,6.676531346820716,-0.000910714949938,-1.8621071916030297e-05,-0.0001138360738587,0.0001153490183351,0.9,6.0,-1.7329382721578992,1.1842947990579862,True,600,421
2023-08-25,2026-02-25,626,2027-07-10,500,2027-07-10,True,0.0236711076564979,0.3507611573911324,6.659842849711322,-0.0008695763381103,-1.1748879294299435e-05,-0.0001025709629968,0.0001032416515499,0.9,6.0,-1.684843194699828,1.2634091837768953,True,625,421
2023-10-02,2026-02-26,601,2027-07-11,500,2027-07-11,True,0.0233588138223123,0.327926144094455,6.678150015115442,-0.000913452218156,-1.7960699183102227e-05,-0.0001145147904091,0.0001159147270091,0.9,6.0,-1.7263706557466971,1.182057157522534,True,600,422
2023-08-28,2026-02-26,626,2027-07-11,500,2027-07-11,True,0.0236567557988437,0.3503359514237556,6.661813819437159,-0.0008731649163801,-1.12012120251608e-05,-0.0001034785827214,0.000104083064102,0.9,6.0,-1.6786231570551609,1.2583674259296898,True,625,422
2023-10-03,2026-02-27,601,2027-07-12,500,2027-07-12,True,0.0233599005114262,0.3279566560941418,6.679455559165247,-0.0009154097146196,-1.7157883703527725e-05,-0.0001149861646718,0.0001162592406612,0.9,6.0,-1.7189203583049366,1.181079941792102,True,600,423
2023-08-29,2026-02-27,626,2027-07-12,500,2027-07-12,True,0.0236275950353205,0.3494727927178445,6.663938174678455,-0.0008771293883708,-1.0714865656964418e-05,-0.0001044868197377,0.0001050347744557,0.9,6.0,-1.672986648383488,1.2526271317039936,True,625,423
2025-02-26,2026-02-27,251,2027-06-30,488,2027-07-12,True,0.0234919461959528,0.1385197555544596,8.955275274898042,-1.35844105172516,-0.0045016356964008,-0.0193345138685981,0.0198516535955603,0.1,6.0,-1.799549921971988,1.1404936161329493,True,250,411
2023-10-04,2026-03-02,601,2027-07-15,500,2027-07-15,True,0.0233483492530094,0.3276323931171448,6.681602753539894,-0.0009173382999263,-1.4804213179782762e-05,-0.0001153102559953,0.0001162566981535,0.9,6.0,-1.698483748168335,1.1835941255372058,True,600,426
2023-08-30,2026-03-02,626,2027-07-15,500,2027-07-15,True,0.0235636433396341,0.3475835499358669,6.667351742263664,-0.0008822604639572,-9.038683791005212e-06,-0.0001056219194011,0.0001060079603739,0.9,6.0,-1.6561641764440482,1.2483880373392522,True,625,426
2025-02-27,2026-03-02,251,2027-07-01,486,2027-07-15,True,0.0233262212392925,0.1365722619234101,9.086858399017633,-1.427570326085608,-0.005373420794333,-0.0182623553796261,0.0190364722321319,0.1,6.0,-1.8569556062770776,1.2498554605056047,True,250,412
2023-10-05,2026-03-03,601,2027-07-16,500,2027-07-16,True,0.0233936381081288,0.3289046446643935,6.680512282392085,-0.0009139422125712,-1.4040388455158185e-05,-0.0001143274963188,0.0001151864094522,0.9,6.0,-1.6929929589806345,1.1901693310660146,True,600,427
2023-08-31,2026-03-03,626,2027-07-16,500,2027-07-16,True,0.0235501694731102,0.3471861618648449,6.6678423825208055,-0.0008827507654679,-8.906362949074711e-06,-0.0001056892380666,0.0001060638408888,0.9,6.0,-1.6548670436146276,1.2484237201908457,True,625,427
2025-02-28,2026-03-03,251,2027-06-27,481,2027-07-16,True,0.0233256933081848,0.1365660800451819,9.029151223048531,-1.3992144478578796,-0.0051560462175115,-0.0171325669834506,0.0178916087605206,0.1,6.0,-1.8631244626993892,1.303417770295169,True,250,408
2023-09-01,2026-03-04,626,2027-07-17,500,2027-07-17,True,0.0235168596242239,0.3462047218024947,6.668757633110744,-0.0008841397871291,-8.678312366541311e-06,-0.0001059952287631,0.0001063499018621,0.9,6.0,-1.6524886686659808,1.2470248279241742,True,625,428
2023-10-06,2026-03-04,601,2027-07-17,500,2027-07-17,True,0.0234087898058295,0.3293308355442791,6.680009773384343,-0.0009118450076415,-1.3243602925773538e-05,-0.0001136900491532,0.0001144588148415,0.9,6.0,-1.6867623462813794,1.1949866101233284,True,600,428
2025-03-03,2026-03-04,251,2027-06-28,481,2027-07-17,True,0.023225494709046,0.1353953247244611,9.072926756841488,-1.4225203586424646,-0.0050418335891471,-0.0162658470263572,0.0170293236925459,0.1,6.0,-1.8713695219358957,1.3922263192647388,True,250,409
2023-10-09,2026-03-05,601,2027-07-18,500,2027-07-18,True,0.0234601167031875,0.3307766225120346,6.679165912005518,-0.0009090545905637,-1.2582018117452318e-05,-0.0001128574725401,0.0001135566655377,0.9,6.0,-1.681823761689936,1.2007942284923088,True,600,429
2023-09-04,2026-03-05,626,2027-07-18,500,2027-07-18,True,0.0235114463213124,0.3460453556830927,6.66918917090139,-0.0008844843231394,-8.52528503427471e-06,-0.0001060183113193,0.0001063605322473,0.9,6.0,-1.6510369965656249,1.2473860901939315,True,625,429
2025-09-03,2026-03-05,126,2026-08-01,149,2027-07-18,True,0.0095716204489254,0.0115436056703042,6.579507302613256,-0.00151668807006,-7.828767913617776e-05,-4.768507590322545e-05,9.16669360698038e-05,0.9,12.762130766239968,-2.594508360315576,1.1668173396782937,True,125,78
2025-03-04,2026-03-05,251,2027-06-30,482,2027-07-18,True,0.023092498270068,0.1338491325646267,9.102252523221956,-1.4381964588016314,-0.0044993677946672,-0.0153225157578377,0.0159694646028247,0.1,6.0,-1.856411955227267,1.5009858862636645,True,250,411
2023-10-10,2026-03-06,601,2027-07-19,500,2027-07-19,True,0.0235396113415468,0.33302209456876,6.677796833873272,-0.0009050790688537,-1.1906875133274284e-05,-0.000111707067312,0.0001123398529591,0.9,6.0,-1.6769855515485006,1.2084924161096584,True,600,430
2023-09-05,2026-03-06,626,2027-07-19,500,2027-07-19,True,0.0235406549294692,0.3469056840022229,6.66919573113998,-0.0008838976889042,-8.414150016819812e-06,-0.000105784847086,0.0001061189511516,0.9,6.0,-1.6501694397851472,1.2493965676887258,True,625,430
2025-07-30,2026-03-06,151,2026-08-26,173,2027-07-19,True,0.0112863530881518,0.0192346466705956,8.201261025835752,-1.04909323700979,0.0011794353229749,-0.0049235913359294,0.0050628864617251,0.1,12.673475222653185,-1.3356789905337638,1.635009118488866,True,150,103
2025-06-25,2026-03-06,176,2026-06-07,93,2027-07-19,True,0.0110573504551359,0.0215186398394342,6.518891162605876,-0.0018924246351921,-0.0001222538192272,-4.992222055714919e-05,0.0001320538693905,0.831751191200485,6.0,-2.753909677456311,1.986596394136644,True,175,23
2025-03-05,2026-03-06,251,2027-07-01,482,2027-07-19,True,0.0231886683511845,0.1349662993152078,9.00745356527169,-1.3890422759118155,-0.0029942294522868,-0.0149583759914591,0.0152551113504557,0.1,6.0,-1.7683560710982424,1.5175703452232552,True,250,412
2025-09-04,2026-03-06,126,2026-08-03,150,2027-07-19,True,0.0102058037136686,0.0131239621096834,6.578807855803159,-0.0015015421213353,3.6364149135134376e-05,-8.581050859798211e-05,9.319761117199657e-05,0.9,13.0,-1.169965690199,1.115403225310137,True,125,80
2023-10-11,2026-03-09,601,2027-07-22,500,2027-07-22,True,0.0236487913039606,0.33611846341311,6.67838567027996,-0.0009037559987204,-1.004368198105568e-05,-0.0001110570696967,0.0001115103057002,0.9,6.0,-1.660988095761964,1.2157028801667542,True,600,433
2023-09-06,2026-03-09,626,2027-07-22,500,2027-07-22,True,0.0236012271855981,0.3486932208410516,6.670580551036932,-0.00088457512695,-6.952628494812201e-06,-0.0001056651218326,0.0001058936117756,0.9,6.0,-1.636500322838378,1.2530148591360537,True,625,433
2025-09-05,2026-03-09,126,2026-08-04,148,2027-07-22,True,0.0110029586306125,0.0152542024269983,6.576401256022999,-0.0014840318139477,3.855344232070125e-05,-8.781344624740292e-05,9.59039585033963e-05,0.9,13.0,-1.157095679162611,1.0712870005141604,True,125,81
2025-07-31,2026-03-09,151,2026-09-01,176,2027-07-22,True,0.0119019268215096,0.0213900351717502,6.751109728431301,-0.0244831406575132,-0.000602789416286,-0.0001905581224791,0.0006321925959936,0.4902835235619652,12.347259556212682,-2.835406722601047,1.537780832253677,True,150,109
2025-06-26,2026-03-09,176,2026-06-05,88,2027-07-22,True,0.0116343801622254,0.0238231491096167,6.504820493149461,-0.0012061454658971,-8.826176420212597e-05,-3.505262994028856e-05,9.496749910260088e-05,0.9,6.0,-2.7635507689467818,1.9050919692969448,True,175,21
2025-03-06,2026-03-09,251,2026-10-01,206,2027-07-22,True,0.0232384151237145,0.1355460083029827,8.007113720285776,-0.9245046856167548,0.0029752948021952,0.0048209952559291,0.0056651897071202,0.1,6.0,1.0178592403068467,2.719840327249766,True,250,139
2023-10-12,2026-03-10,601,2027-07-23,500,2027-07-23,True,0.0236978858574988,0.3375154662631411,6.677911763614689,-0.0009018838326108,-9.55771771470744e-06,-0.0001104463920987,0.0001108591696502,0.9,6.0,-1.6571184413554694,1.220310194622298,True,600,434
2023-09-07,2026-03-10,626,2027-07-23,500,2027-07-23,True,0.023619970539935,0.3492472832004313,6.670754934611375,-0.0008842886251578,-6.709689634211038e-06,-0.0001054977287864,0.0001057108826662,0.9,6.0,-1.6343111029350683,1.2547742524528471,True,625,434
2025-09-08,2026-03-10,126,2026-08-05,148,2027-07-23,True,0.0112669289140532,0.0159949045814454,6.575365991251204,-0.0014735962837499,4.234256585461534e-05,-8.742858333378456e-05,9.714242156187456e-05,0.9,13.0,-1.1197790544328017,1.050192105769505,True,125,82
2025-08-04,2026-03-10,151,2026-08-09,152,2027-07-23,True,0.0120778503574653,0.0220270448578562,6.562650868564781,-0.0013437273723983,7.445880867199521e-05,-1.9064441118189128e-06,7.448321098075913e-05,0.9,10.78127239263974,-0.0255984175685277,1.5060010124829857,True,150,86
2025-06-27,2026-03-10,176,2026-05-31,82,2027-07-23,True,0.011820656122212,0.0245921123640875,6.500638404655507,-0.001200943453161,-9.427909193875188e-05,-2.188119006029266e-05,9.678498672444128e-05,0.9,6.0,-2.9135406269535,1.8612547676122493,True,175,16
2025-03-07,2026-03-10,251,2026-10-11,215,2027-07-23,True,0.0231066425568714,0.1340131494930065,8.106630580378523,-0.9781810310441432,-0.0016567258504564,0.0046443917492541,0.0049310359220056,0.1,7.218981981896011,1.9134410734987009,2.747926501583534,True,250,149
2024-09-05,2026-03-10,376,2026-12-04,269,2027-07-23,True,0.0237332730319709,0.2117888615525897,8.177743449422595,-1.0012004770354297,0.0014796650741427,-0.0072447161275934,0.007394276198591,0.1,6.465266232265188,-1.3693266245120053,2.0943003522599186,True,375,203
2023-09-08,2026-03-11,626,2027-07-24,500,2027-07-24,True,0.0236583782846762,0.3503840082760859,6.670671713400195,-0.0008834352260968,-6.487904718107831e-06,-0.0001051749873005,0.000105374906222,0.9,6.0,-1.6324050252212294,1.257560159866943,True,625,435
2023-10-13,2026-03-11,601,2027-07-24,500,2027-07-24,True,0.0237641847391493,0.3394066222661675,6.677207563197751,-0.000899510431261,-9.100999913121651e-06,-0.000109698472405,0.0001100753516797,0.9,6.0,-1.6535705426240392,1.225765465475756,True,600,435
2024-09-06,2026-03-11,376,2026-09-10,183,2027-07-24,True,0.0237519261352756,0.2121219021709818,7.806955774737902,-0.8183458034916238,0.004426705987383,0.0046578130061653,0.0064258032882384,0.1,6.0,0.8108323314209733,2.1225512380412943,True,375,118
2024-08-02,2026-03-11,401,2026-09-29,202,2027-07-24,True,0.023574976535341,0.2228675869753951,7.870877874083695,-0.8489262848822139,0.0023382821856367,0.0061331246105732,0.0065637474866485,0.1,6.0,1.2065534481278952,2.155593499518962,True,400,137
2025-09-09,2026-03-11,126,2026-08-04,146,2027-07-24,True,0.0116390329612549,0.0170688531224204,6.57272222735687,-0.0014617235748682,3.736666705467167e-05,-9.230430834861144e-05,9.958088745582768e-05,0.9,13.0,-1.1861413518549129,1.016221587056724,True,125,81
2025-08-05,2026-03-11,151,2026-08-30,172,2027-07-24,True,0.0123641503382926,0.0230837042517732,6.575770082382635,-0.001336363928356,6.645642671237898e-05,2.212827523985951e-05,7.0043680774705e-05,0.9,11.802340033738044,0.3214272957936993,1.4548900409691423,True,150,107
2025-06-30,2026-03-11,176,2026-06-06,87,2027-07-24,True,0.0120781287520074,0.025675090170412,6.502398373451085,-0.0011885586745042,-3.826893107746626e-05,-8.470711289544419e-05,9.295055707683193e-05,0.9,6.134297397976874,-1.9951290415788472,1.8760582176531004,True,175,22
2025-03-10,2026-03-11,251,2026-07-23,134,2027-07-24,True,0.0229641234158938,0.1323650920293609,6.855245366887359,-0.1087951362478911,0.0005649117777795,0.0017535077698584,0.0018422580751968,0.274724621380868,6.347382417179965,1.2591343652119873,2.556006362751812,True,250,69
2024-12-20,2026-03-11,301,2027-06-28,474,2027-07-24,True,0.0248016968963529,0.185152374850508,6.652534525738085,-0.0009153119889504,1.0171146355516148e-05,-6.23479735358398e-05,6.317216176616967e-05,0.9,9.966097595748476,-1.4090856696748182,1.3084610094142484,True,300,409
2024-10-11,2026-03-11,351,2027-02-03,329,2027-07-24,True,0.0240354324548218,0.2027734066648971,8.436857647603793,-1.1280537076760249,0.0074192916948235,0.0025467382538269,0.0078442185707936,0.1,8.62335123572235,0.3306568502639662,1.6676465731644254,True,350,264
2023-09-11,2026-03-12,626,2027-07-25,500,2027-07-25,True,0.0237130833906631,0.3520062627567314,6.670407934754692,-0.000882204929171,-6.3186843456026364e-06,-0.0001047515532342,0.0001049419538451,0.9,6.0,-1.631043999988562,1.26098985702999,True,625,436
2023-10-16,2026-03-12,601,2027-07-25,500,2027-07-25,True,0.0238511567056197,0.3418954833938152,6.67598950547836,-0.0008959325717883,-8.547285974315054e-06,-0.0001086312246952,0.0001089669632334,0.9,6.0,-1.6493162278028328,1.23330853481123,True,600,436
2024-09-09,2026-03-12,376,2026-09-02,174,2027-07-25,True,0.0238361187505347,0.2136283694656875,7.7649157787654115,-0.797079295244698,0.0048222525962949,0.0040025319604723,0.0062669276521335,0.1,6.0,0.6927754855491944,2.1198034600291527,True,375,110
2024-08-05,2026-03-12,401,2026-09-28,200,2027-07-25,True,0.0236503339962235,0.2242946575513047,7.854714552165676,-0.8405096120290924,0.0022987682066509,0.0059832223022459,0.0064096243560759,0.1,6.0,1.2039823312332203,2.185540486555816,True,400,136
2025-08-06,2026-03-12,151,2026-09-20,192,2027-07-25,True,0.0127331874985992,0.0244822436450472,6.588354494222773,-0.0013281677726347,4.5867695907405865e-05,4.824678906915304e-05,6.657024998704453e-05,0.9,12.835365758345672,0.8106714951176932,1.3989655204025178,True,150,128
2025-04-15,2026-03-12,226,2027-02-21,346,2027-07-25,True,0.0142898844066824,0.046149379976534,6.637436252616222,-0.0010954424909968,4.581883551190276e-05,-3.490120421360089e-05,5.7597393545422464e-05,0.9,12.573043129216076,-0.6509609263709912,1.3614097485589882,True,225,282
2025-07-01,2026-03-12,176,2026-07-03,113,2027-07-25,True,0.0124443263624627,0.0272555815163252,6.51878966470748,-0.0011833463002005,-1.1763589817774132e-05,-8.091498478529386e-05,8.176562118766771e-05,0.9,7.177783671794932,-1.7151669527949267,1.8146516211299275,True,175,49
2024-12-23,2026-03-12,301,2027-06-29,474,2027-07-25,True,0.0248107638936592,0.1852877755010587,6.646497233052428,-0.000896998552332,3.885574138698454e-05,-4.821972941249344e-05,6.192665777632689e-05,0.9,10.034863415670074,-0.8925252277634944,1.2991076626226132,True,300,410
2024-11-18,2026-03-12,326,2027-06-10,455,2027-07-25,True,0.024103774344552,0.1894033716749058,6.641939261255883,-0.0009110178984426,2.958072474503685e-05,5.505383712927332e-05,6.249755402492316e-05,0.9,10.391659710931007,1.0777516520902153,1.262471205675156,True,325,391
2024-10-14,2026-03-12,351,2026-10-19,221,2027-07-25,True,0.0240631449079407,0.2032412649440546,6.96138146554695,-0.1267598020871267,0.0011091246455168,0.0026906897071079,0.0029103210440138,0.2670232493503837,7.01826465659232,1.1798100513160326,1.6571430050032774,True,350,157
2023-10-17,2026-03-13,601,2027-07-26,500,2027-07-26,True,0.0239553790622335,0.3448899717951945,6.67350787588362,-0.0008894536071169,5.393689081498988e-06,-0.0001070234132821,0.0001071592407236,0.9,6.0181041128766735,-1.5204416482172618,1.2412992290324811,True,600,437
2023-09-12,2026-03-13,626,2027-07-26,500,2027-07-26,True,0.0237801121267555,0.3539990767084262,6.657705432018052,-0.000852333554135,9.764768125694462e-05,-6.4794766395754175e-06,9.786242012325596e-05,0.9,6.226821248574639,-0.0662585299454742,1.2588377119222909,True,625,437
2024-08-06,2026-03-13,401,2026-09-20,191,2027-07-26,True,0.0236801843096029,0.2248612027036429,7.81179729244515,-0.8186906996243875,0.0026903616105996,0.0055949415507325,0.0062081733667723,0.1,6.0,1.1225808177579129,2.1978840131576,True,400,128
2025-08-07,2026-03-13,151,2026-09-26,197,2027-07-26,True,0.0131693663146384,0.0261882635784993,6.589457070445956,-0.0013132483959063,-2.9352607571891116e-05,5.90536656084781e-05,6.594627353435059e-05,0.9,13.0,2.032080922363074,1.3786555595489782,True,150,134
2025-07-02,2026-03-13,176,2026-06-07,86,2027-07-26,True,0.0128339186596037,0.0289888663963931,6.499427532518206,-0.001157559075069,3.731600747258995e-06,-9.124693935817972e-05,9.132321055663928e-05,0.9,6.194587079838642,-1.5299234761492466,1.84158657378102,True,175,23
2025-04-16,2026-03-13,226,2026-08-04,144,2027-07-26,True,0.0143331080554488,0.0464289849555927,6.524208624836452,-0.0010757097333052,8.604871799471704e-05,3.403688041963723e-05,9.253589085989838e-05,0.9,7.3095263350621,0.3766674088520261,1.4313246879924812,True,225,81
2025-03-12,2026-03-13,251,2026-07-19,128,2027-07-26,True,0.0230834122612893,0.1337438243277852,6.620490307223423,-0.0157703326592021,0.0002981684900254,0.0005003526761261,0.0005824579374948,0.5090121666869799,6.3329736011316085,1.0333847001327476,2.17618980767346,True,250,65
2024-12-27,2026-03-13,301,2026-12-25,287,2027-07-26,True,0.0248197546188335,0.1854220860210725,6.559779582772697,-0.0008708563225151,-6.927317300956353e-05,-4.362525618454536e-05,8.186534966626682e-05,0.9,7.247629441416807,-2.579579982848468,1.3209698854805696,True,300,224
2024-11-19,2026-03-13,326,2027-04-29,412,2027-07-26,True,0.0242046815830067,0.190992515034327,6.6194125614707175,-0.0008982315351908,-6.190517176022061e-05,-1.9736516584057268e-05,6.497522895331099e-05,0.9,9.88717363194341,-2.8329617910225107,1.2583771631418428,True,325,349
2024-10-15,2026-03-13,351,2026-09-06,177,2027-07-26,True,0.0240845904313769,0.2036036911827575,6.646838081018237,-0.018039973619116,0.0001632994828803,0.0008869326856825,0.0009018405125303,0.4852513001730951,6.132195441000745,1.3887183682037243,1.5829123848783089,True,350,114
2024-09-10,2026-03-13,376,2026-08-21,161,2027-07-26,True,0.0239340697919871,0.2153877259996999,7.706270724267025,-0.767562408518948,0.005423405819363,0.0028529306692342,0.0061280130617483,0.1,6.0,0.4842622673256133,2.087578254116719,True,375,98
2023-10-18,2026-03-16,601,2027-07-29,500,2027-07-29,True,0.0240397490227425,0.347323629378948,6.65524046761882,-0.0008446714420413,6.114300323867728e-05,7.445555919173859e-05,9.634364088822566e-05,0.9,6.363849249848533,0.8832607810550903,1.23990206331631,True,600,440
2023-09-13,2026-03-16,626,2027-07-29,500,2027-07-29,True,0.0238335093345073,0.3555906406659772,6.646818355425577,-0.0008249167103805,-1.145552603174995e-05,9.068952960332606e-05,9.14101737025844e-05,0.9,6.479994925758925,1.6964467279837825,1.2533818765104157,True,625,440
2024-08-07,2026-03-16,401,2026-09-08,176,2027-07-29,True,0.0236945233444236,0.225133605044294,7.7532542881854205,-0.7892159358045356,0.00349697957246,0.0049221908144103,0.0060379490345371,0.1,6.0,0.9530900865960104,2.178487902901588,True,400,116
2025-07-03,2026-03-16,176,2026-07-03,109,2027-07-29,True,0.0131504266228964,0.0304363347840961,6.51376418461296,-0.0011487276419502,-4.272636188516429e-05,-7.011626925002186e-05,8.210866710331852e-05,0.9,7.08642790261554,-2.1180730149200118,1.7768190671070856,True,175,49
2025-04-17,2026-03-16,226,2026-07-23,129,2027-07-29,True,0.0142793089720416,0.0460810982265009,6.515521167723275,-0.0010609422640779,-3.848761765988328e-05,-8.721425065207696e-05,9.53290209219452e-05,0.9,6.938839990621177,-1.9863915223740856,1.4435181688331455,True,225,69
2024-07-02,2026-03-16,426,2027-03-11,360,2027-07-29,True,0.0237411025633674,0.2401106190937663,8.432191859504515,-1.1150965304281857,-0.0071788735055175,-0.0032367659661405,0.0078748256315798,0.1,6.0,-2.718012313585968,2.360044913156316,True,425,300
2024-12-30,2026-03-16,301,2026-10-05,203,2027-07-29,True,0.0248106259556118,0.1852857152530931,6.521900861227466,-0.0008557705201595,3.932620283075551e-05,8.807126342489239e-05,9.645256694532556e-05,0.9,6.0,1.1508342460181804,1.3308674106797271,True,300,143
2024-11-20,2026-03-16,326,2027-03-09,358,2027-07-29,True,0.0242668556599132,0.1919749724598144,6.594349036529522,-0.0008881183960022,-2.705348599524001e-05,-6.374738219690722e-05,6.92504140164751e-05,0.9,9.16609511747972,-1.972146655599845,1.2592345802854887,True,325,298
2024-10-16,2026-03-16,351,2026-08-27,164,2027-07-29,True,0.0241094833613901,0.2040247829715558,6.602378837723627,-0.0106072122110199,0.0005750222817286,0.0002715868752327,0.0006359324298092,0.5519909049562344,6.0,0.4412485512046911,1.534514358488214,True,350,104
2024-09-11,2026-03-16,376,2026-08-20,157,2027-07-29,True,0.0240160621386491,0.2168659864834445,7.697997869378654,-0.7631841249579279,0.005370015571749,0.0028606194565301,0.0060844236305426,0.1,6.0,0.4894658811050617,2.090540729628824,True,375,97
2025-03-13,2026-03-16,251,2026-10-31,229,2027-07-29,True,0.0231244017801026,0.1342192273795912,8.226876379817634,-1.0403026749446254,0.0048310518858787,-0.0018986909552711,0.0051907696604339,0.1,9.978156375606094,-0.3744730671641209,2.008526896478766,True,250,169
2023-10-19,2026-03-17,601,2027-07-30,500,2027-07-30,True,0.0240860602824121,0.3486631182567225,6.643199251825906,-0.0008162730508572,-7.341438327759827e-05,5.18433321893511e-05,8.987437212312256e-05,0.9,6.600734152590003,2.5267350407793456,1.238368387317279,True,600,441
2023-09-14,2026-03-17,626,2027-07-30,500,2027-07-30,True,0.0238699423595544,0.3566786168035313,6.638523224787979,-0.0008053285246117,-8.644363921778107e-05,1.0823866299993796e-05,8.711864807774532e-05,0.9,6.670715201712443,3.0170279539658216,1.247188405409302,True,625,441
2024-08-08,2026-03-17,401,2026-08-28,164,2027-07-30,True,0.0237254577975778,0.2257218364295633,7.703653926562942,-0.764294955973567,0.0042183832619162,0.0041559008037069,0.0059216778732608,0.1,6.0,0.7779370720022637,2.1511216143224083,True,400,105
2025-04-22,2026-03-17,226,2026-09-25,192,2027-07-30,True,0.0141084738088621,0.0449850815066691,6.546845307340145,-0.0010438688960321,-7.00704685766284e-05,3.5393363677240874e-05,7.850197933133726e-05,0.9,8.540395487573992,2.673864618146676,1.4012959832645433,True,225,133
2024-07-03,2026-03-17,426,2026-12-07,265,2027-07-30,True,0.0237573146616422,0.2404386599711513,8.052770034245363,-0.932654880523624,-0.0052419984813597,0.0037881827187448,0.0064675247497922,0.1,6.0,2.5158199531614063,2.4034307729902844,True,425,206
2025-01-03,2026-03-17,301,2026-10-13,210,2027-07-30,True,0.0247425190622258,0.1842698671129279,6.522140604871219,-0.0008400788513708,-1.3966670248005746e-05,9.405261102436052e-05,9.508397088003946e-05,0.9,6.065377372639071,1.7182174776053951,1.3109840985170271,True,300,151
2024-11-21,2026-03-17,326,2027-06-06,446,2027-07-30,True,0.0242914207328669,0.1923638375180976,6.629905239490396,-0.0008829698368916,-5.89318250272482e-05,1.0922996105371948e-05,5.99355641081334e-05,0.9,10.679421839148135,2.958322780669707,1.2415266277568262,True,325,387
2024-10-17,2026-03-17,351,2026-08-21,157,2027-07-30,True,0.0241103634050192,0.2040396778562546,6.59161599177753,-0.0095457289280536,0.0005629379205717,0.0002020314804053,0.0005980934889232,0.5647629102345795,6.0,0.3445705230309869,1.5022940252544044,True,350,98
2024-09-12,2026-03-17,376,2026-08-13,149,2027-07-30,True,0.0240677107078354,0.2177997667172372,7.665690256407749,-0.7468629011085177,0.0056424486803287,0.0021806351366556,0.006049164959675,0.1,6.0,0.3687881385237501,2.05775757504619,True,375,90
2025-03-14,2026-03-17,251,2026-11-01,229,2027-07-30,True,0.0230979674120025,0.1339125407400492,8.23020974148033,-1.0420109077314423,0.0006073199212874,0.0053251316958314,0.0053596515805359,0.1,10.28881109373784,1.4572391048759532,1.8896027556696704,True,250,170
2023-09-15,2026-03-18,626,2027-07-31,500,2027-07-31,True,0.0238956571682414,0.3574475221203319,6.631014537956776,-0.0007876646619991,-2.9725268513579265e-05,-7.795530531110221e-05,8.343033749393291e-05,0.9,6.862952621177624,-1.935089010815017,1.2380804614677678,True,625,442
2023-10-20,2026-03-18,601,2027-07-31,500,2027-07-31,True,0.024124672486216,0.3497818933628802,6.632583127725421,-0.0007912299773744,-4.855236388497748e-05,-6.89393445078362e-05,8.432060993606124e-05,0.9,6.82681930039159,-2.184386697897491,1.237066640161398,True,600,442
2024-07-04,2026-03-18,426,2026-10-26,222,2027-07-31,True,0.023797573329075,0.2412542354462514,7.890221516798302,-0.8536799674912391,-0.0021719768225547,0.0055871060498495,0.005994433862341,0.1,6.0,1.9415653099215904,2.373535146925581,True,425,164
2024-09-13,2026-03-18,376,2026-08-16,151,2027-07-31,True,0.0241454885676968,0.2192097364329646,7.670266277389344,-0.7489380369222263,0.0034582627605755,0.0050143730414858,0.0060912657404158,0.1,6.092388955220997,0.9670369309214156,2.018137346271798,True,375,93
2024-08-09,2026-03-18,401,2026-09-07,173,2027-07-31,True,0.0237805094873737,0.2267705652231084,7.73506145298502,-0.7795343631064521,0.0032879085391218,0.0049157192672645,0.0059139359546909,0.1,6.0,0.9812795321767814,2.1968853712056333,True,400,115
2025-04-23,2026-03-18,226,2026-07-11,115,2027-07-31,True,0.0139158583118066,0.0437651514372668,6.503746263641927,-0.0010230482742144,5.8287030296124895e-05,8.01345834592989e-05,9.909051098332636e-05,0.9,6.375915039011459,0.9419401895263846,1.4573506105769407,True,225,57
2025-01-06,2026-03-18,301,2026-10-07,203,2027-07-31,True,0.024714391112767,0.1838511395505203,6.516727975421147,-0.0008263636127445,2.79467851596897e-05,9.231568744723609e-05,9.64531438037021e-05,0.9,6.0,1.2768362642693858,1.2851270266934252,True,300,145
2024-11-22,2026-03-18,326,2027-06-12,451,2027-07-31,True,0.0243485121816094,0.1932691148193028,6.629728690099203,-0.0008757035840462,-2.300950348945268e-05,-5.406959085275641e-05,5.87618745941245e-05,0.9,10.86856666704564,-1.9731356980735384,1.234047057913188,True,325,393
2024-10-18,2026-03-18,351,2026-09-05,171,2027-07-31,True,0.024098259476757,0.2038348645429981,6.540609265098956,-0.0025387379518373,0.0001464643678031,0.0001633114181159,0.0002193682527691,0.7470197718998675,6.039531345572675,0.8397292991228238,1.431439365155415,True,350,113
2025-03-17,2026-03-18,251,2026-12-25,282,2027-07-31,True,0.0230129061141591,0.1329280558025953,8.494656704033568,-1.1719919887573504,0.0054443091453275,0.0015070987342393,0.0056490573253103,0.1,11.92901530276244,0.2700583279438624,1.739178129565178,True,250,224
2023-09-18,2026-03-19,626,2027-08-01,500,2027-08-01,True,0.0240001304015732,0.3605799183171187,6.621330037282485,-0.0007652117862989,7.83601360926551e-05,-9.571231242401331e-06,7.894250690188999e-05,0.9,7.124804115371649,-0.1215420871609587,1.2244479198127176,True,625,443
2023-10-23,2026-03-19,601,2027-08-01,500,2027-08-01,True,0.0242041921322658,0.352091592982159,6.620774493019539,-0.0007636136463998,7.510436233407398e-05,-2.2507399046837904e-05,7.840438924869876e-05,0.9,7.098835660703206,-0.2911647024785913,1.2347774567974166,True,600,443
2024-08-12,2026-03-19,401,2026-08-23,157,2027-08-01,True,0.0239619873062965,0.2302449111025131,7.666982623793377,-0.7453625262973954,0.0043614788567633,0.0038512352755165,0.0058184629383864,0.1,6.0,0.7233494199019129,2.1350499097736577,True,400,100
2025-04-24,2026-03-19,226,2026-09-24,189,2027-08-01,True,0.0142567779869198,0.0459357923964406,6.539477605924044,-0.0010046269671451,-1.269224976732292e-05,7.826936997244394e-05,7.929178696459941e-05,0.9,8.358433060163717,1.7315580652931162,1.364250956666278,True,225,132
2024-07-05,2026-03-19,426,2026-09-25,190,2027-08-01,True,0.0239391846967,0.244134024239598,7.769305322897332,-0.7943583508446234,0.0006203023082659,0.005665742577771,0.0056995976973123,0.1,6.0,1.4617476802757725,2.3228491817331967,True,425,133
2025-01-07,2026-03-19,301,2026-09-14,179,2027-08-01,True,0.0248564181926414,0.18597029913561,6.5752114786986935,-0.0067362793227274,0.0002651928915681,0.0004413875617561,0.0005149274214987,0.6043511351458059,6.0,1.0297767391089343,1.317686689223202,True,300,122
2024-11-25,2026-03-19,326,2027-07-04,472,2027-08-01,True,0.0245434786205146,0.1963766437513848,6.635358308026508,-0.0008664967088218,-3.135593113559713e-05,4.6593144274161024e-05,5.616151271763514e-05,0.9,11.44034716298091,2.1631522003909374,1.2137561021528782,True,325,415
2024-10-21,2026-03-19,351,2026-09-06,171,2027-08-01,True,0.0241851586958492,0.2053075873013373,6.514841062972447,-0.0011063336267295,6.51203812161138e-05,9.464030633565425e-05,0.0001148801620517,0.8640905643618273,6.054928296391535,0.9681132387294894,1.3743309647843531,True,350,114
2024-09-16,2026-03-19,376,2026-09-07,172,2027-08-01,True,0.0243391659235599,0.2227405191933227,7.7485259333694225,-0.7874388044241004,-0.0041929140558844,-0.0046941118633901,0.0062940618416133,0.1,6.5278014367001145,-2.299857594328512,1.9165443407954863,True,375,115
2025-03-18,2026-03-19,251,2026-07-23,126,2027-08-01,True,0.0230303238280406,0.1331293497217288,6.508844982466619,-0.0010222888809966,-7.702853355407788e-05,2.419050274726561e-05,8.073769506653734e-05,0.9,6.661330948459514,2.83729995147365,1.7107194336617046,True,250,69
2023-10-24,2026-03-20,601,2027-08-02,500,2027-08-02,True,0.0243413193754024,0.3560923971901395,6.610120733135323,-0.0007387693037964,-2.708241004748671e-06,7.322779098061682e-05,7.327785437115847e-05,0.9,7.371251021253559,1.6077632652083569,1.2309414783259969,True,600,444
2023-08-15,2026-03-20,651,2027-05-19,425,2027-08-02,True,0.0243439373205677,0.3858003620582941,6.575886349139937,-0.0007178343429186,-7.113138521727512e-05,-1.833866861890784e-05,7.345733952194634e-05,0.9,6.7972763396822025,-2.8892732441699374,1.2938878070592192,True,650,369
2023-09-19,2026-03-20,626,2027-08-02,500,2027-08-02,True,0.0242047340858641,0.366754089256788,6.611677866109468,-0.0007429244801902,-2.0154365926366398e-05,7.189747555828133e-05,7.466890556012951e-05,0.9,7.408110132406428,1.8441025867769731,1.208759673104417,True,625,444
2024-07-08,2026-03-20,426,2026-09-16,180,2027-08-02,True,0.0241955372747394,0.2493906342296675,7.729057820561336,-0.774275592979222,0.001335720456061,0.0054296479280129,0.005591531611188,0.1,6.0,1.3295811979465006,2.307881652765692,True,425,124
2024-08-13,2026-03-20,401,2026-08-22,155,2027-08-02,True,0.0242588546966797,0.2359853045090439,7.6542689040907215,-0.7385642732194578,0.0042539600680965,0.0039383979073775,0.005797167785893,0.1,6.0,0.7468981086139486,2.123347987893617,True,400,99
2025-04-25,2026-03-20,226,2026-09-23,187,2027-08-02,True,0.0148808739949244,0.0500455328527367,6.534023943779176,-0.0009789059010311,3.490993416488056e-05,7.249485868430282e-05,8.046246354079231e-05,0.9,8.245870965078657,1.1220169691405846,1.327863997888436,True,225,131
2025-03-19,2026-03-20,251,2027-01-08,294,2027-08-02,True,0.0231258006861422,0.1342354670011699,7.091534157328533,-0.1225793586066222,0.0010080299642327,-0.0016802733060208,0.001959449614488,0.2962404629618488,12.68631159547002,-1.030435475988538,1.460805003565468,True,250,238
2025-01-08,2026-03-20,301,2026-09-17,181,2027-08-02,True,0.0251254407248369,0.1900176192568054,6.547487878847775,-0.0037803754365878,0.000153210173667,0.0003030182624491,0.000339548854648,0.6801558642903652,6.0,1.1026678789278732,1.2620886445926582,True,300,125
2024-11-26,2026-03-20,326,2026-11-08,233,2027-08-02,True,0.0248376981982087,0.2011130680820077,6.533760986217216,-0.0008579930473087,-2.2509150311806795e-05,-7.97062867139326e-05,8.282363182982947e-05,0.9,7.489289386175045,-1.846030262734663,1.244891195800795,True,325,177
2024-10-22,2026-03-20,351,2026-09-08,172,2027-08-02,True,0.0244136631234136,0.2092054584333387,6.507175772889152,-0.0008546336809904,-2.3135848896403964e-05,9.000970625426254e-05,9.293554069426756e-05,0.9,6.190831009200687,1.8223872547130164,1.3368778707326594,True,350,116
2024-09-17,2026-03-20,376,2026-09-07,171,2027-08-02,True,0.0246453588484759,0.2283800360015769,7.740164363834077,-0.7828758367391561,0.0010642619843303,-0.006294925491175,0.0063842572403324,0.1,6.675547302975507,-1.4033134401263656,1.8369428016093936,True,375,115
2024-03-19,2026-03-23,501,2027-08-02,497,2027-08-05,True,0.0235173676068364,0.2770863561566953,8.483577054256282,-1.1152880005411296,0.007835595333127,-0.0065699600301923,0.0102255038517838,0.1,6.0,-0.6977657313406906,1.8178207755610365,True,500,444
2023-10-25,2026-03-23,601,2027-08-03,498,2027-08-05,True,0.0244396161330518,0.3589741968752868,6.602676325686315,-0.0007211310896733,-6.964008787200651e-05,3.109798644006119e-06,6.970948777911835e-05,0.9,7.584074013511501,3.0969670057726595,1.2276152495204804,True,600,445
2023-08-16,2026-03-23,651,2027-07-13,477,2027-08-05,True,0.0244451278063928,0.3890143420295434,6.589853035021059,-0.0007071657380732,-3.277758599010188e-05,5.8219552346699065e-05,6.681232235739568e-05,0.9,7.459070021076534,2.08356524122933,1.277092835907788,True,650,424
2023-09-20,2026-03-23,626,2027-07-30,494,2027-08-05,True,0.0243667385999268,0.3716799566982262,6.60328236820858,-0.0007264543182745,-7.17961871791613e-05,-5.61829024306e-06,7.201567661780614e-05,0.9,7.610097434460607,-3.063498476256767,1.192981081186659,True,625,441
2024-07-09,2026-03-23,426,2026-09-12,173,2027-08-05,True,0.0244069881925421,0.2537686569407602,7.705865886575681,-0.7626173605269199,0.0016793196129332,0.0053011516942001,0.0055607844453191,0.1,6.0,1.26401344417894,2.2857007796470783,True,425,120
2024-08-14,2026-03-23,401,2026-09-17,178,2027-08-05,True,0.024511820165375,0.2409325604556949,7.737081187401113,-0.7789664525681347,-0.0057583019055002,-0.0014512998724915,0.0059383762220646,0.1,6.359956921437037,-2.8946985944875383,2.062513842098796,True,400,125
2025-04-28,2026-03-23,226,2026-11-25,247,2027-08-05,True,0.0153335858710603,0.0531368613803308,6.559954590899485,-0.0009570050760717,4.713529839247741e-05,-5.2680707352747465e-05,7.068941421269314e-05,0.9,9.754194563851136,-0.8408974207874499,1.249139535049816,True,225,194
2025-03-20,2026-03-23,251,2027-01-19,302,2027-08-05,True,0.0230561884161369,0.1334285438943822,6.694889691809577,-0.0064466084985495,0.000176161446997,-0.0001644205842487,0.0002409709192679,0.6518822074283784,12.679397508890538,-0.7509388728212438,1.3754258171996427,True,250,249
2025-01-09,2026-03-23,301,2026-09-23,184,2027-08-05,True,0.0253025010463136,0.1927051843188092,6.536474514127708,-0.0029144747251867,8.27208954878115e-05,0.0002738115541093,0.0002860341128503,0.712428298372338,6.0,1.2774059263655533,1.2098523543356023,True,300,131
2024-11-27,2026-03-23,326,2026-09-04,165,2027-08-05,True,0.0250593422603116,0.2047184268533376,6.505337553597495,-0.0008555849657049,-9.143048334185247e-05,2.833567740893143e-05,9.572065554700192e-05,0.9,6.373083265136852,2.841064541422416,1.2622645839304734,True,325,112
2024-10-23,2026-03-23,351,2026-08-21,151,2027-08-05,True,0.0245765195819505,0.2120058654814618,6.498554630306433,-0.000851721016077,8.989902396011335e-05,3.635100605925416e-05,9.697025394676953e-05,0.9,6.0,0.3842539526828134,1.317498379262709,True,350,98
2024-09-18,2026-03-23,376,2026-08-20,150,2027-08-05,True,0.0248858651972202,0.2328591637669461,6.792812946593214,-0.0844604301402132,0.000782129738053,0.002137696359849,0.0022762848358803,0.2911323488554327,6.106650781982875,1.2200495225430823,1.768943912307539,True,375,97
2024-03-20,2026-03-24,501,2027-07-18,481,2027-08-06,True,0.0236925835002731,0.2812305949716256,8.40643616238124,-1.078121765777326,0.0071554065620679,-0.006762480341207,0.0098453533930325,0.1,6.0,-0.7571739162846388,1.8250940701636036,True,500,429
2023-10-26,2026-03-24,601,2027-07-30,493,2027-08-06,True,0.0244999157931904,0.3607477701979273,6.595609254637685,-0.0007079036467065,-4.74975015010174e-05,-4.7849889205907456e-05,6.74212469912621e-05,0.9,7.707495631008631,-2.3524986774611207,1.2260455094851337,True,600,441
2023-08-17,2026-03-24,651,2027-07-26,489,2027-08-06,True,0.0245338080914779,0.3918419383946236,6.59023115694193,-0.0006982208309334,-3.831450336767794e-05,-5.174307077671298e-05,6.438436566213674e-05,0.9,7.732279152785659,-2.208174175205525,1.2622557714352816,True,650,437
2024-04-26,2026-03-24,476,2027-07-19,482,2027-08-06,True,0.0241819916195205,0.2783499100948033,8.356013789434286,-1.0518531502421866,0.0080287536658048,-0.0065119003546554,0.0103375882900769,0.1,6.0,-0.6814560235211314,1.6958390434447477,True,475,430
2023-09-21,2026-03-24,626,2027-08-05,499,2027-08-06,True,0.0244778903100448,0.3750786133831476,6.600441161664304,-0.000715196690675,1.3950277957514278e-05,-6.823314915281112e-05,6.964461858895974e-05,0.9,7.847098834437715,-1.3691254561084027,1.1777993730035026,True,625,447
2024-07-10,2026-03-24,426,2026-09-26,186,2027-08-06,True,0.0246036652669224,0.2578749867854417,7.747239107448032,-0.7826219928646876,-0.0056452837422437,0.0004392362858356,0.0056623455427266,0.1,6.258365072751064,3.063943208778509,2.208486689212978,True,425,134
2024-08-15,2026-03-24,401,2026-08-31,160,2027-08-06,True,0.0247171640461959,0.2449862175931103,7.011086771656037,-0.2145621071676564,0.0019257916551835,0.0029295136771171,0.0035058128705895,0.1967727413897303,6.0,0.9892534107278308,2.0071414526011195,True,400,108
2025-03-21,2026-03-24,251,2027-01-23,305,2027-08-06,True,0.0229148230390603,0.1317973678427741,6.602678117036621,-0.0010270193716788,5.256918116409437e-05,-1.91440335032444e-05,5.5946517559511405e-05,0.9,12.725966678489243,-0.3492408056828993,1.2982469303017217,True,250,253
2025-01-10,2026-03-24,301,2026-10-25,215,2027-08-06,True,0.0254375704455807,0.1947680670423393,7.597197166015293,-0.6920650116000036,-0.0069058391355387,0.0088935329968066,0.0112599086733076,0.1,6.0,2.231043603680643,1.0243792551660027,True,300,163
2024-11-28,2026-03-24,326,2027-05-12,414,2027-08-06,True,0.0252662513509233,0.2081130070889399,6.60382417414752,-0.0008383514690276,1.3780322884594275e-05,-5.695031893179997e-05,5.859382326864673e-05,0.9,11.028844535839037,-1.3333885732819766,1.167580377099093,True,325,362
2024-10-24,2026-03-24,351,2026-11-15,236,2027-08-06,True,0.0247303176637966,0.2146676027250539,6.531571345896892,-0.0008378292353036,6.927843213767562e-05,-3.628861366375511e-05,7.820719046923882e-05,0.9,7.681516135393187,-0.4825122882513865,1.2551753116356417,True,350,184
2024-09-19,2026-03-24,376,2027-01-13,295,2027-08-06,True,0.0251025186124515,0.2369313016988665,8.188225783694941,-0.999899675730424,-0.0009003824831954,0.0068565948612248,0.0069154596164695,0.1,8.844078707316854,1.7013655101044978,1.63486832300324,True,375,243
2024-03-21,2026-03-25,501,2027-07-22,484,2027-08-07,True,0.0237910677376992,0.2835734669539969,8.386533241059947,-1.0673539953488616,0.0076324056222781,-0.0061899298170695,0.0098269449333569,0.1,6.0,-0.681416223425996,1.8102506299216088,True,500,433
2024-02-15,2026-03-25,526,2027-03-13,353,2027-08-07,True,0.023436205706595,0.2889085181468863,8.122772940522673,-0.9518094552021968,-0.0032038533274083,-0.0069288462398048,0.0076337137985651,0.1,6.0,-2.0039087421522024,2.078083006336758,True,525,302
2023-10-27,2026-03-25,601,2027-07-29,491,2027-08-07,True,0.0244730189867299,0.3599561236532301,6.591222321989689,-0.0006990550030568,-1.387557306537577e-05,-6.427944593190673e-05,6.576000834249872e-05,0.9,7.790336398835127,-1.7833974935758472,1.2281058114727652,True,600,440
2023-08-18,2026-03-25,651,2027-08-04,497,2027-08-07,True,0.0245856935237798,0.393501068255444,6.590323277233038,-0.000692286575311,4.1441423456510415e-05,-4.728803895309079e-05,6.287726302989694e-05,0.9,7.918467949487328,-0.851195651993816,1.2513927283044626,True,650,446
2024-04-29,2026-03-25,476,2027-08-01,494,2027-08-07,True,0.0242755018390119,0.2805067950190748,8.345658663963002,-1.0445880598948574,0.0091730946995843,-0.0052994022910291,0.0105938345753418,0.1,6.0,-0.5238696557151449,1.643389924057399,True,475,443
2023-09-22,2026-03-25,626,2027-07-13,475,2027-08-07,True,0.0245539000562288,0.377411648990019,6.588980250669819,-0.0007067980409804,-3.693830644361028e-05,-5.972849273119175e-05,7.022771053410531e-05,0.9,7.764603631490565,-2.1246622134489725,1.166567963158078,True,625,424
2024-06-06,2026-03-25,451,2026-12-31,281,2027-08-07,True,0.0245777999008293,0.2724347798323091,7.97440709553157,-0.886159902129497,-0.0060899720181214,-0.0013105692515355,0.0062293941073407,0.1,6.0,-2.9296241965242644,2.370909826487608,True,450,230
2024-08-16,2026-03-25,401,2026-09-11,170,2027-08-07,True,0.0248357702200392,0.2473430084514583,6.906619904333057,-0.1413029438272772,-0.0006456744147931,0.0027396827038382,0.0028147392006416,0.2382047559485505,6.1004710158521664,1.8022477590054329,1.9601987524041748,True,400,119
2024-07-11,2026-03-25,426,2026-10-19,208,2027-08-07,True,0.0247000163329172,0.2598986837165568,7.824575189402113,-0.8202039059976114,0.0051128361181564,-0.0027425058400608,0.0058019334237729,0.1,6.64188648291294,-0.4923388739262894,2.128421529987772,True,425,157
2024-11-29,2026-03-25,326,2026-08-21,149,2027-08-07,True,0.0253347123109077,0.2092423332077266,6.496488452147637,-0.000844380979855,2.3948376410121857e-05,9.51103176394662e-05,9.807903575260635e-05,0.9,6.157192536164578,1.3241282352759711,1.2584096202694122,True,325,98
2024-10-25,2026-03-25,351,2026-09-17,176,2027-08-07,True,0.0247599375962363,0.2151821329291016,6.507645277543951,-0.0008412220785469,2.7722799929303613e-05,-8.543644351138887e-05,8.982170960182698e-05,0.9,6.692868827088019,-1.2570307687293287,1.2593879736915294,True,350,125
2024-09-20,2026-03-25,376,2026-12-11,261,2027-08-07,True,0.0251534229381591,0.2378932017502233,8.066108053111485,-0.941008565407866,0.0028904217321451,-0.0063229755413282,0.0069523059114147,0.1,8.485792586065685,-1.1420289441878984,1.5950426154886626,True,375,210
2025-03-24,2026-03-25,251,2027-01-16,297,2027-08-07,True,0.0226756736025454,0.1290607295056234,6.599089815440265,-0.0010282646082857,5.739647226297876e-05,-1.36366783337434e-05,5.899418635944457e-05,0.9,12.782193604434154,-0.2332625277203724,1.2272492928655931,True,250,246
2024-03-22,2026-03-26,501,2027-06-10,441,2027-08-08,True,0.0239329700065363,0.2869663137202178,8.261327760389605,-1.009558555278994,0.0049561780089173,-0.007629232255536,0.0090977406681542,0.1,6.0,-0.9946812686485,1.849467525515899,True,500,391
2023-10-30,2026-03-26,601,2027-07-23,484,2027-08-08,True,0.0244384183708542,0.3589390117738123,6.585355486978196,-0.0006897128365696,6.638905455039288e-06,-6.395571633813687e-05,6.42993679437456e-05,0.9,7.841041373861843,-1.4673620575998845,1.2312049957841842,True,600,434
2024-04-30,2026-03-26,476,2027-07-02,463,2027-08-08,True,0.0244225924281059,0.283916397952864,8.2513889632139,-1.0008853112750085,0.0074572194936664,-0.0067251588252093,0.0100418067996257,0.1,6.0,-0.7338263094370306,1.6611972513955535,True,475,413
2023-09-25,2026-03-26,626,2027-07-02,463,2027-08-08,True,0.0246631456671666,0.3807774921291267,6.581701768638102,-0.000698779818475,-3.2993534745285095e-05,-6.165091954389207e-05,6.992431061938178e-05,0.9,7.786793769432892,-2.062180124369318,1.15503726723367,True,625,413
2024-06-07,2026-03-26,451,2026-12-23,272,2027-08-08,True,0.0246808867490653,0.2747249229948046,7.9413966403622736,-0.8702610715980229,-0.0059784626725716,-0.0007349691973791,0.0060234703990663,0.1,6.0,-3.0192702687909105,2.407972519554256,True,450,222
2024-07-12,2026-03-26,426,2026-09-12,170,2027-08-08,True,0.0248127329490631,0.2622761511870497,6.9091445274603,-0.1447799701581135,0.0007054195645353,0.0026706767352067,0.0027622691733434,0.234712097342299,6.0,1.31255888275192,2.0503438970211243,True,425,120
2024-08-19,2026-03-26,401,2026-09-12,170,2027-08-08,True,0.0250015986825028,0.2506570546090522,6.749833272642671,-0.0606416692046661,0.0004692457595973,0.0016721790251544,0.00173677122128,0.3272352160783595,6.007325962763016,1.297213410518893,1.90198623747906,True,400,120
2025-03-25,2026-03-26,251,2027-01-05,285,2027-08-08,True,0.0225423518416381,0.1275475642646042,6.5931671920912525,-0.0010276473116868,2.7306485322069573e-05,-5.644013078393912e-05,6.26987440348892e-05,0.9,12.69220043669517,-1.1201817378590468,1.1622266690278034,True,250,235
2024-12-02,2026-03-26,326,2026-09-19,177,2027-08-08,True,0.0254923270800647,0.2118539492259822,6.506982352349331,-0.0008351716297502,7.100661073668454e-05,-5.5782785944391805e-05,9.0297607809005e-05,0.9,6.782860288898925,-0.665898506113439,1.2272389373001926,True,325,127
2024-10-28,2026-03-26,351,2026-10-27,215,2027-08-08,True,0.0248579509849241,0.216889122236281,6.522204861331183,-0.0008340613616021,-1.423369623457662e-05,-8.062380351874461e-05,8.187060401833699e-05,0.9,7.530924023127116,-1.7455402904807376,1.2174867724573193,True,350,165
2024-09-23,2026-03-26,376,2026-11-11,230,2027-08-08,True,0.0253040539421438,0.2407509748610043,7.94870983869874,-0.8838501664964425,-0.0040846951950376,0.0056888567410674,0.007003415299463,0.1,8.102828953969409,2.193512095319331,1.5575144916868515,True,375,180
2024-03-25,2026-03-27,501,2027-06-02,432,2027-08-09,True,0.024113532338366,0.2913126833585465,8.215854089651248,-0.9873488568865912,0.0047176403143074,-0.0075612780463715,0.0089122980105986,0.1,6.0,-1.0129732831709408,1.846416520393923,True,500,383
2024-02-19,2026-03-27,526,2027-03-13,351,2027-08-09,True,0.0237061100637242,0.2956012981898923,7.378186747367256,-0.3650050248153127,-0.0018075254778862,-0.0047302864118635,0.0050638678785558,0.1666606798785444,6.0,-1.935792397074608,2.0021581346416037,True,525,302
2023-10-31,2026-03-27,601,2027-05-13,412,2027-08-09,True,0.0244423169593369,0.3590535418627565,6.55867585525578,-0.0006805564632649,6.522885119802867e-05,1.996614995536184e-05,6.82162016873892e-05,0.9,7.266514518256152,0.2970380602107502,1.2356429416083838,True,600,363
2023-08-22,2026-03-27,651,2027-07-25,485,2027-08-09,True,0.0248013352210201,0.4004341549132638,6.580795556562927,-0.0006784737704266,6.12897388165361e-05,6.209663587457791e-06,6.160350644296646e-05,0.9,8.068029359344283,0.1009719757191535,1.2285778168172286,True,650,436
2024-05-02,2026-03-27,476,2027-07-11,471,2027-08-09,True,0.0245949504811141,0.2879379164441845,8.220642857117213,-0.9836985465162617,0.0086190324933311,-0.0057177274287447,0.0103431198422196,0.1,6.0,-0.585726477390409,1.5851093311660378,True,475,422
2023-09-26,2026-03-27,626,2027-03-27,365,2027-08-09,True,0.0248083918457425,0.3852756475384135,6.546561201669592,-0.0006913938426859,-4.6448021632417686e-05,-6.265870350639265e-05,7.799699890808341e-05,0.9,6.964255017907944,-2.2086971293288675,1.145553716272781,True,625,316
2024-06-10,2026-03-27,451,2026-11-27,245,2027-08-09,True,0.0248332763860281,0.2781279188452535,7.57287502344062,-0.5850786680172082,-0.0049346019357926,0.0010991125900323,0.0050555261595897,0.1234812572500973,6.0,2.9224343360834717,2.381758338510892,True,450,196
2024-08-20,2026-03-27,401,2026-10-11,198,2027-08-09,True,0.025216915944783,0.2549930327562677,7.010595966972969,-0.1881383765157935,0.0032593111032805,8.080160852161865e-05,0.0032603125261096,0.2150182295178948,6.762479502453544,0.0247859313413652,1.8347947100000437,True,400,149
2024-07-15,2026-03-27,426,2026-09-26,183,2027-08-09,True,0.0249513753852666,0.2652153029206255,6.80303077097012,-0.0810397033655536,-0.0015962616197688,0.0011768724039226,0.0019831993883272,0.2965595149825347,6.156431224754503,2.5062900300132185,1.9684042470606216,True,425,134
2024-12-03,2026-03-27,326,2026-11-05,223,2027-08-09,True,0.0257051353722088,0.2154057989481673,6.523889923368892,-0.0008260698269652,7.888080496133381e-05,-1.7614433961023283e-05,8.08235712840953e-05,0.9,7.749882354097931,-0.2196999988859573,1.1869327761699748,True,325,174
2024-10-29,2026-03-27,351,2026-09-10,167,2027-08-09,True,0.0249965615923986,0.2193146600963461,6.502633190998446,-0.0008361116497893,2.674496014133785e-05,-8.797302451679138e-05,9.194860485941986e-05,0.9,6.714022636502609,-1.275661782103947,1.218930204718942,True,350,118
2024-09-24,2026-03-27,376,2026-12-19,267,2027-08-09,True,0.0254992383177157,0.2444793941986565,8.074403969204434,-0.944278531959237,0.0032788796721635,0.0063772690645275,0.0071708167335323,0.1,8.825525933776788,1.0958920625676492,1.4920758372896568,True,375,218
2025-03-26,2026-03-27,251,2027-01-12,291,2027-08-09,True,0.0223795013925405,0.1257113627272597,6.596193494065054,-0.0010290393746309,3.933377077574794e-05,5.168086386858053e-05,6.494657199299926e-05,0.9,13.0,0.9202355365753854,1.096919903364994,True,250,242
2024-03-26,2026-03-30,501,2027-05-04,400,2027-08-12,True,0.0242380321807772,0.2943285842021939,8.135030313505967,-0.9499803176895544,0.0027320145137976,-0.0080216054758739,0.0084740815262877,0.1,6.0,-1.2425362115478829,1.8684037020070845,True,500,354
2024-02-20,2026-03-30,526,2027-01-30,306,2027-08-12,True,0.0238097536930792,0.2981916991066036,7.962652447051917,-0.8746989248011012,-0.0048395053905428,-0.0051926534292299,0.0070982013257716,0.1,6.0,-2.3210074197642574,2.053804160276726,True,525,260
2024-01-16,2026-03-30,551,2027-03-10,345,2027-08-12,True,0.0240860154481369,0.3196550132325071,6.530769840888239,-0.000654473103892,-4.289536623099856e-05,-5.028606803607813e-05,6.609615028593246e-05,0.9,6.0,-2.277045010991717,1.485275090290714,True,550,299
2023-12-06,2026-03-30,576,2027-04-28,394,2027-08-12,True,0.0237640500742875,0.3252845237375499,6.547669010541533,-0.0006609683972465,-6.059028294426531e-05,1.5604025915496876e-05,6.256730785352383e-05,0.9,6.720641804963401,2.889536328321179,1.4147020632746388,True,575,348
2023-11-01,2026-03-30,601,2027-05-20,416,2027-08-12,True,0.0244117797609719,0.3581569296500182,6.5580424250457146,-0.0006738557777563,2.205499716158225e-05,6.241424150495604e-05,6.619637786492837e-05,0.9,7.393971650663095,1.2311270463368325,1.23907461147978,True,600,370
2023-08-23,2026-03-30,651,2027-08-10,498,2027-08-12,True,0.0248754338960479,0.4028304746973393,6.583507807171914,-0.0006734658148993,-2.6081363698010683e-05,5.388302003710372e-05,5.986332249939716e-05,0.9,8.32605662111427,2.0215920023496823,1.2160680776229411,True,650,452
2023-09-27,2026-03-30,626,2027-05-03,399,2027-08-12,True,0.0249024686717311,0.3882032241625419,6.55623343223065,-0.0006854641380836,3.098702274837124e-05,6.636592057627727e-05,7.324364131270932e-05,0.9,7.409726413965799,1.1339679977326445,1.1367243094343773,True,625,353
2024-06-11,2026-03-30,451,2026-11-06,221,2027-08-12,True,0.0249377848581524,0.2804737942478063,7.183176660442006,-0.3012522207389479,-0.0032038103101704,0.0020316156445353,0.0037936608481354,0.1720868536819276,6.0,2.576458560882704,2.2775514604905185,True,450,175
2024-08-21,2026-03-30,401,2026-09-16,170,2027-08-12,True,0.0253538397104079,0.257769692412485,6.6345514886332815,-0.020846168672943,0.0002010728817277,0.0008536201480465,0.00087698213261,0.452346185646864,6.0,1.33946026668736,1.7920708860382102,True,400,124
2024-07-16,2026-03-30,426,2026-09-30,184,2027-08-12,True,0.0250579901115949,0.2674866219523695,6.709533443992218,-0.0412940905423903,-0.0010880657968708,0.0007350494206893,0.001313082186756,0.3719779329216238,6.15054475165704,2.5474610915708924,1.9019521643426525,True,425,138
2024-12-04,2026-03-30,326,2027-05-24,420,2027-08-12,True,0.0258535121217716,0.2178997330239735,6.600960635627409,-0.0008187389485041,-5.356034950708158e-05,1.983395129604888e-05,5.711476747159856e-05,0.9,11.624729226451482,2.786939790704141,1.1098306170085994,True,325,374
2024-10-30,2026-03-30,351,2027-04-19,385,2027-08-12,True,0.0250730779376331,0.220659392280585,6.588258639270352,-0.0008216611653625,-4.9830284884362495e-06,-5.969689935227831e-05,5.990451039105998e-05,0.9,11.038673282704424,-1.6540754155967223,1.118301398825455,True,350,339
2024-09-25,2026-03-30,376,2026-11-28,243,2027-08-12,True,0.0256218334668093,0.2468358596755426,7.947693572739559,-0.8642567554627063,0.0046632142587074,-0.0054387635837422,0.0071641968525755,0.1029510151054434,8.575335550070342,-0.8620198924609208,1.448287500925196,True,375,197
2025-03-27,2026-03-30,251,2027-01-07,283,2027-08-12,True,0.0221910631859849,0.1236032646164185,6.593341944118726,-0.0010296543650241,5.060529891948143e-05,4.631932979046676e-05,6.860303631012325e-05,0.9,13.0,0.7412073431516861,1.0390759296745815,True,250,237
2024-05-06,2026-03-31,476,2027-06-20,446,2027-08-13,True,0.0248044941955876,0.2928651557742959,8.119203123391186,-0.9344582970255684,0.0080590968824117,-0.0063568505512245,0.0102644333253571,0.1,6.0,-0.6678616393752149,1.5173078198044792,True,475,401
2024-03-27,2026-03-31,501,2027-04-13,378,2027-08-13,True,0.0243366175310438,0.2967277473790071,8.07767946279355,-0.923418048488836,0.0012604386801459,-0.0080709721232564,0.0081688001983639,0.1,6.0,-1.415878288396459,1.884034427874698,True,500,333
2024-02-21,2026-03-31,526,2027-03-07,341,2027-08-13,True,0.0238943222088825,0.3003137213903191,7.042375900065517,-0.1580973003392426,-0.0011712763293991,-0.0030664115469331,0.003282494175924,0.2381948103962108,6.0,-1.9356633827438068,1.9120600809523831,True,525,296
2024-01-17,2026-03-31,551,2027-04-29,394,2027-08-13,True,0.0241465871267346,0.3212647760978124,6.544220001669928,-0.0006485474783099,5.645028653409253e-06,6.03636768985808e-05,6.06270553236265e-05,0.9,6.4953525042092455,1.4775505422872657,1.4822282430650622,True,550,349
2023-12-07,2026-03-31,576,2027-02-23,329,2027-08-13,True,0.0238296638835864,0.3270832593435092,6.525725318803636,-0.0006566871576798,1.961137415991799e-05,-6.449730406025408e-05,6.741296779909016e-05,0.9,6.179667006568884,-1.2756143396390205,1.4187063481218305,True,575,284
2023-08-24,2026-03-31,651,2027-01-27,302,2027-08-13,True,0.024942924936418,0.4050193273538439,6.521187609397147,-0.0006738619132227,7.625738898717714e-05,-1.4039251619619528e-05,7.753895769985973e-05,0.9,6.402214340004385,-0.1820647872372446,1.2216962800584017,True,650,257
2023-09-28,2026-03-31,626,2027-03-23,357,2027-08-13,True,0.0249754702105138,0.3904825942599014,6.541605252567488,-0.0006819887228128,1.1939265510878891e-08,-7.675841649123962e-05,7.675841741977663e-05,0.9,7.062429915076511,-1.5706407833905331,1.1322427270832898,True,625,312
2024-06-12,2026-03-31,451,2026-12-02,246,2027-08-13,True,0.02503371924313,0.2826358817138809,6.886605172216055,-0.1037515232296267,-0.0021375970554762,0.0003687306663723,0.0021691665394579,0.2745644898543157,6.0,2.9707759173781647,2.1887426598319544,True,450,201
2023-11-02,2026-03-31,601,2027-08-07,494,2027-08-13,True,0.0243819238780301,0.357281405408427,6.580557958402106,-0.0006680022009657,1.2492904218946973e-05,5.759155558985105e-05,5.8930975989565e-05,0.9,8.227186099669117,1.357183335660319,1.2400107434399197,True,600,449
2024-07-17,2026-03-31,426,2026-09-18,171,2027-08-13,True,0.0251345555810378,0.2691237466931754,6.648520136388699,-0.0249220864482252,0.0001303889261882,0.0009623073979835,0.0009711008188064,0.4294943325509386,6.0,1.436120383210476,1.83707236803926,True,425,126
2024-09-26,2026-03-31,376,2027-04-09,374,2027-08-13,True,0.0257078610057724,0.2484961881770359,8.44787975787282,-1.1216949811843588,-0.0066450138129916,-0.0033934467574416,0.0074613463577588,0.1,10.882009265465667,-2.669441043656036,1.381492351507417,True,375,329
2024-08-22,2026-03-31,401,2026-09-11,164,2027-08-13,True,0.025466442313892,0.2600644133348437,6.614810520216992,-0.0168941993510895,0.0002329265477343,0.0007343578894136,0.0007704130621838,0.4774678384209295,6.0,1.263649924134575,1.7450458812209568,True,400,119
2024-12-05,2026-03-31,326,2027-07-17,473,2027-08-13,True,0.0259609715662757,0.2197148865607824,6.620922425266687,-0.0008166001241095,3.904235491130362e-06,-5.296620164636448e-05,5.310990088122501e-05,0.9,12.739922623297874,-1.4972175690461167,1.0861996783227617,True,325,428
2024-10-31,2026-03-31,351,2027-03-23,357,2027-08-13,True,0.0251561619412777,0.2221242017491433,6.57667738117235,-0.000819520139975,1.0830125887267708e-05,6.182834857606048e-05,6.276970857329915e-05,0.9,10.613223261076914,1.3973911451380567,1.1071455731577866,True,350,312
2023-12-08,2026-04-01,576,2027-03-13,346,2027-08-14,True,0.0238394337964178,0.327351515750662,6.53063050027657,-0.0006538731038008,6.33708584883419e-05,1.4638082671737524e-05,6.503952006168309e-05,0.9,6.37955832684133,0.2270091647738356,1.4182998035505612,True,575,302
2024-03-28,2026-04-01,501,2027-04-01,365,2027-08-14,True,0.0243572118376332,0.2972301580201751,8.048437581725695,-0.9100505615684068,0.0003542194497211,-0.0079826532117305,0.0079905083516202,0.1,6.0,-1.5264517678951912,1.8981907898760848,True,500,321
2024-02-22,2026-04-01,526,2027-03-08,341,2027-08-14,True,0.0238961803298101,0.3003604304706271,7.029672081833936,-0.1520210725536959,-0.0010530585960659,-0.0030463297543887,0.0032232060714795,0.2414996948907397,6.0,-1.9036183973871483,1.8983708469410516,True,525,297
2024-01-18,2026-04-01,551,2027-04-30,394,2027-08-14,True,0.0240929998225233,0.3198404248869094,6.54325903829448,-0.0006450168700331,2.945892858713999e-06,5.998101714656522e-05,6.0053315501074325e-05,0.9,6.4981167349691,1.5217220068632589,1.4876099842620742,True,550,350
2023-11-03,2026-04-01,601,2027-04-12,376,2027-08-14,True,0.0243392192135633,0.3560309527474598,6.54303271541636,-0.0006664201239567,2.3149938217359832e-05,-6.370064630528455e-05,6.777678053123015e-05,0.9,7.078702304018667,-1.222218520617404,1.2501324503626774,True,600,332
2024-05-07,2026-04-01,476,2027-06-21,446,2027-08-14,True,0.0248232751698187,0.2933088153145121,8.103805632217076,-0.9263733787071848,0.0083533041198812,-0.0061744143027986,0.0103875445463222,0.1,6.0,-0.6365262537820414,1.486352837567643,True,475,402
2023-08-25,2026-04-01,651,2027-06-05,430,2027-08-14,True,0.0249379867884951,0.4048589734761171,6.56041637200336,-0.0006683787076979,-4.437806640061002e-05,-4.651315113295295e-05,6.428752605112344e-05,0.9,7.776077558277504,-2.3327082590388075,1.2033108116622568,True,650,386
2023-09-29,2026-04-01,626,2027-01-05,279,2027-08-14,True,0.0249856102180399,0.3907997294478564,6.516909871059212,-0.0006841536007012,2.826033756698259e-05,-8.166073805212395e-05,8.64125154049887e-05,0.9,6.275681720413695,-1.2376268370667651,1.1354253061502215,True,625,235
2024-06-13,2026-04-01,451,2026-11-27,240,2027-08-14,True,0.025015574558216,0.282226315685428,6.808674337111816,-0.0693024052124592,-0.0016453814995654,0.0004453605153767,0.0017045897652423,0.3163838785688341,6.0,2.8772535579928307,2.143835836863796,True,450,196
2024-08-23,2026-04-01,401,2026-10-08,190,2027-08-14,True,0.0254934466746506,0.2606162451646558,6.64306770270143,-0.0197210705844252,-0.0003784244694487,-0.0007264926188025,0.0008191438239113,0.4619066017504269,6.419048709534849,-2.0510178025663923,1.7324225357254186,True,400,146
2024-07-18,2026-04-01,426,2026-09-20,172,2027-08-14,True,0.0251367911020993,0.2691716217039072,6.6234877681203175,-0.0181900116139848,8.244625527917661e-05,0.0007811469410965,0.0007854857914654,0.4682161868313864,6.0,1.4656405144711613,1.8071317497310355,True,425,128
2024-12-06,2026-04-01,326,2027-01-28,302,2027-08-14,True,0.0259710735111244,0.2198859109383954,6.5547435450153815,-0.0008158536099048,6.857625325672794e-05,-1.3926028010418056e-06,6.859039184384617e-05,0.9,9.552073435149168,-0.0203045712025838,1.1207114587877918,True,325,258
2024-11-01,2026-04-01,351,2027-01-27,301,2027-08-14,True,0.0251734844431445,0.2224302159722442,6.555024463500239,-0.0008197458777564,6.76590431342186e-05,1.331300968513785e-05,6.895638001457609e-05,0.9,9.594189838903556,0.1942841673982843,1.1151646367260148,True,350,257
2024-09-27,2026-04-01,376,2027-02-24,329,2027-08-14,True,0.025650283417369,0.2473843268111509,8.298024662276436,-1.050829069553819,0.0023369282845831,-0.0071897516244499,0.0075600107293949,0.1,10.25082790139954,-1.2565318451991574,1.3559720077231432,True,375,285
2024-02-23,2026-04-02,526,2027-02-19,323,2027-08-15,True,0.0239092833273229,0.3006899141729822,7.162958613497312,-0.2411608312507281,-0.0019298105579803,-0.0036411708201935,0.0041209578657784,0.1972770604415061,6.0,-2.0581527671951383,1.9241278942230609,True,525,280
2024-01-19,2026-04-02,551,2027-02-22,326,2027-08-15,True,0.0240396773805537,0.3184262547971689,6.520853455797384,-0.0006400637211293,-4.599518994639361e-05,-4.602626278006874e-05,6.506899694712351e-05,0.9,6.0,-2.355856820751432,1.4755038908532898,True,550,283
2023-12-11,2026-04-02,576,2027-02-13,317,2027-08-15,True,0.0238484206562822,0.327598368652219,6.521110132279526,-0.00065234171634,-8.001271366754812e-06,-6.692620231868029e-05,6.74027959381907e-05,0.9,6.128190323302972,-1.689785209897243,1.421371178027938,True,575,274
2023-11-06,2026-04-02,601,2027-05-09,402,2027-08-15,True,0.0243002895666354,0.3548929478864213,6.550522087500973,-0.0006632008458617,3.394753147153435e-05,5.4957296552324265e-05,6.459674401508892e-05,0.9,7.372474313825733,1.0174582885990306,1.2533249484728552,True,600,359
2023-10-02,2026-04-02,626,2027-05-12,405,2027-08-15,True,0.02501380491025,0.3916822129911205,6.555759950216719,-0.0006770135896812,-6.625157507250174e-05,2.5598471664037652e-05,7.102501637537209e-05,0.9,7.637193973135727,2.772880042597527,1.1232973442556418,True,625,362
2024-05-08,2026-04-02,476,2027-06-22,446,2027-08-15,True,0.0248478877034106,0.2938907411009407,8.09190343407887,-0.9201136675115366,0.0085839232058728,-0.0059782324821407,0.0104605449769524,0.1,6.0,-0.6083362350138044,1.4660065824148545,True,475,403
2023-08-28,2026-04-02,651,2027-08-02,487,2027-08-15,True,0.0249420593274133,0.4049912165934265,6.577940705161486,-0.0006663781564504,-5.0885898908992406e-05,3.128424084225247e-05,5.973339462019761e-05,0.9,8.41688796619128,2.5903676604613297,1.192873853488147,True,650,444
2024-06-14,2026-04-02,451,2026-11-22,234,2027-08-15,True,0.0250285394885595,0.2825189328076037,6.762012323107316,-0.0518856331513968,-0.001347651354542,0.0004708507286415,0.0014275379441756,0.3474847863020455,6.0,2.805464791691034,2.104960761442409,True,450,191
2024-04-02,2026-04-02,501,2027-03-25,357,2027-08-15,True,0.0243795463726905,0.2977755029504237,8.030502829687414,-0.9016949660998598,-6.82257823443333e-05,-0.0078832600515003,0.0078835552764573,0.1,6.0,-1.5794506244574107,1.9062781838895084,True,500,314
2024-08-26,2026-04-02,401,2026-11-01,213,2027-08-15,True,0.0255113765658958,0.260982964049063,6.788935026875685,-0.0617415289175027,-0.0014286248841622,0.0009335969765899,0.0017066260206458,0.3322311657771659,7.115133841621999,2.562765513174076,1.6892592784020708,True,400,170
2024-07-19,2026-04-02,426,2026-09-19,170,2027-08-15,True,0.0251442547524286,0.2693314910454435,6.607118423272426,-0.0146623749123235,8.216411989056234e-05,0.0006758803694676,0.0006808562377103,0.4949275322998814,6.0,1.4498238498457916,1.776393857979046,True,425,127
2024-12-09,2026-04-02,326,2027-03-18,350,2027-08-15,True,0.0259847641239741,0.2201177971046151,6.573715918502177,-0.0008152309506677,3.688596793371228e-05,5.145260305581391e-05,6.33083327187346e-05,0.9,10.55256466156663,0.9488230753522978,1.0982577353790852,True,325,307
2024-11-04,2026-04-02,351,2027-03-28,360,2027-08-15,True,0.0251749731794125,0.2224565253790333,6.578024483976732,-0.0008180284468402,-5.4522908566184e-05,3.077914076068849e-05,6.261072643311796e-05,0.9,10.790884568112103,2.627671867232663,1.0896954221320072,True,350,317
2024-09-30,2026-04-02,376,2027-03-29,361,2027-08-15,True,0.0255805440560097,0.246040952059747,8.411758672946025,-1.1048418573182075,-0.0070765984703242,-0.0029866874250888,0.0076810512096573,0.1,10.907875467458426,-2.742222249351733,1.318679599857283,True,375,318
2024-04-03,2026-04-07,501,2027-02-16,315,2027-08-20,True,0.0244335594412727,0.2990964123120752,7.94991738546885,-0.8653265534621956,-0.0029691688762326,-0.0068312963101363,0.0074486625035956,0.1,6.0,-1.980805478962279,1.9362011928192613,True,500,277
2024-02-26,2026-04-07,526,2027-02-08,307,2027-08-20,True,0.0239546053568967,0.3018309599652541,7.150843557210173,-0.2402999725612724,-0.0022607560699423,-0.0034368278761074,0.0041137335666971,0.1962110259245073,6.0,-2.1526374947975886,1.910247847501936,True,525,269
2024-01-22,2026-04-07,551,2027-03-03,330,2027-08-20,True,0.0240112225823029,0.3176728842531889,6.5225521514839775,-0.0006370594335331,-4.08209955877066e-05,-4.907212808630763e-05,6.383124184668934e-05,0.9,6.0,-2.264662719572047,1.497055552506494,True,550,292
2023-12-12,2026-04-07,576,2027-05-03,391,2027-08-20,True,0.023901471968161,0.3290574886529982,6.543971457781229,-0.0006476154115959,-1.6501558805931375e-05,-5.7207185655625215e-05,5.953959635119122e-05,0.9,6.937979295521102,-1.8516257570454544,1.4109798095408994,True,575,353
2023-11-07,2026-04-07,601,2027-01-16,284,2027-08-20,True,0.0242602199734102,0.3537235221681114,6.514742258454016,-0.0006641254175665,1.3276886097395694e-05,-7.460349278474407e-05,7.577570085539677e-05,0.9,6.226294440302729,-1.39467423984252,1.266872750817239,True,600,246
2023-08-29,2026-04-07,651,2027-03-03,330,2027-08-20,True,0.0249594043980423,0.4055546860061654,6.530076210349656,-0.0006675842951592,-7.27827162765673e-05,-6.620489050738451e-06,7.308320370554537e-05,0.9,6.86576828030875,-3.0508799149562944,1.1974073012038966,True,650,292
2024-05-10,2026-04-07,476,2027-08-02,482,2027-08-20,True,0.0248948642686954,0.2950030310714224,8.10361820951753,-0.9206046371419068,0.0112469657386793,-0.002491842006902,0.0115197011642832,0.1,6.0,-0.2180347710817858,1.3319278339097778,True,475,444
2023-10-03,2026-04-07,626,2027-01-02,270,2027-08-20,True,0.0250316922108877,0.3922425949528273,6.51448759838462,-0.0006803718877277,3.407090413918852e-05,-7.91097989578626e-05,8.613470148561039e-05,0.9,6.290521634512182,-1.1641256317807172,1.1301186887085035,True,625,232
2024-06-17,2026-04-07,451,2026-11-02,209,2027-08-20,True,0.0250835856205766,0.2837630066807438,6.751330478832206,-0.0530976022564666,-0.0011738239993928,0.0008923308276257,0.0014744887546135,0.342487123249219,6.0,2.4916009360134685,2.055542414429858,True,450,171
2024-08-27,2026-04-07,401,2026-09-12,158,2027-08-20,True,0.0255326064978794,0.2614175118247975,6.5647213716029125,-0.0075063058539001,0.0001334270103942,0.0004160646361691,0.0004369354054929,0.5812818270065528,6.0,1.260469252022365,1.6643494385255075,True,400,120
2024-07-22,2026-04-07,426,2026-09-21,167,2027-08-20,True,0.0251956349700868,0.2704333291785377,6.585175871016558,-0.0103038920363191,4.34716905034797e-05,0.0005294378756376,0.00053121958928,0.5397069021029384,6.0,1.488870964637673,1.744752942959476,True,425,129
2024-12-10,2026-04-07,326,2027-03-27,354,2027-08-20,True,0.0260273123575523,0.2208392422697767,6.576798784415214,-0.0008143317711172,-5.435588181923129e-05,3.099688252906145e-05,6.257290639619254e-05,0.9,10.78866058587251,2.6233293307382057,1.0856504847741926,True,325,316
2024-11-05,2026-04-07,351,2027-06-27,446,2027-08-20,True,0.0252104437133201,0.2230838317500912,6.612657309154233,-0.0008164011659996,-5.323598255215482e-05,-1.394809798145625e-05,5.503289266969016e-05,0.9,12.587679358984127,-2.8853473927505187,1.0606646941666222,True,350,408
2024-10-01,2026-04-07,376,2027-03-23,350,2027-08-20,True,0.0255793687709207,0.2460183441262528,8.388555453297661,-1.0938079182519145,-0.0076664007971787,-0.0014904650164128,0.0078099415585607,0.1,10.895550213450234,-2.9495727938997214,1.2854172163011528,True,375,312
2024-04-04,2026-04-08,501,2027-04-12,369,2027-08-21,True,0.0244360610096921,0.2991576599123688,7.611484693958537,-0.5443361407390209,0.0011827129834434,-0.0064749075971763,0.0065820390756343,0.1342731409538387,6.0,-1.3901271170980976,1.8507365906887736,True,500,332
2024-02-27,2026-04-08,526,2027-03-08,334,2027-08-21,True,0.0239470542649488,0.3016407005913815,6.9784388700735605,-0.127727724038561,-0.0008522151185483,-0.0028196587269901,0.0029456316716409,0.2570939214396324,6.0,-1.864307374118881,1.858006765621853,True,525,297
2024-01-23,2026-04-08,551,2027-02-27,325,2027-08-21,True,0.0239591518445235,0.3162965673670239,6.520836622248991,-0.0006352213266471,-4.2010767245948834e-05,-4.8409714754613226e-05,6.409684116410344e-05,0.9,6.0,-2.285543494910897,1.4865506203827952,True,550,288
2023-12-13,2026-04-08,576,2027-04-17,374,2027-08-21,True,0.0238944956976381,0.3288654285952014,6.539099717460622,-0.0006480435776417,-6.0883430519292735e-05,1.93941010257747e-06,6.091431213880303e-05,0.9,6.762891236203487,3.1097489400075653,1.4157773921853891,True,575,337
2023-11-08,2026-04-08,601,2027-06-21,439,2027-08-21,True,0.0241927756385966,0.3517595262527833,6.562115062337498,-0.0006587263449398,-2.1335855723383027e-05,-5.616600196638324e-05,6.008193169611628e-05,0.9,7.80407938905778,-1.9338309263461173,1.2643926900221356,True,600,402
2023-08-30,2026-04-08,651,2027-07-24,472,2027-08-21,True,0.0249214287667897,0.4043215252675936,6.574509660434572,-0.0006653334798814,-3.589413556177271e-05,4.8845209266424966e-05,6.061553790908535e-05,0.9,8.37283748327942,2.204533824907558,1.1798458307567707,True,650,435
2024-05-13,2026-04-08,476,2027-08-06,485,2027-08-21,True,0.0248874285928578,0.2948268325351482,8.115333652384814,-0.925993820832548,0.011345586629168,-0.0021017782299341,0.0115386224345795,0.1,6.0,-0.1831741901934829,1.337527979159628,True,475,448
2023-10-04,2026-04-08,626,2027-05-14,401,2027-08-21,True,0.025033550332838,0.3923008300589781,6.555274230467934,-0.0006741309133844,-7.02001562640791e-05,-1.4176857205091056e-06,7.021446982142114e-05,0.9,7.690919197723974,-3.12140048998038,1.1235227811224655,True,625,364
2024-06-18,2026-04-08,451,2026-11-23,229,2027-08-21,True,0.0250796784612446,0.2836746125454585,6.70608406285809,-0.0329490231950806,-0.0010086367812207,0.0003478043476376,0.0010669189381892,0.3989107250482954,6.0,2.809534461103877,2.053220455949801,True,450,192
2024-08-28,2026-04-08,401,2026-10-27,202,2027-08-21,True,0.0255266876478895,0.2612963246914396,6.680809270743585,-0.026125741426209,6.773368140124223e-05,0.0009769962741022,0.0009793413966568,0.4307157560735662,6.95582763617415,1.5015785868902771,1.6518722558834813,True,400,165
2024-07-23,2026-04-08,426,2026-09-20,165,2027-08-21,True,0.0251690381158653,0.2698626843427788,6.581632255403169,-0.0097386950208299,5.654175622225475e-05,0.0005094455543257,0.0005125736464343,0.5470732952698578,6.0,1.4602618551569075,1.7323624334232728,True,425,128
2024-11-06,2026-04-08,351,2027-02-20,318,2027-08-21,True,0.0252135528789505,0.2231388603216525,6.564261739122975,-0.0008185954414022,-2.7907355332028384e-05,-6.056821887913581e-05,6.668830197132775e-05,0.9,10.168402334291816,-2.0025613772251183,1.0864492641511632,True,350,281
2024-10-02,2026-04-08,376,2027-05-21,408,2027-08-21,True,0.0255344828018608,0.2451556892964061,8.597764535822444,-1.19258983315099,0.0027944989062737,-0.0073285489667704,0.0078432680749491,0.1,11.966400368871234,-1.2064991658066928,1.2706633813732895,True,375,371
2024-12-11,2026-04-08,326,2027-02-15,313,2027-08-21,True,0.0260334226627197,0.2209429451446732,6.561235344450555,-0.0008156345106242,-6.663883050212063e-05,5.061407168752624e-06,6.683076816271278e-05,0.9,9.99141578019248,3.065785382067794,1.0993465493306045,True,325,276
2024-06-19,2026-04-09,451,2026-10-28,202,2027-08-22,True,0.0250640522735757,0.2833212290840144,6.738817963660937,-0.0492625818315068,-0.0010342661691507,0.0009572591095667,0.0014092733984214,0.3505784646578866,6.0,2.3948426134937644,2.0424710023049863,True,450,166
2023-10-05,2026-04-09,626,2027-05-15,401,2027-08-22,True,0.0250160324559698,0.391751976778674,6.555531034884337,-0.0006738866301036,-6.986778111731494e-05,-2.988753695811592e-06,6.993167727797794e-05,0.9,7.692750123363677,-3.098841436775561,1.127388963270326,True,625,365
2023-11-09,2026-04-09,601,2027-04-29,385,2027-08-22,True,0.0241173071372175,0.3495683466340802,6.546013832094688,-0.0006591199205921,6.368559566281216e-05,7.139410633294851e-06,6.408452449006704e-05,0.9,7.248900277209409,0.111637904047513,1.2769728259823525,True,600,349
2023-12-14,2026-04-09,576,2027-07-15,462,2027-08-22,True,0.0239023136540302,0.329080664457008,6.565986225154525,-0.0006474788023201,-5.411035250562141e-05,-5.216449823900578e-06,5.436121408732408e-05,0.9,7.594493956947079,-3.0454857343826887,1.411497377887727,True,575,426
2024-01-24,2026-04-09,551,2027-03-10,335,2027-08-22,True,0.0238948673238979,0.314601541119103,6.524320492575673,-0.0006346370101692,-3.601257391386579e-05,-5.201462959078578e-05,6.326473876788156e-05,0.9,6.0,-2.176372775321086,1.5047173730480945,True,550,299
2024-04-05,2026-04-09,501,2027-04-18,374,2027-08-22,True,0.0244366065849355,0.2991710184348436,7.500467984683954,-0.4547971849786423,0.00140641650988,-0.0059328123851387,0.0060972346351866,0.1479794496330251,6.0,-1.338035626202439,1.8396492058711924,True,500,338
2024-05-14,2026-04-09,476,2027-06-24,441,2027-08-22,True,0.0248802181082703,0.2946560204827888,8.088724867350756,-0.918336251959336,0.0087046688394036,-0.0056842921248017,0.0103962703198679,0.1,6.0,-0.5784928404431798,1.472220683803526,True,475,405
2023-08-31,2026-04-09,651,2027-06-02,419,2027-08-22,True,0.024888853141948,0.4032652119796672,6.558831765553545,-0.0006668484168074,-2.5981524732241274e-05,-5.957730477668813e-05,6.49961142828281e-05,0.9,7.830660352860643,-1.9820291380403865,1.179190177628888,True,650,383
2024-02-28,2026-04-09,526,2027-03-14,339,2027-08-22,True,0.0239392088948722,0.301443090041485,6.991169805917334,-0.1325759083033569,-0.0006680500476346,-0.0029508380148827,0.0030255141474172,0.2538226034601392,6.0,-1.793436565327148,1.8537214151615984,True,525,303
2024-10-03,2026-04-09,376,2027-06-07,424,2027-08-22,True,0.0254859548778221,0.2442247449089286,8.660931173988496,-1.2224467376777102,0.0019881234952942,0.0076350484439116,0.0078896514354829,0.1,12.30664199207426,1.3160589215401977,1.2590198069017118,True,375,388
2024-08-29,2026-04-09,401,2027-01-07,273,2027-08-22,True,0.0254850673960284,0.2604449527322248,8.081031173310802,-0.9440892832326574,0.000273793948771,0.0068844357405186,0.0068898779809017,0.1,8.807464809019354,1.5310472831575126,1.555788727730356,True,400,237
2024-07-24,2026-04-09,426,2026-09-19,163,2027-08-22,True,0.0251383623327864,0.2692052730899193,6.577075807667526,-0.0090196280800246,6.683397403380313e-05,0.0004828736476457,0.0004874769119413,0.5571000029028619,6.0,1.4332613128913037,1.717973612860796,True,425,127
2024-12-12,2026-04-09,326,2027-06-04,421,2027-08-22,True,0.0260283559415597,0.2208569520446917,6.604310646346127,-0.0008176504514154,5.6486960539007885e-05,-3.980090814703779e-06,5.662700622343303e-05,0.9,12.122329241624666,-0.0703440887563998,1.0720141386603326,True,325,385
2024-11-07,2026-04-09,351,2027-05-09,395,2027-08-22,True,0.0252088578494376,0.2230557664396767,6.594551209627456,-0.0008187901250613,-5.3547925875989166e-05,2.5079497423654724e-05,5.9130039376306304e-05,0.9,11.657673666905264,2.70357908848356,1.0690426785035585,True,350,359
2024-05-15,2026-04-10,476,2027-07-15,461,2027-08-23,True,0.0248694425434278,0.2944008460723282,8.116075019602297,-0.9294759977054248,0.0099667398221679,-0.0041189280662334,0.0107843159772697,0.1,6.0,-0.3918911612590895,1.436462605609382,True,475,426
2024-04-08,2026-04-10,501,2027-04-14,369,2027-08-23,True,0.0244355137369096,0.2991442601249364,7.627937740820226,-0.5557311622456835,0.0013170355743342,-0.006519918789385,0.0066516106112909,0.1329487135706874,6.0,-1.3714766665059643,1.8512745115268407,True,500,334
2024-02-29,2026-04-10,526,2027-02-23,319,2027-08-23,True,0.0239224548018414,0.3010213018104727,7.28970572851851,-0.3276548499397039,-0.0018433977904065,-0.0045191378499411,0.0048806477357463,0.1708729891967871,6.0,-1.9581023082463576,1.9118829666796289,True,525,284
2024-01-25,2026-04-10,551,2027-02-22,318,2027-08-23,True,0.0238621718427123,0.3137411880231739,6.541897222640944,-0.001355152004946,-7.913216134342765e-05,-8.6984218383912e-05,0.0001175931681975,0.7988934991746212,6.0,-2.3089612376763693,1.5344175512616354,True,550,283
2023-12-15,2026-04-10,576,2027-07-16,462,2027-08-23,True,0.0239029877002333,0.3290992248945647,6.566511265235231,-0.0006479352627901,-5.423622714320739e-05,-3.72627091987524e-06,5.436408216550606e-05,0.9,7.589179305037832,-3.072995986340139,1.4134070454383043,True,575,427
2023-09-01,2026-04-10,651,2027-07-29,475,2027-08-23,True,0.0248610631753045,0.4023651728964194,6.576835939198604,-0.0006672710469541,-5.058663629262304e-05,3.392439452450407e-05,6.090872117567671e-05,0.9,8.417111322694993,2.550858329934184,1.171391958239954,True,650,440
2023-10-06,2026-04-10,626,2027-05-16,401,2027-08-23,True,0.0250023732204661,0.3913242853263327,6.555902339901339,-0.0006739238416465,-6.965198537020947e-05,-2.6391383825689533e-06,6.970196638125945e-05,0.9,7.69060911796771,-3.103720416779045,1.1314817708576188,True,625,366
2024-06-20,2026-04-10,451,2026-10-29,202,2027-08-23,True,0.0250512558093661,0.2830320033494616,6.72658402693348,-0.0443850768777472,-0.0009699835834467,0.0008893845187651,0.0013160064492149,0.3626165292345245,6.0,2.3995149275254857,2.0383337960105323,True,450,167
2023-11-10,2026-04-10,601,2027-03-26,350,2027-08-23,True,0.0240642668808943,0.3480324532494596,6.535633020597136,-0.0006599629050485,-6.114664947268504e-05,-2.757259449289618e-05,6.707578332606412e-05,0.9,6.874079392487946,-2.71796919792646,1.2881953825028516,True,600,315
2024-07-25,2026-04-10,426,2026-09-18,161,2027-08-23,True,0.0251207176426029,0.268827493778617,6.575150015990985,-0.0087484284517247,7.797837240991782e-05,0.0004724629172331,0.0004788547114983,0.5611612574265258,6.0,1.4072243963386468,1.7086877615113152,True,425,126
2024-10-04,2026-04-10,376,2027-04-20,375,2027-08-23,True,0.025462475405743,0.2437749578243141,8.497100654853881,-1.1458174924750315,0.0018176220535429,0.0077178172983536,0.0079289629700416,0.1,11.48588528238042,1.3395012469100491,1.2581562637646546,True,375,340
2024-08-30,2026-04-10,401,2027-01-08,273,2027-08-23,True,0.0254215780131426,0.2591489080999982,8.088283969122351,-0.9478081940284316,-0.0029365832893472,0.0062945970054132,0.0069458961175525,0.1,8.884105243951389,2.0073066812753524,1.53595495927382,True,400,238
2024-12-13,2026-04-10,326,2027-05-02,387,2027-08-23,True,0.0260338498770578,0.220950196651307,6.5919352089618855,-0.0008187941428498,5.246954823142125e-06,5.911039761051696e-05,5.9342814565788026e-05,0.9,11.488304938304482,1.482263021886707,1.0809189768715894,True,325,352
2024-11-08,2026-04-10,351,2027-05-22,407,2027-08-23,True,0.0252066795620399,0.2230172197847197,6.600215276326245,-0.0008204094571032,-5.396404281472463e-06,-5.786563729059054e-05,5.811672012609862e-05,0.9,11.915979902799574,-1.663784869896382,1.0662089133657824,True,350,372
2024-03-01,2026-04-13,526,2027-02-15,308,2027-08-26,True,0.0239074364762086,0.3006434629224387,7.609835608440101,-0.577420942734911,-0.0027264295476057,-0.0056731989872868,0.0062943311660104,0.1269116313823446,6.0,-2.0187880990933023,1.9404082791337889,True,525,276
2024-01-26,2026-04-13,551,2027-02-23,316,2027-08-26,True,0.0238302249742789,0.312901671900936,6.549745587266465,-0.0016749805948991,-9.09025595645056e-05,-0.0001045842522376,0.00013856818232,0.7709800935363422,6.0,-2.286320625077676,1.5532385983863692,True,550,284
2023-12-18,2026-04-13,576,2027-01-29,291,2027-08-26,True,0.0238718886966481,0.328243432288411,6.515608904752031,-0.0006500253907244,-6.068232863692342e-05,-3.172068484561824e-05,6.847296441570652e-05,0.9,6.0,-2.659924100588796,1.4239752790124736,True,575,259
2023-11-13,2026-04-13,601,2027-04-14,366,2027-08-26,True,0.0239785247887989,0.345556760279275,6.541311524447052,-0.0006589593323627,8.514943409065461e-06,-6.43877289159274e-05,6.494831711607731e-05,0.9,7.038057638707141,-1.4393144498530388,1.2974194393143066,True,600,334
2023-10-09,2026-04-13,626,2027-02-05,298,2027-08-26,True,0.0249877839417717,0.390867730796736,6.524935426545888,-0.0006780986549658,2.0388119475076576e-05,7.817595232415632e-05,8.079080973426841e-05,0.9,6.617113759776895,1.3156810928368785,1.1415760018120362,True,625,266
2024-04-09,2026-04-13,501,2027-03-30,351,2027-08-26,True,0.0244325410023654,0.2990714789759664,7.736680900589832,-0.6526244823061789,0.0003428451392748,-0.0069816479923733,0.0069900609066684,0.1208886742672842,6.0,-1.5217291220460196,1.8811211498195803,True,500,319
2023-09-04,2026-04-13,651,2027-07-13,456,2027-08-26,True,0.0248332046849388,0.4014639237555674,6.57219330126003,-0.0006683171966751,2.0706321700810008e-05,5.888040325693016e-05,6.241517160175198e-05,0.9,8.246950900842496,1.2326367950459132,1.1685345773366496,True,650,424
2024-05-16,2026-04-13,476,2027-07-18,461,2027-08-26,True,0.0248487696285993,0.2939116035782766,8.129085524008342,-0.9357940883779804,0.0099768857986418,-0.0039014406143194,0.0107125855472057,0.1,6.0,-0.3727653400640536,1.4559107202370167,True,475,429
2024-06-21,2026-04-13,451,2026-11-08,209,2027-08-26,True,0.0250210863839062,0.2823506984877342,6.692402410048267,-0.031115222338311,-0.0008459975223088,0.0005940219908528,0.0010337184981267,0.4047436877155121,6.0,2.529421368785956,2.03048345304151,True,450,177
2024-07-26,2026-04-13,426,2026-09-20,160,2027-08-26,True,0.025113511699923,0.268673288178326,6.569702404492935,-0.0077453943443437,6.016366342019683e-05,0.0004330930791448,0.0004372519658038,0.5773005353527534,6.0,1.4327634668132552,1.7043644744923572,True,425,128
2024-12-16,2026-04-13,326,2027-04-05,357,2027-08-26,True,0.0260390126048491,0.2210378378439699,6.581789358991357,-0.0008192162069811,-4.41618974902107e-05,-4.310021524078138e-05,6.170819835109077e-05,0.9,10.966899861782766,-2.368360478791194,1.089467552534391,True,325,325
2024-11-11,2026-04-13,351,2027-06-01,414,2027-08-26,True,0.0252094764906071,0.2230667144305957,6.604554364160284,-0.0008214678880931,5.58781545223419e-05,-1.2696743289881902e-05,5.730249072240996e-05,0.9,12.108623947516184,-0.223428318278773,1.0655278595552888,True,350,382
2024-10-07,2026-04-13,376,2027-06-02,415,2027-08-26,True,0.0254278714155609,0.2431128184170899,8.653651610537032,-1.21958231707871,0.0037332815313625,0.0070266825759358,0.007956862385097,0.1,12.287912781376535,1.0824228182073368,1.2473581005624566,True,375,383
2024-09-02,2026-04-13,401,2026-12-31,262,2027-08-26,True,0.0253520600722005,0.2577335069116905,8.063394656998874,-0.9360910816785164,0.0009666636116051,0.006947621437577,0.0070145478954728,0.1,8.82054745721475,1.432547967822493,1.512944098916452,True,400,230
2023-12-19,2026-04-14,576,2027-02-11,303,2027-08-27,True,0.0238789609966894,0.3284379522900951,6.520292958183224,-0.0006512260470851,-3.1476488552087194e-05,-5.945850987747808e-05,6.72761750430257e-05,0.9,6.073401588285737,-2.057675248077012,1.434435357282414,True,575,272
2024-04-10,2026-04-14,501,2027-04-18,369,2027-08-27,True,0.0244395446154805,0.2992429618470437,7.942724955865244,-0.8112227290393585,0.0019310128207988,-0.007583442662678,0.0078254337344466,0.1075958756431276,6.0,-1.321459731729203,1.8589857728563268,True,500,338
2024-03-04,2026-04-14,526,2027-03-31,351,2027-08-27,True,0.0239084320136447,0.3006685018306642,7.1983673116867815,-0.2480033009516788,-2.361446517239879e-05,-0.0043669980152385,0.0043670618621749,0.1970505213495367,6.0,-1.5762037565498206,1.8650670745095963,True,525,320
2024-01-29,2026-04-14,551,2027-03-19,339,2027-08-27,True,0.0238229516392221,0.3127106966673996,6.5282089883092365,-0.0006614173615036,-3.1552278073883864e-05,-5.698552756507008e-05,6.513752070443773e-05,0.894186078769255,6.0,-2.0764676166491127,1.513286020398978,True,550,308
2023-11-14,2026-04-14,601,2027-03-24,344,2027-08-27,True,0.023913362358679,0.3436811884777906,6.5350678047100255,-0.0006599233051761,-6.562433109304322e-05,1.2606810156806758e-05,6.682428071995333e-05,0.9,6.784360029714129,2.951799130763208,1.3100648535345816,True,600,313
2024-05-17,2026-04-14,476,2027-05-02,383,2027-08-27,True,0.0248341011027126,0.2935647069279616,8.05996737681896,-0.91124488386441,0.0037826313223522,-0.0080412898694317,0.0088865427746152,0.1,6.0,-1.1311069903785518,1.7090352363415129,True,475,352
2023-09-05,2026-04-14,651,2027-07-14,456,2027-08-27,True,0.0248136857090002,0.4008330680007416,6.573147668618606,-0.0006698464200587,2.244221452841362e-05,5.856403667065126e-05,6.271681898901381e-05,0.9,8.241940518756193,1.20484898471534,1.1662838221230956,True,650,425
2023-10-10,2026-04-14,626,2027-03-23,343,2027-08-27,True,0.0249876968390175,0.3908650058174737,6.539637515660404,-0.0006763580373729,1.8446872296870372e-05,-7.277095075529082e-05,7.507262065071396e-05,0.9,7.097438654907407,-1.3225335472341917,1.1424466818425,True,625,312
2024-06-24,2026-04-14,451,2026-10-18,187,2027-08-27,True,0.0250084392160445,0.2820653364421908,6.726453567766163,-0.046581569376163,-0.0007887186989046,0.0011185016145096,0.0013686208560673,0.356302550865623,6.0,2.1849746613472245,2.021150454546092,True,450,156
2024-09-03,2026-04-14,401,2026-12-28,258,2027-08-27,True,0.0252885933793546,0.2564446949976423,8.059477723278109,-0.9344837287339176,0.0008460828220882,0.0070099103601274,0.0070607860326492,0.1,8.834203278495334,1.4506792732109797,1.4981362218955951,True,400,227
2024-07-29,2026-04-14,426,2026-10-23,192,2027-08-27,True,0.0251162880171364,0.268732695521655,6.663701730775272,-0.0226731359583674,0.000884127674116,5.2651440905278346e-05,0.0008856940320264,0.4465607885202956,6.723899561290011,0.059481603303963,1.7001500103090126,True,425,161
2024-12-17,2026-04-14,326,2027-03-21,341,2027-08-27,True,0.0260580617089974,0.2213613610897535,6.576034100810457,-0.0008199903376379,1.973023947797795e-06,6.30954811264885e-05,6.312632226006556e-05,0.9,10.64097436443022,1.539536065545491,1.098649998249036,True,325,310
2024-11-12,2026-04-14,351,2027-04-21,372,2027-08-27,True,0.0252169703497861,0.2231993533613199,6.5892429159311074,-0.0008236859551609,5.967436781141079e-05,1.2393581234991455e-05,6.094777296603931e-05,0.9,11.32444903935909,0.204775714053555,1.0740617421101304,True,350,341
2024-10-08,2026-04-14,376,2027-04-06,357,2027-08-27,True,0.025400899834373,0.2425973478608406,8.459223513777713,-1.128528061370552,0.007955972462722,-0.0007918037193793,0.0079952767905566,0.1,11.306794505489805,-0.0991965361930566,1.248358607217635,True,375,326
2023-12-20,2026-04-15,576,2027-02-12,303,2027-08-28,True,0.0238808056156212,0.3284886970662264,6.520835286764779,-0.0006517675573845,-3.359658176338266e-05,-5.829046568995216e-05,6.727933335382527e-05,0.9,6.066627879346539,-2.0936558031222723,1.4371636111423345,True,575,273
2024-04-11,2026-04-15,501,2027-04-19,369,2027-08-28,True,0.0244401632087931,0.2992581104138951,8.067835175316228,-0.9174665986522196,0.0021269187001144,-0.0079427665347345,0.0082226104968067,0.1,6.0,-1.3091542548676816,1.859641774771569,True,500,339
2024-03-05,2026-04-15,526,2027-04-01,351,2027-08-28,True,0.0238994668305065,0.3004430547755858,7.365692818895651,-0.3617758508352942,0.0001232911252422,-0.005308044948626,0.0053094766105708,0.1653836463347892,6.0,-1.5475732829807418,1.878145240904118,True,525,321
2024-01-30,2026-04-15,551,2027-03-01,320,2027-08-28,True,0.0238125373765234,0.3124373519058877,6.560933835969864,-0.0021149902917506,-0.0001005532668616,-0.0001313900669049,0.0001654518333469,0.7407955555492588,6.0,-2.224019894724177,1.578279487212466,True,550,290
2023-11-15,2026-04-15,601,2027-01-16,276,2027-08-28,True,0.0238723103019998,0.342502206692137,6.5149542384582695,-0.0006630734499032,-5.228089787818609e-05,-5.2536215759235e-05,7.411711171686477e-05,0.9,6.077152783540889,-2.353758653455105,1.3249073407056335,True,600,246
2023-09-06,2026-04-15,651,2027-07-15,456,2027-08-28,True,0.0247949070081004,0.4002266062147682,6.573926595925557,-0.0006709743556868,2.146895410924549e-05,5.917807969168544e-05,6.295205402955778e-05,0.9,8.243512204412415,1.2227769483257898,1.1636603620203407,True,650,426
2024-05-21,2026-04-15,476,2027-05-22,402,2027-08-28,True,0.0248167948485321,0.2931556939197668,8.09431880253284,-0.9261139871575071,0.0054278665187947,-0.0073910496970593,0.0091700245675927,0.1,6.0,-0.9373647835700558,1.6832270192427383,True,475,372
2023-10-11,2026-04-15,626,2027-07-09,450,2027-08-28,True,0.0249978417941415,0.3911824510724446,6.573370000774834,-0.0006743086133091,3.877181857875869e-05,5.212374233629622e-05,6.496259255175071e-05,0.9,8.209318559941424,0.931248126859332,1.1379698595346202,True,625,420
2024-06-25,2026-04-15,451,2026-10-22,190,2027-08-28,True,0.0249761893191586,0.2813383248408115,6.704244571328708,-0.0375439929590779,-0.0007364409480278,0.0009269939798269,0.0011839185396671,0.3817481756211061,6.0,2.24213771945778,2.017643153850889,True,450,160
2024-09-04,2026-04-15,401,2026-12-11,240,2027-08-28,True,0.0252548700916211,0.2557611938012097,8.003255605314697,-0.9075772661977838,0.0067541922350805,-0.0022301761892221,0.0071128614905252,0.1,8.60444293597396,-0.3189201539691828,1.4829158199269958,True,400,210
2024-07-30,2026-04-15,426,2026-09-17,155,2027-08-28,True,0.0250835437218781,0.2680324545657813,6.569565897051962,-0.0078137740116921,8.846614105596242e-05,0.0004349457198673,0.000443851368528,0.5764149787297754,6.0,1.3701376985621625,1.691247979282254,True,425,125
2024-12-18,2026-04-15,326,2027-03-26,345,2027-08-28,True,0.0260648291848392,0.2214763544617599,6.5782336834727095,-0.0008198859221885,-3.181454552253567e-05,5.378982629264124e-05,6.249408547533128e-05,0.9,10.712913131437592,2.104912955403538,1.1021721640275897,True,325,315
2024-11-13,2026-04-15,351,2027-04-22,372,2027-08-28,True,0.0252257624003968,0.2233550201271268,6.589866827842194,-0.0008242253829033,5.952489107439397e-05,1.2028192707287852e-05,6.072800076753819e-05,0.9,11.320634733137526,0.1993851170294889,1.0790181069886102,True,350,342
2024-10-09,2026-04-15,376,2027-05-20,400,2027-08-28,True,0.025378844815923,0.2421762473357039,8.619863496044744,-1.2044077327338076,0.0075840486864962,-0.0025464199975504,0.0080001280791666,0.1,12.113158416548892,-0.3239329396898263,1.2428513782115178,True,375,370
2024-04-12,2026-04-16,501,2027-04-22,371,2027-08-29,True,0.0244384844257188,0.299217000034078,8.07282480855676,-0.919572360896876,0.0024006467621013,-0.007940057771203,0.0082950360027205,0.1,6.0,-1.2771883937086197,1.8476358643797768,True,500,342
2024-03-06,2026-04-16,526,2027-03-24,342,2027-08-29,True,0.0238842312496188,0.3000601202546525,7.866132597898125,-0.7627385762325656,-0.0002567393689592,-0.0073365637599997,0.007341054618249,0.1104153523202029,6.0,-1.6057765507805883,1.9120333749134637,True,525,313
2024-01-31,2026-04-16,551,2027-03-20,338,2027-08-29,True,0.0238036015310568,0.3122029066629814,6.541728637051932,-0.0010226252704705,-4.302371962671759e-05,-8.165447364254382e-05,9.229568525320829e-05,0.8363474986306579,6.0,-2.05573141338863,1.544438552116712,True,550,309
2023-12-21,2026-04-16,576,2027-01-31,290,2027-08-29,True,0.0238812577128314,0.3285011346892839,6.516752605790824,-0.0006512325454015,-6.016958372210063e-05,-3.2905683488208275e-05,6.857960929545327e-05,0.9,6.0,-2.6411461807371683,1.4244012588258974,True,575,261
2023-11-16,2026-04-16,601,2027-07-26,466,2027-08-29,True,0.0238558432842352,0.3420298565399964,6.573105464116132,-0.0006582390466738,4.843517750184587e-05,-2.916379097000464e-05,5.653753729494627e-05,0.9,7.958576881703521,-0.5419768946224969,1.3165999892538958,True,600,437
2023-09-07,2026-04-16,651,2027-07-05,445,2027-08-29,True,0.0247841329136149,0.3998788620261064,6.571379946455679,-0.0006720315974946,5.864364723786373e-05,2.5476626815879608e-05,6.393853200750388e-05,0.9,8.13775601544923,0.4098317154338349,1.1624248266581327,True,650,416
2024-05-22,2026-04-16,476,2027-05-07,386,2027-08-29,True,0.0247981427127701,0.292715191833388,8.083655137100026,-0.9228238818583858,0.0039997096534109,-0.0077949242068659,0.0087611940226417,0.1,6.0,-1.0967101121025695,1.755513916393722,True,475,357
2023-10-12,2026-04-16,626,2027-07-10,450,2027-08-29,True,0.0249999430577077,0.3912482177082832,6.573933192715583,-0.0006748657408485,3.836210003068086e-05,5.242206581271413e-05,6.495940041931188e-05,0.9,8.209263298389104,0.9390498992681016,1.1389737070568244,True,625,421
2024-06-26,2026-04-16,451,2026-10-23,190,2027-08-29,True,0.0249490971917886,0.2807283102590764,6.691941670667839,-0.0333005325824169,-0.0006729862805141,0.0008612268676814,0.0010929877635987,0.3959695141240503,6.0,2.2341094784223605,2.010695841539828,True,450,161
2024-09-05,2026-04-16,401,2027-01-05,264,2027-08-29,True,0.0252347743389588,0.2553543282112089,8.092489777563111,-0.95067037167166,-0.0066236234219382,0.0026112115918685,0.007119748114446,0.1,9.024394492299278,2.7660728337450777,1.479610000417749,True,400,235
2024-07-31,2026-04-16,426,2026-09-13,150,2027-08-29,True,0.0250592013231796,0.267512481227107,6.571865679141269,-0.0084316854116435,0.0001305568833415,0.0004561161340598,0.0004744333752357,0.5663273399067481,6.0,1.292014342806049,1.6774726158807385,True,425,121
2024-12-19,2026-04-16,326,2026-11-20,218,2027-08-29,True,0.0260713438007995,0.2215870794309137,6.528297265137839,-0.0008197141134461,-7.736444941236056e-05,1.0912485380979028e-05,7.81302781901343e-05,0.9,8.22602235602576,3.001464133005905,1.1478778244419696,True,325,189
2024-11-14,2026-04-16,351,2027-04-23,372,2027-08-29,True,0.02523157666669,0.2234579938415576,6.590416990857445,-0.000824524712646,5.95595534085727e-05,1.055449498368656e-05,6.048750091208339e-05,0.9,11.31380570253062,0.1753883181738107,1.0843558542763945,True,350,343
2024-10-10,2026-04-16,376,2027-04-22,371,2027-08-29,True,0.0253403122131924,0.2414414150713378,8.525466918417033,-1.160342623175221,-0.0059602620742314,0.0054063114284355,0.00804692035842,0.1,11.650403530958618,2.404891021801876,1.2377005228195563,True,375,342
2023-12-22,2026-04-17,576,2027-02-15,304,2027-08-30,True,0.0239005911749469,0.3290332369028849,6.522575927354923,-0.0006537700674833,-4.013123722826101e-05,-5.411972101011749e-05,6.737551783610953e-05,0.9,6.045565354510582,-2.2088526590907938,1.4445364526968656,True,575,276
2024-04-15,2026-04-17,501,2027-02-28,317,2027-08-30,True,0.0244499781099792,0.2994985162188099,7.983382679959169,-0.8810234984162786,-0.0022613133389413,-0.0072282242935374,0.0075736889594541,0.1,6.0,-1.873995408573005,1.9387810949477984,True,500,289
2024-03-07,2026-04-17,526,2027-04-17,365,2027-08-30,True,0.0238940648617628,0.3003072525351375,8.016072680295062,-0.8702358618742219,0.001729473581213,-0.007756096979979,0.0079465790898319,0.1035690061142284,6.0,-1.351403036194037,1.8903199787901543,True,525,337
2024-02-01,2026-04-17,551,2027-02-24,313,2027-08-30,True,0.0238076870834609,0.3123100863094614,6.596509873893866,-0.0047675122854894,-0.0001948246261391,-0.000239177987499,0.0003084845938687,0.6365664056194248,6.0,-2.2543519873415065,1.6396486889129644,True,550,285
2024-05-23,2026-04-17,476,2027-05-08,386,2027-08-30,True,0.0248007818278754,0.2927774989343647,8.098508167258762,-0.930417005048631,0.003864124598068,-0.0077330575025162,0.0086447462222217,0.1,6.0,-1.1073974630957393,1.7938004986522842,True,475,358
2023-10-13,2026-04-17,626,2027-04-20,368,2027-08-30,True,0.025013443893266,0.3916709070013808,6.549477336053294,-0.000678203492971,5.954182324703733e-05,4.1374593663719774e-05,7.250576333243693e-05,0.9,7.34627890103691,0.6072833937487178,1.1459418764498863,True,625,340
2023-09-08,2026-04-17,651,2027-07-04,443,2027-08-30,True,0.0247901381015087,0.4000726665568119,6.571687493247958,-0.0006739913452876,6.420775452639754e-05,5.469680004567789e-06,6.444030680152364e-05,0.9,8.093016477241003,0.0849820469840696,1.163131467110246,True,650,415
2023-08-04,2026-04-17,676,2027-08-24,494,2027-08-30,True,0.025016355659175,0.4230530021152441,6.582489575829747,-0.0006602814247611,-4.9213107827139095e-05,-2.373168356419749e-05,5.463627720477321e-05,0.9,8.532427083380748,-2.692267663613541,1.2747291106840153,True,675,466
2023-11-17,2026-04-17,601,2027-03-18,335,2027-08-30,True,0.023818751467119,0.340967085792884,6.534098112820111,-0.0006615476855045,-1.917678620950066e-05,6.439204103488047e-05,6.718693383361549e-05,0.9,6.62781404438675,1.8602454834172413,1.337052704752821,True,600,307
2024-06-27,2026-04-17,451,2026-10-26,192,2027-08-30,True,0.0249486513395892,0.2807182768526382,6.690120201757937,-0.0320012909151267,-0.0006743079767592,0.0008138831445673,0.001056928105659,0.4012399307217903,6.0,2.2626795746916954,2.0247665035183573,True,450,164
2024-09-06,2026-04-17,401,2026-12-27,254,2027-08-30,True,0.0252441907185042,0.2555449351779191,8.065587277721258,-0.9379330500394006,-0.0015255073249581,0.0069457025661946,0.0071112556371251,0.1,8.895369308844895,1.786996799386524,1.4827282597217106,True,400,226
2024-08-02,2026-04-17,426,2026-09-10,146,2027-08-30,True,0.0250301348809643,0.2668922598198472,6.575204857469533,-0.0091338269932157,0.0001728793162362,0.0004768572316812,0.0005072278357789,0.5560219757879337,6.0,1.2229949202956862,1.6687466568395668,True,425,118
2024-12-20,2026-04-17,326,2027-03-08,325,2027-08-30,True,0.0260799082866297,0.221732686893921,6.570650309936653,-0.0008178065564495,1.7585834284021602e-05,-6.166518685829021e-05,6.412376188070158e-05,0.9,10.231224094286013,-1.2929883557807569,1.1218802629622842,True,325,297
2024-11-15,2026-04-17,351,2027-03-18,335,2027-08-30,True,0.0252733594372515,0.2241986867328239,6.57698766330056,-0.0008265749461939,1.894639715431614e-05,6.101071248197567e-05,6.388484172859302e-05,0.9,10.609865881521587,1.269696125400755,1.097531591051664,True,350,307
2024-10-11,2026-04-17,376,2027-03-16,333,2027-08-30,True,0.0253344922252376,0.2413305226127952,7.905936913973426,-0.6865422695596592,-0.005886521532519,-0.0030321928252482,0.0066215805577141,0.1316401180663954,10.971495522750123,-2.66593202681594,1.2440219614285395,True,375,305
2025-04-14,2026-04-17,251,2027-01-14,272,2027-08-30,True,0.0183630647033543,0.0846377384701939,6.590077350684372,-0.0010011507562045,3.382599892118204e-05,5.913912454852935e-05,6.812954025518061e-05,0.9,13.0,1.0512396840074998,1.0173331084931003,True,250,244
2024-03-08,2026-04-20,526,2027-03-11,325,2027-09-02,True,0.0238934481411574,0.3002917505030199,8.005972294315248,-0.8910974849815102,-0.001379839968484,-0.0076009510423723,0.0077251805860554,0.1,6.0,-1.750375861181693,1.922495478811234,True,525,300
2024-02-02,2026-04-20,551,2027-02-25,311,2027-09-02,True,0.0237926363032005,0.3119153377832638,6.6130427095269,-0.0063853365240919,-0.0002371123015035,-0.000300986676764,0.0003831647467001,0.5998960843912412,6.0,-2.2380435925441087,1.6661842420318256,True,550,286
2023-12-27,2026-04-20,576,2027-02-10,296,2027-09-02,True,0.0239051408591114,0.3291585174685209,6.520991401144936,-0.0006541879458919,-5.684658647880263e-05,-3.746993510651167e-05,6.808472979441265e-05,0.9,6.0,-2.558818002959396,1.4412657901425538,True,575,271
2023-11-20,2026-04-20,601,2027-03-21,335,2027-09-02,True,0.0237966700003366,0.3403351833660571,6.535309124350182,-0.0006620443075219,-1.9764015941852428e-05,6.387861853785037e-05,6.686624135132764e-05,0.9,6.625087094372564,1.870854099585612,1.3450271833696708,True,600,310
2023-10-16,2026-04-20,626,2027-08-07,474,2027-09-02,True,0.0250211181827751,0.3919112783028663,6.583545764256968,-0.0006770139834412,-5.814776405432793e-05,2.4511648714574578e-05,6.310295862496858e-05,0.9,8.436200920233079,2.742655715788334,1.1445730397203455,True,625,449
2023-08-07,2026-04-20,676,2027-08-14,481,2027-09-02,True,0.024977391808555,0.4217361886532584,6.580306750250591,-0.0006622601281,-4.914295741747355e-05,2.6300512601287388e-05,5.573820257979346e-05,0.9,8.409216152367494,2.6501957927983475,1.2716354976665536,True,675,456
2024-04-16,2026-04-20,501,2027-03-03,317,2027-09-02,True,0.0244535017538909,0.2995848477618011,7.990949618695272,-0.8845137090777789,-0.0020634447355438,-0.0073302256383804,0.0076151173389655,0.1,6.0,-1.8451936949545535,1.93587235693192,True,500,292
2023-09-11,2026-04-20,651,2027-05-28,403,2027-09-02,True,0.0247835151223783,0.3998589268055726,6.560859331608032,-0.0006759432751808,-6.618688874292136e-05,-1.4859041079095164e-05,6.783432275226228e-05,0.9,7.70163893099286,-2.920752953129802,1.164448038304008,True,650,378
2024-05-24,2026-04-20,476,2027-04-04,349,2027-09-02,True,0.0247860226313203,0.2924291329110354,8.056384899178765,-0.9137137913184652,0.0007165864019073,-0.0078924664355011,0.0079249304417711,0.1,6.0,-1.4802508642387116,1.921602126420396,True,475,324
2024-06-28,2026-04-20,451,2026-10-15,178,2027-09-02,True,0.024937988585486,0.2804783768851139,6.707633639824559,-0.0398401836341489,-0.000594644480405,0.0010822112071617,0.0012348211024203,0.3746862972548433,6.0,2.073233877161953,2.0148088467461505,True,450,153
2024-08-05,2026-04-20,426,2026-09-09,142,2027-09-02,True,0.0250298829754224,0.2668868877911833,6.581430058814142,-0.0102857675308511,0.000195784853425,0.0005164919998283,0.000552354681991,0.5405173533645174,6.0,1.2084652152452644,1.677556113962272,True,425,117
2025-04-15,2026-04-20,251,2027-01-19,274,2027-09-02,True,0.0181238884478688,0.0824473084501693,6.590973932340995,-0.0009952864559213,2.3089791830745783e-05,6.240452760215742e-05,6.653918809269919e-05,0.9,13.0,1.216414763955533,1.0355468547708353,True,250,249
2024-12-23,2026-04-20,326,2026-11-21,215,2027-09-02,True,0.0260108824946233,0.2205605186566077,6.527550100303421,-0.0008130638037574,-4.305384625550195e-05,6.486189662594562e-05,7.785049332732102e-05,0.9,8.079276812344322,2.156795841674644,1.1634113053507895,True,325,190
2024-11-18,2026-04-20,351,2027-04-06,351,2027-09-02,True,0.025290987352348,0.2245115484810764,6.5848823897956414,-0.0008272154949428,-4.89990445835449e-05,-3.7639830459328105e-05,6.178724145895481e-05,0.9,10.948429125522251,-2.4865607920364163,1.1005519628234093,True,350,326
2024-10-14,2026-04-20,376,2026-10-01,164,2027-09-02,True,0.0252866892759623,0.2404206621066892,6.529054276417567,-0.0019079009625931,9.875260431596476e-05,0.0001270855551601,0.0001609435155249,0.7778652442345033,6.990282864897472,0.910202983571532,1.3191432539623131,True,375,139
2024-09-09,2026-04-20,401,2026-12-24,248,2027-09-02,True,0.025247707482391,0.2556161399796705,8.055572475766793,-0.9331764103682708,0.0011739490733549,0.0070023054273663,0.0071000308256341,0.1,8.84403947623443,1.4046892996220088,1.4861164624462724,True,400,223
2023-12-28,2026-04-21,576,2027-04-15,359,2027-09-03,True,0.0239158678857989,0.3294539923570513,6.5411025043193005,-0.0006535653902908,-1.529235745499035e-05,6.0075660274217066e-05,6.19914603305515e-05,0.9,6.572537883872841,1.820054271110648,1.4436655405103016,True,575,335
2024-04-17,2026-04-21,501,2027-02-24,309,2027-09-03,True,0.0244379865943077,0.2992048095805658,7.976378421964019,-0.8778622765599555,-0.002572624120871,-0.0071399086102046,0.0075892483046321,0.1,6.0,-1.916631724662244,1.9278639142345435,True,500,285
2024-03-11,2026-04-21,526,2027-04-23,367,2027-09-03,True,0.0238955375657021,0.3003442723813414,8.087267151443005,-0.9269789510338536,0.0022225529119298,-0.0079132630723666,0.0082194570318731,0.1,6.0,-1.2969863598343747,1.8796435243821377,True,525,343
2024-02-05,2026-04-21,551,2027-02-08,293,2027-09-03,True,0.0237686146499205,0.3112858203494065,6.675480986754422,-0.0171863720498579,-0.0005685365564537,-0.0005431214395874,0.0007862663124945,0.4777888017241977,6.0,-2.379052860566428,1.7406011121166838,True,550,269
2023-11-21,2026-04-21,601,2027-03-22,335,2027-09-03,True,0.0237656907174552,0.3394496412219204,6.535646300455312,-0.0006619234731374,-1.5131606500789018e-05,6.489235542874456e-05,6.663319974596172e-05,0.9,6.612626283364755,1.799882942124164,1.352027870127852,True,600,311
2024-05-27,2026-04-21,476,2027-04-05,349,2027-09-03,True,0.0247712305683798,0.2920801992029943,8.062444681832119,-0.916752556428257,0.0007515176990394,-0.0078269415893721,0.0078629379684322,0.1,6.0,-1.475072995716742,1.943193413854537,True,475,325
2023-09-12,2026-04-21,651,2027-08-08,474,2027-09-03,True,0.0247679473959743,0.3993567430545473,6.583415319550476,-0.0006757628304542,-5.668329849286207e-05,2.589689645012395e-05,6.231890221898443e-05,0.9,8.430358389832534,2.713040372649612,1.1576332109274616,True,650,450
2023-08-08,2026-04-21,676,2027-08-15,481,2027-09-03,True,0.0249305435814594,0.4201556342085236,6.581137591845752,-0.0006634455938521,-5.06271026585792e-05,2.4074415920399467e-05,5.605962027619078e-05,0.9,8.414911200278546,2.697716648654524,1.265750578377638,True,675,457
2023-10-17,2026-04-21,626,2027-08-08,474,2027-09-03,True,0.0250193294898088,0.3918552469228802,6.583951413709412,-0.0006771770184929,-5.849071230780545e-05,2.3402773948041215e-05,6.29988353442949e-05,0.9,8.437539114112973,2.760990641242901,1.1465589810105914,True,625,450
2024-07-01,2026-04-21,451,2026-10-09,171,2027-09-03,True,0.0249291049198512,0.2802785827193337,6.709069282400506,-0.0415043100748327,-0.0005036364719055,0.0011751511389644,0.0012785264546511,0.3694019211810178,6.0,1.975688306820544,1.9986252954407315,True,450,147
2024-08-06,2026-04-21,426,2026-09-10,142,2027-09-03,True,0.0249792208785044,0.2658075886469689,6.586892468882334,-0.0112319449848249,0.0001887313479005,0.0005531072348343,0.0005844203409417,0.5290310228697533,6.0,1.2419644875264595,1.6945700802051815,True,425,118
2024-09-10,2026-04-21,401,2026-12-25,248,2027-09-03,True,0.0252435651431791,0.2555322700363097,8.059789924991048,-0.9352554378484086,-0.0002655035225437,0.0071121632827645,0.0071171173013508,0.1,8.874413432922761,1.6081099091840394,1.4807660917255054,True,400,224
2025-04-16,2026-04-21,251,2027-01-23,277,2027-09-03,True,0.0179966065679903,0.0812933398387217,6.591929085833038,-0.0009895008442283,1.2223417714016542e-05,6.408546007838946e-05,6.524077048955033e-05,0.9,13.0,1.38232391835622,1.050016792971407,True,250,253
2024-12-27,2026-04-21,326,2026-08-25,126,2027-09-03,True,0.0259152894540041,0.2189423261600503,6.490855104145151,-0.0008051510068987,-3.241173506450255e-05,8.984698312148378e-05,9.551440177231752e-05,0.9,6.219850801555893,1.917010145020034,1.2197505501972206,True,325,102
2024-11-19,2026-04-21,351,2027-04-07,351,2027-09-03,True,0.0252910586930978,0.2245128150860191,6.585299702723752,-0.0008271066043272,-4.923412150069061e-05,-3.693444097472224e-05,6.154796219258609e-05,0.9,10.943361935766482,-2.4979765145156216,1.1051966417594907,True,350,327
2024-10-15,2026-04-21,376,2027-04-12,356,2027-09-03,True,0.0252129086741357,0.2390197271926764,7.804101837943353,-0.5742671982579769,0.0014976408928332,0.0058307839437695,0.0060200473123396,0.1481870543767093,11.514098656002028,1.3193804186653522,1.22770613191442,True,375,332
2023-12-29,2026-04-22,576,2027-03-09,321,2027-09-04,True,0.0239064302008508,0.3291940252501352,6.529816032422365,-0.0006541337173769,4.102234414305925e-05,-5.084681429009847e-05,6.53317016649907e-05,0.9,6.21426483871471,-0.8919330868734469,1.4500911988882454,True,575,298
2024-04-18,2026-04-22,501,2027-04-29,372,2027-09-04,True,0.0244145836161203,0.2986320184674149,8.082169378597136,-0.9232219809959432,0.0030674775232306,-0.0080257155960356,0.0085919455994539,0.1,6.0,-1.2057229881541487,1.7908671369587137,True,500,349
2024-03-12,2026-04-22,526,2027-04-07,350,2027-09-04,True,0.0238888612951759,0.3001764670335606,8.055932613558825,-0.912999338583495,0.0009593588567398,-0.0080110413878434,0.0080682807049424,0.1,6.0,-1.4516093488413464,1.88598490800362,True,525,327
2024-02-06,2026-04-22,551,2027-02-06,290,2027-09-04,True,0.0237407832275954,0.3105572583310819,6.702635875552574,-0.0234529411192941,-0.0007099926091582,-0.0006677488661193,0.0009746681759773,0.4408096008937882,6.0,-2.386846476078494,1.7678292758823886,True,550,267
2023-11-22,2026-04-22,601,2027-06-01,405,2027-09-04,True,0.0237331487984216,0.3385206734847021,6.557305291301093,-0.0006600169315786,4.552621315770429e-05,3.942705232548002e-05,6.022564685876664e-05,0.9,7.2899778295918,0.713726828929072,1.3529754159416931,True,600,382
2023-09-13,2026-04-22,651,2027-08-21,486,2027-09-04,True,0.024754887838812,0.3989357112148197,6.587773318773539,-0.0006761151523843,-4.903138375353416e-05,-3.717435253298816e-05,6.153055402832985e-05,0.9,8.56915554431856,-2.492880260245481,1.1540757800636028,True,650,463
2023-08-09,2026-04-22,676,2027-09-02,498,2027-09-04,True,0.0248855021955685,0.4186388363993382,6.587061632630771,-0.0006642040555075,-2.9389823931214985e-05,-4.677774992982355e-05,5.524418194891589e-05,0.9,8.602056305581465,-2.131755403592541,1.2579263212253238,True,675,475
2024-05-28,2026-04-22,476,2027-02-26,310,2027-09-04,True,0.0247470000737568,0.2915090700216476,7.999011286243564,-0.8896876222956661,-0.0024656835031973,-0.0067387996419913,0.0071757240577409,0.1,6.0,-1.9215594804207368,2.066429383145664,True,475,287
2023-10-18,2026-04-22,626,2027-03-20,332,2027-09-04,True,0.025013083417339,0.3916596181187698,6.5402739770314895,-0.000680430840814,-3.715073442894166e-05,-6.610690885368184e-05,7.583073563403398e-05,0.9,6.989251385690057,-2.0827903831980112,1.1554484360463966,True,625,309
2024-07-02,2026-04-22,451,2026-10-09,170,2027-09-04,True,0.0249178457664694,0.280025465976344,6.698038774650963,-0.0377680450461187,-0.0004525354882763,0.0011181652847689,0.0012062677862779,0.3802984118686507,6.0,1.955358606540539,1.984513404874716,True,450,147
2024-08-07,2026-04-22,426,2026-10-14,175,2027-09-04,True,0.024950125015018,0.2651887225009031,6.675680185749821,-0.0272198077536848,0.0007752505004559,-0.000654375833307,0.0010145053325012,0.42362466832443,6.623059437598485,-0.7010489441308215,1.716142349829067,True,425,152
2024-09-11,2026-04-22,401,2027-01-02,255,2027-09-04,True,0.0252439722780445,0.2555405126862465,8.08745145574344,-0.948565067694044,-0.0060153738717699,0.0038161792740242,0.0071237593353976,0.1,9.005655030323583,2.576259233863095,1.4785723521657788,True,400,232
2025-04-17,2026-04-22,251,2027-01-27,280,2027-09-04,True,0.0178312098504081,0.0798059632270521,6.592188582614498,-0.0009823140966812,2.6496557954738007e-06,6.420161129830561e-05,6.425626482400927e-05,0.9,13.0,1.5295488735709557,1.0583615578299463,True,250,257
2024-12-30,2026-04-22,326,2026-08-22,122,2027-09-04,True,0.0258418182392714,0.2177026597911622,6.488229908427288,-0.0007972300710593,5.730018691026798e-05,7.823307043174772e-05,9.697280406964854e-05,0.9,6.059741685041496,0.9386356789992012,1.221018139273844,True,325,99
2024-11-20,2026-04-22,351,2027-04-08,351,2027-09-04,True,0.0252804270770294,0.2243240976121487,6.585501571421966,-0.0008262953476658,-5.099147582234996e-05,-3.3977532137418064e-05,6.127481780218182e-05,0.9,10.931012546852108,-2.553817974486249,1.1102873599008796,True,350,328
2024-10-16,2026-04-22,376,2026-09-01,132,2027-09-04,True,0.0251434835229356,0.2377052311392199,6.493769920664848,-0.0008086058950192,-8.026458881877751e-05,3.5505793308032295e-05,8.776710987995523e-05,0.9,6.340049402127295,2.7251108114989324,1.3078410753749887,True,375,109
2025-03-13,2026-04-22,276,2027-02-21,305,2027-09-04,True,0.0249553927414635,0.1718849690190713,6.595883846347046,-0.0009484613502125,3.969111530309015e-05,-2.757246508167029e-05,4.8328309143638825e-05,0.9,12.50351420688422,-0.6071438634819972,1.4126300966443064,True,275,282
2024-04-19,2026-04-23,501,2027-04-26,368,2027-09-05,True,0.0243975903043327,0.2982164487416938,8.07271687993822,-0.9187200552491868,0.0028882557391374,-0.0081270007397665,0.0086249731732235,0.1,6.0,-1.2293277154637368,1.7753099764247675,True,500,346
2024-03-13,2026-04-23,526,2027-05-14,386,2027-09-05,True,0.023896039476291,0.3003568895951947,8.12110584782165,-0.9413978644504596,0.0040099618421104,-0.0075242748518358,0.0085261073193545,0.1,6.0,-1.0811478869936837,1.8402260046493863,True,525,364
2024-02-07,2026-04-23,551,2027-02-20,303,2027-09-05,True,0.0237245060415186,0.3101315549896438,6.67319512521614,-0.0158210604766346,-0.0004639649963056,-0.0005750657620564,0.0007388938682154,0.4881429939234966,6.0,-2.2496719215709438,1.7420047633185072,True,550,281
2024-01-03,2026-04-23,576,2027-02-17,300,2027-09-05,True,0.0239000046270235,0.3290170873949268,6.523519944899926,-0.0006546271407436,-5.118225730225956e-05,-4.385098400289491e-05,6.739831051722919e-05,0.9,6.0090123111900615,-2.43318630391874,1.4547367579502104,True,575,278
2023-11-23,2026-04-23,601,2027-07-04,437,2027-09-05,True,0.0237027865554436,0.3376550763862461,6.567151386551566,-0.0006593197306185,-5.712090821114162e-05,7.817139345248119e-06,5.76533244697016e-05,0.9,7.58432220269155,3.005585027531404,1.3570550080771604,True,600,415
2023-09-14,2026-04-23,651,2027-08-08,472,2027-09-05,True,0.0247458903407748,0.3986457667812325,6.583960312879465,-0.0006765967072427,-5.875281067958596e-05,2.1610218892404573e-05,6.260107286084567e-05,0.9,8.440754393774892,2.7891351855285933,1.152416186438332,True,650,450
2023-08-10,2026-04-23,676,2027-09-01,496,2027-09-05,True,0.0248333418593448,0.4168857307024886,6.58714432720548,-0.0006651657580915,-3.326323373022861e-05,-4.464590416007434e-05,5.567494478185283e-05,0.9,8.59207020559696,-2.211119061357342,1.2514536856103058,True,675,474
2024-05-29,2026-04-23,476,2027-01-19,271,2027-09-05,True,0.0247344817154968,0.2912142228095011,7.613507486463689,-0.5920199538296382,-0.0043020628217166,-0.0037909051104,0.0057339956468463,0.1245020585371164,6.0,-2.419271425792949,2.1424182916083616,True,475,249
2023-10-19,2026-04-23,626,2027-03-21,332,2027-09-05,True,0.0249985790402618,0.3912055252241676,6.540542937835346,-0.0006801882706456,-3.543179604811312e-05,-6.671609929883367e-05,7.554104895251931e-05,0.9,6.991266099877673,-2.059000142205885,1.159131757017824,True,625,310
2024-07-03,2026-04-23,451,2026-10-08,168,2027-09-05,True,0.0249117015744922,0.2798873867767889,6.68914917722731,-0.0348581540231282,-0.000415508085012,0.0010696141954585,0.0011474848564738,0.3896453500234469,6.0,1.9413196894123563,1.9727664304070824,True,450,146
2024-09-12,2026-04-23,401,2027-01-12,264,2027-09-05,True,0.0252447821942376,0.2555569102418341,8.12317203977683,-0.9657271116869628,-0.0055737592036453,-0.0044408815028344,0.007126585450441,0.1,9.172891638653413,-2.4688377856490265,1.4772930814419452,True,400,242
2024-08-08,2026-04-23,426,2026-09-09,139,2027-09-05,True,0.0249227094960782,0.264606257114638,6.5973594205205215,-0.013613821616752,0.0002201938212933,0.0006326852093807,0.0006699073765118,0.5037703372707594,6.0,1.235877048600191,1.7062656092163284,True,425,117
2025-03-14,2026-04-23,276,2027-02-20,303,2027-09-05,True,0.0248523653253142,0.1704686571845552,6.5967602694562615,-0.0009536181913154,3.940651936017991e-05,2.9452417819375406e-05,4.919673447995605e-05,0.9,12.715955405094736,0.6418347909083517,1.3719294023228996,True,275,281
2025-01-03,2026-04-23,326,2026-09-15,145,2027-09-05,True,0.0257385168272671,0.215965627000409,6.496740127170788,-0.0007894963445323,-7.56921860146516e-05,-5.2363139465481725e-05,9.20391514430577e-05,0.9,6.452887117732492,-2.5363976585845176,1.1963712253115244,True,325,123
2024-11-21,2026-04-23,351,2027-01-03,255,2027-09-05,True,0.0252557437796196,0.2238862604454912,6.547455699618995,-0.0008260012117307,-7.069909371004314e-05,1.3742457716380536e-05,7.20223367817788e-05,0.9,9.10316929073292,2.949607171518116,1.1338702653050714,True,350,233
2024-10-17,2026-04-23,376,2026-10-14,174,2027-09-05,True,0.0251047108349461,0.2369726862959539,6.52593387252514,-0.0013720337543233,-0.0001200716645399,1.9666464098860983e-05,0.0001216715843389,0.8253639898561701,7.295047106618568,2.979244792910228,1.2758307020530373,True,375,152
2025-04-22,2026-04-23,251,2027-02-08,291,2027-09-05,True,0.0176138641830611,0.0778723010762907,6.595184389205151,-0.0009710731144378,-2.150425610330835e-05,5.809848964472841e-05,6.195052485294446e-05,0.9,13.0,1.9252945553135796,1.085190784927671,True,250,269
2024-04-22,2026-04-24,501,2027-07-10,442,2027-09-06,True,0.0243842814371786,0.2978911837849746,8.165708635168368,-0.9558261972350348,0.0088864481650829,-0.0048033014656441,0.0101015180027838,0.1,6.0,-0.4955356470325935,1.5770339285831847,True,500,421
2024-03-14,2026-04-24,526,2027-03-18,328,2027-09-06,True,0.0238907523616411,0.3002239934611674,8.016340807386886,-0.8953752947442398,-0.0006946988336669,-0.007812800996817,0.0078436258124265,0.1,6.0,-1.6594811162052203,1.9025539891804304,True,525,307
2024-02-08,2026-04-24,551,2027-01-22,273,2027-09-06,True,0.0237009325093204,0.3095155451980617,6.809494229376456,-0.0597949967642736,-0.0014605829474319,-0.0010609357641557,0.0018052388323968,0.3338439574994867,6.0,-2.5133816172959205,1.8429877532187255,True,550,252
2024-01-04,2026-04-24,576,2027-03-09,319,2027-09-06,True,0.0238906385562298,0.3287592637196649,6.529387884403621,-0.0006532737446658,3.2988905627150925e-05,-5.630190449434393e-05,6.525467296805107e-05,0.9,6.191665247521548,-1.0407875744956028,1.455186402140449,True,575,298
2023-11-24,2026-04-24,601,2027-08-18,481,2027-09-06,True,0.0236769560001122,0.3369195455041829,6.580848129995177,-0.0006583622876559,5.4333694630336456e-05,2.8679632541405696e-06,5.440933362401853e-05,0.9,8.011530067899173,0.0527353084758904,1.3593102168985731,True,600,460
2023-08-11,2026-04-24,676,2027-06-10,412,2027-09-06,True,0.0247704149218476,0.4147756558507315,6.561971802075912,-0.0006668719076234,-4.895687961903273e-05,-3.792956999449694e-05,6.193083514695975e-05,0.9,7.745899162916569,-2.4824358891257003,1.2511407135601786,True,675,391
2023-09-15,2026-04-24,651,2027-08-09,472,2027-09-06,True,0.024714792409402,0.3976444474597352,6.5843499869153135,-0.0006768680870358,-6.158646266477507e-05,1.2082570230267977e-05,6.27605041959439e-05,0.9,8.462612542478693,2.9478644427048115,1.1469795287312334,True,650,451
2024-05-30,2026-04-24,476,2027-03-12,322,2027-09-06,True,0.0247381270566015,0.2913000668078361,7.727652812731925,-0.649498321021329,-0.0012823415085289,-0.0063080055710934,0.006437028353941,0.1212804133298345,6.0,-1.771351366855945,2.0395390672848848,True,475,301
2023-10-20,2026-04-24,626,2027-05-27,398,2027-09-06,True,0.0249615746673678,0.390048211381488,6.560920101348115,-0.0006771282838787,-6.838203911616045e-05,-2.7971628089088044e-06,6.843922408578023e-05,0.9,7.676673043775746,-3.100710510767942,1.159939513650933,True,625,377
2024-07-04,2026-04-24,451,2026-10-11,170,2027-09-06,True,0.0248988386488824,0.27959842689445,6.668880661282234,-0.0279662377465216,-0.000393789301796,0.0009087645404539,0.0009904155714625,0.4160848385444328,6.0,1.97969612750681,1.958155723170056,True,450,149
2024-08-09,2026-04-24,426,2026-09-16,145,2027-09-06,True,0.0249126366260626,0.2643924115201141,6.588494978747032,-0.0111389267527363,0.0001123909642197,0.0005601810722884,0.0005713445217978,0.5300196115646268,6.0,1.3727919210217123,1.7222094566673156,True,425,124
2024-09-13,2026-04-24,401,2026-12-09,229,2027-09-06,True,0.0252498436664844,0.2556593966779445,8.001299071916492,-0.9069720500565792,0.007168995880228,-0.0008386922557729,0.0072178879619054,0.1,8.648682443676714,-0.1164594269072303,1.452893617404243,True,400,208
2025-04-23,2026-04-24,251,2027-02-09,291,2027-09-06,True,0.0173591369861071,0.075636248862511,6.593479193326358,-0.000960344791966,8.618238412691232e-06,6.137142628979514e-05,6.197359113510968e-05,0.9,12.90492327814817,1.431281088769191,1.0807061064014545,True,250,270
2025-01-06,2026-04-24,326,2026-11-05,195,2027-09-06,True,0.0256705401432721,0.214826381786635,6.515353622196722,-0.0007821425055106,-7.12139291663919e-05,-4.17781422734212e-05,8.256413797245208e-05,0.9,7.326540056692036,-2.611042039266413,1.1636919187655248,True,325,174
2024-11-22,2026-04-24,351,2027-01-04,255,2027-09-06,True,0.0252451911668823,0.2236992066454047,6.547543072613875,-0.0008246690572233,-7.052395068101556e-05,1.3115054698605345e-05,7.173306266573125e-05,0.9,9.100595054003488,2.957727047977073,1.1369282170543866,True,350,234
2024-10-18,2026-04-24,376,2026-09-20,149,2027-09-06,True,0.0250162127006013,0.2353048976035293,6.501914098923311,-0.0008112592474049,6.894472927549872e-05,-4.931699690880503e-05,8.476757563464284e-05,0.9,6.776042181917067,-0.6209287690406167,1.2711485499956658,True,375,128
2025-03-17,2026-04-24,276,2027-01-26,277,2027-09-06,True,0.024676324702376,0.1680621962255181,6.585321675760678,-0.0009561459213431,-5.006800819592553e-05,-1.643439136387123e-05,5.269624905254786e-05,0.9,12.275543291070802,-2.82443184957766,1.330289799590426,True,275,256
2024-04-23,2026-04-27,501,2027-07-13,442,2027-09-09,True,0.0243761929775912,0.2976935908244651,8.157656631960714,-0.9512283722100708,0.0092379403361203,-0.0045243988395649,0.0102863854931252,0.1,6.0,-0.4554243005222302,1.541241694091369,True,500,424
2024-03-15,2026-04-27,526,2027-03-17,324,2027-09-09,True,0.0238957115645808,0.3003486463994401,8.010955441454648,-0.892793741484979,-0.0007708382046556,-0.0077983625616818,0.0078363671545683,0.1,6.0,-1.6693224348307336,1.898825743857825,True,525,306
2024-02-09,2026-04-27,551,2027-02-18,297,2027-09-09,True,0.0236798257493847,0.3089645152841948,6.704528690418597,-0.0228528869348666,-0.0005882014446221,-0.0007532844160146,0.0009557292246584,0.4440922335475899,6.0,-2.2337503079566186,1.7698160629723478,True,550,279
2024-01-05,2026-04-27,576,2027-02-13,292,2027-09-09,True,0.0238811623213343,0.328498510359122,6.521489569697392,-0.0006524876222937,-5.487541315539097e-05,-3.936435465004393e-05,6.753416458348537e-05,0.9,6.0,-2.519323345154803,1.449238973306263,True,575,274
2023-11-27,2026-04-27,601,2027-07-28,457,2027-09-09,True,0.0236550723604881,0.3362970314763372,6.574050858414502,-0.0006574377203035,1.4374725731633945e-06,-5.552341187227205e-05,5.554201646804478e-05,0.9,7.804639042063574,-1.5449126231272428,1.3649686048201624,True,600,439
2023-09-18,2026-04-27,651,2027-09-04,495,2027-09-09,True,0.0246810904879845,0.3965607042171273,6.592493604990131,-0.000676809158705,2.5224244612088737e-05,-5.567270685630157e-05,6.11204777873846e-05,0.9,8.745647653461994,-1.1453832109294877,1.1395411681305392,True,650,477
2023-08-14,2026-04-27,676,2027-08-09,469,2027-09-09,True,0.0247178520946373,0.4130172154285212,6.580226882703981,-0.0006663276555063,-4.034981478856899e-05,4.150687680857061e-05,5.788720390443537e-05,0.9,8.37228892293584,2.342060215465835,1.2373813570199956,True,675,451
2024-05-31,2026-04-27,476,2027-01-22,270,2027-09-09,True,0.0247330173996918,0.2911797432540878,7.237619151977344,-0.3022882647939466,-0.0031499038820741,-0.0028206610485959,0.0042282411493873,0.1766432458247059,6.0,-2.411283030996365,2.10478298900786,True,475,252
2023-10-23,2026-04-27,626,2027-08-01,461,2027-09-09,True,0.0248853098719347,0.3876684332863056,6.580915118981363,-0.0006746802722716,-3.0652440766871044e-05,5.449208725445927e-05,6.252167382847439e-05,0.9,8.346441586411453,2.0831947324519926,1.1636130045251332,True,625,443
2024-07-05,2026-04-27,451,2026-10-05,161,2027-09-09,True,0.0248777207331828,0.2791243459840841,6.658215327670059,-0.0258927365982127,-0.0002781398627552,0.0009129071091317,0.0009543380811624,0.4246928927519151,6.0,1.866536463379413,1.9204342472576104,True,450,143
2024-09-16,2026-04-27,401,2026-12-07,224,2027-09-09,True,0.0252476409057556,0.255614791893701,7.270861433479767,-0.3188198239144763,0.0016069531864275,-0.0042646338672328,0.004557345780706,0.1771010578242694,8.47588497876959,-1.2104404711476584,1.461737663080953,True,400,206
2024-08-12,2026-04-27,426,2026-09-19,145,2027-09-09,True,0.0249151649364596,0.2644460790634818,6.58308710765473,-0.0099470655292961,7.281312388933989e-05,0.0005189293007411,0.0005240127576483,0.5446769448536789,6.0,1.4313922873131486,1.7232205334946935,True,425,127
2025-03-18,2026-04-27,276,2027-01-20,268,2027-09-09,True,0.0244340488966423,0.1647782777534483,6.583310425635725,-0.000959981286392,-4.655355570290379e-05,-2.8605016752150477e-05,5.463955098620573e-05,0.9,12.349845353472269,-2.5906129746665987,1.2803733776828572,True,275,250
2025-01-07,2026-04-27,326,2026-09-02,128,2027-09-09,True,0.0255798889918509,0.2133118149923458,6.488369987636204,-0.0007686836324176,6.114112037268368e-05,7.635576412863386e-05,9.781839968070711e-05,0.9,6.0,0.8956042815919476,1.1787408630585414,True,325,110
2024-11-25,2026-04-27,351,2027-02-14,293,2027-09-09,True,0.025251311747141,0.2238076894779075,6.563636939940009,-0.0008236734048295,-4.296591476552167e-05,5.086901581828832e-05,6.65862343278199e-05,0.9,9.869848087991352,2.2721693513407915,1.1279831960805693,True,350,275
2024-10-21,2026-04-27,376,2026-11-05,192,2027-09-09,True,0.0249329162005717,0.2337405166595389,6.520693387230504,-0.0008109859427614,6.865636696839762e-05,-3.4119051314021435e-05,7.666685325398524e-05,0.9,7.698763252207309,-0.4612077842635079,1.2365942789894393,True,375,174
2025-04-24,2026-04-27,251,2027-02-14,293,2027-09-09,True,0.0172432305855228,0.074629579257403,6.59233863857531,-0.0009462546442049,5.264700896613143e-05,3.176212310517899e-05,6.14860961293565e-05,0.9,12.730453426091817,0.542844981393712,1.0880021193880398,True,250,275
2024-04-24,2026-04-28,501,2027-06-12,410,2027-09-10,True,0.0243802003216847,0.2977914780304637,8.113108888686384,-0.932729155926618,0.0072284228436532,-0.0065128130199721,0.0097296880854303,0.1,6.0,-0.7333676216531112,1.5977373370672308,True,500,393
2024-03-18,2026-04-28,526,2027-04-01,338,2027-09-10,True,0.0239041041108348,0.3005596576976984,8.033909904688537,-0.902533811539994,0.0005812097989424,-0.0080130857728224,0.0080341364460031,0.1,6.0,-1.498390542407772,1.8722896098953363,True,525,321
2024-02-12,2026-04-28,551,2027-02-19,297,2027-09-10,True,0.0236566900238863,0.3083610795703191,6.712814933477911,-0.0249121210191066,-0.0006029249698409,-0.0008169332707693,0.0010153317133566,0.433793617266551,6.0,-2.206595456224422,1.7739225759914898,True,550,280
2024-01-08,2026-04-28,576,2027-02-14,292,2027-09-10,True,0.0238748508782595,0.3283248985684589,6.521709701271346,-0.0006515514591036,-5.382778999851186e-05,-4.020944928629288e-05,6.718802562980142e-05,0.9,6.0,-2.500013236174256,1.4546151334173665,True,575,275
2023-11-28,2026-04-28,601,2027-07-11,439,2027-09-10,True,0.0236246110370887,0.3354314702388961,6.5682480497228815,-0.0006562260076649,-5.419340668878672e-05,-1.5757699336734056e-05,5.643784560844914e-05,0.9,7.633776705631159,-2.85862711100094,1.3708377907408096,True,600,422
2023-08-15,2026-04-28,676,2027-08-11,470,2027-09-10,True,0.0246738045395085,0.4115465221868186,6.580889850439704,-0.0006663757998316,-5.103719113192719e-05,2.754412225879633e-05,5.799546145729325e-05,0.9,8.413625369876492,2.646701549214392,1.2290924400863217,True,675,453
2023-09-19,2026-04-28,651,2027-07-12,440,2027-09-10,True,0.024668426724527,0.3961538613682486,6.575273751396379,-0.0006770874792802,4.140119970816219e-05,5.052117395931076e-05,6.531805535609635e-05,0.9,8.200357909450672,0.8842884069851727,1.137682919812198,True,650,423
2024-06-03,2026-04-28,476,2027-01-23,270,2027-09-10,True,0.024730643379654,0.2911238476584932,7.067001210344525,-0.1897569134595732,-0.0024932672530645,-0.0021829904415622,0.0033138842561496,0.2178493312839589,6.0,-2.422448896385331,2.079051525258894,True,475,253
2023-10-24,2026-04-28,626,2027-07-11,439,2027-09-10,True,0.0247976395345152,0.3849417519788291,6.573958658695618,-0.0006734250305423,5.771600709287837e-05,2.6762216101277388e-05,6.361881549822079e-05,0.9,8.13261676199421,0.4341783299960332,1.171428748406995,True,625,422
2024-07-08,2026-04-28,451,2026-10-15,170,2027-09-10,True,0.024865197482987,0.278843398686444,6.627127597207687,-0.0165444060799721,-0.0003017505471758,0.0006246503408347,0.0006937156773678,0.4805132557884427,6.0,2.0208093533188927,1.9099579001245175,True,450,153
2024-09-17,2026-04-28,401,2027-01-11,258,2027-09-10,True,0.0252398440328711,0.2554569404482691,8.116884679972365,-0.9627245763204908,-0.0039452582112745,-0.0061401962725188,0.0072984294624723,0.1,9.233960695814456,-2.141902049999717,1.428514397662972,True,400,241
2024-08-13,2026-04-28,426,2026-09-23,148,2027-09-10,True,0.0249205745211814,0.2645609246824132,6.576714116768177,-0.0086426923274331,3.222348606341592e-05,0.0004694452671268,0.0004705499037104,0.5629646305975774,6.0,1.5022622035050264,1.7233489495005747,True,425,131
2025-03-19,2026-04-28,276,2027-02-07,285,2027-09-10,True,0.0241003595796041,0.1603083435950755,6.593077643440713,-0.000966797945811,-1.486610601227002e-05,5.241235411693971e-05,5.4479867584710025e-05,0.9,13.0,1.8471748327425448,1.228566963294378,True,275,268
2025-01-08,2026-04-28,326,2026-09-18,143,2027-09-10,True,0.0255353690775298,0.2125699540997682,6.492831382269399,-0.000757543921502,-6.647792575567522e-05,6.835122252846931e-05,9.534780665496924e-05,0.9,6.18931077508346,2.3423015280942634,1.1553068017699153,True,325,126
2024-11-26,2026-04-28,351,2026-12-17,233,2027-09-10,True,0.0252504192207822,0.2237918684596625,6.539849451951869,-0.0008230855775607,6.771651463923813e-05,3.0377249662032144e-05,7.421794696645538e-05,0.9,8.746823693031088,0.4216844183761839,1.1411117886100963,True,350,216
2024-10-22,2026-04-28,376,2026-12-30,246,2027-09-10,True,0.0248816169761346,0.2327796686184982,6.552802607642814,-0.0011326578565867,4.099840005930192e-05,8.110227319904696e-05,9.087600082241416e-05,0.8540419179537118,8.809522527375176,1.1027466106547326,1.2083043853885869,True,375,229
2024-06-04,2026-04-29,476,2027-01-31,277,2027-09-11,True,0.024732709590675,0.2911724956796145,6.928832555216511,-0.1101731527062742,-0.0017056273628078,-0.0017471894984094,0.0024416870897211,0.2709466250411943,6.0,-2.3441579038088727,2.0375968745529662,True,475,261
2024-04-25,2026-04-29,501,2027-06-06,403,2027-09-11,True,0.0243907726493845,0.2980498050074167,8.094376490114453,-0.9239607479530816,0.0069074964232108,-0.0068222321958588,0.0097085714176126,0.1,6.0,-0.7791880529408067,1.5861598104208807,True,500,387
2024-03-19,2026-04-29,526,2027-03-26,331,2027-09-11,True,0.0239188804868511,0.3009313558094858,8.018632789807748,-0.8953692152887833,0.00022707364362,-0.0080055702796459,0.0080087900423208,0.1,6.0,-1.5424394742182237,1.8633052153891447,True,525,315
2024-02-13,2026-04-29,551,2027-02-08,285,2027-09-11,True,0.0236474323379419,0.3081197819538253,6.7574046617445305,-0.0391016113926049,-0.0009123729595241,-0.001035212019212,0.0013798870758116,0.3812187873975311,6.0,-2.293205425081442,1.8004213462674106,True,550,269
2024-01-09,2026-04-29,576,2027-04-06,342,2027-09-11,True,0.0238889794083456,0.32871360221128,6.536786125368242,-0.0006490875784042,2.7404146434832732e-05,5.567298515369664e-05,6.205214353868432e-05,0.9,6.474941242234171,1.1133806483343909,1.453962439386938,True,575,326
2023-09-20,2026-04-29,651,2027-07-04,431,2027-09-11,True,0.0246627041038689,0.3959700818884602,6.572486533754077,-0.0006766580510459,6.107015264475655e-05,2.516232233002629e-05,6.605078356154457e-05,0.9,8.13897695420665,0.3908280802748042,1.132827987707305,True,650,415
2023-10-25,2026-04-29,626,2027-04-30,366,2027-09-11,True,0.0247241357509451,0.3826630882831078,6.550911949936149,-0.0006734368708302,3.9930903509555806e-05,5.684510169478275e-05,6.946828515070492e-05,0.9,7.383161980569494,0.9584272307543512,1.1817086784205084,True,625,350
2023-08-16,2026-04-29,676,2027-06-14,411,2027-09-11,True,0.0246598286533525,0.4110804328677887,6.562887898695363,-0.0006668476659377,-1.7906175421642694e-05,-5.979042626734374e-05,6.241415057069437e-05,0.9,7.832437885053991,-1.861778115536962,1.2276911385360276,True,675,395
2024-07-09,2026-04-29,451,2026-10-08,162,2027-09-11,True,0.0248624917770087,0.2787827173101838,6.617994990485977,-0.0154253099308886,-0.000211236975527,0.0006389068737984,0.000672921283076,0.4885061830104157,6.0,1.890105132869792,1.8663300511776932,True,450,146
2023-11-29,2026-04-29,601,2027-06-08,405,2027-09-11,True,0.0235886696901642,0.3344116279887547,6.557605701413562,-0.0006548375022591,3.2625442276965546e-05,4.849946254881869e-05,5.845183787779369e-05,0.9,7.315670000424528,0.9786304981271626,1.378236587749539,True,600,389
2024-08-14,2026-04-29,426,2026-09-27,151,2027-09-11,True,0.0249411451755977,0.2649978678575244,6.567929711138438,-0.007088008882905,-2.6345829129282693e-06,0.0004048678127329,0.0004048763846092,0.5889179515315774,6.0,1.5773035018389463,1.718325160648119,True,425,135
2024-10-23,2026-04-29,376,2026-12-29,244,2027-09-11,True,0.0248312494693833,0.2318381972792414,6.54200837648246,-0.0008120136740239,4.542618083674567e-05,5.289147449772484e-05,6.97212017965568e-05,0.9,8.775297999163806,0.8611830894765535,1.194480637001252,True,375,228
2024-09-18,2026-04-29,401,2027-01-16,262,2027-09-11,True,0.0252472853125359,0.2556075916766896,8.135002748396811,-0.9714017136277552,0.0021259098631328,-0.0070625299132775,0.00737555567548,0.1,9.357038213159646,-1.2784108822090303,1.4075561104761158,True,400,246
2025-03-20,2026-04-29,276,2027-02-02,279,2027-09-11,True,0.023757135389229,0.155774809004996,6.591589138517118,-0.0009705389619203,-5.273374973807935e-06,5.64561839886084e-05,5.67019328962425e-05,0.9,13.0,1.6639325972826566,1.1849888614049089,True,275,263
2025-01-09,2026-04-29,326,2026-09-13,137,2027-09-11,True,0.025471244015208,0.2115036725684208,6.488861293327569,-0.0007448885282714,3.898774921924292e-05,9.076479959465664e-05,9.87840748027776e-05,0.9,6.0,1.16508062487541,1.131085951493687,True,325,121
2024-11-27,2026-04-29,351,2026-12-18,233,2027-09-11,True,0.0252591744994259,0.2239470896337508,6.539676178543338,-0.0008208985264406,6.66120066140537e-05,3.219717292274432e-05,7.398525102591619e-05,0.9,8.747660283526285,0.4502422648711373,1.1415499649259082,True,350,217
2024-01-10,2026-04-30,576,2027-03-02,306,2027-09-12,True,0.0238702755698261,0.3281990721289559,6.526053051883169,-0.0006492829478849,5.523900309114784e-06,-6.498598405022449e-05,6.522033116752068e-05,0.9,6.130004586855717,-1.485998751857307,1.461614044385904,True,575,291
2024-04-26,2026-04-30,501,2027-07-27,453,2027-09-12,True,0.0243802402772705,0.2977924541047007,8.136844690093003,-0.9385028402605368,0.0104793160127719,-0.0031443959286719,0.0109408998648094,0.1,6.0,-0.2915094202381035,1.4296551652622853,True,500,438
2024-03-20,2026-04-30,526,2027-04-02,337,2027-09-12,True,0.0239203698231245,0.300968832641874,8.028939436289372,-0.899651417797272,0.0009063869319939,-0.0080688774522158,0.0081196256446567,0.1,6.0,-1.458934027817315,1.8466602960308212,True,525,322
2024-02-14,2026-04-30,551,2027-02-06,282,2027-09-12,True,0.0236030917045082,0.3069653718442946,6.802549877943264,-0.0552210063447841,-0.0011509792851275,-0.001290609517011,0.0017292848927207,0.3426463178591213,6.0,-2.299068446019067,1.823612616999732,True,550,267
2024-06-05,2026-04-30,476,2027-03-06,310,2027-09-12,True,0.0247349058356781,0.2912242097491354,6.880702921352728,-0.0791745335487844,-0.0007363554149464,-0.0019127788376008,0.002049620008366,0.3069611117320164,6.0,-1.938275829521432,1.97626086297276,True,475,295
2023-09-21,2026-04-30,651,2026-12-20,234,2027-09-12,True,0.0246252040605197,0.3947668394394762,6.512490281372017,-0.0006867390683697,-8.14831406775527e-05,-3.530339916404563e-05,8.880220834649204e-05,0.9,6.071702724483062,-2.732746425355455,1.1463045029066683,True,650,219
2023-08-17,2026-04-30,676,2027-07-10,436,2027-09-12,True,0.0246315109178925,0.4101368591464222,6.57111988851731,-0.0006667799665862,5.780661806277523e-05,1.8273811391482776e-05,6.06262094693958e-05,0.9,8.114582996447501,0.3061791342156202,1.219827528536749,True,675,421
2023-10-26,2026-04-30,626,2027-07-18,444,2027-09-12,True,0.0246417193536401,0.380116172272432,6.574847873005507,-0.0006705369223808,4.009468358655574e-05,4.75759099603391e-05,6.221776965192754e-05,0.9,8.186388263701401,0.8705252979514766,1.1848365121768942,True,625,429
2024-07-10,2026-04-30,451,2026-10-13,166,2027-09-12,True,0.0248554287282421,0.2786243441063905,6.604476744749916,-0.0121615604183059,-0.0002159234428501,0.0005225477254957,0.0005654016789796,0.5188715396650282,6.0,1.9626409579225728,1.8601193374486529,True,450,151
2023-11-30,2026-04-30,601,2027-04-05,340,2027-09-12,True,0.023545980595627,0.3332023345279967,6.537885338479156,-0.0006553811377524,-4.433966522514561e-05,4.5574412812059216e-05,6.358484894565666e-05,0.9,6.669790838237376,2.3424628254135054,1.390818915843097,True,600,325
2024-09-19,2026-04-30,401,2027-01-27,272,2027-09-12,True,0.0252370881996661,0.2554011589398887,8.171602847014869,-0.9889963977802996,0.0073516285187673,0.0009307115805336,0.0074103080856394,0.1,9.550693011321007,0.125929453196326,1.3974090765025098,True,400,257
2024-08-15,2026-04-30,426,2026-09-28,151,2027-09-12,True,0.0249435619361693,0.2650492261590572,6.564938570344197,-0.0065845505759931,-1.5131472142975147e-05,0.0003822480705413,0.000382547446576,0.5985999443453156,6.0,1.6103611461065357,1.7172212421434887,True,425,136
2025-03-21,2026-04-30,276,2027-01-27,272,2027-09-12,True,0.0233883526918565,0.1509761514922741,6.589029191556068,-0.0009742988584799,9.245916556518078e-06,5.86973407302638e-05,5.942108028111556e-05,0.9,13.0,1.414561564675982,1.135143607523185,True,275,257
2024-11-28,2026-04-30,351,2027-01-30,275,2027-09-12,True,0.0252486728534124,0.2237609137813851,6.556544565782675,-0.0008193033823426,6.808226550854987e-05,-3.408143461145109e-06,6.816751659425789e-05,0.9,9.543145613084482,-0.0500174437497281,1.1334914123977546,True,350,260
2024-10-24,2026-04-30,376,2026-12-30,244,2027-09-12,True,0.02477633800507,0.230813963777995,6.542981759519181,-0.0008137556039019,1.806114298279226e-05,6.761780778173095e-05,6.998837628529454e-05,0.9,8.844320304770502,1.3097835265866256,1.183167198868054,True,375,229
2024-04-29,2026-05-04,501,2027-07-11,433,2027-09-16,True,0.0243864660825265,0.2979445637251034,8.112212046934424,-0.928074406209062,0.0097286110455491,-0.0043999186229625,0.010677319736913,0.1,6.0,-0.4247366170241502,1.4486694368321895,True,500,422
2024-03-21,2026-05-04,526,2027-05-15,376,2027-09-16,True,0.0239392941967594,0.301445238292115,7.54527580769248,-0.4780702954041801,0.0033497356653932,-0.0056963215697159,0.0066082379235026,0.1450063645253349,6.0,-1.0392081356197924,1.7484044492799042,True,525,365
2024-02-15,2026-05-04,551,2027-02-27,299,2027-09-16,True,0.0235797543135621,0.3063586522318627,6.725724885637912,-0.0278544164899597,-0.000532132769905,-0.0009667031958866,0.0011034855475919,0.4204043249002192,6.0,-2.073993690947137,1.7686558719180392,True,550,288
2024-01-11,2026-05-04,576,2027-03-24,324,2027-09-16,True,0.0238674371411001,0.3281210240741954,6.53226395587946,-0.0006473612432403,6.237830364214312e-05,8.284142007469725e-06,6.292598647674369e-05,0.9,6.343021186134338,0.1320322560073422,1.4596979899842124,True,575,313
2023-12-01,2026-05-04,601,2027-05-17,378,2027-09-16,True,0.0235297837821277,0.3327440856250435,6.550087988461773,-0.0006531438522992,4.096492144902858e-05,-4.3464491356619294e-05,5.9726767853406526e-05,0.9,7.078236207916379,-0.8149949583091469,1.390456120675868,True,600,367
2023-08-18,2026-05-04,676,2027-08-21,474,2027-09-16,True,0.0246200654529692,0.4097557930861386,6.583701443949635,-0.0006659553993856,-4.643966816828952e-05,-3.4411451677364245e-05,5.779957427286482e-05,0.9,8.564683847493788,-2.5038812315346126,1.2107421947654973,True,675,463
2023-09-22,2026-05-04,651,2026-12-24,234,2027-09-16,True,0.0246193691118702,0.394579781388699,6.513631476926141,-0.0006861942198922,-6.179107670102511e-05,-6.306300208406166e-05,8.828974680973059e-05,0.9,6.124763695340177,-2.3460075471817925,1.142062722199248,True,650,223
2024-06-06,2026-05-04,476,2027-01-03,244,2027-09-16,True,0.024709668833121,0.2906302413090373,6.802733834616132,-0.0604352244217937,-0.0015249259973075,-0.0006256097537227,0.0016482678366144,0.3321076938549021,6.0,-2.7522764435697584,2.029504607247965,True,475,233
2023-10-27,2026-05-04,626,2027-06-16,408,2027-09-16,True,0.0245403742964752,0.3769959616025492,6.564415617618763,-0.0006695406322792,-9.23366518270584e-06,-6.35931226883261e-05,6.425998619637892e-05,0.9,7.850081397737547,-1.714987758543996,1.1945508994157017,True,625,397
2024-07-11,2026-05-04,451,2026-10-17,166,2027-09-16,True,0.0248460473181567,0.2784140563685731,6.586747732282187,-0.008777127543881,-0.000191287404822,0.000403217768959,0.0004462907577441,0.5608366654281852,6.0,2.0137568155734216,1.8383138713685363,True,450,155
2024-08-16,2026-05-04,426,2026-10-01,150,2027-09-16,True,0.024960140272734,0.265401664637123,6.555849154699695,-0.0053036524151195,-2.6329604633636305e-05,0.0003239794319903,0.0003250475664159,0.627273751530596,6.0,1.6518874832048969,1.7058231322514663,True,425,139
2024-09-20,2026-05-04,401,2027-03-24,324,2027-09-16,True,0.0252055379961704,0.2547629774162331,8.370677529662247,-1.0839626214965443,0.003901010133003,0.0063292603252872,0.0074348783663922,0.1,10.51629788966818,1.018444805514558,1.386364914890019,True,400,313
2024-11-29,2026-05-04,351,2027-04-03,334,2027-09-16,True,0.0252543593902469,0.2238617165423253,6.5809866916541,-0.0008179800962857,-3.625562927517823e-05,4.945580734940549e-05,6.132167263472737e-05,0.9,10.703474669155735,2.203387846348392,1.1216218671669018,True,350,323
2024-10-25,2026-05-04,376,2027-02-15,287,2027-09-16,True,0.0247311355957175,0.2299725295130174,6.56157506497235,-0.0008145477602451,-8.777503513829481e-07,6.47386416138581e-05,6.474459177172185e-05,0.9,9.753256504882758,1.5843538644572297,1.1609296958884026,True,375,276
2025-03-24,2026-05-04,276,2027-01-22,263,2027-09-16,True,0.0231037858761644,0.1473246384200164,6.587141392533375,-0.0009763642873371,2.0162548686593333e-05,5.8378238485480105e-05,6.176201986825591e-05,0.9,13.0,1.2382451830494985,1.0944339386242417,True,275,252
2024-04-30,2026-05-05,501,2027-07-12,433,2027-09-17,True,0.0243867170766626,0.2979506968583713,8.106125457384083,-0.9247883125061306,0.0098918985208263,-0.0042792863464856,0.0107778452383371,0.1,6.0,-0.4082946112861247,1.4300760681684177,True,500,423
2024-03-22,2026-05-05,526,2027-04-24,354,2027-09-17,True,0.0239374977917987,0.3013999990800255,7.514546074678962,-0.4658522336891613,0.0020555566822123,-0.0060331102603167,0.0063736749749989,0.1458562241072719,6.0,-1.2424191994827114,1.7767731610718331,True,525,344
2024-02-16,2026-05-05,551,2027-02-20,291,2027-09-17,True,0.0235581289924517,0.3057969783353738,6.7688243817686855,-0.0414788036900034,-0.0007543137037916,-0.0012333595339668,0.0014457402615113,0.3746527038091536,6.0,-2.1196963037551115,1.7914866138061531,True,550,281
2024-01-12,2026-05-05,576,2027-03-25,324,2027-09-17,True,0.0238394906730604,0.3273530777573401,6.532215796854934,-0.0006461738243952,6.232808313464831e-05,6.805662179942972e-06,6.269854053283169e-05,0.9,6.336974141806087,0.1087600723105852,1.4637014537926631,True,575,314
2023-12-04,2026-05-05,601,2027-06-30,421,2027-09-17,True,0.0235237222520744,0.3325726706642378,6.56307112773647,-0.0006518137013759,-4.309983453192848e-05,3.621092534510938e-05,5.6292333856651386e-05,0.9,7.500848297363841,2.442836737663143,1.389333020998613,True,600,411
2023-09-25,2026-05-05,651,2027-02-27,298,2027-09-17,True,0.024617288594423,0.3945130944294625,6.533484643247495,-0.0006814421922542,-7.7718414918984e-05,1.5834112215588273e-05,7.931501199126931e-05,0.9,6.830790155804714,2.940606475808398,1.131996779344674,True,650,288
2023-08-21,2026-05-05,676,2027-08-07,459,2027-09-17,True,0.0246162676016413,0.4096293863096787,6.57930971916328,-0.0006660968196602,-5.256699984310326e-05,2.647431673050538e-05,5.8857275836143954e-05,0.9,8.423259186540056,2.6750452844626644,1.2092039244281725,True,675,449
2024-06-07,2026-05-05,476,2026-12-25,234,2027-09-17,True,0.0246698690935049,0.2896947619591587,6.754289586775151,-0.0443250054370214,-0.0013062895297048,-0.000295344807648,0.0013392613228273,0.3658798758725028,6.0,-2.91923674618043,2.0182303994648305,True,475,224
2023-10-30,2026-05-05,626,2027-02-22,293,2027-09-17,True,0.0243938201473621,0.3725065968250375,6.529380339659855,-0.0006724932953339,-1.0205204592045037e-05,7.424955615886579e-05,7.494760029883587e-05,0.9,6.647428071797326,1.7073851703271707,1.214840017874348,True,625,283
2024-07-12,2026-05-05,451,2026-10-14,162,2027-09-17,True,0.024809159293959,0.277587967577739,6.578717299981546,-0.0078088649814322,-0.0001489701638263,0.0003864952101165,0.0004142108848804,0.575821170764769,6.0,1.9386870736977968,1.8092675092503,True,450,152
2024-09-23,2026-05-05,401,2027-04-04,334,2027-09-17,True,0.0251996700023004,0.2546443706581616,8.410598600761968,-1.102903332592439,-0.0064146465330391,0.0038404790185554,0.0074764275717615,0.1,10.731757551652327,2.602126125185497,1.3745877394235029,True,400,324
2024-08-19,2026-05-05,426,2026-10-02,150,2027-09-17,True,0.0249637695114198,0.2654788497814192,6.550251408045165,-0.0046388965906174,-2.587412391399425e-05,0.0002930493770656,0.0002941894078427,0.6451465385809442,6.0,1.6588606732056754,1.6954882345003213,True,425,140
2025-03-25,2026-05-05,276,2027-01-21,261,2027-09-17,True,0.022807851857832,0.1435746773577929,6.587113297110453,-0.0009803214676257,2.565586263873998e-05,5.826163696232195e-05,6.366036152322176e-05,0.9,13.0,1.155991216262903,1.0661015374914222,True,275,251
2024-12-02,2026-05-05,351,2027-04-04,334,2027-09-17,True,0.0252537724477051,0.2238513110170054,6.581132483679305,-0.0008171637785556,-3.946527570669661e-05,4.678338643467354e-05,6.120615355421033e-05,0.9,10.710827537899434,2.271548257521907,1.1218466705217345,True,350,324
2024-10-28,2026-05-05,376,2027-03-06,305,2027-09-17,True,0.0246745296654097,0.2289209877426533,6.569649848688372,-0.0008162302042047,-1.232299379697071e-05,-6.187172682474846e-05,6.308697770852933e-05,0.9,10.160394532729365,-1.767393713037446,1.146053459941686,True,375,295
2024-05-02,2026-05-06,501,2027-07-08,428,2027-09-18,True,0.0243833272403187,0.2978678703015434,8.1042655011701,-0.9243454158626944,0.0096535589102672,-0.004660924686302,0.0107198609396474,0.1,6.0,-0.4498088333945879,1.4371228337549222,True,500,419
2024-03-25,2026-05-06,526,2027-04-17,346,2027-09-18,True,0.0239413589936517,0.3014972406634892,7.678288028856105,-0.596881474047492,0.0018321776957772,-0.0067940356085931,0.0070367460491149,0.12760402065763,6.0,-1.307387963639879,1.8039700787101784,True,525,337
2024-02-19,2026-05-06,551,2027-02-28,298,2027-09-18,True,0.0235519267709168,0.3056359832970702,6.776822547612981,-0.042709443889175,-0.0006534290558586,-0.0013206582500012,0.0014734679312209,0.3719613224072446,6.0,-2.030255430993542,1.7969242143749309,True,550,289
2024-01-15,2026-05-06,576,2027-02-18,288,2027-09-18,True,0.023823248733938,0.326907175817711,6.521557986800104,-0.0006471201514422,-5.0589872890938593e-05,-4.279555906787845e-05,6.626307504978618e-05,0.9,6.0,-2.4394654025032096,1.4648885920765258,True,575,279
2023-12-05,2026-05-06,601,2027-05-28,387,2027-09-18,True,0.0235132391905905,0.3322763227575868,6.553488294617177,-0.000652787557009,5.712015415076794e-05,-1.3617848388312756e-05,5.8721016722588885e-05,0.9,7.148717466706532,-0.2340382595274322,1.3995637243775485,True,600,378
2023-08-22,2026-05-06,676,2027-08-08,459,2027-09-18,True,0.0246204098509021,0.4097672569090453,6.580120554530925,-0.000667225560109,-5.146505992779252e-05,2.8821190719139565e-05,5.898570528391003e-05,0.9,8.415815008950949,2.631093131903824,1.2096848099895676,True,675,450
2023-09-26,2026-05-06,651,2027-07-09,429,2027-09-18,True,0.0246357557857888,0.395105221502206,6.574646657464473,-0.0006775099174763,3.722936999312343e-05,5.461271132174841e-05,6.609519065709323e-05,0.9,8.216321146149424,0.9724595563451592,1.1228219671770512,True,650,420
2024-06-10,2026-05-06,476,2026-12-31,239,2027-09-18,True,0.0246351302347962,0.2888794694422373,6.730841940676929,-0.0352656023395168,-0.0010935946648278,-0.0003203295432912,0.0011395439031669,0.3926695331981855,6.0,-2.856649088276596,2.025331884994503,True,475,230
2023-10-31,2026-05-06,626,2027-07-20,440,2027-09-18,True,0.0242631258773878,0.3685257476160733,6.574338422731438,-0.0006673233682184,5.085063792174477e-05,3.305284162148845e-05,6.064880638811935e-05,0.9,8.138520922958762,0.5763742110154484,1.216777303434429,True,625,431
2024-07-15,2026-05-06,451,2026-10-09,156,2027-09-18,True,0.024738568137167,0.2760105358182435,6.576306692916434,-0.0076823472049809,-0.0001127656418582,0.0003974067254246,0.0004130958670774,0.5780244049815646,6.0,1.8472824621237391,1.7915874279727468,True,450,147
2024-09-24,2026-05-06,401,2027-04-05,334,2027-09-18,True,0.0251852979562736,0.2543539924916593,8.418033519872411,-1.10663441474894,-0.0073449516352371,0.0014596019330058,0.0074885747860863,0.1,10.78367910380491,2.945426443830521,1.370370638497602,True,400,325
2024-08-20,2026-05-06,426,2026-10-01,148,2027-09-18,True,0.0249584614159645,0.2653659632034326,6.551004758173192,-0.0047590627533857,-1.715267810807532e-05,0.0002998654165205,0.0003003555932412,0.6418777053287849,6.0,1.627935316638838,1.6950665302495374,True,425,139
2025-03-26,2026-05-06,276,2027-01-16,255,2027-09-18,True,0.0223728515748984,0.1381502785755118,6.585640947227737,-0.000985604013061,3.811532441698559e-05,5.455420398564507e-05,6.655027519041098e-05,0.9,13.0,0.9609642925495232,1.0253019057534831,True,275,246
2024-12-03,2026-05-06,351,2027-01-10,249,2027-09-18,True,0.0252638907233285,0.2240307252425799,6.548111418032475,-0.000817051284851,-6.956375679563869e-05,-1.1526112830987728e-05,7.051218005788381e-05,0.9,9.1336528376231,-2.977393081967409,1.1417819789184604,True,350,240
2024-10-29,2026-05-06,376,2027-02-10,280,2027-09-18,True,0.0246152548272166,0.2278224495985144,6.560732141157036,-0.0008193135928299,9.4223694297859e-06,6.557854095980947e-05,6.625198925382371e-05,0.9,9.746852345896924,1.4280922979412105,1.1419033834029106,True,375,271
2024-06-11,2026-05-07,476,2026-12-01,208,2027-09-19,True,0.0245974179581247,0.2879956938183785,6.727673763734763,-0.0391209601865062,-0.0012059681387391,0.0001901798900157,0.0012208716321629,0.3788404670507306,6.0,2.9851818223587125,2.023227017770344,True,475,200
2024-05-03,2026-05-07,501,2027-06-28,417,2027-09-19,True,0.0243686603467335,0.2975096351543277,8.091074913954028,-0.9189623963894592,0.0090427807503438,-0.0054696560995362,0.0105683026804678,0.1,6.0,-0.54398858599227,1.449243119061229,True,500,409
2024-03-26,2026-05-07,526,2027-03-07,304,2027-09-19,True,0.0239382010105587,0.3014177079691273,7.980882887642442,-0.8785508542248511,-0.0013511514283875,-0.0076707434160533,0.0077888326941435,0.1,6.0,-1.7451512775223614,1.879936931767784,True,525,296
2024-02-20,2026-05-07,551,2027-02-14,283,2027-09-19,True,0.0235366383461122,0.3052393128942612,6.878336981278824,-0.0849047722758848,-0.0012519437883583,-0.001905960624368,0.0022803616272097,0.2970610592385897,6.0,-2.151976917895829,1.8434138753647,True,550,275
2024-01-16,2026-05-07,576,2027-02-27,296,2027-09-19,True,0.0237967813445063,0.3261811981583494,6.52430125120543,-0.0006465426722189,-4.0224035119814825e-05,-5.146030115595953e-05,6.531566118766729e-05,0.9,6.017978986632621,-2.2342487585952604,1.4803748858615131,True,575,288
2023-09-27,2026-05-07,651,2027-07-10,429,2027-09-19,True,0.0246367444933199,0.3951369356781643,6.575072279725488,-0.0006777460405974,3.50228809577392e-05,5.597331835377177e-05,6.602737733783354e-05,0.9,8.220773612697226,1.0116889758398833,1.1237579130781363,True,650,421
2023-11-01,2026-05-07,626,2027-08-31,481,2027-09-19,True,0.0241396636255856,0.3647848233327215,6.586902094291455,-0.0006660920455549,-4.923922285456634e-05,-2.9322582686923154e-05,5.7308942781673206e-05,0.9,8.533718079108839,-2.604479169405057,1.2257899847333245,True,625,473
2023-08-23,2026-05-07,676,2027-08-09,459,2027-09-19,True,0.0246104974402586,0.4094373709577162,6.580687428187607,-0.0006678434257772,-5.307079001508596e-05,2.6018136770111723e-05,5.910543286207781e-05,0.9,8.422594493655776,2.685772659319196,1.2073797016746397,True,675,451
2024-07-16,2026-05-07,451,2026-10-12,158,2027-09-19,True,0.0246979013613029,0.2751038355753445,6.56681311341835,-0.006148571026147,-0.0001071303002079,0.0003324059458731,0.000349242915568,0.6075723045871723,6.0,1.882572961180189,1.7827617501311606,True,450,150
2023-12-06,2026-05-07,601,2027-05-29,387,2027-09-19,True,0.0235025180170308,0.3319733802376571,6.553801471673794,-0.0006526812082146,5.637260320626522e-05,-1.5957115722210335e-05,5.858754077807871e-05,0.9,7.140815268835236,-0.275848687774395,1.4040757909581203,True,600,379
2024-08-21,2026-05-07,426,2026-09-30,146,2027-09-19,True,0.0249544429068478,0.2652805180570201,6.548849066983243,-0.0045374436129563,-1.2736142736235329e-05,0.0002899275763407,0.0002902071826378,0.6483133559918334,6.0,1.614696806790556,1.689416775514564,True,425,138
2024-10-30,2026-05-07,376,2027-02-16,285,2027-09-19,True,0.0245644333252873,0.2268826806067761,6.56374369106016,-0.0008214245672289,-5.362422291301803e-05,3.836877735088432e-05,6.593724560843274e-05,0.9,9.902739573781464,2.5205316092908645,1.132202312739021,True,375,277
2024-09-25,2026-05-07,401,2027-03-09,306,2027-09-19,True,0.0251540288442359,0.2537227920057576,8.323321819443683,-1.0618423355127553,0.0074532405078852,-0.0013624171114767,0.0075767390382687,0.1,10.377821344986312,-0.1807991583080973,1.3504282586136092,True,400,298
2024-12-04,2026-05-07,351,2026-12-22,229,2027-09-19,True,0.0252641014302203,0.2240344621978378,6.540534503606207,-0.0008171128515853,5.555562038683359e-05,4.748216404425904e-05,7.308202828939469e-05,0.9,8.773592902513997,0.7072035969904718,1.146928855806201,True,350,221
2024-01-17,2026-05-08,576,2027-03-01,297,2027-09-20,True,0.0237612780775333,0.3252086414656501,6.524750121217878,-0.0006453172122506,-3.791182666252273e-05,-5.276993281802528e-05,6.497670667637804e-05,0.9,6.019402100914349,-2.1937886741605293,1.4849256441681953,True,575,290
2024-05-06,2026-05-08,501,2027-07-13,431,2027-09-20,True,0.0243596209558294,0.297288957688955,8.096201860088202,-0.9194048565867832,0.0101885593937438,-0.0042419658284677,0.0110363497864889,0.1,6.0,-0.3945178477160093,1.388449493980868,True,500,424
2024-03-27,2026-05-08,526,2027-03-15,311,2027-09-20,True,0.0239377135368856,0.3014054320507227,7.747053170972215,-0.6745026818998079,-0.0006894093714814,-0.0070544284060399,0.0070880353707801,0.1174011095339812,6.0,-1.668214156497884,1.8619960514758656,True,525,304
2024-02-21,2026-05-08,551,2027-02-06,274,2027-09-20,True,0.0235224345787857,0.3048710156108035,6.953795840560523,-0.1240337997847401,-0.0017242106586742,-0.0022844661865071,0.0028621125332139,0.2579887370871851,6.0,-2.2173332450752365,1.86338604738328,True,550,267
2023-11-02,2026-05-08,626,2027-09-01,481,2027-09-20,True,0.0240354473698823,0.3616419091492618,6.586834058530671,-0.0006650712283953,-5.0522779967766e-05,-2.606886448102131e-05,5.685188643309166e-05,0.9,8.522759853369276,-2.6652410409248777,1.2353372534347835,True,625,474
2023-09-28,2026-05-08,651,2027-09-13,493,2027-09-20,True,0.0246411643329488,0.3952787237738858,6.595101094655099,-0.0006766663892129,6.107422008791346e-05,-1.4885308128017503e-06,6.10923569960069e-05,0.9,8.895879544353782,-0.0243676657270378,1.120576060060529,True,650,486
2023-08-24,2026-05-08,676,2027-09-12,492,2027-09-20,True,0.0245929467248923,0.4088536073426532,6.59139603202003,-0.0006678114257589,4.086437837539606e-05,-3.970901034545231e-05,5.6979846635655095e-05,0.9,8.786599314201617,-0.7710598207936161,1.200478140805508,True,675,485
2024-06-12,2026-05-08,476,2026-12-20,226,2027-09-20,True,0.024583438529337,0.2876684341646303,6.690986877494328,-0.0252686776281013,-0.0008990688864892,-8.412318544717776e-05,0.000902995887578,0.4311336413935005,6.0,-3.0482972734714453,2.010746883211526,True,475,219
2023-12-07,2026-05-08,601,2027-06-25,413,2027-09-20,True,0.0234992973660141,0.3318824029945133,6.5618663357601,-0.0006518839640576,-8.168564477623314e-06,5.589599800532482e-05,5.64897162201791e-05,0.9,7.398692860237312,1.715907749380418,1.4037456234519994,True,600,406
2024-07-17,2026-05-08,451,2026-10-08,153,2027-09-20,True,0.0246653404394597,0.2743789375664952,6.562526761512582,-0.0058591681719055,-7.627979267940752e-05,0.0003327425139351,0.0003413739699377,0.6137628289849847,6.0,1.796148200677355,1.7557185322512756,True,450,146
2024-09-26,2026-05-08,401,2027-04-02,329,2027-09-20,True,0.0251239658284008,0.2531166772376072,8.410341056554763,-1.1032788278831611,-0.0075978316407249,0.0003565741257258,0.0076061942354858,0.1,10.82099140682718,3.094696025644426,1.340450621307301,True,400,322
2024-08-22,2026-05-08,426,2026-10-01,146,2027-09-20,True,0.0249510930389582,0.2652093006753082,6.543725475383391,-0.0039703570526874,-1.2813674503503046e-05,0.0002620291964979,0.0002623423146799,0.666340733812585,6.0,1.6196591069632102,1.6807624262556788,True,425,139
2024-12-05,2026-05-08,351,2026-12-18,224,2027-09-20,True,0.025264852614786,0.2240477849540474,6.538834053541082,-0.0008170976831518,7.260605377361801e-05,1.2606949040478644e-05,7.369242979225705e-05,0.9,8.700233662775295,0.1719208795943521,1.1469980921304603,True,350,217
2024-10-31,2026-05-08,376,2027-01-08,245,2027-09-20,True,0.0245464884874021,0.2265513164953738,6.548548144012544,-0.0008221814303105,-6.091175586805191e-05,-3.645870596853091e-05,7.098928964167022e-05,0.9,9.203277388050507,-2.6022403201532933,1.132595497348149,True,375,238
2024-01-18,2026-05-11,576,2027-03-01,294,2027-09-23,True,0.0236899789900845,0.3232599002211738,6.524169746662752,-0.0006436863374646,-4.392354926176877e-05,-4.782883937856483e-05,6.493747805429143e-05,0.9,6.0,-2.313656803615612,1.4868601847914196,True,575,290
2024-05-07,2026-05-11,501,2027-07-26,441,2027-09-23,True,0.0243552600634569,0.2971825250720701,8.098904365968103,-0.9190077702707328,0.0110066552108683,-0.0030937140967165,0.0114331765421145,0.1,6.0,-0.2740068281084766,1.3396798444210891,True,500,437
2024-03-28,2026-05-11,526,2027-04-12,336,2027-09-23,True,0.023939706224445,0.3014556149432984,7.326111181008468,-0.3329687149801507,0.000937093001917,-0.0052168565257253,0.0053003523754788,0.171808141704725,6.0,-1.3930638306097367,1.7988343703086136,True,525,332
2024-02-22,2026-05-11,551,2027-01-27,261,2027-09-23,True,0.0235063662242032,0.3044546384395671,7.071684209073262,-0.1956571769509328,-0.0024934861241698,-0.0027260259221129,0.0036944134012667,0.2136624688389914,6.0,-2.3116719133425314,1.8859374472038324,True,550,257
2023-12-08,2026-05-11,601,2027-06-28,413,2027-09-23,True,0.0234895122919404,0.3316060698156456,6.56246807028369,-0.0006514101288635,-1.4720725911637076e-05,5.425503779615199e-05,5.621662474417532e-05,0.9,7.41256773015968,1.8357423381788989,1.4069011189895897,True,600,409
2023-09-29,2026-05-11,651,2026-12-23,226,2027-09-23,True,0.0246247056364925,0.3947508591222238,6.513668988926014,-0.0006876579206807,-7.255020319798208e-05,-5.123953183482912e-05,8.882016441507501e-05,0.9,6.09953310798448,-2.526675618920382,1.142370010301593,True,650,222
2023-08-25,2026-05-11,676,2027-08-28,474,2027-09-23,True,0.0245840357419452,0.4085573738321998,6.586835141431974,-0.0006682252104717,-2.2987873564223144e-05,-5.3376039867268936e-05,5.811578067028776e-05,0.9,8.632190254409442,-1.977466246403732,1.1988098044420892,True,675,470
2024-06-13,2026-05-11,476,2026-12-14,217,2027-09-23,True,0.0245420344874269,0.2867002534282571,6.668939265116656,-0.0204316815023576,-0.0007786914267633,1.385330226776841e-05,0.0007788146455341,0.456275117410516,6.0,3.123804039848012,1.9950121058627497,True,475,213
2023-11-03,2026-05-11,626,2027-01-11,245,2027-09-23,True,0.023975960596133,0.359854025753584,6.515928905529383,-0.0006724218683446,-4.688844278072809e-05,-6.283624972926825e-05,7.840229809412844e-05,0.9,6.112359076003908,-2.211861336053669,1.2628352220417347,True,625,241
2024-07-18,2026-05-11,451,2026-10-09,151,2027-09-23,True,0.024643867672698,0.2739014164551233,6.554562968116477,-0.0048221949879817,-7.053052071187094e-05,0.0002866045393787,0.0002951554104948,0.6397795576967641,6.0,1.8120916494980543,1.742100187923544,True,450,147
2024-08-23,2026-05-11,426,2026-10-01,143,2027-09-23,True,0.0249428095730106,0.2650332372424719,6.538400473845981,-0.0034402019131598,-1.0937404010271996e-05,0.0002351402473668,0.0002353944832365,0.6858206610020753,6.0,1.6172772093516774,1.6705018724479248,True,425,139
2024-09-27,2026-05-11,401,2027-05-09,363,2027-09-23,True,0.0250540740116424,0.2517103564569244,8.543911544892698,-1.1665959812155653,-0.0019668899869043,0.0073858864635975,0.0076432960870123,0.1,11.4955320271676,1.831059956930827,1.327732899337611,True,400,359
2024-12-06,2026-05-11,351,2027-01-10,244,2027-09-23,True,0.0252613833089066,0.2239862578245069,6.548258144778553,-0.0008181380626781,-6.732869186465957e-05,-2.1358912496902293e-05,7.063537280468338e-05,0.9,9.15824555628542,-2.8344013003011743,1.1382419353145434,True,350,240
2024-11-01,2026-05-11,376,2027-04-20,344,2027-09-23,True,0.0245488709193147,0.2265952958433553,6.589161408243835,-0.0008232343970869,2.2727112826803186e-05,-5.524748415228702e-05,5.97394857912206e-05,0.9,11.109527924603595,-1.1805275076296435,1.1163719931068097,True,375,340
2024-05-08,2026-05-12,501,2027-07-27,441,2027-09-24,True,0.0243637971911005,0.2973909013981095,8.092490966072834,-0.915578081950623,0.0111415718536398,-0.0029234614838223,0.0115187347576551,0.1,6.0,-0.2566074714425825,1.3247665668345905,True,500,438
2024-04-02,2026-05-12,526,2027-03-19,311,2027-09-24,True,0.0239429461977609,0.3015372178027889,7.247554821741119,-0.2898889681824492,-0.0004156765069964,-0.0047995889503958,0.0048175555057758,0.1818983968768399,6.0,-1.6571874475334665,1.8242425548755887,True,525,308
2024-02-23,2026-05-12,551,2027-02-15,279,2027-09-24,True,0.0235042582973616,0.3044000371181099,6.924743610163065,-0.107262882826751,-0.0013442214224822,-0.0022917211246768,0.002656862236916,0.2727610800402202,6.0,-2.101271440038408,1.8353190818813696,True,550,276
2024-01-19,2026-05-12,576,2027-03-27,319,2027-09-24,True,0.0236456833572309,0.3220521646639281,6.531275409458064,-0.0006411212183782,4.633175120760683e-05,-4.172137756258321e-05,6.234825190559234e-05,0.9,6.202329906337775,-0.7330869330429073,1.4921191888518193,True,575,316
2023-10-02,2026-05-12,651,2026-12-28,230,2027-09-24,True,0.0246273001138834,0.3948340459954331,6.514987999569515,-0.0006868896635143,-4.516304235675374e-05,-7.559568026430254e-05,8.805911235948607e-05,0.9,6.1561742785699405,-2.1093231507131005,1.1403660543449574,True,650,227
2023-08-28,2026-05-12,676,2027-04-18,341,2027-09-24,True,0.0245857871633836,0.4086155889796022,6.546268269717372,-0.0006710513328169,6.889816086274686e-05,-5.585030385241423e-07,6.890042449733517e-05,0.9,7.25686479168644,-0.0081060335836557,1.2078898270697824,True,675,338
2024-06-14,2026-05-12,476,2026-12-18,220,2027-09-24,True,0.0245406738682357,0.2866684647797849,6.643854535856537,-0.0146634396547388,-0.000616403591855,-1.047851029780224e-05,0.0006164926497776,0.4967734577334377,6.0,-3.1245948598569613,1.9693145360767996,True,475,217
2023-11-06,2026-05-12,626,2027-07-17,431,2027-09-24,True,0.0239254810311263,0.3583403302493136,6.572222825523219,-0.0006636844059752,5.9019443331041066e-05,-6.493942143413426e-06,5.9375634528550254e-05,0.9,8.038953582233413,-0.1095897170128666,1.2514005402195552,True,625,428
2024-07-19,2026-05-12,451,2026-10-12,153,2027-09-24,True,0.0246377878550538,0.2737662862661786,6.544709313840875,-0.003717730710987,-6.420628857017755e-05,0.0002339051354378,0.0002425573331733,0.6746986718788063,6.0,1.8386949641806705,1.7235430075370024,True,450,150
2023-12-11,2026-05-12,601,2027-02-20,284,2027-09-24,True,0.02347080331299,0.3310780435023968,6.523772535052693,-0.0006537177289826,1.4486433792003904e-05,-6.545418807441656e-05,6.70381048396448e-05,0.9,6.170358559799763,-1.3529856655691812,1.422330892196088,True,600,281
2024-09-30,2026-05-12,401,2027-03-17,309,2027-09-24,True,0.0249922236124908,0.2504691076797946,7.450960034804466,-0.3571375886835671,0.0032730535880726,0.0033733957585862,0.0047002849631105,0.1811578737189862,10.513745308852014,0.8004941256027203,1.3092154925554311,True,400,306
2024-12-09,2026-05-12,351,2027-03-19,311,2027-09-24,True,0.0252670791801206,0.2240872768933645,6.57565322231809,-0.0008200351266713,5.727037874011485e-05,2.603631912499201e-05,6.29109385927012e-05,0.9,10.47049791174111,0.4266901338074716,1.120421583380763,True,350,308
2024-11-04,2026-05-12,376,2027-03-11,303,2027-09-24,True,0.0245403952245086,0.2264388551634328,6.573133716082929,-0.000822982929545,6.141981915129394e-05,-1.8080967957216943e-05,6.402589778244082e-05,0.9,10.385268073513068,-0.2862959100296904,1.1139352524917652,True,375,300
2024-08-26,2026-05-12,426,2026-10-03,144,2027-09-24,True,0.0249393209014788,0.2649591037134773,6.529870879761487,-0.0026635708959473,-1.2113136348128111e-05,0.0001928973733828,0.0001932773259598,0.7207810600388148,6.0,1.6335097363298812,1.655523950999347,True,425,141
2024-01-22,2026-05-13,576,2027-03-28,319,2027-09-25,True,0.0235775025801155,0.3201976096792458,6.5310833297008575,-0.00063932020244,3.94974639094528e-05,-4.802374632180989e-05,6.217981880047637e-05,0.9,6.176485320258629,-0.8825113297508714,1.498200963587247,True,575,317
2024-05-10,2026-05-13,501,2027-08-07,451,2027-09-25,True,0.0243647375722508,0.2974138589192904,8.09534107755518,-0.9156565580563653,0.0116465430851666,-0.0019005353156683,0.0118005932190184,0.1,6.0,-0.1617587225808235,1.2932352086908148,True,500,449
2024-04-03,2026-05-13,526,2027-03-22,313,2027-09-25,True,0.0239456071518094,0.3016042455829825,7.166261605185768,-0.2348683077242595,-0.0002259527018075,-0.0043306430262712,0.0043365335977536,0.2002272335776191,6.0,-1.622924382686466,1.8073971775923288,True,525,311
2024-02-26,2026-05-13,551,2027-03-17,308,2027-09-25,True,0.0235046971098662,0.3044114032108328,6.788034125484827,-0.0446241469294577,-0.0003688722825073,-0.001498753401125,0.0015434793546354,0.3671869487886035,6.0,-1.81211933551886,1.769314709232755,True,550,306
2023-10-03,2026-05-13,651,2027-02-16,279,2027-09-25,True,0.0246270037440758,0.3948245430303811,6.530201884882948,-0.0006827934689249,-2.7938346556810405e-05,7.58343000872186e-05,8.081702962895112e-05,0.9,6.694581760440483,1.923779677290172,1.135809596196499,True,650,277
2023-08-29,2026-05-13,676,2027-08-14,458,2027-09-25,True,0.0245602792194638,0.4077681451685067,6.5825301847129225,-0.0006684576012081,-5.840002409963421e-05,-1.0601913809926577e-05,5.935455661759228e-05,0.9,8.507923343078847,-2.96200888734432,1.1913482801893296,True,675,456
2024-06-17,2026-05-13,476,2026-12-03,204,2027-09-25,True,0.0245375220998819,0.2865948356218452,6.643764675845998,-0.0160762709238259,-0.0006506388863693,0.0001366484701269,0.0006648336369678,0.4846666613101213,6.0,2.9345794035021364,1.953278765723271,True,475,202
2023-11-07,2026-05-13,626,2027-07-26,439,2027-09-25,True,0.0238584606719126,0.3563355671663862,6.574580804307189,-0.0006626560099519,5.1840764587084365e-05,2.69263736742386e-05,5.841655991427627e-05,0.9,8.112474547367965,0.4790511457546428,1.258465531698968,True,625,437
2024-07-22,2026-05-13,451,2026-10-12,152,2027-09-25,True,0.0246329991863583,0.2736598766607244,6.540158174785122,-0.0033190772217231,-5.653178499789461e-05,0.0002160228373691,0.0002232973555152,0.6899943803036773,6.0,1.82675005294837,1.7093385226909152,True,450,150
2023-12-12,2026-05-13,601,2027-02-21,284,2027-09-25,True,0.0234684106424391,0.3310105451473715,6.523957414666628,-0.00065330339219,1.835849107257431e-05,-6.428460661624772e-05,6.68546546043543e-05,0.9,6.177791032498512,-1.2926194838793097,1.4236150129863752,True,600,282
2024-10-01,2026-05-13,401,2027-05-03,355,2027-09-25,True,0.0249287640358527,0.2491987538184453,8.526345546733817,-1.1586560179773286,-0.0019520997191031,0.0076043913679525,0.0078509528969618,0.1,11.517951584558588,1.822077335226243,1.2813179235739824,True,400,353
2024-08-27,2026-05-13,426,2026-10-04,144,2027-09-25,True,0.0249250669528692,0.2646563180697356,6.524451090941275,-0.002250491133113,-9.670197680001797e-06,0.0001695171216756,0.0001697927185257,0.7440388795159338,6.0,1.6277801196333452,1.6436245672372654,True,425,142
2024-12-10,2026-05-13,351,2027-03-20,311,2027-09-25,True,0.0252622819196766,0.2240021936140161,6.576221454689723,-0.0008208315769077,4.789563206685049e-05,4.0744728010286896e-05,6.288182910599353e-05,0.9,10.512122776834524,0.7048992659664551,1.1175860547392955,True,350,309
2024-11-05,2026-05-13,376,2027-06-24,407,2027-09-25,True,0.0245372224177368,0.2263803067755346,6.615061676149895,-0.0008253876142376,-1.1451155130277023e-05,5.349135161642732e-05,5.4703323953576456e-05,0.9,12.351882265089657,1.7816880812452636,1.099394594469011,True,375,405
2024-06-18,2026-05-15,476,2026-12-13,212,2027-09-27,True,0.0245465075270904,0.286804771126094,6.623417726102319,-0.0114155768848381,-0.0005169821716612,4.174396549075235e-05,0.0005186647515211,0.5274163894348862,6.0,3.0610219882257224,1.9346994136578992,True,475,212
2024-05-13,2026-05-15,501,2027-08-09,451,2027-09-27,True,0.0243657436190743,0.2974384205173406,8.093415919733808,-0.9144073391795092,0.0117413237157354,-0.0016101441728501,0.0118512128853992,0.1,6.0,-0.1362847290910461,1.2859546501298895,True,500,451
2024-04-04,2026-05-15,526,2027-03-29,318,2027-09-27,True,0.0239550027583081,0.3018409746611908,7.04105934285334,-0.1578239442263836,1.4931019839625748e-05,-0.003504718433092,0.0035047502379782,0.2368139919089786,6.0,-1.5665360902612622,1.7773457789786191,True,525,318
2024-02-27,2026-05-15,551,2027-02-27,288,2027-09-27,True,0.0235006025620019,0.3043053547482211,6.866326169529279,-0.0779648593262676,-0.0008562965349389,-0.0020402723778967,0.0022126805308848,0.3059009630874671,6.0,-1.968166866170167,1.79642784863502,True,550,288
2023-12-13,2026-05-15,601,2027-02-06,267,2027-09-27,True,0.0234640190685547,0.3308866747005505,6.519136904656491,-0.0006532003508907,-5.102845005931203e-05,-4.5470299777142695e-05,6.834801297242609e-05,0.9,6.028485086548728,-2.413729080235042,1.426772843959525,True,600,267
2023-11-08,2026-05-15,626,2027-09-26,499,2027-09-27,True,0.0237866275373031,0.3541930846485912,6.592787870321196,-0.0006606955246599,2.8915252526029537e-05,-4.561797385806496e-05,5.401010430983406e-05,0.9,8.726951593351474,-1.0058535760112566,1.2615552969398989,True,625,499
2023-10-04,2026-05-15,651,2027-07-31,442,2027-09-27,True,0.0246268635976167,0.3948200493368102,6.580801256581357,-0.0006756037466193,-6.0643888963645706e-05,2.036947926600034e-05,6.397340818029792e-05,0.9,8.455229651741758,2.817545779935227,1.1241122032149322,True,650,442
2023-08-30,2026-05-15,676,2027-09-18,491,2027-09-27,True,0.0245262610703397,0.4066393378931525,6.593156070100257,-0.0006681799659844,5.72559504143521e-05,-1.5448169626562408e-06,5.727678689747581e-05,0.9,8.886863265454624,-0.0269743538545345,1.1814322298770703,True,675,491
2024-07-23,2026-05-15,451,2026-10-13,151,2027-09-27,True,0.0246230471341276,0.273438797026432,6.531941451518607,-0.0026009457954166,-4.96323144665455e-05,0.0001786480360135,0.0001854143667863,0.7231526448531123,6.0,1.8417840222338493,1.6907003699109733,True,450,151
2024-01-23,2026-05-15,576,2027-03-03,292,2027-09-27,True,0.0235242894309311,0.3187539033006049,6.523238300889663,-0.0006379873822048,-4.0659371951967536e-05,-4.991124732193365e-05,6.437637095052558e-05,0.9,6.0,-2.254396634681173,1.4865408832113332,True,575,292
2024-08-28,2026-05-15,426,2026-10-10,148,2027-09-27,True,0.0249202855204204,0.264554788558612,6.514050127410004,-0.0014636464566872,-5.137627196283957e-05,0.0001087683554436,0.0001202916309089,0.8038993542406461,6.04900289012263,2.012076818343269,1.617032171393642,True,425,148
2024-11-06,2026-05-15,376,2027-03-31,320,2027-09-27,True,0.0245361149768497,0.2263598727471028,6.581400091131698,-0.00082367126258,-5.77820982301971e-05,2.31878989734116e-05,6.226113984408967e-05,0.9,10.803311713379369,2.7599669397728626,1.102103670932587,True,375,320
2024-12-11,2026-05-15,351,2027-03-31,320,2027-09-27,True,0.0252708277922401,0.224153772794075,6.580624157306791,-0.0008207862512605,-4.263385785710271e-05,4.475109375866632e-05,6.180862584119293e-05,0.9,10.734231894822926,2.331970390848624,1.1134033432204922,True,350,320
2024-10-02,2026-05-15,401,2027-05-26,376,2027-09-27,True,0.0248976775509389,0.2485776333196419,8.609904207294287,-1.198079457577371,0.003037157556004,-0.0073030924163153,0.0079094554086381,0.1,11.95882936818309,-1.176681820972909,1.2666317512861385,True,400,376
